player_id,player,season,games,wins,draws,loses,wins_for_1,wins_for_2+
532,Claudio Pizarro,2018,35,12,7,16,4,8
3333,James Milner,2018,48,31,8,9,12,19
3333,James Milner,2019,52,42,6,4,19,23
3333,James Milner,2020,29,16,6,7,7,9
3333,James Milner,2021,41,24,7,10,6,18
3333,James Milner,2022,50,34,8,7,13,21
3333,James Milner,2023,25,12,6,7,6,6
3455,Zlatan Ibrahimović,2019,0,0,0,0,0,0
3455,Zlatan Ibrahimović,2020,31,20,8,3,6,14
3455,Zlatan Ibrahimović,2021,34,18,6,10,8,10
4018,Daniel Baier,2018,32,7,9,16,4,3
4018,Daniel Baier,2019,32,11,5,16,4,7
5017,Niklas Moisander,2018,30,13,8,9,6,7
5017,Niklas Moisander,2019,26,12,6,8,5,7
5303,Souleymane Camara,2018,33,12,14,7,7,5
5348,Florent Balmont,2019,36,8,9,19,6,2
5672,Étienne Didot,2018,35,6,11,18,3,3
5928,Sergio Pellissier,2018,39,7,12,20,7,0
5947,Daniele De Rossi,2018,33,18,6,9,6,12
6636,Christian Fuchs,2019,20,11,2,7,5,6
7101,Paolo Sammarco,2018,6,0,2,4,0,0
7663,Joaquín,2018,34,17,9,8,11,6
7663,Joaquín,2019,40,13,9,18,10,3
7663,Joaquín,2020,36,11,7,18,3,8
7663,Joaquín,2021,48,26,12,10,14,12
7663,Joaquín,2022,37,18,11,8,11,7
7971,Salomon Kalou,2018,33,12,12,9,5,7
7971,Salomon Kalou,2019,37,12,8,17,6,6
8198,Cristiano Ronaldo,2018,46,33,9,4,13,20
8198,Cristiano Ronaldo,2019,41,27,8,6,17,10
8198,Cristiano Ronaldo,2020,39,24,7,8,7,17
8198,Cristiano Ronaldo,2022,36,19,6,11,11,8
8806,Cesc Fàbregas,2019,28,12,9,7,5,7
8806,Cesc Fàbregas,2020,21,9,4,8,7,2
10003,Wes Morgan,2018,30,12,6,12,5,7
10003,Wes Morgan,2019,36,17,6,13,7,10
10503,Uwe Hünemeier,2019,16,4,3,9,2,2
11111,Ramiro Funes Mori,2018,24,6,12,6,2,4
11111,Ramiro Funes Mori,2020,31,16,8,7,6,10
11268,Oliver Fink,2018,7,4,1,2,2,2
12249,Éver Banega,2018,53,29,11,13,13,16
12249,Éver Banega,2019,39,19,7,13,12,7
12282,Daley Blind,2023,25,14,5,6,5,9
12282,Daley Blind,2024,7,3,1,3,1,2
12384,Alexander Tettey,2019,16,3,3,10,1,2
12563,Goran Pandev,2018,38,13,6,19,8,5
12563,Goran Pandev,2019,34,6,14,14,3,3
12563,Goran Pandev,2020,37,12,7,18,7,5
12563,Goran Pandev,2021,39,10,14,15,7,3
13507,Leighton Baines,2018,30,11,9,10,5,6
13572,Ben Foster,2019,40,10,11,19,5,5
13573,Simon Francis,2018,33,13,7,13,7,6
14086,Ashley Young,2018,45,26,6,13,14,12
14086,Ashley Young,2020,45,25,12,8,9,16
14086,Ashley Young,2021,45,27,6,12,12,15
14086,Ashley Young,2022,37,11,8,16,4,7
14086,Ashley Young,2023,23,13,4,6,7,6
14086,Ashley Young,2024,8,0,4,4,0,0
14221,Aaron Lennon,2018,38,10,11,17,7,3
14221,Aaron Lennon,2021,38,8,17,13,4,4
14533,Pirmin Schwegler,2018,29,5,8,16,2,3
14942,Darijo Srna,2018,16,5,7,4,4,1
15773,Phil Bardsley,2018,42,11,11,20,7,4
15773,Phil Bardsley,2019,27,10,5,12,5,5
15799,Santi Cazorla,2018,17,4,9,4,1,3
15799,Santi Cazorla,2019,43,17,12,14,8,9
15951,Dani Alves,2018,23,16,4,3,8,8
15951,Dani Alves,2021,0,0,0,0,0,0
15956,Jesús Navas,2018,44,24,9,11,9,15
15956,Jesús Navas,2019,40,18,8,14,10,8
15956,Jesús Navas,2020,47,24,14,9,13,11
15956,Jesús Navas,2021,41,22,10,9,12,10
15956,Jesús Navas,2022,41,11,16,14,6,5
15956,Jesús Navas,2023,33,18,6,9,8,10
15956,Jesús Navas,2024,10,3,3,4,3,0
16136,Dante,2018,38,14,10,14,10,4
16136,Dante,2019,31,14,8,9,7,7
16136,Dante,2020,19,8,7,4,5,3
16136,Dante,2021,18,9,4,5,5,4
16136,Dante,2022,33,15,8,10,11,4
16136,Dante,2023,22,10,7,5,5,5
16306,Casemiro,2018,46,27,9,10,7,20
16306,Casemiro,2019,45,25,11,9,10,15
16306,Casemiro,2020,43,30,5,8,13,17
16306,Casemiro,2021,52,35,11,6,16,19
16306,Casemiro,2023,27,16,5,5,8,8
16306,Casemiro,2024,9,7,0,2,4,3
16311,Rouwen Hennings,2018,19,7,3,9,3,4
16311,Rouwen Hennings,2019,36,14,5,17,7,7
16631,Ignazio Abate,2018,43,21,15,7,13,8
16831,Ken Reichel,2019,10,3,1,6,1,2
16873,Claudio Terzi,2020,14,4,5,5,0,4
16922,Kevin-Prince Boateng,2018,31,16,5,10,4,12
16922,Kevin-Prince Boateng,2019,29,10,10,9,4,6
16922,Kevin-Prince Boateng,2021,15,6,2,7,4,2
18644,Álvaro Negredo,2020,14,6,2,6,3,3
18644,Álvaro Negredo,2021,43,10,15,18,8,2
18644,Álvaro Negredo,2022,39,10,13,16,6,4
18900,Hatem Ben Arfa,2018,18,8,4,6,4,4
18900,Hatem Ben Arfa,2020,21,6,6,9,4,2
18900,Hatem Ben Arfa,2021,13,2,1,10,2,0
18909,Jimmy Briand,2018,41,11,14,16,6,5
18909,Jimmy Briand,2019,36,10,7,19,4,6
18909,Jimmy Briand,2020,23,8,7,8,4,4
18909,Jimmy Briand,2021,38,10,9,19,7,3
18918,Per Ciljan Skjelbred,2018,30,9,13,8,4,5
18922,Karim Benzema,2018,48,29,7,12,8,21
18922,Karim Benzema,2019,46,25,12,9,9,16
18922,Karim Benzema,2020,44,30,5,9,13,17
18922,Karim Benzema,2021,50,33,11,6,14,19
18922,Karim Benzema,2022,37,28,4,5,8,20
18934,Thomas Mangani,2018,32,9,11,12,6,3
18934,Thomas Mangani,2019,37,14,12,11,8,6
18934,Thomas Mangani,2020,23,9,5,9,5,4
18934,Thomas Mangani,2021,38,10,12,16,5,5
18944,Gerard Piqué,2018,50,33,12,5,8,25
18944,Gerard Piqué,2019,46,32,10,4,11,21
18944,Gerard Piqué,2020,34,18,7,9,8,10
18944,Gerard Piqué,2021,35,14,10,11,5,9
19112,Christian Gentner,2018,35,14,6,15,10,4
19112,Christian Gentner,2019,31,10,5,16,2,8
19305,Oscar Wendt,2018,30,15,6,9,2,13
19305,Oscar Wendt,2019,41,19,8,14,9,10
19305,Oscar Wendt,2020,38,17,11,10,5,12
19354,Dennis Aogo,2018,28,12,6,10,9,3
19447,Giampaolo Pazzini,2019,14,4,4,6,3,1
19819,Raffael,2018,21,10,5,6,1,9
19819,Raffael,2019,26,13,5,8,7,6
20005,Papu Gómez,2018,47,20,12,15,6,14
20005,Papu Gómez,2019,44,25,11,8,8,17
20005,Papu Gómez,2020,42,24,10,8,10,14
20005,Papu Gómez,2021,45,26,10,9,16,10
20005,Papu Gómez,2022,38,11,15,12,6,5
20007,Pablo Zabaleta,2018,38,14,9,15,3,11
20081,Gelson Fernandes,2018,42,22,5,15,8,14
20463,Corentin Jean,2018,34,8,11,15,8,0
20463,Corentin Jean,2020,15,8,3,4,5,3
20463,Corentin Jean,2021,34,10,14,10,6,4
20506,Andrés Guardado,2018,25,15,5,5,11,4
20506,Andrés Guardado,2019,37,13,6,18,10,3
20506,Andrés Guardado,2020,26,9,6,11,3,6
20506,Andrés Guardado,2021,46,27,10,9,14,13
20506,Andrés Guardado,2022,43,22,11,10,11,11
20778,Adam Bodzek,2019,28,9,5,14,4,5
21725,Filipe Luís,2018,31,22,6,3,7,15
21763,Federico Peluso,2018,29,6,13,10,4,2
21905,Valon Behrami,2018,28,6,7,15,4,2
21905,Valon Behrami,2019,5,1,2,2,0,1
21905,Valon Behrami,2020,36,10,8,18,5,5
22068,Franck Ribéry,2018,47,32,8,7,8,24
22068,Franck Ribéry,2019,27,15,6,6,7,8
22068,Franck Ribéry,2020,23,6,9,8,3,3
22068,Franck Ribéry,2021,30,6,8,16,4,2
22140,Domenico Maietta,2018,19,4,4,11,3,1
22210,Luca Rigoni,2018,36,13,6,17,9,4
22328,Fabio Quagliarella,2018,39,16,8,15,7,9
22328,Fabio Quagliarella,2019,38,12,6,20,7,5
22328,Fabio Quagliarella,2020,32,13,5,14,5,8
22328,Fabio Quagliarella,2021,44,17,10,17,9,8
22328,Fabio Quagliarella,2022,33,7,4,22,4,3
22386,Daniel Congré,2018,36,13,16,7,7,6
22386,Daniel Congré,2019,37,13,12,12,6,7
22386,Daniel Congré,2020,26,12,4,10,8,4
22390,Loïc Perrin,2018,31,14,11,6,6,8
23960,Jérémy Morel,2019,37,20,7,10,15,5
23960,Jérémy Morel,2020,19,4,5,10,1,3
25488,Antonio Candreva,2018,44,22,12,10,12,10
25488,Antonio Candreva,2019,47,26,10,11,13,13
25488,Antonio Candreva,2020,42,21,9,12,6,15
25488,Antonio Candreva,2021,45,17,10,18,9,8
25488,Antonio Candreva,2022,34,10,6,18,4,6
25488,Antonio Candreva,2023,20,5,9,6,3,2
25557,Sergio Ramos,2018,38,22,7,9,7,15
25557,Sergio Ramos,2019,35,20,10,5,7,13
25557,Sergio Ramos,2020,38,27,5,6,11,16
25557,Sergio Ramos,2021,9,4,2,3,2,2
25557,Sergio Ramos,2022,33,25,8,0,9,16
25557,Sergio Ramos,2023,21,12,2,7,4,8
26066,Iván Ramis,2018,24,7,8,9,4,3
26066,Iván Ramis,2019,26,8,9,9,5,3
26105,Valter Birsa,2018,36,7,12,17,7,0
26148,Juanjo Camacho,2018,3,0,1,2,0,0
26399,Sergio Agüero,2018,38,26,4,8,4,22
26399,Sergio Agüero,2019,45,37,2,6,12,25
26399,Sergio Agüero,2020,23,17,3,3,8,9
26485,Jérôme Boateng,2018,40,30,6,4,6,24
26485,Jérôme Boateng,2020,46,40,5,1,14,26
26485,Jérôme Boateng,2021,43,26,8,9,9,17
27374,Sidnei,2018,29,10,12,7,7,3
27374,Sidnei,2019,30,10,6,14,7,3
27389,Kévin Gameiro,2018,47,25,11,11,10,15
27389,Kévin Gameiro,2019,45,22,13,10,10,12
27389,Kévin Gameiro,2020,34,10,8,16,7,3
27389,Kévin Gameiro,2021,35,11,10,14,3,8
27389,Kévin Gameiro,2022,35,10,15,10,7,3
27389,Kévin Gameiro,2023,19,7,5,7,2,5
27511,Gary Cahill,2019,19,8,5,6,5,3
27511,Gary Cahill,2020,21,6,4,11,3,3
28003,Lionel Messi,2018,44,29,11,4,7,22
28003,Lionel Messi,2019,43,31,9,3,11,20
28003,Lionel Messi,2020,44,25,8,11,11,14
28003,Lionel Messi,2021,45,28,9,8,11,17
28003,Lionel Messi,2022,36,28,5,3,10,18
28335,Christophe Jallet,2018,14,8,1,5,7,1
28335,Christophe Jallet,2019,23,7,4,12,6,1
28947,Gonzalo Castro,2018,37,11,9,17,8,3
28947,Gonzalo Castro,2020,15,5,6,4,3,2
28947,Gonzalo Castro,2021,17,7,2,8,3,4
28984,Sol Bamba,2018,20,5,3,12,4,1
29124,Aritz Aduriz,2018,33,7,13,13,2,5
29260,Giorgio Chiellini,2018,51,41,6,4,19,22
29260,Giorgio Chiellini,2019,21,13,3,5,7,6
29401,Sami Khedira,2018,38,31,4,3,14,17
29401,Sami Khedira,2019,28,20,5,3,14,6
29434,Yohan Cabaye,2019,10,4,2,4,4,0
29594,Graziano Pellè,2020,0,0,0,0,0,0
29605,Daniel Ciofani,2018,16,1,6,9,0,1
29605,Daniel Ciofani,2022,16,1,7,8,1,0
29962,Daniele Dessena,2018,35,10,11,14,8,2
29962,Daniele Dessena,2019,6,1,1,4,1,0
29975,Andrew Surman,2018,39,14,9,16,8,6
29993,Sven Bender,2018,35,18,5,12,7,11
29993,Sven Bender,2019,42,21,7,14,7,14
29993,Sven Bender,2020,37,25,5,6,10,15
30059,Lars Bender,2018,32,19,4,9,8,11
30059,Lars Bender,2019,27,13,4,10,4,9
30638,Sergio Floccari,2018,35,6,13,16,2,4
30638,Sergio Floccari,2019,37,12,7,18,8,4
30677,Gustavo Cabral,2018,32,10,11,11,5,5
31041,Fabian Johnson,2018,17,9,4,4,1,8
31599,Norman Theuerkauf,2023,0,0,0,0,0,0
31909,Toni Kroos,2018,42,23,9,10,8,15
31909,Toni Kroos,2019,41,21,11,9,8,13
31909,Toni Kroos,2020,46,30,6,10,12,18
31909,Toni Kroos,2021,42,27,9,6,12,15
31909,Toni Kroos,2022,50,35,7,8,13,22
31909,Toni Kroos,2023,35,20,5,10,7,13
32113,Armando Izzo,2018,24,7,9,8,4,3
32113,Armando Izzo,2019,41,19,9,13,11,8
32113,Armando Izzo,2020,27,6,6,15,2,4
32113,Armando Izzo,2022,25,10,7,8,4,6
32113,Armando Izzo,2023,23,9,9,5,6,3
32113,Armando Izzo,2024,8,5,2,1,3,2
32711,Patrick Herrmann,2018,30,13,6,11,3,10
32711,Patrick Herrmann,2019,40,18,8,14,9,9
32711,Patrick Herrmann,2020,37,17,10,10,5,12
32711,Patrick Herrmann,2021,44,17,8,19,8,9
32711,Patrick Herrmann,2022,34,13,9,12,3,10
33218,Luca Cigarini,2018,31,9,11,11,7,2
33218,Luca Cigarini,2019,38,16,8,14,10,6
33218,Luca Cigarini,2020,22,1,8,13,0,1
33571,Lorenzo De Silvestri,2018,39,15,14,10,6,9
33571,Lorenzo De Silvestri,2019,41,18,9,14,10,8
33571,Lorenzo De Silvestri,2020,36,11,5,20,5,6
33571,Lorenzo De Silvestri,2021,39,13,10,16,6,7
33571,Lorenzo De Silvestri,2022,32,10,10,12,8,2
33713,Theo Walcott,2018,37,13,10,14,6,7
33713,Theo Walcott,2019,34,14,5,15,6,8
33713,Theo Walcott,2022,23,8,2,11,5,3
33923,Blaise Matuidi,2018,48,40,4,4,18,22
33923,Blaise Matuidi,2019,48,32,9,7,20,12
34322,Sokratis Papastathopoulos,2018,41,21,13,7,11,10
34322,Sokratis Papastathopoulos,2019,42,17,12,13,5,12
34322,Sokratis Papastathopoulos,2023,12,7,4,1,3,4
34344,Cristián Zapata,2018,47,23,14,10,15,8
34344,Cristián Zapata,2019,29,10,6,13,5,5
34344,Cristián Zapata,2020,28,10,6,12,5,5
34691,Stephen Ward,2018,23,7,7,9,5,2
34787,Julian Baumgartlinger,2019,42,22,6,14,7,15
34787,Julian Baumgartlinger,2020,43,27,6,8,7,20
35047,Axel Witsel,2018,24,18,4,2,10,8
35047,Axel Witsel,2019,40,21,10,9,8,13
35047,Axel Witsel,2020,40,25,2,13,8,17
35047,Axel Witsel,2021,28,18,1,9,6,12
35047,Axel Witsel,2023,26,17,5,4,8,9
35416,David McGoldrick,2019,18,6,7,5,4,2
35416,David McGoldrick,2020,30,6,5,19,4,2
35564,Fernando Llorente,2018,38,24,8,6,11,13
35564,Fernando Llorente,2019,47,20,11,16,10,10
35743,Fabio Ceravolo,2018,20,7,4,9,5,2
35747,Simone Missiroli,2018,37,9,12,16,6,3
35747,Simone Missiroli,2019,35,12,7,16,8,4
35939,Ezequiel Garay,2018,31,14,8,9,10,4
36207,Fin Bartels,2019,5,2,0,3,0,2
36284,Simon Terodde,2019,19,6,2,11,3,3
36284,Simon Terodde,2022,16,2,3,11,1,1
37304,Shane Long,2018,32,9,8,15,6,3
37304,Shane Long,2019,31,9,10,12,6,3
37304,Shane Long,2021,20,7,5,8,6,1
37647,Dimitri Payet,2018,48,23,9,16,8,15
37647,Dimitri Payet,2019,32,18,7,7,10,8
37647,Dimitri Payet,2020,24,9,6,9,6,3
37647,Dimitri Payet,2021,43,17,16,10,9,8
37647,Dimitri Payet,2022,36,20,4,12,10,10
37666,Arturo Vidal,2018,31,22,6,3,5,17
37666,Arturo Vidal,2019,49,34,11,4,12,22
37666,Arturo Vidal,2020,41,22,10,9,11,11
37666,Arturo Vidal,2021,36,27,5,4,9,18
37712,Daniel Carriço,2018,33,19,8,6,8,11
37834,Felipe Caicedo,2018,47,22,11,14,8,14
37834,Felipe Caicedo,2019,47,26,6,15,13,13
37834,Felipe Caicedo,2020,41,20,10,11,11,9
37917,Nabil El Zhar,2018,35,10,10,15,8,2
38094,Lee Peltier,2018,14,4,2,8,4,0
38145,Adrian Mariappa,2018,38,12,8,18,6,6
38410,Daniel Caligiuri,2018,43,21,7,15,11,10
38410,Daniel Caligiuri,2019,35,13,11,11,7,6
38410,Daniel Caligiuri,2020,27,7,7,13,2,5
38410,Daniel Caligiuri,2021,38,10,8,20,6,4
38410,Daniel Caligiuri,2022,32,10,5,17,7,3
38607,Federico Di Francesco,2018,39,12,10,17,3,9
38607,Federico Di Francesco,2019,28,6,10,12,3,3
38607,Federico Di Francesco,2021,17,7,3,7,3,4
38607,Federico Di Francesco,2022,31,5,12,14,4,1
39025,Danny Latza,2018,24,6,7,11,3,3
39025,Danny Latza,2019,27,11,1,15,4,7
39025,Danny Latza,2020,28,6,6,16,0,6
39025,Danny Latza,2022,16,2,3,11,1,1
39094,Sebastian Langkamp,2018,35,14,9,12,5,9
39106,Ádám Szalai,2018,40,14,15,11,1,13
39106,Ádám Szalai,2019,33,13,5,15,5,8
39106,Ádám Szalai,2020,18,6,4,8,0,6
39106,Ádám Szalai,2021,33,16,9,8,12,4
39152,Radamel Falcao,2018,33,10,6,17,5,5
39152,Radamel Falcao,2021,28,14,6,8,5,9
39152,Radamel Falcao,2022,32,10,8,14,7,3
39152,Radamel Falcao,2023,20,5,5,10,4,1
39153,Gonzalo Higuaín,2018,45,28,9,8,13,15
39153,Gonzalo Higuaín,2019,50,33,9,8,18,15
39381,Gareth Bale,2018,46,28,8,10,6,22
39381,Gareth Bale,2019,32,15,10,7,6,9
39381,Gareth Bale,2020,31,23,4,4,9,14
39381,Gareth Bale,2021,32,18,4,10,3,15
39426,Nicolai Müller,2018,24,15,2,7,6,9
39690,Danilo Soddimo,2018,17,1,6,10,0,1
39828,Antonino Barillà,2018,19,7,3,9,5,2
39828,Antonino Barillà,2019,35,11,11,13,7,4
39909,Sylvain Marveaux,2020,14,2,2,10,0,2
40074,Stefan Ilsanker,2020,35,12,12,11,4,8
40372,Borja Valero,2018,44,22,12,10,12,10
40372,Borja Valero,2019,43,25,10,8,12,13
40433,Alexis Sánchez,2018,35,21,7,7,13,8
40433,Alexis Sánchez,2019,24,14,5,5,6,8
40433,Alexis Sánchez,2020,45,25,12,8,7,18
40433,Alexis Sánchez,2021,45,32,9,4,11,21
40433,Alexis Sánchez,2022,46,28,8,10,12,16
40433,Alexis Sánchez,2023,22,12,4,6,6,6
40605,Enrico Valentini,2018,8,3,2,3,1,2
40611,Ryan Bertrand,2018,34,8,12,14,6,2
40611,Ryan Bertrand,2019,29,9,6,14,5,4
40611,Ryan Bertrand,2020,35,15,9,11,6,9
40613,Jack Cork,2018,43,11,11,21,7,4
40613,Jack Cork,2019,38,14,7,17,6,8
40613,Jack Cork,2021,39,8,12,19,3,5
40660,Alessandro Matri,2018,39,13,14,12,7,6
40888,Beñat Etxebarria,2018,36,7,12,17,2,5
40888,Beñat Etxebarria,2019,29,13,10,6,7,6
41414,Lucas Leiva,2018,42,22,9,11,8,14
41414,Lucas Leiva,2019,43,24,6,13,11,13
41414,Lucas Leiva,2020,27,14,5,8,7,7
41416,James McArthur,2018,38,12,8,18,7,5
41416,James McArthur,2019,39,17,9,13,8,9
41416,James McArthur,2021,16,4,7,5,0,4
41541,Danny Blum,2021,9,5,1,3,3,2
42033,Philipp Bargfrede,2018,25,11,7,7,5,6
42072,Tobias Kempe,2023,1,0,0,1,0,0
42412,Jonny Evans,2019,37,19,6,12,8,11
42412,Jonny Evans,2020,36,15,8,13,5,10
42412,Jonny Evans,2021,39,20,9,10,8,12
42783,André Hahn,2018,26,5,9,12,4,1
42783,André Hahn,2019,32,10,6,16,3,7
42783,André Hahn,2020,21,6,5,10,2,4
42783,André Hahn,2021,39,11,8,20,6,5
42783,André Hahn,2022,24,11,1,12,7,4
42920,Fran Mérida,2019,18,5,8,5,2,3
42936,Nils Petersen,2018,32,10,9,13,5,5
42936,Nils Petersen,2019,31,11,10,10,6,5
42936,Nils Petersen,2020,32,11,9,12,6,5
42936,Nils Petersen,2021,31,13,8,10,6,7
42936,Nils Petersen,2022,43,25,9,9,12,13
43003,Nacho Monreal,2018,31,21,2,8,6,15
43003,Nacho Monreal,2020,44,19,11,13,11,8
43256,Paul Baysse,2020,16,6,3,7,2,4
43530,Adam Lallana,2018,28,22,2,4,7,15
43530,Adam Lallana,2019,40,30,7,3,17,13
43530,Adam Lallana,2020,25,11,7,7,6,5
43530,Adam Lallana,2021,36,10,15,11,7,3
43530,Adam Lallana,2022,32,12,8,11,5,7
43530,Adam Lallana,2023,4,3,1,0,0,3
43763,Erik Pieters,2018,14,2,7,5,1,1
43763,Erik Pieters,2019,36,11,12,13,7,4
43763,Erik Pieters,2020,31,13,9,9,9,4
43984,Daniel Brosinski,2018,34,11,9,14,6,5
43984,Daniel Brosinski,2019,34,12,1,21,5,7
43984,Daniel Brosinski,2020,32,7,7,18,0,7
44045,Kévin Monnet-Paquet,2018,37,18,11,8,9,9
44065,Esteban Granero,2018,34,11,9,14,7,4
44065,Esteban Granero,2019,47,17,13,17,6,11
44136,Domenico Criscito,2018,31,11,9,11,6,5
44136,Domenico Criscito,2019,32,6,13,13,3,3
44136,Domenico Criscito,2020,23,9,4,10,7,2
44412,Bruno Soriano,2019,0,0,0,0,0,0
44421,Cédric Avinel,2022,13,2,2,9,2,0
44466,Sebastian Rode,2018,0,0,0,0,0,0
44466,Sebastian Rode,2019,42,18,10,14,9,9
44466,Sebastian Rode,2020,34,13,10,11,6,7
44466,Sebastian Rode,2021,30,18,5,7,8,10
44466,Sebastian Rode,2022,40,18,11,11,11,7
44686,Yannick Cahuzac,2020,15,8,2,5,5,3
44741,Beram Kayal,2018,41,14,10,17,10,4
44948,Fernando Forestieri,2020,13,4,1,8,2,2
44948,Fernando Forestieri,2021,33,8,10,15,3,5
44983,Dan Gosling,2018,30,12,9,9,7,5
44983,Dan Gosling,2019,23,4,4,15,1,3
44983,Dan Gosling,2021,11,4,0,7,1,3
45121,Loïc Rémy,2018,24,13,3,8,8,5
45121,Loïc Rémy,2019,39,19,9,11,10,9
45314,Federico Fazio,2018,50,24,11,15,8,16
45314,Federico Fazio,2019,42,22,13,7,10,12
45314,Federico Fazio,2020,33,18,5,10,8,10
45314,Federico Fazio,2021,15,4,3,8,3,1
45314,Federico Fazio,2022,27,7,13,7,5,2
45314,Federico Fazio,2023,5,0,3,2,0,0
45319,Gabriel Mercado,2018,39,18,11,10,10,8
45383,Adrián López,2019,22,10,6,6,2,8
45383,Adrián López,2020,32,11,9,12,7,4
45389,Samuel Di Carmine,2019,10,2,2,6,2,0
45389,Samuel Di Carmine,2020,32,12,11,9,6,6
45403,André Ayew,2022,0,0,0,0,0,0
45403,André Ayew,2023,18,4,5,9,3,1
45403,André Ayew,2024,8,1,2,5,1,0
45565,Luca Antonelli,2018,33,12,10,11,8,4
45567,Jonathan Biabiany,2018,15,5,4,6,4,1
45581,Joel Obi,2018,29,8,11,10,3,5
45581,Joel Obi,2021,19,3,2,14,2,1
45599,Emiliano Insúa,2018,33,13,6,14,10,3
45662,Alexander Esswein,2018,13,2,5,6,0,2
45662,Alexander Esswein,2019,22,6,6,10,2,4
45693,Glenn Murray,2018,40,13,10,17,10,3
45693,Glenn Murray,2019,43,11,11,21,5,6
46001,Moussa Sissoko,2018,48,31,9,8,13,18
46001,Moussa Sissoko,2019,47,22,8,17,10,12
46001,Moussa Sissoko,2020,33,19,8,6,6,13
46001,Moussa Sissoko,2021,44,19,4,21,3,16
46001,Moussa Sissoko,2022,40,6,10,24,4,2
46001,Moussa Sissoko,2023,23,5,8,10,3,2
46156,Aleksandar Kolarov,2018,48,23,11,14,8,15
46156,Aleksandar Kolarov,2019,43,22,14,7,10,12
46156,Aleksandar Kolarov,2020,39,19,8,12,11,8
46413,Ante Budimir,2019,18,4,3,11,2,2
46413,Ante Budimir,2020,27,6,6,15,3,3
46413,Ante Budimir,2021,35,12,12,11,6,6
46413,Ante Budimir,2022,37,15,6,16,8,7
46413,Ante Budimir,2023,28,12,7,9,9,3
46413,Ante Budimir,2024,11,4,2,5,3,1
46552,Kamil Glik,2018,38,12,11,15,5,7
46552,Kamil Glik,2020,25,8,6,11,6,2
46741,David Luiz,2018,27,15,7,5,5,10
46741,David Luiz,2019,53,24,16,13,11,13
46741,David Luiz,2020,36,20,6,10,12,8
46972,Teemu Pukki,2019,21,3,4,14,1,2
46972,Teemu Pukki,2021,19,3,4,12,2,1
47085,Nenad Tomović,2018,26,6,7,13,6,0
47085,Nenad Tomović,2019,30,6,5,19,4,2
47285,Ibrahima Traoré,2018,21,12,3,6,2,10
47893,William Vainqueur,2019,20,4,3,13,3,1
48002,Angelo Ogbonna,2018,38,15,10,13,4,11
48002,Angelo Ogbonna,2019,38,13,8,17,5,8
48002,Angelo Ogbonna,2020,36,12,10,14,5,7
48002,Angelo Ogbonna,2021,31,19,5,7,9,10
48066,Andy Carroll,2018,16,8,3,5,3,5
48066,Andy Carroll,2019,23,9,4,10,6,3
48066,Andy Carroll,2020,24,7,8,9,2,5
48081,Christian Strohdiek,2019,21,5,3,13,2,3
48280,Edinson Cavani,2018,35,24,7,4,7,17
48280,Edinson Cavani,2019,25,18,2,5,5,13
48280,Edinson Cavani,2020,22,14,4,4,5,9
48280,Edinson Cavani,2021,35,17,10,8,8,9
48280,Edinson Cavani,2022,18,6,5,7,4,2
48298,Lars Stindl,2018,25,10,6,9,2,8
48298,Lars Stindl,2019,27,13,5,9,7,6
48298,Lars Stindl,2020,38,17,11,10,5,12
48298,Lars Stindl,2021,39,15,8,16,8,7
48298,Lars Stindl,2022,27,12,6,9,2,10
49239,Guido Burgstaller,2018,38,18,7,13,9,9
49239,Guido Burgstaller,2019,32,11,10,11,6,5
49275,Albin Ekdal,2018,28,13,6,9,6,7
49275,Albin Ekdal,2019,33,10,6,17,5,5
49275,Albin Ekdal,2020,33,14,4,15,6,8
49275,Albin Ekdal,2021,36,12,8,16,5,7
49275,Albin Ekdal,2022,28,8,4,16,4,4
49499,Georginio Wijnaldum,2018,48,32,7,9,12,20
49499,Georginio Wijnaldum,2019,50,40,6,4,17,23
49499,Georginio Wijnaldum,2020,44,27,9,8,11,16
49499,Georginio Wijnaldum,2021,52,30,9,13,10,20
49499,Georginio Wijnaldum,2022,20,12,4,4,4,8
49501,Elias Kachunga,2018,15,1,3,11,0,1
49542,Billy Sharp,2019,19,6,8,5,4,2
49542,Billy Sharp,2020,35,10,6,19,7,3
49723,Timothy Chandler,2019,35,16,5,14,10,6
49723,Timothy Chandler,2020,37,15,11,11,6,9
49723,Timothy Chandler,2021,42,22,12,8,10,12
49755,Dale Stephens,2018,33,11,9,13,8,3
49755,Dale Stephens,2019,40,11,9,20,6,5
50174,Danny Rose,2018,33,22,3,8,9,13
50174,Danny Rose,2021,15,3,1,11,1,2
50201,Christian Benteke,2018,20,8,3,9,4,4
50201,Christian Benteke,2019,37,15,8,14,6,9
50201,Christian Benteke,2020,22,7,4,11,4,3
50201,Christian Benteke,2021,40,12,12,16,5,7
50202,Eden Hazard,2018,45,26,9,10,14,12
50202,Eden Hazard,2019,43,26,10,7,10,16
50202,Eden Hazard,2020,19,12,4,3,5,7
50202,Eden Hazard,2021,35,21,8,6,11,10
50362,Fabian Delph,2018,29,17,3,9,4,13
50512,Anthony Modeste,2019,19,6,2,11,3,3
50512,Anthony Modeste,2021,33,13,10,10,6,7
50512,Anthony Modeste,2022,37,18,7,12,8,10
50617,Stefan Strandberg,2021,24,6,5,13,4,2
51046,Héctor Moreno,2018,29,8,8,13,4,4
51118,Adil Rami,2018,40,20,7,13,6,14
51118,Adil Rami,2021,23,6,6,11,5,1
51118,Adil Rami,2022,22,4,8,10,2,2
51152,Aleksandar Mitrović,2018,20,3,5,12,2,1
51152,Aleksandar Mitrović,2020,14,2,4,8,1,1
51152,Aleksandar Mitrović,2022,16,8,4,4,6,2
51186,Nicolás Spolli,2018,27,11,4,12,7,4
51325,Georg Margreitter,2018,19,4,5,10,1,3
51510,Ángel Rodríguez,2018,33,12,11,10,8,4
51510,Ángel Rodríguez,2019,46,22,13,11,12,10
51510,Ángel Rodríguez,2020,38,11,10,17,6,5
51510,Ángel Rodríguez,2021,39,10,12,17,5,5
51510,Ángel Rodríguez,2022,36,14,3,19,11,3
51663,Pedro Alcalá,2018,17,5,6,6,4,1
51667,Kiko Olivas,2018,10,4,3,3,4,0
51667,Kiko Olivas,2019,37,9,13,15,6,3
52348,Benjamin Hübner,2018,19,6,9,4,0,6
52348,Benjamin Hübner,2019,23,14,3,6,6,8
52348,Benjamin Hübner,2021,6,4,2,0,2,2
52495,Chris Basham,2020,38,10,6,22,7,3
53400,Dominick Drexler,2019,17,5,1,11,3,2
53400,Dominick Drexler,2020,31,9,8,14,4,5
53400,Dominick Drexler,2022,14,3,1,10,1,2
53418,Kevin Kampl,2018,46,24,10,12,8,16
53418,Kevin Kampl,2019,23,17,4,2,7,10
53418,Kevin Kampl,2020,32,19,8,5,8,11
53418,Kevin Kampl,2021,47,22,9,16,10,12
53418,Kevin Kampl,2022,46,27,9,10,4,23
53418,Kevin Kampl,2023,23,14,3,6,6,8
53418,Kevin Kampl,2024,11,5,2,4,0,5
53437,Bastian Oczipka,2018,24,13,5,6,7,6
53437,Bastian Oczipka,2019,39,14,12,13,8,6
53437,Bastian Oczipka,2021,33,8,6,19,4,4
53536,Tolgay Arslan,2020,26,9,7,10,5,4
53536,Tolgay Arslan,2021,42,12,15,15,5,7
53536,Tolgay Arslan,2022,34,13,12,9,5,8
53622,İlkay Gündoğan,2018,43,30,3,10,6,24
53622,İlkay Gündoğan,2020,42,29,6,7,11,18
54137,Caiuby,2018,32,8,10,14,4,4
54235,Iker Muniain,2018,22,3,9,10,1,2
54235,Iker Muniain,2019,33,16,9,8,10,6
54235,Iker Muniain,2020,40,16,7,17,8,8
54235,Iker Muniain,2021,40,14,16,10,11,3
54235,Iker Muniain,2022,40,20,9,11,9,11
54235,Iker Muniain,2023,24,9,5,10,4,5
54383,John Fleck,2019,17,6,7,4,3,3
54383,John Fleck,2020,27,5,3,19,5,0
54581,Ilija Nestorovski,2019,19,7,3,9,4,3
54581,Ilija Nestorovski,2020,35,11,9,15,7,4
54581,Ilija Nestorovski,2021,29,8,11,10,4,4
54581,Ilija Nestorovski,2022,37,14,12,11,6,8
54846,Fabian Holland,2023,1,0,0,1,0,0
54928,Diego Godín,2018,44,29,7,8,12,17
54928,Diego Godín,2019,42,26,7,9,13,13
54928,Diego Godín,2020,37,20,8,9,6,14
54984,Diego Perotti,2018,26,12,5,9,4,8
54984,Diego Perotti,2019,28,15,7,6,7,8
54984,Diego Perotti,2021,0,0,0,0,0,0
55099,Nicolas Höfler,2018,24,6,6,12,2,4
55099,Nicolas Höfler,2019,24,9,6,9,5,4
55099,Nicolas Höfler,2020,31,10,9,12,5,5
55099,Nicolas Höfler,2021,36,18,7,11,9,9
55099,Nicolas Höfler,2022,42,25,8,9,12,13
55099,Nicolas Höfler,2023,22,9,5,8,5,4
55114,Oliver Sorg,2018,29,5,7,17,3,2
55125,Chris Löwe,2018,30,3,9,18,2,1
55215,Javier Pastore,2018,30,13,8,9,4,9
55215,Javier Pastore,2019,33,17,11,5,10,7
55215,Javier Pastore,2021,32,9,7,16,5,4
55338,Willian,2018,0,0,0,0,0,0
55338,Willian,2019,0,0,0,0,0,0
55338,Willian,2020,0,0,0,0,0,0
55338,Willian,2022,0,0,0,0,0,0
55338,Willian,2023,0,0,0,0,0,0
55735,Henrikh Mkhitaryan,2018,40,24,5,11,7,17
55735,Henrikh Mkhitaryan,2020,38,22,6,10,10,12
55735,Henrikh Mkhitaryan,2021,48,25,7,16,10,15
55735,Henrikh Mkhitaryan,2022,34,20,4,10,11,9
55735,Henrikh Mkhitaryan,2023,32,19,6,7,10,9
55735,Henrikh Mkhitaryan,2024,13,11,1,1,6,5
55742,Harry Arter,2018,26,7,5,14,5,2
55769,Danilo D'Ambrosio,2018,42,21,11,10,12,9
55769,Danilo D'Ambrosio,2019,41,21,10,10,10,11
55769,Danilo D'Ambrosio,2020,45,27,10,8,10,17
55769,Danilo D'Ambrosio,2021,45,31,8,6,8,23
55769,Danilo D'Ambrosio,2022,44,27,7,10,11,16
55769,Danilo D'Ambrosio,2023,33,21,5,7,12,9
55769,Danilo D'Ambrosio,2024,5,3,1,1,1,2
55854,Cristian Ansaldi,2018,29,12,10,7,4,8
55854,Cristian Ansaldi,2019,38,18,10,10,10,8
55854,Cristian Ansaldi,2020,28,6,6,16,2,4
55854,Cristian Ansaldi,2021,37,10,14,13,8,2
56067,Pablo Piatti,2018,28,10,7,11,7,3
56067,Pablo Piatti,2020,1,0,0,1,0,0
56067,Pablo Piatti,2021,24,8,6,10,4,4
56703,Simone Padoin,2018,39,11,11,17,9,2
56762,Pasquale Schiattarella,2018,35,9,11,15,4,5
56762,Pasquale Schiattarella,2020,13,4,2,7,3,1
56794,Fabien Lemoine,2020,17,3,3,11,0,3
56820,Jérémy Sorbon,2018,35,7,10,18,3,4
56830,Sebastien De Maio,2019,37,12,8,17,8,4
56912,Levan Mchedlidze,2018,12,3,3,6,2,1
57051,Sebastian Rudy,2018,45,26,7,12,5,21
57051,Sebastian Rudy,2019,39,14,9,16,8,6
57051,Sebastian Rudy,2021,34,13,9,12,5,8
57051,Sebastian Rudy,2022,29,11,5,13,4,7
57091,Hanno Behrens,2018,15,4,5,6,1,3
57216,Ismaël Traoré,2018,34,9,12,13,5,4
57216,Ismaël Traoré,2020,25,10,5,10,6,4
57216,Ismaël Traoré,2021,36,9,11,16,5,4
57216,Ismaël Traoré,2023,0,0,0,0,0,0
57280,Giacomo Bonaventura,2018,36,18,10,8,10,8
57280,Giacomo Bonaventura,2019,15,6,2,7,6,0
57280,Giacomo Bonaventura,2020,39,19,13,7,7,12
57280,Giacomo Bonaventura,2021,43,18,9,16,10,8
57280,Giacomo Bonaventura,2022,31,12,5,14,6,6
57280,Giacomo Bonaventura,2023,24,12,6,6,7,5
57370,Damien Da Silva,2018,39,11,10,18,6,5
57370,Damien Da Silva,2019,45,19,11,15,10,9
57370,Damien Da Silva,2020,31,14,5,12,9,5
57370,Damien Da Silva,2021,38,14,12,12,6,8
57372,Lucas Deaux,2018,20,3,6,11,2,1
57372,Lucas Deaux,2019,25,5,10,10,4,1
57372,Lucas Deaux,2020,17,5,1,11,1,4
57420,Lamine Koné,2018,16,5,7,4,1,4
57420,Lamine Koné,2019,36,14,8,14,10,4
57420,Lamine Koné,2020,14,3,2,9,0,3
57467,Romain Thomas,2019,38,13,13,12,7,6
57467,Romain Thomas,2020,23,10,5,8,6,4
57467,Romain Thomas,2021,39,10,12,17,5,5
57482,Mohamed Youssouf,2022,16,4,3,9,3,1
57500,César Azpilicueta,2018,46,26,9,11,14,12
57500,César Azpilicueta,2019,56,31,10,15,15,16
57500,César Azpilicueta,2020,47,25,11,11,8,17
57500,César Azpilicueta,2021,62,39,13,10,17,22
57500,César Azpilicueta,2022,46,24,9,12,13,11
57500,César Azpilicueta,2023,20,2,6,12,1,1
57598,Klaus Gjasula,2019,20,5,3,12,2,3
57598,Klaus Gjasula,2023,0,0,0,0,0,0
57825,Jorge Molina,2018,32,12,10,10,8,4
57825,Jorge Molina,2019,44,21,12,11,11,10
57825,Jorge Molina,2020,47,20,11,16,9,11
57825,Jorge Molina,2021,52,17,10,25,9,8
57842,Christopher Schindler,2018,39,5,9,25,3,2
57845,Tobias Strobl,2018,24,13,4,7,1,12
57845,Tobias Strobl,2020,25,10,6,9,3,7
57845,Tobias Strobl,2021,29,8,3,18,5,3
57935,Álvaro Giménez,2020,16,6,5,5,4,2
57995,Daniel Didavi,2018,25,6,5,14,4,2
57995,Daniel Didavi,2020,13,4,6,3,2,2
57995,Daniel Didavi,2021,35,11,7,17,4,7
58124,Julian Schieber,2018,7,1,2,4,1,0
58178,David Abraham,2018,28,13,3,12,5,8
58178,David Abraham,2019,37,17,6,14,8,9
58178,David Abraham,2020,34,14,11,9,6,8
58330,Víctor Díaz,2019,17,7,3,7,3,4
58330,Víctor Díaz,2020,34,20,6,8,12,8
58330,Víctor Díaz,2021,43,13,9,21,7,6
58345,Jonathas,2018,5,0,0,5,0,0
58358,Thomas Müller,2018,52,37,8,7,8,29
58358,Thomas Müller,2019,47,35,6,6,10,25
58358,Thomas Müller,2020,47,41,5,1,15,26
58358,Thomas Müller,2021,50,40,3,7,13,27
58358,Thomas Müller,2022,34,21,9,4,2,19
58358,Thomas Müller,2023,25,14,5,6,5,9
58358,Thomas Müller,2024,12,7,1,4,3,4
58396,Christian Groß,2020,28,10,6,12,6,4
58396,Christian Groß,2022,14,7,2,5,5,2
58396,Christian Groß,2023,14,4,2,8,1,3
58500,Alfredo Morales,2018,15,3,3,9,1,2
58500,Alfredo Morales,2019,29,10,4,15,5,5
58799,Salva Sevilla,2019,18,4,3,11,3,1
58799,Salva Sevilla,2021,16,4,6,6,3,1
58864,Pierre-Emerick Aubameyang,2018,37,20,7,10,7,13
58864,Pierre-Emerick Aubameyang,2019,50,22,12,16,7,15
58864,Pierre-Emerick Aubameyang,2020,40,23,5,12,13,10
58864,Pierre-Emerick Aubameyang,2021,39,20,8,11,6,14
58864,Pierre-Emerick Aubameyang,2023,11,2,2,7,2,0
58874,Ignacio Camacho,2018,8,3,4,1,1,2
58995,Anthony Jung,2022,17,7,3,7,5,2
58995,Anthony Jung,2023,19,4,3,12,1,3
59016,David Alaba,2018,42,30,7,5,6,24
59016,David Alaba,2019,39,28,5,6,9,19
59016,David Alaba,2020,44,38,5,1,16,22
59016,David Alaba,2021,50,36,7,7,17,19
59016,David Alaba,2022,46,33,5,8,11,22
59323,Cristhian Stuani,2018,29,9,8,12,3,6
59323,Cristhian Stuani,2022,15,4,4,7,3,1
59323,Cristhian Stuani,2023,21,8,5,8,5,3
59323,Cristhian Stuani,2024,10,4,1,5,1,3
59340,Iago Falque,2018,37,16,13,8,7,9
59340,Iago Falque,2019,23,10,5,8,5,5
59340,Iago Falque,2020,23,7,3,13,5,2
59344,Asier Illarramendi,2018,33,9,6,18,3,6
59344,Asier Illarramendi,2022,44,24,8,12,15,9
59375,David Zurutuza,2018,31,10,6,15,4,6
59551,Ángel Montoro,2019,11,4,3,4,1,3
59551,Ángel Montoro,2020,19,13,3,3,7,6
59551,Ángel Montoro,2021,42,10,10,22,5,5
59606,Craig Cathcart,2018,28,9,6,13,4,5
59606,Craig Cathcart,2019,39,12,9,18,6,6
59699,Simone Iacoponi,2018,20,7,4,9,5,2
59699,Simone Iacoponi,2019,38,12,11,15,8,4
59699,Simone Iacoponi,2020,35,9,9,17,5,4
60028,Edgar Prib,2018,0,0,0,0,0,0
60394,Philipp Klement,2020,15,6,6,3,3,3
60394,Philipp Klement,2021,30,9,5,16,4,5
60444,Thiago Alcántara,2018,38,27,6,5,7,20
60444,Thiago Alcántara,2019,46,33,7,6,10,23
60444,Thiago Alcántara,2020,22,19,3,0,5,14
60444,Thiago Alcántara,2021,42,26,5,11,6,20
60444,Thiago Alcántara,2022,43,32,5,5,13,19
60525,Yoann Court,2019,14,3,6,5,1,2
60540,Valère Germain,2018,50,24,10,16,9,15
60540,Valère Germain,2019,40,21,9,10,12,9
60540,Valère Germain,2020,30,14,7,9,10,4
60540,Valère Germain,2021,37,15,10,12,6,9
60540,Valère Germain,2022,34,8,5,21,4,4
60578,Prince Oniangué,2018,32,7,12,13,4,3
60583,Jérémy Pied,2019,35,17,9,9,10,7
60583,Jérémy Pied,2020,23,13,6,4,5,8
60632,Theodor Gebre Selassie,2018,36,15,9,12,6,9
60632,Theodor Gebre Selassie,2019,34,13,11,10,6,7
60632,Theodor Gebre Selassie,2020,29,9,7,13,4,5
60889,Gary Medel,2019,28,15,6,7,10,5
60890,Fabián Orellana,2018,29,9,11,9,6,3
60890,Fabián Orellana,2019,36,10,10,16,7,3
60890,Fabián Orellana,2020,30,9,10,11,5,4
60957,Sebastian Polter,2019,17,8,2,7,2,6
60957,Sebastian Polter,2021,36,14,3,19,5,9
60957,Sebastian Polter,2022,36,10,7,19,6,4
60957,Sebastian Polter,2023,5,2,1,2,2,0
60990,Bruno Ecuele Manga,2018,23,6,4,13,4,2
60990,Bruno Ecuele Manga,2020,26,5,9,12,2,3
61087,Karim Bellarabi,2018,36,17,6,13,6,11
61087,Karim Bellarabi,2019,32,16,5,11,7,9
61087,Karim Bellarabi,2020,38,26,4,7,7,19
61087,Karim Bellarabi,2021,30,11,6,13,4,7
61253,José Callejón,2018,47,30,9,8,15,15
61253,José Callejón,2019,50,23,14,13,7,16
61253,José Callejón,2020,38,19,8,11,11,8
61253,José Callejón,2021,46,18,10,18,10,8
61253,José Callejón,2023,0,0,0,0,0,0
61511,Camillo Ciano,2018,18,1,6,11,0,1
61546,Facundo Roncaglia,2019,38,13,11,14,5,8
61546,Facundo Roncaglia,2020,32,12,6,14,7,5
61573,Jonathan Hogg,2018,36,6,8,22,4,2
61592,James Tomkins,2018,34,11,8,15,6,5
61592,James Tomkins,2019,29,12,5,12,4,8
61592,James Tomkins,2021,24,7,8,9,1,6
61592,James Tomkins,2022,22,8,5,8,6,2
61637,Emmanuel Rivière,2020,9,2,1,6,1,1
61653,Conor Hourihane,2019,19,5,3,11,2,3
61757,Nicola Rigoni,2018,36,7,9,20,7,0
61812,Yuri Berchiche,2018,29,11,10,8,5,6
61812,Yuri Berchiche,2019,38,19,10,9,11,8
61812,Yuri Berchiche,2020,38,14,8,16,7,7
61812,Yuri Berchiche,2021,18,6,7,5,4,2
61812,Yuri Berchiche,2022,33,16,7,10,10,6
61812,Yuri Berchiche,2023,27,9,6,12,4,5
61812,Yuri Berchiche,2024,9,5,2,2,2,3
61819,Charlie Daniels,2018,32,11,7,14,7,4
61891,Fábio,2020,14,3,6,5,1,2
61891,Fábio,2021,29,10,8,11,5,5
61891,Fábio,2022,26,9,8,9,5,4
62144,Antoñito,2018,11,4,3,4,4,0
62351,Abdoulaye Bamba,2020,23,10,4,9,7,3
62415,Panagiotis Tachtsidis,2019,16,3,5,8,2,1
62688,Scott Dann,2018,4,2,1,1,2,0
62688,Scott Dann,2019,32,14,8,10,6,8
62688,Scott Dann,2020,27,7,4,16,5,2
62920,Víctor Ruiz,2018,37,13,11,13,7,6
62920,Víctor Ruiz,2020,30,14,3,13,6,8
62920,Víctor Ruiz,2021,44,23,12,9,11,12
62945,Luis Hernández,2022,32,7,12,13,5,2
63040,Oier Sanjurjo,2019,14,5,6,3,2,3
63040,Oier Sanjurjo,2020,32,10,9,13,7,3
63040,Oier Sanjurjo,2021,43,17,11,15,10,7
63200,Ashley Barnes,2018,42,11,10,21,7,4
63200,Ashley Barnes,2019,38,15,7,16,7,8
63200,Ashley Barnes,2020,14,4,4,6,4,0
63200,Ashley Barnes,2021,25,6,7,12,2,4
63290,Víctor Sánchez,2018,35,12,10,13,7,5
63290,Víctor Sánchez,2019,40,15,11,14,5,10
63494,Étienne Capoue,2018,33,12,5,16,5,7
63494,Étienne Capoue,2019,37,13,7,17,7,6
63494,Étienne Capoue,2020,15,5,3,7,3,2
63494,Étienne Capoue,2021,54,27,11,16,10,17
63494,Étienne Capoue,2022,37,17,8,12,5,12
63494,Étienne Capoue,2023,20,9,3,8,3,6
63531,Kwadwo Asamoah,2018,51,35,8,8,18,17
63531,Kwadwo Asamoah,2019,39,21,10,8,11,10
63531,Kwadwo Asamoah,2020,12,7,3,2,2,5
63821,Aron Gunnarsson,2018,13,5,1,7,4,1
64598,Bernardo Espinosa,2018,32,11,9,12,5,6
64598,Bernardo Espinosa,2019,41,12,9,20,4,8
64598,Bernardo Espinosa,2022,15,6,4,5,5,1
64793,Leonardo Pavoletti,2018,36,11,11,14,9,2
64793,Leonardo Pavoletti,2020,17,5,5,7,3,2
64793,Leonardo Pavoletti,2021,45,9,12,24,4,5
65230,Sergio Busquets,2019,47,34,9,4,11,23
65230,Sergio Busquets,2020,43,25,8,10,11,14
65230,Sergio Busquets,2021,56,31,12,13,14,17
65230,Sergio Busquets,2022,46,27,9,10,13,14
65318,Jaume Costa,2018,36,13,11,12,6,7
65318,Jaume Costa,2019,43,17,15,11,9,8
65318,Jaume Costa,2021,49,24,11,14,12,12
65318,Jaume Costa,2022,35,14,4,17,10,4
65318,Jaume Costa,2023,22,9,4,9,5,4
65477,Troy Deeney,2018,34,11,8,15,6,5
65477,Troy Deeney,2019,32,13,5,14,6,7
65976,Hal Robson-Kanu,2020,6,1,1,4,1,0
66005,Amir Abrashi,2018,9,2,5,2,2,0
66005,Amir Abrashi,2019,26,9,6,11,4,5
66100,Oriol Romeu,2018,37,10,10,17,7,3
66100,Oriol Romeu,2020,36,17,8,11,6,11
66100,Oriol Romeu,2021,25,5,10,10,4,1
66100,Oriol Romeu,2023,21,9,4,8,5,4
66106,Sergio Canales,2018,38,15,7,16,8,7
66106,Sergio Canales,2019,37,12,9,16,9,3
66106,Sergio Canales,2020,30,8,6,16,3,5
66106,Sergio Canales,2021,47,25,13,9,13,12
66106,Sergio Canales,2022,43,21,13,9,11,10
66333,Ahmed Elmohamady,2019,17,3,2,12,1,2
66333,Ahmed Elmohamady,2020,31,12,5,14,6,6
66360,Daniele Ragatzu,2019,16,9,3,4,4,5
66736,Lisandro Magallán,2019,38,21,6,11,4,17
66736,Lisandro Magallán,2020,30,6,6,18,4,2
66736,Lisandro Magallán,2022,33,19,5,9,6,13
66934,Cheikhou Kouyaté,2018,38,10,11,17,3,7
66934,Cheikhou Kouyaté,2019,40,18,8,14,9,9
66934,Cheikhou Kouyaté,2020,35,9,8,18,5,4
66934,Cheikhou Kouyaté,2022,31,10,8,12,6,4
66934,Cheikhou Kouyaté,2023,9,3,3,3,2,1
67063,Danny Welbeck,2019,7,0,3,4,0,0
67063,Danny Welbeck,2020,25,4,8,13,3,1
67063,Danny Welbeck,2021,22,7,7,8,4,3
67063,Danny Welbeck,2022,36,13,9,13,7,6
67063,Danny Welbeck,2023,24,14,4,6,6,8
67063,Danny Welbeck,2024,12,5,2,5,2,3
67080,Víctor Laguardia,2019,33,8,8,17,3,5
67082,Vitolo,2018,47,28,11,8,9,19
67082,Vitolo,2019,37,18,10,9,10,8
67090,Dídac Vilà,2018,32,12,9,11,6,6
67090,Dídac Vilà,2019,44,15,12,17,5,10
67252,Ryan Bennett,2018,22,8,6,8,5,3
67420,Luke Ayling,2020,17,7,2,8,4,3
67420,Luke Ayling,2021,31,11,7,13,4,7
67420,Luke Ayling,2022,30,7,5,17,5,2
67421,Kyle Bartley,2020,13,2,3,8,2,0
67546,Jorge Pulido,2018,11,0,4,7,0,0
67546,Jorge Pulido,2020,15,1,8,6,1,0
67548,Rubén Rochina,2018,18,9,3,6,6,3
67548,Rubén Rochina,2019,32,12,8,12,5,7
67548,Rubén Rochina,2020,29,8,10,11,4,4
67548,Rubén Rochina,2021,38,10,13,15,6,4
67639,Andrey Galabinov,2020,3,1,0,2,0,1
67808,Borja García,2018,32,11,9,12,5,6
67808,Borja García,2020,16,1,8,7,1,0
67808,Borja García,2022,3,1,1,1,1,0
67823,Damián Musto,2018,9,0,3,6,0,0
68290,Neymar,2018,26,21,3,2,3,18
68290,Neymar,2019,17,13,2,2,4,9
68290,Neymar,2020,22,14,2,6,3,11
68290,Neymar,2021,30,19,4,7,8,11
68290,Neymar,2022,35,24,7,4,10,14
68306,Alberto Paloschi,2018,40,10,13,17,5,5
68390,Séamus Coleman,2018,28,11,9,8,5,6
68390,Séamus Coleman,2019,34,14,6,14,8,6
68390,Séamus Coleman,2020,26,12,7,7,9,3
68390,Séamus Coleman,2021,38,13,9,16,8,5
68390,Séamus Coleman,2022,41,12,8,20,8,4
68390,Séamus Coleman,2024,5,0,2,3,0,0
68718,Yoann Touzghar,2021,15,4,3,8,2,2
68864,Kevin Strootman,2019,35,18,8,9,11,7
69633,Christian Eriksen,2018,47,31,6,10,13,18
69633,Christian Eriksen,2019,51,24,8,19,12,12
69633,Christian Eriksen,2020,51,28,13,10,11,17
69633,Christian Eriksen,2021,28,20,5,3,9,11
69633,Christian Eriksen,2022,34,22,2,8,12,10
69633,Christian Eriksen,2023,21,12,3,5,5,7
69660,Jonás Ramalho,2018,28,10,7,11,4,6
69751,Jordi Alba,2018,50,33,12,5,8,25
69751,Jordi Alba,2019,39,26,10,3,7,19
69751,Jordi Alba,2020,42,25,7,10,12,13
69751,Jordi Alba,2021,51,30,9,12,15,15
69751,Jordi Alba,2022,47,29,8,10,13,16
70245,Ignasi Miquel,2023,0,0,0,0,0,0
70285,Jonathan Schmid,2018,36,9,11,16,5,4
70285,Jonathan Schmid,2019,34,13,7,14,6,7
70285,Jonathan Schmid,2020,32,11,9,12,6,5
70285,Jonathan Schmid,2021,21,9,4,8,5,4
70411,Darko Lazović,2018,39,13,7,19,8,5
70411,Darko Lazović,2019,33,8,11,14,5,3
70411,Darko Lazović,2020,34,11,14,9,6,5
70411,Darko Lazović,2021,42,12,11,19,6,6
70411,Darko Lazović,2022,29,9,6,14,6,3
70411,Darko Lazović,2023,19,5,6,8,3,2
70411,Darko Lazović,2024,8,2,3,3,2,0
70689,Filippo Falco,2019,16,3,5,8,1,2
70934,Nolito,2018,50,26,11,13,11,15
70934,Nolito,2019,19,11,5,3,7,4
70934,Nolito,2020,37,13,13,11,3,10
70934,Nolito,2021,41,15,10,16,7,8
70950,Mohamed Diamé,2018,39,12,10,17,9,3
71019,Bartosz Salamon,2018,34,3,14,17,1,2
71204,Javi Moyano,2018,8,3,3,2,3,0
71548,Anaitz Arbilla,2018,27,7,10,10,6,1
71548,Anaitz Arbilla,2019,26,7,8,11,4,3
71548,Anaitz Arbilla,2020,24,6,8,10,2,4
71579,Iñigo Pérez,2019,9,4,3,2,0,4
71579,Iñigo Pérez,2020,37,13,8,16,9,4
71579,Iñigo Pérez,2021,36,13,11,12,8,5
71905,Coke,2018,29,10,7,12,7,3
71905,Coke,2019,37,13,8,16,6,7
71905,Coke,2020,37,11,11,15,6,5
71905,Coke,2021,48,10,17,21,6,4
71918,David Ferreiro,2018,12,0,4,8,0,0
71918,David Ferreiro,2020,16,1,9,6,1,0
72047,Iago Aspas,2018,31,10,9,12,5,5
72047,Iago Aspas,2019,30,8,9,13,4,4
72047,Iago Aspas,2020,38,12,15,11,5,7
72047,Iago Aspas,2021,35,13,9,13,6,7
72047,Iago Aspas,2022,37,11,9,17,4,7
72047,Iago Aspas,2023,23,8,6,9,5,3
72047,Iago Aspas,2024,9,2,1,6,1,1
72121,Johan Gastien,2021,15,4,5,6,2,2
72121,Johan Gastien,2022,32,9,7,16,5,4
72121,Johan Gastien,2023,16,12,1,3,10,2
72441,Rafael Tolói,2018,42,19,12,11,7,12
72441,Rafael Tolói,2019,30,14,7,9,5,9
72441,Rafael Tolói,2020,39,21,10,8,8,13
72441,Rafael Tolói,2021,44,25,10,9,11,14
72441,Rafael Tolói,2022,24,13,6,5,6,7
72479,Clément Grenier,2018,38,14,11,13,7,7
72479,Clément Grenier,2019,39,14,11,14,6,8
72479,Clément Grenier,2020,16,5,3,8,4,1
72479,Clément Grenier,2022,26,10,5,11,6,4
72519,Bobby Wood,2018,30,6,6,18,3,3
72792,Niko Gießelmann,2018,19,7,3,9,3,4
72792,Niko Gießelmann,2019,35,14,5,16,7,7
72792,Niko Gießelmann,2021,34,14,11,9,9,5
72792,Niko Gießelmann,2022,39,23,6,10,14,9
73484,Tom Cleverley,2018,8,3,3,2,1,2
73484,Tom Cleverley,2019,25,7,8,10,5,2
73484,Tom Cleverley,2021,16,4,1,11,1,3
73547,Oliver Norwood,2019,20,7,8,5,4,3
73547,Oliver Norwood,2020,35,8,6,21,5,3
73547,Oliver Norwood,2023,6,4,1,1,2,2
73636,Hernán Pérez,2018,26,10,3,13,7,3
73782,Adrián Ramos,2019,17,8,2,7,4,4
73794,Duván Zapata,2018,42,17,9,16,6,11
73794,Duván Zapata,2019,32,20,6,6,8,12
73794,Duván Zapata,2020,44,25,11,8,10,15
73794,Duván Zapata,2021,54,30,13,11,13,17
73794,Duván Zapata,2022,20,5,4,11,1,4
73794,Duván Zapata,2023,18,10,2,6,4,6
73794,Duván Zapata,2024,9,3,4,2,1,2
73926,Davide Faraoni,2019,17,5,4,8,4,1
73926,Davide Faraoni,2020,33,12,12,9,6,6
73926,Davide Faraoni,2021,42,11,13,18,6,5
73926,Davide Faraoni,2022,25,8,6,11,5,3
73926,Davide Faraoni,2023,16,4,4,8,4,0
73943,Alessandro Tuia,2020,13,4,3,6,2,2
73943,Alessandro Tuia,2022,13,3,5,5,2,1
74229,Koke,2018,48,30,10,8,12,18
74229,Koke,2019,41,21,12,8,8,13
74229,Koke,2020,39,25,11,3,12,13
74229,Koke,2021,47,23,11,13,13,10
74229,Koke,2022,39,21,6,12,12,9
74229,Koke,2023,26,17,5,4,8,9
74229,Koke,2024,15,7,2,6,4,3
74230,Pablo Sarabia,2018,54,30,10,14,15,15
74230,Pablo Sarabia,2019,45,28,5,12,8,20
74230,Pablo Sarabia,2020,28,19,2,7,5,14
74230,Pablo Sarabia,2022,43,33,6,4,12,21
74230,Pablo Sarabia,2023,20,8,3,9,4,4
74230,Pablo Sarabia,2024,10,5,1,4,4,1
74294,Nemanja Gudelj,2019,36,22,6,8,11,11
74294,Nemanja Gudelj,2020,48,25,14,9,14,11
74294,Nemanja Gudelj,2022,46,14,17,15,7,7
74294,Nemanja Gudelj,2023,33,18,5,10,8,10
74294,Nemanja Gudelj,2024,2,0,1,1,0,0
74297,Gaël Kakuta,2019,21,4,6,11,3,1
74297,Gaël Kakuta,2020,24,8,8,8,5,3
74297,Gaël Kakuta,2021,34,12,14,8,7,5
74448,Andrea Rispoli,2019,18,4,6,8,2,2
74448,Andrea Rispoli,2020,29,5,4,20,3,2
74709,Emmanuel Imorou,2018,10,1,5,4,1,0
74810,Ben Mee,2018,35,8,9,18,4,4
74810,Ben Mee,2019,40,15,7,18,7,8
74810,Ben Mee,2020,22,11,6,5,8,3
74810,Ben Mee,2021,36,9,10,17,4,5
74810,Ben Mee,2022,28,7,12,8,2,5
74810,Ben Mee,2023,22,10,6,6,3,7
74869,Francis Coquelin,2018,31,13,10,8,8,5
74869,Francis Coquelin,2019,42,20,16,6,10,10
74869,Francis Coquelin,2021,37,15,13,9,7,8
74869,Francis Coquelin,2022,29,13,6,10,5,8
74943,Juraj Kucka,2018,28,10,9,9,2,8
74943,Juraj Kucka,2019,32,9,11,12,6,3
74943,Juraj Kucka,2020,28,7,7,14,3,4
74943,Juraj Kucka,2021,30,3,6,21,1,2
75067,Liam Cooper,2020,12,4,2,6,3,1
75067,Liam Cooper,2021,31,12,7,12,6,6
75067,Liam Cooper,2022,19,5,5,8,4,1
75287,Seydou Doumbia,2018,29,16,7,6,10,6
75446,Pablo de Blasis,2019,37,11,11,15,6,5
75489,Niclas Füllkrug,2018,31,6,8,17,3,3
75489,Niclas Füllkrug,2019,6,4,0,2,2,2
75489,Niclas Füllkrug,2020,10,5,2,3,1,4
75489,Niclas Füllkrug,2022,16,7,3,6,5,2
75489,Niclas Füllkrug,2023,15,4,3,8,1,3
75489,Niclas Füllkrug,2024,11,7,3,1,1,6
75615,Douglas Costa,2018,45,36,6,3,19,17
75615,Douglas Costa,2019,18,13,3,2,9,4
75820,Juan Aguilera,2018,10,0,3,7,0,0
75921,Christopher Trimmel,2019,19,8,2,9,2,6
75921,Christopher Trimmel,2020,31,11,9,11,6,5
75921,Christopher Trimmel,2021,41,17,14,10,11,6
75921,Christopher Trimmel,2022,41,24,6,11,16,8
75921,Christopher Trimmel,2023,23,11,6,6,6,5
75921,Christopher Trimmel,2024,8,3,1,4,3,0
75942,Tomás Rincón,2018,39,15,13,11,6,9
75942,Tomás Rincón,2019,40,17,10,13,10,7
75942,Tomás Rincón,2020,36,8,9,19,2,6
75942,Tomás Rincón,2022,35,7,4,24,3,4
76055,Ronny Rodelin,2018,28,4,8,16,1,3
76163,Franco Vázquez,2018,53,29,11,13,14,15
76163,Franco Vázquez,2019,43,25,6,12,11,14
76163,Franco Vázquez,2020,48,26,13,9,14,12
76277,Laurent Koscielny,2018,19,9,3,7,2,7
76277,Laurent Koscielny,2020,19,5,9,5,3,2
76285,Toño,2018,30,11,7,12,3,8
76467,Kiko Femenía,2018,28,10,5,13,5,5
76467,Kiko Femenía,2019,35,9,9,17,4,5
76467,Kiko Femenía,2021,11,2,1,8,0,2
76746,Damián Suárez,2018,30,11,10,9,7,4
76746,Damián Suárez,2019,38,17,13,8,9,8
76746,Damián Suárez,2020,32,11,10,11,5,6
76746,Damián Suárez,2021,39,8,11,20,4,4
76746,Damián Suárez,2022,31,10,12,9,5,5
76746,Damián Suárez,2023,22,6,7,9,5,1
77100,Lucas Moura,2018,45,29,5,11,15,14
77100,Lucas Moura,2019,51,23,9,19,11,12
77100,Lucas Moura,2020,47,24,11,12,10,14
77100,Lucas Moura,2021,47,26,6,15,8,18
77100,Lucas Moura,2022,34,21,4,9,9,12
77108,Jérôme Gondorf,2018,28,8,10,10,5,3
77108,Jérôme Gondorf,2019,28,10,9,9,5,5
77760,Victor Wanyama,2018,34,18,8,8,8,10
77812,Christoph Zimmermann,2019,10,1,3,6,0,1
77812,Christoph Zimmermann,2021,3,1,0,2,0,1
77812,Christoph Zimmermann,2023,1,0,0,1,0,0
77826,Ryad Boudebouz,2018,31,16,6,9,11,5
77826,Ryad Boudebouz,2019,40,12,12,16,9,3
77826,Ryad Boudebouz,2020,14,1,7,6,1,0
77826,Ryad Boudebouz,2021,26,4,6,16,4,0
78147,Fabian Klos,2020,14,3,1,10,3,0
78147,Fabian Klos,2021,40,10,14,16,5,5
78917,Julien Faussurier,2019,18,5,7,6,2,3
78917,Julien Faussurier,2020,18,9,2,7,5,4
78917,Julien Faussurier,2021,35,9,12,14,6,3
79377,Genki Haraguchi,2018,16,2,5,9,1,1
79377,Genki Haraguchi,2021,21,10,7,4,6,4
79377,Genki Haraguchi,2022,40,23,5,12,15,8
79501,Daniel Ginczek,2018,36,20,8,8,12,8
79501,Daniel Ginczek,2019,12,5,2,5,2,3
79510,Thiago Cionek,2018,35,9,12,14,5,4
79510,Thiago Cionek,2019,34,11,5,18,7,4
79723,Sean Morrison,2018,23,6,4,13,4,2
79960,Alex Sandro,2018,48,38,6,4,18,20
79960,Alex Sandro,2019,43,27,8,8,19,8
79960,Alex Sandro,2020,34,19,6,9,7,12
79960,Alex Sandro,2021,49,32,8,9,13,19
79960,Alex Sandro,2023,30,15,6,9,9,6
79967,Simon Zoller,2021,6,2,0,4,1,1
79967,Simon Zoller,2022,21,6,2,13,4,2
80173,Frédéric Sammaritano,2018,20,6,7,7,3,3
80173,Frédéric Sammaritano,2019,22,4,4,14,4,0
80173,Frédéric Sammaritano,2020,22,5,6,11,2,3
80197,Salomón Rondón,2018,37,10,9,18,8,2
80197,Salomón Rondón,2021,26,8,3,15,2,6
80293,Aïssa Mandi,2018,37,19,8,10,12,7
80293,Aïssa Mandi,2019,36,12,9,15,9,3
80293,Aïssa Mandi,2020,34,10,7,17,4,6
80293,Aïssa Mandi,2022,43,23,8,12,7,16
80293,Aïssa Mandi,2024,10,6,3,1,2,4
80444,Philippe Coutinho,2018,39,27,10,2,8,19
80444,Philippe Coutinho,2019,49,36,7,6,10,26
80444,Philippe Coutinho,2020,33,24,4,5,6,18
80444,Philippe Coutinho,2021,22,8,7,7,5,3
80444,Philippe Coutinho,2022,34,9,8,16,3,6
81460,Nolan Roux,2018,26,5,7,14,3,2
81460,Nolan Roux,2019,18,3,7,8,3,0
81460,Nolan Roux,2020,22,6,3,13,3,3
81512,Christian Kabasele,2018,29,9,6,14,4,5
81512,Christian Kabasele,2019,34,10,9,15,6,4
81512,Christian Kabasele,2023,0,0,0,0,0,0
81512,Christian Kabasele,2024,9,2,3,4,2,0
81698,Georg Teigl,2018,1,0,1,0,0,0
81988,Sergi Enrich,2018,15,4,6,5,3,1
81988,Sergi Enrich,2019,34,10,9,15,6,4
81988,Sergi Enrich,2020,31,8,12,11,3,5
81999,Joselu,2018,36,11,9,16,8,3
81999,Joselu,2019,30,10,6,14,2,8
81999,Joselu,2020,35,10,11,14,7,3
81999,Joselu,2021,44,11,8,25,7,4
81999,Joselu,2022,36,8,11,17,7,1
81999,Joselu,2023,22,6,5,11,5,1
82009,Kevin Volland,2018,41,20,7,14,9,11
82009,Kevin Volland,2019,45,23,7,15,8,15
82009,Kevin Volland,2020,32,18,3,11,12,6
82009,Kevin Volland,2021,47,27,12,8,11,16
82009,Kevin Volland,2022,34,16,10,8,5,11
82009,Kevin Volland,2023,15,7,2,6,4,3
82048,Nicola Sansone,2019,35,13,7,15,8,5
82048,Nicola Sansone,2020,27,8,6,13,6,2
82048,Nicola Sansone,2021,38,14,8,16,7,7
82048,Nicola Sansone,2022,31,10,10,11,7,3
82048,Nicola Sansone,2023,13,5,4,4,2,3
82070,Diego Demme,2018,50,24,12,14,9,15
82070,Diego Demme,2019,41,26,10,5,9,17
82070,Diego Demme,2020,44,26,7,10,13,13
82070,Diego Demme,2021,42,25,8,9,8,17
82097,Christoph Kramer,2018,27,11,4,12,3,8
82097,Christoph Kramer,2020,38,17,11,10,5,12
82097,Christoph Kramer,2021,34,13,6,15,7,6
82097,Christoph Kramer,2022,28,14,6,8,3,11
82350,Stefan Bell,2018,32,9,9,14,5,4
82350,Stefan Bell,2021,38,18,8,12,13,5
82350,Stefan Bell,2022,33,11,8,14,6,5
82350,Stefan Bell,2023,19,7,5,7,2,5
82350,Stefan Bell,2024,0,0,0,0,0,0
82442,Olivier Giroud,2018,44,26,8,10,14,12
82442,Olivier Giroud,2019,45,26,8,11,13,13
82442,Olivier Giroud,2020,42,23,8,11,7,16
82442,Olivier Giroud,2021,48,29,8,11,16,13
82442,Olivier Giroud,2022,43,28,9,6,12,16
82442,Olivier Giroud,2023,29,11,9,9,6,5
82503,Aridane Hernández,2019,15,5,7,3,2,3
82503,Aridane Hernández,2022,28,12,5,11,7,5
82873,Pascal Groß,2018,31,9,9,13,6,3
82873,Pascal Groß,2019,36,8,11,17,3,5
82873,Pascal Groß,2020,35,5,16,14,4,1
82873,Pascal Groß,2021,40,12,16,12,8,4
82873,Pascal Groß,2022,40,15,9,14,7,8
82873,Pascal Groß,2023,26,14,5,7,5,9
83002,Hiroki Sakai,2018,42,20,9,13,7,13
83002,Hiroki Sakai,2020,26,11,7,8,7,4
83132,Vincent Manceau,2018,31,10,8,13,6,4
83132,Vincent Manceau,2019,36,13,10,13,7,6
83132,Vincent Manceau,2020,22,8,5,9,5,3
83877,Diego Farias,2018,29,9,9,11,7,2
83877,Diego Farias,2019,31,9,8,14,6,3
83877,Diego Farias,2020,23,4,6,13,1,3
84085,Timothée Kolodziejczak,2018,18,8,6,4,4,4
84085,Timothée Kolodziejczak,2019,38,15,10,13,11,4
84085,Timothée Kolodziejczak,2020,20,4,8,8,1,3
84085,Timothée Kolodziejczak,2021,34,9,9,16,7,2
84150,Rafael Czichos,2019,17,6,2,9,3,3
84150,Rafael Czichos,2020,21,5,5,11,1,4
84301,Benjamin André,2018,41,18,10,13,9,9
84301,Benjamin André,2019,38,12,10,16,8,4
84301,Benjamin André,2020,30,19,8,3,10,9
84301,Benjamin André,2021,44,22,14,8,15,7
84301,Benjamin André,2022,32,12,7,13,6,6
84301,Benjamin André,2023,19,9,7,3,4,5
84301,Benjamin André,2024,7,3,3,1,1,2
84344,Davide Santon,2018,41,16,13,12,6,10
84344,Davide Santon,2019,35,17,10,8,10,7
84435,Kevin Vogt,2018,36,15,12,9,1,14
84442,Leonardo Capezzi,2018,39,11,7,21,7,4
84467,Rafael,2018,38,10,11,17,8,2
84765,Francesco Caputo,2018,20,4,4,12,3,1
84765,Francesco Caputo,2019,36,12,7,17,6,6
84765,Francesco Caputo,2020,30,13,9,8,6,7
84765,Francesco Caputo,2022,37,8,4,25,4,4
84765,Francesco Caputo,2023,21,6,7,8,4,2
84766,Francesco Di Tacchio,2021,19,3,2,14,2,1
84835,Emanuele Giaccherini,2018,35,10,9,16,8,2
84921,Lorenzo Ariaudo,2018,19,1,7,11,0,1
85000,Cebio Soukou,2020,11,3,1,7,3,0
85177,Nathaniel Clyne,2020,11,3,3,5,1,2
85177,Nathaniel Clyne,2021,27,7,7,13,3,4
85288,Isco,2018,42,27,6,9,8,19
85288,Isco,2019,36,19,10,7,6,13
85288,Isco,2020,42,29,4,9,12,17
85288,Isco,2021,48,33,10,5,14,19
85288,Isco,2022,42,19,9,14,8,11
85288,Isco,2023,0,0,0,0,0,0
85295,Iván Balliu,2021,20,10,3,7,3,7
85295,Iván Balliu,2022,40,12,11,17,8,4
85295,Iván Balliu,2023,23,7,4,12,6,1
85324,Borja Bastón,2018,20,6,5,9,6,0
85370,Sergi Roberto,2018,38,23,11,4,5,18
85370,Sergi Roberto,2019,46,32,10,4,9,23
85370,Sergi Roberto,2020,32,20,4,8,8,12
85370,Sergi Roberto,2021,23,11,5,7,6,5
85370,Sergi Roberto,2022,13,8,3,2,2,6
85370,Sergi Roberto,2023,28,19,3,6,11,8
85370,Sergi Roberto,2024,8,5,2,1,1,4
85383,Rubén Sobrino,2019,27,13,8,6,7,6
85383,Rubén Sobrino,2022,36,10,13,13,6,4
85383,Rubén Sobrino,2023,21,7,6,8,4,3
85393,Nicolas Viola,2020,7,2,1,4,0,2
85393,Nicolas Viola,2023,0,0,0,0,0,0
85393,Nicolas Viola,2024,9,2,2,5,1,1
85475,Federico Fernández,2019,32,11,7,14,7,4
85475,Federico Fernández,2020,37,10,13,14,4,6
85500,Juan Villar,2019,16,4,8,4,2,2
85585,John Boye,2019,16,3,6,7,2,1
85585,John Boye,2020,24,10,6,8,5,5
85706,Enda Stevens,2019,21,7,8,6,4,3
85706,Enda Stevens,2020,32,7,6,19,5,2
85791,Stefan Lainer,2019,27,15,3,9,7,8
85791,Stefan Lainer,2020,37,16,11,10,5,11
85791,Stefan Lainer,2021,32,11,6,15,6,5
85791,Stefan Lainer,2022,29,13,8,8,3,10
85822,Florian Hübner,2019,6,2,1,3,0,2
85822,Florian Hübner,2020,24,10,7,7,6,4
85867,Nico Schulz,2018,39,14,15,10,1,13
85867,Nico Schulz,2019,35,18,8,9,6,12
85867,Nico Schulz,2021,45,26,5,14,7,19
85906,Danny da Costa,2018,45,24,5,16,8,16
85906,Danny da Costa,2019,55,24,12,19,13,11
85906,Danny da Costa,2022,22,9,5,8,6,3
85906,Danny da Costa,2023,19,7,5,7,2,5
86079,Luca Siligardi,2018,16,7,4,5,5,2
86079,Luca Siligardi,2019,22,6,7,9,4,2
86202,Antonio Rüdiger,2018,46,25,10,11,11,14
86202,Antonio Rüdiger,2019,30,18,3,9,7,11
86202,Antonio Rüdiger,2020,43,23,9,11,7,16
86202,Antonio Rüdiger,2021,59,37,13,9,16,21
86202,Antonio Rüdiger,2022,47,33,8,6,14,19
86202,Antonio Rüdiger,2023,38,23,5,10,8,15
86202,Antonio Rüdiger,2024,8,6,2,0,3,3
86759,David Silva,2018,0,0,0,0,0,0
86759,David Silva,2019,0,0,0,0,0,0
86759,David Silva,2020,0,0,0,0,0,0
86759,David Silva,2021,0,0,0,0,0,0
86759,David Silva,2022,0,0,0,0,0,0
86792,Xherdan Shaqiri,2018,43,22,10,11,8,14
86792,Xherdan Shaqiri,2019,43,32,6,5,11,21
86792,Xherdan Shaqiri,2021,48,25,9,14,7,18
87672,Junior Stanislas,2018,23,8,5,10,4,4
87672,Junior Stanislas,2019,14,4,2,8,1,3
87884,Mário Rui,2018,44,28,8,8,14,14
87884,Mário Rui,2019,41,19,10,12,6,13
87884,Mário Rui,2020,44,25,7,11,13,12
87884,Mário Rui,2021,52,30,8,14,11,19
87884,Mário Rui,2022,40,29,6,5,11,18
87884,Mário Rui,2023,20,14,2,4,2,12
88490,Aleix Vidal,2018,35,25,6,4,10,15
88490,Aleix Vidal,2019,30,9,5,16,2,7
88490,Aleix Vidal,2021,44,26,5,13,18,8
88490,Aleix Vidal,2022,31,7,12,12,4,3
88590,Shkodran Mustafi,2018,44,24,8,12,7,17
88590,Shkodran Mustafi,2019,38,19,7,12,5,14
88590,Shkodran Mustafi,2021,24,3,6,15,2,1
88647,Andreas Albers,2024,1,0,0,1,0,0
88680,Luca Caldirola,2022,15,6,1,8,2,4
88680,Luca Caldirola,2023,22,9,9,4,6,3
88680,Luca Caldirola,2024,9,5,2,2,3,2
88684,Giulio Donati,2019,11,4,0,7,0,4
88684,Giulio Donati,2022,9,5,0,4,1,4
88706,Simone Romagnoli,2021,19,9,2,8,5,4
88755,Kevin De Bruyne,2018,31,21,2,8,3,18
88755,Kevin De Bruyne,2019,47,37,4,6,10,27
88755,Kevin De Bruyne,2020,40,26,7,7,8,18
88755,Kevin De Bruyne,2021,46,35,2,9,10,25
88755,Kevin De Bruyne,2022,54,35,11,6,9,26
88755,Kevin De Bruyne,2023,32,25,4,2,7,18
88755,Kevin De Bruyne,2024,12,10,2,0,3,7
89591,Felix Klaus,2018,16,6,5,5,4,2
89591,Felix Klaus,2019,40,16,10,14,5,11
89701,Charles Aránguiz,2018,30,14,5,11,6,8
89701,Charles Aránguiz,2019,41,22,6,13,7,15
89701,Charles Aránguiz,2020,23,14,5,4,6,8
89701,Charles Aránguiz,2021,38,17,7,14,5,12
89701,Charles Aránguiz,2022,32,13,4,15,2,11
89733,Álex Fernández,2020,17,5,4,8,3,2
89733,Álex Fernández,2021,29,6,12,11,4,2
89733,Álex Fernández,2022,35,10,12,13,6,4
89733,Álex Fernández,2023,18,6,5,7,3,3
90836,Steve Cook,2018,39,14,9,16,8,6
90836,Steve Cook,2019,28,8,7,13,3,5
90964,Joe Bennett,2018,22,6,4,12,4,2
91059,Joshua King,2018,32,12,7,13,7,5
91059,Joshua King,2019,34,10,9,15,4,6
91059,Joshua King,2021,33,12,5,16,7,5
91317,Ashley Westwood,2018,44,11,11,22,7,4
91317,Ashley Westwood,2019,36,15,7,14,7,8
91317,Ashley Westwood,2020,35,13,10,12,9,4
91317,Ashley Westwood,2021,39,8,12,19,3,5
91473,Florent Ogier,2021,18,4,5,9,2,2
91473,Florent Ogier,2023,21,12,4,5,10,2
91763,Pablo Hernández,2020,0,0,0,0,0,0
91970,Juan Cuadrado,2018,31,25,2,4,9,16
91970,Juan Cuadrado,2019,29,17,7,5,13,4
91970,Juan Cuadrado,2020,46,27,9,10,7,20
91970,Juan Cuadrado,2021,47,32,7,8,14,18
91970,Juan Cuadrado,2022,44,22,11,11,9,13
91970,Juan Cuadrado,2024,0,0,0,0,0,0
92472,Akaki Gogia,2020,10,5,3,2,3,2
92572,Joel Ward,2018,25,8,6,11,5,3
92572,Joel Ward,2019,32,15,5,12,7,8
92572,Joel Ward,2020,29,7,6,16,4,3
92572,Joel Ward,2021,39,11,12,16,4,7
92572,Joel Ward,2022,36,13,10,12,8,5
92693,Darío Benedetto,2019,18,10,5,3,6,4
92693,Darío Benedetto,2020,28,13,7,8,9,4
92947,Sergi Gómez,2021,48,27,9,12,17,10
93128,Kalidou Koulibaly,2018,44,28,8,8,14,14
93128,Kalidou Koulibaly,2019,44,20,13,11,4,16
93128,Kalidou Koulibaly,2020,35,20,5,9,8,12
93128,Kalidou Koulibaly,2021,39,26,6,7,9,17
93128,Kalidou Koulibaly,2022,33,17,7,8,8,9
93604,Lukas Kübler,2018,31,10,9,12,5,5
93604,Lukas Kübler,2019,12,4,5,3,2,2
93604,Lukas Kübler,2020,11,3,3,5,3,0
93604,Lukas Kübler,2021,38,17,8,13,8,9
93604,Lukas Kübler,2022,35,19,9,7,8,11
93604,Lukas Kübler,2023,22,9,4,9,4,5
93604,Lukas Kübler,2024,12,4,2,6,4,0
93678,Gaëtan Charbonnier,2019,17,5,7,5,2,3
93678,Gaëtan Charbonnier,2020,26,10,5,11,6,4
93678,Gaëtan Charbonnier,2022,6,1,2,3,1,0
93704,Josuha Guilavogui,2018,21,7,5,9,4,3
93704,Josuha Guilavogui,2019,37,16,11,10,6,10
93704,Josuha Guilavogui,2021,43,19,7,17,9,10
93704,Josuha Guilavogui,2022,33,8,10,15,5,3
93707,Christian Günter,2018,36,10,11,15,5,5
93707,Christian Günter,2019,34,10,11,13,6,4
93707,Christian Günter,2020,32,11,9,12,6,5
93707,Christian Günter,2021,40,18,9,13,9,9
93707,Christian Günter,2022,44,25,10,9,12,13
93707,Christian Günter,2023,23,10,4,9,5,5
93707,Christian Günter,2024,11,3,3,5,3,0
93720,Alexandre Lacazette,2018,39,22,8,9,7,15
93720,Alexandre Lacazette,2019,47,20,11,16,7,13
93720,Alexandre Lacazette,2020,47,27,7,13,14,13
93720,Alexandre Lacazette,2021,46,26,10,10,6,20
93720,Alexandre Lacazette,2022,34,17,4,13,11,6
93720,Alexandre Lacazette,2023,19,10,4,5,5,5
93720,Alexandre Lacazette,2024,6,5,0,1,5,0
93726,Paul Lasne,2018,33,12,16,5,6,6
93726,Paul Lasne,2019,37,12,13,12,6,6
93726,Paul Lasne,2020,20,9,4,7,6,3
93726,Paul Lasne,2021,15,3,4,8,1,2
93795,Facundo Ferreyra,2019,35,17,9,9,4,13
93795,Facundo Ferreyra,2020,10,4,2,4,3,1
93827,Steven Skrzybski,2018,13,6,3,4,1,5
93827,Steven Skrzybski,2019,18,6,5,7,3,3
93827,Steven Skrzybski,2020,29,4,10,15,1,3
93827,Steven Skrzybski,2024,0,0,0,0,0,0
93841,Ben Zolinski,2019,21,5,3,13,2,3
93844,Leonardo Bittencourt,2018,30,7,9,14,2,5
93844,Leonardo Bittencourt,2020,32,9,7,16,5,4
93844,Leonardo Bittencourt,2022,13,6,2,5,5,1
93844,Leonardo Bittencourt,2023,15,3,2,10,0,3
93844,Leonardo Bittencourt,2024,7,3,1,3,2,1
93922,Erik Durm,2019,43,14,5,24,10,4
93922,Erik Durm,2020,24,9,8,7,1,8
93935,Sergio Escudero,2018,43,22,11,10,12,10
93935,Sergio Escudero,2019,36,19,5,12,10,9
93935,Sergio Escudero,2020,37,19,12,6,11,8
93935,Sergio Escudero,2021,35,16,8,11,9,7
93935,Sergio Escudero,2022,31,10,7,14,6,4
94148,Fabian Schnellhardt,2023,1,0,0,1,0,0
94529,Stephan El Shaarawy,2018,44,24,8,12,7,17
94529,Stephan El Shaarawy,2020,0,0,0,0,0,0
94529,Stephan El Shaarawy,2021,34,18,5,11,8,10
94529,Stephan El Shaarawy,2022,32,16,9,7,10,6
94529,Stephan El Shaarawy,2023,33,15,7,11,7,8
94529,Stephan El Shaarawy,2024,13,9,2,2,4,5
94771,Andreas Voglsammer,2020,3,1,0,2,1,0
94771,Andreas Voglsammer,2021,36,14,13,9,9,5
94936,Vincent Laurini,2018,34,14,9,11,6,8
95336,Hervé Lybohy,2018,14,5,3,6,2,3
95424,Kyle Walker,2018,49,34,5,10,7,27
95424,Kyle Walker,2019,54,43,4,7,13,30
95424,Kyle Walker,2020,40,26,7,7,9,17
95424,Kyle Walker,2021,53,42,2,9,14,28
95424,Kyle Walker,2022,29,18,7,3,4,14
95424,Kyle Walker,2023,36,27,5,3,8,19
95424,Kyle Walker,2024,13,11,2,0,3,8
95810,Kieran Trippier,2018,44,27,8,9,10,17
95810,Kieran Trippier,2020,38,23,11,4,10,13
95810,Kieran Trippier,2022,29,15,8,3,6,9
95810,Kieran Trippier,2023,23,10,7,5,4,6
95963,Germán Sánchez,2019,13,5,3,5,2,3
95963,Germán Sánchez,2020,45,26,9,10,16,10
95963,Germán Sánchez,2021,48,12,11,25,6,6
96341,Romelu Lukaku,2018,43,24,7,12,12,12
96341,Romelu Lukaku,2019,45,28,7,10,14,14
96341,Romelu Lukaku,2020,47,27,13,7,10,17
96341,Romelu Lukaku,2021,45,31,9,5,13,18
96341,Romelu Lukaku,2022,32,21,4,7,10,11
96341,Romelu Lukaku,2023,34,20,6,8,10,10
96341,Romelu Lukaku,2024,12,9,2,1,4,5
96718,Óscar de Marcos,2018,33,6,11,16,2,4
96718,Óscar de Marcos,2023,27,9,6,12,5,4
96806,Jacopo Sala,2018,36,15,8,13,7,8
96806,Jacopo Sala,2019,28,8,5,15,5,3
96806,Jacopo Sala,2021,13,3,1,9,2,1
96828,Simone Zaza,2018,45,21,12,12,13,8
96828,Simone Zaza,2019,36,14,9,13,8,6
96828,Simone Zaza,2020,25,6,8,11,1,5
96828,Simone Zaza,2021,36,10,12,14,7,3
98240,Ciaran Clark,2019,22,9,5,8,5,4
98240,Ciaran Clark,2020,18,6,6,6,4,2
98240,Ciaran Clark,2021,37,6,12,19,3,3
98249,Takashi Inui,2018,37,15,10,12,10,5
98249,Takashi Inui,2019,32,9,10,13,4,5
98249,Takashi Inui,2020,35,9,12,14,4,5
98322,Denis Cheryshev,2018,31,12,10,9,9,3
98322,Denis Cheryshev,2019,38,19,13,6,11,8
98322,Denis Cheryshev,2020,30,8,8,14,4,4
98322,Denis Cheryshev,2021,28,11,9,8,5,6
98349,Romain Hamouma,2018,30,17,6,7,9,8
98349,Romain Hamouma,2019,36,15,9,12,9,6
98349,Romain Hamouma,2020,19,5,6,8,2,3
98349,Romain Hamouma,2021,27,8,9,10,6,2
98349,Romain Hamouma,2022,18,4,3,11,2,2
98596,John Guidetti,2018,29,12,5,12,8,4
98596,John Guidetti,2021,39,10,8,21,6,4
99180,Federico Santander,2018,29,10,7,12,4,6
99180,Federico Santander,2019,31,12,7,12,7,5
99180,Federico Santander,2021,18,7,3,8,4,3
99331,Jannik Vestergaard,2018,33,7,9,17,3,4
99331,Jannik Vestergaard,2019,30,9,7,14,4,5
99331,Jannik Vestergaard,2020,31,15,5,11,4,11
99343,Ander Herrera,2018,35,19,5,11,8,11
99343,Ander Herrera,2019,27,20,4,3,10,10
99343,Ander Herrera,2020,29,20,3,6,3,17
99343,Ander Herrera,2021,46,31,7,8,14,17
99343,Ander Herrera,2022,19,10,6,3,3,7
99343,Ander Herrera,2023,17,8,3,6,4,4
99343,Ander Herrera,2024,6,3,2,1,1,2
99353,Portu,2018,28,9,8,11,4,5
99353,Portu,2019,39,14,6,19,6,8
99353,Portu,2020,48,21,12,14,11,10
99353,Portu,2021,53,23,15,15,12,11
99353,Portu,2022,40,17,12,11,10,7
99353,Portu,2023,23,6,6,11,5,1
99559,Alberto Perea,2020,15,5,4,6,3,2
99559,Alberto Perea,2021,36,9,11,16,7,2
100131,William Carvalho,2018,35,19,8,8,10,9
100131,William Carvalho,2019,24,7,4,13,4,3
100131,William Carvalho,2020,26,8,4,14,2,6
100131,William Carvalho,2021,43,22,11,10,12,10
100131,William Carvalho,2022,47,25,12,10,12,13
100131,William Carvalho,2023,24,10,4,10,7,3
100131,William Carvalho,2024,6,2,1,3,0,2
100986,Thomas Meunier,2018,39,27,7,5,7,20
100986,Thomas Meunier,2019,32,25,1,6,7,18
100986,Thomas Meunier,2020,24,16,1,7,2,14
100986,Thomas Meunier,2021,46,29,4,13,10,19
100986,Thomas Meunier,2023,9,7,1,1,4,3
100986,Thomas Meunier,2024,9,6,1,2,1,5
101213,Pedro Obiang,2018,28,13,6,9,4,9
101213,Pedro Obiang,2019,36,11,8,17,4,7
101213,Pedro Obiang,2020,26,12,8,6,5,7
101922,Fabio Pisacane,2018,38,10,12,16,9,1
101922,Fabio Pisacane,2019,37,15,8,14,9,6
102423,Leandro Cabrera,2018,26,9,9,8,6,3
102423,Leandro Cabrera,2021,21,8,5,8,6,2
102423,Leandro Cabrera,2022,35,8,13,14,5,3
102423,Leandro Cabrera,2024,0,0,0,0,0,0
102744,Sébastien Corchia,2020,9,1,4,4,0,1
102744,Sébastien Corchia,2021,30,11,6,13,3,8
102744,Sébastien Corchia,2022,40,12,14,14,5,7
102745,Luca Ceppitelli,2018,31,10,9,12,8,2
102745,Luca Ceppitelli,2019,25,11,3,11,7,4
102745,Luca Ceppitelli,2020,16,2,6,8,0,2
102745,Luca Ceppitelli,2021,37,8,11,18,4,4
103427,Chris Smalling,2018,44,26,7,11,14,12
103427,Chris Smalling,2019,34,15,8,11,6,9
103427,Chris Smalling,2020,31,16,4,11,6,10
103427,Chris Smalling,2021,26,15,2,9,8,7
103427,Chris Smalling,2022,40,18,11,11,11,7
103427,Chris Smalling,2023,30,15,6,9,7,8
103565,Wahbi Khazri,2018,30,12,10,8,4,8
103565,Wahbi Khazri,2019,32,13,9,10,10,3
103565,Wahbi Khazri,2020,13,2,4,7,2,0
103565,Wahbi Khazri,2021,33,9,9,15,6,3
103565,Wahbi Khazri,2022,24,7,7,10,5,2
103565,Wahbi Khazri,2023,16,8,2,6,4,4
103565,Wahbi Khazri,2024,6,1,2,3,1,0
103890,Luis Advíncula,2018,11,1,3,7,1,0
106270,Florian Kainz,2018,32,15,8,9,6,9
106270,Florian Kainz,2019,15,5,2,8,3,2
106270,Florian Kainz,2020,16,5,4,7,1,4
106270,Florian Kainz,2021,25,10,7,8,6,4
106270,Florian Kainz,2022,34,12,7,15,5,7
106270,Florian Kainz,2023,18,6,7,5,1,5
106405,Jeffrey Gouweleeuw,2018,28,7,9,12,5,2
106405,Jeffrey Gouweleeuw,2020,30,8,8,14,3,5
106405,Jeffrey Gouweleeuw,2021,33,10,5,18,6,4
106405,Jeffrey Gouweleeuw,2022,33,11,5,17,7,4
106405,Jeffrey Gouweleeuw,2023,18,5,3,10,5,0
106872,Kevin Stöger,2018,19,7,3,9,3,4
106872,Kevin Stöger,2019,15,7,2,6,4,3
106872,Kevin Stöger,2020,29,4,12,13,1,3
106872,Kevin Stöger,2021,37,16,8,13,11,5
106872,Kevin Stöger,2022,34,11,5,18,7,4
106872,Kevin Stöger,2023,19,6,4,9,2,4
106872,Kevin Stöger,2024,8,1,2,5,1,0
108354,Jordan Ayew,2018,40,11,11,18,6,5
108354,Jordan Ayew,2019,41,18,9,14,9,9
108354,Jordan Ayew,2020,33,8,7,18,4,4
108354,Jordan Ayew,2021,42,12,12,18,5,7
108354,Jordan Ayew,2022,39,14,10,13,8,6
108354,Jordan Ayew,2023,23,5,8,10,2,3
108537,Jonas Hector,2019,18,6,2,10,3,3
108537,Jonas Hector,2020,21,7,4,10,2,5
108537,Jonas Hector,2021,33,13,9,11,7,6
108537,Jonas Hector,2022,32,13,6,13,6,7
108650,Yuya Osako,2018,32,10,8,14,3,7
108650,Yuya Osako,2019,23,9,3,11,6,3
108650,Yuya Osako,2020,33,11,6,16,6,5
108725,Chris Wood,2018,35,11,8,16,7,4
108725,Chris Wood,2019,38,15,7,16,7,8
108725,Chris Wood,2020,31,10,10,11,7,3
108725,Chris Wood,2021,36,8,10,18,4,4
108725,Chris Wood,2022,40,20,9,8,11,9
108725,Chris Wood,2023,11,2,4,4,2,0
108725,Chris Wood,2024,5,0,2,3,0,0
109110,Nicolò Brighenti,2018,20,1,7,12,0,1
109751,Onel Hernández,2019,14,1,4,9,0,1
110036,Dominique Heintz,2018,36,10,10,16,4,6
110036,Dominique Heintz,2019,36,11,11,14,6,5
110036,Dominique Heintz,2020,32,11,9,12,6,5
110036,Dominique Heintz,2022,23,12,2,9,9,3
110338,Luca Mora,2020,13,4,4,5,0,4
111038,Dennis Appiah,2022,40,12,13,15,5,7
111039,Ishak Belfodil,2018,39,11,15,13,4,7
111039,Ishak Belfodil,2019,22,8,7,7,2,6
111039,Ishak Belfodil,2020,16,8,1,7,3,5
111039,Ishak Belfodil,2021,32,11,8,13,6,5
111048,Benjamin Jeannot,2018,31,8,9,14,5,3
111048,Benjamin Jeannot,2019,13,3,2,8,2,1
111051,Nampalys Mendy,2019,19,9,2,8,5,4
111051,Nampalys Mendy,2020,36,18,6,12,4,14
111051,Nampalys Mendy,2021,28,15,5,8,7,8
111051,Nampalys Mendy,2022,33,11,7,12,3,8
111051,Nampalys Mendy,2023,24,6,5,12,4,2
111057,Idriss Saadi,2020,6,1,0,5,1,0
111058,Arnaud Souquet,2019,27,12,7,8,7,5
111058,Arnaud Souquet,2020,22,10,3,9,7,3
111058,Arnaud Souquet,2021,38,15,13,10,7,8
111078,Emil Forsberg,2018,28,11,9,8,6,5
111078,Emil Forsberg,2019,43,27,11,5,9,18
111078,Emil Forsberg,2020,40,22,11,7,9,13
111078,Emil Forsberg,2021,46,19,9,18,8,11
111078,Emil Forsberg,2022,47,28,9,10,7,21
111078,Emil Forsberg,2023,24,15,3,6,6,9
111195,Joël Veltman,2020,20,5,7,8,3,2
111195,Joël Veltman,2021,35,9,15,11,7,2
111195,Joël Veltman,2022,39,14,9,14,7,7
111195,Joël Veltman,2023,23,13,5,5,5,8
111196,Stefan de Vrij,2018,51,27,11,13,12,15
111196,Stefan de Vrij,2019,41,23,10,8,12,11
111196,Stefan de Vrij,2020,48,26,14,8,7,19
111196,Stefan de Vrij,2021,48,32,10,6,11,21
111196,Stefan de Vrij,2022,46,30,5,11,13,17
111196,Stefan de Vrij,2023,36,22,6,8,12,10
111196,Stefan de Vrij,2024,13,11,1,1,6,5
111266,Anthony Losilla,2021,20,8,2,10,5,3
111266,Anthony Losilla,2022,35,13,4,18,9,4
111266,Anthony Losilla,2023,17,6,3,8,2,4
111347,Lorenzo Tonelli,2018,41,22,9,10,8,14
111347,Lorenzo Tonelli,2019,23,6,6,11,1,5
111347,Lorenzo Tonelli,2020,32,10,4,18,5,5
111347,Lorenzo Tonelli,2021,35,12,8,15,8,4
111422,Neeskens Kebano,2022,14,5,4,5,4,1
111455,Granit Xhaka,2018,45,25,6,14,7,18
111455,Granit Xhaka,2019,38,18,9,11,6,12
111455,Granit Xhaka,2020,44,27,6,11,15,12
111455,Granit Xhaka,2021,37,19,7,11,2,17
111455,Granit Xhaka,2022,40,29,1,9,15,14
111455,Granit Xhaka,2023,25,13,5,7,3,10
111455,Granit Xhaka,2024,12,10,2,0,6,4
111508,Allan Nyom,2018,28,9,7,12,6,3
111508,Allan Nyom,2019,43,19,10,14,11,8
111508,Allan Nyom,2020,36,11,10,15,5,6
111508,Allan Nyom,2024,0,0,0,0,0,0
111528,Anthony Gonçalves,2018,22,6,6,10,4,2
111621,Dani Ojeda,2018,5,1,4,0,1,0
111881,Takashi Usami,2018,16,6,2,8,3,3
111961,Suso,2018,46,22,14,10,14,8
111961,Suso,2019,37,17,8,12,12,5
111961,Suso,2020,43,24,14,5,12,12
111961,Suso,2021,45,26,10,9,15,11
111961,Suso,2022,20,4,7,9,2,2
111961,Suso,2023,32,17,4,11,8,9
111961,Suso,2024,9,2,3,4,2,0
112988,Cédric Soares,2019,42,18,11,13,10,8
112988,Cédric Soares,2020,23,17,1,5,7,10
112988,Cédric Soares,2021,45,23,9,13,6,17
113133,Germán Pezzella,2018,35,14,10,11,6,8
113133,Germán Pezzella,2019,33,7,12,14,4,3
113133,Germán Pezzella,2020,33,13,11,9,6,7
113133,Germán Pezzella,2021,44,18,9,17,8,10
113133,Germán Pezzella,2023,26,9,5,12,7,2
113707,Rémy Cabella,2018,32,16,9,7,8,8
113707,Rémy Cabella,2022,16,7,4,5,3,4
113707,Rémy Cabella,2023,22,10,8,4,4,6
113707,Rémy Cabella,2024,5,2,2,1,0,2
114060,Enric Gallego,2018,0,0,0,0,0,0
114060,Enric Gallego,2019,30,10,11,9,6,4
114060,Enric Gallego,2020,31,11,5,15,7,4
114093,Greg Cunningham,2018,16,4,3,9,2,2
115333,Juanpe,2018,30,10,8,12,4,6
115333,Juanpe,2022,11,3,2,6,2,1
117432,Kevin Behrens,2021,19,9,7,3,6,3
117432,Kevin Behrens,2022,39,23,5,11,15,8
117432,Kevin Behrens,2023,23,12,6,5,6,6
117432,Kevin Behrens,2024,9,1,3,5,1,0
117996,Phil Jones,2018,23,12,3,8,5,7
117996,Phil Jones,2019,28,17,4,7,8,9
118196,Jean Zimmer,2018,19,7,3,9,3,4
118196,Jean Zimmer,2019,15,5,3,7,3,2
118278,Xavier Chavalerin,2018,18,6,7,5,5,1
118278,Xavier Chavalerin,2019,35,14,13,8,7,7
118278,Xavier Chavalerin,2020,19,5,5,9,3,2
118278,Xavier Chavalerin,2022,34,8,12,14,3,5
118284,Jordan Ferri,2019,26,11,5,10,5,6
118284,Jordan Ferri,2020,26,12,4,10,8,4
118284,Jordan Ferri,2021,34,14,12,8,6,8
118284,Jordan Ferri,2022,31,7,4,20,3,4
118284,Jordan Ferri,2023,20,9,2,9,4,5
118284,Jordan Ferri,2024,8,2,2,4,1,1
118397,Alessandro Schöpf,2018,41,19,8,14,10,9
118397,Alessandro Schöpf,2019,11,6,4,1,4,2
118397,Alessandro Schöpf,2020,33,4,10,19,1,3
118397,Alessandro Schöpf,2021,36,7,9,20,3,4
118689,Leonardo Spinazzola,2019,44,24,11,9,11,13
118689,Leonardo Spinazzola,2020,42,22,7,13,9,13
118689,Leonardo Spinazzola,2022,23,11,5,7,8,3
118689,Leonardo Spinazzola,2023,29,14,6,9,7,7
118732,Pablo Chavarría,2018,17,5,7,5,4,1
118847,Dominik Kohr,2018,42,21,6,15,9,12
118847,Dominik Kohr,2019,45,24,5,16,11,13
118847,Dominik Kohr,2021,32,17,8,7,13,4
118847,Dominik Kohr,2022,28,12,7,9,5,7
118847,Dominik Kohr,2023,18,7,6,5,2,5
118847,Dominik Kohr,2024,8,2,2,4,1,1
118850,Ivan Ordets,2022,17,6,1,10,4,2
118850,Ivan Ordets,2023,18,6,4,8,2,4
119037,Philipp Hofmann,2022,19,7,1,11,5,2
119037,Philipp Hofmann,2023,20,6,4,10,2,4
119037,Philipp Hofmann,2024,8,2,1,5,2,0
119085,Loris Benito,2019,16,5,4,7,1,4
119085,Loris Benito,2020,23,8,7,8,4,4
119115,Diego Falcinelli,2018,38,13,10,15,6,7
119164,Ezequiel Schelotto,2018,20,6,6,8,4,2
119164,Ezequiel Schelotto,2019,13,2,3,8,1,1
119228,Luis Muriel,2018,55,30,12,13,16,14
119228,Luis Muriel,2019,44,13,15,16,4,9
119228,Luis Muriel,2020,42,24,10,8,10,14
119228,Luis Muriel,2021,52,30,12,10,12,18
119228,Luis Muriel,2022,33,15,9,9,8,7
119228,Luis Muriel,2023,23,10,4,9,3,7
119234,Karim Onisiwo,2018,29,9,8,12,5,4
119234,Karim Onisiwo,2019,31,10,1,20,3,7
119234,Karim Onisiwo,2020,30,6,7,17,0,6
119234,Karim Onisiwo,2021,35,15,8,12,10,5
119234,Karim Onisiwo,2022,34,13,7,14,6,7
119234,Karim Onisiwo,2023,17,4,6,7,1,3
119235,Carlos Bacca,2018,35,13,9,13,7,6
119235,Carlos Bacca,2019,46,18,12,16,9,9
119235,Carlos Bacca,2020,34,19,7,8,8,11
119235,Carlos Bacca,2021,55,26,13,16,13,13
119269,Shane Duffy,2018,35,11,10,14,8,3
119269,Shane Duffy,2019,40,9,11,20,5,4
119269,Shane Duffy,2021,31,12,14,5,7,5
119277,Yannick Gerhardt,2018,26,12,6,8,6,6
119277,Yannick Gerhardt,2019,39,15,11,13,6,9
119277,Yannick Gerhardt,2020,36,17,10,9,7,10
119277,Yannick Gerhardt,2021,45,19,8,18,9,10
119277,Yannick Gerhardt,2022,28,13,7,8,6,7
119277,Yannick Gerhardt,2023,20,7,5,8,2,5
119277,Yannick Gerhardt,2024,7,0,4,3,0,0
119296,Emre Can,2018,31,22,4,5,10,12
119296,Emre Can,2019,40,26,6,8,16,10
119296,Emre Can,2020,36,24,1,11,10,14
119296,Emre Can,2021,41,25,5,11,7,18
119296,Emre Can,2022,38,22,7,9,9,13
119296,Emre Can,2023,21,14,4,3,6,8
119369,Federico Dionisi,2018,1,0,0,1,0,0
120095,José Campaña,2018,33,14,5,14,10,4
120095,José Campaña,2019,38,14,9,15,6,8
120095,José Campaña,2020,31,8,9,14,4,4
120095,José Campaña,2021,12,1,5,6,0,1
120095,José Campaña,2024,4,0,2,2,0,0
120189,Nikola Dovedan,2023,0,0,0,0,0,0
120443,Santiago Arias,2018,33,21,9,3,8,13
120443,Santiago Arias,2019,45,24,12,9,11,13
120443,Santiago Arias,2021,17,6,5,6,3,3
120651,Vincent Le Goff,2020,14,2,2,10,0,2
120651,Vincent Le Goff,2021,31,8,10,13,6,2
120651,Vincent Le Goff,2022,34,13,9,12,8,5
120651,Vincent Le Goff,2023,22,7,6,9,4,3
120705,Juan Carlos,2020,2,1,0,1,0,1
121257,Adam Forshaw,2021,14,2,6,6,2,0
121324,John Egan,2019,20,7,7,6,4,3
121385,Grant Hanley,2019,10,2,1,7,1,1
121385,Grant Hanley,2021,17,2,4,11,1,1
121402,Ahmad Benali,2020,5,0,1,4,0,0
121477,Craig Dawson,2019,18,3,6,9,0,3
121477,Craig Dawson,2021,48,28,8,12,14,14
121477,Craig Dawson,2022,36,13,5,17,6,7
121477,Craig Dawson,2023,20,8,4,8,5,3
121477,Craig Dawson,2024,9,5,1,3,3,2
121686,Cristian Gamboa,2021,15,8,1,6,5,3
121686,Cristian Gamboa,2022,34,13,5,16,9,4
121686,Cristian Gamboa,2023,7,2,3,2,1,1
121686,Cristian Gamboa,2024,8,1,2,5,1,0
121985,Juan Jesus,2018,49,24,11,14,7,17
121985,Juan Jesus,2021,41,20,8,13,9,11
121985,Juan Jesus,2023,27,16,5,6,4,12
122043,Héctor Herrera,2019,39,19,12,8,6,13
122043,Héctor Herrera,2020,33,17,10,6,7,10
122043,Héctor Herrera,2021,37,18,8,11,9,9
122116,Nicolas de Préville,2018,43,21,11,11,10,11
122116,Nicolas de Préville,2019,32,10,8,14,4,6
122116,Nicolas de Préville,2020,24,8,8,8,4,4
122116,Nicolas de Préville,2021,33,9,6,18,5,4
122153,Paul Pogba,2018,47,27,8,12,14,13
122153,Paul Pogba,2019,31,13,7,11,6,7
122153,Paul Pogba,2020,32,18,6,8,7,11
122153,Paul Pogba,2021,37,19,8,10,10,9
122153,Paul Pogba,2022,14,4,5,5,2,2
122155,Willian José,2018,29,10,4,15,4,6
122155,Willian José,2019,36,18,8,10,9,9
122155,Willian José,2020,44,19,10,14,11,8
122155,Willian José,2021,47,22,8,17,11,11
122155,Willian José,2022,44,21,12,11,10,11
122155,Willian José,2023,28,11,5,12,8,3
122797,Andy Delort,2018,30,10,10,10,5,5
122797,Andy Delort,2019,37,14,13,10,7,7
122797,Andy Delort,2020,23,12,4,7,8,4
122797,Andy Delort,2021,32,13,9,10,8,5
122797,Andy Delort,2022,33,14,7,12,11,3
122840,Loïc Nego,2023,0,0,0,0,0,0
122840,Loïc Nego,2024,8,1,2,5,1,0
123275,Tom Cairney,2018,15,3,3,9,2,1
123275,Tom Cairney,2020,16,2,5,9,1,1
123275,Tom Cairney,2022,20,8,4,7,6,2
123275,Tom Cairney,2023,20,8,3,9,4,4
123275,Tom Cairney,2024,10,4,3,3,1,3
123551,Sam Morsy,2024,1,0,0,1,0,0
123742,Gastón Ramírez,2018,40,16,8,16,8,8
123742,Gastón Ramírez,2019,32,8,5,19,5,3
123742,Gastón Ramírez,2020,34,12,5,17,5,7
124002,Biagio Meccariello,2019,10,2,5,3,1,1
124028,Ismaily,2022,14,8,1,5,3,5
124028,Ismaily,2023,12,4,6,2,2,2
124410,Rani Khedira,2018,35,8,11,16,5,3
124517,Sebastian Kerk,2018,11,1,3,7,0,1
124555,Cristiano Biraghi,2018,37,14,11,12,7,7
124555,Cristiano Biraghi,2019,44,17,13,14,7,10
124555,Cristiano Biraghi,2020,47,23,13,11,9,14
124555,Cristiano Biraghi,2021,44,18,8,18,10,8
124555,Cristiano Biraghi,2022,40,17,8,15,11,6
124555,Cristiano Biraghi,2023,28,13,8,7,7,6
124715,Nikola Maksimović,2018,39,24,6,9,13,11
124715,Nikola Maksimović,2019,38,16,12,10,3,13
124715,Nikola Maksimović,2020,42,25,7,9,13,12
124732,John Brooks,2018,22,11,3,8,5,6
124732,John Brooks,2019,32,12,8,12,5,7
124732,John Brooks,2020,36,17,10,9,8,9
124732,John Brooks,2021,45,18,7,20,9,9
124732,John Brooks,2023,18,5,2,11,1,4
124769,Luca Marrone,2020,14,1,3,10,0,1
125020,José Luis Palomino,2018,41,17,10,14,6,11
125020,José Luis Palomino,2019,45,26,10,9,9,17
125020,José Luis Palomino,2020,41,24,10,7,10,14
125020,José Luis Palomino,2021,54,31,12,11,13,18
125020,José Luis Palomino,2022,25,8,6,11,3,5
125020,José Luis Palomino,2024,5,1,2,2,0,1
125165,Jesús Corona,2021,45,28,10,7,16,12
125165,Jesús Corona,2022,24,7,11,6,5,2
125314,Pontus Jansson,2021,18,5,5,8,3,2
125314,Pontus Jansson,2022,30,11,5,13,3,8
125409,Nathaniel Mendez-Laing,2018,13,4,4,5,3,1
125614,Sargis Adamyan,2019,15,9,2,4,5,4
125614,Sargis Adamyan,2020,13,7,1,5,3,4
125614,Sargis Adamyan,2021,35,14,10,11,5,9
125614,Sargis Adamyan,2022,31,14,5,12,2,12
125614,Sargis Adamyan,2023,13,4,5,4,1,3
125685,Luke Berry,2023,4,1,2,1,1,0
125781,Antoine Griezmann,2018,51,32,11,8,11,21
125781,Antoine Griezmann,2019,46,29,8,9,11,18
125781,Antoine Griezmann,2020,46,27,9,10,12,15
125781,Antoine Griezmann,2022,41,22,9,10,11,11
125781,Antoine Griezmann,2023,26,17,5,4,8,9
125781,Antoine Griezmann,2024,11,6,1,4,3,3
126281,Alexander Hack,2018,28,8,7,13,4,4
126281,Alexander Hack,2019,32,11,1,20,5,6
126281,Alexander Hack,2020,24,5,4,15,0,5
126281,Alexander Hack,2021,38,18,9,11,13,5
126414,Hakan Çalhanoğlu,2018,47,24,15,8,15,9
126414,Hakan Çalhanoğlu,2019,40,19,7,14,12,7
126414,Hakan Çalhanoğlu,2020,43,27,13,3,9,18
126414,Hakan Çalhanoğlu,2021,47,28,9,10,7,21
126414,Hakan Çalhanoğlu,2022,45,28,7,10,11,17
126414,Hakan Çalhanoğlu,2023,31,20,4,7,11,9
126414,Hakan Çalhanoğlu,2024,10,8,1,1,4,4
126534,Salif Sané,2018,41,14,9,18,7,7
126534,Salif Sané,2019,28,10,6,12,5,5
126534,Salif Sané,2020,15,1,5,9,0,1
126540,Samuel Umtiti,2020,25,14,6,5,9,5
126557,Jonathan Gradit,2022,28,17,7,4,10,7
126557,Jonathan Gradit,2023,22,14,5,3,6,8
126557,Jonathan Gradit,2024,8,3,2,3,1,2
126600,Kenny McLean,2019,21,3,4,14,1,2
126600,Kenny McLean,2021,20,3,4,13,2,1
126664,Lucas Digne,2018,42,21,12,9,6,15
126664,Lucas Digne,2019,38,15,7,16,7,8
126664,Lucas Digne,2021,38,14,9,15,9,5
126664,Lucas Digne,2022,30,9,5,14,4,5
126664,Lucas Digne,2023,22,12,4,6,6,6
126664,Lucas Digne,2024,6,3,1,2,2,1
126673,Adama Soumaoro,2021,40,14,9,17,7,7
126673,Adama Soumaoro,2022,29,9,9,11,6,3
126683,Tristan Dingomé,2018,6,3,2,1,2,1
126683,Tristan Dingomé,2019,26,11,11,4,5,6
126683,Tristan Dingomé,2021,12,4,3,5,2,2
126683,Tristan Dingomé,2022,30,7,11,12,3,4
126699,Vincent Pajot,2020,15,8,3,4,5,3
126699,Vincent Pajot,2021,20,4,5,11,3,1
126716,Paco Alcácer,2018,41,30,7,4,13,17
126716,Paco Alcácer,2019,36,20,9,7,7,13
126716,Paco Alcácer,2020,29,16,6,7,6,10
126716,Paco Alcácer,2021,53,24,13,16,10,14
126719,Juan Bernat,2018,37,28,5,4,6,22
126719,Juan Bernat,2019,41,30,3,8,10,20
126719,Juan Bernat,2021,8,6,2,0,3,3
126719,Juan Bernat,2022,36,26,8,2,10,16
126719,Juan Bernat,2024,0,0,0,0,0,0
126729,Patric,2018,40,20,10,10,6,14
126729,Patric,2021,50,24,9,17,11,13
126729,Patric,2022,39,19,11,9,6,13
126737,Juanmi,2018,32,10,5,17,4,6
126737,Juanmi,2019,26,9,9,8,6,3
126737,Juanmi,2020,17,6,1,10,2,4
126737,Juanmi,2021,52,29,13,10,14,15
126737,Juanmi,2022,34,19,8,7,9,10
126737,Juanmi,2023,24,11,4,9,8,3
126737,Juanmi,2024,7,1,3,3,0,1
126751,Iñigo Ruiz de Galarreta,2021,18,5,7,6,4,1
126751,Iñigo Ruiz de Galarreta,2022,23,11,3,9,8,3
126751,Iñigo Ruiz de Galarreta,2023,19,9,4,6,5,4
127032,Serge Aurier,2018,35,23,6,6,10,13
127032,Serge Aurier,2019,31,15,7,9,7,8
127032,Serge Aurier,2020,43,19,12,12,7,12
127032,Serge Aurier,2021,23,9,4,10,2,7
127032,Serge Aurier,2022,29,12,8,8,5,7
127032,Serge Aurier,2023,17,6,6,4,4,2
127048,Cédric Bakambu,2021,0,0,0,0,0,0
127076,Jérôme Roussillon,2018,24,10,9,5,5,5
127076,Jérôme Roussillon,2019,38,15,10,13,6,9
127076,Jérôme Roussillon,2020,33,14,9,10,7,7
127076,Jérôme Roussillon,2021,35,14,6,15,7,7
127076,Jérôme Roussillon,2023,21,11,5,5,6,5
127108,Florian Lejeune,2018,13,6,2,5,4,2
127108,Florian Lejeune,2019,19,6,3,10,3,3
127108,Florian Lejeune,2020,26,9,10,7,6,3
127108,Florian Lejeune,2021,37,8,8,21,5,3
127108,Florian Lejeune,2022,34,11,9,14,8,3
127108,Florian Lejeune,2023,22,5,5,12,4,1
127108,Florian Lejeune,2024,10,1,3,6,0,1
127142,Jonas Martin,2018,36,8,13,15,3,5
127142,Jonas Martin,2021,25,9,6,10,2,7
127142,Jonas Martin,2023,20,9,7,4,4,5
127142,Jonas Martin,2024,8,3,4,1,2,1
127156,Téji Savanier,2018,13,6,1,6,3,3
127156,Téji Savanier,2019,29,12,6,11,3,9
127156,Téji Savanier,2020,22,11,3,8,7,4
127156,Téji Savanier,2021,30,12,11,7,4,8
127156,Téji Savanier,2022,26,5,4,17,3,2
127156,Téji Savanier,2023,17,9,1,7,4,5
127156,Téji Savanier,2024,8,2,2,4,1,1
127182,Thomas Monconduit,2018,33,11,8,14,6,5
127182,Thomas Monconduit,2019,36,8,12,16,7,1
127182,Thomas Monconduit,2020,21,2,8,11,0,2
127182,Thomas Monconduit,2021,35,11,10,14,9,2
127187,Abdoulaye Doucouré,2018,39,13,8,18,6,7
127187,Abdoulaye Doucouré,2019,38,12,8,18,7,5
127187,Abdoulaye Doucouré,2020,33,14,5,14,9,5
127187,Abdoulaye Doucouré,2021,31,15,5,11,9,6
127187,Abdoulaye Doucouré,2022,34,10,4,19,8,2
127187,Abdoulaye Doucouré,2023,18,5,5,8,4,1
127187,Abdoulaye Doucouré,2024,4,0,2,2,0,0
127189,Geoffrey Kondogbia,2018,34,16,9,9,9,7
127189,Geoffrey Kondogbia,2019,29,11,14,4,5,6
127189,Geoffrey Kondogbia,2020,38,18,4,16,9,9
127189,Geoffrey Kondogbia,2021,45,22,10,13,14,8
127189,Geoffrey Kondogbia,2023,23,17,3,3,8,9
127194,Yaya Sanogo,2018,26,8,8,10,7,1
127194,Yaya Sanogo,2019,35,5,11,19,5,0
127573,Phillipp Mwene,2020,21,6,3,12,0,6
127573,Phillipp Mwene,2023,22,14,6,2,7,7
127573,Phillipp Mwene,2024,8,2,2,4,1,1
127837,Ibai Gómez,2018,36,17,4,15,11,6
127837,Ibai Gómez,2019,33,16,9,8,8,8
128220,Luis Alberto,2018,46,23,10,13,9,14
128220,Luis Alberto,2019,40,23,6,11,11,12
128220,Luis Alberto,2020,37,20,8,9,9,11
128220,Luis Alberto,2021,48,25,9,14,11,14
128220,Luis Alberto,2022,42,21,10,11,8,13
128220,Luis Alberto,2023,24,14,5,5,7,7
128295,Tito,2018,21,7,4,10,7,0
128900,Nathaniel Chalobah,2018,13,2,3,8,2,0
128901,Conor Coady,2020,40,16,9,15,9,7
128901,Conor Coady,2021,43,15,10,18,14,1
128901,Conor Coady,2022,38,12,8,18,7,5
128904,Ben Gibson,2021,19,3,4,12,2,1
128909,Jack Robinson,2023,6,4,1,1,2,2
129078,Nathan Redmond,2018,38,9,11,18,6,3
129078,Nathan Redmond,2019,38,11,10,17,6,5
129078,Nathan Redmond,2020,26,14,6,6,5,9
129078,Nathan Redmond,2021,40,9,11,20,4,5
129476,Gerard Deulofeu,2018,21,8,4,9,3,5
129476,Gerard Deulofeu,2019,43,14,11,18,7,7
129476,Gerard Deulofeu,2020,19,7,5,7,3,4
129476,Gerard Deulofeu,2021,25,9,8,8,3,6
129476,Gerard Deulofeu,2022,35,12,12,11,6,6
129627,Charlie Austin,2018,29,5,8,16,3,2
129674,Jeremy Toljan,2019,32,18,5,9,7,11
129674,Jeremy Toljan,2020,26,13,4,9,6,7
129674,Jeremy Toljan,2021,42,15,12,15,10,5
129674,Jeremy Toljan,2023,18,5,4,9,5,0
129693,Gaku Shibasaki,2018,27,12,7,8,9,3
130360,Simone Verdi,2018,29,13,3,13,6,7
130360,Simone Verdi,2019,38,16,7,15,7,9
130360,Simone Verdi,2020,31,6,8,17,2,4
130360,Simone Verdi,2022,28,7,7,14,6,1
130365,Alessandro Florenzi,2018,50,25,11,14,8,17
130365,Alessandro Florenzi,2019,38,21,11,6,10,11
130365,Alessandro Florenzi,2020,41,18,6,17,5,13
130365,Alessandro Florenzi,2021,36,20,5,11,6,14
130365,Alessandro Florenzi,2022,22,14,7,1,5,9
130365,Alessandro Florenzi,2023,14,5,6,3,2,3
130394,Gianluca Lapadula,2018,31,9,5,17,7,2
130394,Gianluca Lapadula,2019,27,3,11,13,1,2
130394,Gianluca Lapadula,2020,29,10,4,15,6,4
130394,Gianluca Lapadula,2023,0,0,0,0,0,0
130485,Alfredo Donnarumma,2019,18,4,2,12,3,1
130765,Stuart Armstrong,2018,23,6,7,10,3,3
130765,Stuart Armstrong,2019,34,10,10,14,5,5
130765,Stuart Armstrong,2020,33,17,8,8,6,11
130765,Stuart Armstrong,2021,33,13,3,17,7,6
130765,Stuart Armstrong,2022,43,11,7,22,7,4
131075,Francesco Acerbi,2018,44,17,12,15,11,6
131075,Francesco Acerbi,2019,48,26,7,15,13,13
131075,Francesco Acerbi,2021,48,25,8,15,12,13
131075,Francesco Acerbi,2022,31,16,6,9,8,8
131075,Francesco Acerbi,2023,36,22,6,8,12,10
131075,Francesco Acerbi,2024,9,7,1,1,5,2
131102,Jeison Murillo,2020,36,11,15,10,5,6
131102,Jeison Murillo,2021,36,13,10,13,6,7
131109,Gastón Brugman,2019,19,9,4,6,5,4
131109,Gastón Brugman,2020,35,9,9,17,5,4
131225,Nicolás Tagliafico,2022,34,20,6,8,10,10
131225,Nicolás Tagliafico,2023,19,9,5,5,3,6
131225,Nicolás Tagliafico,2024,6,5,0,1,4,1
131248,Joel Campbell,2018,28,8,9,11,4,4
131667,Ramon Azeez,2019,19,8,3,8,4,4
131827,Jere Uronen,2021,27,11,6,10,7,4
131978,Ross Barkley,2018,36,25,6,5,13,12
131978,Ross Barkley,2019,45,25,8,12,11,14
131978,Ross Barkley,2021,43,20,11,12,10,10
131978,Ross Barkley,2022,29,16,7,6,11,5
131978,Ross Barkley,2023,21,9,7,5,5,4
131978,Ross Barkley,2024,11,2,3,6,1,1
132098,Harry Kane,2018,52,32,9,11,14,18
132098,Harry Kane,2019,36,16,7,13,7,9
132098,Harry Kane,2020,33,19,8,6,6,13
132098,Harry Kane,2021,42,22,6,14,6,16
132098,Harry Kane,2022,47,27,7,12,11,16
132098,Harry Kane,2023,27,11,4,12,5,6
132098,Harry Kane,2024,12,7,1,4,3,4
133731,Patrick Mainka,2023,0,0,0,0,0,0
133731,Patrick Mainka,2024,9,1,5,3,1,0
133964,Lorenzo Insigne,2018,45,28,9,8,14,14
133964,Lorenzo Insigne,2019,41,17,12,12,5,12
133964,Lorenzo Insigne,2020,44,26,7,10,14,12
133964,Lorenzo Insigne,2021,51,31,9,11,11,20
134270,Dan Burn,2020,30,5,14,11,4,1
134270,Dan Burn,2022,41,22,11,6,12,10
134270,Dan Burn,2023,23,10,7,5,4,6
134270,Dan Burn,2024,10,5,2,3,2,3
134294,Danny Ings,2018,37,16,10,11,6,10
134294,Danny Ings,2019,31,9,10,12,5,4
134294,Danny Ings,2020,33,16,7,10,6,10
134294,Danny Ings,2021,34,13,2,19,5,8
134294,Danny Ings,2022,38,11,8,17,4,7
134294,Danny Ings,2023,23,9,5,9,4,5
134294,Danny Ings,2024,11,3,4,4,0,3
134369,Andrea Tabanelli,2019,15,4,6,5,2,2
134425,Raheem Sterling,2018,45,32,5,8,6,26
134425,Raheem Sterling,2019,55,44,4,7,13,31
134425,Raheem Sterling,2020,44,29,7,8,10,19
134425,Raheem Sterling,2021,58,47,2,9,16,31
134425,Raheem Sterling,2022,49,30,10,8,12,18
134425,Raheem Sterling,2023,18,3,5,10,1,2
134883,Daniele Baselli,2018,38,16,13,9,7,9
134883,Daniele Baselli,2019,39,17,10,12,11,6
134883,Daniele Baselli,2020,3,0,0,3,0,0
134936,Jesé,2018,5,0,3,2,0,0
134936,Jesé,2022,15,4,4,7,2,2
134983,Andrea La Mantia,2019,19,4,6,9,2,2
135343,Fabian Schär,2018,33,6,11,16,6,0
135343,Fabian Schär,2019,36,14,6,16,7,7
135343,Fabian Schär,2020,28,9,8,11,5,4
135343,Fabian Schär,2021,28,4,8,16,2,2
135343,Fabian Schär,2022,39,21,9,7,11,10
135343,Fabian Schär,2023,21,10,7,3,4,6
135343,Fabian Schär,2024,10,5,2,3,2,3
135492,Youssouf Sabaly,2018,33,16,8,9,5,11
135492,Youssouf Sabaly,2019,22,5,6,11,3,2
135492,Youssouf Sabaly,2020,25,7,9,9,3,4
135492,Youssouf Sabaly,2021,17,7,1,9,4,3
135492,Youssouf Sabaly,2022,41,21,12,8,10,11
135617,Thiago Mendes,2018,35,15,7,13,10,5
135617,Thiago Mendes,2019,39,20,10,9,8,12
135617,Thiago Mendes,2020,22,12,6,4,6,6
135617,Thiago Mendes,2021,43,22,12,9,11,11
135617,Thiago Mendes,2022,35,16,7,12,9,7
136133,Andrea Schiavone,2021,18,2,1,15,2,0
136501,Kadeem Harris,2018,15,5,1,9,4,1
137841,Romain Amalfitano,2018,30,8,9,13,5,3
137841,Romain Amalfitano,2019,38,8,9,21,7,1
138055,Haris Belkebla,2019,17,5,6,6,2,3
138055,Haris Belkebla,2021,37,10,10,17,6,4
138055,Haris Belkebla,2022,31,9,5,17,5,4
138584,Luka Krajnc,2018,18,1,6,11,0,1
138803,Francisco Portillo,2018,31,11,11,9,8,3
138803,Francisco Portillo,2019,43,21,12,10,11,10
138803,Francisco Portillo,2022,17,5,2,10,3,2
138935,Sergio Álvarez,2020,36,11,10,15,5,6
139208,Virgil van Dijk,2018,50,33,8,9,10,23
139208,Virgil van Dijk,2019,52,42,6,4,18,24
139208,Virgil van Dijk,2021,22,16,4,2,4,12
139208,Virgil van Dijk,2022,53,38,8,7,14,24
139208,Virgil van Dijk,2023,19,11,3,5,5,6
139208,Virgil van Dijk,2024,15,11,2,2,2,9
139279,Nicolas Pallois,2018,28,8,9,11,4,4
139279,Nicolas Pallois,2019,35,16,4,15,14,2
139279,Nicolas Pallois,2020,19,4,6,9,1,3
139279,Nicolas Pallois,2021,36,13,10,13,5,8
139279,Nicolas Pallois,2022,36,10,12,14,4,6
139279,Nicolas Pallois,2023,16,3,5,8,3,0
139279,Nicolas Pallois,2024,8,2,1,5,2,0
140191,Ryan Fredericks,2018,11,2,3,6,0,2
140191,Ryan Fredericks,2020,23,7,8,8,3,4
140559,Raffaele Maiello,2018,17,1,7,9,0,1
140757,Daniel Bessa,2018,36,12,6,18,7,5
140757,Daniel Bessa,2020,0,0,0,0,0,0
140757,Daniel Bessa,2021,42,11,12,19,5,6
140776,Yannick Carrasco,2019,0,0,0,0,0,0
140776,Yannick Carrasco,2020,34,20,10,4,10,10
140776,Yannick Carrasco,2021,44,23,12,9,15,8
140776,Yannick Carrasco,2022,43,22,9,12,10,12
140776,Yannick Carrasco,2023,23,16,3,4,8,8
141050,Danilo Pereira,2020,34,21,3,10,4,17
141050,Danilo Pereira,2021,51,34,8,9,14,20
141050,Danilo Pereira,2022,39,28,7,4,10,18
141050,Danilo Pereira,2023,24,13,2,9,5,8
141660,Jesse Lingard,2018,44,27,6,11,13,14
141660,Jesse Lingard,2019,40,18,9,13,9,9
141660,Jesse Lingard,2020,23,10,6,7,5,5
141660,Jesse Lingard,2021,39,21,8,10,12,9
141660,Jesse Lingard,2022,38,10,10,16,7,3
141834,Cristian Tello,2018,38,21,9,8,13,8
141834,Cristian Tello,2019,31,9,5,17,6,3
141834,Cristian Tello,2020,39,12,7,20,4,8
141834,Cristian Tello,2021,45,26,9,10,14,12
142021,Sergi Darder,2018,35,11,10,14,6,5
142021,Sergi Darder,2019,47,17,14,16,7,10
142021,Sergi Darder,2021,21,9,4,8,7,2
142021,Sergi Darder,2022,36,8,13,15,5,3
142021,Sergi Darder,2023,25,7,6,12,6,1
142021,Sergi Darder,2024,12,5,3,4,5,0
142027,Pablo Hervías,2018,4,1,1,2,1,0
142027,Pablo Hervías,2019,19,3,7,9,0,3
142027,Pablo Hervías,2020,37,9,13,15,6,3
142031,Omar Mascarell,2019,35,14,11,10,8,6
142031,Omar Mascarell,2020,20,3,7,10,1,2
142031,Omar Mascarell,2021,34,6,8,20,4,2
142031,Omar Mascarell,2022,34,10,6,18,5,5
142031,Omar Mascarell,2024,11,5,3,3,5,0
142281,Anthony Ujah,2018,36,11,9,16,6,5
142281,Anthony Ujah,2019,36,15,3,18,4,11
142310,Willy Boly,2018,20,8,5,7,5,3
142310,Willy Boly,2019,37,19,9,9,11,8
142310,Willy Boly,2020,34,15,7,12,8,7
142310,Willy Boly,2021,24,10,2,12,9,1
142310,Willy Boly,2022,29,5,6,16,4,1
142310,Willy Boly,2023,10,4,4,1,4,0
144028,Leandro Trossard,2019,27,9,7,11,5,4
144028,Leandro Trossard,2020,32,4,15,13,3,1
144028,Leandro Trossard,2021,41,14,15,12,10,4
144028,Leandro Trossard,2022,36,14,9,12,7,7
144028,Leandro Trossard,2023,23,12,4,7,3,9
144028,Leandro Trossard,2024,10,9,0,1,2,7
144143,Bartosz Bereszyński,2018,34,14,8,12,8,6
144143,Bartosz Bereszyński,2019,31,10,6,15,5,5
144143,Bartosz Bereszyński,2020,30,12,4,14,5,7
144143,Bartosz Bereszyński,2023,27,18,5,4,5,13
145115,Valon Berisha,2020,39,11,15,13,6,5
145466,Tim Ream,2022,19,8,4,7,6,2
145466,Tim Ream,2023,20,8,3,9,4,4
145769,Sergio León,2018,32,18,6,8,11,7
145769,Sergio León,2019,35,12,5,18,7,5
145769,Sergio León,2020,33,12,11,10,6,6
145769,Sergio León,2022,17,7,2,8,4,3
146310,Wataru Endo,2020,16,6,6,4,3,3
146310,Wataru Endo,2021,39,12,8,19,5,7
146310,Wataru Endo,2022,32,8,11,13,6,2
146310,Wataru Endo,2023,22,6,7,9,4,2
146509,Conor Townsend,2020,11,3,3,5,3,0
146690,George Baldock,2019,20,7,8,5,4,3
146690,George Baldock,2020,36,8,6,22,6,2
146752,Gianluca Caprari,2018,37,16,7,14,8,8
146752,Gianluca Caprari,2019,28,7,6,15,4,3
146752,Gianluca Caprari,2020,33,10,7,16,6,4
146752,Gianluca Caprari,2021,38,9,14,15,7,2
146752,Gianluca Caprari,2022,34,14,6,14,7,7
146752,Gianluca Caprari,2024,0,0,0,0,0,0
146795,Ryan Fraser,2018,38,14,8,16,8,6
146795,Ryan Fraser,2019,38,10,8,20,4,6
146795,Ryan Fraser,2020,19,6,3,10,2,4
146795,Ryan Fraser,2021,29,2,11,16,1,1
146795,Ryan Fraser,2022,28,16,7,5,7,9
146795,Ryan Fraser,2024,1,0,1,0,0,0
146854,Wissam Ben Yedder,2018,55,31,10,14,15,16
146854,Wissam Ben Yedder,2019,41,18,7,16,7,11
146854,Wissam Ben Yedder,2020,26,10,6,10,8,2
146854,Wissam Ben Yedder,2021,50,29,12,9,12,17
146854,Wissam Ben Yedder,2022,44,24,9,11,11,13
146854,Wissam Ben Yedder,2023,22,10,4,8,5,5
147038,Cédric Brunner,2020,12,3,1,8,3,0
147485,Louis Schaub,2019,17,5,2,10,2,3
147485,Louis Schaub,2021,19,8,7,4,3,5
147573,Sebastian Andersson,2019,19,8,2,9,2,6
147573,Sebastian Andersson,2020,29,7,7,15,5,2
147573,Sebastian Andersson,2021,25,10,8,7,5,5
148153,Lewis Dunk,2018,39,14,9,16,10,4
148153,Lewis Dunk,2019,40,10,11,19,5,5
148153,Lewis Dunk,2020,31,5,14,12,4,1
148153,Lewis Dunk,2021,37,12,13,12,9,3
148153,Lewis Dunk,2022,35,13,7,13,5,8
148153,Lewis Dunk,2023,26,14,5,7,6,8
148153,Lewis Dunk,2024,12,5,2,5,2,3
148262,Jeff Hendrick,2018,44,11,11,22,7,4
148262,Jeff Hendrick,2019,39,15,7,17,7,8
148262,Jeff Hendrick,2020,25,10,7,8,4,6
148262,Jeff Hendrick,2021,39,8,11,20,5,3
148367,Christian Nørgaard,2021,17,5,5,7,3,2
148367,Christian Nørgaard,2022,28,12,4,11,4,8
148367,Christian Nørgaard,2023,15,5,6,4,1,4
148367,Christian Nørgaard,2024,8,1,1,6,0,1
148368,Divock Origi,2018,28,11,6,11,3,8
148368,Divock Origi,2019,52,42,7,3,18,24
148368,Divock Origi,2020,42,25,9,8,10,15
148368,Divock Origi,2021,34,22,3,9,5,17
148368,Divock Origi,2022,32,23,5,4,11,12
148455,Mohamed Salah,2018,49,33,7,9,10,23
148455,Mohamed Salah,2019,53,42,6,5,19,23
148455,Mohamed Salah,2020,45,26,10,9,11,15
148455,Mohamed Salah,2021,53,32,9,12,8,24
148455,Mohamed Salah,2022,49,33,8,7,13,20
148455,Mohamed Salah,2023,27,12,7,8,6,6
148455,Mohamed Salah,2024,5,3,1,1,0,3
148928,Saúl Ñíguez,2018,51,32,11,8,12,20
148928,Saúl Ñíguez,2019,42,23,10,9,10,13
148928,Saúl Ñíguez,2020,41,23,12,6,12,11
148928,Saúl Ñíguez,2022,48,26,9,13,14,12
148928,Saúl Ñíguez,2023,26,17,5,4,8,9
148928,Saúl Ñíguez,2024,14,7,2,5,4,3
149231,Fidel,2020,14,3,6,5,2,1
149231,Fidel,2021,36,9,9,18,5,4
149231,Fidel,2022,26,8,4,14,4,4
149716,Ivan Cavaleiro,2018,15,6,3,6,3,3
149716,Ivan Cavaleiro,2020,15,3,4,8,2,1
149716,Ivan Cavaleiro,2023,16,4,2,10,2,2
149928,Jubal,2022,16,3,4,9,3,0
149928,Jubal,2024,0,0,0,0,0,0
152963,Florian Niederlechner,2018,13,5,4,4,2,3
152963,Florian Niederlechner,2019,35,9,11,15,4,5
152963,Florian Niederlechner,2020,29,6,8,15,2,4
152963,Florian Niederlechner,2021,32,8,5,19,4,4
152963,Florian Niederlechner,2022,33,11,5,17,7,4
153084,Leon Goretzka,2018,40,26,8,6,11,15
153084,Leon Goretzka,2019,36,26,4,6,9,17
153084,Leon Goretzka,2020,40,35,4,1,11,24
153084,Leon Goretzka,2021,35,27,1,7,9,18
153084,Leon Goretzka,2022,29,20,6,3,2,18
153084,Leon Goretzka,2023,23,13,4,6,4,9
153084,Leon Goretzka,2024,12,7,1,4,3,4
153238,Jonathan Viera,2023,0,0,0,0,0,0
153427,Bebé,2021,23,13,3,7,5,8
153427,Bebé,2023,2,2,0,0,2,0
153555,Sebastian Griesbeck,2020,15,6,6,3,3,3
153661,Tobias Mohr,2022,16,3,2,11,1,2
154147,Hauke Wahl,2024,1,0,0,1,0,0
154171,Benjamin Corgnet,2018,26,6,10,10,2,4
154171,Benjamin Corgnet,2019,32,13,6,13,10,3
154199,Wesley Lautoa,2018,28,8,8,12,5,3
154199,Wesley Lautoa,2020,19,3,6,10,2,1
154209,Romain Métanire,2018,11,3,5,3,3,0
154396,Danilo Soares,2021,20,8,2,10,5,3
155423,Varazdat Haroyan,2021,18,3,7,8,3,0
156501,Felipe,2018,42,33,4,5,15,18
156501,Felipe,2019,38,17,12,9,5,12
156501,Felipe,2020,41,22,12,7,10,12
156501,Felipe,2021,46,22,11,13,13,9
156779,Erik Thommy,2018,32,12,6,14,8,4
156779,Erik Thommy,2019,32,7,7,18,4,3
156779,Erik Thommy,2020,19,3,9,7,1,2
156779,Erik Thommy,2021,23,8,3,12,4,4
156808,Unai Bustinza,2018,33,10,7,16,8,2
156808,Unai Bustinza,2019,33,8,9,16,5,3
157491,Jordan Ikoko,2018,32,6,11,15,3,3
157495,Benjamin Mendy,2018,15,12,3,0,2,10
157495,Benjamin Mendy,2019,23,18,3,2,5,13
157495,Benjamin Mendy,2020,31,21,5,5,7,14
157495,Benjamin Mendy,2023,0,0,0,0,0,0
157509,Kurt Zouma,2018,35,9,11,15,4,5
157509,Kurt Zouma,2019,44,20,7,17,11,9
157509,Kurt Zouma,2020,42,23,7,12,8,15
157509,Kurt Zouma,2021,54,34,9,11,16,18
157509,Kurt Zouma,2022,37,13,4,19,6,7
157509,Kurt Zouma,2023,14,5,2,7,2,3
157635,Yussuf Poulsen,2018,52,25,13,14,9,16
157635,Yussuf Poulsen,2019,39,24,9,6,10,14
157635,Yussuf Poulsen,2020,36,21,9,6,8,13
157635,Yussuf Poulsen,2021,38,18,8,12,9,9
157635,Yussuf Poulsen,2022,38,26,6,6,7,19
157635,Yussuf Poulsen,2023,21,13,3,5,5,8
157635,Yussuf Poulsen,2024,11,5,2,4,0,5
157672,Vladimír Coufal,2020,15,5,6,4,4,1
157672,Vladimír Coufal,2021,46,24,8,14,12,12
157672,Vladimír Coufal,2023,18,7,4,7,2,5
158623,Cyrus Christie,2018,22,4,5,13,2,2
158704,Jon Ander Garrido,2020,16,5,4,7,3,2
158764,Stuart Dallas,2020,17,7,2,8,4,3
158764,Stuart Dallas,2021,40,14,10,16,7,7
158791,Sergio Postigo,2018,27,11,3,13,8,3
158791,Sergio Postigo,2019,23,10,7,6,5,5
158795,David Timor,2019,21,13,4,4,7,6
158795,David Timor,2020,37,10,10,17,5,5
158863,Iñigo Martínez,2018,30,4,11,15,1,3
158863,Iñigo Martínez,2019,38,17,11,10,10,7
158863,Iñigo Martínez,2020,39,16,8,15,8,8
158863,Iñigo Martínez,2021,36,10,17,9,7,3
158863,Iñigo Martínez,2023,9,4,3,2,2,2
159372,Felipe Anderson,2018,47,21,10,16,5,16
159372,Felipe Anderson,2019,35,11,7,17,4,7
159372,Felipe Anderson,2021,40,19,11,10,5,14
159372,Felipe Anderson,2022,44,21,12,11,8,13
159372,Felipe Anderson,2023,25,14,5,6,7,7
159471,Serge Gnabry,2018,34,20,9,5,4,16
159471,Serge Gnabry,2019,47,34,7,6,10,24
159471,Serge Gnabry,2020,43,37,5,1,15,22
159471,Serge Gnabry,2021,43,36,2,5,11,25
159471,Serge Gnabry,2022,44,29,10,5,4,25
159471,Serge Gnabry,2023,25,14,5,6,5,9
159471,Serge Gnabry,2024,3,3,0,0,0,3
159844,Christopher Lenz,2019,18,8,2,8,2,6
159844,Christopher Lenz,2020,26,9,7,10,4,5
159844,Christopher Lenz,2022,31,15,7,9,9,6
159883,Ernesto Torregrossa,2019,8,2,1,5,1,1
159883,Ernesto Torregrossa,2020,18,2,4,12,1,1
160182,José Ángel,2018,0,0,0,0,0,0
160182,José Ángel,2021,0,0,0,0,0,0
160241,Kevin Akpoguma,2020,36,15,8,13,5,10
160241,Kevin Akpoguma,2021,23,11,6,6,3,8
160241,Kevin Akpoguma,2022,32,12,6,14,5,7
160438,Mohamed Elneny,2020,37,22,3,12,11,11
160438,Mohamed Elneny,2021,46,23,9,14,4,19
160560,Gaetano Letizia,2020,15,5,3,7,3,2
160561,Fabio Lucioni,2019,18,4,6,8,2,2
160968,Benno Schmitz,2021,39,14,11,14,8,6
160968,Benno Schmitz,2022,33,11,8,14,5,6
160968,Benno Schmitz,2023,17,5,7,5,1,4
161056,Joshua Kimmich,2018,51,37,7,7,8,29
161056,Joshua Kimmich,2019,48,35,7,6,10,25
161056,Joshua Kimmich,2020,37,35,1,1,15,20
161056,Joshua Kimmich,2021,45,34,4,7,10,24
161056,Joshua Kimmich,2022,44,29,10,5,4,25
161056,Joshua Kimmich,2023,24,13,5,6,5,8
161056,Joshua Kimmich,2024,10,5,1,4,2,3
161060,Streli Mamba,2019,18,4,3,11,2,2
161204,Julian Green,2021,19,1,2,16,1,0
161267,Josep Señé,2019,11,2,2,7,1,1
161869,Djibril Sidibé,2018,27,9,7,11,4,5
161869,Djibril Sidibé,2019,34,11,9,14,7,4
161869,Djibril Sidibé,2020,25,8,7,10,6,2
161869,Djibril Sidibé,2021,44,25,12,7,9,16
162029,Javier Manquillo,2018,37,12,10,15,9,3
162029,Javier Manquillo,2021,34,8,12,14,5,3
162056,Gonzalo Melero,2018,6,0,2,4,0,0
162056,Gonzalo Melero,2019,25,9,7,9,6,3
162056,Gonzalo Melero,2020,33,11,10,12,6,5
162056,Gonzalo Melero,2021,31,7,11,13,5,2
162056,Gonzalo Melero,2022,29,12,4,13,4,8
162056,Gonzalo Melero,2023,20,5,6,9,3,2
162074,Álvaro Vadillo,2019,18,7,3,8,3,4
162434,Niklas Stark,2018,27,9,10,8,4,5
162434,Niklas Stark,2019,31,10,6,15,5,5
162434,Niklas Stark,2020,27,7,6,14,2,5
162434,Niklas Stark,2021,38,11,10,17,6,5
162434,Niklas Stark,2022,27,9,6,12,5,4
162434,Niklas Stark,2023,17,3,3,11,1,2
162434,Niklas Stark,2024,5,3,0,2,2,1
162961,Valerio Verre,2019,17,5,4,8,4,1
162961,Valerio Verre,2020,37,13,11,13,7,6
162961,Valerio Verre,2021,37,16,8,13,9,7
162961,Valerio Verre,2022,28,4,9,15,4,0
163086,Cristiano Piccini,2018,28,10,10,8,6,4
163086,Cristiano Piccini,2021,19,8,6,5,3,5
163216,Dimitri Bisoli,2019,18,4,2,12,3,1
163222,Grégoire Defrel,2018,33,14,8,11,5,9
163222,Grégoire Defrel,2019,29,11,4,14,4,7
163222,Grégoire Defrel,2020,19,10,6,3,3,7
163222,Grégoire Defrel,2021,41,15,11,15,10,5
163222,Grégoire Defrel,2022,26,9,7,10,4,5
163222,Grégoire Defrel,2023,23,8,5,10,7,1
163532,Adam Smith,2018,2,0,1,1,0,0
163532,Adam Smith,2019,1,0,0,1,0,0
163532,Adam Smith,2022,4,0,0,1,0,0
163582,Salvatore Molina,2020,12,2,2,8,1,1
163744,Jack Stephens,2018,33,8,11,14,6,2
163744,Jack Stephens,2019,37,11,11,15,7,4
163744,Jack Stephens,2020,36,16,9,11,6,10
164055,David Juncà,2018,24,9,6,9,5,4
164108,Bruno Martella,2019,14,3,1,10,2,1
164230,Nicolas Benezet,2018,35,6,11,18,3,3
164771,Jordan Veretout,2018,33,12,11,10,6,6
164771,Jordan Veretout,2019,44,16,18,10,5,11
164771,Jordan Veretout,2020,40,23,6,11,10,13
164771,Jordan Veretout,2021,42,21,7,14,9,12
164771,Jordan Veretout,2022,41,20,9,12,9,11
164771,Jordan Veretout,2023,22,12,4,6,6,6
164771,Jordan Veretout,2024,7,4,1,2,0,4
165007,Denis Suárez,2019,32,13,5,14,3,10
165007,Denis Suárez,2020,31,12,10,9,5,7
165007,Denis Suárez,2021,41,15,9,17,7,8
165007,Denis Suárez,2022,21,7,5,9,2,5
165007,Denis Suárez,2024,0,0,0,0,0,0
165513,Berat Djimsiti,2018,40,13,7,20,6,7
165513,Berat Djimsiti,2019,46,26,10,10,9,17
165513,Berat Djimsiti,2020,40,22,10,8,10,12
165513,Berat Djimsiti,2021,51,29,12,10,14,15
165513,Berat Djimsiti,2024,10,5,3,2,1,4
165531,Jacopo Dezi,2018,5,1,2,2,1,0
165722,Antonio Di Gaudio,2018,18,5,4,9,3,2
165793,Takumi Minamino,2019,10,4,1,5,0,4
165793,Takumi Minamino,2020,44,26,9,9,11,15
165793,Takumi Minamino,2021,45,24,8,13,6,18
165793,Takumi Minamino,2022,42,28,5,9,9,19
165793,Takumi Minamino,2023,24,11,5,8,6,5
165793,Takumi Minamino,2024,7,3,3,1,3,0
165873,Federico Barba,2018,17,1,8,8,1,0
165873,Federico Barba,2019,24,3,7,14,1,2
165873,Federico Barba,2020,9,3,3,3,1,2
166237,Leandro Paredes,2018,35,20,7,8,12,8
166237,Leandro Paredes,2019,41,30,2,9,11,19
166237,Leandro Paredes,2020,27,18,4,5,4,14
166237,Leandro Paredes,2021,36,22,5,9,6,16
166237,Leandro Paredes,2023,32,16,6,10,10,6
166237,Leandro Paredes,2024,12,8,2,2,3,5
166240,Jürgen Locadia,2018,33,11,8,14,8,3
166601,Niklas Süle,2018,52,37,8,7,8,29
166601,Niklas Süle,2019,34,23,7,4,6,17
166601,Niklas Süle,2020,22,19,2,1,8,11
166601,Niklas Süle,2021,45,36,3,6,11,25
166601,Niklas Süle,2022,37,18,8,11,6,12
166601,Niklas Süle,2023,22,16,3,3,7,9
166601,Niklas Süle,2024,9,7,2,0,1,6
166677,Brian Oliván,2021,20,6,8,6,4,2
166677,Brian Oliván,2022,37,11,8,18,10,1
166677,Brian Oliván,2024,0,0,0,0,0,0
167329,Alassane Pléa,2018,37,17,8,12,4,13
167329,Alassane Pléa,2019,38,18,7,13,9,9
167329,Alassane Pléa,2020,29,12,9,8,5,7
167329,Alassane Pléa,2021,43,16,8,19,7,9
167329,Alassane Pléa,2022,32,12,8,12,3,9
167329,Alassane Pléa,2023,18,5,6,7,1,4
167329,Alassane Pléa,2024,2,0,1,1,0,0
167444,Luca Paganini,2018,0,0,0,0,0,0
167472,Youssouf M'Changama,2022,12,2,2,8,2,0
167491,Stefano Sabelli,2019,18,4,2,12,3,1
167491,Stefano Sabelli,2021,19,3,8,8,3,0
167491,Stefano Sabelli,2023,1,0,0,1,0,0
167796,Paolo Faragò,2018,38,11,10,17,9,2
167796,Paolo Faragò,2019,24,11,5,8,7,4
168933,Eddy Gnahoré,2018,17,4,2,11,3,1
168959,Nemanja Radoja,2019,14,6,2,6,4,2
168959,Nemanja Radoja,2021,31,8,12,11,5,3
168989,Silvan Widmer,2021,19,9,3,7,4,5
168989,Silvan Widmer,2022,31,10,7,14,5,5
168989,Silvan Widmer,2023,14,6,5,3,2,4
169555,Callum Paterson,2018,22,6,3,13,4,2
169801,Cauley Woodrow,2023,4,1,2,1,1,0
169880,Giovanni Di Lorenzo,2018,19,4,4,11,3,1
169880,Giovanni Di Lorenzo,2019,42,15,13,14,8,7
169880,Giovanni Di Lorenzo,2020,46,26,7,12,13,13
169880,Giovanni Di Lorenzo,2021,55,32,9,14,13,19
169880,Giovanni Di Lorenzo,2022,39,29,6,4,12,17
169880,Giovanni Di Lorenzo,2023,28,17,5,6,4,13
169880,Giovanni Di Lorenzo,2024,11,3,5,3,2,1
170321,Paul Dummett,2018,34,11,9,14,8,3
170321,Paul Dummett,2019,31,13,6,12,8,5
170321,Paul Dummett,2020,2,0,2,0,0,0
170472,Dimitri Foulquier,2018,29,7,9,13,5,2
170472,Dimitri Foulquier,2020,43,24,8,11,15,9
170472,Dimitri Foulquier,2023,26,7,5,14,5,2
170472,Dimitri Foulquier,2024,8,3,2,3,3,0
170527,Timo Werner,2018,48,24,11,13,9,15
170527,Timo Werner,2019,41,26,10,5,9,17
170527,Timo Werner,2020,42,20,15,7,3,17
170527,Timo Werner,2021,53,34,9,10,15,19
170527,Timo Werner,2022,43,27,5,11,10,17
170527,Timo Werner,2024,8,4,1,3,2,2
170961,Thomas Delaine,2019,14,2,5,7,1,1
170961,Thomas Delaine,2020,24,11,7,6,6,5
170961,Thomas Delaine,2021,34,7,12,15,4,3
170961,Thomas Delaine,2022,28,4,11,13,4,0
170961,Thomas Delaine,2023,9,3,2,4,0,3
170966,Jérémie Bela,2022,12,3,3,6,1,2
170966,Jérémie Bela,2023,16,9,2,5,7,2
171209,Branimir Hrgota,2021,19,1,2,16,1,0
171362,Pablo Insua,2018,14,3,4,7,3,0
171399,Nicola Murru,2018,34,14,8,12,6,8
171399,Nicola Murru,2019,36,11,5,20,7,4
171399,Nicola Murru,2020,32,10,6,16,3,7
171399,Nicola Murru,2021,40,12,13,15,6,6
173504,James Tarkowski,2018,37,11,7,19,7,4
173504,James Tarkowski,2019,40,15,7,18,7,8
173504,James Tarkowski,2020,33,13,10,10,9,4
173504,James Tarkowski,2021,41,9,12,20,4,5
173504,James Tarkowski,2022,39,8,12,18,6,2
173504,James Tarkowski,2023,22,5,6,11,4,1
173504,James Tarkowski,2024,8,0,4,4,0,0
173859,Davide Zappacosta,2018,47,28,10,9,13,15
173859,Davide Zappacosta,2020,16,10,1,5,6,4
173859,Davide Zappacosta,2021,47,19,16,12,11,8
173859,Davide Zappacosta,2022,26,9,7,10,3,6
173859,Davide Zappacosta,2023,20,10,3,7,4,6
173859,Davide Zappacosta,2024,10,5,3,2,1,4
173900,Hélder Costa,2018,22,8,6,8,5,3
173900,Hélder Costa,2020,16,6,2,8,4,2
174094,Morgan Sanson,2018,45,22,9,14,9,13
174094,Morgan Sanson,2019,38,20,9,9,12,8
174094,Morgan Sanson,2023,23,10,5,8,3,7
174196,Kenny Lala,2018,30,9,8,13,4,5
174196,Kenny Lala,2019,39,16,11,12,11,5
174196,Kenny Lala,2020,25,7,4,14,2,5
174196,Kenny Lala,2022,15,7,4,4,2,5
174196,Kenny Lala,2023,18,7,6,5,4,3
174196,Kenny Lala,2024,8,3,4,1,2,1
174304,Rémy Dugimont,2022,14,3,4,7,3,0
175014,Youcef Belaïli,2021,0,0,0,0,0,0
175014,Youcef Belaïli,2022,26,7,5,14,3,4
175323,Óscar Duarte,2019,17,9,3,5,6,3
175323,Óscar Duarte,2020,34,11,10,13,5,6
175323,Óscar Duarte,2021,47,10,16,21,6,4
175449,Moi Gómez,2018,12,0,4,8,0,0
175449,Moi Gómez,2019,40,14,11,15,6,8
175449,Moi Gómez,2020,40,23,7,10,9,14
175449,Moi Gómez,2021,60,30,13,17,12,18
175449,Moi Gómez,2022,43,20,8,15,8,12
175449,Moi Gómez,2023,25,10,7,8,8,2
175639,Jonathan Clauss,2020,15,8,3,4,5,3
175639,Jonathan Clauss,2021,40,14,15,11,9,5
175639,Jonathan Clauss,2022,39,22,7,10,11,11
175639,Jonathan Clauss,2023,19,10,3,6,6,4
175639,Jonathan Clauss,2024,10,3,3,4,0,3
175722,Eric Dier,2018,45,26,9,10,10,16
175722,Eric Dier,2019,39,17,7,15,11,6
175722,Eric Dier,2020,40,19,11,10,9,10
175722,Eric Dier,2021,46,24,6,16,8,16
175722,Eric Dier,2022,42,24,7,10,10,14
176140,Rodrigo Ely,2019,23,6,5,12,3,3
176140,Rodrigo Ely,2020,31,7,9,15,6,1
176140,Rodrigo Ely,2022,15,5,1,9,3,2
176553,Aymeric Laporte,2018,49,33,7,9,7,26
176553,Aymeric Laporte,2019,30,27,1,2,8,19
176553,Aymeric Laporte,2020,32,21,5,6,7,14
176553,Aymeric Laporte,2021,51,42,1,8,14,28
176553,Aymeric Laporte,2022,43,28,8,5,8,20
177046,Rubén Duarte,2018,27,11,4,12,9,2
177046,Rubén Duarte,2019,35,8,10,17,3,5
177046,Rubén Duarte,2020,30,8,10,12,6,2
177046,Rubén Duarte,2021,35,9,6,20,5,4
177046,Rubén Duarte,2023,1,0,0,1,0,0
177065,Florin Andone,2018,32,8,10,14,7,1
177065,Florin Andone,2021,14,3,4,7,2,1
177452,Abdón Prats,2019,12,4,2,6,2,2
177452,Abdón Prats,2021,21,6,8,7,4,2
177452,Abdón Prats,2023,25,10,4,11,6,4
177467,Gerard Moreno,2018,42,13,17,12,6,7
177467,Gerard Moreno,2019,43,16,12,15,8,8
177467,Gerard Moreno,2020,37,19,10,8,8,11
177467,Gerard Moreno,2021,46,26,7,13,10,16
177467,Gerard Moreno,2022,26,15,4,7,5,10
177467,Gerard Moreno,2023,16,9,3,4,4,5
177467,Gerard Moreno,2024,11,6,4,1,2,4
177476,Nathan Aké,2018,38,14,9,15,8,6
177476,Nathan Aké,2019,35,9,8,18,3,6
177476,Nathan Aké,2020,27,11,6,10,4,7
177476,Nathan Aké,2021,42,30,2,10,12,18
177476,Nathan Aké,2022,48,31,10,5,8,23
177476,Nathan Aké,2023,28,21,3,3,6,15
177779,Janik Haberer,2018,29,7,11,11,4,3
177779,Janik Haberer,2019,30,6,11,13,4,2
177779,Janik Haberer,2020,12,4,3,5,4,0
177779,Janik Haberer,2021,37,16,9,12,9,7
177779,Janik Haberer,2022,42,23,7,12,13,10
177779,Janik Haberer,2023,24,12,6,6,6,6
177779,Janik Haberer,2024,8,2,2,4,2,0
177843,Domenico Berardi,2018,38,12,13,13,6,6
177843,Domenico Berardi,2019,32,9,11,12,3,6
177843,Domenico Berardi,2020,32,15,9,8,7,8
177843,Domenico Berardi,2021,34,14,8,12,9,5
177843,Domenico Berardi,2022,25,8,8,9,3,5
177843,Domenico Berardi,2023,20,6,5,9,5,1
177847,Adnan Januzaj,2018,28,9,4,15,3,6
177847,Adnan Januzaj,2019,30,14,9,7,6,8
177847,Adnan Januzaj,2020,38,17,10,10,9,8
177847,Adnan Januzaj,2021,51,22,14,15,12,10
177847,Adnan Januzaj,2023,15,6,3,6,2,4
177847,Adnan Januzaj,2024,5,2,2,1,2,0
177907,Harry Maguire,2018,38,15,7,16,5,10
177907,Harry Maguire,2019,41,17,11,13,8,9
177907,Harry Maguire,2020,49,28,10,11,9,19
177907,Harry Maguire,2021,51,29,12,10,15,14
177907,Harry Maguire,2023,32,19,5,7,8,11
178187,Álex Alegría,2018,10,2,3,5,2,0
178313,Jean-Eudes Aholou,2018,30,4,9,17,3,1
178313,Jean-Eudes Aholou,2019,25,7,10,8,4,3
178313,Jean-Eudes Aholou,2021,31,11,8,12,5,6
178313,Jean-Eudes Aholou,2022,34,10,15,9,7,3
178313,Jean-Eudes Aholou,2024,2,1,0,1,0,1
178459,Davie Selke,2018,33,9,13,11,3,6
178459,Davie Selke,2019,36,12,8,16,6,6
178459,Davie Selke,2020,25,9,3,13,5,4
178459,Davie Selke,2021,39,12,7,20,7,5
178459,Davie Selke,2022,30,6,7,17,2,4
178459,Davie Selke,2023,18,5,7,6,1,4
179635,Philipp Förster,2020,10,3,4,3,2,1
179635,Philipp Förster,2021,35,12,6,17,5,7
179635,Philipp Förster,2022,30,8,7,15,6,2
179635,Philipp Förster,2023,17,6,3,8,2,4
180337,Sardar Azmoun,2021,30,17,8,5,5,12
180337,Sardar Azmoun,2022,23,8,3,12,2,6
180337,Sardar Azmoun,2023,26,13,7,6,3,10
181136,Piotr Zieliński,2018,47,30,9,8,15,15
181136,Piotr Zieliński,2019,48,21,14,13,7,14
181136,Piotr Zieliński,2020,44,25,7,12,13,12
181136,Piotr Zieliński,2021,55,32,9,14,12,20
181136,Piotr Zieliński,2022,41,29,7,5,11,18
181136,Piotr Zieliński,2023,28,17,5,6,4,13
181136,Piotr Zieliński,2024,9,2,5,2,1,1
181378,Gaëtan Laborde,2019,39,14,13,12,7,7
181378,Gaëtan Laborde,2020,26,12,4,10,8,4
181378,Gaëtan Laborde,2021,40,15,12,13,5,10
181378,Gaëtan Laborde,2022,34,16,7,11,6,10
181378,Gaëtan Laborde,2023,22,10,7,5,5,5
181378,Gaëtan Laborde,2024,8,2,2,4,1,1
181547,Gonçalo Paciência,2018,24,13,5,6,4,9
181547,Gonçalo Paciência,2019,55,25,12,18,14,11
181547,Gonçalo Paciência,2020,24,9,5,10,3,6
181547,Gonçalo Paciência,2021,25,9,6,10,7,2
181547,Gonçalo Paciência,2022,34,11,12,11,8,3
181547,Gonçalo Paciência,2023,24,8,6,10,5,3
181579,James Ward-Prowse,2018,39,9,13,17,7,2
181579,James Ward-Prowse,2019,40,12,11,17,7,5
181579,James Ward-Prowse,2020,37,17,9,11,6,11
181579,James Ward-Prowse,2021,44,12,10,22,6,6
181579,James Ward-Prowse,2022,42,11,7,22,7,4
181579,James Ward-Prowse,2023,24,4,4,15,4,0
181768,Hernani,2019,35,19,6,10,8,11
181768,Hernani,2020,31,8,9,14,4,4
181768,Hernani,2021,37,4,8,25,3,1
181768,Hernani,2024,0,0,0,0,0,0
181778,Emerson,2018,29,17,4,8,11,6
181778,Emerson,2019,38,18,8,12,11,7
181778,Emerson,2020,26,15,5,6,5,10
181778,Emerson,2022,37,14,8,14,6,8
181778,Emerson,2023,24,9,5,10,4,5
181778,Emerson,2024,9,2,3,4,0,2
182574,Jean-Paul Boëtius,2018,38,17,7,14,8,9
182574,Jean-Paul Boëtius,2019,34,13,1,20,5,8
182574,Jean-Paul Boëtius,2020,31,7,7,17,0,7
182574,Jean-Paul Boëtius,2021,39,17,9,13,12,5
182574,Jean-Paul Boëtius,2022,29,9,7,13,4,5
182579,Karim Rekik,2018,20,8,5,7,4,4
182579,Karim Rekik,2019,35,11,8,16,5,6
182579,Karim Rekik,2022,25,8,8,9,3,5
182712,João Cancelo,2018,39,26,8,5,10,16
182712,João Cancelo,2019,49,29,9,11,9,20
182712,João Cancelo,2020,39,27,6,6,10,17
182712,João Cancelo,2021,60,48,2,10,16,32
182712,João Cancelo,2022,51,34,10,6,8,26
182712,João Cancelo,2023,29,19,2,7,7,12
182875,Jean-Charles Castelletto,2019,18,4,7,7,1,3
182875,Jean-Charles Castelletto,2020,23,5,7,11,2,3
182875,Jean-Charles Castelletto,2021,36,12,9,15,6,6
182875,Jean-Charles Castelletto,2022,33,11,9,13,5,6
182875,Jean-Charles Castelletto,2023,22,5,8,9,3,2
182889,Wylan Cyprien,2018,35,14,9,12,10,4
182889,Wylan Cyprien,2019,31,14,6,11,9,5
182889,Wylan Cyprien,2020,13,2,7,4,1,1
182889,Wylan Cyprien,2021,29,8,8,13,4,4
182893,Seko Fofana,2018,36,6,10,20,4,2
182893,Seko Fofana,2019,31,10,6,15,6,4
182893,Seko Fofana,2020,32,12,8,12,7,5
182893,Seko Fofana,2021,39,13,14,12,9,4
182893,Seko Fofana,2022,33,20,8,5,14,6
182904,Clément Lenglet,2018,49,26,12,11,12,14
182904,Clément Lenglet,2019,47,31,11,5,11,20
182904,Clément Lenglet,2020,45,26,8,11,11,15
182904,Clément Lenglet,2021,55,30,12,13,14,16
182904,Clément Lenglet,2022,45,25,8,11,16,9
182904,Clément Lenglet,2023,27,11,4,12,5,6
182904,Clément Lenglet,2024,10,4,2,4,2,2
182913,Adrien Rabiot,2018,40,29,6,5,8,21
182913,Adrien Rabiot,2019,20,15,3,2,11,4
182913,Adrien Rabiot,2020,45,27,10,8,7,20
182913,Adrien Rabiot,2021,51,33,6,12,12,21
182913,Adrien Rabiot,2022,43,23,9,11,11,12
182913,Adrien Rabiot,2023,32,16,6,10,8,8
182913,Adrien Rabiot,2024,5,1,2,2,1,0
182916,Wesley Saïd,2018,32,8,9,15,5,3
182916,Wesley Saïd,2019,34,8,4,22,5,3
182916,Wesley Saïd,2021,10,6,1,3,3,3
182916,Wesley Saïd,2022,27,18,5,4,11,7
182916,Wesley Saïd,2023,9,6,2,1,3,3
182916,Wesley Saïd,2024,10,5,2,3,2,3
183031,Koffi Djidji,2020,27,7,5,15,3,4
183031,Koffi Djidji,2021,37,11,4,22,6,5
183031,Koffi Djidji,2022,31,13,7,11,8,5
183288,Luke Shaw,2018,39,26,5,8,11,15
183288,Luke Shaw,2019,31,15,7,9,6,9
183288,Luke Shaw,2020,36,20,8,8,5,15
183288,Luke Shaw,2021,52,25,15,12,12,13
183288,Luke Shaw,2022,32,17,7,6,10,7
183293,Joe Rothwell,2022,10,1,1,7,0,1
183299,Callum Robinson,2019,19,6,8,5,4,2
183299,Callum Robinson,2020,22,4,6,12,3,1
183302,Ben Pearson,2022,15,3,0,10,0,3
183318,Jamaal Lascelles,2018,36,10,10,16,7,3
183318,Jamaal Lascelles,2019,30,13,4,13,7,6
183318,Jamaal Lascelles,2020,25,9,8,8,5,4
183318,Jamaal Lascelles,2021,28,2,10,16,1,1
183318,Jamaal Lascelles,2023,16,8,3,4,4,4
183334,Patrick Bamford,2020,17,7,2,8,4,3
183334,Patrick Bamford,2021,28,11,7,10,4,7
183334,Patrick Bamford,2022,14,4,3,7,4,0
183647,Álvaro González,2018,36,12,10,14,6,6
183647,Álvaro González,2019,37,17,11,9,11,6
183647,Álvaro González,2020,28,12,7,9,8,4
183720,Anwar El Ghazi,2019,20,5,3,12,2,3
183720,Anwar El Ghazi,2020,30,11,7,12,6,5
183780,Paul Seguin,2021,17,1,2,14,1,0
183780,Paul Seguin,2022,25,9,6,10,6,3
183841,Petar Stojanović,2021,28,15,2,11,8,7
183841,Petar Stojanović,2022,33,6,12,15,5,1
184129,Jordan Clark,2023,3,1,1,1,1,0
184491,Naïm Sliti,2018,37,10,10,17,6,4
184528,Emil Krafth,2018,36,9,4,23,5,4
184528,Emil Krafth,2020,26,7,9,10,2,5
184528,Emil Krafth,2021,39,8,13,18,5,3
184573,Victor Lindelöf,2018,41,25,6,10,12,13
184573,Victor Lindelöf,2019,44,20,12,12,9,11
184573,Victor Lindelöf,2020,46,26,10,10,7,19
184573,Victor Lindelöf,2021,51,26,13,12,12,14
184573,Victor Lindelöf,2023,33,21,5,6,9,12
184672,Guido Carrillo,2018,26,9,10,7,7,2
184672,Guido Carrillo,2019,32,10,6,16,6,4
184672,Guido Carrillo,2020,19,5,10,4,3,2
184672,Guido Carrillo,2021,38,10,9,19,6,4
184779,Gonzalo Verdú,2020,16,4,7,5,3,1
184892,Florian Thauvin,2018,43,21,8,14,7,14
184892,Florian Thauvin,2020,22,9,5,8,6,3
184892,Florian Thauvin,2022,0,0,0,0,0,0
184892,Florian Thauvin,2023,18,4,5,9,1,3
184892,Florian Thauvin,2024,9,2,3,4,2,0
184894,Alfred Duncan,2018,33,12,11,10,7,5
184894,Alfred Duncan,2019,36,8,13,15,2,6
184894,Alfred Duncan,2021,44,19,7,18,12,7
184894,Alfred Duncan,2022,36,17,6,13,11,6
184894,Alfred Duncan,2023,27,12,8,7,6,6
184894,Alfred Duncan,2024,8,2,3,3,1,1
184922,Ambroise Oyongo,2018,17,8,7,2,4,4
184922,Ambroise Oyongo,2020,23,10,4,9,6,4
184922,Ambroise Oyongo,2021,14,6,2,6,2,4
184935,Kalifa Coulibaly,2018,23,7,7,9,4,3
184935,Kalifa Coulibaly,2019,37,17,6,14,15,2
184935,Kalifa Coulibaly,2020,12,3,4,5,1,2
184935,Kalifa Coulibaly,2021,30,11,8,11,5,6
185077,Vincenzo Grifo,2018,32,10,7,15,2,8
185077,Vincenzo Grifo,2020,31,11,9,11,6,5
185077,Vincenzo Grifo,2021,38,18,9,11,9,9
185077,Vincenzo Grifo,2022,44,25,10,9,12,13
185077,Vincenzo Grifo,2023,23,10,5,8,5,5
185077,Vincenzo Grifo,2024,13,4,3,6,4,0
185699,Tim Leibold,2018,18,4,5,9,1,3
186368,Valentino Lazaro,2018,34,12,12,10,5,7
186368,Valentino Lazaro,2020,33,11,11,11,3,8
186368,Valentino Lazaro,2022,37,19,8,10,11,8
186368,Valentino Lazaro,2023,11,3,6,2,2,1
186368,Valentino Lazaro,2024,9,3,4,2,1,2
186399,Thiago Galhardo,2021,16,6,4,6,3,3
186477,Herbert Bockhorn,2021,14,3,2,9,2,1
186590,John Stones,2018,41,29,4,8,7,22
186590,John Stones,2019,37,29,3,5,10,19
186590,John Stones,2020,36,26,6,4,8,18
186590,John Stones,2021,52,42,1,9,14,28
186590,John Stones,2022,40,25,9,4,8,17
186590,John Stones,2023,27,23,3,1,8,15
186862,Enzo Roco,2021,39,13,11,15,7,6
186862,Enzo Roco,2022,32,9,4,19,5,4
186988,Sven Michel,2019,20,5,3,12,2,3
186988,Sven Michel,2021,2,0,0,2,0,0
186988,Sven Michel,2022,35,20,5,10,11,9
186988,Sven Michel,2023,24,11,7,6,6,5
187384,Cristian Buonaiuto,2022,17,2,7,8,1,1
187491,Timo Baumgartl,2018,30,13,4,13,9,4
187491,Timo Baumgartl,2021,39,20,11,8,7,13
187492,Julian Brandt,2018,43,22,6,15,10,12
187492,Julian Brandt,2019,44,23,10,11,7,16
187492,Julian Brandt,2020,40,25,2,13,7,18
187492,Julian Brandt,2021,49,30,5,14,11,19
187492,Julian Brandt,2022,43,23,7,13,10,13
187492,Julian Brandt,2023,21,15,3,3,7,8
187492,Julian Brandt,2024,9,6,2,1,1,5
187587,Ante Rebić,2018,30,19,3,8,6,13
187587,Ante Rebić,2020,37,23,11,3,8,15
187587,Ante Rebić,2021,31,16,7,8,7,9
187587,Ante Rebić,2022,36,24,7,5,9,15
187587,Ante Rebić,2024,7,1,2,4,0,1
188077,Ryan Christie,2022,21,4,4,10,2,2
188077,Ryan Christie,2023,22,7,2,13,6,1
188077,Ryan Christie,2024,11,3,4,4,1,2
188157,Sebastián Cristóforo,2018,31,12,9,10,6,6
188838,Bruno González,2018,32,12,10,10,8,4
188838,Bruno González,2020,26,7,9,10,3,4
188888,Sheraldo Becker,2019,34,14,6,14,4,10
188888,Sheraldo Becker,2020,25,11,7,7,5,6
188888,Sheraldo Becker,2021,24,12,8,4,7,5
188888,Sheraldo Becker,2022,42,25,5,12,16,9
188888,Sheraldo Becker,2023,25,12,7,6,6,6
188888,Sheraldo Becker,2024,10,4,2,4,3,1
188915,Naomichi Ueda,2020,16,6,0,10,5,1
189441,Lucas Ocampos,2018,47,22,9,16,7,15
189441,Lucas Ocampos,2019,35,20,6,9,12,8
189441,Lucas Ocampos,2020,50,28,14,8,15,13
189441,Lucas Ocampos,2021,46,26,11,9,16,10
189441,Lucas Ocampos,2022,41,15,14,12,5,10
189441,Lucas Ocampos,2023,29,14,5,10,6,8
189441,Lucas Ocampos,2024,8,2,2,4,2,0
189458,Emiliano Velázquez,2018,9,2,2,5,2,0
190289,Gerrit Holtmann,2019,25,7,3,15,4,3
190289,Gerrit Holtmann,2021,17,8,2,7,5,3
190289,Gerrit Holtmann,2022,33,13,5,15,9,4
190289,Gerrit Holtmann,2023,16,6,4,6,2,4
190289,Gerrit Holtmann,2024,5,0,0,5,0,0
190338,Anthony Briançon,2018,17,6,4,7,3,3
190338,Anthony Briançon,2019,33,9,8,16,3,6
190338,Anthony Briançon,2020,13,4,2,7,2,2
190393,Corentin Tolisso,2019,26,18,3,5,6,12
190393,Corentin Tolisso,2020,29,26,2,1,11,15
190393,Corentin Tolisso,2021,28,22,2,4,10,12
190393,Corentin Tolisso,2022,20,10,4,6,3,7
190393,Corentin Tolisso,2023,19,9,5,5,4,5
190393,Corentin Tolisso,2024,6,4,0,2,3,1
190685,Bouna Sarr,2018,49,22,10,17,7,15
190685,Bouna Sarr,2019,35,19,8,8,11,8
190685,Bouna Sarr,2023,15,9,2,4,3,6
190780,Emiliano Sala,2018,34,9,11,14,5,4
190786,Baptiste Reynet,2020,23,3,4,16,2,1
191217,Héctor Bellerín,2018,40,22,7,11,6,16
191217,Héctor Bellerín,2019,10,3,4,3,1,2
191217,Héctor Bellerín,2020,40,22,5,13,12,10
191217,Héctor Bellerín,2021,49,27,9,13,8,19
191217,Héctor Bellerín,2024,7,3,2,2,1,2
191359,Florian Pick,2023,0,0,0,0,0,0
191891,Arkadiusz Milik,2018,37,22,9,6,13,9
191891,Arkadiusz Milik,2019,42,21,10,11,6,15
191891,Arkadiusz Milik,2020,26,15,4,7,8,7
191891,Arkadiusz Milik,2021,31,12,12,7,7,5
191891,Arkadiusz Milik,2023,23,9,5,9,7,2
192009,Unai López,2018,8,0,4,4,0,0
192009,Unai López,2019,21,9,6,6,5,4
192009,Unai López,2020,37,14,7,16,6,8
192009,Unai López,2021,42,18,13,11,10,8
192009,Unai López,2022,31,12,9,10,8,4
192009,Unai López,2023,24,7,5,12,6,1
192009,Unai López,2024,9,1,3,5,0,1
192169,Jonas Föhrenbach,2024,9,1,5,3,1,0
192492,Jordan Lefort,2018,18,5,2,11,4,1
192492,Jordan Lefort,2019,34,6,12,16,5,1
192557,Jackson Irvine,2024,0,0,0,0,0,0
192565,Leroy Sané,2018,47,33,4,10,6,27
192565,Leroy Sané,2020,21,15,4,2,6,9
192565,Leroy Sané,2021,54,42,4,8,14,28
192565,Leroy Sané,2022,38,25,9,4,4,21
192565,Leroy Sané,2023,25,14,5,6,5,9
192565,Leroy Sané,2024,11,7,0,4,3,4
192616,Ulisses Garcia,2023,0,0,0,0,0,0
192616,Ulisses Garcia,2024,8,3,2,3,0,3
192635,Nico Elvedi,2018,32,14,6,12,3,11
192635,Nico Elvedi,2019,40,19,8,13,9,10
192635,Nico Elvedi,2020,34,16,10,8,5,11
192635,Nico Elvedi,2021,39,15,6,18,7,8
192635,Nico Elvedi,2022,30,11,7,12,3,8
192635,Nico Elvedi,2023,19,5,6,8,1,4
192638,Nicolas Haas,2021,20,10,2,8,5,5
192638,Nicolas Haas,2022,15,4,5,6,3,1
192735,Stanislav Lobotka,2018,29,8,10,11,4,4
192735,Stanislav Lobotka,2021,43,24,7,12,10,14
192735,Stanislav Lobotka,2022,38,29,5,4,12,17
192735,Stanislav Lobotka,2023,28,17,5,6,4,13
192736,Sabin Merino,2018,26,8,8,10,3,5
193004,Waldemar Anton,2018,31,6,7,18,3,3
193004,Waldemar Anton,2020,13,5,5,3,3,2
193004,Waldemar Anton,2021,37,12,6,19,5,7
193004,Waldemar Anton,2022,31,7,12,12,6,1
193004,Waldemar Anton,2023,22,6,7,9,4,2
193033,Tim Kleindienst,2018,23,5,6,12,3,2
193033,Tim Kleindienst,2023,0,0,0,0,0,0
193033,Tim Kleindienst,2024,9,1,5,3,1,0
193098,Álex Moreno,2018,11,2,3,6,2,0
193098,Álex Moreno,2019,36,11,8,17,7,4
193098,Álex Moreno,2020,36,11,7,18,4,7
193098,Álex Moreno,2021,47,28,11,8,14,14
193098,Álex Moreno,2022,45,25,11,9,13,12
193098,Álex Moreno,2023,21,13,3,5,7,6
193116,John McGinn,2019,19,4,3,12,1,3
193116,John McGinn,2020,24,10,6,8,4,6
193116,John McGinn,2021,39,14,5,20,9,5
193116,John McGinn,2022,38,11,7,18,4,7
193116,John McGinn,2023,19,11,3,5,5,6
193116,John McGinn,2024,9,4,1,4,2,2
193130,Rachid Alioui,2018,12,4,3,5,2,2
193130,Rachid Alioui,2019,38,16,7,15,6,10
193534,Hamadi Al Ghaddioui,2021,20,8,5,7,3,5
193782,Lucas Alario,2018,41,20,6,15,10,10
193782,Lucas Alario,2019,44,22,7,15,8,14
193782,Lucas Alario,2020,40,26,5,8,10,16
193782,Lucas Alario,2021,39,15,7,17,5,10
193782,Lucas Alario,2022,43,24,7,12,8,16
193784,Carlos Clerc,2019,14,6,2,6,3,3
193784,Carlos Clerc,2020,36,10,11,15,6,4
193784,Carlos Clerc,2022,24,4,5,15,1,3
193867,Liam Henderson,2021,20,9,3,8,5,4
193867,Liam Henderson,2022,36,6,13,17,5,1
193877,Pascal Köpke,2018,10,5,3,2,3,2
194460,Joe Bryan,2018,14,3,4,7,2,1
194460,Joe Bryan,2020,16,3,4,9,2,1
195171,Samu Castillejo,2018,46,21,10,15,14,7
195171,Samu Castillejo,2019,38,19,6,13,12,7
195171,Samu Castillejo,2020,39,25,11,3,10,15
195171,Samu Castillejo,2022,23,11,5,7,7,4
195171,Samu Castillejo,2023,20,5,3,12,4,1
195246,Pascal Stenzel,2018,30,9,7,14,5,4
195246,Pascal Stenzel,2020,14,5,5,4,2,3
195246,Pascal Stenzel,2021,38,12,6,20,5,7
195246,Pascal Stenzel,2023,18,6,6,6,4,2
195605,José Pozo,2018,12,2,3,7,2,0
195633,Charlie Taylor,2020,33,12,10,11,9,3
195633,Charlie Taylor,2023,5,3,1,1,2,1
195652,Jordon Ibe,2018,32,12,6,14,6,6
195680,Joe Ralls,2018,19,5,3,11,4,1
195736,Florian Grillitsch,2018,37,12,14,11,0,12
195736,Florian Grillitsch,2019,33,15,8,10,7,8
195736,Florian Grillitsch,2020,33,14,7,12,3,11
195736,Florian Grillitsch,2021,31,11,10,10,3,8
195736,Florian Grillitsch,2023,19,11,3,5,4,7
195736,Florian Grillitsch,2024,8,2,2,4,2,0
196095,Luca Waldschmidt,2018,31,10,9,12,5,5
196095,Luca Waldschmidt,2019,26,10,7,9,5,5
196095,Luca Waldschmidt,2021,39,18,10,11,5,13
196095,Luca Waldschmidt,2022,24,10,5,9,6,4
196095,Luca Waldschmidt,2023,19,6,5,8,1,5
196357,Jonathan Tah,2018,35,18,5,12,8,10
196357,Jonathan Tah,2019,43,22,7,14,7,15
196357,Jonathan Tah,2020,45,29,6,8,10,19
196357,Jonathan Tah,2021,48,19,11,18,7,12
196357,Jonathan Tah,2022,40,16,8,16,4,12
196357,Jonathan Tah,2023,26,13,6,7,3,10
196357,Jonathan Tah,2024,11,10,1,0,6,4
196435,Saidy Janko,2020,6,2,2,2,1,1
196792,Julian Weigl,2018,38,22,9,7,12,10
196792,Julian Weigl,2019,43,22,11,10,9,13
196792,Julian Weigl,2023,13,5,3,5,1,4
196792,Julian Weigl,2024,9,1,5,3,0,1
196815,Joshua Mees,2019,15,5,2,8,1,4
196948,Andreas Christensen,2019,53,28,10,15,12,16
196948,Andreas Christensen,2022,30,22,3,5,9,13
196948,Andreas Christensen,2023,26,20,1,5,12,8
197122,Unai García,2019,2,1,1,0,0,1
197122,Unai García,2022,35,15,6,14,8,7
197122,Unai García,2023,28,12,6,10,9,3
197300,Federico Bernardeschi,2018,35,29,4,2,14,15
197300,Federico Bernardeschi,2019,47,31,9,7,19,12
197300,Federico Bernardeschi,2020,41,24,8,9,6,18
197300,Federico Bernardeschi,2021,51,34,8,9,14,20
197473,Alberto Grassi,2018,24,7,9,8,4,3
197473,Alberto Grassi,2019,13,6,2,5,3,3
197473,Alberto Grassi,2020,25,9,5,11,6,3
197473,Alberto Grassi,2021,39,3,12,24,0,3
197473,Alberto Grassi,2022,26,7,9,10,6,1
197473,Alberto Grassi,2023,18,4,6,8,2,2
197473,Alberto Grassi,2024,5,2,3,0,0,2
197491,Alex Ferrari,2019,38,12,6,20,7,5
197491,Alex Ferrari,2021,40,14,10,16,7,7
197545,Ander Capa,2018,32,7,12,13,6,1
197545,Ander Capa,2019,29,15,7,7,9,6
197545,Ander Capa,2020,40,14,8,18,7,7
197747,Alessio Romagnoli,2018,40,20,11,9,13,7
197747,Alessio Romagnoli,2019,39,17,8,14,11,6
197747,Alessio Romagnoli,2021,46,26,7,13,11,15
197747,Alessio Romagnoli,2022,35,21,9,5,10,11
197747,Alessio Romagnoli,2023,22,11,5,6,6,5
197751,Alberto Cerri,2018,21,6,8,7,5,1
197751,Alberto Cerri,2019,30,13,7,10,7,6
197751,Alberto Cerri,2020,27,6,6,15,4,2
197751,Alberto Cerri,2023,0,0,0,0,0,0
197838,Jamie Vardy,2018,36,14,8,14,4,10
197838,Jamie Vardy,2019,37,19,6,12,7,12
197838,Jamie Vardy,2020,36,16,8,12,4,12
197838,Jamie Vardy,2021,50,24,10,16,14,10
197838,Jamie Vardy,2022,28,10,4,12,1,9
197838,Jamie Vardy,2024,1,1,0,0,0,1
198116,Federico Dimarco,2018,8,3,1,4,2,1
198116,Federico Dimarco,2020,40,13,16,11,6,7
198116,Federico Dimarco,2021,48,23,11,14,6,17
198116,Federico Dimarco,2022,48,30,7,11,13,17
198116,Federico Dimarco,2023,32,20,6,6,11,9
198116,Federico Dimarco,2024,13,11,1,1,6,5
198516,Harry Toffolo,2022,15,3,3,8,3,0
198516,Harry Toffolo,2023,20,5,6,8,3,2
198589,Lewis Baker,2019,19,5,3,11,2,3
198709,Cédric Hountondji,2022,26,5,3,18,4,1
199248,Bryan Cristante,2018,49,21,13,15,8,13
199248,Bryan Cristante,2019,31,15,10,6,10,5
199248,Bryan Cristante,2020,41,23,7,11,10,13
199248,Bryan Cristante,2021,50,25,7,18,11,14
199248,Bryan Cristante,2022,40,19,11,10,11,8
199248,Bryan Cristante,2023,32,14,8,10,7,7
199248,Bryan Cristante,2024,12,8,2,2,3,5
199258,Andrea Petagna,2018,40,15,9,16,8,7
199258,Andrea Petagna,2019,37,12,6,19,8,4
199258,Andrea Petagna,2020,38,13,5,19,7,6
199258,Andrea Petagna,2021,49,29,8,12,11,18
199258,Andrea Petagna,2022,31,13,5,13,5,8
199258,Andrea Petagna,2023,23,9,8,6,6,3
199369,Sandro Ramírez,2018,32,11,8,13,7,4
199369,Sandro Ramírez,2019,31,8,13,10,5,3
199369,Sandro Ramírez,2020,22,5,7,10,3,2
199369,Sandro Ramírez,2021,29,7,8,14,4,3
199369,Sandro Ramírez,2023,0,0,0,0,0,0
199369,Sandro Ramírez,2024,9,2,3,4,0,2
199527,Jacob Murphy,2018,30,10,6,14,7,3
199527,Jacob Murphy,2020,16,6,4,6,4,2
199527,Jacob Murphy,2021,40,6,13,21,4,2
199527,Jacob Murphy,2022,40,21,9,7,11,10
199527,Jacob Murphy,2023,22,9,7,5,4,5
199527,Jacob Murphy,2024,10,5,2,3,2,3
199528,Josh Murphy,2018,20,5,4,11,4,1
199704,Yunis Abdelhamid,2018,19,6,8,5,5,1
199704,Yunis Abdelhamid,2019,37,14,15,8,7,7
199704,Yunis Abdelhamid,2020,27,7,9,11,4,3
199704,Yunis Abdelhamid,2021,35,9,15,11,6,3
199704,Yunis Abdelhamid,2022,32,9,11,12,6,3
199704,Yunis Abdelhamid,2023,21,8,7,6,4,4
199704,Yunis Abdelhamid,2024,7,2,2,3,2,0
199733,Danilo Cataldi,2018,40,16,7,17,9,7
199733,Danilo Cataldi,2019,46,24,7,15,12,12
199733,Danilo Cataldi,2020,35,17,7,11,9,8
199733,Danilo Cataldi,2021,47,21,9,17,10,11
199733,Danilo Cataldi,2022,39,18,11,10,7,11
199733,Danilo Cataldi,2023,19,11,4,4,5,6
199733,Danilo Cataldi,2024,11,4,1,6,2,2
199941,Andrea Beghetto,2018,20,1,7,12,0,1
199953,Caleb Ekuban,2021,42,17,14,11,13,4
199953,Caleb Ekuban,2023,0,0,0,0,0,0
200056,Elseid Hysaj,2018,47,30,9,8,15,15
200056,Elseid Hysaj,2019,40,18,10,12,6,12
200056,Elseid Hysaj,2021,52,27,12,13,6,21
200056,Elseid Hysaj,2022,42,20,11,11,7,13
200056,Elseid Hysaj,2023,25,14,5,6,7,7
200512,Sadio Mané,2018,49,33,7,9,11,22
200512,Sadio Mané,2019,54,43,7,4,19,24
200512,Sadio Mané,2020,43,26,9,8,12,14
200512,Sadio Mané,2021,51,31,9,11,8,23
200512,Sadio Mané,2022,48,37,8,3,9,28
201737,Christopher Jullien,2018,30,6,11,13,5,1
201737,Christopher Jullien,2022,18,9,2,7,5,4
201737,Christopher Jullien,2023,22,10,3,9,4,6
202318,Farid Boulaya,2019,16,2,7,7,1,1
202318,Farid Boulaya,2020,22,8,7,7,5,3
202318,Farid Boulaya,2021,29,8,8,13,4,4
202591,Benjamin Henrichs,2019,26,8,8,10,5,3
202591,Benjamin Henrichs,2020,23,11,5,7,5,6
202591,Benjamin Henrichs,2021,39,15,8,16,5,10
202591,Benjamin Henrichs,2022,48,29,9,10,7,22
202591,Benjamin Henrichs,2023,25,16,3,6,7,9
202591,Benjamin Henrichs,2024,11,5,2,4,0,5
202886,Ruben Loftus-Cheek,2018,24,18,3,3,7,11
202886,Ruben Loftus-Cheek,2021,44,17,13,14,8,9
202886,Ruben Loftus-Cheek,2022,46,25,8,12,13,12
202886,Ruben Loftus-Cheek,2023,21,5,6,10,2,3
202886,Ruben Loftus-Cheek,2024,13,9,2,2,5,4
202984,Roque Mesa,2018,44,25,11,8,13,12
202984,Roque Mesa,2019,38,12,8,18,5,7
202984,Roque Mesa,2020,32,9,12,11,5,4
202984,Roque Mesa,2022,18,7,2,9,4,3
203026,Danny Ward,2018,22,9,4,9,5,4
203043,Pedro Bigas,2019,27,9,7,11,4,5
203043,Pedro Bigas,2021,24,4,7,13,3,1
203043,Pedro Bigas,2022,31,8,6,17,3,5
203123,Haris Tabakovic,2024,1,0,0,1,0,0
203348,Chancel Mbemba,2022,42,28,6,8,12,16
203348,Chancel Mbemba,2023,21,12,4,5,6,6
203394,Andreas Pereira,2018,28,14,5,9,8,6
203394,Andreas Pereira,2019,44,20,11,13,9,11
203394,Andreas Pereira,2020,38,19,11,8,7,12
203394,Andreas Pereira,2022,17,7,4,6,5,2
203394,Andreas Pereira,2023,21,9,3,9,5,4
203394,Andreas Pereira,2024,10,4,3,3,1,3
203460,Jack Grealish,2019,18,5,3,10,2,3
203460,Jack Grealish,2020,32,12,7,13,6,6
203460,Jack Grealish,2021,36,22,4,10,9,13
203460,Jack Grealish,2022,47,30,10,5,9,21
203460,Jack Grealish,2023,33,26,4,2,8,18
203460,Jack Grealish,2024,8,8,0,0,2,6
203496,Nabil Fekir,2018,33,14,12,7,5,9
203496,Nabil Fekir,2019,33,14,9,10,12,2
203496,Nabil Fekir,2020,34,11,5,18,4,7
203496,Nabil Fekir,2021,45,24,12,9,11,13
203496,Nabil Fekir,2022,39,20,9,10,10,10
203496,Nabil Fekir,2023,8,5,0,3,4,1
203496,Nabil Fekir,2024,8,3,2,3,1,2
203504,Pierre-Yves Hamel,2020,14,3,1,10,0,3
203507,Adrien Hunou,2018,29,15,8,6,6,9
203507,Adrien Hunou,2019,42,14,12,16,7,7
203507,Adrien Hunou,2020,32,14,7,11,9,5
203507,Adrien Hunou,2022,16,2,2,12,2,0
203517,Steven Moreira,2018,10,2,3,5,2,0
203746,Ruben Aguilar,2018,31,12,15,4,7,5
203746,Ruben Aguilar,2019,27,10,5,12,4,6
203746,Ruben Aguilar,2020,26,10,6,10,8,2
203746,Ruben Aguilar,2021,47,26,12,9,10,16
203746,Ruben Aguilar,2022,33,19,7,7,11,8
203746,Ruben Aguilar,2023,18,9,3,6,5,4
203842,Viktor Kovalenko,2021,32,17,5,10,8,9
203842,Viktor Kovalenko,2022,24,7,3,14,6,1
203842,Viktor Kovalenko,2023,21,3,7,11,2,1
203853,Oleksandr Zinchenko,2018,32,23,2,7,4,19
203853,Oleksandr Zinchenko,2019,32,28,1,3,8,20
203853,Oleksandr Zinchenko,2020,31,21,3,7,7,14
203853,Oleksandr Zinchenko,2021,56,47,0,9,14,33
203853,Oleksandr Zinchenko,2022,37,27,5,4,7,20
203853,Oleksandr Zinchenko,2023,22,12,5,5,3,9
204294,Saman Ghoddos,2018,18,6,2,10,5,1
204294,Saman Ghoddos,2019,13,5,5,3,5,0
204294,Saman Ghoddos,2021,20,6,5,9,4,2
204294,Saman Ghoddos,2022,35,12,9,12,3,9
204294,Saman Ghoddos,2023,19,9,4,6,2,7
205022,Rafinha,2019,0,0,0,0,0,0
205022,Rafinha,2020,0,0,0,0,0,0
205054,Norbert Gyömbér,2021,19,3,2,14,2,1
205503,Ibrahim Amadou,2018,29,13,7,9,8,5
205503,Ibrahim Amadou,2019,38,10,8,20,3,7
205503,Ibrahim Amadou,2020,26,9,7,10,4,5
205503,Ibrahim Amadou,2021,17,4,5,8,2,2
205562,Thomas Lemar,2018,33,19,11,3,7,12
205562,Thomas Lemar,2019,42,22,11,9,11,11
205562,Thomas Lemar,2020,38,24,10,4,11,13
205562,Thomas Lemar,2021,34,17,6,11,10,7
205562,Thomas Lemar,2022,32,17,6,9,8,9
205587,Opa Nguette,2019,19,3,8,8,2,1
205587,Opa Nguette,2020,25,11,7,7,6,5
205587,Opa Nguette,2021,13,3,4,6,2,1
205677,Luca Garritano,2023,0,0,0,0,0,0
206050,Paulo Dybala,2018,45,36,5,4,17,19
206050,Paulo Dybala,2019,45,29,7,9,18,11
206050,Paulo Dybala,2020,42,25,10,7,7,18
206050,Paulo Dybala,2021,32,19,5,8,8,11
206050,Paulo Dybala,2022,34,17,8,9,10,7
206050,Paulo Dybala,2023,29,13,6,10,6,7
206050,Paulo Dybala,2024,12,8,2,2,3,5
206225,Isaac Hayden,2018,29,10,7,12,8,2
206225,Isaac Hayden,2019,38,15,7,16,8,7
206225,Isaac Hayden,2020,33,10,12,11,5,5
206225,Isaac Hayden,2021,31,3,9,19,2,1
206746,Kenny Tete,2018,33,18,9,6,7,11
206746,Kenny Tete,2019,36,13,12,11,8,5
206746,Kenny Tete,2022,12,6,3,3,5,1
206746,Kenny Tete,2023,26,11,4,11,5,6
206746,Kenny Tete,2024,8,3,3,2,1,2
206912,Jimmy Cabot,2020,12,6,3,3,3,3
206912,Jimmy Cabot,2021,30,8,8,14,4,4
206912,Jimmy Cabot,2022,17,8,4,5,6,2
207014,Will Hughes,2018,26,8,5,13,4,4
207014,Will Hughes,2019,41,14,10,17,7,7
207014,Will Hughes,2022,36,15,8,11,8,7
207014,Will Hughes,2023,21,5,8,8,2,3
207014,Will Hughes,2024,6,1,1,4,1,0
207597,Cedric Teuchert,2020,14,6,5,3,3,3
207597,Cedric Teuchert,2021,30,11,11,8,7,4
207715,Ibrahima Mbaye,2018,38,7,10,21,1,6
207715,Ibrahima Mbaye,2019,37,16,8,13,10,6
207715,Ibrahima Mbaye,2020,28,8,6,14,5,3
207742,Tom Lockyer,2023,3,1,1,1,1,0
207877,Ruslan Malinovskyi,2019,33,15,9,9,6,9
207877,Ruslan Malinovskyi,2020,38,22,9,7,10,12
207877,Ruslan Malinovskyi,2021,56,31,14,11,13,18
207877,Ruslan Malinovskyi,2022,35,14,8,13,7,7
207877,Ruslan Malinovskyi,2023,21,10,5,6,4,6
207877,Ruslan Malinovskyi,2024,9,3,3,3,2,1
207929,Dele Alli,2018,43,28,7,8,11,17
207929,Dele Alli,2019,38,17,7,14,9,8
207929,Dele Alli,2020,32,13,8,11,4,9
208167,Dawid Kownacki,2018,38,16,8,14,7,9
208167,Dawid Kownacki,2019,30,10,4,16,4,6
208167,Dawid Kownacki,2023,1,0,0,1,0,0
209212,Solly March,2018,40,13,10,17,9,4
209212,Solly March,2019,30,8,8,14,4,4
209212,Solly March,2020,29,5,13,11,4,1
209212,Solly March,2021,25,10,11,4,8,2
209212,Solly March,2022,40,15,9,14,7,8
209212,Solly March,2023,21,12,4,5,5,7
209781,Oumar Niasse,2018,26,8,7,11,4,4
210143,Álex Gallar,2018,9,0,3,6,0,0
210178,Pablo Marí,2022,26,9,7,10,3,6
210178,Pablo Marí,2023,24,9,9,6,6,3
211251,Darwin Machís,2018,18,4,5,9,2,2
211251,Darwin Machís,2019,21,8,3,10,4,4
211251,Darwin Machís,2020,46,24,10,12,15,9
211251,Darwin Machís,2021,42,12,9,21,6,6
211251,Darwin Machís,2022,16,3,7,6,2,1
211251,Darwin Machís,2023,13,6,4,3,5,1
211389,Helibelton Palacios,2022,29,7,7,15,4,3
211474,Ali Abdi,2024,0,0,0,0,0,0
212391,Roger Martí,2018,31,12,7,12,8,4
212391,Roger Martí,2019,40,14,9,17,6,8
212391,Roger Martí,2020,35,12,9,14,6,6
212391,Roger Martí,2021,43,10,15,18,6,4
212391,Roger Martí,2022,33,9,6,18,2,7
212391,Roger Martí,2023,19,5,7,7,2,3
212723,Djibril Sow,2019,22,8,3,11,6,2
212723,Djibril Sow,2020,36,15,11,10,6,9
212723,Djibril Sow,2021,43,21,13,9,10,11
212723,Djibril Sow,2022,44,20,11,13,11,9
212723,Djibril Sow,2023,24,8,7,9,2,6
212723,Djibril Sow,2024,9,2,3,4,2,0
212804,Florian Tardieu,2021,12,2,3,7,0,2
212804,Florian Tardieu,2022,29,7,10,12,3,4
212829,Jack O'Connell,2019,20,7,8,5,4,3
212847,Adam Webster,2019,21,7,5,9,3,4
212847,Adam Webster,2020,34,5,16,13,4,1
212847,Adam Webster,2021,29,11,11,7,8,3
212847,Adam Webster,2022,29,13,8,7,6,7
213614,Jhon Chancellor,2019,15,4,2,9,3,1
213670,Lucas Torró,2018,9,5,0,4,1,4
213670,Lucas Torró,2020,15,5,2,8,2,3
213670,Lucas Torró,2021,38,14,11,13,9,5
213670,Lucas Torró,2022,35,16,6,13,8,8
213670,Lucas Torró,2023,25,10,6,9,7,3
213670,Lucas Torró,2024,11,4,2,5,3,1
213751,Sebastian Schonlau,2019,14,4,2,8,2,2
213854,Cedric Gondo,2021,13,2,2,9,2,0
214070,Ewerton,2018,30,12,6,12,6,6
214532,Pierrick Capelle,2018,30,9,9,12,6,3
214532,Pierrick Capelle,2019,30,9,10,11,4,5
214532,Pierrick Capelle,2020,22,9,5,8,6,3
214532,Pierrick Capelle,2021,39,9,12,18,5,4
214532,Pierrick Capelle,2022,32,5,6,21,4,1
214666,Connor Roberts,2021,6,1,2,3,0,1
214775,Óliver Torres,2019,39,22,7,10,8,14
214775,Óliver Torres,2020,45,28,9,8,15,13
214775,Óliver Torres,2021,50,30,9,11,18,12
214775,Óliver Torres,2022,42,14,17,11,8,6
214775,Óliver Torres,2023,35,18,6,11,8,10
214928,Kean Bryan,2020,4,1,0,3,1,0
215118,Calum Chambers,2018,40,14,8,18,3,11
215118,Calum Chambers,2019,42,12,9,21,7,5
215599,Lukas Klostermann,2018,49,23,12,14,7,16
215599,Lukas Klostermann,2019,44,27,11,6,10,17
215599,Lukas Klostermann,2020,27,15,9,3,3,12
215599,Lukas Klostermann,2021,44,20,6,18,8,12
215599,Lukas Klostermann,2022,28,19,5,4,4,15
215599,Lukas Klostermann,2023,24,15,3,6,6,9
215616,Erick Pulgar,2018,32,7,7,18,2,5
215616,Erick Pulgar,2019,37,15,9,13,7,8
215616,Erick Pulgar,2020,36,13,13,10,6,7
215616,Erick Pulgar,2021,34,13,9,12,8,5
215977,Adrien Thomasson,2018,37,10,14,13,3,7
215977,Adrien Thomasson,2019,41,17,10,14,11,6
215977,Adrien Thomasson,2020,25,7,4,14,2,5
215977,Adrien Thomasson,2021,36,13,10,13,6,7
215977,Adrien Thomasson,2022,29,9,12,8,6,3
215977,Adrien Thomasson,2023,21,13,4,4,6,7
215977,Adrien Thomasson,2024,9,4,2,3,2,2
216179,Stefano Sensi,2018,33,10,13,10,4,6
216179,Stefano Sensi,2019,30,11,9,10,6,5
216179,Stefano Sensi,2020,24,15,6,3,6,9
216179,Stefano Sensi,2022,31,12,3,16,7,5
216181,Almamy Touré,2019,32,14,5,13,10,4
216181,Almamy Touré,2020,34,13,10,11,5,8
216181,Almamy Touré,2021,32,19,8,5,9,10
216181,Almamy Touré,2022,28,12,8,8,7,5
216464,Carlos Fernández,2019,18,7,3,8,3,4
216464,Carlos Fernández,2022,12,8,1,3,4,4
216464,Carlos Fernández,2023,24,11,7,6,6,5
216499,Fouad Chafik,2018,31,9,7,15,6,3
216499,Fouad Chafik,2019,36,8,9,19,6,2
216499,Fouad Chafik,2020,22,4,7,11,2,2
216804,Joakim Nilsson,2020,13,2,1,10,2,0
216804,Joakim Nilsson,2021,40,10,14,16,5,5
216870,Nacho Vidal,2019,13,5,6,2,2,3
216870,Nacho Vidal,2020,38,14,9,15,9,5
216870,Nacho Vidal,2021,43,15,14,14,10,5
216870,Nacho Vidal,2022,35,16,5,14,8,8
216870,Nacho Vidal,2023,12,5,3,4,5,0
216872,Francesco Zampano,2018,37,5,9,23,4,1
216872,Francesco Zampano,2024,0,0,0,0,0,0
217115,Neal Maupay,2019,24,8,6,10,3,5
217115,Neal Maupay,2020,34,5,16,13,4,1
217115,Neal Maupay,2021,39,13,15,11,9,4
217115,Neal Maupay,2022,37,13,9,14,7,6
217115,Neal Maupay,2024,10,2,1,7,1,1
217144,Aleix Febas,2019,19,5,3,11,3,2
218067,Jacopo Petriccione,2019,18,4,6,8,2,2
218067,Jacopo Petriccione,2020,32,7,5,20,5,2
218087,Ben Osborn,2019,13,4,4,5,2,2
218087,Ben Osborn,2020,38,10,6,22,7,3
220878,Issiaga Sylla,2018,33,8,10,15,7,1
220878,Issiaga Sylla,2019,36,6,10,20,5,1
220878,Issiaga Sylla,2020,23,7,4,12,5,2
220878,Issiaga Sylla,2022,14,4,3,7,2,2
220878,Issiaga Sylla,2023,19,10,4,5,4,6
220878,Issiaga Sylla,2024,5,2,1,2,1,1
221150,Djené,2018,31,12,11,8,8,4
221150,Djené,2019,39,20,10,9,11,9
221150,Djené,2021,38,8,10,20,4,4
221150,Djené,2022,33,8,14,11,3,5
221150,Djené,2023,21,6,5,10,5,1
221151,Jodel Dossou,2021,18,4,5,9,2,2
221151,Jodel Dossou,2022,33,8,8,17,6,2
221309,Óscar Plano,2019,38,9,13,16,6,3
221309,Óscar Plano,2020,37,9,13,15,6,3
221309,Óscar Plano,2022,18,7,2,9,4,3
221311,Iván Sánchez,2022,17,7,2,8,4,3
221311,Iván Sánchez,2024,0,0,0,0,0,0
221315,Kevin Vázquez,2021,38,14,11,13,7,7
221315,Kevin Vázquez,2023,24,8,6,10,5,3
221316,Lucas Vázquez,2018,53,31,9,13,9,22
221316,Lucas Vázquez,2019,32,16,7,9,7,9
221316,Lucas Vázquez,2020,38,25,4,9,11,14
221316,Lucas Vázquez,2021,41,30,7,4,14,16
221316,Lucas Vázquez,2022,49,34,6,9,11,23
221316,Lucas Vázquez,2023,30,18,4,8,7,11
221316,Lucas Vázquez,2024,12,8,4,0,4,4
221611,Paulo Otávio,2019,4,2,1,1,2,0
221611,Paulo Otávio,2020,26,14,7,5,5,9
221611,Paulo Otávio,2022,16,7,5,4,4,3
222859,Florent Mollet,2018,27,8,9,10,5,3
222859,Florent Mollet,2019,35,13,12,10,7,6
222859,Florent Mollet,2020,25,11,4,10,8,3
222859,Florent Mollet,2021,35,11,13,11,5,6
222859,Florent Mollet,2022,33,5,6,22,3,2
222859,Florent Mollet,2023,21,3,7,11,2,1
222859,Florent Mollet,2024,6,1,1,4,1,0
223572,Kai Pröger,2019,21,5,3,13,2,3
223725,Munir El Haddadi,2018,40,23,6,11,9,14
223725,Munir El Haddadi,2019,41,22,6,13,9,13
223725,Munir El Haddadi,2020,41,23,10,8,13,10
223725,Munir El Haddadi,2021,54,33,10,11,18,15
223725,Munir El Haddadi,2022,35,14,12,9,8,6
223725,Munir El Haddadi,2023,22,6,7,9,5,1
223725,Munir El Haddadi,2024,9,2,3,4,0,2
223967,Konrad Laimer,2018,43,24,9,10,9,15
223967,Konrad Laimer,2019,44,28,11,5,11,17
223967,Konrad Laimer,2020,20,10,7,3,3,7
223967,Konrad Laimer,2021,27,10,6,11,3,7
223967,Konrad Laimer,2022,32,19,5,8,4,15
223967,Konrad Laimer,2023,24,16,3,5,7,9
223967,Konrad Laimer,2024,7,5,1,1,2,3
223974,Stefan Posch,2018,15,2,7,6,0,2
223974,Stefan Posch,2019,33,16,8,9,6,10
223974,Stefan Posch,2020,34,15,7,12,4,11
223974,Stefan Posch,2021,35,15,10,10,5,10
223974,Stefan Posch,2023,23,9,7,7,5,4
223979,Xaver Schlager,2019,14,7,2,5,3,4
223979,Xaver Schlager,2020,36,17,10,9,7,10
223979,Xaver Schlager,2021,26,14,4,8,7,7
223979,Xaver Schlager,2022,35,18,7,10,5,13
223979,Xaver Schlager,2023,15,10,3,2,4,6
225015,Carlos Akapo,2018,9,0,3,6,0,0
225015,Carlos Akapo,2020,17,6,3,8,3,3
225015,Carlos Akapo,2021,30,9,11,10,7,2
225083,N'Golo Kanté,2018,47,29,9,9,15,14
225083,N'Golo Kanté,2019,45,23,8,14,10,13
225083,N'Golo Kanté,2020,34,15,10,9,4,11
225083,N'Golo Kanté,2021,42,28,10,4,12,16
225083,N'Golo Kanté,2022,27,17,5,5,10,7
225122,Gonçalo Guedes,2018,37,19,8,10,12,7
225122,Gonçalo Guedes,2019,34,18,8,8,9,9
225122,Gonçalo Guedes,2020,36,8,10,18,4,4
225122,Gonçalo Guedes,2021,43,17,13,13,7,10
225122,Gonçalo Guedes,2022,42,11,12,16,9,2
225122,Gonçalo Guedes,2023,19,12,4,2,2,10
225122,Gonçalo Guedes,2024,11,6,4,1,2,4
225161,Rúben Neves,2018,20,7,5,8,4,3
225161,Rúben Neves,2019,56,29,15,12,17,12
225161,Rúben Neves,2020,40,16,10,14,9,7
225161,Rúben Neves,2021,41,14,9,18,13,1
225161,Rúben Neves,2022,37,10,6,18,7,3
225452,Patrick Roberts,2018,16,9,6,1,4,5
225462,José Mari,2020,8,4,2,2,2,2
225462,José Mari,2021,17,6,6,5,6,0
225462,José Mari,2022,32,7,12,13,5,2
225593,Pere Milla,2020,16,5,7,4,4,1
225593,Pere Milla,2021,44,9,11,24,5,4
225593,Pere Milla,2022,36,10,7,19,6,4
225593,Pere Milla,2024,0,0,0,0,0,0
225657,Philipp Lienhart,2019,23,10,6,7,5,5
225657,Philipp Lienhart,2020,32,11,9,12,6,5
225657,Philipp Lienhart,2021,40,18,9,13,9,9
225657,Philipp Lienhart,2022,42,24,9,9,11,13
225657,Philipp Lienhart,2023,17,8,3,6,3,5
225657,Philipp Lienhart,2024,2,0,0,2,0,0
225873,Karol Linetty,2018,39,17,7,15,8,9
225873,Karol Linetty,2019,32,10,3,19,5,5
225873,Karol Linetty,2020,36,10,8,18,3,7
225873,Karol Linetty,2021,42,13,14,15,8,5
225873,Karol Linetty,2022,34,13,10,11,8,5
225873,Karol Linetty,2023,25,9,8,8,6,3
225873,Karol Linetty,2024,8,3,3,2,1,2
226025,Luca Mazzitelli,2023,0,0,0,0,0,0
226025,Luca Mazzitelli,2024,9,1,2,6,0,1
226261,César de la Hoz,2022,13,5,1,7,3,2
226524,Morten Thorsby,2019,29,10,5,14,7,3
226524,Morten Thorsby,2020,34,12,5,17,5,7
226524,Morten Thorsby,2021,40,15,8,17,8,7
226524,Morten Thorsby,2022,37,16,4,17,8,8
226524,Morten Thorsby,2023,20,7,7,6,3,4
226524,Morten Thorsby,2024,9,3,3,3,2,1
226973,Harrison Reed,2020,12,2,4,6,1,1
226973,Harrison Reed,2022,18,8,4,6,6,2
226973,Harrison Reed,2023,26,11,4,11,5,6
227081,Joaquín Correa,2018,49,23,11,15,13,10
227081,Joaquín Correa,2019,44,23,7,14,12,11
227081,Joaquín Correa,2020,34,18,8,8,10,8
227081,Joaquín Correa,2021,40,25,3,12,11,14
227081,Joaquín Correa,2022,39,27,4,8,11,16
227081,Joaquín Correa,2023,27,16,5,6,8,8
227084,Benedikt Gimber,2023,0,0,0,0,0,0
227085,Jonas Hofmann,2018,0,0,0,0,0,0
227085,Jonas Hofmann,2020,4,0,1,3,0,0
227085,Jonas Hofmann,2021,0,0,0,0,0,0
227085,Jonas Hofmann,2022,1,0,0,1,0,0
227085,Jonas Hofmann,2023,0,0,0,0,0,0
227085,Jonas Hofmann,2024,0,0,0,0,0,0
227961,Jaime Mata,2018,12,3,6,3,1,2
227961,Jaime Mata,2019,42,19,13,10,10,9
227961,Jaime Mata,2020,37,12,11,14,6,6
227961,Jaime Mata,2021,38,7,9,22,3,4
227961,Jaime Mata,2022,28,9,10,9,4,5
227961,Jaime Mata,2023,20,6,4,10,5,1
227961,Jaime Mata,2024,9,3,3,3,2,1
228761,Jony,2018,12,5,3,4,5,0
228761,Jony,2019,41,18,9,14,9,9
228761,Jony,2020,32,16,6,10,9,7
228917,Jorge Miramón,2018,12,0,4,8,0,0
228917,Jorge Miramón,2019,31,13,6,12,7,6
228917,Jorge Miramón,2021,36,6,14,16,5,1
228948,Thilo Kehrer,2018,38,25,7,6,9,16
228948,Thilo Kehrer,2019,23,17,1,5,4,13
228948,Thilo Kehrer,2021,46,30,6,10,12,18
228948,Thilo Kehrer,2022,38,19,6,13,4,15
228948,Thilo Kehrer,2024,7,2,4,1,2,0
229004,Moussa Dembélé,2018,42,24,13,5,10,14
229004,Moussa Dembélé,2019,47,21,12,14,12,9
229004,Moussa Dembélé,2021,32,17,9,6,9,8
229004,Moussa Dembélé,2022,36,17,8,11,10,7
229005,Abdou Diallo,2018,33,19,6,8,9,10
229005,Abdou Diallo,2019,42,28,5,9,11,17
229005,Abdou Diallo,2021,45,27,9,9,12,15
229005,Abdou Diallo,2022,29,18,3,8,3,15
229006,Franck Honorat,2019,7,3,2,2,2,1
229006,Franck Honorat,2020,25,7,4,14,5,2
229006,Franck Honorat,2021,39,10,13,16,6,4
229006,Franck Honorat,2022,30,8,5,17,4,4
229006,Franck Honorat,2023,17,7,7,3,5,2
229006,Franck Honorat,2024,10,1,5,4,0,1
229804,Aritz Elustondo,2018,28,9,6,13,2,7
229804,Aritz Elustondo,2019,25,9,7,9,4,5
229804,Aritz Elustondo,2020,33,16,8,8,9,7
229804,Aritz Elustondo,2021,40,20,12,8,10,10
229804,Aritz Elustondo,2023,18,11,3,4,5,6
229853,Birama Touré,2022,16,3,4,9,3,0
230066,Adama Mbengue,2018,17,2,7,8,1,1
230784,Thomas Partey,2018,51,32,11,8,12,20
230784,Thomas Partey,2019,42,23,11,8,10,13
230784,Thomas Partey,2021,42,23,9,10,5,18
230784,Thomas Partey,2022,28,22,1,4,11,11
230784,Thomas Partey,2023,24,12,6,6,3,9
230784,Thomas Partey,2024,3,3,0,0,1,2
231025,Jordan Marié,2018,29,8,8,13,4,4
231025,Jordan Marié,2020,25,5,8,12,2,3
231572,Nélson Semedo,2018,41,25,11,5,6,19
231572,Nélson Semedo,2019,46,30,11,5,9,21
231572,Nélson Semedo,2020,41,21,8,12,13,8
231572,Nélson Semedo,2021,43,15,10,18,14,1
231572,Nélson Semedo,2023,24,8,5,10,5,3
231572,Nélson Semedo,2024,11,6,1,4,4,2
231586,Jannes Horn,2020,15,4,5,6,3,1
231586,Jannes Horn,2021,25,8,4,13,7,1
232320,Atakan Karazor,2020,11,4,5,2,2,2
232320,Atakan Karazor,2021,37,13,8,16,5,8
232320,Atakan Karazor,2023,21,6,7,8,4,2
232320,Atakan Karazor,2024,9,6,1,2,2,4
232418,Ondrej Duda,2018,33,11,12,10,5,6
232418,Ondrej Duda,2019,32,10,7,15,4,6
232418,Ondrej Duda,2020,30,7,6,17,7,0
232418,Ondrej Duda,2021,40,14,11,15,8,6
232418,Ondrej Duda,2022,33,12,8,13,6,6
232418,Ondrej Duda,2023,16,4,6,6,4,0
232418,Ondrej Duda,2024,8,2,3,3,2,0
232454,Nadiem Amiri,2018,18,8,5,5,0,8
232454,Nadiem Amiri,2019,39,18,9,12,7,11
232454,Nadiem Amiri,2020,42,27,5,8,9,18
232454,Nadiem Amiri,2021,44,19,10,15,7,12
232454,Nadiem Amiri,2022,36,11,9,16,5,6
232454,Nadiem Amiri,2024,10,3,3,4,2,1
232463,Luca Pfeiffer,2022,14,4,4,6,2,2
232463,Luca Pfeiffer,2023,16,5,4,7,3,2
232895,Zinedine Ferhat,2019,16,2,4,10,1,1
232895,Zinedine Ferhat,2020,24,8,3,13,3,5
232895,Zinedine Ferhat,2024,0,0,0,0,0,0
233124,Kortney Hause,2019,5,2,0,3,1,1
233124,Kortney Hause,2021,28,10,3,15,6,4
233782,Aïssa Laïdouni,2022,13,5,3,5,2,3
233782,Aïssa Laïdouni,2023,22,9,7,6,5,4
234006,Keagan Dolly,2019,10,4,2,4,3,1
234029,Grischa Prömel,2019,3,1,1,1,0,1
234029,Grischa Prömel,2020,29,10,8,11,7,3
234029,Grischa Prömel,2021,29,13,9,7,8,5
234029,Grischa Prömel,2022,33,18,6,9,9,9
234029,Grischa Prömel,2023,5,2,1,2,0,2
234523,Antonio Sanabria,2018,24,12,7,5,9,3
234523,Antonio Sanabria,2019,35,7,11,17,3,4
234523,Antonio Sanabria,2020,34,13,5,16,5,8
234523,Antonio Sanabria,2021,42,16,11,15,9,7
234523,Antonio Sanabria,2022,26,9,9,8,6,3
234523,Antonio Sanabria,2023,25,9,8,8,6,3
234523,Antonio Sanabria,2024,9,3,4,2,1,2
234803,Andrew Robertson,2018,48,34,6,8,12,22
234803,Andrew Robertson,2019,53,42,7,4,19,23
234803,Andrew Robertson,2020,43,26,8,9,10,16
234803,Andrew Robertson,2021,50,30,9,11,8,22
234803,Andrew Robertson,2022,49,36,6,6,13,23
234803,Andrew Robertson,2023,26,12,6,8,6,6
234803,Andrew Robertson,2024,13,9,2,2,2,7
235412,Jawad El Yamiq,2020,16,3,4,9,2,1
235412,Jawad El Yamiq,2022,11,5,1,5,4,1
235931,Alessandro Deiola,2018,35,12,8,15,9,3
235931,Alessandro Deiola,2020,26,8,7,11,3,5
235931,Alessandro Deiola,2021,44,12,13,19,6,6
235931,Alessandro Deiola,2023,0,0,0,0,0,0
236041,Alexis Blin,2018,26,4,6,16,4,0
236041,Alexis Blin,2022,17,3,6,8,2,1
236041,Alexis Blin,2023,22,5,6,11,4,1
236045,Denis Bouanga,2018,16,6,4,6,3,3
236045,Denis Bouanga,2019,43,16,11,16,9,7
236045,Denis Bouanga,2020,25,5,8,12,2,3
236045,Denis Bouanga,2021,36,9,10,17,6,3
236490,Ola Aina,2018,21,9,8,4,6,3
236490,Ola Aina,2019,35,13,8,14,9,4
236490,Ola Aina,2020,34,8,9,17,3,5
236490,Ola Aina,2021,44,12,11,21,7,5
236490,Ola Aina,2022,28,10,7,11,7,3
236490,Ola Aina,2023,12,5,3,4,3,2
236490,Ola Aina,2024,0,0,0,0,0,0
236953,Sam Byram,2019,20,3,4,13,1,2
236953,Sam Byram,2021,4,0,0,4,0,0
236981,Timo Hübers,2021,15,7,5,3,2,5
236981,Timo Hübers,2022,31,11,8,12,5,6
236981,Timo Hübers,2023,17,6,6,5,1,5
237164,Ihlas Bebou,2018,28,7,6,15,4,3
237164,Ihlas Bebou,2019,21,11,3,7,6,5
237164,Ihlas Bebou,2020,37,16,8,13,5,11
237164,Ihlas Bebou,2021,37,15,11,11,5,10
237164,Ihlas Bebou,2022,16,5,3,8,3,2
237164,Ihlas Bebou,2023,20,5,3,12,1,4
237499,Aleksandar Sedlar,2019,6,2,0,4,2,0
237499,Aleksandar Sedlar,2023,2,1,0,1,1,0
237617,Cristian Herrera,2023,0,0,0,0,0,0
237662,Breel Embolo,2018,30,15,5,10,8,7
237662,Breel Embolo,2019,34,13,8,13,6,7
237662,Breel Embolo,2020,32,15,9,8,5,10
237662,Breel Embolo,2021,37,14,7,16,6,8
237662,Breel Embolo,2022,42,19,10,13,7,12
237662,Breel Embolo,2023,18,8,4,6,4,4
237662,Breel Embolo,2024,0,0,0,0,0,0
237666,Silvan Hefti,2021,15,6,4,5,4,2
238407,Alexander Sørloth,2018,26,8,5,13,5,3
238407,Alexander Sørloth,2020,35,20,10,5,8,12
238407,Alexander Sørloth,2021,48,24,10,14,11,13
238407,Alexander Sørloth,2023,28,14,7,7,7,7
238407,Alexander Sørloth,2024,11,6,4,1,2,4
238626,Laurent Abergel,2020,17,3,3,11,0,3
238626,Laurent Abergel,2021,39,11,12,16,9,2
238626,Laurent Abergel,2022,27,11,5,11,8,3
238626,Laurent Abergel,2023,18,7,4,7,4,3
238639,Steve Mounié,2018,38,7,9,22,4,3
238639,Steve Mounié,2020,16,7,2,7,4,3
238639,Steve Mounié,2021,36,8,11,17,4,4
238639,Steve Mounié,2022,22,8,2,12,5,3
238639,Steve Mounié,2023,21,8,7,6,5,3
238639,Steve Mounié,2024,6,1,4,1,1,0
238654,Jaime Báez,2023,0,0,0,0,0,0
238716,Théo Pellenard,2018,10,7,0,3,3,4
238752,Keita Baldé,2018,37,21,9,7,13,8
238752,Keita Baldé,2019,30,14,8,8,5,9
238752,Keita Baldé,2020,15,7,4,4,4,3
238752,Keita Baldé,2021,38,11,11,16,6,5
238868,Rubén Peña,2018,33,10,11,12,7,3
238868,Rubén Peña,2019,30,11,10,9,5,6
238868,Rubén Peña,2020,37,20,8,9,7,13
238868,Rubén Peña,2021,51,25,12,14,10,15
238868,Rubén Peña,2022,27,11,5,11,4,7
238868,Rubén Peña,2023,14,7,1,6,5,2
238868,Rubén Peña,2024,6,3,1,2,2,1
238977,Gabriele Moncini,2020,10,5,1,4,3,2
238981,Vittorio Parigini,2018,34,11,10,13,7,4
238981,Vittorio Parigini,2020,9,2,2,5,1,1
239099,Pietro Ceccaroni,2021,19,5,4,10,5,0
239962,Denis Vavro,2024,6,3,0,3,0,3
240158,Francesco Vicari,2018,36,10,12,14,5,5
240158,Francesco Vicari,2019,36,10,7,19,7,3
240219,Lorenzo Venuti,2019,19,6,5,8,3,3
240219,Lorenzo Venuti,2021,43,16,10,17,8,8
240219,Lorenzo Venuti,2022,40,17,8,15,11,6
240219,Lorenzo Venuti,2023,27,13,8,6,7,6
240274,Anderson Lucoqui,2020,14,3,1,10,3,0
240274,Anderson Lucoqui,2021,27,11,7,9,7,4
240306,Bruno Fernandes,2019,37,22,6,9,10,12
240306,Bruno Fernandes,2020,49,29,9,11,10,19
240306,Bruno Fernandes,2021,57,30,15,12,16,14
240306,Bruno Fernandes,2022,46,22,9,13,13,9
240306,Bruno Fernandes,2023,33,21,6,6,9,12
240306,Bruno Fernandes,2024,10,8,0,2,5,3
240360,Esteban Saveljich,2021,21,12,2,7,5,7
240897,Arturo Calabresi,2018,20,4,7,9,1,3
240897,Arturo Calabresi,2019,34,12,9,13,5,7
240934,Filippo Bandinelli,2021,20,9,3,8,5,4
240934,Filippo Bandinelli,2022,34,6,13,15,5,1
241076,Emmanuel Gyasi,2020,16,4,5,7,0,4
241076,Emmanuel Gyasi,2021,45,13,11,21,9,4
241076,Emmanuel Gyasi,2022,33,11,5,17,8,3
241076,Emmanuel Gyasi,2023,23,3,9,11,2,1
241076,Emmanuel Gyasi,2024,8,2,3,3,0,2
241229,Jordan Amavi,2018,41,18,8,15,9,9
241229,Jordan Amavi,2019,36,17,9,10,10,7
241229,Jordan Amavi,2020,23,13,4,6,9,4
241229,Jordan Amavi,2023,17,3,6,8,3,0
241229,Jordan Amavi,2024,0,0,0,0,0,0
241307,Finn Porath,2024,0,0,0,0,0,0
241527,Federico Bonazzoli,2019,13,3,3,7,2,1
241527,Federico Bonazzoli,2021,39,9,11,19,6,3
241527,Federico Bonazzoli,2022,33,9,11,13,7,2
241527,Federico Bonazzoli,2023,23,5,10,8,3,2
241641,Bernardo Silva,2018,49,35,4,10,7,28
241641,Bernardo Silva,2019,53,43,4,6,12,31
241641,Bernardo Silva,2020,44,30,7,7,11,19
241641,Bernardo Silva,2021,62,50,2,10,16,34
241641,Bernardo Silva,2022,54,35,11,6,9,26
241641,Bernardo Silva,2023,35,26,5,3,8,18
241641,Bernardo Silva,2024,13,11,2,0,3,8
241889,Antonio Barreca,2019,15,2,4,9,1,1
242086,Patrik Schick,2018,48,24,11,13,7,17
242086,Patrik Schick,2019,32,14,13,5,6,8
242086,Patrik Schick,2020,34,16,12,5,3,13
242086,Patrik Schick,2021,42,17,10,15,5,12
242086,Patrik Schick,2022,31,12,6,13,3,9
242086,Patrik Schick,2023,6,3,1,2,0,3
242497,Pere Pons,2018,32,11,9,12,5,6
242497,Pere Pons,2019,39,9,6,24,3,6
242497,Pere Pons,2020,26,6,6,14,5,1
242497,Pere Pons,2021,37,9,8,20,6,3
242606,Josh Cullen,2023,5,3,1,1,2,1
242631,Alex Iwobi,2018,48,24,9,15,5,19
242631,Alex Iwobi,2019,46,22,5,19,7,15
242631,Alex Iwobi,2020,27,13,6,8,9,4
242631,Alex Iwobi,2021,40,15,8,17,10,5
242631,Alex Iwobi,2022,41,11,8,20,7,4
242631,Alex Iwobi,2024,5,3,0,2,1,2
242940,Edoardo Goldaniga,2018,29,2,12,15,1,1
242940,Edoardo Goldaniga,2019,36,8,6,22,5,3
242940,Edoardo Goldaniga,2024,1,0,0,1,0,0
243028,Jan Bednarek,2018,22,6,7,9,5,1
243028,Jan Bednarek,2019,40,12,11,17,7,5
243028,Jan Bednarek,2020,34,14,9,11,6,8
243028,Jan Bednarek,2021,44,12,10,22,7,5
243541,Deyverson,2019,0,0,0,0,0,0
243541,Deyverson,2020,29,10,9,10,5,5
243589,Josh Onomah,2020,5,1,0,4,1,0
243606,Anastasios Donis,2018,28,13,6,9,10,3
243606,Anastasios Donis,2019,28,8,10,10,4,4
243714,Kingsley Coman,2018,18,15,2,1,4,11
243714,Kingsley Coman,2019,44,30,7,7,10,20
243714,Kingsley Coman,2020,36,30,5,1,12,18
243714,Kingsley Coman,2021,42,33,4,5,12,21
243714,Kingsley Coman,2022,31,21,8,2,4,17
243714,Kingsley Coman,2023,24,14,5,5,5,9
243714,Kingsley Coman,2024,3,2,0,1,2,0
243737,Roli Pereira de Sa,2021,23,10,4,9,3,7
243760,Álex Muñoz,2024,0,0,0,0,0,0
243856,Cedric Itten,2021,41,18,6,17,10,8
243879,Charles Pickel,2022,34,7,14,13,6,1
244338,Pelly Ruddock Mpanzu,2023,4,1,2,1,1,0
244940,Salih Özcan,2020,15,4,5,6,3,1
244940,Salih Özcan,2021,41,14,11,16,8,6
244940,Salih Özcan,2022,37,17,6,14,8,9
244940,Salih Özcan,2023,21,14,4,3,7,7
245056,Saša Lukić,2018,41,16,12,13,10,6
245056,Saša Lukić,2019,38,16,9,13,9,7
245056,Saša Lukić,2020,34,8,7,19,3,5
245056,Saša Lukić,2021,45,14,14,17,9,5
245056,Saša Lukić,2022,30,12,8,10,8,4
245056,Saša Lukić,2023,23,8,5,10,3,5
245078,Nemanja Radonjić,2018,24,9,7,8,3,6
245078,Nemanja Radonjić,2019,38,21,7,10,12,9
245078,Nemanja Radonjić,2020,19,8,6,5,6,2
245078,Nemanja Radonjić,2022,30,14,7,9,9,5
245078,Nemanja Radonjić,2023,16,5,6,5,4,1
245537,Nabil Bentaleb,2018,38,17,7,14,7,10
245537,Nabil Bentaleb,2021,3,0,1,2,0,0
245537,Nabil Bentaleb,2022,30,6,5,19,4,2
245537,Nabil Bentaleb,2023,18,1,3,14,1,0
245744,Takuma Asano,2018,18,5,4,9,2,3
245744,Takuma Asano,2021,13,8,1,4,5,3
245744,Takuma Asano,2022,26,8,4,14,5,3
245744,Takuma Asano,2023,20,6,4,10,2,4
245744,Takuma Asano,2024,6,1,1,4,1,0
246277,Burgui,2018,23,9,3,11,7,2
246963,Carlton Morris,2023,3,0,2,1,0,0
246968,Ayoze Pérez,2018,38,12,10,16,9,3
246968,Ayoze Pérez,2019,41,22,7,12,8,14
246968,Ayoze Pérez,2020,40,19,8,13,4,15
246968,Ayoze Pérez,2021,41,22,9,10,10,12
246968,Ayoze Pérez,2022,41,12,8,18,2,10
246968,Ayoze Pérez,2023,24,9,5,9,7,2
246968,Ayoze Pérez,2024,3,0,0,3,0,0
247250,Rubén Alcaraz,2018,11,4,3,4,4,0
247250,Rubén Alcaraz,2019,30,8,8,14,6,2
247250,Rubén Alcaraz,2020,31,9,11,11,6,3
247250,Rubén Alcaraz,2021,24,5,9,10,4,1
247250,Rubén Alcaraz,2022,26,6,11,9,4,2
247250,Rubén Alcaraz,2023,20,8,4,8,4,4
247377,Kevin Bonifazi,2018,34,9,10,15,3,6
247377,Kevin Bonifazi,2019,35,14,6,15,10,4
247459,Chadrac Akolo,2018,32,13,5,14,9,4
247459,Chadrac Akolo,2019,19,6,4,9,3,3
247555,Edimilson Fernandes,2018,26,8,11,7,2,6
247555,Edimilson Fernandes,2019,35,8,8,19,3,5
247555,Edimilson Fernandes,2020,22,4,6,12,0,4
247555,Edimilson Fernandes,2021,19,6,5,8,4,2
247555,Edimilson Fernandes,2022,22,8,7,7,3,5
247555,Edimilson Fernandes,2024,5,1,1,3,0,1
247652,Shon Weissman,2020,16,4,5,7,2,2
247652,Shon Weissman,2022,14,6,1,7,4,2
248732,Paweł Dawidowicz,2019,14,3,3,8,2,1
248732,Paweł Dawidowicz,2020,24,10,9,5,5,5
248732,Paweł Dawidowicz,2022,13,1,2,10,1,0
248732,Paweł Dawidowicz,2023,19,6,5,8,4,2
248999,Lucas Höler,2018,34,9,11,14,5,4
248999,Lucas Höler,2019,35,11,11,13,6,5
248999,Lucas Höler,2020,32,11,9,12,6,5
248999,Lucas Höler,2021,39,18,9,12,9,9
248999,Lucas Höler,2022,33,17,8,8,6,11
248999,Lucas Höler,2023,24,10,5,9,5,5
248999,Lucas Höler,2024,13,4,3,6,4,0
249089,Lewis Cook,2019,16,4,4,8,2,2
249089,Lewis Cook,2023,17,6,0,11,5,1
249089,Lewis Cook,2024,11,3,4,4,1,2
249126,Harry Winks,2018,31,19,5,7,8,11
249126,Harry Winks,2019,36,18,6,12,10,8
249126,Harry Winks,2020,44,21,11,12,8,13
249126,Harry Winks,2021,42,22,6,14,8,14
249126,Harry Winks,2024,1,0,0,1,0,0
249157,Fredrik Jensen,2019,20,6,5,9,2,4
249157,Fredrik Jensen,2020,11,4,1,6,0,4
249157,Fredrik Jensen,2021,21,5,4,12,3,2
249157,Fredrik Jensen,2022,15,5,2,8,4,1
249157,Fredrik Jensen,2023,11,3,2,6,3,0
249356,Jack Stacey,2019,17,4,3,10,2,2
249513,Diego Rico,2019,33,8,7,18,3,5
249513,Diego Rico,2021,17,8,3,6,1,7
249513,Diego Rico,2022,39,23,9,7,13,10
249513,Diego Rico,2023,25,12,6,7,6,6
249513,Diego Rico,2024,10,3,3,4,2,1
249565,Youri Tielemans,2018,41,14,10,17,7,7
249565,Youri Tielemans,2019,37,19,7,11,7,12
249565,Youri Tielemans,2020,42,20,8,14,6,14
249565,Youri Tielemans,2021,50,25,10,15,14,11
249565,Youri Tielemans,2022,41,13,7,18,3,10
249565,Youri Tielemans,2023,17,5,4,7,4,1
249565,Youri Tielemans,2024,10,4,2,4,2,2
249636,Gautier Lloris,2023,0,0,0,0,0,0
249636,Gautier Lloris,2024,8,1,2,5,1,0
249730,Guillermo Maripán,2018,28,11,4,13,7,4
249730,Guillermo Maripán,2020,23,10,5,8,8,2
249730,Guillermo Maripán,2021,43,26,10,7,12,14
249730,Guillermo Maripán,2022,37,19,10,8,7,12
249730,Guillermo Maripán,2023,18,9,3,6,4,5
250013,Angelo Fulgini,2018,24,5,10,9,2,3
250013,Angelo Fulgini,2019,33,9,13,11,6,3
250013,Angelo Fulgini,2020,25,11,4,10,7,4
250013,Angelo Fulgini,2021,35,9,11,15,4,5
250013,Angelo Fulgini,2022,35,10,8,17,4,6
250013,Angelo Fulgini,2023,20,13,4,3,5,8
250013,Angelo Fulgini,2024,10,5,2,3,2,3
250153,Pasquale Mazzocchi,2022,32,7,12,13,5,2
250153,Pasquale Mazzocchi,2023,13,4,7,2,2,2
250153,Pasquale Mazzocchi,2024,12,3,6,3,2,1
250426,Adam Armstrong,2021,19,4,8,7,4,0
250426,Adam Armstrong,2022,43,11,7,22,7,4
250779,Brendan Chardonnet,2020,24,9,5,10,6,3
250779,Brendan Chardonnet,2021,37,9,13,15,5,4
250779,Brendan Chardonnet,2022,30,9,4,17,4,5
250779,Brendan Chardonnet,2023,17,7,5,5,5,2
250845,José María Giménez,2018,39,25,7,7,7,18
250845,José María Giménez,2019,31,19,6,6,9,10
250845,José María Giménez,2020,28,17,9,2,10,7
250845,José María Giménez,2021,40,21,11,8,13,8
250845,José María Giménez,2022,37,22,7,8,11,11
250845,José María Giménez,2023,22,15,3,4,8,7
250845,José María Giménez,2024,5,4,0,1,2,2
251075,Zeki Çelik,2018,19,10,4,5,6,4
251075,Zeki Çelik,2019,40,20,8,12,11,9
251075,Zeki Çelik,2020,24,16,6,2,8,8
251075,Zeki Çelik,2021,42,20,14,8,11,9
251075,Zeki Çelik,2022,36,15,8,13,8,7
251075,Zeki Çelik,2023,31,15,7,9,7,8
251075,Zeki Çelik,2024,13,9,2,2,4,5
251106,Enes Ünal,2018,36,15,7,14,11,4
251106,Enes Ünal,2019,36,9,12,15,5,4
251106,Enes Ünal,2020,36,10,12,14,7,3
251106,Enes Ünal,2021,34,6,10,18,3,3
251106,Enes Ünal,2022,36,11,13,12,5,6
251106,Enes Ünal,2024,9,3,2,4,1,2
251302,Niklas Dorsch,2021,27,9,11,7,3,6
251303,Johannes Eggestein,2018,27,10,9,8,3,7
251303,Johannes Eggestein,2019,35,12,12,11,4,8
251303,Johannes Eggestein,2024,1,0,0,1,0,0
251309,Dennis Geiger,2018,9,3,3,3,0,3
251309,Dennis Geiger,2020,25,11,8,6,4,7
251309,Dennis Geiger,2021,15,8,3,4,2,6
251309,Dennis Geiger,2022,25,9,4,12,3,6
251309,Dennis Geiger,2024,2,2,0,0,2,0
251664,Ivan Toney,2021,16,4,4,8,2,2
251664,Ivan Toney,2022,37,14,8,13,4,10
251664,Ivan Toney,2023,17,6,6,5,2,4
251845,Sergi Canós,2021,19,5,5,9,3,2
251845,Sergi Canós,2023,9,6,2,1,0,6
251845,Sergi Canós,2024,6,2,2,2,2,0
251876,Pablo Maffeo,2018,31,9,6,16,3,6
251876,Pablo Maffeo,2020,11,1,5,5,1,0
251876,Pablo Maffeo,2021,34,11,12,11,7,4
251876,Pablo Maffeo,2022,35,11,5,19,9,2
251876,Pablo Maffeo,2023,24,10,4,10,6,4
251876,Pablo Maffeo,2024,1,1,0,0,1,0
251878,Aarón Martín,2018,43,15,14,14,9,6
251878,Aarón Martín,2019,33,12,1,20,4,8
251878,Aarón Martín,2021,39,16,8,15,8,8
251878,Aarón Martín,2022,34,13,7,14,6,7
251897,Asier Villalibre,2019,6,3,2,1,1,2
251897,Asier Villalibre,2020,36,14,6,16,7,7
251897,Asier Villalibre,2021,38,15,14,9,11,4
251897,Asier Villalibre,2023,7,3,1,3,1,2
251912,Semi Ajayi,2020,17,2,5,10,2,0
252345,Ken Sema,2018,19,9,3,7,4,5
252345,Ken Sema,2019,31,13,6,12,9,4
252345,Ken Sema,2021,13,3,1,9,1,2
252667,Fali,2020,18,6,4,8,3,3
252667,Fali,2023,17,6,5,6,3,3
252677,José Luis Morales,2018,34,14,6,14,10,4
252677,José Luis Morales,2019,40,14,9,17,6,8
252677,José Luis Morales,2020,38,12,11,15,6,6
252677,José Luis Morales,2021,47,9,17,21,6,3
252677,José Luis Morales,2022,35,18,5,12,5,13
252677,José Luis Morales,2023,17,8,2,7,4,4
253677,Tyrone Mings,2019,17,4,4,9,1,3
253677,Tyrone Mings,2020,30,12,6,12,6,6
253677,Tyrone Mings,2021,40,15,5,20,9,6
253677,Tyrone Mings,2022,37,11,8,16,4,7
253839,Álvaro Medrán,2018,16,6,3,7,3,3
254934,Jamilu Collins,2019,20,5,3,12,2,3
255220,Romain Philippoteaux,2019,18,2,6,10,1,1
255284,Álex Granell,2018,29,9,8,12,3,6
255488,Yeray Álvarez,2018,29,6,9,14,2,4
255488,Yeray Álvarez,2019,36,16,10,10,9,7
255488,Yeray Álvarez,2020,35,13,8,14,6,7
255488,Yeray Álvarez,2022,37,17,9,11,8,9
255488,Yeray Álvarez,2023,21,9,4,8,4,5
255488,Yeray Álvarez,2024,12,7,3,2,2,5
255501,Iñigo Lekue,2020,42,16,8,18,8,8
255501,Iñigo Lekue,2021,47,17,19,11,13,4
255501,Iñigo Lekue,2022,38,19,8,11,9,10
255508,Iñaki Williams,2018,38,7,14,17,2,5
255508,Iñaki Williams,2019,40,19,11,10,11,8
255508,Iñaki Williams,2020,42,16,8,18,8,8
255508,Iñaki Williams,2021,50,17,20,13,13,4
255508,Iñaki Williams,2022,43,22,9,12,11,11
255508,Iñaki Williams,2023,26,9,6,11,5,4
255508,Iñaki Williams,2024,11,7,3,1,2,5
255653,Santi Mina,2018,36,17,7,12,13,4
255653,Santi Mina,2019,43,19,11,13,9,10
255653,Santi Mina,2020,35,10,15,10,5,5
255653,Santi Mina,2021,41,15,9,17,7,8
255729,Awer Mabil,2022,27,9,7,11,3,6
255731,Wes Burns,2024,1,0,0,1,0,0
255755,Alex Telles,2020,38,27,3,8,13,14
255755,Alex Telles,2021,49,26,14,9,14,12
255755,Alex Telles,2022,43,12,13,18,6,6
255838,Patrick Ciurria,2022,16,6,1,9,2,4
255838,Patrick Ciurria,2023,24,9,9,6,6,3
255942,Nicolò Barella,2018,37,11,10,16,9,2
255942,Nicolò Barella,2019,35,17,5,13,11,6
255942,Nicolò Barella,2020,45,26,12,7,10,16
255942,Nicolò Barella,2021,51,35,10,6,10,25
255942,Nicolò Barella,2022,46,29,7,10,12,17
255942,Nicolò Barella,2023,34,20,6,8,10,10
255942,Nicolò Barella,2024,12,10,1,1,5,5
256120,Wilfrid Kaptoum,2018,8,4,3,1,1,3
256178,Joe Gomez,2018,33,21,6,6,9,12
256178,Joe Gomez,2022,51,34,8,7,15,19
256178,Joe Gomez,2023,22,9,6,7,6,3
256361,Daniele Verde,2018,26,6,3,17,5,1
256361,Daniele Verde,2021,41,11,10,20,7,4
256361,Daniele Verde,2022,31,10,5,16,7,3
256429,Sergi Guardiola,2019,36,10,12,14,6,4
256429,Sergi Guardiola,2020,34,10,11,13,6,4
256429,Sergi Guardiola,2021,37,13,11,13,8,5
256429,Sergi Guardiola,2022,39,10,9,20,7,3
256429,Sergi Guardiola,2023,22,6,5,11,3,3
256448,Gianluca Mancini,2018,46,20,12,14,7,13
256448,Gianluca Mancini,2019,44,25,14,5,9,16
256448,Gianluca Mancini,2020,35,18,5,12,8,10
256448,Gianluca Mancini,2021,50,25,8,17,12,13
256448,Gianluca Mancini,2022,37,18,9,10,12,6
256448,Gianluca Mancini,2023,33,14,8,11,7,7
256448,Gianluca Mancini,2024,12,8,2,2,3,5
256678,Filippo Romagna,2019,36,9,7,20,5,4
256866,Carlos Salcedo,2018,21,9,2,10,2,7
257097,Ben Davies,2018,0,0,0,0,0,0
257097,Ben Davies,2019,0,0,0,0,0,0
257097,Ben Davies,2021,8,3,2,3,1,2
257097,Ben Davies,2022,21,13,1,7,6,7
257097,Ben Davies,2023,18,14,1,3,4,10
257376,Domingos Duarte,2019,18,7,3,8,3,4
257376,Domingos Duarte,2020,44,22,10,12,12,10
257376,Domingos Duarte,2021,32,7,6,19,3,4
257376,Domingos Duarte,2022,34,9,11,14,5,4
257455,João Palhinha,2022,33,19,5,9,8,11
257455,João Palhinha,2023,24,11,4,9,5,6
257455,João Palhinha,2024,8,2,3,3,0,2
257462,Luka Jović,2018,45,24,5,16,8,16
257462,Luka Jović,2019,48,22,18,8,8,14
257462,Luka Jović,2021,42,28,8,6,12,16
257462,Luka Jović,2022,35,16,8,11,8,8
257462,Luka Jović,2023,25,10,8,7,4,6
257751,Simone Bastoni,2020,14,2,5,7,0,2
257751,Simone Bastoni,2021,39,9,9,21,6,3
257751,Simone Bastoni,2022,26,8,4,14,6,2
257751,Simone Bastoni,2023,11,1,5,5,1,0
258004,Rúben Dias,2020,41,23,12,6,10,13
258004,Rúben Dias,2021,62,49,2,11,16,33
258004,Rúben Dias,2022,41,28,6,6,7,21
258004,Rúben Dias,2023,30,25,4,1,7,18
258004,Rúben Dias,2024,13,11,2,0,3,8
258039,Aurélio Buta,2022,6,4,0,2,4,0
258039,Aurélio Buta,2023,25,8,8,9,2,6
258039,Aurélio Buta,2024,9,3,4,2,2,1
258254,Jemerson,2021,8,1,3,4,1,0
258878,Tosin Adarabioyo,2020,12,2,5,5,1,1
258878,Tosin Adarabioyo,2022,19,8,4,7,6,2
258878,Tosin Adarabioyo,2023,26,11,4,11,5,6
258883,Jonjoe Kenny,2019,30,14,8,8,8,6
258883,Jonjoe Kenny,2022,40,11,7,22,6,5
258889,Dominic Solanke,2018,22,12,4,6,4,8
258889,Dominic Solanke,2019,31,8,8,15,3,5
258889,Dominic Solanke,2022,17,4,4,8,2,2
258889,Dominic Solanke,2023,19,7,1,11,6,1
258889,Dominic Solanke,2024,10,3,4,3,1,2
258987,Carl Starfelt,2023,19,17,2,0,2,15
259930,Gabriel Fernández,2019,16,4,3,9,2,2
260655,Eduard Löwen,2018,9,3,2,4,1,2
260655,Eduard Löwen,2021,20,8,3,9,6,2
260827,Joachim Andersen,2018,40,17,8,15,8,9
260827,Joachim Andersen,2019,41,16,8,17,6,10
260827,Joachim Andersen,2021,37,7,16,14,2,5
260827,Joachim Andersen,2022,39,16,11,12,9,7
260827,Joachim Andersen,2023,18,5,5,8,2,3
261504,Aleix García,2018,31,11,8,12,5,6
261504,Aleix García,2020,8,3,0,5,2,1
261504,Aleix García,2022,18,6,5,7,5,1
261504,Aleix García,2023,15,5,2,8,3,2
261905,Suat Serdar,2018,36,10,9,17,4,6
261905,Suat Serdar,2019,32,14,9,9,8,6
261905,Suat Serdar,2020,15,2,2,11,0,2
261905,Suat Serdar,2021,34,9,4,21,5,4
261905,Suat Serdar,2022,31,6,6,19,2,4
261905,Suat Serdar,2023,18,4,3,11,2,2
261905,Suat Serdar,2024,8,2,2,4,2,0
262226,Timothy Castagne,2018,49,21,13,15,7,14
262226,Timothy Castagne,2019,45,25,11,9,8,17
262226,Timothy Castagne,2020,31,21,6,4,9,12
262226,Timothy Castagne,2021,48,22,9,17,11,11
262226,Timothy Castagne,2022,31,10,6,13,2,8
262226,Timothy Castagne,2023,25,6,5,13,4,2
262226,Timothy Castagne,2024,10,4,3,3,1,3
262365,Antonio Puertas,2019,18,7,3,8,3,4
262365,Antonio Puertas,2020,46,25,10,11,15,10
262365,Antonio Puertas,2021,49,15,10,24,7,8
262365,Antonio Puertas,2023,0,0,0,0,0,0
262523,Davide Calabria,2018,44,20,14,10,12,8
262523,Davide Calabria,2019,32,13,7,12,9,4
262523,Davide Calabria,2020,44,29,13,2,10,19
262523,Davide Calabria,2021,37,21,7,9,9,12
262523,Davide Calabria,2022,30,18,9,3,9,9
262523,Davide Calabria,2023,28,9,9,10,5,4
262939,Johan Mojica,2021,37,9,11,17,4,5
262939,Johan Mojica,2023,25,13,4,8,5,8
262939,Johan Mojica,2024,11,4,2,5,3,1
262980,Jefferson Lerma,2018,35,14,5,16,8,6
262980,Jefferson Lerma,2019,33,9,8,16,4,5
262980,Jefferson Lerma,2022,17,4,4,9,2,2
262980,Jefferson Lerma,2023,20,7,2,11,6,1
262980,Jefferson Lerma,2024,8,2,2,4,1,1
263183,Roger Assalé,2019,8,2,4,2,1,1
263183,Roger Assalé,2020,23,5,9,9,3,2
263236,Kevin Danso,2018,30,7,9,14,4,3
263236,Kevin Danso,2021,18,6,6,6,2,4
263236,Kevin Danso,2022,33,21,8,4,14,7
263236,Kevin Danso,2023,21,13,5,3,6,7
263236,Kevin Danso,2024,9,5,2,2,2,3
263727,Joan Jordán,2018,32,10,10,12,7,3
263727,Joan Jordán,2019,44,21,12,11,13,8
263727,Joan Jordán,2020,44,24,13,7,14,10
263727,Joan Jordán,2021,56,34,12,10,20,14
263727,Joan Jordán,2022,47,14,18,15,8,6
263727,Joan Jordán,2023,20,12,0,8,4,8
263727,Joan Jordán,2024,7,2,2,3,2,0
263856,Víctor Camarasa,2018,38,14,6,18,10,4
263918,Aleksandr Golovin,2018,28,9,7,12,6,3
263918,Aleksandr Golovin,2019,36,12,12,12,6,6
263918,Aleksandr Golovin,2020,11,4,3,4,4,0
263918,Aleksandr Golovin,2021,42,26,10,6,9,17
263918,Aleksandr Golovin,2022,39,21,9,9,10,11
263918,Aleksandr Golovin,2023,21,10,5,6,6,4
263918,Aleksandr Golovin,2024,7,3,4,0,3,0
263951,Hamza Sakhi,2022,16,3,4,9,3,0
264116,Gastón Pereiro,2019,32,15,9,8,5,10
264116,Gastón Pereiro,2020,18,3,5,10,1,2
264116,Gastón Pereiro,2021,41,7,9,25,3,4
264956,Jean-Kévin Augustin,2018,50,24,11,15,8,16
264956,Jean-Kévin Augustin,2019,31,20,5,6,10,10
265078,Patrick Cutrone,2018,48,24,13,11,15,9
265078,Patrick Cutrone,2019,53,28,15,10,15,13
265078,Patrick Cutrone,2021,38,15,8,15,9,6
265078,Patrick Cutrone,2024,0,0,0,0,0,0
266302,Sergej Milinković-Savić,2018,49,24,12,13,9,15
266302,Sergej Milinković-Savić,2019,40,22,7,11,9,13
266302,Sergej Milinković-Savić,2020,40,18,10,12,9,9
266302,Sergej Milinković-Savić,2021,49,26,8,15,12,14
266302,Sergej Milinković-Savić,2022,43,20,12,11,7,13
266359,Benjamin Bourigeaud,2018,43,19,11,13,9,10
266359,Benjamin Bourigeaud,2019,44,16,13,15,9,7
266359,Benjamin Bourigeaud,2020,32,14,6,12,9,5
266359,Benjamin Bourigeaud,2021,41,18,10,13,5,13
266359,Benjamin Bourigeaud,2022,41,23,9,9,8,15
266359,Benjamin Bourigeaud,2023,22,11,1,10,3,8
266359,Benjamin Bourigeaud,2024,10,6,2,2,4,2
266795,Gonzalo Escalante,2018,30,10,10,10,7,3
266795,Gonzalo Escalante,2019,38,12,12,14,7,5
266795,Gonzalo Escalante,2020,21,7,6,8,3,4
266795,Gonzalo Escalante,2022,32,5,10,17,4,1
266795,Gonzalo Escalante,2023,15,6,4,5,3,3
266807,Ángel Correa,2018,53,35,11,7,13,22
266807,Ángel Correa,2019,42,21,11,10,8,13
266807,Ángel Correa,2020,46,27,13,6,13,14
266807,Ángel Correa,2021,51,25,12,14,15,10
266807,Ángel Correa,2022,47,24,10,13,13,11
266807,Ángel Correa,2023,24,15,5,4,7,8
266807,Ángel Correa,2024,15,7,2,6,4,3
267147,Cyrille Bayala,2022,15,4,2,9,3,1
268176,Sergi Palencia,2018,22,8,7,7,4,4
268178,Arkadiusz Reca,2019,38,18,9,11,8,10
268178,Arkadiusz Reca,2020,31,4,3,24,3,1
268178,Arkadiusz Reca,2021,27,3,2,22,2,1
268178,Arkadiusz Reca,2022,29,9,5,15,7,2
268429,Sandi Lovrić,2022,16,7,5,4,4,3
268429,Sandi Lovrić,2023,23,5,7,11,2,3
268429,Sandi Lovrić,2024,9,2,3,4,2,0
268670,Gerard Gumbau,2018,38,10,10,18,8,2
268670,Gerard Gumbau,2021,20,7,4,9,4,3
268670,Gerard Gumbau,2022,35,10,6,19,5,5
268670,Gerard Gumbau,2023,23,5,6,12,3,2
268670,Gerard Gumbau,2024,7,0,3,4,0,0
270051,Andrei Girotto,2018,22,7,8,7,4,3
270051,Andrei Girotto,2019,31,13,5,13,11,2
270051,Andrei Girotto,2020,23,4,8,11,1,3
270051,Andrei Girotto,2021,40,14,11,15,6,8
270051,Andrei Girotto,2022,40,11,13,16,4,7
270171,Vitaly Janelt,2021,14,4,5,5,2,2
270171,Vitaly Janelt,2022,39,14,10,14,4,10
270171,Vitaly Janelt,2023,19,10,4,5,3,7
270171,Vitaly Janelt,2024,10,2,1,7,1,1
270411,Saîf-Eddine Khaoui,2018,30,6,9,15,4,2
270411,Saîf-Eddine Khaoui,2019,35,14,8,13,10,4
270411,Saîf-Eddine Khaoui,2020,23,11,5,7,9,2
270411,Saîf-Eddine Khaoui,2021,31,8,9,14,4,4
270411,Saîf-Eddine Khaoui,2022,31,8,7,16,4,4
270541,Serhou Guirassy,2018,5,2,1,2,1,1
270541,Serhou Guirassy,2019,27,8,8,11,7,1
270541,Serhou Guirassy,2020,24,5,10,9,3,2
270541,Serhou Guirassy,2021,37,16,8,13,4,12
270541,Serhou Guirassy,2023,16,5,6,5,4,1
270541,Serhou Guirassy,2024,6,5,1,0,2,3
271988,Borja Fernández,2018,0,0,0,0,0,0
272278,Chris Führich,2021,10,2,3,5,0,2
272278,Chris Führich,2022,33,7,12,14,5,2
272278,Chris Führich,2023,22,6,7,9,4,2
272278,Chris Führich,2024,10,7,1,2,2,5
272549,Tony Mauricio,2020,15,7,3,5,4,3
272622,Issa Diop,2018,38,11,9,18,4,7
272622,Issa Diop,2019,37,12,8,17,4,8
272622,Issa Diop,2020,34,9,10,15,4,5
272622,Issa Diop,2022,40,17,7,15,11,6
272622,Issa Diop,2023,26,11,4,11,5,6
272622,Issa Diop,2024,6,2,2,2,1,1
272812,Kingsley Ehizibue,2019,32,11,5,16,5,6
272812,Kingsley Ehizibue,2020,31,8,9,14,3,5
272812,Kingsley Ehizibue,2023,17,4,6,7,2,2
272812,Kingsley Ehizibue,2024,9,2,3,4,2,0
272855,Paul Onuachu,2022,27,20,2,5,6,14
273438,Danilo Barbosa,2018,29,16,6,7,8,8
273438,Danilo Barbosa,2019,30,11,9,10,5,6
273669,Adrian Beck,2023,0,0,0,0,0,0
273669,Adrian Beck,2024,7,1,4,2,1,0
274461,Felix Passlack,2020,29,13,6,10,4,9
274461,Felix Passlack,2021,39,23,5,11,9,14
274461,Felix Passlack,2023,10,8,1,1,3,5
274461,Felix Passlack,2024,6,1,0,5,1,0
274839,Wilfred Ndidi,2018,37,15,10,12,5,10
274839,Wilfred Ndidi,2019,37,19,6,12,7,12
274839,Wilfred Ndidi,2020,26,13,5,8,2,11
274839,Wilfred Ndidi,2021,47,23,9,15,12,11
274839,Wilfred Ndidi,2022,23,5,2,13,1,4
274839,Wilfred Ndidi,2024,1,0,0,1,0,0
274862,Moses Simon,2018,14,6,2,6,4,2
274862,Moses Simon,2019,37,14,7,16,10,4
274862,Moses Simon,2020,23,4,6,13,1,3
274862,Moses Simon,2021,37,14,9,14,6,8
274862,Moses Simon,2022,35,11,10,14,5,6
274862,Moses Simon,2023,22,3,8,11,2,1
274862,Moses Simon,2024,5,1,0,4,1,0
275249,Niklas Schmidt,2022,16,7,3,6,5,2
275249,Niklas Schmidt,2023,19,4,3,12,1,3
275249,Niklas Schmidt,2024,7,4,1,2,3,1
275303,Hans Hateboer,2018,49,21,13,15,7,14
275303,Hans Hateboer,2019,45,24,11,10,8,16
275303,Hans Hateboer,2020,41,24,10,7,9,15
275303,Hans Hateboer,2021,20,13,4,3,4,9
275303,Hans Hateboer,2022,39,17,8,14,7,10
275303,Hans Hateboer,2023,9,5,2,2,1,4
275361,Karim Azamoum,2021,7,1,2,4,0,1
275423,Christian Gebauer,2020,8,3,1,4,3,0
275590,Kieffer Moore,2022,18,4,4,9,2,2
276111,David Costas,2018,6,2,1,3,1,1
276895,Steven Fortes,2020,15,8,3,4,5,3
276896,Samuel Gigot,2022,31,17,4,10,8,9
276896,Samuel Gigot,2023,15,8,4,3,3,5
276896,Samuel Gigot,2024,5,2,2,1,0,2
277033,David Brooks,2018,21,8,2,11,3,5
277033,David Brooks,2019,14,4,3,7,0,4
277033,David Brooks,2022,0,0,0,0,0,0
277033,David Brooks,2023,11,5,0,6,4,1
277033,David Brooks,2024,2,1,0,1,0,1
277114,Jason Denayer,2018,35,19,11,5,8,11
277114,Jason Denayer,2019,41,17,11,13,11,6
277114,Jason Denayer,2020,28,15,7,6,6,9
277114,Jason Denayer,2021,36,19,8,9,10,9
277167,Gian Marco Ferrari,2018,39,14,10,15,5,9
277167,Gian Marco Ferrari,2019,31,7,11,13,2,5
277167,Gian Marco Ferrari,2020,32,15,9,8,6,9
277167,Gian Marco Ferrari,2021,41,15,11,15,10,5
277167,Gian Marco Ferrari,2022,35,10,9,16,5,5
277167,Gian Marco Ferrari,2023,23,8,5,10,7,1
277179,Angeliño,2020,43,26,11,6,10,16
277179,Angeliño,2021,40,19,8,13,8,11
277179,Angeliño,2022,41,23,8,10,6,17
277179,Angeliño,2023,20,5,3,12,1,4
277179,Angeliño,2024,11,7,2,2,2,5
277533,Josan,2020,17,5,7,5,4,1
277533,Josan,2021,43,10,11,22,6,4
277533,Josan,2022,38,11,7,20,6,5
277635,Rominigue Kouamé,2021,19,4,5,10,2,2
277635,Rominigue Kouamé,2022,31,7,12,12,2,5
278166,Amari'i Bell,2023,4,1,2,1,1,0
278323,Alexander Fuchs,2018,15,3,4,8,1,2
278332,Florian Neuhaus,2018,19,11,3,5,1,10
278332,Florian Neuhaus,2019,41,20,8,13,10,10
278332,Florian Neuhaus,2020,36,16,10,10,4,12
278332,Florian Neuhaus,2021,44,17,8,19,8,9
278332,Florian Neuhaus,2022,25,10,8,7,3,7
278332,Florian Neuhaus,2023,19,5,6,8,1,4
278359,Borja Iglesias,2018,12,4,2,6,2,2
278359,Borja Iglesias,2019,41,18,12,11,9,9
278359,Borja Iglesias,2020,38,12,6,20,4,8
278359,Borja Iglesias,2021,49,27,12,10,12,15
278359,Borja Iglesias,2022,49,26,13,10,14,12
278359,Borja Iglesias,2024,11,9,1,1,5,4
278531,Sebastiano Luperto,2020,40,19,7,14,10,9
278531,Sebastiano Luperto,2021,42,14,4,24,7,7
278531,Sebastiano Luperto,2022,27,5,8,14,5,0
278531,Sebastiano Luperto,2023,23,6,8,9,4,2
278531,Sebastiano Luperto,2024,9,3,3,3,1,2
278837,Luis Rioja,2019,17,5,4,8,1,4
278837,Luis Rioja,2020,33,8,10,15,5,3
278837,Luis Rioja,2021,44,11,8,25,7,4
278837,Luis Rioja,2023,2,1,0,1,1,0
279079,Lukas Mühl,2018,19,4,5,10,1,3
279455,Harry Wilson,2019,20,6,5,9,3,3
279455,Harry Wilson,2022,11,5,2,4,3,2
279455,Harry Wilson,2023,26,11,4,11,5,6
279455,Harry Wilson,2024,8,4,1,3,1,3
279570,Daler Kuzyaev,2023,15,9,4,2,4,5
279570,Daler Kuzyaev,2024,4,1,2,1,1,0
280387,Vincent Sierro,2022,5,3,0,2,1,2
280387,Vincent Sierro,2023,16,6,4,6,4,2
280730,Álvaro Odriozola,2018,35,14,3,18,5,9
280730,Álvaro Odriozola,2020,36,33,3,0,11,22
280730,Álvaro Odriozola,2021,42,22,11,9,10,12
281319,Alberth Elis,2021,34,8,11,15,6,2
281319,Alberth Elis,2022,9,1,1,7,1,0
281404,Kenedy,2018,32,10,8,14,8,2
281404,Kenedy,2019,33,14,8,11,7,7
281404,Kenedy,2020,31,16,8,7,6,10
281404,Kenedy,2022,19,12,2,5,8,4
281755,Iván Alejo,2020,16,5,4,7,3,2
281755,Iván Alejo,2021,33,10,10,13,8,2
281755,Iván Alejo,2022,33,9,10,14,5,4
281755,Iván Alejo,2023,21,6,6,9,4,2
281963,Lucas Hernández,2018,46,29,10,7,9,20
281963,Lucas Hernández,2019,14,9,3,2,2,7
281963,Lucas Hernández,2020,42,37,4,1,15,22
281963,Lucas Hernández,2021,46,37,2,7,13,24
281963,Lucas Hernández,2023,0,0,0,0,0,0
281989,Luis Milla,2020,25,14,5,6,6,8
281989,Luis Milla,2021,21,8,7,6,4,4
281989,Luis Milla,2022,31,8,11,12,4,4
281989,Luis Milla,2023,22,5,7,10,4,1
281989,Luis Milla,2024,9,2,3,4,2,0
282041,Presnel Kimpembe,2018,39,26,8,5,8,18
282041,Presnel Kimpembe,2019,35,25,3,7,10,15
282041,Presnel Kimpembe,2020,32,21,3,8,4,17
282041,Presnel Kimpembe,2021,47,29,8,10,13,16
282058,Cheikh N'Doye,2018,18,5,7,6,4,1
282349,Timo Becker,2019,6,2,3,1,2,0
282349,Timo Becker,2020,20,3,6,11,1,2
282349,Timo Becker,2024,0,0,0,0,0,0
282388,Giovanni Simeone,2018,38,15,11,12,7,8
282388,Giovanni Simeone,2019,42,14,15,13,5,9
282388,Giovanni Simeone,2020,34,6,10,18,2,4
282388,Giovanni Simeone,2022,38,25,7,6,12,13
282388,Giovanni Simeone,2023,24,16,3,5,3,13
282388,Giovanni Simeone,2024,11,3,5,3,2,1
282406,Álvaro Jiménez,2021,18,4,6,8,3,1
282429,Sergio Reguilón,2019,41,28,5,8,15,13
282429,Sergio Reguilón,2020,46,25,15,6,10,15
282429,Sergio Reguilón,2021,41,24,6,11,8,16
282429,Sergio Reguilón,2022,22,10,2,10,2,8
282577,Lukas Klünter,2018,9,6,3,0,3,3
282672,Benito Ramírez,2023,0,0,0,0,0,0
282694,Augusto Solari,2020,0,0,0,0,0,0
282694,Augusto Solari,2021,33,12,9,12,6,6
282700,Enric Franquesa,2024,0,0,0,0,0,0
282722,Álex Collado,2021,3,2,0,1,0,2
282722,Álex Collado,2022,36,5,10,21,2,3
282810,Carles Pérez,2019,19,10,6,3,3,7
282810,Carles Pérez,2020,41,23,6,12,12,11
282810,Carles Pérez,2021,47,24,7,16,12,12
282810,Carles Pérez,2022,37,14,10,13,7,7
282810,Carles Pérez,2023,22,8,6,8,5,3
282810,Carles Pérez,2024,9,2,1,6,2,0
283001,Noah Joel Sarenren Bazee,2019,3,2,0,1,1,1
283001,Noah Joel Sarenren Bazee,2021,21,5,4,12,2,3
283127,Oualid El Hajjam,2021,18,3,5,10,1,2
283127,Oualid El Hajjam,2023,0,0,0,0,0,0
283141,Blendi Idrizi,2020,0,0,0,0,0,0
283528,Ignacio Pussetto,2018,20,4,6,10,2,2
283528,Ignacio Pussetto,2020,28,10,6,12,6,4
283528,Ignacio Pussetto,2021,18,5,7,6,1,4
283528,Ignacio Pussetto,2022,30,9,7,14,4,5
283871,Florian Dietz,2022,13,4,5,4,2,2
283994,Ludovic Ajorque,2018,10,3,3,4,0,3
283994,Ludovic Ajorque,2019,43,16,11,16,10,6
283994,Ludovic Ajorque,2020,24,7,4,13,2,5
283994,Ludovic Ajorque,2021,37,14,11,12,6,8
283994,Ludovic Ajorque,2022,30,9,14,7,7,2
283994,Ludovic Ajorque,2023,21,8,5,8,3,5
283994,Ludovic Ajorque,2024,8,2,2,4,1,1
284248,Paul Jaeckel,2022,40,22,6,12,15,7
284595,Tommaso Augello,2020,36,14,5,17,6,8
284595,Tommaso Augello,2021,44,17,10,17,9,8
284595,Tommaso Augello,2022,36,8,4,24,4,4
284595,Tommaso Augello,2023,24,2,7,15,1,1
284727,Jonathan Calleri,2018,34,7,9,18,7,0
284727,Jonathan Calleri,2019,34,7,11,16,4,3
284727,Jonathan Calleri,2020,31,7,8,16,3,4
284732,Ramy Bensebaini,2018,41,17,11,13,8,9
284732,Ramy Bensebaini,2019,35,17,9,9,6,11
284732,Ramy Bensebaini,2020,23,11,6,6,5,6
284732,Ramy Bensebaini,2021,35,12,6,17,5,7
284732,Ramy Bensebaini,2022,28,11,8,9,2,9
284732,Ramy Bensebaini,2024,8,5,2,1,1,4
284737,Törles Knöll,2018,14,4,4,6,1,3
284854,Carles Aleñá,2018,14,8,4,2,2,6
284854,Carles Aleñá,2019,38,26,9,3,10,16
284854,Carles Aleñá,2021,41,9,12,20,5,4
284854,Carles Aleñá,2022,33,11,12,10,5,6
284854,Carles Aleñá,2023,22,4,7,11,3,1
284854,Carles Aleñá,2024,10,3,3,4,2,1
285323,Baptiste Santamaria,2018,36,10,12,14,6,4
285323,Baptiste Santamaria,2019,40,14,13,13,8,6
285323,Baptiste Santamaria,2020,25,8,7,10,4,4
285323,Baptiste Santamaria,2022,27,15,4,8,3,12
285323,Baptiste Santamaria,2023,21,10,2,9,2,8
285323,Baptiste Santamaria,2024,10,6,2,2,4,2
285845,Ainsley Maitland-Niles,2018,35,14,7,14,3,11
285845,Ainsley Maitland-Niles,2019,42,21,9,12,8,13
285845,Ainsley Maitland-Niles,2020,43,25,6,12,12,13
285845,Ainsley Maitland-Niles,2022,33,10,8,13,6,4
285845,Ainsley Maitland-Niles,2023,20,5,1,14,5,0
285845,Ainsley Maitland-Niles,2024,7,5,0,2,5,0
285951,Nathan de Medina,2021,36,9,13,14,4,5
286297,Lorenzo Pellegrini,2018,42,22,8,12,7,15
286297,Lorenzo Pellegrini,2019,33,19,10,4,9,10
286297,Lorenzo Pellegrini,2020,39,22,6,11,8,14
286297,Lorenzo Pellegrini,2021,44,26,6,12,13,13
286297,Lorenzo Pellegrini,2022,35,16,9,10,10,6
286297,Lorenzo Pellegrini,2023,32,15,8,9,7,8
286297,Lorenzo Pellegrini,2024,13,9,2,2,4,5
286384,Eric Bailly,2018,33,19,6,8,10,9
286596,Emir Karic,2023,1,0,0,1,0,0
286779,Jorge Meré,2019,15,5,0,10,3,2
286779,Jorge Meré,2023,16,6,4,6,3,3
286949,Adam Masina,2019,34,13,8,13,6,7
286949,Adam Masina,2022,23,5,4,14,5,0
286949,Adam Masina,2024,10,2,4,4,0,2
287188,Dejan Ljubicic,2021,16,6,7,3,1,5
287188,Dejan Ljubicic,2022,29,12,6,11,5,7
287188,Dejan Ljubicic,2023,18,5,7,6,1,4
287367,Luca Vignali,2020,13,3,4,6,0,3
287635,Assane Dioussé,2019,23,4,8,11,4,0
287717,Emanuele Ndoj,2019,9,2,0,7,1,1
287875,Luca Fiordilino,2021,7,3,2,2,2,1
287876,Antonino La Gumina,2018,20,4,4,12,3,1
287876,Antonino La Gumina,2020,32,13,3,16,6,7
287920,Tim Skarke,2023,11,3,4,4,1,2
287920,Tim Skarke,2024,8,0,3,5,0,0
288225,Ludovic Blas,2018,34,7,11,16,3,4
288225,Ludovic Blas,2019,35,10,8,17,10,0
288225,Ludovic Blas,2020,25,5,8,12,1,4
288225,Ludovic Blas,2021,38,13,11,14,5,8
288225,Ludovic Blas,2022,41,12,13,16,5,7
288225,Ludovic Blas,2023,24,5,8,11,3,2
288225,Ludovic Blas,2024,10,6,2,2,4,2
288230,Ousmane Dembélé,2018,43,28,12,3,6,22
288230,Ousmane Dembélé,2019,27,21,4,2,10,11
288230,Ousmane Dembélé,2020,17,9,3,5,1,8
288230,Ousmane Dembélé,2021,40,25,7,8,12,13
288230,Ousmane Dembélé,2022,47,29,9,9,12,17
288230,Ousmane Dembélé,2023,15,12,0,3,6,6
288230,Ousmane Dembélé,2024,8,4,4,0,1,3
288255,Donny van de Beek,2020,33,19,3,11,9,10
288255,Donny van de Beek,2021,53,28,13,12,16,12
288255,Donny van de Beek,2024,9,3,4,2,2,1
288340,Phillip Tietz,2023,1,0,0,1,0,0
288340,Phillip Tietz,2024,9,5,2,2,3,2
289061,Alessandro Murgia,2019,37,12,6,19,7,5
289167,Kamil Jóźwiak,2023,0,0,0,0,0,0
289182,Christopher Antwi-Adjei,2019,21,5,3,13,2,3
289182,Christopher Antwi-Adjei,2021,19,7,2,10,5,2
289182,Christopher Antwi-Adjei,2022,29,13,4,12,9,4
289182,Christopher Antwi-Adjei,2023,20,6,4,10,2,4
289236,Jon Bautista,2018,24,8,5,11,3,5
289236,Jon Bautista,2020,31,12,10,8,6,6
289255,Andoni Gorosabel,2019,12,6,3,3,4,2
289255,Andoni Gorosabel,2020,39,15,11,12,5,10
289255,Andoni Gorosabel,2022,45,25,8,12,15,10
289255,Andoni Gorosabel,2023,22,12,5,5,6,6
289255,Andoni Gorosabel,2024,8,3,3,2,2,1
289257,Jon Guridi,2020,16,10,1,4,4,6
289257,Jon Guridi,2021,29,13,5,11,6,7
289257,Jon Guridi,2023,2,1,0,1,1,0
289257,Jon Guridi,2024,9,3,3,3,2,1
289286,Luca Sangalli,2018,5,1,2,2,0,1
289286,Luca Sangalli,2019,32,13,10,9,7,6
289432,Dylan Batubinsika,2024,0,0,0,0,0,0
289446,Yerry Mina,2019,27,10,5,12,6,4
289446,Yerry Mina,2020,29,13,6,10,9,4
289446,Yerry Mina,2022,11,3,1,6,2,1
289446,Yerry Mina,2024,7,2,2,3,1,1
289592,Orel Mangala,2020,16,6,6,4,3,3
289592,Orel Mangala,2021,27,8,7,12,2,6
289592,Orel Mangala,2022,30,5,11,12,5,0
289592,Orel Mangala,2023,23,6,7,9,4,2
289802,Rafael Ratão,2022,12,2,4,6,1,1
289835,Jens Stage,2022,22,12,3,7,7,5
289835,Jens Stage,2023,18,4,3,11,1,3
289835,Jens Stage,2024,9,4,1,4,3,1
290017,Hassane Kamara,2018,9,2,3,4,2,0
290017,Hassane Kamara,2019,32,12,14,6,7,5
290017,Hassane Kamara,2020,28,10,8,8,5,5
290017,Hassane Kamara,2021,38,17,7,14,10,7
290017,Hassane Kamara,2023,0,0,0,0,0,0
290017,Hassane Kamara,2024,8,2,2,4,2,0
290273,Álvaro Tejero,2019,16,4,4,8,1,3
290273,Álvaro Tejero,2020,25,8,6,11,4,4
290273,Álvaro Tejero,2024,0,0,0,0,0,0
290532,Saïd Benrahma,2020,10,4,3,3,4,0
290532,Saïd Benrahma,2021,50,28,8,14,14,14
290532,Saïd Benrahma,2022,42,15,6,20,7,8
290532,Saïd Benrahma,2023,24,9,5,10,4,5
290561,Alexandre Mendy,2018,1,1,0,0,0,1
290561,Alexandre Mendy,2019,33,6,11,16,3,3
290587,Ellyes Skhiri,2018,36,13,16,7,7,6
290587,Ellyes Skhiri,2019,38,12,10,16,6,6
290587,Ellyes Skhiri,2020,32,9,9,14,4,5
290587,Ellyes Skhiri,2021,32,10,9,13,5,5
290587,Ellyes Skhiri,2022,29,11,5,13,5,6
290587,Ellyes Skhiri,2023,18,6,6,6,1,5
290593,Sada Thioub,2018,18,6,5,7,3,3
290593,Sada Thioub,2019,35,14,7,14,6,8
290593,Sada Thioub,2020,21,8,3,10,6,2
290593,Sada Thioub,2022,34,7,7,20,6,1
291417,Ferland Mendy,2018,45,23,13,9,9,14
291417,Ferland Mendy,2019,34,19,10,5,10,9
291417,Ferland Mendy,2020,48,32,6,10,12,20
291417,Ferland Mendy,2021,36,26,6,4,12,14
291417,Ferland Mendy,2023,14,8,1,5,6,2
292139,Sammie Szmodics,2024,2,1,0,1,0,1
292417,Demarai Gray,2018,39,15,10,14,5,10
292417,Demarai Gray,2019,35,18,4,13,7,11
292417,Demarai Gray,2021,30,9,7,14,3,6
292417,Demarai Gray,2022,40,10,8,20,8,2
292534,Eric Smith,2024,1,0,0,1,0,0
292808,Wout Faes,2020,24,6,6,12,4,2
292808,Wout Faes,2021,37,10,15,12,6,4
292808,Wout Faes,2024,2,1,0,1,0,1
292818,Jonathan Bamba,2018,38,20,9,9,11,9
292818,Jonathan Bamba,2019,43,21,10,12,12,9
292818,Jonathan Bamba,2020,32,19,8,5,10,9
292818,Jonathan Bamba,2021,41,21,12,8,13,8
292818,Jonathan Bamba,2022,35,14,8,13,7,7
292818,Jonathan Bamba,2023,19,9,7,3,4,5
292818,Jonathan Bamba,2024,4,2,1,1,2,0
293194,Borna Sosa,2018,7,2,0,5,2,0
293194,Borna Sosa,2020,12,4,5,3,2,2
293194,Borna Sosa,2021,34,12,8,14,5,7
293194,Borna Sosa,2022,27,7,10,10,5,2
293194,Borna Sosa,2024,7,2,3,2,0,2
293200,Nikola Vlašić,2021,38,18,4,16,7,11
293200,Nikola Vlašić,2022,43,17,8,18,10,7
293200,Nikola Vlašić,2023,21,7,7,7,5,2
293200,Nikola Vlašić,2024,9,3,4,2,1,2
293210,Amer Gojak,2020,14,4,4,6,2,2
293281,Jacob Bruun Larsen,2018,29,19,6,4,9,10
293281,Jacob Bruun Larsen,2021,28,13,7,8,4,9
293281,Jacob Bruun Larsen,2022,34,11,6,17,5,6
293281,Jacob Bruun Larsen,2023,2,1,1,0,0,1
293281,Jacob Bruun Larsen,2024,8,1,2,5,1,0
293385,Dani Olmo,2019,15,6,4,5,1,5
293385,Dani Olmo,2020,41,23,12,6,9,14
293385,Dani Olmo,2021,32,15,6,11,8,7
293385,Dani Olmo,2022,39,24,8,7,6,18
293385,Dani Olmo,2023,17,12,1,4,5,7
293385,Dani Olmo,2024,11,5,2,4,0,5
293569,Josh Brownhill,2020,28,10,9,9,8,2
293569,Josh Brownhill,2021,36,8,12,16,3,5
293569,Josh Brownhill,2023,4,3,1,0,2,1
293592,Brandon Borrello,2019,19,8,4,7,5,3
293944,Habib Maïga,2019,19,3,8,8,2,1
293944,Habib Maïga,2020,22,11,6,5,6,5
293944,Habib Maïga,2021,31,5,12,14,3,2
294057,James Maddison,2018,21,8,4,9,4,4
294057,James Maddison,2019,38,19,6,13,8,11
294057,James Maddison,2020,34,18,6,10,6,12
294057,James Maddison,2021,46,23,9,14,13,10
294057,James Maddison,2022,33,11,8,13,2,9
294057,James Maddison,2023,18,4,5,9,2,2
294057,James Maddison,2024,8,4,1,3,2,2
294808,Franck Kessié,2018,47,23,15,9,15,8
294808,Franck Kessié,2019,38,18,7,13,12,6
294808,Franck Kessié,2020,47,31,13,3,11,20
294808,Franck Kessié,2021,51,26,10,15,11,15
294808,Franck Kessié,2022,36,23,8,5,9,14
294817,Thiago Silva,2019,0,0,0,0,0,0
294817,Thiago Silva,2020,1,0,0,1,0,0
294817,Thiago Silva,2021,17,7,7,3,4,3
294817,Thiago Silva,2022,18,3,5,10,2,1
294817,Thiago Silva,2023,10,4,3,3,3,1
294873,Thiago Maia,2018,36,13,8,15,9,4
295060,Koji Miyoshi,2024,1,0,0,1,0,0
295065,Toni Moya,2021,20,5,3,12,3,2
295183,Răzvan Marin,2020,27,12,5,10,6,6
295183,Răzvan Marin,2021,44,9,11,24,4,5
295183,Răzvan Marin,2022,34,9,10,15,8,1
295183,Răzvan Marin,2023,19,4,7,8,3,1
295183,Răzvan Marin,2024,6,2,2,2,1,1
295313,Taiwo Awoniyi,2019,24,13,2,9,8,5
295313,Taiwo Awoniyi,2020,19,6,8,5,2,4
295313,Taiwo Awoniyi,2021,31,13,11,7,8,5
295313,Taiwo Awoniyi,2022,35,11,6,15,7,4
295313,Taiwo Awoniyi,2023,13,4,4,5,3,1
295313,Taiwo Awoniyi,2024,9,2,1,6,0,2
295330,Kelechi Iheanacho,2018,41,15,10,16,4,11
295330,Kelechi Iheanacho,2019,29,13,6,10,4,9
295330,Kelechi Iheanacho,2020,44,21,8,15,6,15
295330,Kelechi Iheanacho,2021,51,26,11,14,14,12
295330,Kelechi Iheanacho,2022,39,12,7,17,3,9
295331,Isaac Success,2018,33,10,5,18,4,6
295331,Isaac Success,2021,11,3,5,3,1,2
295331,Isaac Success,2022,32,12,10,10,5,7
295331,Isaac Success,2023,15,4,6,5,2,2
295622,Keidi Bare,2021,19,8,3,8,6,2
295622,Keidi Bare,2022,29,8,9,12,5,3
296359,Félix Eboa Eboa,2018,33,7,9,17,3,4
296397,Arne Maier,2018,30,12,11,7,5,7
296397,Arne Maier,2019,13,4,2,7,3,1
296397,Arne Maier,2021,31,9,10,12,6,3
296397,Arne Maier,2022,31,11,5,15,7,4
296397,Arne Maier,2023,19,5,4,10,5,0
296397,Arne Maier,2024,9,5,2,2,3,2
296422,Fodé Ballo-Touré,2018,35,15,7,13,10,5
296422,Fodé Ballo-Touré,2019,33,10,11,12,6,4
296422,Fodé Ballo-Touré,2020,22,9,5,8,8,1
296422,Fodé Ballo-Touré,2021,44,29,6,9,13,16
296422,Fodé Ballo-Touré,2022,37,23,9,5,11,12
296879,Steffen Tigges,2022,24,8,6,10,3,5
296879,Steffen Tigges,2023,18,6,7,5,1,5
296986,Tyler Roberts,2020,16,7,2,7,4,3
296986,Tyler Roberts,2021,39,14,10,15,7,7
297070,Hamari Traoré,2018,36,17,7,12,8,9
297070,Hamari Traoré,2019,43,16,13,14,9,7
297070,Hamari Traoré,2020,30,13,5,12,8,5
297070,Hamari Traoré,2021,41,18,10,13,5,13
297070,Hamari Traoré,2022,35,19,9,7,5,14
297070,Hamari Traoré,2023,16,9,1,6,3,6
297212,Joe Rodon,2022,43,25,8,10,9,16
298091,Harry Souttar,2022,0,0,0,0,0,0
298575,Kike Barja,2019,0,0,0,0,0,0
298575,Kike Barja,2020,28,11,6,11,7,4
298575,Kike Barja,2021,40,13,14,13,7,6
298575,Kike Barja,2022,34,14,5,15,8,6
298575,Kike Barja,2023,29,12,7,10,9,3
298583,Eray Cömert,2022,32,11,11,10,6,5
298583,Eray Cömert,2023,26,8,5,13,5,3
298589,David García,2019,15,4,8,3,1,3
298589,David García,2020,34,11,9,14,7,4
298589,David García,2021,42,15,13,14,10,5
298589,David García,2022,35,16,5,14,8,8
298589,David García,2023,26,12,6,8,9,3
298635,Grigoris Kastanos,2021,18,3,1,14,2,1
298635,Grigoris Kastanos,2022,32,9,12,11,7,2
298635,Grigoris Kastanos,2023,23,5,10,8,3,2
298635,Grigoris Kastanos,2024,8,0,2,6,0,0
298975,Pol Lirola,2018,32,9,13,10,3,6
298975,Pol Lirola,2019,38,8,14,16,3,5
298975,Pol Lirola,2021,43,15,16,12,7,8
298975,Pol Lirola,2022,34,14,6,14,5,9
298975,Pol Lirola,2023,19,4,4,11,2,2
298975,Pol Lirola,2024,7,0,1,6,0,0
298976,Borja Mayoral,2018,31,15,6,10,5,10
298976,Borja Mayoral,2019,39,14,9,16,6,8
298976,Borja Mayoral,2022,36,10,14,12,4,6
298976,Borja Mayoral,2023,24,6,7,11,5,1
300532,Pontus Almqvist,2023,0,0,0,0,0,0
300532,Pontus Almqvist,2024,9,2,1,6,2,0
300716,Kieran Tierney,2019,21,10,7,4,5,5
300716,Kieran Tierney,2020,34,19,3,12,9,10
300716,Kieran Tierney,2021,35,20,6,9,6,14
300716,Kieran Tierney,2022,33,25,2,5,14,11
301236,Francesco Cassata,2018,37,6,14,17,5,1
301236,Francesco Cassata,2019,31,7,7,17,4,3
301236,Francesco Cassata,2020,19,7,3,9,4,3
302215,Naby Keïta,2018,41,26,7,8,11,15
302215,Naby Keïta,2019,40,30,6,4,13,17
302215,Naby Keïta,2020,28,18,5,5,5,13
302215,Naby Keïta,2021,29,17,7,5,6,11
302371,Toni Martínez,2024,11,7,2,2,1,6
303116,Gaetano Castrovilli,2019,18,6,5,7,3,3
303116,Gaetano Castrovilli,2020,35,13,13,9,7,6
303116,Gaetano Castrovilli,2021,35,12,9,14,6,6
303116,Gaetano Castrovilli,2022,16,9,3,4,7,2
303116,Gaetano Castrovilli,2023,24,12,7,5,6,6
303254,Fikayo Tomori,2019,29,15,5,9,8,7
303254,Fikayo Tomori,2021,48,25,10,13,10,15
303254,Fikayo Tomori,2022,39,25,9,5,12,13
303254,Fikayo Tomori,2023,26,10,8,8,4,6
305274,Fred Onyedinma,2023,2,0,1,1,0,0
306024,Dominic Calvert-Lewin,2018,33,12,7,14,6,6
306024,Dominic Calvert-Lewin,2019,39,16,6,17,8,8
306024,Dominic Calvert-Lewin,2020,34,15,8,11,11,4
306024,Dominic Calvert-Lewin,2021,24,11,5,8,7,4
306024,Dominic Calvert-Lewin,2022,25,7,3,15,5,2
306024,Dominic Calvert-Lewin,2023,11,2,3,6,1,1
306024,Dominic Calvert-Lewin,2024,8,0,4,4,0,0
306191,Jason Berthomier,2021,17,3,5,9,1,2
306382,Benjamin Tetteh,2023,1,0,0,1,0,0
307183,Sirlord Conteh,2024,0,0,0,0,0,0
307519,Fede San Emeterio,2019,12,1,6,5,0,1
307519,Fede San Emeterio,2022,27,7,11,9,4,3
307519,Fede San Emeterio,2023,19,7,6,6,4,3
308133,Ado Onaiwu,2022,16,4,4,8,2,2
308133,Ado Onaiwu,2024,0,0,0,0,0,0
308279,Rolando Mandragora,2018,37,9,11,17,4,5
308279,Rolando Mandragora,2019,36,14,7,15,9,5
308279,Rolando Mandragora,2020,16,4,6,6,3,1
308279,Rolando Mandragora,2021,37,10,12,15,7,3
308279,Rolando Mandragora,2022,31,12,9,10,8,4
308279,Rolando Mandragora,2023,23,11,7,5,5,6
308279,Rolando Mandragora,2024,8,2,3,3,1,1
309110,Brais Méndez,2018,30,8,10,12,5,3
309110,Brais Méndez,2019,36,7,9,20,4,3
309110,Brais Méndez,2020,38,12,16,10,5,7
309110,Brais Méndez,2021,41,15,10,16,7,8
309110,Brais Méndez,2022,44,23,7,14,11,12
309110,Brais Méndez,2023,25,12,6,7,6,6
309110,Brais Méndez,2024,15,6,3,6,4,2
309400,Kai Havertz,2018,43,21,7,15,10,11
309400,Kai Havertz,2019,41,22,5,14,8,14
309400,Kai Havertz,2020,43,25,9,9,8,17
309400,Kai Havertz,2021,52,32,10,10,13,19
309400,Kai Havertz,2022,50,29,9,11,15,14
309400,Kai Havertz,2023,26,5,8,13,2,3
309400,Kai Havertz,2024,10,9,0,1,2,7
309944,Tyronne Ebuehi,2021,36,7,13,16,5,2
309944,Tyronne Ebuehi,2022,18,3,5,10,2,1
309944,Tyronne Ebuehi,2023,22,6,8,8,4,2
310458,Giangiacomo Magnani,2020,29,10,9,10,4,6
310458,Giangiacomo Magnani,2022,25,5,2,18,1,4
310458,Giangiacomo Magnani,2023,22,6,7,9,4,2
310458,Giangiacomo Magnani,2024,9,2,3,4,2,0
310527,Paulo Azzi,2023,0,0,0,0,0,0
310527,Paulo Azzi,2024,9,2,2,5,1,1
311044,Alfonso Espino,2020,16,5,4,7,3,2
311044,Alfonso Espino,2021,36,8,13,15,7,1
311044,Alfonso Espino,2022,37,10,12,15,6,4
311044,Alfonso Espino,2023,22,8,6,8,4,4
311044,Alfonso Espino,2024,10,1,3,6,0,1
313477,Paolo Ghiglione,2018,20,1,7,12,0,1
313477,Paolo Ghiglione,2019,29,6,7,16,3,3
313477,Paolo Ghiglione,2020,35,10,8,17,6,4
313477,Paolo Ghiglione,2021,43,10,15,18,6,4
313477,Paolo Ghiglione,2022,30,4,11,15,3,1
314183,Karlan Grant,2020,13,1,4,8,1,0
314288,Lukas Nmecha,2021,36,13,9,14,7,6
314288,Lukas Nmecha,2022,25,10,7,8,5,5
314353,Trent Alexander-Arnold,2018,50,33,8,9,12,21
314353,Trent Alexander-Arnold,2019,51,41,5,5,18,23
314353,Trent Alexander-Arnold,2020,40,25,9,6,10,15
314353,Trent Alexander-Arnold,2021,50,30,8,12,8,22
314353,Trent Alexander-Arnold,2022,49,34,8,7,13,21
314353,Trent Alexander-Arnold,2023,26,11,7,8,5,6
314353,Trent Alexander-Arnold,2024,4,3,0,1,0,3
314678,Brahim Díaz,2018,15,10,2,3,2,8
314678,Brahim Díaz,2019,17,11,2,4,4,7
314678,Brahim Díaz,2020,39,30,6,3,15,15
314678,Brahim Díaz,2021,46,24,8,14,9,15
314678,Brahim Díaz,2022,44,28,10,6,12,16
314678,Brahim Díaz,2023,30,12,9,9,6,6
314678,Brahim Díaz,2024,12,8,4,0,4,4
314875,Jarrod Bowen,2019,0,0,0,0,0,0
314875,Jarrod Bowen,2020,31,11,8,12,6,5
314875,Jarrod Bowen,2021,48,27,8,13,14,13
314875,Jarrod Bowen,2022,44,15,7,21,6,9
314875,Jarrod Bowen,2023,24,9,5,10,4,5
314875,Jarrod Bowen,2024,11,3,4,4,0,3
314912,Jérôme Hergault,2020,12,1,3,8,0,1
314940,Dimitri Liénard,2018,34,9,13,12,4,5
314940,Dimitri Liénard,2019,40,16,10,14,11,5
314940,Dimitri Liénard,2020,21,6,4,11,2,4
314940,Dimitri Liénard,2021,37,13,12,12,5,8
314940,Dimitri Liénard,2022,30,11,12,7,8,3
314965,Pedro Pereira,2020,16,2,4,10,1,1
314965,Pedro Pereira,2024,9,5,2,2,3,2
315063,Nahitan Nández,2019,18,10,5,3,5,5
315063,Nahitan Nández,2020,33,7,10,16,4,3
315063,Nahitan Nández,2021,38,7,11,20,4,3
315063,Nahitan Nández,2023,0,0,0,0,0,0
315110,Karl Toko Ekambi,2018,36,10,14,12,4,6
315110,Karl Toko Ekambi,2019,45,18,13,14,9,9
315110,Karl Toko Ekambi,2020,28,15,7,6,5,10
315110,Karl Toko Ekambi,2021,43,22,11,10,10,12
315110,Karl Toko Ekambi,2022,32,14,8,10,7,7
315131,Timothy Fosu-Mensah,2018,22,4,5,13,2,2
315131,Timothy Fosu-Mensah,2022,32,11,7,14,2,9
315145,Azor Matusiwa,2021,26,8,7,11,4,4
315145,Azor Matusiwa,2022,26,9,9,8,7,2
315145,Azor Matusiwa,2023,20,8,6,6,4,4
315289,Myrto Uzuni,2021,13,6,0,7,1,5
315289,Myrto Uzuni,2023,0,0,0,0,0,0
315332,Aymen Barkok,2020,16,5,9,2,2,3
315332,Aymen Barkok,2021,33,15,11,7,8,7
315332,Aymen Barkok,2022,25,11,7,7,7,4
315332,Aymen Barkok,2023,20,7,6,7,2,5
315762,Luca de la Torre,2022,28,8,7,13,4,4
315762,Luca de la Torre,2023,23,8,5,10,5,3
315779,Christian Pulisic,2018,39,23,9,7,14,9
315779,Christian Pulisic,2019,39,19,7,13,9,10
315779,Christian Pulisic,2020,26,13,7,6,5,8
315779,Christian Pulisic,2021,48,29,11,8,14,15
315779,Christian Pulisic,2022,49,28,9,11,15,13
315779,Christian Pulisic,2023,17,3,5,9,0,3
315779,Christian Pulisic,2024,13,9,2,2,5,4
315843,Alessandro Semprini,2019,7,2,1,4,2,0
315853,Alessandro Bastoni,2018,28,11,8,9,7,4
315853,Alessandro Bastoni,2019,38,18,10,10,11,7
315853,Alessandro Bastoni,2020,47,27,13,7,10,17
315853,Alessandro Bastoni,2021,50,35,9,6,11,24
315853,Alessandro Bastoni,2022,44,28,6,10,12,16
315853,Alessandro Bastoni,2023,35,22,6,7,12,10
315853,Alessandro Bastoni,2024,12,10,1,1,5,5
315862,Filippo Melegoni,2020,13,4,2,7,2,2
315862,Filippo Melegoni,2021,41,11,14,16,7,4
315865,Andrea Pinamonti,2018,35,8,12,15,3,5
315865,Andrea Pinamonti,2019,36,8,7,21,5,3
315865,Andrea Pinamonti,2021,44,28,7,9,13,15
315865,Andrea Pinamonti,2022,34,5,12,17,4,1
315865,Andrea Pinamonti,2023,17,6,3,8,6,0
315865,Andrea Pinamonti,2024,9,1,1,7,1,0
315867,Gianluca Scamacca,2020,14,4,4,6,2,2
315867,Gianluca Scamacca,2021,40,12,13,15,7,5
315867,Gianluca Scamacca,2022,36,14,4,17,4,10
315867,Gianluca Scamacca,2023,7,1,2,4,0,1
315969,Scott McTominay,2018,34,20,6,8,12,8
315969,Scott McTominay,2019,40,19,9,12,8,11
315969,Scott McTominay,2020,39,24,7,8,8,16
315969,Scott McTominay,2021,53,28,14,11,16,12
315969,Scott McTominay,2022,39,19,5,13,11,8
315969,Scott McTominay,2023,21,14,2,4,6,8
316125,Ben Chilwell,2018,36,13,10,13,5,8
316125,Ben Chilwell,2019,34,18,5,11,7,11
316125,Ben Chilwell,2020,33,15,10,8,2,13
316125,Ben Chilwell,2021,52,35,8,9,14,21
316125,Ben Chilwell,2022,18,11,3,4,7,4
316125,Ben Chilwell,2023,17,4,4,9,1,3
316137,Moussa Doumbia,2018,16,6,6,4,5,1
316137,Moussa Doumbia,2019,31,12,11,8,5,7
316137,Moussa Doumbia,2020,20,7,6,7,4,3
316137,Moussa Doumbia,2021,19,5,9,5,4,1
316575,Moritz-Broni Kwarteng,2023,0,0,0,0,0,0
316575,Moritz-Broni Kwarteng,2024,7,2,2,3,2,0
316889,Hirving Lozano,2019,39,16,15,8,7,9
316889,Hirving Lozano,2020,45,26,6,12,13,13
316889,Hirving Lozano,2021,49,30,7,12,11,19
316889,Hirving Lozano,2022,33,25,3,5,10,15
316934,Nikola Moro,2022,33,16,7,10,7,9
316934,Nikola Moro,2023,24,9,8,7,5,4
316934,Nikola Moro,2024,9,7,1,1,3,4
318204,David Raum,2021,19,9,4,6,3,6
318204,David Raum,2022,40,19,7,14,6,13
318204,David Raum,2023,24,16,3,5,7,9
318204,David Raum,2024,11,5,2,4,0,5
318523,Romain Perraud,2019,17,3,7,7,1,2
318523,Romain Perraud,2020,24,10,4,10,6,4
318523,Romain Perraud,2021,39,8,14,17,6,2
318523,Romain Perraud,2022,36,8,6,20,5,3
318523,Romain Perraud,2024,8,2,2,4,1,1
319160,Jakub Jankto,2018,40,13,8,19,7,6
319160,Jakub Jankto,2019,36,11,6,19,6,5
319160,Jakub Jankto,2020,35,13,5,17,5,8
319160,Jakub Jankto,2023,0,0,0,0,0,0
319301,Daniel James,2019,27,13,8,6,4,9
319301,Daniel James,2020,43,26,8,9,8,18
319301,Daniel James,2022,35,10,7,17,5,5
319745,Dani Ceballos,2018,30,17,4,9,5,12
319745,Dani Ceballos,2019,34,18,8,8,10,8
319745,Dani Ceballos,2020,46,27,6,13,13,14
319745,Dani Ceballos,2022,43,30,6,7,10,20
319745,Dani Ceballos,2023,38,24,5,9,8,16
319900,Elijah Adebayo,2023,4,1,2,1,1,0
320271,Toni Lato,2019,42,23,10,9,7,16
320271,Toni Lato,2020,24,8,8,8,6,2
320271,Toni Lato,2022,27,9,7,11,5,4
320271,Toni Lato,2023,22,7,3,12,4,3
320411,Philip Billing,2018,35,6,8,21,3,3
320411,Philip Billing,2019,29,6,6,17,4,2
320411,Philip Billing,2022,19,4,4,10,2,2
320411,Philip Billing,2023,20,7,1,12,6,1
321070,Hannes Wolf,2020,35,13,15,7,3,10
321070,Hannes Wolf,2021,44,17,8,19,8,9
321070,Hannes Wolf,2022,8,4,3,1,2,2
321528,Denzel Dumfries,2021,48,30,10,8,5,25
321528,Denzel Dumfries,2022,48,30,7,11,13,17
321528,Denzel Dumfries,2023,36,22,6,8,12,10
321528,Denzel Dumfries,2024,13,11,1,1,6,5
322305,Jean-Victor Makengo,2018,27,10,6,11,7,3
322305,Jean-Victor Makengo,2019,37,10,9,18,6,4
322305,Jean-Victor Makengo,2021,44,12,15,17,5,7
322305,Jean-Victor Makengo,2023,19,5,5,9,3,2
322655,Flavius Daniliuc,2020,20,7,3,7,3,4
322655,Flavius Daniliuc,2024,2,0,0,2,0,0
322985,Gustavo Hamer,2023,1,0,0,1,0,0
323147,Enrico Brignola,2018,36,11,8,17,5,6
323169,Sergio García,2018,0,0,0,0,0,0
323831,Rafael Borré,2021,24,10,9,5,7,3
323831,Rafael Borré,2022,46,21,11,14,12,9
323831,Rafael Borré,2023,24,7,8,9,2,5
323872,Andrés Cubas,2020,11,3,2,6,2,1
323954,Walace,2018,25,3,8,14,1,2
323954,Walace,2019,33,10,4,19,5,5
323954,Walace,2020,27,8,8,11,4,4
323954,Walace,2021,44,12,15,17,5,7
323954,Walace,2022,36,13,11,12,5,8
323954,Walace,2023,22,5,7,10,2,3
324223,James Bree,2022,3,2,0,1,0,2
324278,Christoph Baumgartner,2019,24,15,2,7,7,8
324278,Christoph Baumgartner,2020,39,17,8,14,5,12
324278,Christoph Baumgartner,2021,34,13,10,11,5,8
324278,Christoph Baumgartner,2022,34,12,5,17,5,7
324278,Christoph Baumgartner,2023,19,5,3,11,1,4
324278,Christoph Baumgartner,2024,11,5,2,4,0,5
324282,Fabio Depaoli,2018,37,5,11,21,5,0
324282,Fabio Depaoli,2019,31,6,7,18,5,1
324358,Ollie Watkins,2020,14,8,2,4,3,5
324358,Ollie Watkins,2021,39,14,5,20,9,5
324358,Ollie Watkins,2022,37,10,8,17,3,7
324358,Ollie Watkins,2023,23,13,4,6,7,6
324358,Ollie Watkins,2024,10,4,2,4,2,2
324377,Youssef Maleh,2021,21,12,2,7,7,5
324377,Youssef Maleh,2023,20,4,5,11,4,0
324377,Youssef Maleh,2024,9,3,3,3,1,2
324804,Yann Karamoh,2019,28,8,6,14,4,4
324804,Yann Karamoh,2020,31,8,8,15,6,2
324804,Yann Karamoh,2022,28,11,5,12,6,5
324804,Yann Karamoh,2024,6,2,1,3,1,1
324811,Arnaud Nordin,2018,18,8,6,4,4,4
324811,Arnaud Nordin,2019,42,16,11,15,11,5
324811,Arnaud Nordin,2020,16,5,7,4,2,3
324811,Arnaud Nordin,2021,37,9,10,18,7,2
324811,Arnaud Nordin,2022,33,9,7,17,5,4
324811,Arnaud Nordin,2023,22,10,3,9,4,6
324811,Arnaud Nordin,2024,7,2,2,3,1,1
325993,Oliver Abildgaard,2022,20,10,2,8,6,4
326029,Donyell Malen,2021,47,28,5,14,8,20
326029,Donyell Malen,2022,31,15,7,9,7,8
326029,Donyell Malen,2023,22,15,4,3,6,9
326029,Donyell Malen,2024,10,6,3,1,1,5
326300,Jeff Reine-Adélaïde,2018,27,6,10,11,3,3
326300,Jeff Reine-Adélaïde,2019,42,13,15,14,7,6
326300,Jeff Reine-Adélaïde,2021,6,1,1,4,1,0
326330,Frenkie de Jong,2019,50,35,7,8,10,25
326330,Frenkie de Jong,2020,39,22,6,11,8,14
326330,Frenkie de Jong,2021,52,30,11,11,15,15
326330,Frenkie de Jong,2022,46,30,7,9,13,17
326330,Frenkie de Jong,2023,27,20,1,6,13,7
326330,Frenkie de Jong,2024,10,5,3,2,2,3
326416,Dani Calvo,2020,17,5,7,5,4,1
327126,Anuar,2018,11,4,3,4,4,0
327126,Anuar,2024,0,0,0,0,0,0
327863,Akim Zedadka,2021,18,4,5,9,2,2
328658,Kristoffer Ajer,2021,23,10,6,7,4,6
328658,Kristoffer Ajer,2023,12,6,3,3,2,4
328658,Kristoffer Ajer,2024,10,2,1,7,1,1
329373,Carlo Boukhalfa,2024,1,0,0,1,0,0
330208,Alessandro Vogliacco,2024,9,3,3,3,2,1
330223,Hendrik Weydandt,2018,17,3,5,9,1,2
330659,Justin Kluivert,2018,38,22,7,9,8,14
330659,Justin Kluivert,2019,40,21,12,7,11,10
330659,Justin Kluivert,2021,32,15,6,11,8,7
330659,Justin Kluivert,2022,28,12,6,10,8,4
330659,Justin Kluivert,2023,19,6,4,9,4,2
330659,Justin Kluivert,2024,11,3,4,4,1,2
331362,Benedikt Pichler,2024,0,0,0,0,0,0
331389,Andrés Tello,2020,12,3,3,6,1,2
331496,Valery Fernández,2018,7,2,3,2,1,1
331496,Valery Fernández,2023,21,8,5,8,5,3
331496,Valery Fernández,2024,10,4,1,5,1,3
331505,Óscar Mingueza,2020,16,9,2,5,2,7
331505,Óscar Mingueza,2021,54,31,11,12,15,16
331505,Óscar Mingueza,2023,13,4,3,6,4,0
331505,Óscar Mingueza,2024,10,3,1,6,2,1
331560,Takehiro Tomiyasu,2019,20,8,6,6,6,2
331560,Takehiro Tomiyasu,2020,33,9,9,15,6,3
331560,Takehiro Tomiyasu,2023,15,8,3,4,3,5
331726,Tammy Abraham,2019,26,14,4,8,8,6
331726,Tammy Abraham,2020,42,21,10,11,7,14
331726,Tammy Abraham,2021,43,29,5,9,13,16
331726,Tammy Abraham,2022,41,20,11,10,12,8
332560,Deiver Machado,2022,30,18,8,4,11,7
332560,Deiver Machado,2023,21,13,5,3,5,8
332560,Deiver Machado,2024,1,1,0,0,1,0
332697,Weston McKennie,2018,32,14,8,10,8,6
332697,Weston McKennie,2019,29,13,7,9,7,6
332697,Weston McKennie,2020,34,11,10,13,3,8
332697,Weston McKennie,2021,51,34,5,12,13,21
332697,Weston McKennie,2022,29,12,9,8,4,8
332697,Weston McKennie,2023,25,6,5,14,5,1
332697,Weston McKennie,2024,8,2,4,2,1,1
332705,Tyler Adams,2018,0,0,0,0,0,0
332705,Tyler Adams,2019,14,8,3,3,3,5
332705,Tyler Adams,2020,36,19,11,6,7,12
332705,Tyler Adams,2024,2,1,1,0,1,0
332889,Valentin Rongier,2018,34,9,11,14,5,4
332889,Valentin Rongier,2019,39,18,9,12,11,7
332889,Valentin Rongier,2020,30,14,7,9,10,4
332889,Valentin Rongier,2021,35,12,15,8,6,6
332889,Valentin Rongier,2022,38,21,4,13,7,14
332889,Valentin Rongier,2023,21,12,4,5,6,6
332889,Valentin Rongier,2024,0,0,0,0,0,0
333014,Sander Berge,2019,30,11,6,13,7,4
333014,Sander Berge,2020,31,8,4,19,5,3
333014,Sander Berge,2023,5,4,0,1,2,2
333241,Joelinton,2018,23,7,9,7,1,6
333241,Joelinton,2019,32,11,8,13,7,4
333241,Joelinton,2020,39,12,13,14,6,6
333241,Joelinton,2021,42,7,13,22,5,2
333241,Joelinton,2022,37,19,9,6,10,9
333241,Joelinton,2023,19,8,5,5,2,6
333241,Joelinton,2024,0,0,0,0,0,0
333361,Chumi,2022,15,4,2,9,3,1
333383,Bonke Innocent,2021,13,4,3,6,4,0
333516,Sebastian Vasiliadis,2019,19,4,3,12,1,3
333516,Sebastian Vasiliadis,2021,6,3,1,2,1,2
333647,Jonathan Burkardt,2018,5,1,2,2,1,0
333647,Jonathan Burkardt,2019,18,6,0,12,3,3
333647,Jonathan Burkardt,2020,22,4,5,13,0,4
333647,Jonathan Burkardt,2021,38,17,9,12,12,5
333647,Jonathan Burkardt,2022,31,12,5,14,5,7
333647,Jonathan Burkardt,2023,0,0,0,0,0,0
333647,Jonathan Burkardt,2024,7,1,2,4,0,1
334186,Fabian Kunze,2020,14,3,1,10,3,0
334186,Fabian Kunze,2021,38,10,13,15,5,5
334213,Lukas Daschner,2023,0,0,0,0,0,0
334213,Lukas Daschner,2024,8,2,2,4,2,0
334221,Amos Pieper,2020,11,2,1,8,2,0
334221,Amos Pieper,2021,38,10,13,15,5,5
334221,Amos Pieper,2022,32,8,8,16,6,2
334222,Lucas Boyé,2020,14,3,7,4,2,1
334222,Lucas Boyé,2021,40,10,9,21,6,4
334222,Lucas Boyé,2022,24,5,4,15,2,3
334222,Lucas Boyé,2023,23,5,6,12,3,2
334526,Denis Zakaria,2018,31,14,4,13,3,11
334526,Denis Zakaria,2019,41,20,8,13,10,10
334526,Denis Zakaria,2020,17,6,6,5,1,5
334526,Denis Zakaria,2021,40,16,6,18,7,9
334526,Denis Zakaria,2023,14,3,1,10,1,2
334526,Denis Zakaria,2024,6,3,2,1,3,0
334835,Toma Bašić,2018,12,4,4,4,3,1
334835,Toma Bašić,2019,34,10,9,15,5,5
334835,Toma Bašić,2020,25,8,8,9,4,4
334835,Toma Bašić,2022,42,19,12,11,7,12
334835,Toma Bašić,2023,25,14,5,6,7,7
335103,Linton Maina,2018,16,3,3,10,2,1
335103,Linton Maina,2022,20,6,5,9,2,4
335103,Linton Maina,2023,19,6,7,6,1,5
335147,Junior Sambia,2018,36,13,16,7,7,6
335147,Junior Sambia,2019,31,11,13,7,5,6
335147,Junior Sambia,2020,25,12,4,9,8,4
335147,Junior Sambia,2021,39,14,13,12,7,7
335147,Junior Sambia,2022,33,7,8,18,4,3
335147,Junior Sambia,2023,23,5,10,8,3,2
335721,Ben White,2020,17,2,7,8,1,1
335721,Ben White,2021,41,20,9,12,10,10
335721,Ben White,2022,41,28,2,10,14,14
335721,Ben White,2023,26,13,6,7,3,10
335721,Ben White,2024,10,9,0,1,2,7
336125,Mërgim Vojvoda,2020,24,8,7,9,6,2
336125,Mërgim Vojvoda,2021,42,14,12,16,9,5
336125,Mërgim Vojvoda,2022,31,12,10,9,8,4
336125,Mërgim Vojvoda,2023,25,9,8,8,6,3
336747,Jorge Pombo,2020,18,6,4,8,3,3
336960,Giuseppe Pezzella,2020,32,9,7,16,5,4
336960,Giuseppe Pezzella,2021,42,13,12,17,8,5
336960,Giuseppe Pezzella,2023,22,4,6,12,3,1
336960,Giuseppe Pezzella,2024,8,2,3,3,1,1
337036,Florent Muslija,2018,15,2,3,10,1,1
337036,Florent Muslija,2023,1,0,0,1,0,0
337036,Florent Muslija,2024,12,3,3,6,3,0
337066,Toni Villa,2018,10,4,2,4,4,0
337066,Toni Villa,2019,29,8,11,10,5,3
337066,Toni Villa,2020,37,8,13,16,6,2
337333,Alex Král,2022,45,14,8,23,7,7
337333,Alex Král,2023,17,5,7,5,3,2
337333,Alex Král,2024,9,4,2,3,4,0
337381,Andrea Cistana,2019,16,3,2,11,3,0
337715,Umar Sadiq,2023,0,0,0,0,0,0
337716,Claud Adjapong,2018,30,11,10,9,6,5
337716,Claud Adjapong,2019,31,8,10,13,6,2
337725,Christian Kouamé,2018,21,6,5,10,3,3
337725,Christian Kouamé,2019,31,6,11,14,2,4
337725,Christian Kouamé,2020,25,10,8,7,5,5
337725,Christian Kouamé,2022,27,13,6,8,7,6
337725,Christian Kouamé,2023,28,13,8,7,7,6
337725,Christian Kouamé,2024,0,0,0,0,0,0
337798,Abdu Conté,2021,36,9,12,15,6,3
337798,Abdu Conté,2022,29,5,11,13,3,2
337811,Francesco Gelli,2023,0,0,0,0,0,0
337922,Esteban Burgos,2019,4,2,1,1,2,0
337922,Esteban Burgos,2020,37,11,12,14,5,6
337946,Jairo Izquierdo,2020,12,4,3,5,2,2
338032,Deyovaisio Zeefuik,2020,21,6,4,11,3,3
338285,Unai Núñez,2018,31,5,12,14,1,4
338285,Unai Núñez,2019,40,19,11,10,11,8
338285,Unai Núñez,2020,41,15,8,18,8,7
338285,Unai Núñez,2021,47,15,19,13,11,4
338285,Unai Núñez,2022,38,16,8,14,8,8
338285,Unai Núñez,2023,23,8,6,9,5,3
338425,Álex Berenguer,2018,38,16,12,10,7,9
338425,Álex Berenguer,2019,41,19,9,13,11,8
338425,Álex Berenguer,2020,38,10,7,21,3,7
338425,Álex Berenguer,2021,49,17,20,12,13,4
338425,Álex Berenguer,2022,42,22,9,11,11,11
338425,Álex Berenguer,2023,28,10,6,12,5,5
338425,Álex Berenguer,2024,9,5,2,2,2,3
338629,Sebastiaan Bornauw,2019,20,6,2,12,3,3
338629,Sebastiaan Bornauw,2020,27,7,8,12,3,4
338629,Sebastiaan Bornauw,2021,35,10,6,19,8,2
338629,Sebastiaan Bornauw,2022,32,13,8,11,6,7
338629,Sebastiaan Bornauw,2023,19,6,5,8,2,4
338629,Sebastiaan Bornauw,2024,5,0,3,2,0,0
338635,Hannes Delcroix,2023,3,1,0,2,1,0
338668,Senne Lynen,2023,19,11,5,3,6,5
338668,Senne Lynen,2024,9,4,1,4,3,1
339314,Deniz Undav,2022,30,16,5,6,6,10
339314,Deniz Undav,2023,26,14,5,7,6,8
339314,Deniz Undav,2024,9,7,0,2,2,5
339808,Theo Hernández,2018,40,21,9,10,7,14
339808,Theo Hernández,2019,28,9,9,10,8,1
339808,Theo Hernández,2020,46,32,11,3,12,20
339808,Theo Hernández,2021,45,24,8,13,11,13
339808,Theo Hernández,2022,39,25,9,5,10,15
339808,Theo Hernández,2023,29,12,9,8,6,6
339808,Theo Hernández,2024,13,9,2,2,5,4
339816,Tete Morente,2020,13,4,7,2,3,1
339816,Tete Morente,2021,39,9,8,22,5,4
339816,Tete Morente,2022,39,11,7,21,6,5
339816,Tete Morente,2024,0,0,0,0,0,0
340070,Simone Edera,2019,23,10,4,9,6,4
340151,Andrea Favilli,2018,10,3,2,5,1,2
340151,Andrea Favilli,2019,19,3,6,10,2,1
340151,Andrea Favilli,2020,29,11,7,11,7,4
340205,Gorka Guruzeta,2022,17,9,4,4,4,5
340205,Gorka Guruzeta,2023,28,10,6,12,5,5
340205,Gorka Guruzeta,2024,11,7,2,2,2,5
340321,Josh Dasilva,2022,30,8,10,10,3,5
340322,Nathan Tella,2020,13,5,3,5,1,4
340322,Nathan Tella,2021,39,10,11,18,5,5
340322,Nathan Tella,2023,5,3,1,1,2,1
340322,Nathan Tella,2024,12,10,2,0,6,4
340324,Eddie Nketiah,2019,20,11,1,8,2,9
340324,Eddie Nketiah,2020,42,25,6,11,13,12
340324,Eddie Nketiah,2021,29,16,6,7,2,14
340324,Eddie Nketiah,2022,42,30,2,9,16,14
340324,Eddie Nketiah,2023,19,9,4,6,2,7
340324,Eddie Nketiah,2024,10,9,0,1,2,7
340328,Stephy Mavididi,2019,19,6,6,7,4,2
340328,Stephy Mavididi,2020,25,11,6,8,7,4
340328,Stephy Mavididi,2021,38,15,12,11,7,8
340328,Stephy Mavididi,2022,19,4,3,12,2,2
340328,Stephy Mavididi,2024,2,1,0,1,0,1
340329,Joe Willock,2019,30,10,10,10,6,4
340329,Joe Willock,2021,39,11,14,14,5,6
340329,Joe Willock,2022,35,18,9,5,9,9
340329,Joe Willock,2023,20,10,5,4,4,6
340329,Joe Willock,2024,5,2,0,3,1,1
340339,Jorge Sáenz,2024,0,0,0,0,0,0
340376,Abel Ruiz,2024,12,8,2,2,6,2
340394,Abdelhamid Sabiri,2019,16,3,3,10,2,1
340394,Abdelhamid Sabiri,2021,0,0,0,0,0,0
340394,Abdelhamid Sabiri,2022,29,8,4,17,4,4
340456,Noussair Mazraoui,2022,38,28,6,4,5,23
340456,Noussair Mazraoui,2023,14,8,2,4,3,5
340456,Noussair Mazraoui,2024,4,1,0,3,0,1
340459,Dani de Wit,2024,9,4,3,2,1,3
340707,Leonardo Sernicola,2022,17,2,7,8,1,1
340853,Javi Sánchez,2022,16,6,2,8,4,2
340867,Jaime Seoane,2020,17,2,8,7,2,0
340950,Diogo Jota,2018,17,7,4,6,5,2
340950,Diogo Jota,2019,48,23,14,11,13,10
340950,Diogo Jota,2020,36,19,9,8,8,11
340950,Diogo Jota,2021,37,24,8,5,6,18
340950,Diogo Jota,2022,37,27,6,4,12,15
340950,Diogo Jota,2023,20,11,5,4,5,6
340950,Diogo Jota,2024,7,5,1,1,0,5
341051,Kyle Walker-Peters,2020,28,12,8,8,4,8
341051,Kyle Walker-Peters,2021,39,13,10,16,7,6
341051,Kyle Walker-Peters,2022,35,9,6,19,6,3
341051,Kyle Walker-Peters,2024,3,1,1,1,0,1
341092,Federico Chiesa,2018,37,14,11,12,7,7
341092,Federico Chiesa,2019,38,9,14,15,4,5
341092,Federico Chiesa,2020,40,20,11,9,6,14
341092,Federico Chiesa,2021,45,29,6,10,12,17
341092,Federico Chiesa,2022,5,3,1,1,1,2
341092,Federico Chiesa,2023,30,15,6,9,10,5
341110,Franco Cervi,2021,37,15,10,12,5,10
341110,Franco Cervi,2022,34,10,8,16,2,8
341110,Franco Cervi,2023,24,8,6,10,5,3
341227,Juan Miranda,2019,13,7,4,2,5,2
341227,Juan Miranda,2020,28,6,6,16,2,4
341227,Juan Miranda,2021,48,27,11,10,14,13
341227,Juan Miranda,2022,41,23,10,8,12,11
341227,Juan Miranda,2023,27,11,5,11,8,3
341227,Juan Miranda,2024,7,2,2,3,1,1
341278,Iván Martín,2022,15,3,6,6,3,0
341278,Iván Martín,2023,22,9,5,8,5,4
341278,Iván Martín,2024,10,4,1,5,1,3
341317,Oliver Burke,2019,34,18,4,12,4,14
341317,Oliver Burke,2020,33,4,6,23,3,1
341317,Oliver Burke,2024,1,0,0,1,0,0
341501,Hamza Choudhury,2018,11,3,2,6,2,1
341501,Hamza Choudhury,2019,26,13,4,9,6,7
341501,Hamza Choudhury,2020,36,16,8,12,5,11
341705,Gerson,2018,43,20,12,11,7,13
341705,Gerson,2021,24,10,10,4,5,5
341705,Gerson,2022,36,20,4,12,8,12
341710,William,2018,35,13,8,14,6,7
341710,William,2019,40,16,11,13,6,10
342039,Yannik Keitel,2019,3,0,1,2,0,0
342039,Yannik Keitel,2020,11,5,2,4,3,2
342039,Yannik Keitel,2021,30,13,8,9,7,6
342039,Yannik Keitel,2022,29,17,7,5,7,10
342039,Yannik Keitel,2023,20,8,5,7,4,4
342039,Yannik Keitel,2024,11,3,3,5,3,0
342048,Grady Diangana,2018,15,7,3,5,2,5
342048,Grady Diangana,2020,16,1,5,10,1,0
342209,Kévin N'Doram,2019,20,2,8,10,2,0
342209,Kévin N'Doram,2021,15,2,5,8,1,1
342209,Kévin N'Doram,2023,0,0,0,0,0,0
342226,Irvin Cardona,2019,23,5,5,13,2,3
342226,Irvin Cardona,2020,26,10,5,11,6,4
342226,Irvin Cardona,2021,39,9,13,17,5,4
342226,Irvin Cardona,2022,30,10,4,16,5,5
342226,Irvin Cardona,2024,0,0,0,0,0,0
342229,Kylian Mbappé,2018,34,22,7,5,8,14
342229,Kylian Mbappé,2019,37,29,2,6,8,21
342229,Kylian Mbappé,2020,31,23,3,5,4,19
342229,Kylian Mbappé,2021,48,32,7,9,11,21
342229,Kylian Mbappé,2022,41,30,8,3,12,18
342229,Kylian Mbappé,2023,21,11,2,8,4,7
342385,Guido Rodríguez,2019,0,0,0,0,0,0
342385,Guido Rodríguez,2020,35,11,5,19,4,7
342385,Guido Rodríguez,2021,45,23,12,10,13,10
342385,Guido Rodríguez,2022,45,23,12,10,14,9
342385,Guido Rodríguez,2023,27,10,5,12,7,3
342385,Guido Rodríguez,2024,3,0,0,3,0,0
343052,Nicolas Pépé,2018,38,15,8,15,10,5
343052,Nicolas Pépé,2019,44,20,15,9,11,9
343052,Nicolas Pépé,2020,44,27,7,10,14,13
343052,Nicolas Pépé,2021,50,27,10,13,6,21
343052,Nicolas Pépé,2022,32,18,4,10,12,6
343052,Nicolas Pépé,2024,5,3,0,2,1,2
343463,Cyle Larin,2022,34,14,13,7,7,7
343463,Cyle Larin,2023,20,6,5,9,5,1
343463,Cyle Larin,2024,11,4,3,4,4,0
343475,Ben Godfrey,2019,18,3,3,12,1,2
343475,Ben Godfrey,2020,26,8,2,16,7,1
343475,Ben Godfrey,2021,41,14,9,18,10,4
343475,Ben Godfrey,2023,16,3,4,9,3,0
343537,Artem Dovbyk,2023,16,10,2,4,6,4
343537,Artem Dovbyk,2024,9,4,0,5,1,3
343945,Niccolò Zanellato,2020,13,2,2,9,1,1
344009,Nathan Broadhead,2024,1,0,0,1,0,0
344069,Anton Stach,2021,18,8,3,7,3,5
344069,Anton Stach,2022,33,12,8,13,6,6
344069,Anton Stach,2023,18,6,6,6,2,4
344069,Anton Stach,2024,9,2,3,4,2,0
344072,Kelvin Amian,2018,35,9,11,15,8,1
344072,Kelvin Amian,2019,34,6,9,19,5,1
344072,Kelvin Amian,2021,17,4,4,9,3,1
344072,Kelvin Amian,2022,26,8,4,14,6,2
344072,Kelvin Amian,2024,4,0,1,3,0,0
344381,Christopher Nkunku,2018,37,27,7,3,8,19
344381,Christopher Nkunku,2019,46,30,8,8,10,20
344381,Christopher Nkunku,2020,38,20,11,7,7,13
344381,Christopher Nkunku,2021,49,23,9,17,9,14
344381,Christopher Nkunku,2022,50,31,9,10,7,24
344381,Christopher Nkunku,2023,13,10,1,2,5,5
344381,Christopher Nkunku,2024,6,2,1,3,0,2
344575,Antonin Bobichon,2018,18,6,5,7,3,3
344575,Antonin Bobichon,2020,26,11,5,10,7,4
344598,Dan-Axel Zagadou,2018,29,17,9,3,9,8
344598,Dan-Axel Zagadou,2019,37,19,8,10,8,11
344598,Dan-Axel Zagadou,2021,18,8,3,7,1,7
344598,Dan-Axel Zagadou,2022,21,10,1,10,4,6
344598,Dan-Axel Zagadou,2023,17,5,4,8,3,2
344599,Yassine Benrahou,2020,21,8,2,11,3,5
344605,Boubakary Soumaré,2018,36,13,8,15,9,4
344605,Boubakary Soumaré,2020,30,18,8,4,10,8
344605,Boubakary Soumaré,2021,48,24,11,13,13,11
344695,Dayot Upamecano,2018,47,24,9,14,9,15
344695,Dayot Upamecano,2019,23,12,5,6,3,9
344695,Dayot Upamecano,2020,38,20,11,7,7,13
344695,Dayot Upamecano,2021,49,32,5,12,11,21
344695,Dayot Upamecano,2022,43,30,10,3,4,26
344695,Dayot Upamecano,2023,20,9,5,6,3,6
344695,Dayot Upamecano,2024,8,3,1,4,1,2
344830,Tahith Chong,2020,25,13,7,5,5,8
344830,Tahith Chong,2023,3,1,1,1,1,0
344888,Habib Diallo,2019,19,3,8,8,2,1
344888,Habib Diallo,2021,39,14,12,13,6,8
344888,Habib Diallo,2022,31,7,15,9,7,0
344892,Gauthier Hein,2022,15,3,3,9,3,0
345041,Vlatko Stojanovski,2019,14,2,4,8,1,1
345189,Luka Lochoshvili,2022,15,0,8,7,0,0
345458,Sebastian Walukiewicz,2020,37,8,11,18,4,4
345458,Sebastian Walukiewicz,2022,19,5,4,10,4,1
345458,Sebastian Walukiewicz,2023,21,5,8,8,4,1
345590,Jens Odgaard,2023,20,11,5,4,3,8
345590,Jens Odgaard,2024,10,7,2,1,3,4
346018,Jamal Lewis,2019,19,2,4,13,1,1
346018,Jamal Lewis,2020,37,10,6,21,6,4
346289,Mouctar Diakhaby,2018,36,19,10,7,9,10
346289,Mouctar Diakhaby,2019,44,23,11,10,12,11
346289,Mouctar Diakhaby,2020,35,11,8,16,7,4
346289,Mouctar Diakhaby,2021,38,14,13,11,5,9
346289,Mouctar Diakhaby,2022,32,11,8,13,8,3
346289,Mouctar Diakhaby,2023,25,6,5,14,4,2
346314,Trevoh Chalobah,2020,12,2,1,9,0,2
346314,Trevoh Chalobah,2021,44,24,12,8,11,13
346314,Trevoh Chalobah,2022,45,27,8,9,15,12
346314,Trevoh Chalobah,2023,26,5,7,14,2,3
346314,Trevoh Chalobah,2024,7,4,2,1,2,2
346332,Nassim Boujellab,2020,25,2,6,17,1,1
346478,Japhet Tanganga,2019,3,1,1,1,1,0
346478,Japhet Tanganga,2021,35,18,5,12,7,11
346499,Danel Sinani,2024,1,0,0,1,0,0
346561,Luca Ranieri,2021,21,4,2,15,2,2
346561,Luca Ranieri,2023,28,13,8,7,7,6
346567,Luca Pellegrini,2019,33,13,7,13,7,6
346567,Luca Pellegrini,2021,23,12,6,5,6,6
346567,Luca Pellegrini,2023,18,10,3,5,5,5
346567,Luca Pellegrini,2024,10,3,1,6,1,2
346707,Sean Longstaff,2019,27,10,5,12,5,5
346707,Sean Longstaff,2020,30,11,10,9,6,5
346707,Sean Longstaff,2021,37,6,13,18,4,2
346707,Sean Longstaff,2022,40,21,9,7,11,10
346707,Sean Longstaff,2023,18,8,5,4,4,4
346707,Sean Longstaff,2024,10,5,2,3,2,3
346766,Guilherme Arana,2018,36,22,7,7,10,12
346849,Christoph Klarer,2023,1,0,0,1,0,0
346853,Romano Schmid,2020,9,2,3,4,1,1
346853,Romano Schmid,2022,16,7,2,7,5,2
346853,Romano Schmid,2023,14,2,3,9,0,2
346853,Romano Schmid,2024,8,4,1,3,3,1
346890,Noah Okafor,2023,2,1,0,1,1,0
346890,Noah Okafor,2024,13,9,2,2,5,4
347253,Dany Mota,2022,13,6,1,6,2,4
347253,Dany Mota,2023,19,7,7,5,4,3
347253,Dany Mota,2024,9,5,2,2,3,2
347595,Clément Depres,2018,16,5,5,6,2,3
348026,Nordi Mukiele,2018,42,18,14,10,7,11
348026,Nordi Mukiele,2019,45,28,11,6,11,17
348026,Nordi Mukiele,2020,40,24,11,5,9,15
348026,Nordi Mukiele,2021,50,22,9,19,9,13
348026,Nordi Mukiele,2022,48,35,9,4,13,22
348026,Nordi Mukiele,2023,6,3,0,3,0,3
348791,Junya Ito,2022,27,11,7,9,2,9
348791,Junya Ito,2023,22,8,7,7,4,4
348791,Junya Ito,2024,6,2,2,2,2,0
348795,Giovani Lo Celso,2019,39,14,9,16,9,5
348795,Giovani Lo Celso,2020,43,21,11,11,9,12
348795,Giovani Lo Celso,2022,36,18,8,10,6,12
348795,Giovani Lo Celso,2023,14,9,2,3,2,7
348795,Giovani Lo Celso,2024,4,2,0,2,0,2
349066,Alexander Isak,2019,37,18,5,14,11,7
349066,Alexander Isak,2020,49,22,12,14,11,11
349066,Alexander Isak,2021,49,21,14,14,10,11
349066,Alexander Isak,2023,21,10,5,5,4,6
349066,Alexander Isak,2024,7,4,0,3,1,3
349433,Fabian Nürnberger,2023,2,1,0,1,0,1
349503,Conor Chaplin,2024,1,0,0,1,0,0
349599,Pervis Estupiñán,2019,18,5,8,5,2,3
349599,Pervis Estupiñán,2020,37,17,10,10,10,7
349599,Pervis Estupiñán,2021,55,27,14,14,10,17
349599,Pervis Estupiñán,2022,44,19,8,15,5,14
349599,Pervis Estupiñán,2023,26,14,5,7,5,9
349599,Pervis Estupiñán,2024,12,5,2,5,2,3
349701,Antonee Robinson,2020,14,2,5,7,1,1
349701,Antonee Robinson,2023,24,11,3,10,5,6
349701,Antonee Robinson,2024,10,4,3,3,1,3
349856,Son,2020,16,5,6,5,2,3
349856,Son,2021,47,10,17,20,6,4
351749,Kalvin Phillips,2020,14,6,2,6,4,2
351749,Kalvin Phillips,2021,31,13,10,8,7,6
351749,Kalvin Phillips,2024,9,2,3,4,0,2
351755,Darnell Furlong,2020,17,1,5,11,1,0
351816,Ismaël Bennacer,2018,20,4,4,12,3,1
351816,Ismaël Bennacer,2019,34,12,5,17,10,2
351816,Ismaël Bennacer,2020,40,27,10,3,8,19
351816,Ismaël Bennacer,2021,38,21,7,10,10,11
351816,Ismaël Bennacer,2022,37,24,8,5,11,13
351816,Ismaël Bennacer,2023,20,5,9,6,2,3
351843,Yoann Salmier,2021,16,4,4,8,2,2
351843,Yoann Salmier,2022,28,7,10,11,3,4
351843,Yoann Salmier,2023,20,1,6,13,1,0
351955,Federico Baschirotto,2022,16,3,6,7,2,1
351955,Federico Baschirotto,2024,9,2,1,6,2,0
353032,Omar Alderete,2020,16,6,4,6,3,3
353032,Omar Alderete,2021,36,10,14,12,4,6
353032,Omar Alderete,2022,31,9,11,11,7,2
353032,Omar Alderete,2023,23,5,7,11,5,0
353032,Omar Alderete,2024,9,3,2,4,2,1
353366,Benjamin Pavard,2018,32,13,6,13,9,4
353366,Benjamin Pavard,2019,41,21,8,12,5,16
353366,Benjamin Pavard,2020,43,37,5,1,14,23
353366,Benjamin Pavard,2021,43,34,3,6,13,21
353366,Benjamin Pavard,2022,43,28,10,5,4,24
353366,Benjamin Pavard,2023,23,13,5,5,5,8
353399,Romain Del Castillo,2018,24,10,5,9,5,5
353399,Romain Del Castillo,2019,47,19,13,15,10,9
353399,Romain Del Castillo,2020,28,10,7,11,6,4
353399,Romain Del Castillo,2022,24,8,4,12,5,3
353399,Romain Del Castillo,2023,17,7,4,6,5,2
353399,Romain Del Castillo,2024,8,3,4,1,2,1
353404,Gaëtan Perrin,2022,16,3,4,9,3,0
353404,Gaëtan Perrin,2024,0,0,0,0,0,0
353796,Giulio Maggiore,2020,10,2,3,5,0,2
353796,Giulio Maggiore,2021,45,13,11,21,9,4
353796,Giulio Maggiore,2023,12,3,7,2,2,1
353892,Hiroki Ito,2021,18,4,5,9,1,3
353892,Hiroki Ito,2022,32,7,12,13,5,2
353892,Hiroki Ito,2023,20,5,6,9,3,2
353948,Lucas Tousart,2018,44,23,13,8,9,14
353948,Lucas Tousart,2019,45,21,11,13,12,9
353948,Lucas Tousart,2020,22,7,5,10,2,5
353948,Lucas Tousart,2021,36,12,8,16,6,6
353948,Lucas Tousart,2022,32,6,7,19,2,4
353948,Lucas Tousart,2023,19,4,3,12,2,2
353948,Lucas Tousart,2024,9,4,1,4,4,0
354666,Shamar Nicholson,2023,12,4,5,3,4,0
354726,Florian Sotoca,2020,16,8,3,5,5,3
354726,Florian Sotoca,2021,36,12,14,10,8,4
354726,Florian Sotoca,2022,34,21,9,4,14,7
354726,Florian Sotoca,2023,22,14,5,3,6,8
354726,Florian Sotoca,2024,10,5,2,3,2,3
354909,Giorgio Altare,2021,21,3,7,11,0,3
354909,Giorgio Altare,2024,0,0,0,0,0,0
355335,Adrián Diéguez,2018,12,5,2,5,1,4
355627,Sergio Akieme,2022,17,5,2,10,3,2
355627,Sergio Akieme,2023,18,5,4,9,3,2
355627,Sergio Akieme,2024,9,2,2,5,2,0
355628,Igor Zubeldia,2018,34,10,6,18,3,7
355628,Igor Zubeldia,2019,37,17,10,10,8,9
355628,Igor Zubeldia,2020,39,17,11,11,11,6
355628,Igor Zubeldia,2021,44,19,12,13,10,9
355628,Igor Zubeldia,2022,45,24,9,12,16,8
355628,Igor Zubeldia,2024,15,6,3,6,4,2
355816,Ko Itakura,2022,7,4,2,1,1,3
355816,Ko Itakura,2023,18,4,6,8,1,3
355816,Ko Itakura,2024,6,0,4,2,0,0
355861,Arnaut Danjuma,2019,12,2,3,7,1,1
355861,Arnaut Danjuma,2021,21,8,6,7,3,5
355861,Arnaut Danjuma,2023,24,10,5,9,4,6
355861,Arnaut Danjuma,2024,2,0,1,1,0,0
355915,Cristian Romero,2018,12,1,5,6,0,1
355915,Cristian Romero,2019,34,7,11,16,3,4
355915,Cristian Romero,2020,34,13,10,11,6,7
355915,Cristian Romero,2021,39,22,7,10,9,13
355915,Cristian Romero,2022,30,16,5,9,4,12
355915,Cristian Romero,2023,23,9,4,10,5,4
355915,Cristian Romero,2024,8,4,1,3,2,2
356118,Suleiman Abdullahi,2019,5,1,1,3,0,1
356141,Daichi Kamada,2019,40,19,5,16,12,7
356141,Daichi Kamada,2020,36,14,11,11,5,9
356141,Daichi Kamada,2021,45,23,12,10,11,12
356141,Daichi Kamada,2022,46,19,12,15,10,9
356141,Daichi Kamada,2023,25,8,8,9,2,6
356141,Daichi Kamada,2024,12,4,1,7,2,2
356197,Alfonso Pedraza,2018,38,14,11,13,7,7
356197,Alfonso Pedraza,2019,38,12,12,14,9,3
356197,Alfonso Pedraza,2020,30,12,10,8,5,7
356197,Alfonso Pedraza,2021,60,29,14,17,12,17
356197,Alfonso Pedraza,2022,39,18,9,12,4,14
356197,Alfonso Pedraza,2023,18,12,2,4,4,8
357072,Faitout Maouassa,2018,22,8,7,7,3,5
357072,Faitout Maouassa,2019,40,17,6,17,10,7
357072,Faitout Maouassa,2020,22,11,4,7,7,4
357072,Faitout Maouassa,2022,14,4,2,8,1,3
357119,Ibrahima Konaté,2018,50,24,11,15,9,15
357119,Ibrahima Konaté,2020,21,12,5,4,7,5
357119,Ibrahima Konaté,2022,39,32,4,3,12,20
357119,Ibrahima Konaté,2023,21,9,6,6,5,4
357119,Ibrahima Konaté,2024,11,9,1,1,2,7
357147,Diogo Dalot,2020,30,18,9,3,8,10
357147,Diogo Dalot,2021,52,27,10,15,12,15
357147,Diogo Dalot,2022,44,20,9,14,12,8
357147,Diogo Dalot,2023,31,19,5,6,8,11
357147,Diogo Dalot,2024,10,8,0,2,5,3
357156,Diogo Leite,2023,22,11,6,5,6,5
357156,Diogo Leite,2024,8,4,1,3,4,0
357158,Rúben Vinagre,2018,20,7,6,7,4,3
357164,Rafael Leão,2018,16,8,4,4,4,4
357164,Rafael Leão,2019,33,16,8,9,12,4
357164,Rafael Leão,2020,40,25,12,3,10,15
357164,Rafael Leão,2021,47,26,8,13,11,15
357164,Rafael Leão,2022,43,28,10,5,12,16
357164,Rafael Leão,2023,28,12,9,7,6,6
357164,Rafael Leão,2024,12,8,2,2,4,4
357498,Dušan Vlahović,2019,31,6,10,15,3,3
357498,Dušan Vlahović,2020,37,13,13,11,6,7
357498,Dušan Vlahović,2021,46,18,10,18,10,8
357498,Dušan Vlahović,2022,40,19,9,12,8,11
357498,Dušan Vlahović,2023,27,15,5,7,7,8
357498,Dušan Vlahović,2024,7,2,3,2,1,1
357662,Declan Rice,2018,38,14,10,14,3,11
357662,Declan Rice,2019,38,12,8,18,5,7
357662,Declan Rice,2020,37,12,10,15,5,7
357662,Declan Rice,2021,42,24,8,10,11,13
357662,Declan Rice,2022,44,15,7,22,7,8
357662,Declan Rice,2023,23,9,5,9,4,5
357662,Declan Rice,2024,10,9,0,1,2,7
357796,Domagoj Bradarić,2020,28,16,8,4,8,8
357796,Domagoj Bradarić,2023,21,5,10,6,3,2
357796,Domagoj Bradarić,2024,8,0,2,6,0,0
357884,Fernando Calero,2018,11,4,3,4,4,0
357884,Fernando Calero,2022,36,8,13,15,5,3
357885,Pablo Fornals,2018,40,14,12,14,7,7
357885,Pablo Fornals,2019,45,15,12,18,8,7
357885,Pablo Fornals,2020,36,12,10,14,5,7
357885,Pablo Fornals,2021,47,27,7,13,14,13
357885,Pablo Fornals,2022,47,16,7,23,6,10
357885,Pablo Fornals,2023,24,9,5,10,4,5
357885,Pablo Fornals,2024,8,2,3,3,0,2
358008,Gianluca Gaetano,2023,26,17,4,5,4,13
358008,Gianluca Gaetano,2024,8,2,3,3,1,1
358032,Cyril Ngonge,2022,30,8,5,17,4,4
358032,Cyril Ngonge,2023,18,5,6,7,4,1
358032,Cyril Ngonge,2024,7,1,3,3,1,0
358115,Luis Pérez,2024,0,0,0,0,0,0
358165,Yordan Osorio,2020,22,12,7,3,9,3
358166,Eldor Shomurodov,2020,28,8,9,11,7,1
358166,Eldor Shomurodov,2021,45,19,10,16,8,11
358166,Eldor Shomurodov,2022,41,20,10,11,12,8
358166,Eldor Shomurodov,2023,23,6,8,9,3,3
358166,Eldor Shomurodov,2024,3,2,0,1,1,1
358250,Joseph Aidoo,2019,30,8,9,13,5,3
358250,Joseph Aidoo,2021,40,13,11,16,6,7
358250,Joseph Aidoo,2022,38,12,9,17,4,8
358421,Jakob Johansson,2018,10,3,3,4,0,3
358515,Jean-Philippe Krasso,2020,11,4,3,4,1,3
358515,Jean-Philippe Krasso,2021,21,2,6,13,2,0
358870,Dennis Jastrzembski,2019,4,0,0,4,0,0
360518,Teun Koopmeiners,2021,45,24,9,12,12,12
360518,Teun Koopmeiners,2022,40,18,8,14,8,10
360518,Teun Koopmeiners,2023,20,10,3,7,3,7
360518,Teun Koopmeiners,2024,8,3,3,2,1,2
361068,Jurgen Ekkelenkamp,2021,48,33,8,7,13,20
361068,Jurgen Ekkelenkamp,2024,10,6,2,2,3,3
361093,Sven Botman,2020,33,15,10,8,8,7
361093,Sven Botman,2021,40,23,9,8,14,9
361093,Sven Botman,2022,35,14,11,7,6,8
361093,Sven Botman,2023,23,10,7,5,4,6
361238,Rubén García,2019,0,0,0,0,0,0
361238,Rubén García,2020,16,5,6,5,3,2
361238,Rubén García,2021,29,11,9,9,9,2
361238,Rubén García,2022,13,4,4,5,2,2
361238,Rubén García,2023,8,1,4,3,1,0
361238,Rubén García,2024,3,0,0,3,0,0
361254,Rafa Mir,2020,17,2,9,6,2,0
361254,Rafa Mir,2021,47,19,12,16,10,9
361254,Rafa Mir,2022,46,14,17,15,7,7
361254,Rafa Mir,2023,34,17,6,11,8,9
361260,Ozan Kabak,2018,26,12,6,8,5,7
361260,Ozan Kabak,2019,32,12,10,10,7,5
361260,Ozan Kabak,2021,33,7,7,19,2,5
361260,Ozan Kabak,2022,23,10,3,10,4,6
361260,Ozan Kabak,2023,18,4,2,12,1,3
361914,Nayef Aguerd,2018,8,2,2,4,0,2
361914,Nayef Aguerd,2019,22,5,3,14,4,1
361914,Nayef Aguerd,2020,23,10,6,7,7,3
361914,Nayef Aguerd,2021,40,17,10,13,5,12
361914,Nayef Aguerd,2022,17,9,2,5,1,8
361914,Nayef Aguerd,2023,21,8,4,9,4,4
361914,Nayef Aguerd,2024,8,3,2,3,0,3
362108,Gabriel Gudmundsson,2021,34,13,10,11,10,3
362108,Gabriel Gudmundsson,2022,30,11,7,12,6,5
362108,Gabriel Gudmundsson,2023,15,8,5,2,4,4
362108,Gabriel Gudmundsson,2024,8,3,3,2,1,2
362842,Arthur Melo,2018,16,9,5,2,2,7
362842,Arthur Melo,2019,36,27,5,4,9,18
362842,Arthur Melo,2020,38,22,10,6,9,13
362842,Arthur Melo,2023,5,1,2,2,0,1
363205,Gabriel Jesus,2018,39,29,3,7,7,22
363205,Gabriel Jesus,2019,50,40,4,6,11,29
363205,Gabriel Jesus,2020,37,25,5,7,8,17
363205,Gabriel Jesus,2021,59,48,2,9,16,32
363205,Gabriel Jesus,2022,43,32,6,4,14,18
363205,Gabriel Jesus,2023,13,6,3,4,0,6
363205,Gabriel Jesus,2024,6,6,0,0,2,4
364133,Pietro Pellegri,2022,27,11,7,9,8,3
364133,Pietro Pellegri,2023,13,5,4,4,2,3
364133,Pietro Pellegri,2024,7,3,3,1,1,2
364135,Moise Kean,2018,24,18,1,5,9,9
364135,Moise Kean,2022,43,20,11,12,10,10
364135,Moise Kean,2023,27,17,4,6,10,7
364135,Moise Kean,2024,2,0,2,0,0,0
364245,Jordan Teze,2024,12,6,4,2,2,4
364405,Adama Traoré,2018,0,0,0,0,0,0
364405,Adama Traoré,2020,4,1,2,1,1,0
364405,Adama Traoré,2021,14,8,3,3,4,4
364405,Adama Traoré,2022,15,7,3,5,3,4
364405,Adama Traoré,2023,2,0,0,2,0,0
364405,Adama Traoré,2024,0,0,0,0,0,0
364409,Gabriel Osho,2023,4,1,2,1,1,0
364409,Gabriel Osho,2024,7,1,2,4,0,1
364525,Bevic Moussiti-Oko,2022,14,3,3,8,3,0
364827,Cédric Kipré,2024,1,0,0,1,0,0
364857,Falaye Sacko,2022,25,8,6,11,4,4
365108,Dan Ndoye,2020,21,7,3,8,3,4
365108,Dan Ndoye,2023,0,0,0,0,0,0
365108,Dan Ndoye,2024,7,6,0,1,3,3
365172,Patson Daka,2021,25,9,6,10,5,4
365172,Patson Daka,2022,41,12,8,18,3,9
366045,Ablie Jallow,2023,0,0,0,0,0,0
366930,Sergio Gómez,2020,17,2,9,6,2,0
366930,Sergio Gómez,2024,10,8,2,0,3,5
367466,Thierry Correia,2020,32,8,8,16,4,4
367466,Thierry Correia,2021,29,13,7,9,5,8
367466,Thierry Correia,2023,13,3,4,6,3,0
367466,Thierry Correia,2024,4,2,1,1,2,0
367992,Jesper Karlsson,2023,18,10,4,4,3,7
367992,Jesper Karlsson,2024,7,6,1,0,2,4
368559,Ádám Nagy,2018,38,8,9,21,2,6
368887,Loïs Openda,2022,32,17,7,8,12,5
368887,Loïs Openda,2023,22,14,5,3,6,8
368887,Loïs Openda,2024,11,5,2,4,0,5
368891,Arthur Theate,2021,32,14,5,13,9,5
368891,Arthur Theate,2022,40,16,14,10,10,6
368891,Arthur Theate,2023,22,10,2,10,3,7
368891,Arthur Theate,2024,9,5,2,2,4,1
369081,Federico Valverde,2018,26,12,4,10,5,7
369081,Federico Valverde,2019,39,20,12,7,8,12
369081,Federico Valverde,2020,42,29,5,8,11,18
369081,Federico Valverde,2021,36,23,8,5,11,12
369081,Federico Valverde,2022,51,36,7,8,13,23
369081,Federico Valverde,2023,39,24,5,10,8,16
369081,Federico Valverde,2024,12,8,4,0,4,4
369567,Sasa Kalajdzic,2020,15,6,6,3,3,3
369567,Sasa Kalajdzic,2021,23,8,3,12,4,4
370683,Andreas Hanche-Olsen,2022,26,12,6,8,7,5
370691,Francis Guerrero,2018,24,11,5,8,5,6
370789,Julian Ryerson,2021,39,15,14,10,10,5
370789,Julian Ryerson,2022,40,25,5,10,16,9
370789,Julian Ryerson,2023,20,14,4,2,6,8
370789,Julian Ryerson,2024,6,3,2,1,1,2
370791,Pablo Rosario,2021,41,23,8,10,8,15
370791,Pablo Rosario,2022,35,15,9,11,11,4
370791,Pablo Rosario,2023,22,10,7,5,5,5
370791,Pablo Rosario,2024,7,2,1,4,1,1
370846,Timothy Weah,2020,21,13,5,3,6,7
370846,Timothy Weah,2021,41,20,12,9,12,8
370846,Timothy Weah,2022,26,12,4,10,7,5
370846,Timothy Weah,2023,22,10,8,4,4,6
370846,Timothy Weah,2024,9,2,4,3,1,1
371436,Francisco Sierralta,2021,8,1,0,7,1,0
371554,Kevin Spadanuda,2022,13,2,3,8,1,1
371814,Nathaniel Phillips,2020,15,9,5,1,5,4
371851,Jaka Bijol,2022,30,13,8,9,8,5
372246,Carlos Soler,2018,38,16,11,11,10,6
372246,Carlos Soler,2019,39,18,14,7,9,9
372246,Carlos Soler,2020,40,12,9,19,6,6
372246,Carlos Soler,2021,40,18,12,10,8,10
372246,Carlos Soler,2022,41,22,10,9,15,7
372246,Carlos Soler,2023,22,13,2,7,5,8
372246,Carlos Soler,2024,10,6,4,0,2,4
372711,Amine Harit,2018,39,17,7,15,9,8
372711,Amine Harit,2019,32,12,11,9,6,6
372711,Amine Harit,2020,20,3,7,10,1,2
372711,Amine Harit,2021,40,10,10,20,6,4
372711,Amine Harit,2022,34,18,4,12,8,10
372711,Amine Harit,2023,0,0,0,0,0,0
372711,Amine Harit,2024,11,5,2,4,0,5
372712,Ibrahima Sissoko,2018,19,6,8,5,1,5
372712,Ibrahima Sissoko,2019,37,16,7,14,11,5
372712,Ibrahima Sissoko,2020,24,7,3,14,2,5
372712,Ibrahima Sissoko,2021,34,11,11,12,5,6
372712,Ibrahima Sissoko,2022,28,11,10,7,8,3
372712,Ibrahima Sissoko,2023,20,7,5,8,2,5
372712,Ibrahima Sissoko,2024,6,0,2,4,0,0
372713,Florian Ayé,2019,18,4,2,12,3,1
372713,Florian Ayé,2024,0,0,0,0,0,0
372809,Petko Hristov,2021,20,4,4,12,3,1
373373,Lucas Martínez Quarta,2020,12,4,4,4,3,1
373373,Lucas Martínez Quarta,2021,45,17,10,18,9,8
373373,Lucas Martínez Quarta,2022,36,15,7,14,11,4
373373,Lucas Martínez Quarta,2023,25,13,8,4,7,6
373373,Lucas Martínez Quarta,2024,5,1,2,2,0,1
373899,Jacopo Segre,2020,16,3,5,8,1,2
374040,Vincent Marchetti,2022,16,4,3,9,3,1
374139,Junior Firpo,2018,32,19,6,7,12,7
374139,Junior Firpo,2019,24,16,2,6,8,8
374139,Junior Firpo,2020,42,23,8,11,10,13
374139,Junior Firpo,2021,43,23,8,12,12,11
374139,Junior Firpo,2022,24,5,4,14,4,1
375391,Joel Asoro,2023,0,0,0,0,0,0
375885,Ibrahim Sangaré,2018,25,7,9,9,6,1
375885,Ibrahim Sangaré,2019,36,5,10,21,5,0
377219,Selim Amallah,2022,15,7,2,6,5,2
377219,Selim Amallah,2023,9,3,2,4,3,0
377219,Selim Amallah,2024,6,2,2,2,2,0
377393,Pierre Lees-Melou,2018,31,9,11,11,6,3
377393,Pierre Lees-Melou,2019,33,13,7,13,6,7
377393,Pierre Lees-Melou,2020,24,9,7,6,5,4
377393,Pierre Lees-Melou,2021,37,11,6,20,8,3
377393,Pierre Lees-Melou,2022,33,8,5,20,4,4
377393,Pierre Lees-Melou,2023,20,7,6,7,4,3
377393,Pierre Lees-Melou,2024,8,3,4,1,2,1
378139,Aitor Ruibal,2019,16,4,3,9,3,1
378139,Aitor Ruibal,2020,37,13,9,15,7,6
378139,Aitor Ruibal,2021,49,27,12,10,14,13
378139,Aitor Ruibal,2022,50,27,12,11,14,13
378139,Aitor Ruibal,2023,26,10,5,11,8,2
378139,Aitor Ruibal,2024,5,2,2,1,0,2
378293,Yangel Herrera,2018,0,0,0,0,0,0
378293,Yangel Herrera,2019,33,12,9,12,6,6
378293,Yangel Herrera,2020,44,24,8,12,14,10
378293,Yangel Herrera,2021,37,15,4,18,10,5
378293,Yangel Herrera,2022,26,6,9,11,4,2
378293,Yangel Herrera,2023,9,2,2,5,2,0
378293,Yangel Herrera,2024,6,3,1,2,1,2
378954,Joris Gnagnon,2018,36,20,10,6,8,12
378954,Joris Gnagnon,2019,28,10,6,12,6,4
378965,Cheick Traoré,2018,15,2,5,8,1,1
379807,Lyanco,2020,33,6,7,20,2,4
379807,Lyanco,2021,37,8,16,13,6,2
379807,Lyanco,2022,30,7,5,15,6,1
380350,Igor,2020,38,12,11,15,6,6
380350,Igor,2021,40,16,8,16,10,6
380598,Santi Comesaña,2018,12,2,3,7,2,0
380598,Santi Comesaña,2021,22,12,3,7,4,8
380598,Santi Comesaña,2022,37,11,10,16,8,3
380598,Santi Comesaña,2023,23,6,5,12,5,1
380598,Santi Comesaña,2024,11,6,4,1,2,4
381187,Emmanuel Sabbi,2023,5,1,1,3,1,0
381187,Emmanuel Sabbi,2024,8,1,2,5,1,0
381362,Wesley Moraes,2019,31,10,6,15,5,5
381753,Ilia Gruev,2022,16,7,3,6,5,2
381950,Alexis Saelemaekers,2019,22,9,8,5,5,4
381950,Alexis Saelemaekers,2020,39,26,10,3,10,16
381950,Alexis Saelemaekers,2021,49,25,10,14,11,14
381950,Alexis Saelemaekers,2022,33,21,9,3,9,12
381950,Alexis Saelemaekers,2023,31,12,9,10,6,6
381967,Albert Sambi Lokonga,2021,30,16,6,8,6,10
381967,Albert Sambi Lokonga,2023,22,8,7,7,3,5
381967,Albert Sambi Lokonga,2024,6,2,1,3,1,1
382571,Francesco Forte,2021,0,0,0,0,0,0
384060,Tino Kadewere,2020,16,9,6,1,4,5
384060,Tino Kadewere,2021,32,15,10,7,9,6
384060,Tino Kadewere,2022,25,14,5,6,8,6
384060,Tino Kadewere,2023,25,10,4,11,6,4
384060,Tino Kadewere,2024,8,2,1,5,2,0
384553,Luca Kilian,2022,34,13,6,15,6,7
384593,Alexis Claude-Maurice,2019,13,5,2,6,1,4
384593,Alexis Claude-Maurice,2020,27,7,9,8,4,3
384593,Alexis Claude-Maurice,2021,32,14,5,13,10,4
384593,Alexis Claude-Maurice,2023,16,13,2,1,6,7
384593,Alexis Claude-Maurice,2024,8,2,2,4,1,1
384745,Tobias Raschl,2021,6,2,2,2,0,2
384859,Fabien Centonze,2019,19,3,8,8,2,1
384859,Fabien Centonze,2020,25,11,6,8,6,5
384859,Fabien Centonze,2021,37,9,11,17,5,4
385105,Gabriel Suazo,2023,18,7,3,8,4,3
385105,Gabriel Suazo,2024,9,3,1,5,2,1
385271,Allan,2019,0,0,0,0,0,0
385271,Allan,2020,0,0,0,0,0,0
385271,Allan,2021,0,0,0,0,0,0
385394,Alberto Dossena,2023,0,0,0,0,0,0
385394,Alberto Dossena,2024,9,2,2,5,1,1
386047,Axel Disasi,2019,31,12,12,7,6,6
386047,Axel Disasi,2020,23,9,6,8,6,3
386047,Axel Disasi,2021,50,29,12,9,12,17
386047,Axel Disasi,2022,43,23,9,11,11,12
386047,Axel Disasi,2023,24,11,5,8,6,5
386047,Axel Disasi,2024,12,6,3,3,2,4
386057,Julien Laporte,2020,15,2,3,10,0,2
386057,Julien Laporte,2021,37,11,13,13,9,2
386057,Julien Laporte,2022,31,13,8,10,8,5
386057,Julien Laporte,2023,6,2,1,3,2,0
386315,Nathaël Julan,2018,10,1,4,5,1,0
386446,Alessandro Buongiorno,2021,44,12,15,17,8,4
386446,Alessandro Buongiorno,2022,33,12,10,11,7,5
386446,Alessandro Buongiorno,2023,24,9,7,8,6,3
386446,Alessandro Buongiorno,2024,4,2,2,0,1,1
386552,Lassana Coulibaly,2020,23,11,2,10,8,3
386552,Lassana Coulibaly,2021,31,5,6,20,3,2
386552,Lassana Coulibaly,2022,32,8,12,12,6,2
386552,Lassana Coulibaly,2023,21,5,8,8,3,2
386552,Lassana Coulibaly,2024,6,0,1,5,0,0
386755,Gianluca Frabotta,2020,21,11,6,4,2,9
387047,Danilho Doekhi,2022,34,18,5,11,12,6
387047,Danilho Doekhi,2023,25,12,7,6,6,6
387047,Danilho Doekhi,2024,10,4,2,4,4,0
387106,Lovro Majer,2021,25,14,3,8,6,8
387106,Lovro Majer,2022,37,21,9,7,7,14
387106,Lovro Majer,2024,9,0,5,4,0,0
387234,Szymon Żurkowski,2021,21,10,3,8,5,5
387234,Szymon Żurkowski,2023,13,3,4,6,2,1
387626,Leon Bailey,2018,43,21,7,15,9,12
387626,Leon Bailey,2019,28,14,3,11,5,9
387626,Leon Bailey,2020,41,27,4,8,10,17
387626,Leon Bailey,2021,31,9,5,17,3,6
387626,Leon Bailey,2022,28,9,3,14,3,6
387626,Leon Bailey,2023,19,11,3,5,6,5
387626,Leon Bailey,2024,10,4,2,4,2,2
388160,Fraser Hornby,2021,10,3,1,6,1,2
388160,Fraser Hornby,2023,9,1,4,4,1,0
388165,Yoane Wissa,2020,17,3,3,11,0,3
388165,Yoane Wissa,2021,34,13,10,11,9,4
388165,Yoane Wissa,2022,39,14,10,14,4,10
388165,Yoane Wissa,2023,22,10,6,6,3,7
388165,Yoane Wissa,2024,6,0,1,5,0,0
388198,Nico Schlotterbeck,2019,25,9,7,9,6,3
388198,Nico Schlotterbeck,2020,20,7,5,8,4,3
388198,Nico Schlotterbeck,2021,37,16,11,10,11,5
388198,Nico Schlotterbeck,2022,42,22,8,12,10,12
388198,Nico Schlotterbeck,2023,19,15,2,2,6,9
388198,Nico Schlotterbeck,2024,10,6,3,1,1,5
388294,Omar Traoré,2023,0,0,0,0,0,0
388294,Omar Traoré,2024,9,1,5,3,1,0
388382,Assan Ceesay,2022,16,3,6,7,2,1
388409,Philipp Sander,2024,0,0,0,0,0,0
388795,Oumar Gonzalez,2022,12,2,3,7,2,0
389324,Fernandinho,2018,0,0,0,0,0,0
389324,Fernandinho,2019,0,0,0,0,0,0
389324,Fernandinho,2020,0,0,0,0,0,0
389324,Fernandinho,2021,0,0,0,0,0,0
389837,Nicolò Casale,2022,36,16,9,11,8,8
389837,Nicolò Casale,2023,24,13,5,6,6,7
390160,Salvatore Esposito,2022,2,1,0,1,1,0
391004,Jonas Wind,2021,32,18,9,5,4,14
391004,Jonas Wind,2022,22,11,6,5,4,7
391004,Jonas Wind,2023,20,7,5,8,2,5
391004,Jonas Wind,2024,9,0,5,4,0,0
391192,Jean-Claude Billong,2021,31,8,10,13,2,6
391376,Lamine Fomba,2019,14,2,6,6,1,1
391376,Lamine Fomba,2020,27,8,3,16,3,5
391719,Domingos Quina,2018,13,4,5,4,2,2
391719,Domingos Quina,2020,9,2,2,5,1,1
391780,Derrick Köhn,2024,6,6,0,0,3,3
392085,Nicolò Zaniolo,2018,26,11,7,8,3,8
392085,Nicolò Zaniolo,2019,44,22,14,8,12,10
392085,Nicolò Zaniolo,2021,19,10,2,7,5,5
392085,Nicolò Zaniolo,2022,30,17,6,7,10,7
392085,Nicolò Zaniolo,2023,13,9,2,2,4,5
392085,Nicolò Zaniolo,2024,9,3,2,4,2,1
392163,Noah Weißhaupt,2022,35,22,8,5,11,11
392163,Noah Weißhaupt,2023,23,10,5,8,5,5
392516,Antonino Gallo,2022,16,3,6,7,2,1
392516,Antonino Gallo,2023,22,5,6,11,4,1
392516,Antonino Gallo,2024,9,2,1,6,2,0
392538,Tommaso Pobega,2020,12,3,4,5,0,3
392538,Tommaso Pobega,2021,39,14,10,15,10,4
392538,Tommaso Pobega,2022,38,17,11,10,7,10
392538,Tommaso Pobega,2023,28,11,7,10,6,5
392538,Tommaso Pobega,2024,0,0,0,0,0,0
392545,Frank Tsadjout,2022,16,2,7,7,1,1
392569,Gabriele Zappa,2021,45,9,12,24,4,5
392569,Gabriele Zappa,2023,0,0,0,0,0,0
392569,Gabriele Zappa,2024,9,2,2,5,1,1
392591,Chiedozie Ogbene,2023,1,0,0,1,0,0
392710,Lennard Maloney,2023,0,0,0,0,0,0
392763,Ian Poveda,2020,16,7,2,7,4,3
392765,Emile Smith Rowe,2020,8,6,0,2,2,4
392765,Emile Smith Rowe,2021,46,26,9,11,6,20
392765,Emile Smith Rowe,2022,22,13,1,8,7,6
392765,Emile Smith Rowe,2023,21,13,4,4,3,10
392765,Emile Smith Rowe,2024,9,8,0,1,2,6
392768,Callum Hudson-Odoi,2019,37,26,3,8,12,14
392768,Callum Hudson-Odoi,2020,33,18,7,8,4,14
392768,Callum Hudson-Odoi,2021,60,39,11,10,17,22
392768,Callum Hudson-Odoi,2022,28,12,8,8,6,6
392768,Callum Hudson-Odoi,2023,18,8,6,4,2,6
392768,Callum Hudson-Odoi,2024,12,2,3,7,0,2
392770,Angel Gomes,2021,45,17,13,15,13,4
392770,Angel Gomes,2022,36,15,8,13,8,7
392770,Angel Gomes,2023,21,9,8,4,3,6
392770,Angel Gomes,2024,8,3,3,2,1,2
392771,Ethan Ampadu,2020,21,4,4,13,1,3
392771,Ethan Ampadu,2021,32,12,4,16,11,1
392771,Ethan Ampadu,2022,32,5,6,21,4,1
392775,Ryan Sessegnon,2018,19,3,4,12,2,1
392775,Ryan Sessegnon,2020,36,16,11,9,6,10
392775,Ryan Sessegnon,2021,23,11,6,6,6,5
392775,Ryan Sessegnon,2022,41,22,7,11,9,13
392810,Casimir Ninga,2018,35,8,17,10,5,3
392810,Casimir Ninga,2019,30,10,6,14,6,4
392810,Casimir Ninga,2021,37,15,16,6,8,7
392959,Andrea Colpani,2022,17,7,1,9,3,4
392959,Andrea Colpani,2023,21,7,8,6,5,2
392959,Andrea Colpani,2024,9,5,2,2,3,2
392966,Nadir Zortea,2021,18,3,2,13,2,1
392966,Nadir Zortea,2022,32,12,11,9,8,4
392966,Nadir Zortea,2023,22,10,5,7,7,3
392966,Nadir Zortea,2024,5,1,1,3,0,1
393238,Zakaria Aboukhlal,2022,32,12,8,12,6,6
393238,Zakaria Aboukhlal,2023,21,9,4,8,4,5
393238,Zakaria Aboukhlal,2024,1,0,0,1,0,0
393323,Brenden Aaronson,2022,19,4,5,9,3,1
393323,Brenden Aaronson,2023,26,5,7,14,2,3
393325,Josh Sargent,2018,4,1,1,2,0,1
393325,Josh Sargent,2019,30,13,11,6,7,6
393325,Josh Sargent,2020,33,11,7,15,6,5
393325,Josh Sargent,2021,40,8,9,23,4,4
393512,Felix Agu,2020,12,5,2,5,2,3
393512,Felix Agu,2024,9,4,1,4,3,1
393904,Filippo Delli Carri,2021,15,1,1,13,1,0
394033,Stefan Schimmer,2024,9,1,5,3,1,0
394285,Víctor Campuzano,2019,26,7,8,11,2,5
394300,Davide Frattesi,2021,19,6,6,7,4,2
394300,Davide Frattesi,2022,35,11,8,16,5,6
394300,Davide Frattesi,2023,22,8,4,10,7,1
394300,Davide Frattesi,2024,12,10,1,1,6,4
394327,Boubacar Kamara,2018,40,17,8,15,7,10
394327,Boubacar Kamara,2019,35,20,6,9,11,9
394327,Boubacar Kamara,2020,28,14,6,8,10,4
394327,Boubacar Kamara,2021,43,18,17,8,9,9
394327,Boubacar Kamara,2022,32,16,3,11,8,8
394327,Boubacar Kamara,2023,15,8,2,5,5,3
394346,Emanuel Vignato,2018,8,1,3,4,1,0
394346,Emanuel Vignato,2020,16,5,3,8,3,2
394346,Emanuel Vignato,2021,44,14,11,19,7,7
394694,Sergio Ruiz,2023,0,0,0,0,0,0
395236,Yacine Adli,2019,24,6,4,14,2,4
395236,Yacine Adli,2020,23,7,8,8,4,3
395236,Yacine Adli,2021,39,10,10,19,7,3
395236,Yacine Adli,2022,33,12,8,13,6,6
395236,Yacine Adli,2023,25,10,7,8,4,6
395236,Yacine Adli,2024,13,9,2,2,5,4
395516,Moussa Diaby,2018,36,23,6,7,6,17
395516,Moussa Diaby,2019,45,27,5,13,11,16
395516,Moussa Diaby,2020,45,29,6,8,9,20
395516,Moussa Diaby,2021,46,20,11,15,7,13
395516,Moussa Diaby,2022,41,17,8,16,4,13
395516,Moussa Diaby,2023,26,13,7,6,3,10
395693,Houssem Aouar,2018,47,24,14,9,9,15
395693,Houssem Aouar,2019,44,19,12,13,10,9
395693,Houssem Aouar,2020,27,14,7,6,6,8
395693,Houssem Aouar,2021,41,21,11,9,11,10
395693,Houssem Aouar,2022,31,14,8,9,9,5
395693,Houssem Aouar,2023,17,9,4,4,4,5
395695,Elisha Owusu,2024,0,0,0,0,0,0
396174,Jimmy Dunne,2020,23,7,6,10,6,1
396334,Joaquín Muñoz,2020,9,3,4,2,1,2
397033,Sandro Tonali,2019,18,4,2,12,3,1
397033,Sandro Tonali,2020,41,19,10,12,9,10
397033,Sandro Tonali,2021,51,27,10,14,12,15
397033,Sandro Tonali,2022,41,27,9,5,12,15
397033,Sandro Tonali,2023,30,12,8,10,6,6
397033,Sandro Tonali,2024,0,0,0,0,0,0
397171,Gideon Mensah,2022,24,2,8,14,1,1
397225,Alessandro Zanoli,2024,9,0,2,7,0,0
397486,Dennis Man,2020,2,2,0,0,1,1
397486,Dennis Man,2024,0,0,0,0,0,0
398030,Giuseppe Caso,2023,0,0,0,0,0,0
398065,Harvey Barnes,2018,9,3,2,4,0,3
398065,Harvey Barnes,2019,37,19,6,12,7,12
398065,Harvey Barnes,2020,44,21,8,15,6,15
398065,Harvey Barnes,2021,37,18,8,11,8,10
398065,Harvey Barnes,2022,39,13,7,16,3,10
398065,Harvey Barnes,2023,23,5,5,12,3,2
398065,Harvey Barnes,2024,6,3,2,1,2,1
398073,Achraf Hakimi,2018,40,29,6,5,13,16
398073,Achraf Hakimi,2019,39,20,10,9,8,12
398073,Achraf Hakimi,2020,38,24,5,9,10,14
398073,Achraf Hakimi,2021,51,35,11,5,15,20
398073,Achraf Hakimi,2022,39,29,7,3,12,17
398073,Achraf Hakimi,2023,15,6,1,8,2,4
398073,Achraf Hakimi,2024,8,5,3,0,1,4
398163,Gonzalo Villar,2019,1,1,0,0,0,1
398163,Gonzalo Villar,2020,40,23,6,11,10,13
398163,Gonzalo Villar,2021,41,20,6,15,8,12
398163,Gonzalo Villar,2023,23,6,7,10,5,1
398402,Sam Surridge,2022,22,6,4,9,4,2
399776,Pau Torres,2019,19,8,4,7,3,5
399776,Pau Torres,2020,39,21,9,9,8,13
399776,Pau Torres,2021,54,26,11,17,11,15
399776,Pau Torres,2022,43,21,8,14,6,15
399776,Pau Torres,2023,23,12,4,7,4,8
399776,Pau Torres,2024,7,3,1,3,2,1
399887,Esteban Rolón,2018,23,6,5,12,2,4
400485,Adam Ounas,2018,37,22,7,8,12,10
400485,Adam Ounas,2019,29,16,6,7,4,12
400485,Adam Ounas,2021,34,12,5,17,6,6
400485,Adam Ounas,2023,11,6,5,0,2,4
401173,Jadon Sancho,2018,35,22,8,5,12,10
401173,Jadon Sancho,2019,44,23,11,10,9,14
401173,Jadon Sancho,2020,40,26,2,12,8,18
401173,Jadon Sancho,2021,43,27,7,9,11,16
401173,Jadon Sancho,2022,34,15,8,11,9,6
401173,Jadon Sancho,2024,10,7,2,1,1,6
401320,Dara O'Shea,2023,2,1,1,0,0,1
401320,Dara O'Shea,2024,8,1,2,5,1,0
401356,Edson Álvarez,2023,25,14,7,4,5,9
401356,Edson Álvarez,2024,10,3,3,4,0,3
401529,Dodô,2022,15,5,5,5,4,1
401529,Dodô,2023,27,13,8,6,7,6
401529,Dodô,2024,2,0,2,0,0,0
401530,Éder Militão,2019,39,20,12,7,5,15
401530,Éder Militão,2020,40,27,4,9,10,17
401530,Éder Militão,2021,49,32,11,6,14,18
401530,Éder Militão,2022,46,31,7,8,12,19
401530,Éder Militão,2023,36,23,4,9,8,15
401530,Éder Militão,2024,0,0,0,0,0,0
401571,Tomás Conechny,2024,0,0,0,0,0,0
401578,Exequiel Palacios,2021,37,14,9,14,5,9
401578,Exequiel Palacios,2022,28,12,4,12,3,9
401578,Exequiel Palacios,2023,22,10,5,7,3,7
401578,Exequiel Palacios,2024,6,5,1,0,3,2
401922,Samuel Chukwueze,2018,13,3,7,3,1,2
401922,Samuel Chukwueze,2019,45,18,11,16,9,9
401922,Samuel Chukwueze,2020,46,25,11,10,10,15
401922,Samuel Chukwueze,2021,39,24,4,11,9,15
401922,Samuel Chukwueze,2022,41,22,8,11,7,15
401922,Samuel Chukwueze,2023,25,13,4,8,5,8
401922,Samuel Chukwueze,2024,8,5,1,2,2,3
402008,Amadou Haidara,2018,14,8,4,2,5,3
402008,Amadou Haidara,2019,37,24,8,5,9,15
402008,Amadou Haidara,2020,39,21,12,6,8,13
402008,Amadou Haidara,2021,46,21,8,17,9,12
402008,Amadou Haidara,2022,35,21,7,7,4,17
402008,Amadou Haidara,2023,24,15,3,6,6,9
402117,Jules Keita,2018,15,3,2,10,1,2
402733,Gonzalo Montiel,2021,24,13,7,4,7,6
402733,Gonzalo Montiel,2022,37,9,14,14,6,3
403898,Jordan Beyer,2018,13,7,2,4,1,6
404842,Vitaliy Mykolenko,2021,40,28,6,6,8,20
404842,Vitaliy Mykolenko,2022,39,11,8,19,8,3
404842,Vitaliy Mykolenko,2023,18,4,4,10,3,1
405385,Yukinari Sugawara,2024,7,4,2,1,1,3
405393,Soichiro Kozuki,2022,0,0,0,0,0,0
405397,Keito Nakamura,2023,0,0,0,0,0,0
405397,Keito Nakamura,2024,6,2,2,2,2,0
405398,Takefusa Kubo,2019,17,4,3,10,2,2
405398,Takefusa Kubo,2020,43,16,12,15,5,11
405398,Takefusa Kubo,2021,34,10,10,14,5,5
405398,Takefusa Kubo,2022,41,22,3,16,15,7
405398,Takefusa Kubo,2023,27,13,7,7,6,7
405398,Takefusa Kubo,2024,10,3,1,6,2,1
405670,Yannik Engelhardt,2024,1,1,0,0,1,0
405687,Tom Krauß,2022,16,3,3,10,1,2
405687,Tom Krauß,2023,17,5,7,5,3,2
405885,Giacomo Raspadori,2019,21,6,4,11,2,4
405885,Giacomo Raspadori,2020,33,15,9,9,7,8
405885,Giacomo Raspadori,2021,43,15,12,16,10,5
405885,Giacomo Raspadori,2023,21,11,5,5,4,7
405885,Giacomo Raspadori,2024,12,3,6,3,2,1
406008,Yan Valery,2019,31,9,10,12,6,3
406040,Ademola Lookman,2018,31,12,7,12,6,6
406040,Ademola Lookman,2019,36,21,7,8,8,13
406040,Ademola Lookman,2020,35,14,13,8,4,10
406040,Ademola Lookman,2021,42,9,14,19,5,4
406040,Ademola Lookman,2022,36,15,9,12,6,9
406040,Ademola Lookman,2023,19,9,3,7,2,7
406040,Ademola Lookman,2024,6,1,3,2,1,0
406042,Dennis Johnsen,2021,17,5,4,8,4,1
406625,Lautaro Martínez,2018,23,13,5,5,8,5
406625,Lautaro Martínez,2019,43,24,10,9,13,11
406625,Lautaro Martínez,2020,48,26,14,8,9,17
406625,Lautaro Martínez,2021,52,36,10,6,12,24
406625,Lautaro Martínez,2022,47,29,7,11,13,16
406625,Lautaro Martínez,2023,36,22,6,8,12,10
406625,Lautaro Martínez,2024,13,11,1,1,6,5
406635,Phil Foden,2018,37,27,3,7,6,21
406635,Phil Foden,2019,42,32,3,7,11,21
406635,Phil Foden,2020,45,31,7,7,11,20
406635,Phil Foden,2021,57,46,2,9,14,32
406635,Phil Foden,2022,52,33,11,6,8,25
406635,Phil Foden,2023,29,21,5,2,7,14
406635,Phil Foden,2024,13,11,2,0,3,8
406638,Oliver Skipp,2021,19,10,3,6,5,5
406638,Oliver Skipp,2022,23,12,4,6,8,4
406638,Oliver Skipp,2023,26,11,4,11,5,6
406638,Oliver Skipp,2024,7,3,1,3,2,1
406640,Felix Nmecha,2021,19,4,4,11,2,2
406640,Felix Nmecha,2022,30,13,7,10,6,7
406640,Felix Nmecha,2023,18,6,5,7,2,4
406640,Felix Nmecha,2024,3,3,0,0,1,2
406806,Emil Bohinen,2021,27,14,4,9,5,9
406973,Moritz Broschinski,2022,0,0,0,0,0,0
406973,Moritz Broschinski,2023,15,4,4,7,1,3
406973,Moritz Broschinski,2024,9,2,2,5,2,0
407265,Luca Zanimacchia,2019,0,0,0,0,0,0
407265,Luca Zanimacchia,2022,16,2,7,7,1,1
408471,Javi Puado,2018,5,2,0,3,1,1
408471,Javi Puado,2021,15,6,3,6,5,1
408471,Javi Puado,2022,35,7,12,16,4,3
408471,Javi Puado,2024,0,0,0,0,0,0
409153,Teddy Teuma,2023,19,11,5,3,7,4
409153,Teddy Teuma,2024,7,1,3,3,1,0
409517,Yorbe Vertessen,2023,17,7,6,4,6,1
409517,Yorbe Vertessen,2024,11,4,3,4,3,1
410059,Bakaye Dibassy,2018,35,11,7,17,6,5
410059,Bakaye Dibassy,2019,36,8,13,15,7,1
410185,Ronaël Pierre-Gabriel,2020,18,7,3,8,3,4
410185,Ronaël Pierre-Gabriel,2021,38,10,11,17,6,4
410185,Ronaël Pierre-Gabriel,2022,27,6,9,12,3,3
410425,Yves Bissouma,2018,34,12,6,16,10,2
410425,Yves Bissouma,2019,33,9,9,15,5,4
410425,Yves Bissouma,2020,31,5,14,12,4,1
410425,Yves Bissouma,2021,39,13,14,12,10,3
410425,Yves Bissouma,2023,10,5,0,5,3,2
410425,Yves Bissouma,2024,5,3,0,2,1,2
410708,Pascal Struijk,2020,16,7,2,7,4,3
410708,Pascal Struijk,2021,34,14,8,12,7,7
410708,Pascal Struijk,2022,35,9,8,17,7,2
411975,Jules Koundé,2018,47,22,11,14,11,11
411975,Jules Koundé,2019,44,20,8,16,13,7
411975,Jules Koundé,2020,46,26,13,7,14,12
411975,Jules Koundé,2021,54,34,10,10,19,15
411975,Jules Koundé,2022,34,16,10,8,5,11
411975,Jules Koundé,2023,31,22,3,6,13,9
411975,Jules Koundé,2024,13,8,3,2,3,5
412045,Pol Lozano,2024,0,0,0,0,0,0
412092,Gaëtan Paquiez,2018,18,6,5,7,3,3
412095,Ihsan Sacko,2018,21,6,6,9,5,1
412363,Rodrygo,2019,18,11,5,2,3,8
412363,Rodrygo,2020,41,29,4,8,12,17
412363,Rodrygo,2021,39,26,10,3,10,16
412363,Rodrygo,2022,51,35,7,9,12,23
412363,Rodrygo,2023,37,23,4,10,7,16
412363,Rodrygo,2024,12,8,4,0,4,4
412513,Thomas Henry,2021,36,9,11,16,6,3
412513,Thomas Henry,2022,33,3,4,26,3,0
412660,Keinan Davis,2019,10,3,2,5,1,2
412660,Keinan Davis,2020,22,8,6,8,2,6
412660,Keinan Davis,2024,5,2,2,1,2,0
412671,Quentin Boisgard,2019,19,3,3,13,2,1
412671,Quentin Boisgard,2020,21,3,3,15,0,3
412671,Quentin Boisgard,2021,30,6,10,14,5,1
412671,Quentin Boisgard,2022,29,8,9,12,5,3
412932,Myron Boadu,2021,47,24,11,12,9,15
412932,Myron Boadu,2022,26,15,5,6,7,8
412932,Myron Boadu,2023,20,10,5,5,5,5
413032,Ibrahima Diallo,2019,17,4,7,6,1,3
413032,Ibrahima Diallo,2021,38,12,9,17,7,5
413039,Bryan Mbeumo,2021,17,5,5,7,3,2
413039,Bryan Mbeumo,2022,38,13,10,14,3,10
413039,Bryan Mbeumo,2023,21,10,6,5,3,7
413039,Bryan Mbeumo,2024,1,0,0,1,0,0
413112,Aurélien Tchouaméni,2018,24,11,5,8,7,4
413112,Aurélien Tchouaméni,2019,25,7,7,11,2,5
413112,Aurélien Tchouaméni,2020,24,11,5,8,9,2
413112,Aurélien Tchouaméni,2021,47,27,12,8,11,16
413112,Aurélien Tchouaméni,2022,39,27,7,5,12,15
413112,Aurélien Tchouaméni,2023,31,18,4,9,6,12
413112,Aurélien Tchouaméni,2024,11,8,3,0,4,4
413220,James Justin,2020,44,21,8,15,6,15
413220,James Justin,2021,10,7,2,1,2,5
413220,James Justin,2024,3,2,0,1,1,1
413262,Dani Raba,2020,9,5,3,1,2,3
413262,Dani Raba,2024,0,0,0,0,0,0
413403,Ezri Konsa,2019,24,7,4,13,3,4
413403,Ezri Konsa,2020,31,11,6,14,6,5
413403,Ezri Konsa,2021,41,15,6,20,9,6
413403,Ezri Konsa,2023,22,13,4,5,7,6
413403,Ezri Konsa,2024,6,2,2,2,1,1
413507,Nikola Milenković,2018,36,13,11,12,6,7
413507,Nikola Milenković,2019,40,9,14,17,3,6
413507,Nikola Milenković,2020,38,14,13,11,7,7
413507,Nikola Milenković,2021,42,16,9,17,8,8
413507,Nikola Milenković,2023,27,12,8,7,7,5
413507,Nikola Milenković,2024,8,2,3,3,1,1
413565,Jhon Lucumí,2022,30,15,4,11,4,11
413565,Jhon Lucumí,2023,22,9,7,6,5,4
413843,Keven Schlotterbeck,2018,0,0,0,0,0,0
413843,Keven Schlotterbeck,2019,26,7,7,12,2,5
413843,Keven Schlotterbeck,2020,28,9,7,12,3,6
413843,Keven Schlotterbeck,2023,17,5,3,9,1,4
413843,Keven Schlotterbeck,2024,7,1,2,4,1,0
415912,Konstantinos Mavropanos,2020,7,3,2,2,2,1
415912,Konstantinos Mavropanos,2021,37,13,8,16,5,8
415912,Konstantinos Mavropanos,2022,31,7,11,13,5,2
415912,Konstantinos Mavropanos,2023,18,6,5,7,4,2
415912,Konstantinos Mavropanos,2024,11,3,4,4,0,3
415970,Joe Worrall,2022,22,6,4,10,5,1
416380,Ragnar Ache,2021,19,8,7,4,5,3
416386,Abdou Harroui,2021,37,13,10,14,8,5
416386,Abdou Harroui,2022,29,9,8,12,4,5
416386,Abdou Harroui,2023,22,8,5,9,7,1
416386,Abdou Harroui,2024,7,1,2,4,0,1
417346,Jack Harrison,2020,16,7,1,8,4,3
417346,Jack Harrison,2021,39,13,9,17,6,7
417346,Jack Harrison,2022,38,10,8,18,7,3
417346,Jack Harrison,2023,26,5,7,14,2,3
417346,Jack Harrison,2024,8,0,4,4,0,0
418543,Perr Schuurs,2022,35,22,3,10,12,10
418543,Perr Schuurs,2023,23,9,6,8,6,3
418559,Erik Botheim,2022,16,4,5,7,2,2
418560,Erling Haaland,2019,9,4,1,4,0,4
418560,Erling Haaland,2020,32,21,0,11,5,16
418560,Erling Haaland,2021,43,26,5,12,7,19
418560,Erling Haaland,2022,37,22,6,7,7,15
418560,Erling Haaland,2023,35,26,5,3,8,18
418560,Erling Haaland,2024,12,10,2,0,2,8
418571,Hamza Rafia,2023,0,0,0,0,0,0
418571,Hamza Rafia,2024,8,2,1,5,2,0
418658,Charles Abi,2020,16,3,4,9,1,2
418659,Amine Gouiri,2020,21,8,3,7,3,5
418659,Amine Gouiri,2021,38,18,7,13,12,6
418659,Amine Gouiri,2022,41,20,11,10,12,8
418659,Amine Gouiri,2023,24,12,2,10,4,8
418659,Amine Gouiri,2024,10,6,2,2,4,2
418662,Florian Chabrolle,2022,4,2,1,1,2,0
420002,Jean-Philippe Mateta,2018,19,6,6,7,4,2
420002,Jean-Philippe Mateta,2019,20,8,1,11,2,6
420002,Jean-Philippe Mateta,2021,32,9,9,14,5,4
420002,Jean-Philippe Mateta,2022,41,16,11,12,9,7
420002,Jean-Philippe Mateta,2023,23,5,8,10,2,3
420002,Jean-Philippe Mateta,2024,8,2,2,4,1,1
420210,Lutsharel Geertruida,2024,13,10,2,1,6,4
421637,Frank Onyeka,2021,28,11,5,12,7,4
421637,Frank Onyeka,2022,27,7,8,10,2,5
421637,Frank Onyeka,2023,12,7,2,3,3,4
421726,Keita Endo,2020,10,4,4,2,1,3
422355,Jens Petter Hauge,2020,19,13,4,2,6,7
422355,Jens Petter Hauge,2021,47,23,12,12,10,13
422380,Bernard Tekpetey,2019,20,6,3,11,2,4
422460,Dani Gómez,2020,19,7,6,6,3,4
422460,Dani Gómez,2021,45,10,16,19,6,4
422466,Javi Hernández,2022,15,5,4,6,4,1
422466,Javi Hernández,2023,21,8,4,9,4,4
422466,Javi Hernández,2024,4,1,2,1,0,1
422715,Arial Mendy,2021,18,4,5,9,2,2
422850,Ghislain Konan,2020,24,6,7,11,4,2
422850,Ghislain Konan,2021,37,10,16,11,6,4
423436,Santiago Ascacíbar,2018,32,13,5,14,10,3
423436,Santiago Ascacíbar,2020,10,3,2,5,2,1
423436,Santiago Ascacíbar,2021,38,12,10,16,7,5
423436,Santiago Ascacíbar,2022,33,4,9,20,1,3
423443,Álex Centelles,2022,7,1,2,4,1,0
423443,Álex Centelles,2023,23,6,6,11,4,2
423444,Fran Beltrán,2018,10,3,3,4,1,2
423444,Fran Beltrán,2019,38,8,9,21,4,4
423444,Fran Beltrán,2020,36,12,14,10,5,7
423444,Fran Beltrán,2021,43,15,11,17,7,8
423444,Fran Beltrán,2022,37,12,9,16,4,8
423444,Fran Beltrán,2023,22,8,5,9,5,3
423444,Fran Beltrán,2024,10,3,1,6,2,1
423744,Billy Gilmour,2021,41,16,7,18,10,6
423744,Billy Gilmour,2022,29,5,5,17,2,3
423744,Billy Gilmour,2023,22,13,3,6,5,8
424015,Nathan Patterson,2022,24,6,6,10,3,3
424042,Nahuel Molina,2020,10,4,2,4,2,2
424042,Nahuel Molina,2021,44,12,15,17,5,7
424042,Nahuel Molina,2022,37,15,10,12,6,9
424042,Nahuel Molina,2023,25,16,5,4,8,8
424042,Nahuel Molina,2024,15,7,2,6,4,3
424051,Samuel Kalu,2018,29,11,9,9,5,6
424051,Samuel Kalu,2019,26,9,6,11,4,5
424051,Samuel Kalu,2020,11,3,5,3,1,2
424051,Samuel Kalu,2021,27,7,9,11,5,2
424204,Alphonso Davies,2019,43,30,6,7,8,22
424204,Alphonso Davies,2020,38,35,2,1,13,22
424204,Alphonso Davies,2021,50,39,3,8,13,26
424204,Alphonso Davies,2022,28,18,7,3,2,16
424204,Alphonso Davies,2023,20,10,5,5,3,7
424204,Alphonso Davies,2024,8,6,1,1,2,4
424709,Cheick Timite,2018,16,4,2,10,3,1
424709,Cheick Timite,2019,24,5,9,10,5,0
424784,Luis Suárez,2018,0,0,0,0,0,0
424784,Luis Suárez,2019,0,0,0,0,0,0
424784,Luis Suárez,2020,20,9,5,6,5,4
424784,Luis Suárez,2021,38,10,10,18,7,3
425400,Farid El Melali,2018,7,2,2,3,2,0
425400,Farid El Melali,2019,25,10,7,8,6,4
425400,Farid El Melali,2020,13,6,4,3,2,4
425400,Farid El Melali,2022,8,0,0,8,0,0
425400,Farid El Melali,2024,0,0,0,0,0,0
425902,Ryan Yates,2022,21,5,4,9,4,1
425902,Ryan Yates,2023,14,4,5,4,3,1
425902,Ryan Yates,2024,11,1,3,7,0,1
425918,Jakub Kiwior,2021,21,7,3,11,4,3
425918,Jakub Kiwior,2022,35,11,6,18,8,3
425918,Jakub Kiwior,2023,25,10,7,8,3,7
427161,Lebo Mothiba,2019,38,13,10,15,8,5
427161,Lebo Mothiba,2022,28,6,10,12,2,4
427161,Lebo Mothiba,2023,21,8,5,8,2,6
427572,Zuriko Davitashvili,2024,0,0,0,0,0,0
428563,Lewis Ferguson,2022,29,8,9,12,4,4
428563,Lewis Ferguson,2023,24,9,8,7,5,4
428563,Lewis Ferguson,2024,9,7,1,1,3,4
428954,Stéphane Diarra,2020,15,2,3,10,0,2
428954,Stéphane Diarra,2021,22,6,5,11,4,2
428954,Stéphane Diarra,2022,20,10,4,6,6,4
429014,Morgan Gibbs-White,2018,20,7,6,7,5,2
429014,Morgan Gibbs-White,2020,20,9,4,7,5,4
429014,Morgan Gibbs-White,2022,16,2,5,8,2,0
429014,Morgan Gibbs-White,2023,23,6,7,9,4,2
429014,Morgan Gibbs-White,2024,11,2,3,6,0,2
429874,Ansgar Knauff,2020,4,3,0,1,2,1
429874,Ansgar Knauff,2022,40,18,11,11,12,6
429874,Ansgar Knauff,2023,23,8,7,8,2,6
429874,Ansgar Knauff,2024,9,3,4,2,2,1
429901,Paul Akouokou,2022,37,21,8,8,12,9
429983,Jørgen Strand Larsen,2022,33,10,6,17,5,5
429983,Jørgen Strand Larsen,2023,24,8,6,10,5,3
429983,Jørgen Strand Larsen,2024,10,3,1,6,2,1
430280,Hans Nicolussi Caviglia,2022,2,0,0,2,0,0
430280,Hans Nicolussi Caviglia,2024,9,2,4,3,1,1
431755,Dejan Kulusevski,2019,35,18,9,8,8,10
431755,Dejan Kulusevski,2020,39,17,8,14,5,12
431755,Dejan Kulusevski,2021,55,36,7,12,14,22
431755,Dejan Kulusevski,2022,39,22,7,9,6,16
431755,Dejan Kulusevski,2023,24,9,4,11,4,5
431755,Dejan Kulusevski,2024,8,4,1,3,2,2
431811,Ola Solbakken,2022,6,2,0,4,1,1
431811,Ola Solbakken,2024,0,0,0,0,0,0
432090,Nicolò Fagioli,2022,20,10,3,7,3,7
432090,Nicolò Fagioli,2023,32,18,6,8,10,8
432090,Nicolò Fagioli,2024,0,0,0,0,0,0
432281,Márton Dárdai,2021,25,8,7,10,5,3
432281,Márton Dárdai,2022,23,5,7,11,2,3
432772,Samuel Grandsir,2018,37,5,6,26,3,2
432772,Samuel Grandsir,2019,28,5,12,11,3,2
432772,Samuel Grandsir,2023,0,0,0,0,0,0
432982,Andreas Skov Olsen,2019,25,10,7,8,8,2
432982,Andreas Skov Olsen,2020,20,5,6,9,3,2
432982,Andreas Skov Olsen,2021,43,14,11,18,7,7
433177,Bukayo Saka,2019,22,7,9,6,3,4
433177,Bukayo Saka,2020,48,28,7,13,15,13
433177,Bukayo Saka,2021,48,27,9,12,6,21
433177,Bukayo Saka,2022,42,30,2,10,16,14
433177,Bukayo Saka,2023,26,13,6,7,3,10
433177,Bukayo Saka,2024,10,9,0,1,2,7
433183,Tommy Doyle,2023,4,3,1,0,2,1
433183,Tommy Doyle,2024,11,6,1,4,4,2
433188,Curtis Jones,2019,9,7,1,1,4,3
433188,Curtis Jones,2020,40,24,9,7,9,15
433188,Curtis Jones,2021,35,19,5,11,3,16
433188,Curtis Jones,2022,37,29,4,4,13,16
433188,Curtis Jones,2023,21,9,6,6,6,3
433188,Curtis Jones,2024,7,5,1,1,0,5
433584,Alessio Zerbin,2022,21,18,2,1,7,11
433584,Alessio Zerbin,2023,24,15,4,5,4,11
433984,Sam Beukema,2023,13,7,3,3,1,6
434358,Sofiane Alakouch,2018,14,3,5,6,2,1
434358,Sofiane Alakouch,2019,31,8,9,14,4,4
434433,Nikola Krstović,2023,0,0,0,0,0,0
434433,Nikola Krstović,2024,9,2,1,6,2,0
434675,Cody Gakpo,2022,42,29,5,8,13,16
434675,Cody Gakpo,2023,26,12,7,7,6,6
434675,Cody Gakpo,2024,15,11,2,2,2,9
434676,Ronaldo Vieira,2018,21,10,5,6,4,6
434676,Ronaldo Vieira,2019,37,12,6,19,7,5
435228,Ardian Ismajli,2021,41,16,9,16,9,7
435228,Ardian Ismajli,2022,31,5,11,15,4,1
435338,Gabriel Magalhães,2018,6,3,0,3,0,3
435338,Gabriel Magalhães,2019,40,18,10,12,11,7
435338,Gabriel Magalhães,2020,24,13,2,9,8,5
435338,Gabriel Magalhães,2021,45,24,10,11,6,18
435338,Gabriel Magalhães,2022,42,30,2,9,16,14
435338,Gabriel Magalhães,2023,26,13,6,7,3,10
435338,Gabriel Magalhães,2024,10,9,0,1,2,7
435485,Luiz Araújo,2018,35,14,6,15,10,4
435485,Luiz Araújo,2019,42,20,10,12,11,9
435485,Luiz Araújo,2020,24,14,7,3,7,7
435648,Joshua Zirkzee,2022,28,16,5,7,8,8
435648,Joshua Zirkzee,2023,18,6,8,4,2,4
435648,Joshua Zirkzee,2024,8,6,1,1,2,4
435772,Charles De Ketelaere,2022,32,22,6,4,6,16
435772,Charles De Ketelaere,2023,31,12,9,10,6,6
435772,Charles De Ketelaere,2024,10,5,3,2,1,4
435796,Kilian Fischer,2022,14,8,3,3,5,3
436585,Delano Burgzorg,2022,20,7,6,7,4,3
438001,Santiago Bueno,2022,19,6,5,8,5,1
438001,Santiago Bueno,2024,11,6,1,4,4,2
438315,Andreas Müller,2023,0,0,0,0,0,0
439914,John Yeboah,2018,4,2,0,2,1,1
439914,John Yeboah,2024,0,0,0,0,0,0
441170,Valentin Rosier,2018,36,10,10,16,6,4
441170,Valentin Rosier,2024,4,0,2,2,0,0
441385,Gonzalo Maroni,2019,8,3,1,4,2,1
441515,Daniel Boloca,2023,0,0,0,0,0,0
442248,Ethan Pinnock,2021,19,5,5,9,3,2
442248,Ethan Pinnock,2022,26,10,5,10,3,7
442248,Ethan Pinnock,2023,21,10,6,5,3,7
442248,Ethan Pinnock,2024,4,2,0,2,1,1
442552,Houboulang Mendes,2021,35,9,12,14,7,2
442703,Ylber Ramadani,2023,14,8,1,5,2,6
442703,Ylber Ramadani,2024,8,1,1,6,1,0
442805,Iddrisu Baba,2019,19,5,3,11,3,2
442805,Iddrisu Baba,2021,19,5,8,6,4,1
442805,Iddrisu Baba,2022,28,9,4,15,7,2
442805,Iddrisu Baba,2023,23,9,3,11,6,3
442816,Fran Gámez,2019,14,4,2,8,3,1
443331,Patrick Osterhage,2021,15,5,2,8,3,2
443331,Patrick Osterhage,2023,17,5,3,9,1,4
443710,Angelo Stiller,2021,18,9,4,5,3,6
443710,Angelo Stiller,2022,30,8,6,16,3,5
443710,Angelo Stiller,2024,10,7,1,2,2,5
444523,Lucas Paquetá,2018,0,0,0,0,0,0
444523,Lucas Paquetá,2019,33,14,8,11,8,6
444523,Lucas Paquetá,2020,37,24,11,2,7,17
444523,Lucas Paquetá,2021,41,21,10,10,10,11
444523,Lucas Paquetá,2022,34,14,8,12,7,7
444523,Lucas Paquetá,2023,22,8,5,9,3,5
444523,Lucas Paquetá,2024,6,3,2,1,0,3
445126,Emanuele Valeri,2022,16,2,7,7,1,1
445126,Emanuele Valeri,2023,27,7,6,14,5,2
445126,Emanuele Valeri,2024,7,0,1,6,0,0
445939,Omar Marmoush,2022,28,11,11,6,8,3
445939,Omar Marmoush,2023,20,7,5,8,2,5
445939,Omar Marmoush,2024,6,2,3,1,1,1
447052,Peru Nolaskoain,2018,7,0,3,4,0,0
447661,Douglas Luiz,2019,34,8,6,20,4,4
447661,Douglas Luiz,2020,31,12,6,13,6,6
447661,Douglas Luiz,2021,38,14,6,18,9,5
447661,Douglas Luiz,2022,39,11,8,18,4,7
447661,Douglas Luiz,2023,23,13,4,6,7,6
447661,Douglas Luiz,2024,10,4,2,4,2,2
448028,Kevin Sessa,2023,0,0,0,0,0,0
448177,Jessic Ngankam,2020,23,7,5,11,0,7
448177,Jessic Ngankam,2021,9,2,1,6,1,1
448177,Jessic Ngankam,2022,7,0,3,4,0,0
448258,Josha Vagnoman,2022,11,3,4,4,3,0
448258,Josha Vagnoman,2023,22,6,7,9,4,2
448258,Josha Vagnoman,2024,10,7,1,2,2,5
448344,Óscar Melendo,2018,32,12,7,13,6,6
448344,Óscar Melendo,2023,0,0,0,0,0,0
448628,Javi Galán,2020,17,1,9,7,1,0
448628,Javi Galán,2021,42,13,8,21,6,7
448628,Javi Galán,2022,37,12,8,17,4,8
448844,Carlos Neva,2019,16,6,3,7,3,3
448844,Carlos Neva,2020,44,23,9,12,14,9
448844,Carlos Neva,2021,39,12,10,17,6,6
448854,Emmanuel Dennis,2021,30,9,3,18,5,4
448854,Emmanuel Dennis,2022,33,3,6,21,3,0
449151,Junior Messias,2020,15,2,3,10,1,1
449151,Junior Messias,2021,32,9,2,21,4,5
449151,Junior Messias,2022,40,25,10,5,11,14
449151,Junior Messias,2023,25,10,7,8,5,5
449151,Junior Messias,2024,6,1,2,3,0,1
449496,Álvaro Aguado,2022,18,7,2,9,4,3
450050,Jean-Ricner Bellegarde,2019,20,7,3,10,4,3
450050,Jean-Ricner Bellegarde,2020,23,6,3,14,2,4
450050,Jean-Ricner Bellegarde,2021,38,13,12,13,5,8
450050,Jean-Ricner Bellegarde,2022,35,11,15,9,8,3
450050,Jean-Ricner Bellegarde,2023,14,6,3,5,1,5
450050,Jean-Ricner Bellegarde,2024,10,6,1,3,4,2
450417,Dylan Bronn,2019,19,10,6,3,5,5
450417,Dylan Bronn,2020,26,11,7,8,6,5
450417,Dylan Bronn,2021,38,8,13,17,4,4
450417,Dylan Bronn,2022,28,6,10,12,4,2
450826,Callum Wilson,2018,0,0,0,0,0,0
450826,Callum Wilson,2019,2,2,0,0,1,1
450826,Callum Wilson,2020,2,0,0,2,0,0
450826,Callum Wilson,2021,3,1,1,1,1,0
450826,Callum Wilson,2022,2,1,0,1,0,1
450826,Callum Wilson,2023,0,0,0,0,0,0
451276,Dominik Szoboszlai,2021,24,9,5,10,3,6
451276,Dominik Szoboszlai,2022,48,30,9,9,7,23
451276,Dominik Szoboszlai,2023,24,15,3,6,6,9
451276,Dominik Szoboszlai,2024,7,5,1,1,1,4
451801,Abdul Mumin,2022,33,15,8,10,10,5
451801,Abdul Mumin,2023,24,7,5,12,6,1
451801,Abdul Mumin,2024,10,1,3,6,0,1
452477,Junior Adamu,2023,2,1,0,1,1,0
452477,Junior Adamu,2024,10,4,2,4,4,0
453016,Anthony Caci,2019,26,11,7,8,6,5
453016,Anthony Caci,2021,38,14,11,13,6,8
453016,Anthony Caci,2022,36,16,11,9,10,6
453016,Anthony Caci,2023,20,7,6,7,2,5
453016,Anthony Caci,2024,8,2,1,5,1,1
453376,Joseph Okumu,2023,13,4,4,5,1,3
453376,Joseph Okumu,2024,5,1,2,2,1,0
453594,Adama Diakhaby,2018,25,8,8,9,3,5
453824,Josh Maja,2019,29,9,9,11,2,7
453824,Josh Maja,2020,25,7,9,9,3,4
453870,Benedict Hollerbach,2023,0,0,0,0,0,0
453870,Benedict Hollerbach,2024,10,4,2,4,4,0
454238,Tomás Alarcón,2021,15,1,8,6,1,0
454863,András Schäfer,2021,2,0,0,2,0,0
454863,András Schäfer,2022,29,19,3,7,11,8
454863,András Schäfer,2023,5,3,1,1,1,2
454863,András Schäfer,2024,8,2,2,4,2,0
455181,Jorge de Frutos,2020,19,7,6,6,2,5
455181,Jorge de Frutos,2021,43,7,15,21,4,3
455181,Jorge de Frutos,2023,2,1,0,1,1,0
455181,Jorge de Frutos,2024,10,1,3,6,0,1
455349,Jon Morcillo,2020,16,5,3,8,2,3
455661,Nick Woltemade,2020,28,8,7,13,5,3
455661,Nick Woltemade,2023,0,0,0,0,0,0
455661,Nick Woltemade,2024,9,4,1,4,3,1
456080,Karim Aribi,2020,9,1,1,7,1,0
456492,Faride Alidou,2023,15,3,6,6,0,3
457221,Lucas Robertone,2022,16,5,2,9,3,2
457221,Lucas Robertone,2023,22,6,6,10,4,2
457422,Samuele Mulattieri,2023,0,0,0,0,0,0
457673,Gabriel Strefezza,2019,16,4,3,9,3,1
457673,Gabriel Strefezza,2022,15,3,5,7,2,1
457673,Gabriel Strefezza,2023,22,5,6,11,4,1
457673,Gabriel Strefezza,2024,1,0,0,1,0,0
457736,Tijjani Noslin,2023,20,6,3,11,3,3
457736,Tijjani Noslin,2024,8,2,3,3,2,0
458178,Jack Taylor,2024,1,0,0,1,0,0
458777,Giacomo Quagliata,2022,31,5,11,15,2,3
459151,Nicolò Cambiaghi,2022,13,4,2,7,3,1
459151,Nicolò Cambiaghi,2023,19,6,8,5,4,2
459658,Andrea Cambiaso,2021,22,3,8,11,3,0
459658,Andrea Cambiaso,2022,27,8,9,10,6,2
459658,Andrea Cambiaso,2023,20,7,7,6,5,2
459658,Andrea Cambiaso,2024,9,2,4,3,1,1
460245,Moritz Jenz,2021,9,2,4,3,2,0
460245,Moritz Jenz,2022,40,22,5,13,8,14
460245,Moritz Jenz,2024,8,0,5,3,0,0
460651,Antoine Makoumbou,2023,0,0,0,0,0,0
460939,Tijjani Reijnders,2023,22,12,5,5,3,9
460939,Tijjani Reijnders,2024,12,8,2,2,4,4
461019,Samuele Birindelli,2022,17,7,1,9,3,4
461019,Samuele Birindelli,2023,22,9,9,4,6,3
461019,Samuele Birindelli,2024,8,5,2,1,3,2
461617,Rodrigo Riquelme,2023,21,9,4,8,5,4
461617,Rodrigo Riquelme,2024,15,7,2,6,4,3
461790,Louis Mafouta,2021,0,0,0,0,0,0
461833,Caleb Okoli,2022,15,8,3,4,4,4
461833,Caleb Okoli,2023,23,10,4,9,3,7
461883,Calvin Bassey,2023,27,15,7,5,5,10
461883,Calvin Bassey,2024,5,3,0,2,1,2
461906,João Moutinho,2018,0,0,0,0,0,0
461906,João Moutinho,2019,0,0,0,0,0,0
461906,João Moutinho,2020,0,0,0,0,0,0
461906,João Moutinho,2021,0,0,0,0,0,0
462250,João Félix,2019,37,21,9,7,7,14
462250,João Félix,2020,37,21,10,6,10,11
462250,João Félix,2021,37,16,10,11,9,7
462250,João Félix,2022,41,21,8,12,11,10
462250,João Félix,2023,22,4,5,13,1,3
462250,João Félix,2024,9,5,2,2,1,4
462348,Mostafa Mohamed,2022,35,10,12,13,6,4
462348,Mostafa Mohamed,2023,23,5,7,11,3,2
462348,Mostafa Mohamed,2024,7,2,0,5,2,0
462823,Gustav Isaksen,2023,7,1,3,3,0,1
462823,Gustav Isaksen,2024,12,4,1,7,2,2
463603,Benoît Badiashile,2018,9,2,1,6,1,1
463603,Benoît Badiashile,2019,36,11,12,13,6,5
463603,Benoît Badiashile,2020,27,11,6,10,9,2
463603,Benoît Badiashile,2021,43,27,9,7,12,15
463603,Benoît Badiashile,2022,33,20,6,7,10,10
463603,Benoît Badiashile,2023,19,4,6,9,2,2
463605,Bafodé Diakité,2019,22,5,7,10,4,1
463605,Bafodé Diakité,2022,15,8,2,5,4,4
463605,Bafodé Diakité,2023,19,9,6,4,4,5
463605,Bafodé Diakité,2024,4,1,2,1,1,0
463613,Yann Gboho,2019,14,8,0,6,5,3
463613,Yann Gboho,2020,28,9,7,12,6,3
463613,Yann Gboho,2023,17,7,6,4,3,4
463613,Yann Gboho,2024,10,4,1,5,3,1
463618,Khéphren Thuram,2020,31,10,9,9,5,5
463618,Khéphren Thuram,2021,38,18,7,13,12,6
463618,Khéphren Thuram,2022,36,15,9,12,12,3
463618,Khéphren Thuram,2023,19,8,6,5,4,4
463618,Khéphren Thuram,2024,8,2,2,4,1,1
463620,Willem Geubbels,2020,15,6,3,6,5,1
463620,Willem Geubbels,2021,18,10,3,5,5,5
464598,Casper Tengstedt,2024,9,5,3,1,3,2
465717,Jayden Bogle,2020,7,2,2,3,1,1
465717,Jayden Bogle,2023,4,2,1,1,1,1
465967,Ander Guevara,2020,38,20,8,9,9,11
465967,Ander Guevara,2023,21,11,6,4,6,5
466268,Juan Brunetta,2020,9,2,4,3,2,0
466298,Santiago Cáseres,2018,12,3,6,3,1,2
466602,Karamoko Dembélé,2022,19,6,4,9,2,4
466794,Eric García,2019,14,11,1,2,2,9
466794,Eric García,2021,44,25,8,11,9,16
466794,Eric García,2022,43,28,8,7,13,15
466794,Eric García,2024,7,2,1,4,0,2
466801,Sergi Altimira,2023,0,0,0,0,0,0
466801,Sergi Altimira,2024,8,3,2,3,1,2
466807,Adrià Altimira,2024,5,2,2,1,0,2
466810,Ansu Fati,2019,19,12,5,2,5,7
466810,Ansu Fati,2020,36,21,7,8,9,12
466810,Ansu Fati,2021,8,4,1,3,2,2
466810,Ansu Fati,2022,28,17,4,7,6,11
466810,Ansu Fati,2023,31,22,3,6,13,9
467623,Lyle Foster,2023,8,3,2,3,3,0
467632,Cristian Cásseres Jr.,2023,0,0,0,0,0,0
467632,Cristian Cásseres Jr.,2024,10,4,1,5,3,1
467720,Youssoufa Moukoko,2022,40,21,6,13,8,13
467720,Youssoufa Moukoko,2023,16,11,3,2,4,7
467720,Youssoufa Moukoko,2024,11,7,3,1,1,6
467992,Samuele Ricci,2021,20,9,3,8,4,5
467992,Samuele Ricci,2022,33,11,11,11,7,4
467992,Samuele Ricci,2023,22,8,7,7,5,3
467992,Samuele Ricci,2024,8,3,3,2,1,2
468002,Ben Johnson,2020,20,8,5,7,4,4
468002,Ben Johnson,2021,45,28,6,11,14,14
468002,Ben Johnson,2022,41,15,6,19,6,9
468002,Ben Johnson,2023,18,7,5,6,3,4
468002,Ben Johnson,2024,11,3,4,4,0,3
468066,Jens Cajuste,2021,22,12,3,7,6,6
468066,Jens Cajuste,2022,18,4,7,7,3,1
468066,Jens Cajuste,2023,21,8,7,6,4,4
468198,Joe Aribo,2022,42,15,7,17,7,8
468198,Joe Aribo,2024,1,0,0,1,0,0
469050,Nathan Collins,2021,16,1,8,7,0,1
469050,Nathan Collins,2023,24,8,5,10,5,3
469050,Nathan Collins,2024,10,2,1,7,1,1
469211,Liberato Cacace,2022,35,7,12,16,5,2
469211,Liberato Cacace,2023,23,6,8,9,4,2
469211,Liberato Cacace,2024,9,3,3,3,1,2
469669,Yvan Neyou,2020,16,4,6,6,1,3
469669,Yvan Neyou,2021,28,6,8,14,3,3
469669,Yvan Neyou,2024,0,0,0,0,0,0
469822,David Neres,2024,14,9,3,2,3,6
469949,Noah Katterbach,2019,9,4,1,4,1,3
469949,Noah Katterbach,2020,28,6,9,13,3,3
469958,Jacob Brown,2023,3,2,0,1,0,2
470607,Brennan Johnson,2022,22,6,4,10,5,1
470607,Brennan Johnson,2024,8,4,1,3,2,2
470618,Denis Genreau,2022,15,4,4,7,2,2
470618,Denis Genreau,2023,15,5,3,7,3,2
470794,Ivan Ilić,2020,17,7,5,5,2,5
470794,Ivan Ilić,2021,42,11,12,19,5,6
470794,Ivan Ilić,2022,26,8,5,13,6,2
470794,Ivan Ilić,2023,20,8,5,7,3,5
470794,Ivan Ilić,2024,6,1,3,2,0,1
470815,Niklas Tauer,2021,18,8,1,9,5,3
471474,Javi Martínez,2018,0,0,0,0,0,0
471474,Javi Martínez,2021,46,17,14,15,10,7
472249,Jan Thielmann,2019,3,3,0,0,1,2
472249,Jan Thielmann,2020,30,9,8,13,4,5
472249,Jan Thielmann,2021,33,10,10,13,5,5
472249,Jan Thielmann,2022,29,10,7,12,3,7
472249,Jan Thielmann,2023,13,5,5,3,1,4
473050,Kevin Schade,2021,18,10,4,4,6,4
473050,Kevin Schade,2022,26,14,8,4,4,10
473050,Kevin Schade,2023,21,9,6,6,3,6
473050,Kevin Schade,2024,0,0,0,0,0,0
474662,Hugo Magnetti,2019,8,2,3,3,1,1
474662,Hugo Magnetti,2020,24,10,5,9,6,4
474662,Hugo Magnetti,2021,35,9,11,15,6,3
474662,Hugo Magnetti,2022,33,10,4,19,5,5
474662,Hugo Magnetti,2023,22,8,7,7,5,3
474662,Hugo Magnetti,2024,7,2,4,1,2,0
474701,Crysencio Summerville,2022,28,8,5,14,5,3
474701,Crysencio Summerville,2024,2,1,0,1,0,1
474800,Facundo Medina,2020,14,7,3,4,4,3
474800,Facundo Medina,2021,32,12,12,8,8,4
474800,Facundo Medina,2022,31,18,8,5,14,4
474800,Facundo Medina,2023,19,12,4,3,6,6
474800,Facundo Medina,2024,8,4,1,3,1,3
475188,Kiernan Dewsbury-Hall,2021,25,9,6,10,6,3
475188,Kiernan Dewsbury-Hall,2022,38,12,8,17,3,9
475411,Wesley Fofana,2019,16,6,5,5,4,2
475411,Wesley Fofana,2021,22,13,3,6,6,7
475411,Wesley Fofana,2022,16,6,6,4,3,3
475416,Sorba Thomas,2024,0,0,0,0,0,0
476219,Bojan Miovski,2024,15,4,5,6,1,3
476237,Steven Alzate,2019,15,5,4,6,2,3
476237,Steven Alzate,2020,23,2,11,10,1,1
476237,Steven Alzate,2021,31,13,8,10,9,4
476836,Aron Dønnum,2023,16,6,6,4,0,6
477109,Bryan Lasme,2021,19,4,7,8,1,3
477758,Aaron Wan-Bissaka,2019,39,20,9,10,8,12
477758,Aaron Wan-Bissaka,2020,46,26,9,11,9,17
477758,Aaron Wan-Bissaka,2021,57,29,16,12,14,15
477758,Aaron Wan-Bissaka,2022,27,10,5,11,7,3
477758,Aaron Wan-Bissaka,2023,33,21,5,6,9,12
477758,Aaron Wan-Bissaka,2024,1,1,0,0,1,0
478573,Ryan Gravenberch,2022,41,32,5,4,8,24
478573,Ryan Gravenberch,2024,10,7,1,2,1,6
479999,Eberechi Eze,2020,17,5,4,8,2,3
479999,Eberechi Eze,2021,27,8,6,13,5,3
479999,Eberechi Eze,2022,41,16,11,13,9,7
479999,Eberechi Eze,2023,23,5,8,10,2,3
479999,Eberechi Eze,2024,4,1,1,2,1,0
480116,Lloyd Kelly,2023,17,6,1,10,5,1
480692,Luis Díaz,2021,47,31,10,6,14,17
480692,Luis Díaz,2022,43,31,7,5,13,18
480692,Luis Díaz,2023,9,7,2,0,5,2
480692,Luis Díaz,2024,15,11,2,2,2,9
480762,Lisandro Martínez,2022,34,22,3,8,13,9
480762,Lisandro Martínez,2024,3,3,0,0,1,2
480763,Juan Foyth,2018,19,13,4,2,5,8
480763,Juan Foyth,2021,48,24,10,14,9,15
480763,Juan Foyth,2022,30,14,7,9,4,10
480763,Juan Foyth,2023,23,13,3,7,5,8
480987,Chris Mepham,2019,34,9,8,17,4,5
480987,Chris Mepham,2022,19,4,4,9,2,2
481513,Koffi Kouao,2023,0,0,0,0,0,0
481834,Andrea Carboni,2021,38,8,11,19,4,4
481834,Andrea Carboni,2022,35,12,5,18,8,4
481834,Andrea Carboni,2023,6,2,3,1,1,1
484547,Jeremie Frimpong,2021,45,17,12,16,6,11
484547,Jeremie Frimpong,2022,32,12,7,13,2,10
484547,Jeremie Frimpong,2023,27,13,7,7,3,10
484547,Jeremie Frimpong,2024,11,9,2,0,6,3
484888,Ibrahim Sissoko,2024,0,0,0,0,0,0
484988,Logan Costa,2022,14,2,4,8,1,1
484988,Logan Costa,2023,22,9,5,8,4,5
485583,Ki-Jana Hoever,2024,0,0,0,0,0,0
485585,Ian Maatsen,2024,11,7,3,1,1,6
485706,Amadou Onana,2021,24,10,8,6,8,2
485706,Amadou Onana,2022,37,10,12,14,6,4
485706,Amadou Onana,2023,19,5,5,9,4,1
485706,Amadou Onana,2024,6,0,2,4,0,0
485960,Lilian Brassier,2020,9,4,2,3,2,2
485960,Lilian Brassier,2021,38,9,13,16,5,4
485960,Lilian Brassier,2022,34,10,5,19,5,5
485960,Lilian Brassier,2023,22,8,7,7,5,3
485960,Lilian Brassier,2024,7,3,3,1,2,1
485963,Pape Gueye,2020,20,9,4,7,6,3
485963,Pape Gueye,2021,45,16,17,12,7,9
485963,Pape Gueye,2022,31,19,2,10,8,11
485963,Pape Gueye,2023,20,9,5,6,4,5
485963,Pape Gueye,2024,4,3,0,1,0,3
485965,Nicolas Cozza,2021,40,15,13,12,7,8
485965,Nicolas Cozza,2024,7,2,1,4,2,0
486078,Charles,2018,0,0,0,0,0,0
486078,Charles,2019,0,0,0,0,0,0
486624,Musa Barrow,2018,43,19,12,12,5,14
486624,Musa Barrow,2019,44,24,11,9,9,15
486624,Musa Barrow,2020,36,12,9,15,8,4
486624,Musa Barrow,2021,44,14,11,19,7,7
486624,Musa Barrow,2022,31,11,10,10,8,3
487465,Pedro Neto,2021,18,6,5,7,6,0
487465,Pedro Neto,2022,22,4,5,12,3,1
487465,Pedro Neto,2023,13,6,1,6,4,2
487465,Pedro Neto,2024,10,6,1,3,4,2
487474,Francisco Conceição,2024,11,7,2,2,1,6
487688,Alberto Soro,2020,25,14,5,6,6,8
487688,Alberto Soro,2021,39,12,10,17,6,6
487843,Lorenzo Colombo,2022,16,3,6,7,2,1
487843,Lorenzo Colombo,2023,22,5,6,11,4,1
487843,Lorenzo Colombo,2024,9,5,2,2,3,2
487850,Oladapo Afolayan,2024,1,0,0,1,0,0
487969,Randal Kolo Muani,2021,39,14,11,14,6,8
487969,Randal Kolo Muani,2022,42,20,10,12,8,12
487969,Randal Kolo Muani,2024,10,6,4,0,2,4
488362,Conor Gallagher,2020,13,1,4,8,1,0
488362,Conor Gallagher,2021,38,6,14,18,1,5
488362,Conor Gallagher,2022,42,21,11,9,11,10
488362,Conor Gallagher,2023,28,5,8,15,2,3
488362,Conor Gallagher,2024,12,6,3,3,2,4
488626,Jesús Areso,2023,0,0,0,0,0,0
488656,Siriki Dembélé,2022,15,5,3,5,3,2
489611,Filippo Ranocchia,2022,16,6,1,9,2,4
489611,Filippo Ranocchia,2023,20,7,7,6,4,3
490223,Ibrahima Koné,2022,32,13,8,11,8,5
490307,Enock Mwepu,2021,16,4,7,5,2,2
490307,Enock Mwepu,2022,17,10,3,4,6,4
490384,Koni De Winter,2023,15,3,6,6,3,0
490384,Koni De Winter,2024,7,2,3,2,1,1
490417,Ibrahima Niane,2019,17,2,7,8,1,1
490417,Ibrahima Niane,2020,15,7,3,5,5,2
490417,Ibrahima Niane,2021,21,4,7,10,2,2
490417,Ibrahima Niane,2022,17,3,6,8,3,0
490417,Ibrahima Niane,2024,0,0,0,0,0,0
490426,Krépin Diatta,2020,29,15,7,7,7,8
490426,Krépin Diatta,2021,29,17,7,5,7,10
490426,Krépin Diatta,2022,23,12,4,7,5,7
490426,Krépin Diatta,2024,2,0,2,0,0,0
491296,Anass Zaroury,2023,5,3,1,1,2,1
491296,Anass Zaroury,2024,1,0,0,1,0,0
493003,Daniel Muñoz,2024,7,1,3,3,0,1
494236,Andy Pelmard,2020,23,8,4,8,3,5
494236,Andy Pelmard,2023,0,0,0,0,0,0
494880,Jorge Cuenca,2021,23,5,9,9,3,2
494880,Jorge Cuenca,2023,25,13,4,8,5,8
495621,Antonio Blanco,2023,1,0,0,1,0,0
495621,Antonio Blanco,2024,9,3,3,3,2,1
495625,Víctor Chust,2021,32,12,10,10,6,6
495625,Víctor Chust,2022,35,10,11,14,6,4
495629,Hugo Guillamón,2020,26,7,6,13,4,3
495629,Hugo Guillamón,2021,42,17,12,13,8,9
495629,Hugo Guillamón,2022,36,12,11,13,8,4
495629,Hugo Guillamón,2023,25,8,5,12,5,3
495629,Hugo Guillamón,2024,7,3,2,2,3,0
495666,William Saliba,2020,9,2,2,5,2,0
495666,William Saliba,2021,44,18,13,13,11,7
495666,William Saliba,2022,42,30,3,8,14,16
495666,William Saliba,2023,14,7,3,4,3,4
495666,William Saliba,2024,10,9,0,1,2,7
495667,Lucas Da Cunha,2021,18,10,3,5,6,4
495667,Lucas Da Cunha,2024,0,0,0,0,0,0
496094,Karim Adeyemi,2022,20,9,5,6,4,5
496094,Karim Adeyemi,2023,15,11,3,1,4,7
496094,Karim Adeyemi,2024,6,5,0,1,1,4
496706,Montassar Talbi,2022,30,11,5,14,9,2
496706,Montassar Talbi,2023,22,7,6,9,4,3
496745,Emil Holm,2022,22,5,7,10,3,2
496745,Emil Holm,2023,9,1,4,4,1,0
496857,Edon Zhegrova,2021,3,3,0,0,1,2
496857,Edon Zhegrova,2022,31,14,6,11,7,7
496857,Edon Zhegrova,2023,18,8,7,3,2,6
496857,Edon Zhegrova,2024,8,3,3,2,1,2
497291,Nicolás Domínguez,2019,0,0,0,0,0,0
497291,Nicolás Domínguez,2020,36,11,9,16,8,3
497291,Nicolás Domínguez,2021,36,14,7,15,7,7
497291,Nicolás Domínguez,2022,27,9,7,11,6,3
497291,Nicolás Domínguez,2024,11,1,3,7,0,1
500054,David Jurásek,2023,0,0,0,0,0,0
500067,Chidera Ejuke,2022,30,10,7,13,5,5
500067,Chidera Ejuke,2024,10,6,2,2,3,3
500689,Evann Guessand,2020,5,2,2,1,1,1
500689,Evann Guessand,2021,11,6,2,3,4,2
500689,Evann Guessand,2022,41,15,10,16,9,6
500689,Evann Guessand,2023,19,4,7,8,2,2
500689,Evann Guessand,2024,8,2,2,4,1,1
501418,Adrià Pedrosa,2018,3,1,0,2,1,0
501418,Adrià Pedrosa,2019,39,15,11,13,5,10
501418,Adrià Pedrosa,2021,20,8,5,7,6,2
501418,Adrià Pedrosa,2023,9,2,3,4,2,0
501418,Adrià Pedrosa,2024,10,3,3,4,3,0
502670,Khvicha Kvaratskhelia,2022,23,17,2,4,7,10
502670,Khvicha Kvaratskhelia,2023,26,16,5,5,4,12
502670,Khvicha Kvaratskhelia,2024,11,3,5,3,2,1
503075,Isak Hien,2023,20,6,7,7,4,2
503075,Isak Hien,2024,7,2,3,2,1,1
503160,Paul Nebel,2021,12,5,2,5,2,3
503160,Paul Nebel,2024,0,0,0,0,0,0
503680,Neco Williams,2022,22,5,5,10,3,2
503680,Neco Williams,2023,18,4,5,9,2,2
503680,Neco Williams,2024,12,2,3,7,0,2
503733,Anthony Gordon,2019,3,1,1,1,1,0
503733,Anthony Gordon,2021,22,8,4,10,3,5
503733,Anthony Gordon,2022,42,12,7,21,8,4
503733,Anthony Gordon,2023,19,7,5,7,1,6
503733,Anthony Gordon,2024,10,5,2,3,2,3
503743,Morgan Rogers,2023,2,1,0,1,0,1
503743,Morgan Rogers,2024,8,4,1,3,2,2
503749,Jacob Ramsey,2020,8,4,2,2,1,3
503749,Jacob Ramsey,2021,40,14,5,21,8,6
503749,Jacob Ramsey,2022,36,10,8,16,4,6
503749,Jacob Ramsey,2023,21,12,3,6,7,5
503749,Jacob Ramsey,2024,7,4,0,3,2,2
503770,Folarin Balogun,2022,19,6,8,5,4,2
503770,Folarin Balogun,2023,21,8,6,7,4,4
503770,Folarin Balogun,2024,6,3,2,1,3,0
503866,Albert Grønbaek,2024,0,0,0,0,0,0
503871,Morten Frendrup,2021,36,15,10,11,11,4
503871,Morten Frendrup,2023,1,0,0,1,0,0
503871,Morten Frendrup,2024,8,2,3,3,1,1
503881,Aster Vranckx,2021,35,12,8,15,6,6
503881,Aster Vranckx,2023,24,9,7,8,4,5
503977,Taylor Harwood-Bellis,2024,3,1,1,1,0,1
503980,Joe Gelhardt,2021,20,7,4,9,5,2
503980,Joe Gelhardt,2022,35,9,6,18,6,3
503987,Noni Madueke,2022,20,15,2,3,7,8
503987,Noni Madueke,2023,19,4,8,7,2,2
503987,Noni Madueke,2024,12,6,3,3,2,4
503991,Yunus Musah,2020,17,4,6,7,1,3
503991,Yunus Musah,2021,43,16,13,14,7,9
503991,Yunus Musah,2022,33,11,10,12,7,4
503991,Yunus Musah,2023,26,8,5,13,5,3
504148,Tariq Lamptey,2020,23,7,8,8,5,2
504148,Tariq Lamptey,2021,14,2,9,3,1,1
504148,Tariq Lamptey,2024,11,5,2,4,2,3
504153,Joe Scally,2021,19,7,4,8,3,4
504153,Joe Scally,2022,34,13,9,12,2,11
504153,Joe Scally,2023,19,5,6,8,1,4
504209,Gianluca Busio,2021,19,5,5,9,4,1
504209,Gianluca Busio,2024,0,0,0,0,0,0
504849,Kaoru Mitoma,2022,23,12,4,4,4,8
504849,Kaoru Mitoma,2023,27,15,5,7,6,9
504849,Kaoru Mitoma,2024,2,1,0,1,0,1
505194,Luke Thomas,2020,17,8,3,6,2,6
505194,Luke Thomas,2023,23,6,4,12,4,2
505219,James Garner,2022,15,6,1,7,4,2
505219,James Garner,2023,13,3,6,4,2,1
505653,Fábio Silva,2020,30,17,4,9,8,9
505653,Fábio Silva,2021,42,15,9,18,14,1
505653,Fábio Silva,2023,24,17,5,2,7,10
505653,Fábio Silva,2024,14,11,1,2,3,8
505674,Sergio Camello,2022,18,8,5,5,4,4
505674,Sergio Camello,2023,24,7,5,12,6,1
505674,Sergio Camello,2024,10,1,3,6,0,1
506009,Amine Bassi,2021,15,2,5,8,2,0
506189,Flynn Downes,2022,21,6,2,12,1,5
506189,Flynn Downes,2024,1,1,0,0,0,1
506248,Edu Expósito,2019,19,6,4,9,3,3
506248,Edu Expósito,2020,38,11,11,16,5,6
506248,Edu Expósito,2022,18,4,7,7,3,1
507341,Fabian Rieder,2023,0,0,0,0,0,0
507341,Fabian Rieder,2024,0,0,0,0,0,0
507344,Becir Omeragic,2023,0,0,0,0,0,0
507344,Becir Omeragic,2024,6,2,1,3,1,1
507345,Leonidas Stergiou,2023,0,0,0,0,0,0
507486,Simon Sohm,2020,11,2,5,4,1,1
507486,Simon Sohm,2024,0,0,0,0,0,0
507700,Brandon Williams,2019,16,8,6,2,3,5
507700,Brandon Williams,2020,39,23,7,9,7,16
507700,Brandon Williams,2021,45,19,11,15,8,11
508941,Dylan Chambost,2021,19,4,5,10,2,2
509022,Federico Gatti,2022,21,10,4,7,3,7
509022,Federico Gatti,2023,35,19,6,10,11,8
509022,Federico Gatti,2024,9,2,4,3,1,1
512352,Lasse Rosenboom,2024,0,0,0,0,0,0
512356,Jorginho,2018,0,0,0,0,0,0
512356,Jorginho,2019,0,0,0,0,0,0
512356,Jorginho,2021,0,0,0,0,0,0
512385,Luis Sinisterra,2022,24,10,5,8,2,8
512385,Luis Sinisterra,2023,13,4,4,5,1,3
512385,Luis Sinisterra,2024,11,3,4,4,1,2
513031,Antonio Sánchez,2021,18,4,7,7,2,2
513031,Antonio Sánchez,2022,40,15,5,20,11,4
513031,Antonio Sánchez,2023,24,10,4,10,6,4
513031,Antonio Sánchez,2024,12,5,3,4,5,0
513245,Jesper Lindstrøm,2021,32,15,11,6,10,5
513245,Jesper Lindstrøm,2022,43,19,10,14,11,8
513245,Jesper Lindstrøm,2024,12,3,6,3,2,1
517753,Óscar Valentín,2021,21,12,3,6,5,7
517753,Óscar Valentín,2022,40,13,11,16,9,4
517753,Óscar Valentín,2023,21,6,5,10,5,1
517753,Óscar Valentín,2024,10,1,3,6,0,1
517842,Aihen Muñoz,2020,49,22,12,14,11,11
517842,Aihen Muñoz,2022,32,19,5,8,12,7
517842,Aihen Muñoz,2023,28,14,7,7,7,7
518505,Jamie Leweling,2021,19,1,2,16,1,0
518505,Jamie Leweling,2022,35,14,10,11,11,3
518505,Jamie Leweling,2023,25,12,7,6,6,6
518505,Jamie Leweling,2024,10,7,1,2,2,5
518644,Largie Ramazani,2022,17,5,2,10,3,2
518644,Largie Ramazani,2023,22,6,6,10,4,2
520454,Nino,2020,0,0,0,0,0,0
520468,Iago,2019,12,5,3,4,2,3
520468,Iago,2020,17,4,4,9,0,4
520468,Iago,2021,25,7,7,11,4,3
520468,Iago,2023,9,2,3,4,2,0
520530,Fali Candé,2021,37,14,8,15,6,8
520530,Fali Candé,2023,0,0,0,0,0,0
520624,Bruno Guimarães,2020,24,13,7,4,4,9
520624,Bruno Guimarães,2021,42,22,10,10,10,12
520624,Bruno Guimarães,2022,37,22,7,5,12,10
520624,Bruno Guimarães,2023,20,10,5,4,4,6
520624,Bruno Guimarães,2024,10,5,2,3,2,3
520947,Santiago Arzamendia,2021,16,3,5,8,2,1
520947,Santiago Arzamendia,2022,37,10,13,14,6,4
521407,Walid Cheddira,2023,0,0,0,0,0,0
522223,Connor Metcalfe,2024,0,0,0,0,0,0
523318,Anastasios Douvikas,2023,23,10,6,7,6,4
523318,Anastasios Douvikas,2024,10,3,1,6,2,1
524010,Oier Zarraga,2021,25,8,12,5,6,2
524010,Oier Zarraga,2022,41,20,9,12,11,9
524010,Oier Zarraga,2023,27,10,6,11,5,5
524285,Luca Netz,2020,3,1,0,2,0,1
524285,Luca Netz,2021,31,10,6,15,4,6
524285,Luca Netz,2022,32,12,8,12,3,9
524285,Luca Netz,2023,18,4,6,8,0,4
524925,Modibo Sagnan,2023,20,9,6,5,5,4
524925,Modibo Sagnan,2024,8,1,3,4,0,1
525287,Carlos Vinícius,2018,13,4,3,6,3,1
525287,Carlos Vinícius,2020,37,21,8,8,8,13
525287,Carlos Vinícius,2022,27,18,3,6,7,11
525287,Carlos Vinícius,2023,26,11,4,11,5,6
525578,Pathé Ciss,2021,18,10,2,6,5,5
525578,Pathé Ciss,2022,39,11,12,16,8,3
525578,Pathé Ciss,2023,24,7,5,12,6,1
525578,Pathé Ciss,2024,7,1,2,4,0,1
525704,Nicolò Rovella,2020,24,7,5,12,3,4
525704,Nicolò Rovella,2021,40,10,14,16,6,4
525704,Nicolò Rovella,2023,17,7,5,5,4,3
525704,Nicolò Rovella,2024,3,0,1,2,0,0
526466,Elias Saad,2024,1,0,0,1,0,0
527698,Kike Pérez,2020,24,4,9,11,3,1
527698,Kike Pérez,2021,24,6,9,9,4,2
527698,Kike Pérez,2022,34,13,3,18,7,6
527698,Kike Pérez,2023,23,5,5,13,4,1
527698,Kike Pérez,2024,8,0,3,5,0,0
530902,Abdoulaye Touré,2018,0,0,0,0,0,0
530902,Abdoulaye Touré,2019,0,0,0,0,0,0
530902,Abdoulaye Touré,2020,0,0,0,0,0,0
530902,Abdoulaye Touré,2023,0,0,0,0,0,0
530902,Abdoulaye Touré,2024,0,0,0,0,0,0
531065,Oussama El Azzouzi,2023,20,12,5,3,7,5
531277,Andrés Martín,2021,21,11,3,7,5,6
531277,Andrés Martín,2022,7,3,2,2,2,1
531824,Kike Hermoso,2021,3,2,1,0,0,2
531829,Dani Escriche,2020,17,2,9,6,2,0
531949,Ignatius Ganago,2018,14,4,6,4,3,1
531949,Ignatius Ganago,2019,30,12,7,11,6,6
531949,Ignatius Ganago,2020,23,11,7,5,7,4
531949,Ignatius Ganago,2021,29,9,10,10,5,4
532040,Giuseppe Di Serio,2020,15,5,3,7,3,2
532178,Sam Greenwood,2022,32,9,7,14,6,3
532539,Lee Buchanan,2022,15,5,3,7,4,1
532776,Amine Adli,2021,22,11,4,7,4,7
532776,Amine Adli,2022,25,10,5,10,2,8
532776,Amine Adli,2023,26,13,6,7,3,10
532937,Johan Vásquez,2021,18,2,8,8,2,0
532937,Johan Vásquez,2022,36,5,15,16,4,1
532937,Johan Vásquez,2023,23,7,5,11,5,2
532937,Johan Vásquez,2024,8,3,3,2,2,1
533295,Patrick Wimmer,2021,18,3,7,8,1,2
533295,Patrick Wimmer,2022,26,8,9,9,4,4
533295,Patrick Wimmer,2023,19,7,5,7,2,5
533295,Patrick Wimmer,2024,4,0,2,2,0,0
533568,Nahuel Tenaglia,2021,0,0,0,0,0,0
533568,Nahuel Tenaglia,2023,2,1,0,1,1,0
533568,Nahuel Tenaglia,2024,8,3,2,3,2,1
533662,Cameron Archer,2024,5,1,1,3,0,1
533738,Jonathan David,2020,33,18,10,5,7,11
533738,Jonathan David,2021,48,24,14,10,16,8
533738,Jonathan David,2022,37,16,8,13,8,8
533738,Jonathan David,2023,21,10,7,4,4,6
533738,Jonathan David,2024,8,3,3,2,1,2
533916,Shandon Baptiste,2021,12,4,4,4,3,1
533916,Shandon Baptiste,2022,35,12,7,15,3,9
533916,Shandon Baptiste,2023,16,7,4,5,3,4
534033,Alexis Mac Allister,2019,0,0,0,0,0,0
534033,Alexis Mac Allister,2020,19,3,9,7,3,0
534033,Alexis Mac Allister,2021,42,13,16,13,9,4
534033,Alexis Mac Allister,2022,35,14,9,12,7,7
534033,Alexis Mac Allister,2023,26,14,5,7,5,9
534033,Alexis Mac Allister,2024,14,10,2,2,2,8
534084,Niccolò Pierozzi,2023,0,0,0,0,0,0
534379,Pejiño,2023,0,0,0,0,0,0
534700,Jamie Shackleton,2021,35,13,9,13,7,6
535834,Eliot Matazo,2020,12,4,2,6,3,1
535834,Eliot Matazo,2021,41,25,9,7,10,15
535834,Eliot Matazo,2022,41,22,8,11,9,13
535834,Eliot Matazo,2023,24,11,5,8,6,5
535955,Nuno Tavares,2021,36,20,8,8,4,16
535955,Nuno Tavares,2022,40,22,3,15,12,10
535955,Nuno Tavares,2023,17,8,4,5,5,3
535955,Nuno Tavares,2024,6,2,2,2,0,2
536030,Arnau Puigmal,2022,16,5,2,9,3,2
536482,Junior Dina Ebimbe,2020,15,2,5,8,0,2
536482,Junior Dina Ebimbe,2021,39,17,7,15,6,11
536482,Junior Dina Ebimbe,2022,35,23,5,7,7,16
536482,Junior Dina Ebimbe,2023,13,5,4,4,2,3
536508,Han-Noah Massengo,2022,3,0,0,1,0,0
536835,Amad Diallo,2023,3,1,1,1,1,0
536835,Amad Diallo,2024,10,8,0,2,5,3
537127,Théo Sainte-Luce,2022,5,3,0,2,1,2
537127,Théo Sainte-Luce,2023,6,3,1,2,1,2
537382,Bryan Gil,2018,0,0,0,0,0,0
537382,Bryan Gil,2021,35,13,6,16,8,5
537382,Bryan Gil,2022,42,19,10,12,12,7
537382,Bryan Gil,2023,33,16,6,11,6,10
537382,Bryan Gil,2024,4,1,1,2,1,0
537762,Sergio Arribas,2020,4,2,1,1,1,1
537762,Sergio Arribas,2023,8,6,0,2,1,5
538810,Chris Ramos,2022,0,0,0,0,0,0
538810,Chris Ramos,2023,17,5,5,7,2,3
538874,Terem Moffi,2020,20,6,4,10,2,4
538874,Terem Moffi,2021,39,11,13,15,9,2
538874,Terem Moffi,2022,34,13,8,13,8,5
538874,Terem Moffi,2023,19,8,6,5,4,4
538918,Sebastiano Esposito,2019,19,11,3,5,6,5
538918,Sebastiano Esposito,2024,0,0,0,0,0,0
538964,Thijs Dallinga,2022,15,4,3,8,2,2
538964,Thijs Dallinga,2023,22,9,5,8,4,5
538964,Thijs Dallinga,2024,10,4,1,5,3,1
538971,Naouirou Ahamada,2023,13,1,7,5,0,1
538974,Janis Antiste,2021,17,4,2,11,4,0
538974,Janis Antiste,2022,30,9,4,17,7,2
538977,Georginio Rutter,2021,35,14,12,9,5,9
538977,Georginio Rutter,2024,2,1,1,0,0,1
538996,Tanguy Nianzou,2019,9,7,0,2,1,6
538996,Tanguy Nianzou,2021,31,25,2,4,8,17
538996,Tanguy Nianzou,2022,39,18,12,9,5,13
539065,Alexis Beka Beka,2022,29,9,10,10,8,1
539134,Daniel Maldini,2021,35,21,5,9,8,13
539134,Daniel Maldini,2022,26,12,7,7,6,6
539134,Daniel Maldini,2023,19,2,8,9,2,0
539134,Daniel Maldini,2024,9,5,2,2,3,2
539232,Jessy Deminguet,2018,33,5,13,15,3,2
539232,Jessy Deminguet,2023,0,0,0,0,0,0
540536,Carlos Vicente,2023,0,0,0,0,0,0
540536,Carlos Vicente,2024,8,3,3,2,2,1
540664,Dilane Bakwa,2020,10,2,2,6,1,1
540664,Dilane Bakwa,2021,10,2,1,7,1,1
540664,Dilane Bakwa,2023,0,0,0,0,0,0
540664,Dilane Bakwa,2024,7,1,2,4,0,1
541231,Sepp van den Berg,2022,9,2,3,4,0,2
541231,Sepp van den Berg,2023,6,2,1,3,2,0
541231,Sepp van den Berg,2024,9,2,2,5,1,1
543382,Mohamed Camara,2022,20,10,4,6,4,6
543382,Mohamed Camara,2023,20,11,2,7,6,5
543387,Cheick Doucouré,2020,15,8,3,4,5,3
543387,Cheick Doucouré,2021,36,11,14,11,6,5
543387,Cheick Doucouré,2022,33,14,9,9,8,6
543387,Cheick Doucouré,2023,22,5,8,9,2,3
543499,Mohammed Kudus,2023,21,12,6,3,5,7
543499,Mohammed Kudus,2024,10,3,3,4,0,3
543537,Seydouba Cissé,2024,0,0,0,0,0,0
543771,Kristjan Asllani,2021,17,6,3,8,2,4
543771,Kristjan Asllani,2023,36,22,6,8,12,10
544106,Óscar Gil,2021,13,5,4,4,3,2
544106,Óscar Gil,2022,28,8,9,11,5,3
544149,David Zima,2021,27,9,8,10,6,3
544149,David Zima,2022,31,11,8,12,7,4
545520,Kelyan Guessoum,2020,9,2,2,5,0,2
545538,Lameck Banda,2022,15,3,6,6,2,1
545538,Lameck Banda,2023,22,5,5,12,4,1
545538,Lameck Banda,2024,6,1,1,4,1,0
545647,Sergio Carreira,2020,15,6,4,5,1,5
546212,Diego Costa,2018,0,0,0,0,0,0
546212,Diego Costa,2019,0,0,0,0,0,0
546212,Diego Costa,2020,0,0,0,0,0,0
546212,Diego Costa,2022,0,0,0,0,0,0
546213,Tuta,2021,40,21,9,10,10,11
546213,Tuta,2022,46,19,12,15,10,9
546213,Tuta,2023,22,7,7,8,2,5
546213,Tuta,2024,8,3,3,2,2,1
546543,Darwin Núñez,2022,40,22,10,6,9,13
546543,Darwin Núñez,2023,21,10,4,7,5,5
546543,Darwin Núñez,2024,12,8,2,2,1,7
546880,Brandon Soppy,2020,19,7,5,7,4,3
546880,Brandon Soppy,2021,34,10,13,11,5,5
546926,Jay Idzes,2024,0,0,0,0,0,0
547985,Fabiano Parisi,2021,19,9,3,7,5,4
547985,Fabiano Parisi,2022,31,6,12,13,5,1
547985,Fabiano Parisi,2023,20,6,5,9,4,2
547985,Fabiano Parisi,2024,7,1,3,3,1,0
548348,Kiliann Sildillia,2023,21,8,5,8,4,4
548470,Teden Mengi,2023,0,0,0,0,0,0
548650,Osman Bukari,2021,27,10,8,9,4,6
548716,Yoël Armougom,2018,28,5,10,13,2,3
550108,Nicola Zalewski,2021,21,13,2,6,5,8
550108,Nicola Zalewski,2022,39,18,11,10,11,7
550108,Nicola Zalewski,2023,34,15,8,11,7,8
550116,Ilario Monterisi,2023,0,0,0,0,0,0
550495,Fernando,2019,5,4,0,1,2,2
550495,Fernando,2020,18,9,5,4,1,8
550495,Fernando,2021,29,17,3,9,5,12
550550,Gonçalo Ramos,2023,22,16,3,3,4,12
550580,Shuto Machino,2024,0,0,0,0,0,0
551752,Demba Seck,2022,30,11,8,11,7,4
551752,Demba Seck,2023,25,9,8,8,6,3
552425,Jon Moncayola,2019,17,4,8,5,2,2
552425,Jon Moncayola,2020,33,10,9,14,6,4
552425,Jon Moncayola,2021,41,13,13,15,9,4
552425,Jon Moncayola,2022,38,16,6,16,8,8
552425,Jon Moncayola,2023,28,12,7,9,9,3
552425,Jon Moncayola,2024,11,4,2,5,3,1
552472,Nahuel Estévez,2020,12,3,4,5,0,3
552912,Bruno Méndez,2023,0,0,0,0,0,0
553285,Tim Lemperle,2021,11,6,2,3,3,3
553875,Pedro Porro,2018,11,3,5,3,2,1
553875,Pedro Porro,2022,35,24,4,7,3,21
553875,Pedro Porro,2023,25,9,5,11,5,4
553875,Pedro Porro,2024,6,3,1,2,2,1
553905,Kerim Calhanoglu,2020,2,0,0,2,0,0
554251,Yasser Larouci,2021,1,0,0,1,0,0
554251,Yasser Larouci,2022,30,7,12,11,2,5
554251,Yasser Larouci,2023,20,1,6,13,1,0
555076,Romain Faivre,2020,17,7,2,8,4,3
555076,Romain Faivre,2021,37,10,12,15,6,4
555076,Romain Faivre,2022,33,14,6,13,7,7
555076,Romain Faivre,2024,8,2,3,3,1,1
555143,Arsen Zakharyan,2023,14,6,2,6,4,2
556385,Destiny Udogie,2021,37,10,12,15,4,6
556385,Destiny Udogie,2022,33,13,10,10,5,8
556385,Destiny Udogie,2023,22,5,7,10,2,3
556385,Destiny Udogie,2024,7,4,1,2,2,2
557610,Isaac Lihadji,2020,22,12,8,2,6,6
557610,Isaac Lihadji,2021,40,20,10,10,15,5
557613,Quentin Merlin,2021,23,11,5,7,5,6
557613,Quentin Merlin,2022,39,12,12,15,5,7
557613,Quentin Merlin,2023,11,2,4,5,2,0
557613,Quentin Merlin,2024,11,5,2,4,0,5
557939,Neto Borges,2022,30,8,9,13,4,4
557939,Neto Borges,2023,20,10,4,6,8,2
559328,Emanuel Emegha,2023,0,0,0,0,0,0
559328,Emanuel Emegha,2024,8,1,2,5,0,1
559794,Jack Clarke,2024,0,0,0,0,0,0
559979,Abdel Abqar,2023,2,1,0,1,1,0
559979,Abdel Abqar,2024,7,1,3,3,1,0
560483,Randy Nteka,2021,19,10,2,7,5,5
560483,Randy Nteka,2023,20,6,4,10,5,1
560483,Randy Nteka,2024,7,1,2,4,0,1
560593,Hicham Boudaoui,2019,10,4,1,5,1,3
560593,Hicham Boudaoui,2020,18,4,5,7,2,2
560593,Hicham Boudaoui,2021,33,15,5,13,10,5
560593,Hicham Boudaoui,2022,27,14,6,7,11,3
560593,Hicham Boudaoui,2023,20,10,6,4,5,5
560593,Hicham Boudaoui,2024,6,1,2,3,1,0
560694,Lewis O'Brien,2022,17,4,3,8,4,0
560725,Abdoul Kader Bamba,2019,18,9,2,7,9,0
560725,Abdoul Kader Bamba,2020,25,5,7,13,1,4
560725,Abdoul Kader Bamba,2022,17,4,5,8,1,3
560725,Abdoul Kader Bamba,2023,2,1,1,0,1,0
562049,Edoardo Bove,2021,17,11,2,4,4,7
562049,Edoardo Bove,2022,42,20,11,11,12,8
562049,Edoardo Bove,2023,34,15,8,11,7,8
562049,Edoardo Bove,2024,12,8,2,2,4,4
563812,Christian Oliva,2019,35,16,7,12,10,6
563963,Mohammed Salisu,2019,20,4,8,8,1,3
563963,Mohammed Salisu,2020,24,7,10,7,5,2
563963,Mohammed Salisu,2021,38,10,11,17,5,5
563963,Mohammed Salisu,2022,40,9,7,21,6,3
563963,Mohammed Salisu,2023,12,4,2,5,4,0
563963,Mohammed Salisu,2024,5,2,2,1,2,0
564545,Edmond Tapsoba,2020,45,27,6,10,10,17
564545,Edmond Tapsoba,2021,39,12,10,17,5,7
564545,Edmond Tapsoba,2022,37,14,7,16,3,11
564545,Edmond Tapsoba,2023,26,12,7,7,3,9
564545,Edmond Tapsoba,2024,10,9,1,0,5,4
564785,Kristian Thorstvedt,2022,26,9,5,12,3,6
564785,Kristian Thorstvedt,2023,22,8,5,9,7,1
565822,Harvey Elliott,2021,5,3,1,1,0,3
565822,Harvey Elliott,2022,43,29,5,7,13,16
565822,Harvey Elliott,2023,26,12,6,8,6,6
566574,Kirian Rodríguez,2023,0,0,0,0,0,0
566574,Kirian Rodríguez,2024,9,2,3,4,0,2
566823,Achraf Dari,2022,12,1,3,8,0,1
566931,Xavi Simons,2023,27,19,6,2,9,10
566931,Xavi Simons,2024,10,5,2,3,0,5
567129,Josh Doig,2022,29,5,8,16,3,2
567129,Josh Doig,2023,18,6,5,7,4,2
567309,Naatan Skyttä,2023,8,3,2,3,2,1
567576,Elliot Anderson,2022,18,7,7,2,2,5
567576,Elliot Anderson,2023,22,9,7,5,3,6
567576,Elliot Anderson,2024,4,2,0,2,1,1
568005,Jeremy Sarmiento,2022,19,6,5,6,4,2
568149,Alberto Moreno,2019,0,0,0,0,0,0
568149,Alberto Moreno,2021,0,0,0,0,0,0
568149,Alberto Moreno,2022,9,3,3,3,1,2
568149,Alberto Moreno,2023,2,1,1,0,0,1
568149,Alberto Moreno,2024,0,0,0,0,0,0
568158,Javi López,2018,0,0,0,0,0,0
568158,Javi López,2020,20,6,5,9,3,3
568158,Javi López,2023,2,1,0,1,1,0
568177,Cole Palmer,2021,25,19,2,4,7,12
568177,Cole Palmer,2022,33,21,6,4,5,16
568177,Cole Palmer,2024,12,6,3,3,2,4
568333,Adam Obert,2023,0,0,0,0,0,0
568333,Adam Obert,2024,9,2,2,5,1,1
568535,Theo Corbeanu,2023,0,0,0,0,0,0
568559,Radu Drăgușin,2024,8,4,1,3,2,2
568693,Pape Matar Sarr,2021,39,9,12,18,5,4
568693,Pape Matar Sarr,2023,24,8,4,12,3,5
568693,Pape Matar Sarr,2024,6,3,1,2,1,2
568698,Issa Soumaré,2023,0,0,0,0,0,0
568698,Issa Soumaré,2024,0,0,0,0,0,0
568701,Lamine Gueye,2020,10,3,4,3,1,2
568701,Lamine Gueye,2021,38,8,13,17,5,3
568702,Papa Ndiaga Yade,2020,23,10,6,7,5,5
568702,Papa Ndiaga Yade,2022,28,6,9,13,3,3
568835,Pablo Martínez,2021,18,1,8,9,0,1
569031,Umut Tohumcu,2023,16,5,1,10,1,4
569033,Armindo Sieb,2024,0,0,0,0,0,0
569140,Lassine Sinayoko,2022,15,2,4,9,2,0
569140,Lassine Sinayoko,2024,0,0,0,0,0,0
569366,Enzo Millot,2020,12,5,3,4,5,0
569366,Enzo Millot,2022,24,6,10,8,4,2
569366,Enzo Millot,2023,19,6,7,6,4,2
569366,Enzo Millot,2024,10,7,1,2,2,5
569385,Adil Aouchiche,2020,18,4,7,7,1,3
569385,Adil Aouchiche,2021,37,8,10,19,5,3
569385,Adil Aouchiche,2022,26,7,7,12,5,2
569387,Valentin Gendrey,2023,23,5,6,12,4,1
569388,Clément Vidal,2022,14,3,2,9,2,1
569389,Sofiane Diop,2018,23,3,5,15,1,2
569389,Sofiane Diop,2020,17,8,3,6,6,2
569389,Sofiane Diop,2021,43,25,11,7,9,16
569389,Sofiane Diop,2023,14,8,4,2,3,5
569389,Sofiane Diop,2024,1,1,0,0,1,0
569390,Julien Ponceau,2022,15,7,4,4,5,2
569390,Julien Ponceau,2023,22,7,6,9,4,3
569598,Youssouf Fofana,2018,11,4,4,3,1,3
569598,Youssouf Fofana,2019,30,12,9,9,6,6
569598,Youssouf Fofana,2020,24,11,4,9,8,3
569598,Youssouf Fofana,2021,47,28,11,8,11,17
569598,Youssouf Fofana,2022,42,24,9,9,11,13
569598,Youssouf Fofana,2023,23,11,4,8,6,5
569598,Youssouf Fofana,2024,8,3,4,1,3,0
571020,Oihan Sancet,2019,9,5,2,2,3,2
571020,Oihan Sancet,2020,30,11,5,14,5,6
571020,Oihan Sancet,2021,42,15,17,10,12,3
571020,Oihan Sancet,2022,34,16,8,10,8,8
571020,Oihan Sancet,2023,26,10,5,11,5,5
571020,Oihan Sancet,2024,12,7,3,2,2,5
571604,Giorgio Scalvini,2021,22,11,8,3,7,4
571604,Giorgio Scalvini,2022,41,17,10,14,8,9
571604,Giorgio Scalvini,2023,23,12,3,8,4,8
571607,Fabio Miretti,2022,37,20,6,11,9,11
571607,Fabio Miretti,2023,29,14,5,10,9,5
571607,Fabio Miretti,2024,9,2,4,3,1,1
571743,Armando Broja,2021,39,15,13,11,10,5
571743,Armando Broja,2022,41,18,8,14,10,8
572265,Lorenzo Lucca,2023,27,15,7,5,5,10
572265,Lorenzo Lucca,2024,9,2,3,4,2,0
572326,Christopher Wooh,2021,19,7,6,6,3,4
572326,Christopher Wooh,2023,16,7,2,7,3,4
572326,Christopher Wooh,2024,9,5,2,2,3,2
573775,Hugo Duro,2022,35,12,11,12,8,4
573775,Hugo Duro,2023,25,7,5,13,5,2
573775,Hugo Duro,2024,8,3,2,3,3,0
573907,Luiz Felipe,2018,17,6,8,3,2,4
573907,Luiz Felipe,2019,4,1,0,3,0,1
573907,Luiz Felipe,2021,14,1,5,8,1,0
573907,Luiz Felipe,2022,33,7,11,15,4,3
574495,Kristoffer Askildsen,2022,29,7,7,15,3,4
574671,Strahinja Pavlović,2021,35,16,8,11,7,9
574671,Strahinja Pavlović,2024,0,0,0,0,0,0
575693,Ibrahim Cissoko,2023,22,6,7,9,1,5
575998,Leonardo Balerdi,2020,38,21,4,13,9,12
575998,Leonardo Balerdi,2023,20,11,3,6,5,6
576121,Josh Wilson-Esbrand,2023,0,0,0,0,0,0
576314,Jan Paul van Hecke,2023,27,15,5,7,6,9
576314,Jan Paul van Hecke,2024,12,5,2,5,2,3
577486,Gastón Álvarez,2022,31,8,13,10,4,4
577486,Gastón Álvarez,2023,23,6,6,11,5,1
578539,Chris Richards,2023,20,3,7,10,1,2
578872,Jean Lucas,2019,20,8,5,7,2,6
578872,Jean Lucas,2021,45,14,15,16,7,7
578872,Jean Lucas,2022,41,21,10,10,10,11
579263,Augustine Boakye,2024,0,0,0,0,0,0
579928,Sebastian Nanasi,2024,0,0,0,0,0,0
580195,Jamal Musiala,2020,26,21,4,1,9,12
580195,Jamal Musiala,2021,53,41,4,8,13,28
580195,Jamal Musiala,2022,40,28,8,4,4,24
580195,Jamal Musiala,2023,25,14,5,6,5,9
580195,Jamal Musiala,2024,12,7,1,4,3,4
580560,Jon Pacheco,2023,22,12,5,5,6,6
580657,Osame Sahraoui,2024,9,3,2,4,1,2
581357,Jan Schöppner,2023,0,0,0,0,0,0
581357,Jan Schöppner,2024,9,1,5,3,1,0
581672,Samuel Iling-Junior,2022,7,3,1,3,2,1
581672,Samuel Iling-Junior,2023,31,17,5,9,9,8
581672,Samuel Iling-Junior,2024,9,2,4,3,1,1
581678,Jude Bellingham,2020,24,14,3,7,3,11
581678,Jude Bellingham,2021,50,30,5,15,10,20
581678,Jude Bellingham,2022,43,23,7,13,10,13
581678,Jude Bellingham,2023,21,14,4,3,6,8
581678,Jude Bellingham,2024,6,3,3,0,1,2
581781,Enzo Loiodice,2018,16,5,3,8,2,3
581781,Enzo Loiodice,2019,19,4,4,11,2,2
581781,Enzo Loiodice,2023,0,0,0,0,0,0
583189,Anthony Elanga,2021,13,8,2,3,5,3
583189,Anthony Elanga,2022,48,23,9,14,14,9
583189,Anthony Elanga,2023,24,14,5,4,4,10
583189,Anthony Elanga,2024,10,2,2,6,0,2
583255,Antoine Semenyo,2022,3,0,0,1,0,0
583255,Antoine Semenyo,2023,17,8,2,7,7,1
583255,Antoine Semenyo,2024,10,3,4,3,1,2
584769,Dwight McNeil,2019,40,15,7,18,7,8
584769,Dwight McNeil,2020,32,11,10,11,8,3
584769,Dwight McNeil,2021,41,8,13,20,3,5
584769,Dwight McNeil,2022,41,9,12,18,6,3
584769,Dwight McNeil,2023,22,5,6,11,4,1
584769,Dwight McNeil,2024,8,0,4,4,0,0
585700,Juan Cruz,2022,8,2,3,3,0,2
585700,Juan Cruz,2024,2,1,0,1,1,0
585949,Pierre Kalulu,2020,21,15,5,1,8,7
585949,Pierre Kalulu,2021,55,29,10,16,12,17
585949,Pierre Kalulu,2022,44,28,10,6,12,16
585959,Arnaud Kalimuendo,2022,35,21,10,4,12,9
585959,Arnaud Kalimuendo,2023,21,10,2,9,4,6
585959,Arnaud Kalimuendo,2024,9,5,2,2,4,1
585973,Johann Lepenant,2022,14,6,3,5,4,2
585973,Johann Lepenant,2023,22,11,5,6,5,6
585973,Johann Lepenant,2024,1,1,0,0,1,0
585982,Carlos Augusto,2022,15,6,1,8,2,4
585982,Carlos Augusto,2023,22,8,9,5,5,3
585982,Carlos Augusto,2024,11,11,0,0,6,5
586853,Vitinha,2020,2,2,0,0,0,2
586853,Vitinha,2022,46,29,5,12,18,11
586853,Vitinha,2023,20,11,3,6,7,4
586853,Vitinha,2024,8,1,4,3,0,1
587458,Kevin Agudelo,2020,36,11,11,14,2,9
587458,Kevin Agudelo,2021,34,9,8,17,6,3
587458,Kevin Agudelo,2022,35,10,6,19,7,3
588426,Saúl Coco,2023,0,0,0,0,0,0
588426,Saúl Coco,2024,6,1,3,2,0,1
589737,Kelvin Yeboah,2021,7,2,1,4,0,2
589737,Kelvin Yeboah,2022,20,5,7,8,5,0
589737,Kelvin Yeboah,2023,15,5,2,8,5,0
590690,Víctor García,2019,1,1,0,0,0,1
591193,Niels Nkounkou,2023,1,0,1,0,0,0
591914,Warren Tchimbembé,2020,16,6,5,5,2,4
591916,Aitor Paredes,2022,17,9,4,4,4,5
591916,Aitor Paredes,2023,28,10,6,12,5,5
591916,Aitor Paredes,2024,11,6,3,2,2,4
591949,Aaron Hickey,2021,30,12,7,11,7,5
591949,Aaron Hickey,2022,27,6,10,10,3,3
591949,Aaron Hickey,2023,19,8,6,5,3,5
592534,Nicolai Remberg,2024,0,0,0,0,0,0
592735,Gonzalo Plata,2022,13,6,0,7,4,2
592979,Himad Abdelli,2022,14,2,1,11,2,0
592979,Himad Abdelli,2024,0,0,0,0,0,0
594997,Yohann Magnin,2021,4,1,1,2,1,0
594997,Yohann Magnin,2022,36,10,8,18,6,4
594997,Yohann Magnin,2023,22,12,4,6,10,2
595809,Beto,2021,45,14,13,18,6,8
595809,Beto,2022,30,11,10,9,6,5
595809,Beto,2024,8,0,4,4,0,0
596122,Pep Chavarría,2023,24,7,5,12,6,1
596122,Pep Chavarría,2024,8,1,1,6,0,1
596153,Justin Njinmah,2023,2,1,1,0,0,1
596153,Justin Njinmah,2024,9,4,1,4,3,1
596240,Senou Coulibaly,2018,5,1,1,3,1,0
596240,Senou Coulibaly,2020,16,4,6,6,1,3
596446,Leif Davis,2024,1,0,0,1,0,0
596813,Dickson Abiama,2021,17,1,2,14,1,0
596881,Florian Flick,2020,0,0,0,0,0,0
596881,Florian Flick,2022,17,3,3,11,1,2
597000,Eric Martel,2022,18,5,5,8,2,3
597000,Eric Martel,2023,18,5,7,6,0,5
597432,Leopold Querfeld,2024,0,0,0,0,0,0
597659,Charlie Cresswell,2024,3,1,1,1,0,1
598577,Florian Wirtz,2020,31,17,5,7,5,12
598577,Florian Wirtz,2021,41,16,8,17,6,10
598577,Florian Wirtz,2022,10,5,2,3,1,4
598577,Florian Wirtz,2023,25,11,7,7,2,9
598577,Florian Wirtz,2024,12,10,2,0,6,4
598765,Brian Ocampo,2022,13,2,6,5,2,0
598765,Brian Ocampo,2023,7,3,1,3,1,2
602124,Alessandro Bianco,2022,17,6,4,7,4,2
605184,Jean-Clair Todibo,2020,13,2,4,7,1,1
605184,Jean-Clair Todibo,2021,37,18,7,12,11,7
605184,Jean-Clair Todibo,2022,34,16,8,10,12,4
605184,Jean-Clair Todibo,2023,20,8,7,5,4,4
605268,Igor Matanovic,2024,0,0,0,0,0,0
605893,Lucas Ribeiro,2019,7,4,1,2,3,1
606119,Phil Harres,2024,0,0,0,0,0,0
606450,Gaoussou Traoré,2018,8,3,0,5,3,0
607034,Akor Adams,2023,0,0,0,0,0,0
607034,Akor Adams,2024,7,2,2,3,1,1
607226,Loum Tchaouna,2021,14,7,2,5,1,6
607226,Loum Tchaouna,2023,0,0,0,0,0,0
607226,Loum Tchaouna,2024,9,0,2,7,0,0
607854,Éderson,2021,0,0,0,0,0,0
607854,Éderson,2022,29,11,10,8,8,3
607854,Éderson,2023,25,12,4,9,4,8
607854,Éderson,2024,9,4,3,2,1,3
608175,Alfie Doughty,2023,4,1,2,1,1,0
609556,William Osula,2023,0,0,0,0,0,0
610431,Wahid Faghir,2021,28,4,7,17,2,2
610849,Liam Delap,2024,0,0,0,0,0,0
613393,Gaetano Oristanio,2023,16,7,3,6,4,3
613393,Gaetano Oristanio,2024,4,2,1,1,1,1
614258,Levi Colwill,2023,18,10,3,5,2,8
614258,Levi Colwill,2024,6,3,2,1,1,2
614742,Drissa Camara,2024,0,0,0,0,0,0
615350,Cenk Özkacar,2022,24,6,7,11,2,4
615350,Cenk Özkacar,2023,27,8,5,14,5,3
616341,Nuno Mendes,2021,44,30,11,3,15,15
616341,Nuno Mendes,2022,39,29,6,4,10,19
616341,Nuno Mendes,2023,14,8,0,6,3,5
616341,Nuno Mendes,2024,5,2,3,0,1,1
616344,Tiago Tomás,2021,41,32,6,3,17,15
616344,Tiago Tomás,2022,34,11,10,13,8,3
616344,Tiago Tomás,2023,17,4,7,6,3,1
616344,Tiago Tomás,2024,5,0,2,3,0,0
616369,Ander Barrenetxea,2019,23,11,6,6,6,5
616369,Ander Barrenetxea,2020,40,18,12,10,9,9
616369,Ander Barrenetxea,2021,42,15,12,15,8,7
616369,Ander Barrenetxea,2022,8,5,2,1,5,0
616369,Ander Barrenetxea,2023,27,14,6,7,7,7
616369,Ander Barrenetxea,2024,8,2,2,4,1,1
617021,Ben Old,2024,0,0,0,0,0,0
617074,Ilaix Moriba,2020,0,0,0,0,0,0
617074,Ilaix Moriba,2021,42,25,7,10,10,15
617074,Ilaix Moriba,2022,25,8,9,8,5,3
617074,Ilaix Moriba,2023,25,6,5,14,4,2
617074,Ilaix Moriba,2024,6,2,2,2,2,0
618425,Tanguy Coulibaly,2020,15,6,6,3,3,3
618425,Tanguy Coulibaly,2021,35,9,8,18,3,6
618425,Tanguy Coulibaly,2022,21,7,6,8,5,2
618425,Tanguy Coulibaly,2023,18,5,5,8,3,2
618425,Tanguy Coulibaly,2024,8,2,2,4,1,1
618472,Castello Lukeba,2021,18,7,8,3,1,6
618472,Castello Lukeba,2022,38,18,9,11,11,7
618472,Castello Lukeba,2023,20,9,5,6,4,5
618813,Carlos Martín,2024,0,0,0,0,0,0
620313,Lucas Gourna-Douath,2020,18,4,6,8,1,3
620313,Lucas Gourna-Douath,2021,38,9,9,20,6,3
620477,Kaio Jorge,2021,14,8,3,3,3,5
620477,Kaio Jorge,2023,0,0,0,0,0,0
620598,Ameen Al-Dakhil,2023,5,2,2,1,2,0
621193,Kasey McAteer,2024,1,1,0,0,0,1
623040,Yayah Kallon,2021,17,4,6,7,4,0
623040,Yayah Kallon,2022,21,3,6,12,3,0
623521,Juanmi Latasa,2022,18,8,6,4,4,4
623521,Juanmi Latasa,2023,23,6,7,10,5,1
623521,Juanmi Latasa,2024,9,3,3,3,2,1
623570,Iliman Ndiaye,2023,6,4,1,1,2,2
623570,Iliman Ndiaye,2024,11,5,2,4,0,5
624037,Joris Chotard,2019,17,6,5,6,2,4
624037,Joris Chotard,2020,24,12,3,9,8,4
624037,Joris Chotard,2021,39,15,12,12,7,8
624037,Joris Chotard,2022,33,8,4,21,4,4
624037,Joris Chotard,2023,22,10,3,9,4,6
624037,Joris Chotard,2024,7,2,2,3,1,1
624258,Conor Bradley,2023,0,0,0,0,0,0
624258,Conor Bradley,2024,13,10,2,1,2,8
625047,Beñat Prados,2023,0,0,0,0,0,0
625047,Beñat Prados,2024,12,7,3,2,2,5
626913,Boulaye Dia,2019,30,12,12,6,6,6
626913,Boulaye Dia,2020,26,7,9,10,4,3
626913,Boulaye Dia,2021,44,14,18,12,6,8
626913,Boulaye Dia,2022,32,13,8,11,4,9
626913,Boulaye Dia,2023,20,4,10,6,2,2
626913,Boulaye Dia,2024,5,0,2,3,0,0
627224,Gabriel Silva,2018,0,0,0,0,0,0
627228,Yan Couto,2022,36,14,10,12,11,3
627228,Yan Couto,2023,16,6,4,6,3,3
627228,Yan Couto,2024,9,4,1,4,1,3
627248,Lewis Dobbin,2023,2,1,0,1,0,1
627626,Wilfried Gnonto,2022,15,6,3,5,4,2
628366,Lucas Beltrán,2023,0,0,0,0,0,0
628366,Lucas Beltrán,2024,7,2,2,3,1,1
628451,Roméo Lavia,2022,21,8,4,8,4,4
631007,Filippo Terracciano,2022,19,2,3,14,2,0
631007,Filippo Terracciano,2024,13,9,2,2,5,4
631221,Isma Ruiz,2021,19,7,4,8,4,3
632349,Jarell Quansah,2023,0,0,0,0,0,0
632741,Iker Losada,2024,0,0,0,0,0,0
633454,Alexander Bernhardsson,2024,0,0,0,0,0,0
633530,Jordan Zemura,2023,9,1,2,6,1,0
633530,Jordan Zemura,2024,9,2,3,4,2,0
633668,Giovanni Fabbian,2023,0,0,0,0,0,0
633668,Giovanni Fabbian,2024,9,7,1,1,3,4
633992,Enzo Le Fée,2020,17,3,3,11,0,3
633992,Enzo Le Fée,2021,39,10,13,16,8,2
633992,Enzo Le Fée,2022,34,13,9,12,8,5
633992,Enzo Le Fée,2024,2,2,0,0,2,0
634105,Alberto Marí,2023,11,6,3,2,5,1
634131,Aimar Oroz,2022,15,8,2,5,4,4
634131,Aimar Oroz,2023,26,12,5,9,9,3
634131,Aimar Oroz,2024,10,4,2,4,3,1
634431,Beñat Turrientes,2021,25,10,9,6,5,5
634431,Beñat Turrientes,2023,22,9,7,6,5,4
634431,Beñat Turrientes,2024,14,6,3,5,4,2
635346,Diego Moreno,2022,3,2,0,1,0,2
636688,Alejandro Balde,2022,29,15,6,8,5,10
636688,Alejandro Balde,2023,31,22,3,6,13,9
636688,Alejandro Balde,2024,2,1,0,1,0,1
638589,Ángel Algobia,2022,18,6,5,7,3,3
638793,Tajon Buchanan,2023,15,4,6,5,0,4
640428,Eduardo Camavinga,2019,36,14,11,11,8,6
640428,Eduardo Camavinga,2020,28,13,6,9,8,5
640428,Eduardo Camavinga,2022,52,37,7,8,13,24
640428,Eduardo Camavinga,2023,38,24,5,9,8,16
641537,Tommaso Baldanzi,2022,15,3,5,7,3,0
641537,Tommaso Baldanzi,2023,20,5,7,8,4,1
641537,Tommaso Baldanzi,2024,13,8,3,2,2,6
643574,Kaishu Sano,2024,0,0,0,0,0,0
644401,Keane Lewis-Potter,2023,7,3,3,1,0,3
644401,Keane Lewis-Potter,2024,10,2,1,7,1,1
644563,Bryan Soumaré,2019,16,4,5,7,4,0
644676,Bruno Amione,2023,22,2,7,13,1,1
644771,Odilon Kossounou,2021,41,25,6,10,10,15
644771,Odilon Kossounou,2023,23,13,4,6,3,10
644771,Odilon Kossounou,2024,7,6,1,0,4,2
645774,Eren Dinkçi,2023,18,4,3,11,1,3
645774,Eren Dinkçi,2024,9,1,5,3,1,0
646402,Abner,2022,0,0,0,0,0,0
646402,Abner,2024,4,1,1,2,1,0
646658,Aaron Ramsey,2018,0,0,0,0,0,0
646658,Aaron Ramsey,2019,0,0,0,0,0,0
646658,Aaron Ramsey,2020,0,0,0,0,0,0
646658,Aaron Ramsey,2022,2,0,0,0,0,0
646658,Aaron Ramsey,2023,0,0,0,0,0,0
646733,Jim Allevinah,2021,16,3,4,9,1,2
646733,Jim Allevinah,2022,29,8,7,14,5,3
646733,Jim Allevinah,2023,22,12,4,6,10,2
646733,Jim Allevinah,2024,8,1,3,4,1,0
646740,Gavi,2021,24,9,8,7,5,4
646740,Gavi,2022,46,28,8,10,11,17
646740,Gavi,2023,29,21,3,5,12,9
646750,Cristhian Mosquera,2023,22,7,2,13,4,3
646750,Cristhian Mosquera,2024,8,3,2,3,3,0
648046,Evan Ferguson,2022,23,8,4,8,3,5
648046,Evan Ferguson,2023,21,12,4,5,4,8
648046,Evan Ferguson,2024,11,5,2,4,2,3
648195,Enzo Fernández,2022,22,18,3,1,6,12
648195,Enzo Fernández,2023,25,6,7,12,1,5
648195,Enzo Fernández,2024,11,5,3,3,2,3
648779,Wilfried Singo,2020,32,7,7,18,2,5
648779,Wilfried Singo,2021,41,13,13,15,8,5
648779,Wilfried Singo,2022,32,12,10,10,7,5
648779,Wilfried Singo,2023,23,9,6,8,6,3
648779,Wilfried Singo,2024,4,2,2,0,2,0
649016,El Bilal Touré,2020,24,7,8,9,5,2
649016,El Bilal Touré,2021,35,8,16,11,6,2
649016,El Bilal Touré,2023,12,2,4,6,1,1
649016,El Bilal Touré,2024,10,5,3,2,1,4
649020,Boubacar Traoré,2021,30,5,11,14,2,3
649020,Boubacar Traoré,2023,2,0,1,1,0,0
649023,Formose Mendy,2023,0,0,0,0,0,0
649033,Dion Lopy,2021,21,5,10,6,2,3
649033,Dion Lopy,2022,30,8,11,11,7,1
649033,Dion Lopy,2023,19,6,6,7,3,3
649317,Jhon Durán,2022,0,0,0,0,0,0
649317,Jhon Durán,2023,17,9,3,5,4,5
649317,Jhon Durán,2024,2,0,1,1,0,0
649452,Issa Kaboré,2021,28,11,5,12,6,5
649452,Issa Kaboré,2022,33,14,6,13,6,8
649452,Issa Kaboré,2023,22,12,4,6,6,6
650104,Zinédine Ould Khaled,2022,0,0,0,0,0,0
650966,Samuele Vignato,2023,20,7,8,5,5,2
650993,Filippo Missori,2023,6,1,3,2,1,0
651269,Armin Gigovic,2024,5,4,0,1,2,2
651569,Daniel Mosquera,2024,0,0,0,0,0,0
652275,Hákon Arnar Haraldsson,2023,10,8,1,1,3,5
652275,Hákon Arnar Haraldsson,2024,8,3,3,2,1,2
654415,Alan Virginius,2022,8,4,1,3,2,2
654539,Adrien Truffert,2020,20,7,4,9,5,2
654539,Adrien Truffert,2021,38,18,7,13,5,13
654539,Adrien Truffert,2022,41,23,9,9,8,15
654539,Adrien Truffert,2023,14,6,2,6,3,3
654539,Adrien Truffert,2024,10,6,2,2,4,2
654982,Bilal El Khannouss,2024,7,3,2,2,2,1
654991,Samuel Mbangula,2024,0,0,0,0,0,0
655006,Diego Moreira,2023,0,0,0,0,0,0
655006,Diego Moreira,2024,0,0,0,0,0,0
655012,Lucas Stassin,2024,1,0,1,0,0,0
655488,Gabriel Martinelli,2019,22,8,9,5,5,3
655488,Gabriel Martinelli,2020,16,8,4,4,5,3
655488,Gabriel Martinelli,2021,48,25,9,14,5,20
655488,Gabriel Martinelli,2022,41,28,2,10,14,14
655488,Gabriel Martinelli,2023,24,12,6,6,3,9
655488,Gabriel Martinelli,2024,8,7,0,1,1,6
656441,Jean Onana,2021,23,2,10,11,1,1
656441,Jean Onana,2022,24,8,7,9,6,2
656441,Jean Onana,2023,22,14,5,3,6,8
656681,Victor Boniface,2023,20,12,5,3,7,5
656681,Victor Boniface,2024,0,0,0,0,0,0
658536,Simon Adingra,2023,19,11,5,3,7,4
658536,Simon Adingra,2024,7,3,1,3,2,1
659459,Carney Chukwuemeka,2021,20,8,2,10,5,3
659459,Carney Chukwuemeka,2022,30,9,8,13,2,7
659459,Carney Chukwuemeka,2023,18,4,6,8,2,2
659516,Warren Bondo,2023,5,1,3,1,1,0
659516,Warren Bondo,2024,9,5,2,2,3,2
659542,Elye Wahi,2021,40,15,13,12,7,8
659542,Elye Wahi,2022,31,8,5,18,4,4
659542,Elye Wahi,2024,10,5,2,3,2,3
659813,Piero Hincapié,2021,20,11,4,5,4,7
659813,Piero Hincapié,2022,37,16,6,15,4,12
659813,Piero Hincapié,2023,25,13,6,6,3,10
659813,Piero Hincapié,2024,12,10,2,0,6,4
660342,Gabriel Charpentier,2024,0,0,0,0,0,0
660860,Diego Coppola,2023,22,6,8,8,4,2
660860,Diego Coppola,2024,8,2,3,3,2,0
660867,Julio Enciso,2022,13,3,2,5,1,2
660867,Julio Enciso,2023,26,14,5,7,6,8
660867,Julio Enciso,2024,6,2,1,3,2,0
661053,Jarrad Branthwaite,2021,15,5,4,6,2,3
661053,Jarrad Branthwaite,2023,25,17,6,2,8,9
661145,Jon Aramburu,2024,15,6,3,6,4,2
661171,Willian Pacho,2023,16,11,3,2,4,7
661207,Oscar Bobb,2023,0,0,0,0,0,0
662261,Rafa Marín,2023,0,0,0,0,0,0
663244,Jota Silva,2024,8,5,1,2,3,2
666234,Mohamed Simakan,2019,23,9,4,10,6,3
666234,Mohamed Simakan,2020,23,6,4,13,2,4
666234,Mohamed Simakan,2021,24,11,5,8,4,7
666234,Mohamed Simakan,2022,45,28,9,8,5,23
666234,Mohamed Simakan,2023,23,14,3,6,6,8
666547,Zito Luvumbo,2023,0,0,0,0,0,0
666547,Zito Luvumbo,2024,5,1,2,2,1,0
667121,Rodrigo Gomes,2024,8,2,1,5,2,0
667287,Yasin Ayari,2024,2,1,0,1,0,1
667517,Jordan James,2024,1,0,0,1,0,0
667967,Yassine Kechta,2023,0,0,0,0,0,0
667967,Yassine Kechta,2024,8,1,2,5,1,0
668276,Hugo Novoa,2021,15,9,3,3,3,6
668276,Hugo Novoa,2022,48,30,8,10,7,23
668547,Máximo Perrone,2023,11,8,2,1,2,6
669380,Konstantinos Koulierakis,2024,10,6,2,2,1,5
670096,Tanner Tessmann,2021,21,6,5,10,5,1
670681,João Neves,2024,14,9,3,2,3,6
670710,André Gomes,2018,0,0,0,0,0,0
670710,André Gomes,2020,0,0,0,0,0,0
670710,André Gomes,2021,0,0,0,0,0,0
670710,André Gomes,2022,0,0,0,0,0,0
670710,André Gomes,2023,3,1,1,1,0,1
670858,Lewis Hall,2023,15,3,4,8,1,2
670882,Jamie Gittens,2022,10,7,0,3,3,4
670882,Jamie Gittens,2023,18,12,3,3,7,5
670882,Jamie Gittens,2024,11,7,3,1,1,6
671594,Kamory Doumbia,2022,29,8,11,10,5,3
671594,Kamory Doumbia,2023,19,8,6,5,4,4
671594,Kamory Doumbia,2024,6,3,2,1,2,1
671915,Enzo Barrenechea,2023,13,11,1,1,6,5
671915,Enzo Barrenechea,2024,9,1,2,6,0,1
672803,Bertuğ Yıldırım,2023,19,5,6,8,3,2
672803,Bertuğ Yıldırım,2024,9,5,2,2,4,1
673071,Oscar Vilhelmsson,2023,1,0,0,1,0,0
674612,Youssouf Ndayishimiye,2022,28,17,6,5,5,12
674612,Youssouf Ndayishimiye,2023,14,6,5,3,3,3
674612,Youssouf Ndayishimiye,2024,5,1,2,2,1,0
674806,Santiago Pierotti,2023,0,0,0,0,0,0
674806,Santiago Pierotti,2024,9,2,1,6,2,0
676042,Juanlu Sánchez,2023,0,0,0,0,0,0
676042,Juanlu Sánchez,2024,9,3,2,4,3,0
678406,Sergi Cardona,2023,0,0,0,0,0,0
678406,Sergi Cardona,2024,9,2,3,4,0,2
678441,Daniele Montevago,2022,6,1,0,5,0,1
678479,Denis Huseinbasic,2022,13,4,2,7,2,2
678479,Denis Huseinbasic,2023,18,6,7,5,1,5
683840,Pedri,2020,22,12,4,6,3,9
683840,Pedri,2021,36,23,5,8,9,14
683840,Pedri,2022,39,25,7,7,9,16
683840,Pedri,2023,16,14,1,1,8,6
683840,Pedri,2024,10,5,3,2,2,3
683895,Emmanuel Agbadou,2022,26,4,10,12,1,3
683895,Emmanuel Agbadou,2023,16,4,6,6,1,3
683895,Emmanuel Agbadou,2024,8,2,3,3,2,0
684210,Jaidon Anthony,2022,22,5,4,10,2,3
684210,Jaidon Anthony,2023,22,7,2,13,6,1
687609,Isaac Romero,2023,0,0,0,0,0,0
687609,Isaac Romero,2024,10,3,3,4,3,0
687626,Moisés Caicedo,2021,19,5,3,11,2,3
687626,Moisés Caicedo,2022,35,13,8,12,5,8
687626,Moisés Caicedo,2023,26,14,5,7,5,9
687626,Moisés Caicedo,2024,12,6,3,3,2,4
688707,Salis Abdul Samed,2021,17,4,4,9,2,2
688707,Salis Abdul Samed,2022,31,16,7,8,12,4
689505,Johnny Cardoso,2023,0,0,0,0,0,0
690799,Anthony Rouault,2022,16,4,4,8,2,2
690799,Anthony Rouault,2023,22,9,5,8,4,5
691316,Luis Henrique,2020,16,7,2,7,4,3
691316,Luis Henrique,2021,43,17,16,10,9,8
691482,Jacopo Fazzini,2022,24,6,6,12,5,1
691482,Jacopo Fazzini,2023,22,6,8,8,4,2
691482,Jacopo Fazzini,2024,7,2,3,2,0,2
691786,Morgan Guilavogui,2023,0,0,0,0,0,0
691786,Morgan Guilavogui,2024,7,3,2,2,1,2
691892,Nathaniel Brown,2024,0,0,0,0,0,0
692070,Clemens Riedel,2023,1,0,0,1,0,0
692734,Linus Gechter,2021,7,5,2,0,3,2
692737,Aljoscha Kemlein,2024,1,0,0,1,0,0
693095,Jacob Greaves,2024,0,0,0,0,0,0
694509,Moussa Diarra,2023,20,9,4,7,4,5
694928,Samuel Lino,2022,33,12,11,10,7,5
694928,Samuel Lino,2023,27,8,5,14,5,3
694928,Samuel Lino,2024,15,7,2,6,4,3
695454,Chiquinho,2021,16,6,7,3,4,2
697714,Fabinho,2018,0,0,0,0,0,0
697714,Fabinho,2019,0,0,0,0,0,0
697714,Fabinho,2020,0,0,0,0,0,0
697714,Fabinho,2021,0,0,0,0,0,0
697714,Fabinho,2022,1,1,0,0,0,1
698110,Lorenzo Malagrida,2022,8,1,2,5,1,0
698259,Thomas Kristensen,2023,3,2,1,0,1,1
699442,Kacper Urbanski,2023,0,0,0,0,0,0
699442,Kacper Urbanski,2024,9,7,1,1,3,4
700106,Brajan Gruda,2023,7,1,2,4,0,1
700646,André Silva,2018,0,0,0,0,0,0
700646,André Silva,2020,0,0,0,0,0,0
700646,André Silva,2021,1,0,0,1,0,0
700646,André Silva,2022,0,0,0,0,0,0
700646,André Silva,2023,0,0,0,0,0,0
701819,Daniele Ghilardi,2024,0,0,0,0,0,0
707242,Badredine Bouanani,2022,3,2,0,1,1,1
707242,Badredine Bouanani,2023,21,10,7,4,5,5
707242,Badredine Bouanani,2024,7,5,1,1,3,2
707274,César Tárrega,2024,0,0,0,0,0,0
708072,Nicolò Savona,2024,0,0,0,0,0,0
708265,Bradley Barcola,2022,32,15,8,9,8,7
708265,Bradley Barcola,2024,9,5,4,0,1,4
709187,Nico Williams,2021,22,6,11,5,5,1
709187,Nico Williams,2022,38,20,8,10,10,10
709187,Nico Williams,2023,26,10,6,10,5,5
709187,Nico Williams,2024,9,6,1,2,1,5
709372,Carlos Romero,2023,1,0,0,1,0,0
709372,Carlos Romero,2024,2,1,1,0,1,0
709969,Ilias Akhomach,2023,0,0,0,0,0,0
709969,Ilias Akhomach,2024,11,6,4,1,2,4
710004,Peter Federico,2023,0,0,0,0,0,0
710004,Peter Federico,2024,6,2,2,2,2,0
710131,Diego Llorente,2018,0,0,0,0,0,0
710131,Diego Llorente,2019,0,0,0,0,0,0
710131,Diego Llorente,2021,0,0,0,0,0,0
710131,Diego Llorente,2023,0,0,0,0,0,0
710131,Diego Llorente,2024,0,0,0,0,0,0
710677,Iker Muñoz,2022,0,0,0,0,0,0
710677,Iker Muñoz,2023,13,6,1,6,4,2
711337,Evanilson,2024,11,7,2,2,1,6
711517,Kevin Paredes,2022,17,9,4,4,5,4
711517,Kevin Paredes,2023,17,5,5,7,2,3
711544,Jake O'Brien,2023,0,0,0,0,0,0
711969,Lorenz Assignon,2021,23,12,4,7,3,9
711969,Lorenz Assignon,2022,36,21,8,7,8,13
711969,Lorenz Assignon,2023,8,6,0,2,2,4
711969,Lorenz Assignon,2024,8,2,2,4,2,0
711976,Andy Diouf,2023,0,0,0,0,0,0
711976,Andy Diouf,2024,9,5,1,3,2,3
711996,Warmed Omari,2022,20,11,2,7,1,10
711996,Warmed Omari,2023,21,10,1,10,3,7
711999,Lesley Ugochukwu,2021,27,14,6,7,3,11
711999,Lesley Ugochukwu,2022,32,16,9,7,7,9
713644,Bryan Zaragoza,2023,0,0,0,0,0,0
713644,Bryan Zaragoza,2024,9,4,1,4,1,3
713787,Jhoanner Chávez,2024,7,3,2,2,1,2
716276,Yerson Mosquera,2023,1,0,1,0,0,0
717118,Darlin Yongwa,2022,16,8,4,4,6,2
717118,Darlin Yongwa,2023,21,6,6,9,3,3
718312,Hamzat Ojediran,2024,0,0,0,0,0,0
719646,Bernardo,2018,0,0,0,0,0,0
719646,Bernardo,2019,0,0,0,0,0,0
719646,Bernardo,2023,0,0,0,0,0,0
720038,Pablo Torre,2023,28,18,3,7,12,6
720038,Pablo Torre,2024,10,4,1,5,1,3
724106,Luca Lipani,2023,1,0,0,1,0,0
724520,Abde Ezzalzouli,2021,8,3,4,1,2,1
724520,Abde Ezzalzouli,2022,16,6,4,6,4,2
724520,Abde Ezzalzouli,2023,25,12,6,7,9,3
724520,Abde Ezzalzouli,2024,7,2,2,3,0,2
724783,Tawanda Chirewa,2023,0,0,0,0,0,0
725242,Luca D'Andrea,2022,13,3,3,7,2,1
728733,Brooke Norton-Cuffy,2024,0,0,0,0,0,0
729814,Georges Mikautadze,2023,0,0,0,0,0,0
729814,Georges Mikautadze,2024,8,2,1,5,1,1
730893,Tyrick Mitchell,2020,21,4,4,13,2,2
730893,Tyrick Mitchell,2022,39,14,10,13,8,6
730893,Tyrick Mitchell,2023,21,5,8,8,2,3
730893,Tyrick Mitchell,2024,8,2,2,4,1,1
732507,Agustín Martegani,2023,0,0,0,0,0,0
733576,Alberto Moleiro,2023,0,0,0,0,0,0
733576,Alberto Moleiro,2024,9,2,3,4,0,2
735568,Natan,2023,0,0,0,0,0,0
735568,Natan,2024,10,3,5,2,2,1
735570,João Gomes,2022,0,0,0,0,0,0
735570,João Gomes,2023,17,6,3,8,4,2
735570,João Gomes,2024,8,5,0,3,4,1
735571,Rodrigo Muniz,2023,1,0,0,1,0,0
735571,Rodrigo Muniz,2024,10,4,3,3,1,3
737781,Jérémy Le Douaron,2020,13,6,0,7,3,3
737781,Jérémy Le Douaron,2021,37,9,13,15,6,3
737781,Jérémy Le Douaron,2022,24,6,4,14,2,4
737781,Jérémy Le Douaron,2023,21,8,6,7,5,3
737781,Jérémy Le Douaron,2024,7,3,3,1,2,1
739769,Ilan Kebbal,2021,19,5,8,6,2,3
740674,Issouf Sissokho,2021,18,4,3,11,3,1
741238,Omari Hutchinson,2024,1,0,0,1,0,0
741292,Iker Bravo,2024,0,0,0,0,0,0
742201,Giuliano Simeone,2023,0,0,0,0,0,0
742201,Giuliano Simeone,2024,9,3,3,3,2,1
743387,Stanis Idumbo,2024,5,3,1,1,3,0
743498,Wilson Odobert,2022,15,3,6,6,0,3
743498,Wilson Odobert,2023,19,1,5,13,1,0
743500,William Mikelbrencis,2021,2,0,0,2,0,0
743589,Kaiky,2023,12,3,3,6,3,0
743598,Ângelo,2023,0,0,0,0,0,0
743600,Andrey Santos,2024,5,1,1,3,0,1
744149,Adam Wharton,2023,2,1,0,1,1,0
744149,Adam Wharton,2024,7,2,2,3,0,2
745181,Soungoutou Magassa,2023,8,1,4,3,1,0
745181,Soungoutou Magassa,2024,7,3,4,0,3,0
745191,Ramón Sosa,2024,0,0,0,0,0,0
745461,Luca Koleosho,2023,7,2,3,2,2,0
746695,Kamaldeen Sulemana,2021,28,12,8,8,3,9
746695,Kamaldeen Sulemana,2022,21,11,6,4,6,5
746739,Andre Brooks,2023,4,3,0,1,1,2
746891,Cristian Volpato,2022,24,12,6,6,8,4
746891,Cristian Volpato,2023,33,14,8,11,6,8
746910,Mohamed Amoura,2024,8,5,3,0,3,2
747009,Justin Devenny,2024,0,0,0,0,0,0
748319,Carlos Alcaraz,2022,0,0,0,0,0,0
748319,Carlos Alcaraz,2023,22,4,4,14,4,0
748382,Amin Sarr,2022,27,10,8,9,5,5
748382,Amin Sarr,2024,6,0,2,4,0,0
749552,Alieu Fadera,2024,2,0,1,1,0,0
750903,Jaouen Hadjam,2022,0,0,0,0,0,0
750904,Tom Louchet,2023,1,0,0,1,0,0
750904,Tom Louchet,2024,8,2,2,4,1,1
763079,Abdukodir Khusanov,2023,0,0,0,0,0,0
763079,Abdukodir Khusanov,2024,8,3,2,3,1,2
763182,Josué Casimir,2023,0,0,0,0,0,0
763182,Josué Casimir,2024,7,1,2,4,1,0
764859,Williot Swedberg,2023,24,8,6,10,5,3
764859,Williot Swedberg,2024,5,0,1,4,0,0
766412,Théo Le Bris,2022,20,9,5,6,7,2
766412,Théo Le Bris,2023,13,5,3,5,3,2
766583,Kike Salas,2023,7,5,0,2,3,2
768380,Arouna Sangante,2023,0,0,0,0,0,0
768380,Arouna Sangante,2024,8,1,2,5,1,0
769063,Luka Romero,2021,15,8,3,4,2,6
769063,Luka Romero,2022,43,21,11,11,8,13
770895,Ismaël Boura,2022,13,8,4,1,6,2
775605,Pablo Barrios,2022,9,5,1,3,3,2
775605,Pablo Barrios,2023,26,17,5,4,8,9
775605,Pablo Barrios,2024,14,7,2,5,4,3
776798,Abdallah Sima,2022,13,2,0,11,2,0
776798,Abdallah Sima,2024,0,0,0,0,0,0
776890,Nicolas Jackson,2022,27,14,5,8,4,10
776890,Nicolas Jackson,2023,15,9,3,3,1,8
776890,Nicolas Jackson,2024,9,5,2,2,2,3
782630,Khalil Fayad,2022,14,4,2,8,2,2
782630,Khalil Fayad,2023,18,8,3,7,4,4
782630,Khalil Fayad,2024,7,2,2,3,1,1
783094,Benjamin Bouchouari,2024,0,0,0,0,0,0
785353,Pablo Ibáñez,2022,17,9,2,6,5,4
785353,Pablo Ibáñez,2023,28,11,7,10,9,2
785353,Pablo Ibáñez,2024,11,4,2,5,3,1
786436,Ismaël Doukouré,2022,20,4,8,8,4,0
787151,Lukas Ullrich,2024,0,0,0,0,0,0
787232,David Datro Fofana,2023,10,1,4,5,1,0
787912,El Chadaille Bitshiabu,2024,11,5,2,4,0,5
789082,Vanderson,2021,0,0,0,0,0,0
789082,Vanderson,2022,42,22,9,11,11,11
789082,Vanderson,2023,17,7,4,6,4,3
789082,Vanderson,2024,4,1,3,0,1,0
789252,Bence Dárdai,2024,0,0,0,0,0,0
790992,Alfie Gilchrist,2023,1,0,0,1,0,0
792380,Aleksandar Pavlovic,2023,2,2,0,0,1,1
794349,Julien Le Cardinal,2022,1,0,1,0,0,0
794349,Julien Le Cardinal,2024,6,2,4,0,2,0
795431,Tio Cipot,2022,4,2,1,1,2,0
798043,Tom Rothe,2024,0,0,0,0,0,0
798404,Alidu Seidu,2021,18,4,5,9,2,2
798404,Alidu Seidu,2022,31,10,4,17,6,4
798687,Antony,2022,35,11,11,13,8,3
798687,Antony,2023,21,10,5,6,5,5
798929,Gvidas Gineitis,2023,25,9,8,8,6,3
798929,Gvidas Gineitis,2024,9,3,4,2,1,2
800176,André,2024,0,0,0,0,0,0
801754,Yanis Cimignani,2022,12,3,3,6,2,1
802747,Siriné Doucouré,2023,21,6,6,9,3,3
804812,Anthony Oyono,2023,0,0,0,0,0,0
805908,Bradley Locko,2021,18,5,7,6,2,3
805908,Bradley Locko,2023,18,7,5,6,5,2
806168,Paul Joly,2024,0,0,0,0,0,0
806793,Clément Akpa,2024,0,0,0,0,0,0
807165,Bamo Meïté,2022,8,5,2,1,3,2
807688,Yassin Belkhdim,2024,0,0,0,0,0,0
807689,Frank Magri,2023,0,0,0,0,0,0
807689,Frank Magri,2024,9,4,1,4,3,1
808509,Danilo,2018,0,0,0,0,0,0
808509,Danilo,2019,0,0,0,0,0,0
808509,Danilo,2020,0,0,0,0,0,0
808509,Danilo,2021,2,0,0,2,0,0
808509,Danilo,2022,2,1,0,1,0,1
808509,Danilo,2023,16,4,4,8,3,1
809498,Luca Kerber,2024,1,1,0,0,1,0
810092,Warren Zaïre-Emery,2022,18,14,4,0,7,7
810092,Warren Zaïre-Emery,2023,24,13,2,9,5,8
810092,Warren Zaïre-Emery,2024,10,6,4,0,2,4
810093,Ayman Kari,2023,13,5,2,6,2,3
810411,Pablo Pagis,2023,0,0,0,0,0,0
810895,Eliesse Ben Seghir,2022,4,3,1,0,2,1
810895,Eliesse Ben Seghir,2023,21,10,4,7,6,4
810895,Eliesse Ben Seghir,2024,8,3,4,1,3,0
811779,Alejandro Garnacho,2022,28,15,3,8,10,5
811779,Alejandro Garnacho,2023,23,14,4,4,5,9
811779,Alejandro Garnacho,2024,10,8,0,2,5,3
813137,Niccolò Pisilli,2024,5,4,0,1,3,1
814446,Luca Marianucci,2024,0,0,0,0,0,0
816308,Panos Katseris,2023,0,0,0,0,0,0
816580,Tiago Santos,2023,20,5,1,14,2,3
816580,Tiago Santos,2024,8,3,3,2,1,2
816585,Can Uzun,2024,0,0,0,0,0,0
818495,Otávio,2018,0,0,0,0,0,0
818495,Otávio,2019,0,0,0,0,0,0
818495,Otávio,2020,0,0,0,0,0,0
818495,Otávio,2021,0,0,0,0,0,0
820241,Damion Downs,2023,2,0,0,2,0,0
820374,Kobbie Mainoo,2023,12,7,3,1,3,4
820374,Kobbie Mainoo,2024,10,8,0,2,5,3
822458,Bamba Dieng,2021,33,14,14,5,8,6
822458,Bamba Dieng,2022,21,11,2,8,5,6
822458,Bamba Dieng,2023,18,7,4,7,2,5
822959,Tom Bischof,2022,15,5,0,10,2,3
822959,Tom Bischof,2023,17,5,3,9,1,4
822959,Tom Bischof,2024,8,1,3,4,1,0
823231,Dango Ouattara,2021,12,1,4,7,1,0
823231,Dango Ouattara,2022,29,11,8,10,7,4
823231,Dango Ouattara,2023,22,8,3,11,7,1
823231,Dango Ouattara,2024,8,2,3,3,1,1
827734,Ange-Yoan Bonny,2024,0,0,0,0,0,0
830108,Julián Malatini,2023,0,0,0,0,0,0
830108,Julián Malatini,2024,9,4,1,4,3,1
830265,Lohann Doucet,2022,24,3,9,12,1,2
831161,Lautaro Blanco,2022,0,0,0,0,0,0
834470,Dani Rodríguez,2019,0,0,0,0,0,0
834470,Dani Rodríguez,2021,0,0,0,0,0,0
834470,Dani Rodríguez,2022,0,0,0,0,0,0
834470,Dani Rodríguez,2023,1,0,0,1,0,0
834470,Dani Rodríguez,2024,0,0,0,0,0,0
834752,Unai Gómez,2023,8,1,2,5,1,0
834752,Unai Gómez,2024,12,7,3,2,2,5
834898,Vitinho,2023,0,0,0,0,0,0
842338,Enzo Tchato,2022,18,5,0,13,2,3
842338,Enzo Tchato,2023,18,7,3,8,2,5
842338,Enzo Tchato,2024,7,2,1,4,1,1
842425,Sacha Delaye,2023,1,0,0,1,0,0
842718,Paulinho,2019,0,0,0,0,0,0
842718,Paulinho,2021,2,1,0,1,1,0
845654,Kenan Yıldız,2023,0,0,0,0,0,0
845654,Kenan Yıldız,2024,9,2,4,3,1,1
846310,Oscar Højlund,2024,7,4,0,3,0,4
847279,Oumar Diakité,2023,0,0,0,0,0,0
847279,Oumar Diakité,2024,5,2,2,1,2,0
848509,Jackson Tchatchoua,2024,9,2,3,4,2,0
849410,Valentín Barco,2023,0,0,0,0,0,0
849520,Santiago Castro,2023,0,0,0,0,0,0
849520,Santiago Castro,2024,3,2,0,1,2,0
852024,Bénie Traoré,2023,0,0,0,0,0,0
854853,Tom Davies,2018,0,0,0,0,0,0
854853,Tom Davies,2019,0,0,0,0,0,0
854853,Tom Davies,2021,0,0,0,0,0,0
854853,Tom Davies,2022,0,0,0,0,0,0
854853,Tom Davies,2023,0,0,0,0,0,0
855056,Taïryk Arconte,2022,10,2,3,5,1,1
855134,Skelly Alvero,2023,0,0,0,0,0,0
855256,Alex Scott,2023,3,1,1,1,1,0
855256,Alex Scott,2024,11,3,4,4,1,2
855308,Arthur Atta,2023,0,0,0,0,0,0
860056,Aïman Maurer,2022,1,0,0,1,0,0
860056,Aïman Maurer,2023,19,9,4,6,7,2
861410,Arda Güler,2024,12,8,4,0,4,4
861981,Alan Matturro,2024,1,1,0,0,1,0
864799,Stefan Bajcetic,2022,20,12,3,3,5,7
866655,Tyler Dibling,2024,3,1,1,1,0,1
867688,Jack Hinshelwood,2023,4,2,0,2,2,0
867688,Jack Hinshelwood,2024,4,2,1,1,0,2
872171,Lucas Beraldo,2023,0,0,0,0,0,0
872184,Tadeo Allende,2023,0,0,0,0,0,0
872380,Felix Afena-Gyan,2021,8,4,2,2,2,2
872380,Felix Afena-Gyan,2022,33,11,13,9,6,5
873981,Diego González,2020,0,0,0,0,0,0
873981,Diego González,2021,0,0,0,0,0,0
874066,Oliver Arblaster,2023,3,2,0,1,1,1
876440,João Pedro,2020,0,0,0,0,0,0
876440,João Pedro,2021,0,0,0,0,0,0
876440,João Pedro,2023,0,0,0,0,0,0
876440,João Pedro,2024,0,0,0,0,0,0
876631,Habib Diarra,2022,30,8,13,9,6,2
876631,Habib Diarra,2023,19,7,4,8,1,6
876631,Habib Diarra,2024,8,1,2,5,0,1
884072,Jeffinho,2022,0,0,0,0,0,0
884072,Jeffinho,2023,13,8,1,4,4,4
889683,Rogério,2018,0,0,0,0,0,0
889683,Rogério,2019,0,0,0,0,0,0
889683,Rogério,2020,0,0,0,0,0,0
889683,Rogério,2021,2,1,0,1,0,1
889683,Rogério,2022,1,0,1,0,0,0
889683,Rogério,2023,0,0,0,0,0,0
890290,Dean Huijsen,2024,9,7,1,1,4,3
891091,Diego López,2023,0,0,0,0,0,0
891091,Diego López,2024,0,0,0,0,0,0
891998,Antoine Mendy,2022,15,7,4,4,6,1
891998,Antoine Mendy,2023,17,10,3,4,5,5
892221,Hugo Sotelo,2023,8,3,3,2,0,3
892929,Hugo Álvarez,2023,0,0,0,0,0,0
892929,Hugo Álvarez,2024,4,2,0,2,2,0
892973,Lovro Zvonarek,2023,0,0,0,0,0,0
893675,Amir Richardson,2023,0,0,0,0,0,0
893675,Amir Richardson,2024,7,2,2,3,2,0
894914,Antonio Nusa,2024,6,3,1,2,0,3
900909,Paul Wanner,2024,0,0,0,0,0,0
901019,Neil El Aynaoui,2023,0,0,0,0,0,0
901019,Neil El Aynaoui,2024,10,5,2,3,2,3
903666,Ethan Mbappé,2024,3,2,1,0,1,1
903693,Senny Mayulu,2024,7,5,2,0,2,3
904662,Louis Mouton,2024,0,0,0,0,0,0
905997,Pablo Durán,2024,0,0,0,0,0,0
907813,Pablo Marín,2022,10,6,1,3,1,5
911328,Mohamed Kaba,2023,0,0,0,0,0,0
913495,Emran Soglo,2023,0,0,0,0,0,0
914562,Désiré Doué,2022,19,10,7,2,6,4
914562,Désiré Doué,2023,18,9,1,8,3,6
914562,Désiré Doué,2024,9,6,1,2,4,2
916920,Shavy Babicka,2023,0,0,0,0,0,0
916920,Shavy Babicka,2024,10,4,1,5,3,1
917375,Antoine Hainaut,2024,0,0,0,0,0,0
918969,Lamine Camara,2023,0,0,0,0,0,0
918969,Lamine Camara,2024,7,2,1,4,1,1
919620,Joseph Nduquidi,2023,0,0,0,0,0,0
922693,Archie Gray,2024,2,1,0,1,0,1
922769,Lewis Miley,2023,4,1,3,0,0,1
923831,Leny Yoro,2023,20,9,7,4,4,5
924800,Axel Camblan,2022,13,2,3,8,0,2
926952,Patrick Dorgu,2023,0,0,0,0,0,0
926952,Patrick Dorgu,2024,8,2,1,5,2,0
928323,Ibrahim Salah,2022,15,8,3,4,3,5
928323,Ibrahim Salah,2023,23,11,3,9,3,8
928323,Ibrahim Salah,2024,10,6,2,2,4,2
931838,Hugo Larsson,2023,0,0,0,0,0,0
931838,Hugo Larsson,2024,7,3,2,2,2,1
937941,Thierno Barry,2024,0,0,0,0,0,0
937958,Lamine Yamal,2023,4,3,0,1,2,1
937958,Lamine Yamal,2024,13,8,3,2,3,5
943837,Vitor Roque,2023,0,0,0,0,0,0
943837,Vitor Roque,2024,12,8,2,2,3,5
944570,Vasilije Adžić,2024,0,0,0,0,0,0
947360,Kassoum Ouattara,2023,0,0,0,0,0,0
947360,Kassoum Ouattara,2024,8,3,4,1,3,0
947431,David López,2018,0,0,0,0,0,0
947431,David López,2019,0,0,0,0,0,0
947431,David López,2021,0,0,0,0,0,0
947431,David López,2022,0,0,0,0,0,0
947431,David López,2023,0,0,0,0,0,0
947431,David López,2024,2,1,1,0,1,0
948275,Álvaro Rodríguez,2024,1,1,0,0,1,0
953901,Santiago Mouriño,2024,0,0,0,0,0,0
955070,Ernest Nuamah,2023,9,5,2,2,2,3
955070,Ernest Nuamah,2024,7,5,0,2,5,0
955357,Eli Junior Kroupi,2023,3,1,1,1,1,0
957874,Rômulo,2018,0,0,0,0,0,0
971570,Endrick,2024,0,0,0,0,0,0
973085,Carlos Baleba,2022,16,8,4,4,4,4
973085,Carlos Baleba,2024,12,5,2,5,2,3
973703,Brenner,2023,0,0,0,0,0,0
973703,Brenner,2024,0,0,0,0,0,0
977464,Arthur,2023,0,0,0,0,0,0
980576,Amine Salama,2022,16,2,2,12,2,0
980576,Amine Salama,2024,1,0,1,0,0,0
982267,Ibrahim Sulemana,2022,14,1,2,11,1,0
982267,Ibrahim Sulemana,2023,16,4,6,6,2,2
982393,Lucas Mincarelli,2023,0,0,0,0,0,0
982393,Lucas Mincarelli,2024,7,2,1,4,1,1
983989,Facundo Buonanotte,2022,0,0,0,0,0,0
983989,Facundo Buonanotte,2023,22,11,4,7,5,6
983989,Facundo Buonanotte,2024,12,5,2,5,2,3
1004741,Pedro,2018,0,0,0,0,0,0
1004741,Pedro,2020,0,0,0,0,0,0
1004741,Pedro,2021,0,0,0,0,0,0
1004741,Pedro,2022,0,0,0,0,0,0
1004741,Pedro,2023,0,0,0,0,0,0
1004741,Pedro,2024,3,2,1,0,0,2
1004834,George Ilenikhena,2024,10,6,2,2,3,3
1005240,Christian Mawissa,2023,5,2,2,1,0,2
1005649,Murillo,2023,0,0,0,0,0,0
1005649,Murillo,2024,12,2,3,7,0,2
1011200,Junior Mwanga,2023,0,0,0,0,0,0
1012534,Yankuba Minteh,2024,12,8,3,1,4,4
1018259,Gift Orban,2023,11,6,3,2,1,5
1018259,Gift Orban,2024,8,6,0,2,5,1
1028162,Antoine Joujou,2023,0,0,0,0,0,0
1028162,Antoine Joujou,2024,7,0,2,5,0,0
1033005,Coba da Costa,2024,0,0,0,0,0,0
1047097,Yoram Zague,2024,1,1,0,0,1,0
1058368,Francesco Camarda,2024,0,0,0,0,0,0
1061282,Assane Diao,2023,0,0,0,0,0,0
1061282,Assane Diao,2024,9,3,2,4,1,2
1063553,Pau Cabanes,2024,0,0,0,0,0,0
1064403,Álvaro García,2018,0,0,0,0,0,0
1064403,Álvaro García,2021,0,0,0,0,0,0
1064403,Álvaro García,2022,0,0,0,0,0,0
1064403,Álvaro García,2023,0,0,0,0,0,0
1064403,Álvaro García,2024,0,0,0,0,0,0
1064871,Joaquín Panichelli,2023,0,0,0,0,0,0
1068110,Rabby Nzingoula,2024,7,1,1,5,0,1
1071956,Emmanuel Biumla,2024,0,0,0,0,0,0
1074917,Jonathan Silva,2018,0,0,0,0,0,0
1074917,Jonathan Silva,2019,0,0,0,0,0,0
1074917,Jonathan Silva,2021,0,0,0,0,0,0
1076815,Javi Rodríguez,2024,2,1,0,1,1,0
1081219,Othmane Maamma,2023,0,0,0,0,0,0
1083070,Alisson,2020,0,0,0,0,0,0
1089202,Moïse Bombito,2024,0,0,0,0,0,0
1097139,Ayyoub Bouaddi,2024,6,2,2,2,1,1
1099726,Papa Amadou Diallo,2023,0,0,0,0,0,0
1111776,Ibou Sané,2023,0,0,0,0,0,0
1178474,Amadou Koné,2023,0,0,0,0,0,0
1178474,Amadou Koné,2024,4,1,2,1,1,0
1178475,Mohamed Bamba,2023,0,0,0,0,0,0
1185888,Ibrahim Mbaye,2024,0,0,0,0,0,0
1255616,Alberto Risco,2024,0,0,0,0,0,0
