player_id,market_value_in_eur,player,competition_name,season,squad,decade
271988,100000,Borja Fernández,La Liga,2018,Valladolid,2010s
7663,500000,Joaquín,La Liga,2018,Betis,2010s
323169,2000000,Sergio García,La Liga,2018,Espanyol,2010s
8198,120000000,Cristiano Ronaldo,Premier League,2018,Juventus,2010s
12249,12000000,Éver Banega,La Liga,2018,Sevilla,2010s
15956,6000000,Jesús Navas,La Liga,2018,Sevilla,2010s
16306,40000000,Casemiro,Premier League,2018,Real Madrid,2010s
18922,50000000,Karim Benzema,La Liga,2018,Real Madrid,2010s
18944,40000000,Gerard Piqué,La Liga,2018,Barcelona,2010s
20506,5000000,Andrés Guardado,La Liga,2018,Betis,2010s
21725,18000000,Filipe Luís,La Liga,2018,Atltico Madrid,2010s
25557,40000000,Sergio Ramos,La Liga,2018,Real Madrid,2010s
26066,500000,Iván Ramis,La Liga,2018,Eibar,2010s
26148,100000,Juanjo Camacho,La Liga,2018,Huesca,2010s
27374,6000000,Sidnei,La Liga,2018,Betis,2010s
27389,20000000,Kévin Gameiro,Ligue 1,2018,Valencia,2010s
28003,180000000,Lionel Messi,Ligue 1,2018,Barcelona,2010s
29124,1000000,Aritz Aduriz,La Liga,2018,Athletic Club,2010s
30677,4000000,Gustavo Cabral,La Liga,2018,Celta Vigo,2010s
31909,80000000,Toni Kroos,La Liga,2018,Real Madrid,2010s
35939,15000000,Ezequiel Garay,La Liga,2018,Valencia,2010s
37712,1500000,Daniel Carriço,La Liga,2018,Sevilla,2010s
37917,2000000,Nabil El Zhar,La Liga,2018,Legans,2010s
39381,75000000,Gareth Bale,La Liga,2018,Real Madrid,2010s
40888,5000000,Beñat Etxebarria,La Liga,2018,Athletic Club,2010s
44065,1500000,Esteban Granero,La Liga,2018,Espanyol,2010s
424784,85000000,Luis Suárez,La Liga,2018,Barcelona,2010s
45121,8000000,Loïc Rémy,Ligue 1,2018,Lille,2010s
45319,5000000,Gabriel Mercado,La Liga,2018,Sevilla,2010s
51510,2000000,Ángel Rodríguez,La Liga,2018,Getafe,2010s
51663,1000000,Pedro Alcalá,La Liga,2018,Girona,2010s
51667,1000000,Kiko Olivas,La Liga,2018,Valladolid,2010s
54235,9000000,Iker Muniain,La Liga,2018,Athletic Club,2010s
54928,35000000,Diego Godín,Serie A,2018,Atltico Madrid,2010s
56067,6000000,Pablo Piatti,La Liga,2018,Espanyol,2010s
57825,500000,Jorge Molina,La Liga,2018,Getafe,2010s
59323,5000000,Cristhian Stuani,La Liga,2018,Girona,2010s
59344,15000000,Asier Illarramendi,La Liga,2018,Real Sociedad,2010s
59375,3000000,David Zurutuza,La Liga,2018,Real Sociedad,2010s
60890,2000000,Fabián Orellana,La Liga,2018,Eibar,2010s
62144,500000,Antoñito,La Liga,2018,Valladolid,2010s
62920,14000000,Víctor Ruiz,La Liga,2018,Villarreal,2010s
63290,4000000,Víctor Sánchez,La Liga,2018,Espanyol,2010s
64598,7000000,Bernardo Espinosa,La Liga,2018,Girona,2010s
65318,9000000,Jaume Costa,La Liga,2018,Villarreal,2010s
66106,4000000,Sergio Canales,La Liga,2018,Betis,2010s
67082,25000000,Vitolo,La Liga,2018,Atltico Madrid,2010s
67090,1000000,Dídac Vilà,La Liga,2018,Espanyol,2010s
67546,600000,Jorge Pulido,La Liga,2018,Huesca,2010s
67808,2500000,Borja García,La Liga,2018,Girona,2010s
69660,1500000,Jonás Ramalho,La Liga,2018,Girona,2010s
69751,40000000,Jordi Alba,La Liga,2018,Barcelona,2010s
70934,6000000,Nolito,La Liga,2018,Sevilla,2010s
71204,400000,Javi Moyano,La Liga,2018,Valladolid,2010s
71548,2000000,Anaitz Arbilla,La Liga,2018,Eibar,2010s
71918,800000,David Ferreiro,La Liga,2018,Huesca,2010s
72047,18000000,Iago Aspas,La Liga,2018,Celta Vigo,2010s
568158,1000000,Javi López,La Liga,2018,Espanyol,2010s
73636,1500000,Hernán Pérez,La Liga,2018,Espanyol,2010s
74229,70000000,Koke,La Liga,2018,Atltico Madrid,2010s
74230,18000000,Pablo Sarabia,Premier League,2018,Sevilla,2010s
75820,400000,Juan Aguilera,La Liga,2018,Huesca,2010s
76163,12000000,Franco Vázquez,La Liga,2018,Sevilla,2010s
76285,400000,Toño,La Liga,2018,Levante,2010s
76746,2500000,Damián Suárez,La Liga,2018,Getafe,2010s
77826,6000000,Ryad Boudebouz,Ligue 1,2018,Celta Vigo,2010s
80293,6000000,Aïssa Mandi,Ligue 1,2018,Betis,2010s
81988,5000000,Sergi Enrich,La Liga,2018,Eibar,2010s
85288,75000000,Isco,La Liga,2018,Real Madrid,2010s
85324,5000000,Borja Bastón,Premier League,2018,Alavs,2010s
85370,40000000,Sergi Roberto,Serie A,2018,Barcelona,2010s
88490,7500000,Aleix Vidal,La Liga,2018,Sevilla,2010s
93935,7500000,Sergio Escudero,La Liga,2018,Sevilla,2010s
96718,6000000,Óscar de Marcos,La Liga,2018,Athletic Club,2010s
96828,25000000,Simone Zaza,Serie A,2018,Torino,2010s
98249,3500000,Takashi Inui,La Liga,2018,Alavs,2010s
98322,3000000,Denis Cheryshev,La Liga,2018,Valencia,2010s
98596,5000000,John Guidetti,La Liga,2018,Alavs,2010s
99353,5000000,Portu,La Liga,2018,Girona,2010s
111621,200000,Dani Ojeda,La Liga,2018,Legans,2010s
114060,350000,Enric Gallego,La Liga,2018,Huesca,2010s
115333,2500000,Juanpe,La Liga,2018,Girona,2010s
119228,15000000,Luis Muriel,Serie A,2018,Fiorentina,2010s
119235,12000000,Carlos Bacca,La Liga,2018,Villarreal,2010s
120095,3000000,José Campaña,La Liga,2018,Levante,2010s
122155,12000000,Willian José,La Liga,2018,Real Sociedad,2010s
125781,100000000,Antoine Griezmann,La Liga,2018,Atltico Madrid,2010s
126664,16000000,Lucas Digne,Premier League,2018,Everton,2010s
126716,18000000,Paco Alcácer,La Liga,2018,Dortmund,2010s
126737,7500000,Juanmi,La Liga,2018,Real Sociedad,2010s
127189,25000000,Geoffrey Kondogbia,Ligue 1,2018,Valencia,2010s
127837,3000000,Ibai Gómez,La Liga,2018,Athletic Club,2010s
128295,1000000,Tito,La Liga,2018,Rayo Vallecano,2010s
947431,6500000,David López,La Liga,2018,Espanyol,2010s
129476,14000000,Gerard Deulofeu,Serie A,2018,Watford,2010s
129693,1500000,Gaku Shibasaki,La Liga,2018,Getafe,2010s
131248,3000000,Joel Campbell,Serie A,2018,Frosinone,2010s
135343,3000000,Fabian Schär,Premier League,2018,Newcastle Utd,2010s
138803,1500000,Francisco Portillo,La Liga,2018,Getafe,2010s
141834,6000000,Cristian Tello,La Liga,2018,Betis,2010s
142021,11000000,Sergi Darder,La Liga,2018,Espanyol,2010s
142027,600000,Pablo Hervías,La Liga,2018,Valladolid,2010s
145769,5000000,Sergio León,La Liga,2018,Betis,2010s
146854,25000000,Wissam Ben Yedder,Ligue 1,2018,Sevilla,2010s
148928,70000000,Saúl Ñíguez,La Liga,2018,Atltico Madrid,2010s
486078,1500000,Charles,La Liga,2018,Eibar,2010s
156808,800000,Unai Bustinza,La Liga,2018,Legans,2010s
158791,1800000,Sergio Postigo,La Liga,2018,Levante,2010s
158863,25000000,Iñigo Martínez,La Liga,2018,Athletic Club,2010s
160182,100000,José Ángel,La Liga,2018,Eibar,2010s
162056,3500000,Gonzalo Melero,La Liga,2018,Huesca,2010s
164055,1500000,David Juncà,La Liga,2018,Celta Vigo,2010s
165873,1500000,Federico Barba,Serie A,2018,Chievo,2010s
175449,2000000,Moi Gómez,La Liga,2018,Huesca,2010s
176553,25000000,Aymeric Laporte,Premier League,2018,Manchester City,2010s
177046,1000000,Rubén Duarte,La Liga,2018,Alavs,2010s
177065,4000000,Florin Andone,Premier League,2018,Brighton,2010s
177467,12000000,Gerard Moreno,La Liga,2018,Villarreal,2010s
177847,10000000,Adnan Januzaj,La Liga,2018,Real Sociedad,2010s
178187,1000000,Álex Alegría,La Liga,2018,Rayo Vallecano,2010s
182904,15000000,Clément Lenglet,La Liga,2018,Barcelona,2010s
183647,7500000,Álvaro González,Ligue 1,2018,Villarreal,2010s
188838,800000,Bruno González,La Liga,2018,Getafe,2010s
189458,1000000,Emiliano Velázquez,La Liga,2018,Rayo Vallecano,2010s
192009,2000000,Unai López,La Liga,2018,Athletic Club,2010s
192735,7500000,Stanislav Lobotka,Serie A,2018,Celta Vigo,2010s
192736,1500000,Sabin Merino,La Liga,2018,Legans,2010s
193098,800000,Álex Moreno,Premier League,2018,Rayo Vallecano,2010s
195171,7000000,Samu Castillejo,Serie A,2018,Milan,2010s
195605,3000000,José Pozo,La Liga,2018,Rayo Vallecano,2010s
197545,5000000,Ander Capa,La Liga,2018,Athletic Club,2010s
203394,7500000,Andreas Pereira,Premier League,2018,Manchester Utd,2010s
210143,600000,Álex Gallar,La Liga,2018,Huesca,2010s
211251,1800000,Darwin Machís,La Liga,2018,Udinese,2010s
212391,1500000,Roger Martí,La Liga,2018,Levante,2010s
213670,800000,Lucas Torró,La Liga,2018,Eint Frankfurt,2010s
670710,22000000,André Gomes,Ligue 1,2018,Everton,2010s
221150,7500000,Djené,La Liga,2018,Getafe,2010s
221316,15000000,Lucas Vázquez,La Liga,2018,Real Madrid,2010s
223725,9000000,Munir El Haddadi,La Liga,2018,Sevilla,2010s
225015,600000,Carlos Akapo,La Liga,2018,Huesca,2010s
225122,40000000,Gonçalo Guedes,Premier League,2018,Valencia,2010s
227081,10000000,Joaquín Correa,Serie A,2018,Lazio,2010s
227961,1000000,Jaime Mata,La Liga,2018,Getafe,2010s
228761,1500000,Jony,Serie A,2018,Alavs,2010s
228917,500000,Jorge Miramón,La Liga,2018,Huesca,2010s
229804,2500000,Aritz Elustondo,La Liga,2018,Real Sociedad,2010s
230784,8000000,Thomas Partey,Premier League,2018,Atltico Madrid,2010s
231572,30000000,Nélson Semedo,Premier League,2018,Barcelona,2010s
234523,7500000,Antonio Sanabria,Serie A,2018,Genoa,2010s
238868,1000000,Rubén Peña,La Liga,2018,Eibar,2010s
242497,5000000,Pere Pons,La Liga,2018,Girona,2010s
245056,1000000,Saša Lukić,Premier League,2018,Torino,2010s
246277,1500000,Burgui,La Liga,2018,Alavs,2010s
710131,12000000,Diego Llorente,La Liga,2018,Real Sociedad,2010s
247250,600000,Rubén Alcaraz,La Liga,2018,Valladolid,2010s
249730,1500000,Guillermo Maripán,Serie A,2018,Alavs,2010s
250845,35000000,José María Giménez,La Liga,2018,Atltico Madrid,2010s
251106,6000000,Enes Ünal,Premier League,2018,Valladolid,2010s
251876,5000000,Pablo Maffeo,La Liga,2018,Stuttgart,2010s
251878,15000000,Aarón Martín,Serie A,2018,Mainz 05,2010s
252677,2500000,José Luis Morales,La Liga,2018,Levante,2010s
253839,2000000,Álvaro Medrán,La Liga,2018,Rayo Vallecano,2010s
255284,2500000,Álex Granell,La Liga,2018,Girona,2010s
255488,7500000,Yeray Álvarez,La Liga,2018,Athletic Club,2010s
255508,25000000,Iñaki Williams,La Liga,2018,Athletic Club,2010s
255653,10000000,Santi Mina,La Liga,2018,Valencia,2010s
256120,300000,Wilfrid Kaptoum,La Liga,2018,Betis,2010s
1064403,5000000,Álvaro García,La Liga,2018,Rayo Vallecano,2010s
261504,1000000,Aleix García,Bundesliga,2018,Girona,2010s
262980,1500000,Jefferson Lerma,Premier League,2018,Bournemouth,2010s
263727,3500000,Joan Jordán,La Liga,2018,Eibar,2010s
263856,6000000,Víctor Camarasa,La Liga,2018,Cardiff City,2010s
266795,2500000,Gonzalo Escalante,La Liga,2018,Eibar,2010s
266807,20000000,Ángel Correa,La Liga,2018,Atltico Madrid,2010s
268176,2000000,Sergi Palencia,Ligue 1,2018,Bordeaux,2010s
268670,800000,Gerard Gumbau,La Liga,2018,Legans,2010s
276111,3500000,David Costas,La Liga,2018,Celta Vigo,2010s
278359,800000,Borja Iglesias,La Liga,2018,Espanyol,2010s
280730,20000000,Álvaro Odriozola,La Liga,2018,Real Madrid,2010s
281963,20000000,Lucas Hernández,Ligue 1,2018,Atltico Madrid,2010s
284727,5000000,Jonathan Calleri,La Liga,2018,Alavs,2010s
284854,10000000,Carles Aleñá,La Liga,2018,Barcelona,2010s
288230,80000000,Ousmane Dembélé,Ligue 1,2018,Barcelona,2010s
289236,3000000,Jon Bautista,La Liga,2018,Real Sociedad,2010s
289286,300000,Luca Sangalli,La Liga,2018,Real Sociedad,2010s
298976,7500000,Borja Mayoral,La Liga,2018,Levante,2010s
309110,500000,Brais Méndez,La Liga,2018,Celta Vigo,2010s
319745,17000000,Dani Ceballos,La Liga,2018,Real Madrid,2010s
327126,400000,Anuar,La Liga,2018,Valladolid,2010s
337066,800000,Toni Villa,La Liga,2018,Valladolid,2010s
338285,10000000,Unai Núñez,La Liga,2018,Athletic Club,2010s
339808,20000000,Theo Hernández,Serie A,2018,Real Sociedad,2010s
355628,2000000,Igor Zubeldia,La Liga,2018,Real Sociedad,2010s
356197,3500000,Alfonso Pedraza,La Liga,2018,Villarreal,2010s
357884,300000,Fernando Calero,La Liga,2018,Valladolid,2010s
357885,15000000,Pablo Fornals,La Liga,2018,Villarreal,2010s
369081,3000000,Federico Valverde,La Liga,2018,Real Madrid,2010s
370691,300000,Francis Guerrero,La Liga,2018,Betis,2010s
372246,25000000,Carlos Soler,Premier League,2018,Valencia,2010s
374139,100000,Junior Firpo,Premier League,2018,Betis,2010s
380598,800000,Santi Comesaña,La Liga,2018,Rayo Vallecano,2010s
398073,5000000,Achraf Hakimi,Ligue 1,2018,Dortmund,2010s
399887,1000000,Esteban Rolón,Serie A,2018,Genoa,2010s
423444,1500000,Fran Beltrán,La Liga,2018,Celta Vigo,2010s
447052,250000,Peru Nolaskoain,La Liga,2018,Athletic Club,2010s
448344,600000,Óscar Melendo,La Liga,2018,Espanyol,2010s
471474,100000,Javi Martínez,La Liga,2018,Bayern Munich,2010s
3333,12000000,James Milner,Premier League,2018,Liverpool,2010s
10003,3000000,Wes Morgan,Premier League,2018,Leicester City,2010s
11111,12000000,Ramiro Funes Mori,La Liga,2018,Villarreal,2010s
13507,10000000,Leighton Baines,Premier League,2018,Everton,2010s
13573,2500000,Simon Francis,Premier League,2018,Bournemouth,2010s
14086,5000000,Ashley Young,Premier League,2018,Manchester Utd,2010s
14221,5000000,Aaron Lennon,Premier League,2018,Burnley,2010s
15773,1500000,Phil Bardsley,Premier League,2018,Burnley,2010s
15799,5000000,Santi Cazorla,La Liga,2018,Villarreal,2010s
20007,5000000,Pablo Zabaleta,Premier League,2018,West Ham,2010s
389324,15000000,Fernandinho,Premier League,2018,Manchester City,2010s
26399,75000000,Sergio Agüero,La Liga,2018,Manchester City,2010s
29975,2500000,Andrew Surman,Premier League,2018,Bournemouth,2010s
33713,20000000,Theo Walcott,Premier League,2018,Everton,2010s
34691,3000000,Stephen Ward,Premier League,2018,Burnley,2010s
86759,30000000,David Silva,La Liga,2018,Manchester City,2010s
35564,8000000,Fernando Llorente,Serie A,2018,Tottenham,2010s
37304,8000000,Shane Long,Premier League,2018,Southampton,2010s
38145,1500000,Adrian Mariappa,Premier League,2018,Watford,2010s
40433,70000000,Alexis Sánchez,Serie A,2018,Manchester Utd,2010s
40611,20000000,Ryan Bertrand,Premier League,2018,Southampton,2010s
40613,9000000,Jack Cork,Premier League,2018,Burnley,2010s
41416,6000000,James McArthur,Premier League,2018,Crystal Palace,2010s
43003,13000000,Nacho Monreal,La Liga,2018,Arsenal,2010s
43530,25000000,Adam Lallana,Premier League,2018,Liverpool,2010s
43763,7000000,Erik Pieters,Premier League,2018,Amiens,2010s
44741,1250000,Beram Kayal,Premier League,2018,Brighton,2010s
546212,50000000,Diego Costa,Premier League,2018,Atltico Madrid,2010s
44983,3000000,Dan Gosling,Premier League,2018,Bournemouth,2010s
45693,3000000,Glenn Murray,Premier League,2018,Brighton,2010s
46001,20000000,Moussa Sissoko,Ligue 1,2018,Tottenham,2010s
46741,28000000,David Luiz,Premier League,2018,Chelsea,2010s
48002,9000000,Angelo Ogbonna,Premier League,2018,West Ham,2010s
48066,10000000,Andy Carroll,Premier League,2018,West Ham,2010s
49499,30000000,Georginio Wijnaldum,Serie A,2018,Liverpool,2010s
49501,3500000,Elias Kachunga,Premier League,2018,Huddersfield,2010s
49755,6000000,Dale Stephens,Premier League,2018,Brighton,2010s
646658,40000000,Aaron Ramsey,Ligue 1,2018,Arsenal,2010s
50174,30000000,Danny Rose,Premier League,2018,Tottenham,2010s
50201,22000000,Christian Benteke,Premier League,2018,Crystal Palace,2010s
50202,100000000,Eden Hazard,La Liga,2018,Chelsea,2010s
50362,10000000,Fabian Delph,Premier League,2018,Manchester City,2010s
51152,8000000,Aleksandar Mitrović,Premier League,2018,Fulham,2010s
55338,32000000,Willian,Premier League,2018,Chelsea,2010s
53622,30000000,İlkay Gündoğan,Premier League,2018,Manchester City,2010s
55125,1500000,Chris Löwe,Premier League,2018,Huddersfield,2010s
55735,35000000,Henrikh Mkhitaryan,Serie A,2018,Arsenal,2010s
55742,7000000,Harry Arter,Premier League,2018,Cardiff City,2010s
57500,35000000,César Azpilicueta,La Liga,2018,Chelsea,2010s
57842,3000000,Christopher Schindler,Premier League,2018,Huddersfield,2010s
59606,4000000,Craig Cathcart,Premier League,2018,Watford,2010s
61573,2000000,Jonathan Hogg,Premier League,2018,Huddersfield,2010s
61592,7000000,James Tomkins,Premier League,2018,Crystal Palace,2010s
61819,3500000,Charlie Daniels,Premier League,2018,Bournemouth,2010s
163532,5000000,Adam Smith,Premier League,2018,Bournemouth,2010s
62688,5000000,Scott Dann,Premier League,2018,Crystal Palace,2010s
63200,4000000,Ashley Barnes,Premier League,2018,Burnley,2010s
63494,8000000,Étienne Capoue,La Liga,2018,Watford,2010s
1004741,25000000,Pedro,Serie A,2018,Chelsea,2010s
65477,10000000,Troy Deeney,Premier League,2018,Watford,2010s
66100,12000000,Oriol Romeu,La Liga,2018,Southampton,2010s
66934,12000000,Cheikhou Kouyaté,Premier League,2018,Crystal Palace,2010s
68390,15000000,Séamus Coleman,Premier League,2018,Everton,2010s
69633,70000000,Christian Eriksen,Premier League,2018,Tottenham,2010s
70950,5000000,Mohamed Diamé,Premier League,2018,Newcastle Utd,2010s
73484,9000000,Tom Cleverley,Premier League,2018,Watford,2010s
74810,8000000,Ben Mee,Premier League,2018,Burnley,2010s
74869,12000000,Francis Coquelin,Ligue 1,2018,Valencia,2010s
76277,20000000,Laurent Koscielny,Ligue 1,2018,Arsenal,2010s
76467,5000000,Kiko Femenía,La Liga,2018,Watford,2010s
77760,30000000,Victor Wanyama,Premier League,2018,Tottenham,2010s
80197,13000000,Salomón Rondón,Premier League,2018,Newcastle Utd,2010s
80444,90000000,Philippe Coutinho,Premier League,2018,Barcelona,2010s
81512,7000000,Christian Kabasele,Serie A,2018,Watford,2010s
81999,4000000,Joselu,La Liga,2018,Newcastle Utd,2010s
82442,20000000,Olivier Giroud,Serie A,2018,Chelsea,2010s
82873,9000000,Pascal Groß,Bundesliga,2018,Brighton,2010s
86202,30000000,Antonio Rüdiger,La Liga,2018,Chelsea,2010s
86792,18000000,Xherdan Shaqiri,Ligue 1,2018,Liverpool,2010s
87672,4500000,Junior Stanislas,Premier League,2018,Bournemouth,2010s
88590,28000000,Shkodran Mustafi,La Liga,2018,Arsenal,2010s
88755,110000000,Kevin De Bruyne,Premier League,2018,Manchester City,2010s
90836,7000000,Steve Cook,Premier League,2018,Bournemouth,2010s
91059,8000000,Joshua King,Ligue 1,2018,Bournemouth,2010s
91317,4000000,Ashley Westwood,Premier League,2018,Burnley,2010s
92572,5000000,Joel Ward,Premier League,2018,Crystal Palace,2010s
93720,55000000,Alexandre Lacazette,Ligue 1,2018,Arsenal,2010s
95424,40000000,Kyle Walker,Serie A,2018,Manchester City,2010s
95810,15000000,Kieran Trippier,Premier League,2018,Tottenham,2010s
96341,85000000,Romelu Lukaku,Serie A,2018,Manchester Utd,2010s
99343,30000000,Ander Herrera,La Liga,2018,Manchester Utd,2010s
101213,9000000,Pedro Obiang,Serie A,2018,West Ham,2010s
103427,18000000,Chris Smalling,Serie A,2018,Manchester Utd,2010s
108354,7000000,Jordan Ayew,Premier League,2018,Crystal Palace,2010s
108725,12000000,Chris Wood,Premier League,2018,Burnley,2010s
111455,35000000,Granit Xhaka,Bundesliga,2018,Arsenal,2010s
111508,4500000,Allan Nyom,La Liga,2018,Legans,2010s
117996,18000000,Phil Jones,Premier League,2018,Manchester Utd,2010s
119164,4500000,Ezequiel Schelotto,Premier League,2018,Chievo,2010s
119269,8000000,Shane Duffy,Premier League,2018,Brighton,2010s
119296,28000000,Emre Can,Bundesliga,2018,Juventus,2010s
122153,90000000,Paul Pogba,Serie A,2018,Manchester Utd,2010s
450826,10000000,Callum Wilson,Premier League,2018,Bournemouth,2010s
127032,20000000,Serge Aurier,Premier League,2018,Tottenham,2010s
127108,7000000,Florian Lejeune,La Liga,2018,Newcastle Utd,2010s
127187,12000000,Abdoulaye Doucouré,Premier League,2018,Watford,2010s
128900,5000000,Nathaniel Chalobah,Premier League,2018,Watford,2010s
129078,18000000,Nathan Redmond,Premier League,2018,Southampton,2010s
129627,12000000,Charlie Austin,Premier League,2018,Southampton,2010s
131978,25000000,Ross Barkley,Premier League,2018,Chelsea,2010s
132098,120000000,Harry Kane,Bundesliga,2018,Tottenham,2010s
134294,8000000,Danny Ings,Premier League,2018,Southampton,2010s
134425,80000000,Raheem Sterling,Premier League,2018,Manchester City,2010s
134936,7500000,Jesé,Serie A,2018,Betis,2010s
139208,50000000,Virgil van Dijk,Premier League,2018,Liverpool,2010s
141660,25000000,Jesse Lingard,Premier League,2018,Manchester Utd,2010s
808509,18000000,Danilo,Serie A,2018,Manchester City,2010s
146795,5000000,Ryan Fraser,Premier League,2018,Bournemouth,2010s
148153,7000000,Lewis Dunk,Premier League,2018,Brighton,2010s
148262,8000000,Jeff Hendrick,Premier League,2018,Burnley,2010s
148455,80000000,Mohamed Salah,Premier League,2018,Liverpool,2010s
157495,40000000,Benjamin Mendy,Ligue 1,2018,Manchester City,2010s
157509,15000000,Kurt Zouma,Premier League,2018,Everton,2010s
162029,5000000,Javier Manquillo,La Liga,2018,Newcastle Utd,2010s
163744,5000000,Jack Stephens,Premier League,2018,Southampton,2010s
170321,3500000,Paul Dummett,Premier League,2018,Newcastle Utd,2010s
173504,6000000,James Tarkowski,Premier League,2018,Burnley,2010s
173859,20000000,Davide Zappacosta,Serie A,2018,Chelsea,2010s
175722,40000000,Eric Dier,Bundesliga,2018,Tottenham,2010s
177476,15000000,Nathan Aké,Premier League,2018,Bournemouth,2010s
177907,15000000,Harry Maguire,Premier League,2018,Leicester City,2010s
181579,15000000,James Ward-Prowse,Premier League,2018,Southampton,2010s
183288,15000000,Luke Shaw,Premier League,2018,Manchester Utd,2010s
183318,7000000,Jamaal Lascelles,Premier League,2018,Newcastle Utd,2010s
184573,25000000,Victor Lindelöf,Premier League,2018,Manchester Utd,2010s
186590,40000000,John Stones,Premier League,2018,Manchester City,2010s
191217,35000000,Héctor Bellerín,La Liga,2018,Arsenal,2010s
192565,75000000,Leroy Sané,Bundesliga,2018,Manchester City,2010s
257097,18000000,Ben Davies,Premier League,2018,Tottenham,2010s
195652,8000000,Jordon Ibe,Premier League,2018,Bournemouth,2010s
197838,18000000,Jamie Vardy,Premier League,2018,Leicester City,2010s
199369,10000000,Sandro Ramírez,La Liga,2018,Real Sociedad,2010s
199527,7000000,Jacob Murphy,Premier League,2018,Newcastle Utd,2010s
200512,60000000,Sadio Mané,Bundesliga,2018,Liverpool,2010s
202886,8000000,Ruben Loftus-Cheek,Serie A,2018,Chelsea,2010s
202984,10000000,Roque Mesa,La Liga,2018,Sevilla,2010s
203026,2500000,Danny Ward,Premier League,2018,Cardiff City,2010s
203853,4500000,Oleksandr Zinchenko,Premier League,2018,Manchester City,2010s
206225,7000000,Isaac Hayden,Premier League,2018,Newcastle Utd,2010s
207014,10000000,Will Hughes,Premier League,2018,Watford,2010s
207929,80000000,Dele Alli,Serie A,2018,Tottenham,2010s
209212,3500000,Solly March,Premier League,2018,Brighton,2010s
209781,8000000,Oumar Niasse,Premier League,2018,Cardiff City,2010s
215118,14000000,Calum Chambers,Premier League,2018,Fulham,2010s
225083,60000000,N'Golo Kanté,Premier League,2018,Chelsea,2010s
234803,10000000,Andrew Robertson,Premier League,2018,Liverpool,2010s
238639,10000000,Steve Mounié,Bundesliga,2018,Huddersfield,2010s
241641,40000000,Bernardo Silva,Premier League,2018,Manchester City,2010s
242631,10000000,Alex Iwobi,Premier League,2018,Arsenal,2010s
243028,5000000,Jan Bednarek,Premier League,2018,Southampton,2010s
246968,8000000,Ayoze Pérez,La Liga,2018,Newcastle Utd,2010s
247555,5000000,Edimilson Fernandes,Ligue 1,2018,Fiorentina,2010s
249126,15000000,Harry Winks,Premier League,2018,Tottenham,2010s
256178,18000000,Joe Gomez,Premier League,2018,Liverpool,2010s
258889,8000000,Dominic Solanke,Premier League,2018,Bournemouth,2010s
274839,18000000,Wilfred Ndidi,Premier League,2018,Leicester City,2010s
281404,7000000,Kenedy,La Liga,2018,Newcastle Utd,2010s
285845,5000000,Ainsley Maitland-Niles,Ligue 1,2018,Arsenal,2010s
286384,35000000,Eric Bailly,La Liga,2018,Manchester Utd,2010s
292417,15000000,Demarai Gray,Premier League,2018,Leicester City,2010s
295330,15000000,Kelechi Iheanacho,Premier League,2018,Leicester City,2010s
295331,4000000,Isaac Success,Serie A,2018,Watford,2010s
306024,12000000,Dominic Calvert-Lewin,Premier League,2018,Everton,2010s
854853,15000000,Tom Davies,Premier League,2018,Everton,2010s
314353,8000000,Trent Alexander-Arnold,Premier League,2018,Liverpool,2010s
315131,7000000,Timothy Fosu-Mensah,Bundesliga,2018,Fulham,2010s
315969,1000000,Scott McTominay,Serie A,2018,Manchester Utd,2010s
316125,3000000,Ben Chilwell,Premier League,2018,Leicester City,2010s
320411,1000000,Philip Billing,Serie A,2018,Huddersfield,2010s
333241,1250000,Joelinton,Premier League,2018,Hoffenheim,2010s
357662,2000000,Declan Rice,Premier League,2018,West Ham,2010s
363205,70000000,Gabriel Jesus,Premier League,2018,Manchester City,2010s
402008,3000000,Amadou Haidara,Bundesliga,2018,RB Leipzig,2010s
406040,7000000,Ademola Lookman,Serie A,2018,Everton,2010s
406635,5000000,Phil Foden,Premier League,2018,Manchester City,2010s
480763,5000000,Juan Foyth,La Liga,2018,Tottenham,2010s
198116,2000000,Federico Dimarco,Serie A,2018,Parma,2010s
274862,5000000,Moses Simon,Ligue 1,2018,Levante,2010s
424051,4000000,Samuel Kalu,Premier League,2018,Bordeaux,2010s
245078,2500000,Nemanja Radonjić,La Liga,2018,Marseille,2010s
361914,550000,Nayef Aguerd,La Liga,2018,Dijon,2010s
14942,1000000,Darijo Srna,Serie A,2018,Cagliari,2010s
120443,10000000,Santiago Arias,La Liga,2018,Atltico Madrid,2010s
166240,8500000,Jürgen Locadia,Premier League,2018,Brighton,2010s
182574,2500000,Jean-Paul Boëtius,Bundesliga,2018,Mainz 05,2010s
330659,7500000,Justin Kluivert,Premier League,2018,Roma,2010s
337036,300000,Florent Muslija,Bundesliga,2018,Hannover 96,2010s
393325,150000,Josh Sargent,Premier League,2018,Werder Bremen,2010s
11268,250000,Oliver Fink,Bundesliga,2018,Dsseldorf,2010s
16311,1500000,Rouwen Hennings,Bundesliga,2018,Dsseldorf,2010s
40605,900000,Enrico Valentini,Bundesliga,2018,Nrnberg,2010s
51325,1000000,Georg Margreitter,Bundesliga,2018,Nrnberg,2010s
57091,1800000,Hanno Behrens,Bundesliga,2018,Nrnberg,2010s
58500,1000000,Alfredo Morales,Bundesliga,2018,Dsseldorf,2010s
72792,1000000,Niko Gießelmann,Bundesliga,2018,Dsseldorf,2010s
93827,1750000,Steven Skrzybski,Bundesliga,2018,Schalke 04,2010s
106872,1000000,Kevin Stöger,Bundesliga,2018,Dsseldorf,2010s
111881,800000,Takashi Usami,Bundesliga,2018,Dsseldorf,2010s
118196,1250000,Jean Zimmer,Bundesliga,2018,Dsseldorf,2010s
124517,750000,Sebastian Kerk,Bundesliga,2018,Nrnberg,2010s
214070,1400000,Ewerton,Bundesliga,2018,Nrnberg,2010s
185699,1300000,Tim Leibold,Bundesliga,2018,Nrnberg,2010s
193877,1500000,Pascal Köpke,Bundesliga,2018,Hertha BSC,2010s
248999,1500000,Lucas Höler,Bundesliga,2018,Freiburg,2010s
260655,2500000,Eduard Löwen,Bundesliga,2018,Nrnberg,2010s
278323,150000,Alexander Fuchs,Bundesliga,2018,Nrnberg,2010s
278332,1500000,Florian Neuhaus,Bundesliga,2018,Gladbach,2010s
279079,750000,Lukas Mühl,Bundesliga,2018,Nrnberg,2010s
5303,500000,Souleymane Camara,Ligue 1,2018,Montpellier,2010s
5672,500000,Étienne Didot,Ligue 1,2018,Guingamp,2010s
15951,6000000,Dani Alves,La Liga,2018,Paris S-G,2010s
16136,2000000,Dante,Ligue 1,2018,Nice,2010s
18900,8000000,Hatem Ben Arfa,Ligue 1,2018,Rennes,2010s
18909,2500000,Jimmy Briand,Ligue 1,2018,Bordeaux,2010s
18934,3500000,Thomas Mangani,Ligue 1,2018,Angers,2010s
20463,2500000,Corentin Jean,Ligue 1,2018,Toulouse,2010s
22386,1000000,Daniel Congré,Ligue 1,2018,Montpellier,2010s
22390,4000000,Loïc Perrin,Ligue 1,2018,Saint-tienne,2010s
28335,1000000,Christophe Jallet,Ligue 1,2018,Nice,2010s
37647,22000000,Dimitri Payet,Ligue 1,2018,Marseille,2010s
39152,15000000,Radamel Falcao,La Liga,2018,Monaco,2010s
44045,2000000,Kévin Monnet-Paquet,Ligue 1,2018,Saint-tienne,2010s
46552,20000000,Kamil Glik,Serie A,2018,Monaco,2010s
48280,60000000,Edinson Cavani,La Liga,2018,Paris S-G,2010s
51118,5000000,Adil Rami,Ligue 1,2018,Marseille,2010s
55215,18000000,Javier Pastore,La Liga,2018,Roma,2010s
56820,1000000,Jérémy Sorbon,Ligue 1,2018,Guingamp,2010s
57216,1500000,Ismaël Traoré,Ligue 1,2018,Angers,2010s
57370,3500000,Damien Da Silva,Ligue 1,2018,Rennes,2010s
57372,2500000,Lucas Deaux,Ligue 1,2018,Guingamp,2010s
60540,10000000,Valère Germain,Ligue 1,2018,Marseille,2010s
60578,1500000,Prince Oniangué,Ligue 1,2018,Caen,2010s
61812,15000000,Yuri Berchiche,La Liga,2018,Athletic Club,2010s
68290,180000000,Neymar,Ligue 1,2018,Paris S-G,2010s
72479,2000000,Clément Grenier,La Liga,2018,Rennes,2010s
76055,5000000,Ronny Rodelin,Ligue 1,2018,Guingamp,2010s
77100,28000000,Lucas Moura,Premier League,2018,Tottenham,2010s
80173,1000000,Frédéric Sammaritano,Ligue 1,2018,Dijon,2010s
81460,2500000,Nolan Roux,Ligue 1,2018,Guingamp,2010s
83002,3500000,Hiroki Sakai,Ligue 1,2018,Marseille,2010s
83132,2000000,Vincent Manceau,Ligue 1,2018,Angers,2010s
84301,6000000,Benjamin André,Ligue 1,2018,Rennes,2010s
93726,2500000,Paul Lasne,Ligue 1,2018,Montpellier,2010s
98349,2500000,Romain Hamouma,Ligue 1,2018,Saint-tienne,2010s
100986,15000000,Thomas Meunier,Ligue 1,2018,Paris S-G,2010s
103565,10000000,Wahbi Khazri,Ligue 1,2018,Saint-tienne,2010s
111048,2500000,Benjamin Jeannot,Ligue 1,2018,Dijon,2010s
111528,500000,Anthony Gonçalves,Ligue 1,2018,Strasbourg,2010s
113707,5000000,Rémy Cabella,Ligue 1,2018,Saint-tienne,2010s
627224,2500000,Gabriel Silva,Ligue 1,2018,Saint-tienne,2010s
122116,7000000,Nicolas de Préville,Ligue 1,2018,Bordeaux,2010s
122797,5000000,Andy Delort,Ligue 1,2018,Montpellier,2010s
126683,1000000,Tristan Dingomé,Ligue 1,2018,Reims,2010s
127076,5000000,Jérôme Roussillon,Bundesliga,2018,Wolfsburg,2010s
127142,3000000,Jonas Martin,Ligue 1,2018,Strasbourg,2010s
127182,3000000,Thomas Monconduit,Ligue 1,2018,Amiens,2010s
127194,1000000,Yaya Sanogo,Ligue 1,2018,Toulouse,2010s
135492,5000000,Youssouf Sabaly,La Liga,2018,Bordeaux,2010s
135617,9000000,Thiago Mendes,Ligue 1,2018,Lille,2010s
137841,1000000,Romain Amalfitano,Ligue 1,2018,Dijon,2010s
139279,3500000,Nicolas Pallois,Ligue 1,2018,Nantes,2010s
154171,1000000,Benjamin Corgnet,Ligue 1,2018,Strasbourg,2010s
154199,2000000,Wesley Lautoa,Ligue 1,2018,Dijon,2010s
157491,1500000,Jordan Ikoko,Ligue 1,2018,Guingamp,2010s
161869,23000000,Djibril Sidibé,Ligue 1,2018,Monaco,2010s
164230,2000000,Nicolas Benezet,Ligue 1,2018,Guingamp,2010s
167329,15000000,Alassane Pléa,Bundesliga,2018,Gladbach,2010s
170472,2000000,Dimitri Foulquier,La Liga,2018,Getafe,2010s
174094,18000000,Morgan Sanson,Ligue 1,2018,Marseille,2010s
174196,3000000,Kenny Lala,Ligue 1,2018,Strasbourg,2010s
178313,3000000,Jean-Eudes Aholou,Ligue 1,2018,Monaco,2010s
530902,5000000,Abdoulaye Touré,Ligue 1,2018,Nantes,2010s
182889,10000000,Wylan Cyprien,Ligue 1,2018,Nice,2010s
182913,45000000,Adrien Rabiot,Ligue 1,2018,Paris S-G,2010s
182916,3000000,Wesley Saïd,Ligue 1,2018,Dijon,2010s
184491,3500000,Naïm Sliti,Ligue 1,2018,Dijon,2010s
184672,6000000,Guido Carrillo,La Liga,2018,Legans,2010s
184892,28000000,Florian Thauvin,Serie A,2018,Marseille,2010s
184922,750000,Ambroise Oyongo,Ligue 1,2018,Montpellier,2010s
184935,3000000,Kalifa Coulibaly,Ligue 1,2018,Nantes,2010s
189441,7500000,Lucas Ocampos,La Liga,2018,Marseille,2010s
190685,3500000,Bouna Sarr,Bundesliga,2018,Marseille,2010s
190780,7000000,Emiliano Sala,Ligue 1,2018,Nantes,2010s
201737,6000000,Christopher Jullien,Ligue 1,2018,Toulouse,2010s
203496,50000000,Nabil Fekir,La Liga,2018,Lyon,2010s
203507,3500000,Adrien Hunou,Ligue 1,2018,Rennes,2010s
203746,2500000,Ruben Aguilar,Ligue 1,2018,Montpellier,2010s
205503,2500000,Ibrahim Amadou,Ligue 1,2018,Sevilla,2010s
205562,65000000,Thomas Lemar,La Liga,2018,Atltico Madrid,2010s
206746,10000000,Kenny Tete,Premier League,2018,Lyon,2010s
214532,1000000,Pierrick Capelle,Ligue 1,2018,Angers,2010s
215977,4000000,Adrien Thomasson,Ligue 1,2018,Strasbourg,2010s
216499,1500000,Fouad Chafik,Ligue 1,2018,Dijon,2010s
220878,3000000,Issiaga Sylla,Ligue 1,2018,Toulouse,2010s
222859,1250000,Florent Mollet,Ligue 1,2018,Montpellier,2010s
697714,40000000,Fabinho,Premier League,2018,Liverpool,2010s
230066,3000000,Adama Mbengue,Ligue 1,2018,Caen,2010s
231025,1250000,Jordan Marié,Ligue 1,2018,Dijon,2010s
236041,8000000,Alexis Blin,Serie A,2018,Amiens,2010s
238716,2000000,Théo Pellenard,Ligue 1,2018,Angers,2010s
238752,30000000,Keita Baldé,Serie A,2018,Inter,2010s
241229,15000000,Jordan Amavi,Ligue 1,2018,Marseille,2010s
249565,25000000,Youri Tielemans,Premier League,2018,Leicester City,2010s
250013,3500000,Angelo Fulgini,Ligue 1,2018,Angers,2010s
266359,8000000,Benjamin Bourigeaud,Ligue 1,2018,Rennes,2010s
270051,2000000,Andrei Girotto,Ligue 1,2018,Nantes,2010s
270411,5000000,Saîf-Eddine Khaoui,Ligue 1,2018,Caen,2010s
272622,15000000,Issa Diop,Premier League,2018,West Ham,2010s
282041,18000000,Presnel Kimpembe,Ligue 1,2018,Paris S-G,2010s
284732,7000000,Ramy Bensebaini,Bundesliga,2018,Rennes,2010s
285323,3000000,Baptiste Santamaria,Ligue 1,2018,Angers,2010s
288225,5000000,Ludovic Blas,Ligue 1,2018,Guingamp,2010s
290561,2500000,Alexandre Mendy,Ligue 1,2018,Guingamp,2010s
290587,8000000,Ellyes Skhiri,Bundesliga,2018,Montpellier,2010s
291417,7000000,Ferland Mendy,La Liga,2018,Lyon,2010s
292818,6000000,Jonathan Bamba,La Liga,2018,Lille,2010s
294873,9000000,Thiago Maia,Ligue 1,2018,Lille,2010s
296359,2000000,Félix Eboa Eboa,Ligue 1,2018,Guingamp,2010s
296422,2000000,Fodé Ballo-Touré,Ligue 1,2018,Lille,2010s
297070,4000000,Hamari Traoré,La Liga,2018,Rennes,2010s
818495,6500000,Otávio,Ligue 1,2018,Bordeaux,2010s
314940,2000000,Dimitri Liénard,Ligue 1,2018,Strasbourg,2010s
315110,7000000,Karl Toko Ekambi,Ligue 1,2018,Villarreal,2010s
322305,2500000,Jean-Victor Makengo,Ligue 1,2018,Nice,2010s
332889,7500000,Valentin Rongier,Ligue 1,2018,Nantes,2010s
335147,1250000,Junior Sambia,Serie A,2018,Montpellier,2010s
342229,120000000,Kylian Mbappé,La Liga,2018,Paris S-G,2010s
343052,8000000,Nicolas Pépé,La Liga,2018,Lille,2010s
344072,5000000,Kelvin Amian,Ligue 1,2018,Toulouse,2010s
344381,3000000,Christopher Nkunku,Premier League,2018,Paris S-G,2010s
344605,7500000,Boubakary Soumaré,Premier League,2018,Lille,2010s
346289,14000000,Mouctar Diakhaby,La Liga,2018,Valencia,2010s
348026,7000000,Nordi Mukiele,Bundesliga,2018,RB Leipzig,2010s
353948,25000000,Lucas Tousart,Bundesliga,2018,Lyon,2010s
357072,5500000,Faitout Maouassa,La Liga,2018,Nmes,2010s
375885,400000,Ibrahim Sangaré,Premier League,2018,Toulouse,2010s
377393,5000000,Pierre Lees-Melou,Ligue 1,2018,Nice,2010s
378954,15000000,Joris Gnagnon,La Liga,2018,Sevilla,2010s
392810,2500000,Casimir Ninga,Ligue 1,2018,Caen,2010s
394327,3500000,Boubacar Kamara,Premier League,2018,Marseille,2010s
395693,25000000,Houssem Aouar,Serie A,2018,Lyon,2010s
410059,2000000,Bakaye Dibassy,Ligue 1,2018,Amiens,2010s
410425,4000000,Yves Bissouma,Premier League,2018,Brighton,2010s
411975,1000000,Jules Koundé,La Liga,2018,Bordeaux,2010s
412095,400000,Ihsan Sacko,Ligue 1,2018,Nice,2010s
432772,5000000,Samuel Grandsir,Ligue 1,2018,Strasbourg,2010s
435338,600000,Gabriel Magalhães,Premier League,2018,Lille,2010s
435485,9000000,Luiz Araújo,Ligue 1,2018,Lille,2010s
441170,3000000,Valentin Rosier,La Liga,2018,Dijon,2010s
453594,9000000,Adama Diakhaby,Premier League,2018,Huddersfield,2010s
1074917,3000000,Jonathan Silva,La Liga,2018,Legans,2010s
323147,500000,Enrico Brignola,Serie A,2018,Sassuolo,2010s
395516,500000,Moussa Diaby,Premier League,2018,Paris S-G,2010s
486624,500000,Musa Barrow,Serie A,2018,Atalanta,2010s
413843,75000,Keven Schlotterbeck,Bundesliga,2018,Freiburg,2010s
251075,350000,Zeki Çelik,Serie A,2018,Lille,2010s
75287,5000000,Seydou Doumbia,La Liga,2018,Girona,2010s
100131,25000000,William Carvalho,La Liga,2018,Betis,2010s
156501,12000000,Felipe,Premier League,2018,Hannover 96,2010s
163086,6500000,Cristiano Piccini,La Liga,2018,Valencia,2010s
181547,2000000,Gonçalo Paciência,Bundesliga,2018,Eint Frankfurt,2010s
273438,4500000,Danilo Barbosa,Ligue 1,2018,Nice,2010s
512356,900000,Jorginho,Ligue 1,2018,Chelsea,2010s
330223,150000,Hendrik Weydandt,Bundesliga,2018,Hannover 96,2010s
74943,4500000,Juraj Kucka,Premier League,2018,Parma,2010s
277114,3000000,Jason Denayer,Ligue 1,2018,Lyon,2010s
227085,150000,Jonas Hofmann,Bundesliga,2018,Gladbach,2010s
357164,1500000,Rafael Leão,Serie A,2018,Lille,2010s
525287,600000,Carlos Vinícius,Premier League,2018,Monaco,2010s
28984,1000000,Sol Bamba,Premier League,2018,Cardiff City,2010s
57420,7000000,Lamine Koné,Ligue 1,2018,Strasbourg,2010s
60990,3000000,Bruno Ecuele Manga,Ligue 1,2018,Cardiff City,2010s
79723,5000000,Sean Morrison,Premier League,2018,Cardiff City,2010s
123275,15000000,Tom Cairney,Premier League,2018,Fulham,2010s
140191,4000000,Ryan Fredericks,Premier League,2018,West Ham,2010s
142310,5000000,Willy Boly,Premier League,2018,Wolves,2010s
149716,10000000,Ivan Cavaleiro,Ligue 1,2018,Wolves,2010s
158623,3000000,Cyrus Christie,Premier League,2018,Fulham,2010s
169555,1000000,Callum Paterson,Premier League,2018,Cardiff City,2010s
194460,5000000,Joe Bryan,Premier League,2018,Fulham,2010s
199528,1500000,Josh Murphy,Premier League,2018,Cardiff City,2010s
225161,15000000,Rúben Neves,Premier League,2018,Wolves,2010s
277033,5000000,David Brooks,Premier League,2018,Bournemouth,2010s
282058,2500000,Cheikh N'Doye,Ligue 1,2018,Angers,2010s
294057,10000000,James Maddison,Premier League,2018,Leicester City,2010s
340950,12000000,Diogo Jota,Premier League,2018,Wolves,2010s
357158,500000,Rúben Vinagre,Serie A,2018,Wolves,2010s
392775,25000000,Ryan Sessegnon,Premier League,2018,Fulham,2010s
434676,2000000,Ronaldo Vieira,Serie A,2018,Sampdoria,2010s
130765,2000000,Stuart Armstrong,Premier League,2018,Southampton,2010s
225452,7500000,Patrick Roberts,Ligue 1,2018,Girona,2010s
229004,6000000,Moussa Dembélé,Ligue 1,2018,Lyon,2010s
461906,150000,João Moutinho,Serie A,2018,Wolves,2010s
293194,1750000,Borna Sosa,Serie A,2018,Stuttgart,2010s
334835,1350000,Toma Bašić,Serie A,2018,Bordeaux,2010s
181778,20000000,Emerson,Premier League,2018,Betis,2010s
238407,7000000,Alexander Sørloth,La Liga,2018,Crystal Palace,2010s
314678,2500000,Brahim Díaz,La Liga,2018,Real Madrid,2010s
25488,17500000,Antonio Candreva,Serie A,2018,Inter,2010s
40372,6000000,Borja Valero,Serie A,2018,Inter,2010s
45581,4000000,Joel Obi,Serie A,2018,Chievo,2010s
75615,40000000,Douglas Costa,Serie A,2018,Juventus,2010s
79960,50000000,Alex Sandro,Serie A,2018,Juventus,2010s
87884,12000000,Mário Rui,Serie A,2018,Napoli,2010s
93128,50000000,Kalidou Koulibaly,Premier League,2018,Napoli,2010s
96806,2000000,Jacopo Sala,Serie A,2018,Sampdoria,2010s
111196,40000000,Stefan de Vrij,Serie A,2018,Inter,2010s
111961,35000000,Suso,La Liga,2018,Milan,2010s
126414,22000000,Hakan Çalhanoğlu,Serie A,2018,Milan,2010s
128220,22000000,Luis Alberto,Serie A,2018,Lazio,2010s
130360,20000000,Simone Verdi,Serie A,2018,Napoli,2010s
144143,8000000,Bartosz Bereszyński,Serie A,2018,Sampdoria,2010s
167796,5000000,Paolo Faragò,Serie A,2018,Cagliari,2010s
177843,20000000,Domenico Berardi,Serie A,2018,Sassuolo,2010s
182712,25000000,João Cancelo,La Liga,2018,Juventus,2010s
197300,40000000,Federico Bernardeschi,Serie A,2018,Juventus,2010s
197747,35000000,Alessio Romagnoli,Serie A,2018,Milan,2010s
199248,20000000,Bryan Cristante,Serie A,2018,Roma,2010s
206050,100000000,Paulo Dybala,Serie A,2018,Juventus,2010s
225873,15000000,Karol Linetty,Serie A,2018,Sampdoria,2010s
255942,20000000,Nicolò Barella,Serie A,2018,Cagliari,2010s
256448,2000000,Gianluca Mancini,Serie A,2018,Atalanta,2010s
262523,10000000,Davide Calabria,Serie A,2018,Milan,2010s
265078,20000000,Patrick Cutrone,Serie A,2018,Milan,2010s
266302,70000000,Sergej Milinković-Savić,Serie A,2018,Lazio,2010s
277167,10000000,Gian Marco Ferrari,Serie A,2018,Sassuolo,2010s
286297,23000000,Lorenzo Pellegrini,Serie A,2018,Roma,2010s
294808,25000000,Franck Kessié,La Liga,2018,Milan,2010s
308279,7000000,Rolando Mandragora,Serie A,2018,Udinese,2010s
573907,3500000,Luiz Felipe,Ligue 1,2018,Lazio,2010s
16922,6500000,Kevin-Prince Boateng,Bundesliga,2018,Sassuolo,2010s
26485,45000000,Jérôme Boateng,Serie A,2018,Bayern Munich,2010s
28947,10000000,Gonzalo Castro,Bundesliga,2018,Stuttgart,2010s
29993,15000000,Sven Bender,Bundesliga,2018,Leverkusen,2010s
42783,3000000,André Hahn,Bundesliga,2018,Augsburg,2010s
42936,7500000,Nils Petersen,Bundesliga,2018,Freiburg,2010s
49239,10000000,Guido Burgstaller,Bundesliga,2018,Schalke 04,2010s
53437,7000000,Bastian Oczipka,Bundesliga,2018,Schalke 04,2010s
54137,4000000,Caiuby,Bundesliga,2018,Augsburg,2010s
55114,2500000,Oliver Sorg,Bundesliga,2018,Hannover 96,2010s
58178,5000000,David Abraham,Bundesliga,2018,Eint Frankfurt,2010s
58358,55000000,Thomas Müller,Bundesliga,2018,Bayern Munich,2010s
59016,50000000,David Alaba,La Liga,2018,Bayern Munich,2010s
60444,60000000,Thiago Alcántara,Premier League,2018,Bayern Munich,2010s
72519,3000000,Bobby Wood,Bundesliga,2018,Hannover 96,2010s
75489,5000000,Niclas Füllkrug,Premier League,2018,Hannover 96,2010s
85867,4000000,Nico Schulz,Bundesliga,2018,Hoffenheim,2010s
85906,3000000,Danny da Costa,Bundesliga,2018,Eint Frankfurt,2010s
89591,4500000,Felix Klaus,Bundesliga,2018,Wolfsburg,2010s
93704,7000000,Josuha Guilavogui,Bundesliga,2018,Wolfsburg,2010s
93707,4500000,Christian Günter,Bundesliga,2018,Freiburg,2010s
119277,6500000,Yannick Gerhardt,Bundesliga,2018,Wolfsburg,2010s
124732,12000000,John Brooks,Bundesliga,2018,Wolfsburg,2010s
126534,16000000,Salif Sané,Bundesliga,2018,Schalke 04,2010s
148368,10000000,Divock Origi,Premier League,2018,Liverpool,2010s
156779,3000000,Erik Thommy,Bundesliga,2018,Stuttgart,2010s
159471,18000000,Serge Gnabry,Bundesliga,2018,Bayern Munich,2010s
161056,55000000,Joshua Kimmich,Bundesliga,2018,Bayern Munich,2010s
162434,15000000,Niklas Stark,Bundesliga,2018,Hertha BSC,2010s
166601,35000000,Niklas Süle,Bundesliga,2018,Bayern Munich,2010s
182579,10000000,Karim Rekik,La Liga,2018,Hertha BSC,2010s
186368,7500000,Valentino Lazaro,Serie A,2018,Hertha BSC,2010s
187491,10000000,Timo Baumgartl,Bundesliga,2018,Stuttgart,2010s
187492,35000000,Julian Brandt,Bundesliga,2018,Leverkusen,2010s
187587,8500000,Ante Rebić,Serie A,2018,Eint Frankfurt,2010s
192635,15000000,Nico Elvedi,Bundesliga,2018,Gladbach,2010s
193004,10000000,Waldemar Anton,Bundesliga,2018,Hannover 96,2010s
195246,5000000,Pascal Stenzel,Bundesliga,2018,Freiburg,2010s
195736,7500000,Florian Grillitsch,La Liga,2018,Hoffenheim,2010s
196357,30000000,Jonathan Tah,Bundesliga,2018,Leverkusen,2010s
215599,12000000,Lukas Klostermann,Bundesliga,2018,RB Leipzig,2010s
228948,13000000,Thilo Kehrer,Ligue 1,2018,Paris S-G,2010s
229005,10000000,Abdou Diallo,Bundesliga,2018,Dortmund,2010s
232418,3000000,Ondrej Duda,Serie A,2018,Hertha BSC,2010s
237164,7500000,Ihlas Bebou,Bundesliga,2018,Hannover 96,2010s
243714,50000000,Kingsley Coman,Bundesliga,2018,Bayern Munich,2010s
245537,16000000,Nabil Bentaleb,Ligue 1,2018,Schalke 04,2010s
247459,5000000,Chadrac Akolo,Ligue 1,2018,Stuttgart,2010s
256866,6000000,Carlos Salcedo,Bundesliga,2018,Eint Frankfurt,2010s
257462,5000000,Luka Jović,Serie A,2018,Eint Frankfurt,2010s
263236,6000000,Kevin Danso,Premier League,2018,Augsburg,2010s
264956,20000000,Jean-Kévin Augustin,Ligue 1,2018,RB Leipzig,2010s
296397,7500000,Arne Maier,Bundesliga,2018,Hertha BSC,2010s
302215,65000000,Naby Keïta,Bundesliga,2018,Liverpool,2010s
309400,25000000,Kai Havertz,Premier League,2018,Leverkusen,2010s
323954,4500000,Walace,Serie A,2018,Hannover 96,2010s
334526,20000000,Denis Zakaria,Ligue 1,2018,Gladbach,2010s
344695,25000000,Dayot Upamecano,Bundesliga,2018,RB Leipzig,2010s
353366,25000000,Benjamin Pavard,Serie A,2018,Stuttgart,2010s
357119,7000000,Ibrahima Konaté,Premier League,2018,RB Leipzig,2010s
372711,25000000,Amine Harit,Ligue 1,2018,Schalke 04,2010s
387626,45000000,Leon Bailey,Premier League,2018,Leverkusen,2010s
401173,8000000,Jadon Sancho,Premier League,2018,Dortmund,2010s
423436,15000000,Santiago Ascacíbar,Serie A,2018,Stuttgart,2010s
74709,800000,Emmanuel Imorou,Ligue 1,2018,Caen,2010s
67823,1500000,Damián Musto,La Liga,2018,Huesca,2010s
84085,2500000,Timothée Kolodziejczak,Bundesliga,2018,Saint-tienne,2010s
103890,1500000,Luis Advíncula,La Liga,2018,Rayo Vallecano,2010s
332705,800000,Tyler Adams,Premier League,2018,RB Leipzig,2010s
378293,1250000,Yangel Herrera,La Liga,2018,Huesca,2010s
283528,7000000,Ignacio Pussetto,Serie A,2018,Udinese,2010s
355915,750000,Cristian Romero,Premier League,2018,Genoa,2010s
406625,25000000,Lautaro Martínez,Serie A,2018,Inter,2010s
466298,6000000,Santiago Cáseres,La Liga,2018,Villarreal,2010s
95336,150000,Hervé Lybohy,Ligue 1,2018,Nmes,2010s
118278,1000000,Xavier Chavalerin,Ligue 1,2018,Reims,2010s
118732,2000000,Pablo Chavarría,La Liga,2018,Reims,2010s
127156,2500000,Téji Savanier,Ligue 1,2018,Nmes,2010s
154209,1750000,Romain Métanire,Ligue 1,2018,Reims,2010s
190338,3000000,Anthony Briançon,Ligue 1,2018,Nmes,2010s
192492,700000,Jordan Lefort,Ligue 1,2018,Amiens,2010s
193130,2500000,Rachid Alioui,Ligue 1,2018,Nmes,2010s
199704,1500000,Yunis Abdelhamid,Ligue 1,2018,Reims,2010s
203517,1250000,Steven Moreira,Ligue 1,2018,Toulouse,2010s
236045,1750000,Denis Bouanga,Ligue 1,2018,Nmes,2010s
283994,900000,Ludovic Ajorque,Ligue 1,2018,Strasbourg,2010s
290017,700000,Hassane Kamara,Serie A,2018,Reims,2010s
290593,1250000,Sada Thioub,Ligue 1,2018,Nmes,2010s
324811,600000,Arnaud Nordin,Bundesliga,2018,Saint-tienne,2010s
344575,400000,Antonin Bobichon,Ligue 1,2018,Nmes,2010s
347595,600000,Clément Depres,Ligue 1,2018,Nmes,2010s
353399,1500000,Romain Del Castillo,Ligue 1,2018,Rennes,2010s
372712,700000,Ibrahima Sissoko,Bundesliga,2018,Strasbourg,2010s
378965,400000,Cheick Traoré,Ligue 1,2018,Guingamp,2010s
412092,800000,Gaëtan Paquiez,Ligue 1,2018,Nmes,2010s
420002,2500000,Jean-Philippe Mateta,Premier League,2018,Mainz 05,2010s
434358,1500000,Sofiane Alakouch,Ligue 1,2018,Nmes,2010s
358421,2500000,Jakob Johansson,Ligue 1,2018,Rennes,2010s
362842,30000000,Arthur Melo,La Liga,2018,Barcelona,2010s
444523,15000000,Lucas Paquetá,Premier League,2018,Milan,2010s
58864,75000000,Pierre-Emerick Aubameyang,Ligue 1,2018,Arsenal,2010s
341501,1000000,Hamza Choudhury,Premier League,2018,Leicester City,2010s
425400,600000,Farid El Melali,Ligue 1,2018,Angers,2010s
51046,4000000,Héctor Moreno,La Liga,2018,Real Sociedad,2010s
67548,1500000,Rubén Rochina,La Liga,2018,Levante,2010s
71905,2000000,Coke,La Liga,2018,Levante,2010s
102423,600000,Leandro Cabrera,La Liga,2018,Getafe,2010s
346766,5000000,Guilherme Arana,Serie A,2018,Sevilla,2010s
355335,400000,Adrián Diéguez,La Liga,2018,Huesca,2010s
99180,2000000,Federico Santander,Serie A,2018,Bologna,2010s
326300,3000000,Jeff Reine-Adélaïde,Ligue 1,2018,Angers,2010s
386315,600000,Nathaël Julan,Ligue 1,2018,Guingamp,2010s
539232,500000,Jessy Deminguet,Ligue 1,2018,Caen,2010s
548716,250000,Yoël Armougom,Ligue 1,2018,Caen,2010s
581781,500000,Enzo Loiodice,La Liga,2018,Dijon,2010s
532,500000,Claudio Pizarro,Bundesliga,2018,Werder Bremen,2010s
4018,1000000,Daniel Baier,Bundesliga,2018,Augsburg,2010s
5017,2500000,Niklas Moisander,Bundesliga,2018,Werder Bremen,2010s
7971,3500000,Salomon Kalou,Bundesliga,2018,Hertha BSC,2010s
14533,3000000,Pirmin Schwegler,Bundesliga,2018,Hannover 96,2010s
18918,4000000,Per Ciljan Skjelbred,Bundesliga,2018,Hertha BSC,2010s
19112,2000000,Christian Gentner,Bundesliga,2018,Stuttgart,2010s
19305,2500000,Oscar Wendt,Bundesliga,2018,Gladbach,2010s
19354,1500000,Dennis Aogo,Bundesliga,2018,Stuttgart,2010s
19819,4000000,Raffael,Bundesliga,2018,Gladbach,2010s
20081,1500000,Gelson Fernandes,Bundesliga,2018,Eint Frankfurt,2010s
22068,4000000,Franck Ribéry,Serie A,2018,Bayern Munich,2010s
30059,13000000,Lars Bender,Bundesliga,2018,Leverkusen,2010s
31041,4500000,Fabian Johnson,Bundesliga,2018,Gladbach,2010s
32711,4500000,Patrick Herrmann,Bundesliga,2018,Gladbach,2010s
34322,20000000,Sokratis Papastathopoulos,La Liga,2018,Arsenal,2010s
35047,18000000,Axel Witsel,La Liga,2018,Dortmund,2010s
37666,35000000,Arturo Vidal,Serie A,2018,Barcelona,2010s
38410,7500000,Daniel Caligiuri,Bundesliga,2018,Schalke 04,2010s
39025,4500000,Danny Latza,Bundesliga,2018,Mainz 05,2010s
39094,2500000,Sebastian Langkamp,Bundesliga,2018,Werder Bremen,2010s
39106,3000000,Ádám Szalai,Bundesliga,2018,Hoffenheim,2010s
39426,3000000,Nicolai Müller,Bundesliga,2018,Hannover 96,2010s
42033,2000000,Philipp Bargfrede,Bundesliga,2018,Werder Bremen,2010s
43984,3000000,Daniel Brosinski,Bundesliga,2018,Mainz 05,2010s
44466,3000000,Sebastian Rode,Bundesliga,2018,Eint Frankfurt,2010s
45599,5000000,Emiliano Insúa,Bundesliga,2018,Stuttgart,2010s
45662,2000000,Alexander Esswein,Bundesliga,2018,Stuttgart,2010s
47285,3500000,Ibrahima Traoré,Bundesliga,2018,Gladbach,2010s
48298,18000000,Lars Stindl,Bundesliga,2018,Gladbach,2010s
49275,2500000,Albin Ekdal,Serie A,2018,Sampdoria,2010s
52348,8000000,Benjamin Hübner,Bundesliga,2018,Hoffenheim,2010s
53418,18000000,Kevin Kampl,Bundesliga,2018,RB Leipzig,2010s
55099,4000000,Nicolas Höfler,Bundesliga,2018,Freiburg,2010s
57051,15000000,Sebastian Rudy,Bundesliga,2018,Schalke 04,2010s
57845,2000000,Tobias Strobl,Bundesliga,2018,Gladbach,2010s
57995,7000000,Daniel Didavi,Bundesliga,2018,Stuttgart,2010s
58124,1000000,Julian Schieber,Bundesliga,2018,Augsburg,2010s
58345,6000000,Jonathas,Bundesliga,2018,Hannover 96,2010s
58874,10000000,Ignacio Camacho,Bundesliga,2018,Wolfsburg,2010s
60028,1500000,Edgar Prib,Bundesliga,2018,Hannover 96,2010s
60632,2500000,Theodor Gebre Selassie,Bundesliga,2018,Werder Bremen,2010s
61087,12000000,Karim Bellarabi,Bundesliga,2018,Leverkusen,2010s
66005,2000000,Amir Abrashi,Bundesliga,2018,Freiburg,2010s
70285,2500000,Jonathan Schmid,Bundesliga,2018,Augsburg,2010s
77108,1500000,Jérôme Gondorf,Bundesliga,2018,Freiburg,2010s
79501,3500000,Daniel Ginczek,Bundesliga,2018,Wolfsburg,2010s
82009,22000000,Kevin Volland,Bundesliga,2018,Leverkusen,2010s
82070,9000000,Diego Demme,Serie A,2018,RB Leipzig,2010s
82097,12000000,Christoph Kramer,Bundesliga,2018,Gladbach,2010s
82350,6000000,Stefan Bell,Bundesliga,2018,Mainz 05,2010s
84435,12000000,Kevin Vogt,Bundesliga,2018,Hoffenheim,2010s
89701,10000000,Charles Aránguiz,Bundesliga,2018,Leverkusen,2010s
93604,1500000,Lukas Kübler,Bundesliga,2018,Freiburg,2010s
93844,6000000,Leonardo Bittencourt,Bundesliga,2018,Hoffenheim,2010s
99331,14000000,Jannik Vestergaard,Premier League,2018,Southampton,2010s
106270,4000000,Florian Kainz,Bundesliga,2018,Werder Bremen,2010s
106405,8000000,Jeffrey Gouweleeuw,Bundesliga,2018,Augsburg,2010s
108650,4500000,Yuya Osako,Bundesliga,2018,Werder Bremen,2010s
110036,7500000,Dominique Heintz,Bundesliga,2018,Freiburg,2010s
111039,5500000,Ishak Belfodil,Bundesliga,2018,Hoffenheim,2010s
111078,25000000,Emil Forsberg,Bundesliga,2018,RB Leipzig,2010s
118397,5000000,Alessandro Schöpf,Bundesliga,2018,Schalke 04,2010s
118847,5000000,Dominik Kohr,Bundesliga,2018,Leverkusen,2010s
119234,500000,Karim Onisiwo,Bundesliga,2018,Mainz 05,2010s
124410,3500000,Rani Khedira,Bundesliga,2018,Augsburg,2010s
126281,3000000,Alexander Hack,Bundesliga,2018,Mainz 05,2010s
126719,12000000,Juan Bernat,La Liga,2018,Paris S-G,2010s
142281,2000000,Anthony Ujah,Bundesliga,2018,Mainz 05,2010s
152963,4500000,Florian Niederlechner,Bundesliga,2018,Freiburg,2010s
153084,40000000,Leon Goretzka,Bundesliga,2018,Bayern Munich,2010s
157635,10000000,Yussuf Poulsen,Bundesliga,2018,RB Leipzig,2010s
170527,60000000,Timo Werner,Premier League,2018,RB Leipzig,2010s
171362,2500000,Pablo Insua,La Liga,2018,Huesca,2010s
177779,5000000,Janik Haberer,Bundesliga,2018,Freiburg,2010s
178459,12000000,Davie Selke,Bundesliga,2018,Hertha BSC,2010s
185077,7500000,Vincenzo Grifo,Bundesliga,2018,Hoffenheim,2010s
193033,2000000,Tim Kleindienst,Bundesliga,2018,Freiburg,2010s
193782,20000000,Lucas Alario,Bundesliga,2018,Leverkusen,2010s
196095,2500000,Luca Waldschmidt,Bundesliga,2018,Freiburg,2010s
196792,30000000,Julian Weigl,Bundesliga,2018,Dortmund,2010s
223967,8000000,Konrad Laimer,Bundesliga,2018,RB Leipzig,2010s
223974,2500000,Stefan Posch,Serie A,2018,Hoffenheim,2010s
232454,17000000,Nadiem Amiri,Bundesliga,2018,Hoffenheim,2010s
237662,18000000,Breel Embolo,Ligue 1,2018,Schalke 04,2010s
243606,3000000,Anastasios Donis,Ligue 1,2018,Stuttgart,2010s
245744,2000000,Takuma Asano,La Liga,2018,Hannover 96,2010s
251303,500000,Johannes Eggestein,Bundesliga,2018,Werder Bremen,2010s
251309,5000000,Dennis Geiger,Bundesliga,2018,Hoffenheim,2010s
261905,7500000,Suat Serdar,Serie A,2018,Schalke 04,2010s
270541,2500000,Serhou Guirassy,Bundesliga,2018,Amiens,2010s
282577,3000000,Lukas Klünter,Bundesliga,2018,Hertha BSC,2010s
293281,500000,Jacob Bruun Larsen,Bundesliga,2018,Dortmund,2010s
315779,45000000,Christian Pulisic,Serie A,2018,Dortmund,2010s
332697,6500000,Weston McKennie,Serie A,2018,Schalke 04,2010s
335103,500000,Linton Maina,Bundesliga,2018,Hannover 96,2010s
341710,4000000,William,Bundesliga,2018,Wolfsburg,2010s
344598,5000000,Dan-Axel Zagadou,Bundesliga,2018,Dortmund,2010s
719646,6000000,Bernardo,Bundesliga,2018,Brighton,2010s
44136,4000000,Domenico Criscito,Serie A,2018,Genoa,2010s
63821,2500000,Aron Gunnarsson,Premier League,2018,Cardiff City,2010s
124715,8000000,Nikola Maksimović,Ligue 1,2018,Napoli,2010s
166237,20000000,Leandro Paredes,Serie A,2018,Paris S-G,2010s
263918,18000000,Aleksandr Golovin,Ligue 1,2018,Monaco,2010s
316137,500000,Moussa Doumbia,Ligue 1,2018,Reims,2010s
5928,200000,Sergio Pellissier,Serie A,2018,Chievo,2010s
5947,3500000,Daniele De Rossi,Serie A,2018,Roma,2010s
12563,500000,Goran Pandev,Serie A,2018,Genoa,2010s
16631,3000000,Ignazio Abate,Serie A,2018,Milan,2010s
20005,18000000,Papu Gómez,La Liga,2018,Atalanta,2010s
21763,800000,Federico Peluso,Serie A,2018,Sassuolo,2010s
21905,1000000,Valon Behrami,Serie A,2018,Udinese,2010s
22210,1000000,Luca Rigoni,Serie A,2018,Parma,2010s
22328,2000000,Fabio Quagliarella,Serie A,2018,Sampdoria,2010s
26105,4000000,Valter Birsa,Serie A,2018,Cagliari,2010s
29260,10000000,Giorgio Chiellini,Serie A,2018,Juventus,2010s
29401,26000000,Sami Khedira,Bundesliga,2018,Juventus,2010s
29962,700000,Daniele Dessena,Serie A,2018,Cagliari,2010s
30638,300000,Sergio Floccari,Serie A,2018,SPAL,2010s
32113,8500000,Armando Izzo,Serie A,2018,Torino,2010s
33218,1500000,Luca Cigarini,Serie A,2018,Cagliari,2010s
33571,4000000,Lorenzo De Silvestri,Serie A,2018,Torino,2010s
33923,30000000,Blaise Matuidi,Serie A,2018,Juventus,2010s
34344,2500000,Cristián Zapata,Serie A,2018,Milan,2010s
35747,2200000,Simone Missiroli,Serie A,2018,SPAL,2010s
37834,2500000,Felipe Caicedo,Serie A,2018,Lazio,2010s
38607,3500000,Federico Di Francesco,Serie A,2018,Sassuolo,2010s
39153,60000000,Gonzalo Higuaín,Serie A,2018,Chelsea,2010s
40660,500000,Alessandro Matri,Serie A,2018,Sassuolo,2010s
41414,10000000,Lucas Leiva,Serie A,2018,Lazio,2010s
45314,13000000,Federico Fazio,Serie A,2018,Roma,2010s
45565,2000000,Luca Antonelli,Serie A,2018,Empoli,2010s
46156,12000000,Aleksandar Kolarov,Serie A,2018,Roma,2010s
47085,1500000,Nenad Tomović,Serie A,2018,Chievo,2010s
51186,400000,Nicolás Spolli,Serie A,2018,Genoa,2010s
54984,20000000,Diego Perotti,Serie A,2018,Roma,2010s
55769,12000000,Danilo D'Ambrosio,Serie A,2018,Inter,2010s
55854,5000000,Cristian Ansaldi,Serie A,2018,Torino,2010s
56703,500000,Simone Padoin,Serie A,2018,Cagliari,2010s
56762,1200000,Pasquale Schiattarella,Serie A,2018,SPAL,2010s
57280,23000000,Giacomo Bonaventura,Serie A,2018,Milan,2010s
59340,13000000,Iago Falque,Serie A,2018,Torino,2010s
61253,24000000,José Callejón,La Liga,2018,Napoli,2010s
61757,1200000,Nicola Rigoni,Serie A,2018,Chievo,2010s
63531,14000000,Kwadwo Asamoah,Serie A,2018,Inter,2010s
64793,9000000,Leonardo Pavoletti,Serie A,2018,Cagliari,2010s
68306,3500000,Alberto Paloschi,Serie A,2018,SPAL,2010s
70411,1800000,Darko Lazović,Serie A,2018,Genoa,2010s
71019,1400000,Bartosz Salamon,Serie A,2018,Frosinone,2010s
72441,11000000,Rafael Tolói,Serie A,2018,Atalanta,2010s
73794,20000000,Duván Zapata,Serie A,2018,Atalanta,2010s
75942,8000000,Tomás Rincón,Serie A,2018,Torino,2010s
79510,800000,Thiago Cionek,Serie A,2018,SPAL,2010s
83877,3300000,Diego Farias,Serie A,2018,Empoli,2010s
84344,3000000,Davide Santon,Serie A,2018,Roma,2010s
84442,1200000,Leonardo Capezzi,Serie A,2018,Empoli,2010s
84467,250000,Rafael,Serie A,2018,Lyon,2010s
84835,1000000,Emanuele Giaccherini,Serie A,2018,Chievo,2010s
91970,28000000,Juan Cuadrado,Serie A,2018,Juventus,2010s
94529,20000000,Stephan El Shaarawy,Serie A,2018,Roma,2010s
94936,2000000,Vincent Laurini,Serie A,2018,Fiorentina,2010s
101922,700000,Fabio Pisacane,Serie A,2018,Cagliari,2010s
102745,2000000,Luca Ceppitelli,Serie A,2018,Cagliari,2010s
111347,5000000,Lorenzo Tonelli,Serie A,2018,Sampdoria,2010s
113133,13000000,Germán Pezzella,La Liga,2018,Fiorentina,2010s
119115,3800000,Diego Falcinelli,Serie A,2018,Bologna,2010s
957874,3000000,Rômulo,Serie A,2018,Genoa,2010s
121985,13000000,Juan Jesus,Serie A,2018,Roma,2010s
123742,10000000,Gastón Ramírez,Serie A,2018,Sampdoria,2010s
124555,5000000,Cristiano Biraghi,Serie A,2018,Fiorentina,2010s
125020,7500000,José Luis Palomino,Serie A,2018,Atalanta,2010s
126729,1800000,Patric,Serie A,2018,Lazio,2010s
130365,30000000,Alessandro Florenzi,Serie A,2018,Roma,2010s
130394,7000000,Gianluca Lapadula,Serie A,2018,Genoa,2010s
131075,10000000,Francesco Acerbi,Serie A,2018,Lazio,2010s
133964,60000000,Lorenzo Insigne,Serie A,2018,Napoli,2010s
134883,10000000,Daniele Baselli,Serie A,2018,Torino,2010s
140757,4000000,Daniel Bessa,Serie A,2018,Genoa,2010s
146752,7500000,Gianluca Caprari,Serie A,2018,Sampdoria,2010s
159372,30000000,Felipe Anderson,Serie A,2018,West Ham,2010s
163222,10000000,Grégoire Defrel,Serie A,2018,Sampdoria,2010s
164771,18000000,Jordan Veretout,Ligue 1,2018,Fiorentina,2010s
165513,1000000,Berat Djimsiti,Serie A,2018,Atalanta,2010s
171399,4000000,Nicola Murru,Serie A,2018,Sampdoria,2010s
181136,32000000,Piotr Zieliński,Serie A,2018,Napoli,2010s
182893,9500000,Seko Fofana,Ligue 1,2018,Udinese,2010s
184528,1500000,Emil Krafth,Premier League,2018,Amiens,2010s
184894,10000000,Alfred Duncan,Serie A,2018,Sassuolo,2010s
188157,1800000,Sebastián Cristóforo,La Liga,2018,Getafe,2010s
191891,20000000,Arkadiusz Milik,Serie A,2018,Napoli,2010s
197473,7000000,Alberto Grassi,Serie A,2018,Parma,2010s
700646,22000000,André Silva,Bundesliga,2018,Sevilla,2010s
199258,9000000,Andrea Petagna,Serie A,2018,SPAL,2010s
199733,4000000,Danilo Cataldi,Serie A,2018,Lazio,2010s
200056,25000000,Elseid Hysaj,Serie A,2018,Napoli,2010s
207715,3300000,Ibrahima Mbaye,Serie A,2018,Bologna,2010s
208167,7000000,Dawid Kownacki,Bundesliga,2018,Sampdoria,2010s
215616,6000000,Erick Pulgar,Serie A,2018,Bologna,2010s
216179,3500000,Stefano Sensi,Serie A,2018,Sassuolo,2010s
216872,1800000,Francesco Zampano,Serie A,2018,Frosinone,2010s
235931,1300000,Alessandro Deiola,Serie A,2018,Cagliari,2010s
238981,1100000,Vittorio Parigini,Serie A,2018,Torino,2010s
240158,2000000,Francesco Vicari,Serie A,2018,SPAL,2010s
242086,20000000,Patrik Schick,Bundesliga,2018,Roma,2010s
242940,3000000,Edoardo Goldaniga,Serie A,2018,Frosinone,2010s
247377,1500000,Kevin Bonifazi,Serie A,2018,SPAL,2010s
256361,3500000,Daniele Verde,Serie A,2018,Valladolid,2010s
260827,1500000,Joachim Andersen,Premier League,2018,Sampdoria,2010s
262226,5000000,Timothy Castagne,Premier League,2018,Atalanta,2010s
275303,7000000,Hans Hateboer,Ligue 1,2018,Atalanta,2010s
282388,25000000,Giovanni Simeone,Serie A,2018,Fiorentina,2010s
298975,7500000,Pol Lirola,Ligue 1,2018,Sassuolo,2010s
301236,3500000,Francesco Cassata,Serie A,2018,Frosinone,2010s
315853,2500000,Alessandro Bastoni,Serie A,2018,Parma,2010s
315865,2000000,Andrea Pinamonti,Serie A,2018,Frosinone,2010s
319160,15000000,Jakub Jankto,Serie A,2018,Sampdoria,2010s
324282,1800000,Fabio Depaoli,Serie A,2018,Chievo,2010s
337716,4000000,Claud Adjapong,Serie A,2018,Sassuolo,2010s
338425,5000000,Álex Berenguer,La Liga,2018,Torino,2010s
341092,45000000,Federico Chiesa,Premier League,2018,Fiorentina,2010s
341705,10000000,Gerson,Ligue 1,2018,Fiorentina,2010s
364135,12000000,Moise Kean,Serie A,2018,Juventus,2010s
368559,2800000,Ádám Nagy,Serie A,2018,Bologna,2010s
394346,800000,Emanuel Vignato,Serie A,2018,Chievo,2010s
400485,4500000,Adam Ounas,Ligue 1,2018,Napoli,2010s
889683,2000000,Rogério,Bundesliga,2018,Sassuolo,2010s
413507,9000000,Nikola Milenković,Premier League,2018,Fiorentina,2010s
7101,300000,Paolo Sammarco,Serie A,2018,Frosinone,2010s
22140,400000,Domenico Maietta,Serie A,2018,Empoli,2010s
29605,900000,Daniel Ciofani,Serie A,2018,Frosinone,2010s
35743,2000000,Fabio Ceravolo,Serie A,2018,Parma,2010s
39690,800000,Danilo Soddimo,Serie A,2018,Frosinone,2010s
39828,500000,Antonino Barillà,Serie A,2018,Parma,2010s
56912,600000,Levan Mchedlidze,Serie A,2018,Empoli,2010s
59699,600000,Simone Iacoponi,Serie A,2018,Parma,2010s
61511,2800000,Camillo Ciano,Serie A,2018,Frosinone,2010s
84765,2500000,Francesco Caputo,Serie A,2018,Empoli,2010s
84921,1000000,Lorenzo Ariaudo,Serie A,2018,Frosinone,2010s
86079,900000,Luca Siligardi,Serie A,2018,Parma,2010s
109110,1000000,Nicolò Brighenti,Serie A,2018,Frosinone,2010s
119369,1900000,Federico Dionisi,Serie A,2018,Frosinone,2010s
138584,1500000,Luka Krajnc,Serie A,2018,Frosinone,2010s
140559,1600000,Raffaele Maiello,Serie A,2018,Frosinone,2010s
165531,2000000,Jacopo Dezi,Serie A,2018,Parma,2010s
165722,1800000,Antonio Di Gaudio,Serie A,2018,Parma,2010s
167444,1300000,Luca Paganini,Serie A,2018,Frosinone,2010s
168933,1300000,Eddy Gnahoré,Ligue 1,2018,Amiens,2010s
169880,1500000,Giovanni Di Lorenzo,Serie A,2018,Empoli,2010s
197751,7500000,Alberto Cerri,Serie A,2018,Cagliari,2010s
199941,900000,Andrea Beghetto,Serie A,2018,Frosinone,2010s
204294,1750000,Saman Ghoddos,Premier League,2018,Amiens,2010s
240897,700000,Arturo Calabresi,Serie A,2018,Bologna,2010s
287876,2000000,Antonino La Gumina,Serie A,2018,Empoli,2010s
313477,1300000,Paolo Ghiglione,Serie A,2018,Frosinone,2010s
337725,2800000,Christian Kouamé,Serie A,2018,Genoa,2010s
340151,4000000,Andrea Favilli,Serie A,2018,Genoa,2010s
351816,3000000,Ismaël Bennacer,Ligue 1,2018,Empoli,2010s
79377,3500000,Genki Haraguchi,Bundesliga,2018,Hannover 96,2010s
81698,600000,Georg Teigl,Bundesliga,2018,Augsburg,2010s
252345,1000000,Ken Sema,Premier League,2018,Watford,2010s
45567,1750000,Jonathan Biabiany,Serie A,2018,Parma,2010s
361260,150000,Ozan Kabak,Bundesliga,2018,Stuttgart,2010s
392085,1000000,Nicolò Zaniolo,Serie A,2018,Roma,2010s
401922,500000,Samuel Chukwueze,Serie A,2018,Villarreal,2010s
236490,4000000,Ola Aina,Premier League,2018,Torino,2010s
403898,200000,Jordan Beyer,Premier League,2018,Gladbach,2010s
553875,1000000,Pedro Porro,Premier League,2018,Girona,2010s
408471,200000,Javi Puado,La Liga,2018,Espanyol,2010s
38094,1500000,Lee Peltier,Premier League,2018,Cardiff City,2010s
67252,2500000,Ryan Bennett,Premier League,2018,Wolves,2010s
90964,2000000,Joe Bennett,Premier League,2018,Cardiff City,2010s
114093,4000000,Greg Cunningham,Premier League,2018,Cardiff City,2010s
125409,2500000,Nathaniel Mendez-Laing,Premier League,2018,Cardiff City,2010s
136501,350000,Kadeem Harris,Premier League,2018,Cardiff City,2010s
173900,10000000,Hélder Costa,Premier League,2018,Wolves,2010s
195680,5000000,Joe Ralls,Premier League,2018,Cardiff City,2010s
364405,18000000,Adama Traoré,Premier League,2018,Monaco,2010s
391719,1000000,Domingos Quina,Serie A,2018,Watford,2010s
429014,1000000,Morgan Gibbs-White,Premier League,2018,Wolves,2010s
284737,450000,Törles Knöll,Bundesliga,2018,Nrnberg,2010s
402117,1000000,Jules Keita,Ligue 1,2018,Dijon,2010s
413112,5000000,Aurélien Tchouaméni,La Liga,2018,Bordeaux,2010s
424709,150000,Cheick Timite,Ligue 1,2018,Amiens,2010s
463603,150000,Benoît Badiashile,Premier League,2018,Monaco,2010s
531949,2500000,Ignatius Ganago,Ligue 1,2018,Nice,2010s
569389,3000000,Sofiane Diop,Ligue 1,2018,Monaco,2010s
569598,150000,Youssouf Fofana,Serie A,2018,Strasbourg,2010s
596240,500000,Senou Coulibaly,Ligue 1,2018,Dijon,2010s
606450,150000,Gaoussou Traoré,Ligue 1,2018,Amiens,2010s
398065,1500000,Harvey Barnes,Premier League,2018,Leicester City,2010s
333647,1500000,Jonathan Burkardt,Bundesliga,2018,Mainz 05,2010s
331496,100000,Valery Fernández,La Liga,2018,Girona,2010s
501418,200000,Adrià Pedrosa,La Liga,2018,Espanyol,2010s
537382,300000,Bryan Gil,La Liga,2018,Sevilla,2010s
439914,800000,John Yeboah,Serie A,2018,Wolfsburg,2010s
342048,1500000,Grady Diangana,Premier League,2018,West Ham,2010s
300716,12500000,Kieran Tierney,Premier League,2019,Arsenal,2010s
47893,1250000,William Vainqueur,Ligue 1,2019,Toulouse,2010s
550495,5000000,Fernando,La Liga,2019,Sevilla,2010s
60889,4500000,Gary Medel,Serie A,2019,Bologna,2010s
74943,2500000,Juraj Kucka,Premier League,2019,Parma,2010s
361260,6500000,Ozan Kabak,Bundesliga,2019,Schalke 04,2010s
405398,500000,Takefusa Kubo,La Liga,2019,Mallorca,2010s
10503,400000,Uwe Hünemeier,Bundesliga,2019,Paderborn 07,2010s
16831,600000,Ken Reichel,Bundesliga,2019,Union Berlin,2010s
36284,3500000,Simon Terodde,Bundesliga,2019,Kln,2010s
48081,500000,Christian Strohdiek,Bundesliga,2019,Paderborn 07,2010s
50512,9000000,Anthony Modeste,Bundesliga,2019,Kln,2010s
53400,4000000,Dominick Drexler,Bundesliga,2019,Kln,2010s
57598,450000,Klaus Gjasula,Bundesliga,2019,Paderborn 07,2010s
60525,800000,Yoann Court,Ligue 1,2019,Brest,2010s
60957,2250000,Sebastian Polter,Bundesliga,2019,Union Berlin,2010s
75921,600000,Christopher Trimmel,Bundesliga,2019,Union Berlin,2010s
78917,1250000,Julien Faussurier,Ligue 1,2019,Brest,2010s
84150,1750000,Rafael Czichos,Bundesliga,2019,Kln,2010s
85585,800000,John Boye,Ligue 1,2019,Metz,2010s
85822,1000000,Florian Hübner,Bundesliga,2019,Union Berlin,2010s
93678,1500000,Gaëtan Charbonnier,Ligue 1,2019,Brest,2010s
93841,550000,Ben Zolinski,Bundesliga,2019,Paderborn 07,2010s
108537,12500000,Jonas Hector,Bundesliga,2019,Kln,2010s
125614,1500000,Sargis Adamyan,Bundesliga,2019,Hoffenheim,2010s
138055,800000,Haris Belkebla,Ligue 1,2019,Brest,2010s
147485,4000000,Louis Schaub,Bundesliga,2019,Kln,2010s
147573,1250000,Sebastian Andersson,Bundesliga,2019,Union Berlin,2010s
159844,350000,Christopher Lenz,Bundesliga,2019,Union Berlin,2010s
170961,1000000,Thomas Delaine,Ligue 1,2019,Metz,2010s
182875,800000,Jean-Charles Castelletto,Ligue 1,2019,Brest,2010s
186988,650000,Sven Michel,Bundesliga,2019,Paderborn 07,2010s
196815,750000,Joshua Mees,Bundesliga,2019,Union Berlin,2010s
202318,1500000,Farid Boulaya,Ligue 1,2019,Metz,2010s
205587,1500000,Opa Nguette,Ligue 1,2019,Metz,2010s
213751,650000,Sebastian Schonlau,Bundesliga,2019,Paderborn 07,2010s
221611,650000,Paulo Otávio,Bundesliga,2019,Wolfsburg,2010s
229006,900000,Franck Honorat,Bundesliga,2019,Saint-tienne,2010s
232895,2000000,Zinedine Ferhat,Ligue 1,2019,Nmes,2010s
234029,1250000,Grischa Prömel,Bundesliga,2019,Union Berlin,2010s
254934,900000,Jamilu Collins,Bundesliga,2019,Paderborn 07,2010s
255220,1000000,Romain Philippoteaux,Ligue 1,2019,Nmes,2010s
270541,2000000,Serhou Guirassy,Bundesliga,2019,Amiens,2010s
286779,7000000,Jorge Meré,La Liga,2019,Kln,2010s
289182,550000,Christopher Antwi-Adjei,Bundesliga,2019,Paderborn 07,2010s
293944,1000000,Habib Maïga,Ligue 1,2019,Metz,2010s
318523,800000,Romain Perraud,La Liga,2019,Brest,2010s
333516,800000,Sebastian Vasiliadis,Bundesliga,2019,Paderborn 07,2010s
344888,3500000,Habib Diallo,Ligue 1,2019,Metz,2010s
356118,1250000,Suleiman Abdullahi,Bundesliga,2019,Union Berlin,2010s
372713,1000000,Florian Ayé,Ligue 1,2019,Brescia,2010s
384593,1000000,Alexis Claude-Maurice,Bundesliga,2019,Nice,2010s
384859,700000,Fabien Centonze,Ligue 1,2019,Metz,2010s
391376,1000000,Lamine Fomba,Ligue 1,2019,Nmes,2010s
413032,400000,Ibrahima Diallo,Premier League,2019,Brest,2010s
422380,1250000,Bernard Tekpetey,Bundesliga,2019,Dsseldorf,2010s
450050,1000000,Jean-Ricner Bellegarde,Premier League,2019,Strasbourg,2010s
474662,150000,Hugo Magnetti,Ligue 1,2019,Brest,2010s
490417,2500000,Ibrahima Niane,Ligue 1,2019,Metz,2010s
45383,3500000,Adrián López,La Liga,2019,Osasuna,2010s
74294,6500000,Nemanja Gudelj,La Liga,2019,Sevilla,2010s
93795,6000000,Facundo Ferreyra,La Liga,2019,Espanyol,2010s
122043,22000000,Héctor Herrera,La Liga,2019,Atltico Madrid,2010s
156501,17000000,Felipe,Premier League,2019,Atltico Madrid,2010s
214775,14000000,Óliver Torres,La Liga,2019,Sevilla,2010s
240306,30000000,Bruno Fernandes,Premier League,2019,Manchester Utd,2010s
401530,35000000,Éder Militão,La Liga,2019,Real Madrid,2010s
462250,15000000,João Félix,Serie A,2019,Atltico Madrid,2010s
161060,400000,Streli Mamba,Bundesliga,2019,Paderborn 07,2010s
563812,5000000,Christian Oliva,Serie A,2019,Cagliari,2010s
19447,800000,Giampaolo Pazzini,Serie A,2019,Hellas Verona,2010s
842718,500000,Paulinho,Serie A,2019,Leverkusen,2010s
45389,1700000,Samuel Di Carmine,Serie A,2019,Hellas Verona,2010s
46413,1400000,Ante Budimir,La Liga,2019,Mallorca,2010s
54581,4000000,Ilija Nestorovski,Serie A,2019,Udinese,2010s
62415,800000,Panagiotis Tachtsidis,Serie A,2019,Lecce,2010s
70689,1500000,Filippo Falco,Serie A,2019,Lecce,2010s
73926,900000,Davide Faraoni,Serie A,2019,Hellas Verona,2010s
74448,1200000,Andrea Rispoli,Serie A,2019,Lecce,2010s
124002,400000,Biagio Meccariello,Serie A,2019,Lecce,2010s
130485,2800000,Alfredo Donnarumma,Serie A,2019,Brescia,2010s
131109,2800000,Gastón Brugman,Serie A,2019,Parma,2010s
134369,300000,Andrea Tabanelli,Serie A,2019,Lecce,2010s
134983,1000000,Andrea La Mantia,Serie A,2019,Lecce,2010s
159883,1000000,Ernesto Torregrossa,Serie A,2019,Brescia,2010s
160561,800000,Fabio Lucioni,Serie A,2019,Lecce,2010s
162961,3500000,Valerio Verre,Serie A,2019,Hellas Verona,2010s
163216,2500000,Dimitri Bisoli,Serie A,2019,Brescia,2010s
164108,1700000,Bruno Martella,Serie A,2019,Brescia,2010s
167491,1000000,Stefano Sabelli,Serie A,2019,Brescia,2010s
218067,700000,Jacopo Petriccione,Serie A,2019,Lecce,2010s
240219,1500000,Lorenzo Venuti,Serie A,2019,Fiorentina,2010s
241527,1500000,Federico Bonazzoli,Serie A,2019,Sampdoria,2010s
248732,1600000,Paweł Dawidowicz,Serie A,2019,Hellas Verona,2010s
287717,900000,Emanuele Ndoj,Serie A,2019,Brescia,2010s
303116,1800000,Gaetano Castrovilli,Serie A,2019,Fiorentina,2010s
315843,125000,Alessandro Semprini,Serie A,2019,Brescia,2010s
337381,600000,Andrea Cistana,Serie A,2019,Brescia,2010s
397033,15000000,Sandro Tonali,Premier League,2019,Brescia,2010s
457673,300000,Gabriel Strefezza,Serie A,2019,SPAL,2010s
119085,3500000,Loris Benito,Ligue 1,2019,Bordeaux,2010s
212723,9000000,Djibril Sow,La Liga,2019,Eint Frankfurt,2010s
263183,7500000,Roger Assalé,Ligue 1,2019,Legans,2010s
512356,1350000,Jorginho,Ligue 1,2019,Chelsea,2010s
237499,400000,Aleksandar Sedlar,La Liga,2019,Mallorca,2010s
223572,200000,Kai Pröger,Bundesliga,2019,Paderborn 07,2010s
282349,150000,Timo Becker,Bundesliga,2019,Schalke 04,2010s
342385,10000000,Guido Rodríguez,Premier League,2019,Betis,2010s
605893,3000000,Lucas Ribeiro,Bundesliga,2019,Hoffenheim,2010s
324278,350000,Christoph Baumgartner,Bundesliga,2019,Hoffenheim,2010s
342039,25000,Yannik Keitel,Bundesliga,2019,Freiburg,2010s
388198,75000,Nico Schlotterbeck,Bundesliga,2019,Freiburg,2010s
413843,100000,Keven Schlotterbeck,Bundesliga,2019,Union Berlin,2010s
392768,25000000,Callum Hudson-Odoi,Premier League,2019,Chelsea,2010s
406008,2500000,Yan Valery,Premier League,2019,Southampton,2010s
463605,1000000,Bafodé Diakité,Ligue 1,2019,Toulouse,2010s
584769,2500000,Dwight McNeil,Premier League,2019,Burnley,2010s
243541,4000000,Deyverson,La Liga,2019,Getafe,2010s
412363,40000000,Rodrygo,La Liga,2019,Real Madrid,2010s
520468,2000000,Iago,Bundesliga,2019,Augsburg,2010s
578872,500000,Jean Lucas,Ligue 1,2019,Lyon,2010s
42920,1000000,Fran Mérida,La Liga,2019,Osasuna,2010s
298589,100000,David García,La Liga,2019,Osasuna,2010s
58330,1200000,Víctor Díaz,La Liga,2019,Granada,2010s
58799,200000,Salva Sevilla,La Liga,2019,Mallorca,2010s
59551,1000000,Ángel Montoro,La Liga,2019,Granada,2010s
63040,1200000,Oier Sanjurjo,La Liga,2019,Osasuna,2010s
71579,800000,Iñigo Pérez,La Liga,2019,Osasuna,2010s
73782,1000000,Adrián Ramos,La Liga,2019,Granada,2010s
82503,700000,Aridane Hernández,La Liga,2019,Osasuna,2010s
85500,500000,Juan Villar,La Liga,2019,Osasuna,2010s
95963,300000,Germán Sánchez,La Liga,2019,Granada,2010s
131667,800000,Ramon Azeez,La Liga,2019,Granada,2010s
834470,600000,Dani Rodríguez,La Liga,2019,Mallorca,2010s
158795,1500000,David Timor,La Liga,2019,Getafe,2010s
161267,300000,Josep Señé,La Liga,2019,Mallorca,2010s
162074,900000,Álvaro Vadillo,La Liga,2019,Granada,2010s
177452,500000,Abdón Prats,La Liga,2019,Mallorca,2010s
193784,1000000,Carlos Clerc,La Liga,2019,Levante,2010s
197122,1000000,Unai García,La Liga,2019,Osasuna,2010s
211251,2500000,Darwin Machís,La Liga,2019,Granada,2010s
361238,2000000,Rubén García,La Liga,2019,Osasuna,2010s
216464,1500000,Carlos Fernández,La Liga,2019,Granada,2010s
216870,1000000,Nacho Vidal,La Liga,2019,Osasuna,2010s
217144,1000000,Aleix Febas,La Liga,2019,Mallorca,2010s
251897,600000,Asier Villalibre,La Liga,2019,Athletic Club,2010s
257376,2500000,Domingos Duarte,La Liga,2019,Granada,2010s
262365,1000000,Antonio Puertas,La Liga,2019,Granada,2010s
278837,1000000,Luis Rioja,La Liga,2019,Alavs,2010s
282810,1500000,Carles Pérez,La Liga,2019,Roma,2010s
290273,1000000,Álvaro Tejero,La Liga,2019,Eibar,2010s
298575,1200000,Kike Barja,La Liga,2019,Osasuna,2010s
307519,2000000,Fede San Emeterio,La Liga,2019,Valladolid,2010s
337922,600000,Esteban Burgos,La Liga,2019,Eibar,2010s
341227,5000000,Juan Miranda,Serie A,2019,Schalke 04,2010s
349599,800000,Pervis Estupiñán,Premier League,2019,Osasuna,2010s
378139,600000,Aitor Ruibal,La Liga,2019,Legans,2010s
394285,200000,Víctor Campuzano,La Liga,2019,Espanyol,2010s
398163,300000,Gonzalo Villar,La Liga,2019,Roma,2010s
399776,2500000,Pau Torres,Premier League,2019,Villarreal,2010s
424784,500000,Luis Suárez,La Liga,2019,Barcelona,2010s
442805,300000,Iddrisu Baba,La Liga,2019,Mallorca,2010s
442816,500000,Fran Gámez,La Liga,2019,Mallorca,2010s
448844,200000,Carlos Neva,La Liga,2019,Granada,2010s
501418,300000,Adrià Pedrosa,La Liga,2019,Espanyol,2010s
506248,800000,Edu Expósito,La Liga,2019,Eibar,2010s
563963,250000,Mohammed Salisu,Ligue 1,2019,Valladolid,2010s
571020,1000000,Oihan Sancet,La Liga,2019,Athletic Club,2010s
590690,250000,Víctor García,La Liga,2019,Valladolid,2010s
616369,1000000,Ander Barrenetxea,La Liga,2019,Real Sociedad,2010s
392085,40000000,Nicolò Zaniolo,Serie A,2019,Roma,2010s
35416,1500000,David McGoldrick,Premier League,2019,Sheffield Utd,2010s
46972,4000000,Teemu Pukki,Premier League,2019,Norwich City,2010s
49542,2000000,Billy Sharp,Premier League,2019,Sheffield Utd,2010s
54383,4000000,John Fleck,Premier League,2019,Sheffield Utd,2010s
77812,1500000,Christoph Zimmermann,Bundesliga,2019,Norwich City,2010s
85706,2000000,Enda Stevens,Premier League,2019,Sheffield Utd,2010s
109751,3000000,Onel Hernández,Premier League,2019,Norwich City,2010s
146690,1000000,George Baldock,Premier League,2019,Sheffield Utd,2010s
183299,3500000,Callum Robinson,Premier League,2019,Sheffield Utd,2010s
193116,3500000,John McGinn,Premier League,2019,Aston Villa,2010s
198589,5000000,Lewis Baker,Premier League,2019,Dsseldorf,2010s
212847,5000000,Adam Webster,Premier League,2019,Brighton,2010s
217115,10000000,Neal Maupay,Ligue 1,2019,Brighton,2010s
279455,8000000,Harry Wilson,Premier League,2019,Bournemouth,2010s
303254,7000000,Fikayo Tomori,Serie A,2019,Chelsea,2010s
314875,8000000,Jarrod Bowen,Premier League,2019,West Ham,2010s
319301,3000000,Daniel James,Premier League,2019,Manchester Utd,2010s
331726,15000000,Tammy Abraham,Serie A,2019,Chelsea,2010s
343475,3500000,Ben Godfrey,Premier League,2019,Norwich City,2010s
346018,4000000,Jamal Lewis,Premier League,2019,Norwich City,2010s
413403,3500000,Ezri Konsa,Premier League,2019,Aston Villa,2010s
37666,18000000,Arturo Vidal,Serie A,2019,Barcelona,2010s
39381,70000000,Gareth Bale,La Liga,2019,Real Madrid,2010s
57825,1000000,Jorge Molina,La Liga,2019,Getafe,2010s
66106,15000000,Sergio Canales,La Liga,2019,Betis,2010s
67548,3000000,Rubén Rochina,La Liga,2019,Levante,2010s
72047,20000000,Iago Aspas,La Liga,2019,Celta Vigo,2010s
80444,100000000,Philippe Coutinho,Premier League,2019,Bayern Munich,2010s
85288,60000000,Isco,La Liga,2019,Real Madrid,2010s
85383,5000000,Rubén Sobrino,La Liga,2019,Valencia,2010s
114060,3000000,Enric Gallego,La Liga,2019,Osasuna,2010s
127837,4000000,Ibai Gómez,La Liga,2019,Athletic Club,2010s
205022,15000000,Rafinha,La Liga,2019,Barcelona,2010s
142021,10000000,Sergi Darder,La Liga,2019,Espanyol,2010s
156808,4000000,Unai Bustinza,La Liga,2019,Legans,2010s
175449,5000000,Moi Gómez,La Liga,2019,Villarreal,2010s
177467,17500000,Gerard Moreno,La Liga,2019,Villarreal,2010s
182904,50000000,Clément Lenglet,La Liga,2019,Barcelona,2010s
184672,10000000,Guido Carrillo,La Liga,2019,Legans,2010s
205562,50000000,Thomas Lemar,La Liga,2019,Atltico Madrid,2010s
212391,10000000,Roger Martí,La Liga,2019,Levante,2010s
221309,2500000,Óscar Plano,La Liga,2019,Valladolid,2010s
223725,9000000,Munir El Haddadi,La Liga,2019,Sevilla,2010s
227961,10000000,Jaime Mata,La Liga,2019,Getafe,2010s
230784,50000000,Thomas Partey,Premier League,2019,Atltico Madrid,2010s
231572,40000000,Nélson Semedo,Premier League,2019,Barcelona,2010s
238868,10000000,Rubén Peña,La Liga,2019,Villarreal,2010s
250845,70000000,José María Giménez,La Liga,2019,Atltico Madrid,2010s
251106,5000000,Enes Ünal,Premier League,2019,Valladolid,2010s
255508,30000000,Iñaki Williams,La Liga,2019,Athletic Club,2010s
256429,5000000,Sergi Guardiola,La Liga,2019,Valladolid,2010s
263727,10000000,Joan Jordán,La Liga,2019,Sevilla,2010s
281963,70000000,Lucas Hernández,Ligue 1,2019,Bayern Munich,2010s
282429,15000000,Sergio Reguilón,Premier League,2019,Sevilla,2010s
284854,25000000,Carles Aleñá,La Liga,2019,Barcelona,2010s
288230,120000000,Ousmane Dembélé,Ligue 1,2019,Barcelona,2010s
314678,17000000,Brahim Díaz,La Liga,2019,Real Madrid,2010s
320271,5000000,Toni Lato,La Liga,2019,Osasuna,2010s
338285,10000000,Unai Núñez,La Liga,2019,Athletic Club,2010s
346289,15000000,Mouctar Diakhaby,La Liga,2019,Valencia,2010s
348795,40000000,Giovani Lo Celso,La Liga,2019,Tottenham,2010s
356197,15000000,Alfonso Pedraza,La Liga,2019,Betis,2010s
362842,60000000,Arthur Melo,La Liga,2019,Barcelona,2010s
378293,1500000,Yangel Herrera,La Liga,2019,Granada,2010s
401922,10000000,Samuel Chukwueze,Serie A,2019,Villarreal,2010s
29401,15000000,Sami Khedira,Bundesliga,2019,Juventus,2010s
32113,15000000,Armando Izzo,Serie A,2019,Torino,2010s
54984,15000000,Diego Perotti,Serie A,2019,Roma,2010s
55215,15000000,Javier Pastore,La Liga,2019,Roma,2010s
73794,35000000,Duván Zapata,Serie A,2019,Atalanta,2010s
111961,45000000,Suso,La Liga,2019,Milan,2010s
119228,10000000,Luis Muriel,Serie A,2019,Atalanta,2010s
124715,17000000,Nikola Maksimović,Ligue 1,2019,Napoli,2010s
385271,60000000,Allan,Premier League,2019,Napoli,2010s
128220,30000000,Luis Alberto,Serie A,2019,Lazio,2010s
191891,35000000,Arkadiusz Milik,Serie A,2019,Napoli,2010s
197747,50000000,Alessio Romagnoli,Serie A,2019,Milan,2010s
206050,100000000,Paulo Dybala,Serie A,2019,Juventus,2010s
216179,12000000,Stefano Sensi,Serie A,2019,Inter,2010s
234523,10000000,Antonio Sanabria,Serie A,2019,Genoa,2010s
236490,8500000,Ola Aina,Premier League,2019,Torino,2010s
245056,2000000,Saša Lukić,Premier League,2019,Torino,2010s
247377,4000000,Kevin Bonifazi,Serie A,2019,Torino,2010s
247555,8000000,Edimilson Fernandes,Ligue 1,2019,Mainz 05,2010s
256448,15000000,Gianluca Mancini,Serie A,2019,Roma,2010s
260827,20000000,Joachim Andersen,Premier League,2019,Lyon,2010s
262226,10000000,Timothy Castagne,Premier League,2019,Atalanta,2010s
262523,20000000,Davide Calabria,Serie A,2019,Milan,2010s
315853,15000000,Alessandro Bastoni,Serie A,2019,Inter,2010s
315865,7000000,Andrea Pinamonti,Serie A,2019,Genoa,2010s
324282,5000000,Fabio Depaoli,Serie A,2019,Sampdoria,2010s
351816,10000000,Ismaël Bennacer,Ligue 1,2019,Milan,2010s
355915,15000000,Cristian Romero,Premier League,2019,Genoa,2010s
400485,10000000,Adam Ounas,Ligue 1,2019,Nice,2010s
889683,8000000,Rogério,Bundesliga,2019,Sassuolo,2010s
444523,35000000,Lucas Paquetá,Premier League,2019,Milan,2010s
183647,100000,Álvaro González,Serie A,2019,Marseille,2010s
259930,3000000,Gabriel Fernández,La Liga,2019,Celta Vigo,2010s
207877,10000000,Ruslan Malinovskyi,Serie A,2019,Atalanta,2010s
295313,2000000,Taiwo Awoniyi,Premier League,2019,Mainz 05,2010s
331560,9000000,Takehiro Tomiyasu,Premier League,2019,Bologna,2010s
381362,18000000,Wesley Moraes,Premier League,2019,Aston Villa,2010s
381950,3500000,Alexis Saelemaekers,Serie A,2019,Milan,2010s
450417,7000000,Dylan Bronn,Serie A,2019,Metz,2010s
33713,18000000,Theo Walcott,Premier League,2019,Everton,2010s
39153,45000000,Gonzalo Higuaín,Serie A,2019,Juventus,2010s
69633,85000000,Christian Eriksen,Premier League,2019,Tottenham,2010s
122153,90000000,Paul Pogba,Serie A,2019,Manchester Utd,2010s
129476,18000000,Gerard Deulofeu,Serie A,2019,Watford,2010s
131978,28000000,Ross Barkley,Premier League,2019,Chelsea,2010s
135343,7000000,Fabian Schär,Premier League,2019,Newcastle Utd,2010s
146795,18000000,Ryan Fraser,Premier League,2019,Bournemouth,2010s
157495,40000000,Benjamin Mendy,Ligue 1,2019,Manchester City,2010s
159372,40000000,Felipe Anderson,Serie A,2019,West Ham,2010s
177476,28000000,Nathan Aké,Premier League,2019,Bournemouth,2010s
183288,25000000,Luke Shaw,Premier League,2019,Manchester Utd,2010s
184573,35000000,Victor Lindelöf,Premier League,2019,Manchester Utd,2010s
200512,85000000,Sadio Mané,Bundesliga,2019,Liverpool,2010s
697714,45000000,Fabinho,Premier League,2019,Liverpool,2010s
234803,50000000,Andrew Robertson,Premier League,2019,Liverpool,2010s
241641,80000000,Bernardo Silva,Premier League,2019,Manchester City,2010s
243028,8000000,Jan Bednarek,Premier League,2019,Southampton,2010s
249126,20000000,Harry Winks,Premier League,2019,Tottenham,2010s
249565,22000000,Youri Tielemans,Premier League,2019,Leicester City,2010s
258889,18000000,Dominic Solanke,Premier League,2019,Bournemouth,2010s
272622,30000000,Issa Diop,Premier League,2019,West Ham,2010s
277033,20000000,David Brooks,Premier League,2019,Bournemouth,2010s
314353,50000000,Trent Alexander-Arnold,Premier League,2019,Liverpool,2010s
346707,2500000,Sean Longstaff,Premier League,2019,Newcastle Utd,2010s
357662,35000000,Declan Rice,Premier League,2019,West Ham,2010s
398065,7000000,Harvey Barnes,Premier League,2019,Leicester City,2010s
406635,25000000,Phil Foden,Premier League,2019,Manchester City,2010s
477758,25000000,Aaron Wan-Bissaka,Premier League,2019,Manchester Utd,2010s
480987,12000000,Chris Mepham,Premier League,2019,Bournemouth,2010s
44466,3000000,Sebastian Rode,Bundesliga,2019,Eint Frankfurt,2010s
53418,22000000,Kevin Kampl,Bundesliga,2019,RB Leipzig,2010s
57051,11000000,Sebastian Rudy,Bundesliga,2019,Hoffenheim,2010s
58500,2000000,Alfredo Morales,Bundesliga,2019,Dsseldorf,2010s
60444,70000000,Thiago Alcántara,Premier League,2019,Bayern Munich,2010s
61087,15000000,Karim Bellarabi,Bundesliga,2019,Leverkusen,2010s
72792,3500000,Niko Gießelmann,Bundesliga,2019,Dsseldorf,2010s
82070,17000000,Diego Demme,Serie A,2019,Napoli,2010s
85906,12000000,Danny da Costa,Bundesliga,2019,Eint Frankfurt,2010s
89591,2500000,Felix Klaus,Bundesliga,2019,Wolfsburg,2010s
93604,2500000,Lukas Kübler,Bundesliga,2019,Freiburg,2010s
106872,4000000,Kevin Stöger,Bundesliga,2019,Dsseldorf,2010s
118196,2750000,Jean Zimmer,Bundesliga,2019,Dsseldorf,2010s
119234,1500000,Karim Onisiwo,Bundesliga,2019,Mainz 05,2010s
119277,8500000,Yannick Gerhardt,Bundesliga,2019,Wolfsburg,2010s
126534,15000000,Salif Sané,Bundesliga,2019,Schalke 04,2010s
127076,15000000,Jérôme Roussillon,Bundesliga,2019,Wolfsburg,2010s
153084,50000000,Leon Goretzka,Bundesliga,2019,Bayern Munich,2010s
157635,30000000,Yussuf Poulsen,Bundesliga,2019,RB Leipzig,2010s
159471,45000000,Serge Gnabry,Bundesliga,2019,Bayern Munich,2010s
177779,8500000,Janik Haberer,Bundesliga,2019,Freiburg,2010s
178459,20000000,Davie Selke,Bundesliga,2019,Hertha BSC,2010s
187492,45000000,Julian Brandt,Bundesliga,2019,Dortmund,2010s
192635,35000000,Nico Elvedi,Bundesliga,2019,Gladbach,2010s
196095,10000000,Luca Waldschmidt,Bundesliga,2019,Freiburg,2010s
196357,35000000,Jonathan Tah,Bundesliga,2019,Leverkusen,2010s
215599,22000000,Lukas Klostermann,Bundesliga,2019,RB Leipzig,2010s
223967,14000000,Konrad Laimer,Bundesliga,2019,RB Leipzig,2010s
223974,5500000,Stefan Posch,Serie A,2019,Hoffenheim,2010s
232418,15000000,Ondrej Duda,Serie A,2019,Norwich City,2010s
237662,12000000,Breel Embolo,Ligue 1,2019,Gladbach,2010s
247459,2500000,Chadrac Akolo,Ligue 1,2019,Amiens,2010s
251303,7500000,Johannes Eggestein,Bundesliga,2019,Werder Bremen,2010s
251878,16000000,Aarón Martín,Serie A,2019,Mainz 05,2010s
257462,55000000,Luka Jović,Serie A,2019,Real Madrid,2010s
264956,20000000,Jean-Kévin Augustin,Ligue 1,2019,Monaco,2010s
278332,24000000,Florian Neuhaus,Bundesliga,2019,Gladbach,2010s
296397,22000000,Arne Maier,Bundesliga,2019,Hertha BSC,2010s
315779,60000000,Christian Pulisic,Serie A,2019,Chelsea,2010s
323954,10000000,Walace,Serie A,2019,Udinese,2010s
332697,20000000,Weston McKennie,Serie A,2019,Schalke 04,2010s
333241,35000000,Joelinton,Premier League,2019,Newcastle Utd,2010s
344598,30000000,Dan-Axel Zagadou,Bundesliga,2019,Dortmund,2010s
372711,15000000,Amine Harit,Ligue 1,2019,Schalke 04,2010s
398073,30000000,Achraf Hakimi,Ligue 1,2019,Dortmund,2010s
401173,80000000,Jadon Sancho,Premier League,2019,Dortmund,2010s
8806,20000000,Cesc Fàbregas,Ligue 1,2019,Monaco,2010s
18934,2500000,Thomas Mangani,Ligue 1,2019,Angers,2010s
43763,5000000,Erik Pieters,Premier League,2019,Burnley,2010s
45121,3000000,Loïc Rémy,Ligue 1,2019,Lille,2010s
48280,50000000,Edinson Cavani,La Liga,2019,Paris S-G,2010s
60540,8000000,Valère Germain,Ligue 1,2019,Marseille,2010s
68864,20000000,Kevin Strootman,Serie A,2019,Marseille,2010s
72479,7500000,Clément Grenier,La Liga,2019,Rennes,2010s
81460,2000000,Nolan Roux,Ligue 1,2019,Nmes,2010s
103565,16000000,Wahbi Khazri,Ligue 1,2019,Saint-tienne,2010s
118278,4000000,Xavier Chavalerin,Ligue 1,2019,Reims,2010s
122116,4000000,Nicolas de Préville,Ligue 1,2019,Bordeaux,2010s
126683,2000000,Tristan Dingomé,Ligue 1,2019,Reims,2010s
126719,15000000,Juan Bernat,La Liga,2019,Paris S-G,2010s
135492,10000000,Youssouf Sabaly,La Liga,2019,Bordeaux,2010s
135617,22000000,Thiago Mendes,Ligue 1,2019,Lyon,2010s
166237,40000000,Leandro Paredes,Serie A,2019,Paris S-G,2010s
174094,25000000,Morgan Sanson,Ligue 1,2019,Marseille,2010s
530902,10000000,Abdoulaye Touré,Ligue 1,2019,Nantes,2010s
182913,35000000,Adrien Rabiot,Ligue 1,2019,Juventus,2010s
216499,800000,Fouad Chafik,Ligue 1,2019,Dijon,2010s
229004,22000000,Moussa Dembélé,Ligue 1,2019,Lyon,2010s
241229,12000000,Jordan Amavi,Ligue 1,2019,Marseille,2010s
245078,7000000,Nemanja Radonjić,La Liga,2019,Marseille,2010s
251075,10000000,Zeki Çelik,Serie A,2019,Lille,2010s
277114,12500000,Jason Denayer,Ligue 1,2019,Lyon,2010s
283994,3000000,Ludovic Ajorque,Ligue 1,2019,Strasbourg,2010s
291417,30000000,Ferland Mendy,La Liga,2019,Real Madrid,2010s
296422,12000000,Fodé Ballo-Touré,Ligue 1,2019,Monaco,2010s
326300,7500000,Jeff Reine-Adélaïde,Ligue 1,2019,Angers,2010s
357072,6000000,Faitout Maouassa,La Liga,2019,Rennes,2010s
357164,12000000,Rafael Leão,Serie A,2019,Milan,2010s
375885,12000000,Ibrahim Sangaré,Premier League,2019,Toulouse,2010s
394327,15000000,Boubacar Kamara,Premier League,2019,Marseille,2010s
395236,5500000,Yacine Adli,Serie A,2019,Bordeaux,2010s
395516,12000000,Moussa Diaby,Premier League,2019,Leverkusen,2010s
411975,12000000,Jules Koundé,La Liga,2019,Sevilla,2010s
413112,7000000,Aurélien Tchouaméni,La Liga,2019,Bordeaux,2010s
424051,10000000,Samuel Kalu,Premier League,2019,Bordeaux,2010s
424709,500000,Cheick Timite,Ligue 1,2019,Amiens,2010s
435338,1500000,Gabriel Magalhães,Premier League,2019,Lille,2010s
453824,1700000,Josh Maja,Ligue 1,2019,Bordeaux,2010s
463603,9000000,Benoît Badiashile,Premier League,2019,Monaco,2010s
569598,5000000,Youssouf Fofana,Serie A,2019,Strasbourg,2010s
293385,15000000,Dani Olmo,La Liga,2019,RB Leipzig,2010s
106270,3000000,Florian Kainz,Bundesliga,2019,Kln,2010s
326330,75000000,Frenkie de Jong,La Liga,2019,Barcelona,2010s
213614,700000,Jhon Chancellor,Serie A,2019,Brescia,2010s
29434,2000000,Yohan Cabaye,Ligue 1,2019,Saint-tienne,2010s
441385,5000000,Gonzalo Maroni,Serie A,2019,Sampdoria,2010s
3455,3500000,Zlatan Ibrahimović,Serie A,2019,Milan,2010s
461906,500000,João Moutinho,Serie A,2019,Wolves,2010s
345041,500000,Vlatko Stojanovski,Ligue 1,2019,Nmes,2010s
5348,250000,Florent Balmont,Ligue 1,2019,Dijon,2010s
16136,1500000,Dante,Ligue 1,2019,Nice,2010s
18909,2500000,Jimmy Briand,Ligue 1,2019,Bordeaux,2010s
22386,750000,Daniel Congré,Ligue 1,2019,Montpellier,2010s
23960,250000,Jérémy Morel,Ligue 1,2019,Rennes,2010s
28335,500000,Christophe Jallet,Ligue 1,2019,Amiens,2010s
294817,10000000,Thiago Silva,Premier League,2019,Paris S-G,2010s
37647,12500000,Dimitri Payet,Ligue 1,2019,Marseille,2010s
57370,5000000,Damien Da Silva,Ligue 1,2019,Rennes,2010s
57372,2500000,Lucas Deaux,Ligue 1,2019,Nmes,2010s
57420,3000000,Lamine Koné,Ligue 1,2019,Strasbourg,2010s
57467,3000000,Romain Thomas,Ligue 1,2019,Angers,2010s
60583,2500000,Jérémy Pied,Ligue 1,2019,Lille,2010s
68290,180000000,Neymar,Ligue 1,2019,Paris S-G,2010s
80173,500000,Frédéric Sammaritano,Ligue 1,2019,Dijon,2010s
83132,2500000,Vincent Manceau,Ligue 1,2019,Angers,2010s
84085,6000000,Timothée Kolodziejczak,Bundesliga,2019,Saint-tienne,2010s
84301,10000000,Benjamin André,Ligue 1,2019,Lille,2010s
85791,12500000,Stefan Lainer,Bundesliga,2019,Gladbach,2010s
93726,2500000,Paul Lasne,Ligue 1,2019,Brest,2010s
98349,2500000,Romain Hamouma,Ligue 1,2019,Saint-tienne,2010s
100986,30000000,Thomas Meunier,Ligue 1,2019,Paris S-G,2010s
111048,2500000,Benjamin Jeannot,Ligue 1,2019,Dijon,2010s
118284,4000000,Jordan Ferri,Ligue 1,2019,Montpellier,2010s
122797,12500000,Andy Delort,Ligue 1,2019,Montpellier,2010s
127156,12000000,Téji Savanier,Ligue 1,2019,Montpellier,2010s
127182,3500000,Thomas Monconduit,Ligue 1,2019,Amiens,2010s
127194,2500000,Yaya Sanogo,Ligue 1,2019,Toulouse,2010s
137841,2000000,Romain Amalfitano,Ligue 1,2019,Dijon,2010s
139279,2500000,Nicolas Pallois,Ligue 1,2019,Nantes,2010s
154171,800000,Benjamin Corgnet,Ligue 1,2019,Strasbourg,2010s
161869,15000000,Djibril Sidibé,Ligue 1,2019,Everton,2010s
165793,5000000,Takumi Minamino,Ligue 1,2019,Liverpool,2010s
174196,14000000,Kenny Lala,Ligue 1,2019,Strasbourg,2010s
178313,7000000,Jean-Eudes Aholou,Ligue 1,2019,Saint-tienne,2010s
181378,10000000,Gaëtan Laborde,Ligue 1,2019,Montpellier,2010s
182889,14000000,Wylan Cyprien,Ligue 1,2019,Nice,2010s
182916,6000000,Wesley Saïd,Ligue 1,2019,Toulouse,2010s
184935,5000000,Kalifa Coulibaly,Ligue 1,2019,Nantes,2010s
189441,15000000,Lucas Ocampos,La Liga,2019,Sevilla,2010s
190338,5000000,Anthony Briançon,Ligue 1,2019,Nmes,2010s
190685,6000000,Bouna Sarr,Bundesliga,2019,Marseille,2010s
192492,3000000,Jordan Lefort,Ligue 1,2019,Amiens,2010s
193130,4000000,Rachid Alioui,Ligue 1,2019,Angers,2010s
199704,2500000,Yunis Abdelhamid,Ligue 1,2019,Reims,2010s
202591,15000000,Benjamin Henrichs,Bundesliga,2019,Monaco,2010s
203496,60000000,Nabil Fekir,La Liga,2019,Betis,2010s
203507,6000000,Adrien Hunou,Ligue 1,2019,Rennes,2010s
203746,8000000,Ruben Aguilar,Ligue 1,2019,Monaco,2010s
204294,5000000,Saman Ghoddos,Premier League,2019,Amiens,2010s
206746,8000000,Kenny Tete,Premier League,2019,Lyon,2010s
214532,2000000,Pierrick Capelle,Ligue 1,2019,Angers,2010s
215977,8000000,Adrien Thomasson,Ligue 1,2019,Strasbourg,2010s
220878,3500000,Issiaga Sylla,Ligue 1,2019,Toulouse,2010s
222859,9000000,Florent Mollet,Ligue 1,2019,Montpellier,2010s
223979,15000000,Xaver Schlager,Bundesliga,2019,Wolfsburg,2010s
228948,35000000,Thilo Kehrer,Ligue 1,2019,Paris S-G,2010s
234006,1300000,Keagan Dolly,Ligue 1,2019,Montpellier,2010s
236045,6000000,Denis Bouanga,Ligue 1,2019,Saint-tienne,2010s
250013,5000000,Angelo Fulgini,Ligue 1,2019,Angers,2010s
263918,25000000,Aleksandr Golovin,Ligue 1,2019,Monaco,2010s
266359,12000000,Benjamin Bourigeaud,Ligue 1,2019,Rennes,2010s
270051,3000000,Andrei Girotto,Ligue 1,2019,Nantes,2010s
270411,3500000,Saîf-Eddine Khaoui,Ligue 1,2019,Marseille,2010s
273438,8000000,Danilo Barbosa,Ligue 1,2019,Nice,2010s
282041,30000000,Presnel Kimpembe,Ligue 1,2019,Paris S-G,2010s
284732,8000000,Ramy Bensebaini,Bundesliga,2019,Gladbach,2010s
285323,6000000,Baptiste Santamaria,Ligue 1,2019,Angers,2010s
288225,5000000,Ludovic Blas,Ligue 1,2019,Nantes,2010s
290017,700000,Hassane Kamara,Serie A,2019,Reims,2010s
290561,2250000,Alexandre Mendy,Ligue 1,2019,Brest,2010s
290587,12000000,Ellyes Skhiri,Bundesliga,2019,Kln,2010s
290593,5500000,Sada Thioub,Ligue 1,2019,Angers,2010s
292818,17000000,Jonathan Bamba,La Liga,2019,Lille,2010s
297070,6000000,Hamari Traoré,La Liga,2019,Rennes,2010s
818495,7000000,Otávio,Ligue 1,2019,Bordeaux,2010s
314940,2000000,Dimitri Liénard,Ligue 1,2019,Strasbourg,2010s
316137,2000000,Moussa Doumbia,Ligue 1,2019,Reims,2010s
322305,4000000,Jean-Victor Makengo,Ligue 1,2019,Toulouse,2010s
324804,10000000,Yann Karamoh,Serie A,2019,Parma,2010s
324811,3500000,Arnaud Nordin,Bundesliga,2019,Saint-tienne,2010s
332889,15000000,Valentin Rongier,Ligue 1,2019,Marseille,2010s
334835,5000000,Toma Bašić,Serie A,2019,Bordeaux,2010s
335147,4000000,Junior Sambia,Serie A,2019,Montpellier,2010s
342209,4000000,Kévin N'Doram,Ligue 1,2019,Metz,2010s
342229,200000000,Kylian Mbappé,La Liga,2019,Paris S-G,2010s
343052,65000000,Nicolas Pépé,La Liga,2019,Arsenal,2010s
344072,5000000,Kelvin Amian,Ligue 1,2019,Toulouse,2010s
344381,12000000,Christopher Nkunku,Premier League,2019,RB Leipzig,2010s
353399,3500000,Romain Del Castillo,Ligue 1,2019,Rennes,2010s
353948,20000000,Lucas Tousart,Bundesliga,2019,Lyon,2010s
361914,1500000,Nayef Aguerd,La Liga,2019,Dijon,2010s
372712,6500000,Ibrahima Sissoko,Bundesliga,2019,Strasbourg,2010s
377393,8000000,Pierre Lees-Melou,Ligue 1,2019,Nice,2010s
386047,400000,Axel Disasi,Premier League,2019,Reims,2010s
392810,3000000,Casimir Ninga,Ligue 1,2019,Angers,2010s
395693,45000000,Houssem Aouar,Serie A,2019,Lyon,2010s
410059,3000000,Bakaye Dibassy,Ligue 1,2019,Amiens,2010s
418560,5000000,Erling Haaland,Premier League,2019,Dortmund,2010s
425400,800000,Farid El Melali,Ligue 1,2019,Angers,2010s
427161,7000000,Lebo Mothiba,Ligue 1,2019,Strasbourg,2010s
432772,3000000,Samuel Grandsir,Ligue 1,2019,Brest,2010s
434358,5000000,Sofiane Alakouch,Ligue 1,2019,Nmes,2010s
435485,7000000,Luiz Araújo,Ligue 1,2019,Lille,2010s
453016,3000000,Anthony Caci,Bundesliga,2019,Strasbourg,2010s
463613,150000,Yann Gboho,Ligue 1,2019,Rennes,2010s
531949,3000000,Ignatius Ganago,Ligue 1,2019,Nice,2010s
581781,5500000,Enzo Loiodice,La Liga,2019,Dijon,2010s
626913,2000000,Boulaye Dia,Serie A,2019,Reims,2010s
640428,4000000,Eduardo Camavinga,La Liga,2019,Rennes,2010s
4018,800000,Daniel Baier,Bundesliga,2019,Augsburg,2010s
5017,2000000,Niklas Moisander,Bundesliga,2019,Werder Bremen,2010s
7971,3000000,Salomon Kalou,Bundesliga,2019,Hertha BSC,2010s
16311,1500000,Rouwen Hennings,Bundesliga,2019,Dsseldorf,2010s
19112,1500000,Christian Gentner,Bundesliga,2019,Union Berlin,2010s
19305,2000000,Oscar Wendt,Bundesliga,2019,Gladbach,2010s
19819,2500000,Raffael,Bundesliga,2019,Gladbach,2010s
20778,400000,Adam Bodzek,Bundesliga,2019,Dsseldorf,2010s
22068,4000000,Franck Ribéry,Serie A,2019,Fiorentina,2010s
29962,500000,Daniele Dessena,Serie A,2019,Brescia,2010s
29993,9000000,Sven Bender,Bundesliga,2019,Leverkusen,2010s
30059,9000000,Lars Bender,Bundesliga,2019,Leverkusen,2010s
32711,4500000,Patrick Herrmann,Bundesliga,2019,Gladbach,2010s
34787,3500000,Julian Baumgartlinger,Bundesliga,2019,Leverkusen,2010s
35047,32000000,Axel Witsel,La Liga,2019,Dortmund,2010s
36207,1500000,Fin Bartels,Bundesliga,2019,Werder Bremen,2010s
38410,6500000,Daniel Caligiuri,Bundesliga,2019,Schalke 04,2010s
39025,4000000,Danny Latza,Bundesliga,2019,Mainz 05,2010s
39106,3000000,Ádám Szalai,Bundesliga,2019,Mainz 05,2010s
42783,3500000,André Hahn,Bundesliga,2019,Augsburg,2010s
42936,8000000,Nils Petersen,Bundesliga,2019,Freiburg,2010s
43984,2500000,Daniel Brosinski,Bundesliga,2019,Mainz 05,2010s
45662,1000000,Alexander Esswein,Bundesliga,2019,Hertha BSC,2010s
48298,10000000,Lars Stindl,Bundesliga,2019,Gladbach,2010s
49239,5500000,Guido Burgstaller,Bundesliga,2019,Schalke 04,2010s
49723,4000000,Timothy Chandler,Bundesliga,2019,Eint Frankfurt,2010s
52348,7000000,Benjamin Hübner,Bundesliga,2019,Hoffenheim,2010s
53437,4000000,Bastian Oczipka,Bundesliga,2019,Schalke 04,2010s
55099,4000000,Nicolas Höfler,Bundesliga,2019,Freiburg,2010s
58178,2500000,David Abraham,Bundesliga,2019,Eint Frankfurt,2010s
58358,35000000,Thomas Müller,Bundesliga,2019,Bayern Munich,2010s
59016,55000000,David Alaba,La Liga,2019,Bayern Munich,2010s
60632,2500000,Theodor Gebre Selassie,Bundesliga,2019,Werder Bremen,2010s
66005,2500000,Amir Abrashi,Bundesliga,2019,Freiburg,2010s
70285,5000000,Jonathan Schmid,Bundesliga,2019,Freiburg,2010s
75489,8000000,Niclas Füllkrug,Premier League,2019,Werder Bremen,2010s
77108,1500000,Jérôme Gondorf,Bundesliga,2019,Freiburg,2010s
79501,12000000,Daniel Ginczek,Bundesliga,2019,Wolfsburg,2010s
82009,30000000,Kevin Volland,Bundesliga,2019,Leverkusen,2010s
85867,25000000,Nico Schulz,Bundesliga,2019,Dortmund,2010s
88684,1500000,Giulio Donati,Serie A,2019,Lecce,2010s
89701,15000000,Charles Aránguiz,Bundesliga,2019,Leverkusen,2010s
93704,12000000,Josuha Guilavogui,Bundesliga,2019,Wolfsburg,2010s
93707,9000000,Christian Günter,Bundesliga,2019,Freiburg,2010s
93827,3500000,Steven Skrzybski,Bundesliga,2019,Dsseldorf,2010s
108650,5000000,Yuya Osako,Bundesliga,2019,Werder Bremen,2010s
110036,7500000,Dominique Heintz,Bundesliga,2019,Freiburg,2010s
111039,15000000,Ishak Belfodil,Bundesliga,2019,Hoffenheim,2010s
111078,25000000,Emil Forsberg,Bundesliga,2019,RB Leipzig,2010s
118397,5000000,Alessandro Schöpf,Bundesliga,2019,Schalke 04,2010s
118847,4000000,Dominik Kohr,Bundesliga,2019,Eint Frankfurt,2010s
124732,15000000,John Brooks,Bundesliga,2019,Wolfsburg,2010s
126281,2500000,Alexander Hack,Bundesliga,2019,Mainz 05,2010s
126716,37000000,Paco Alcácer,La Liga,2019,Villarreal,2010s
142031,8000000,Omar Mascarell,La Liga,2019,Schalke 04,2010s
142281,1500000,Anthony Ujah,Bundesliga,2019,Union Berlin,2010s
152963,3500000,Florian Niederlechner,Bundesliga,2019,Augsburg,2010s
156779,3000000,Erik Thommy,Bundesliga,2019,Dsseldorf,2010s
161056,70000000,Joshua Kimmich,Bundesliga,2019,Bayern Munich,2010s
162434,20000000,Niklas Stark,Bundesliga,2019,Hertha BSC,2010s
166601,60000000,Niklas Süle,Bundesliga,2019,Bayern Munich,2010s
167329,30000000,Alassane Pléa,Bundesliga,2019,Gladbach,2010s
170527,65000000,Timo Werner,Premier League,2019,RB Leipzig,2010s
181547,6000000,Gonçalo Paciência,Bundesliga,2019,Eint Frankfurt,2010s
182574,6000000,Jean-Paul Boëtius,Bundesliga,2019,Mainz 05,2010s
182579,15000000,Karim Rekik,La Liga,2019,Hertha BSC,2010s
190289,1500000,Gerrit Holtmann,Bundesliga,2019,Paderborn 07,2010s
190393,40000000,Corentin Tolisso,Ligue 1,2019,Bayern Munich,2010s
193782,17000000,Lucas Alario,Bundesliga,2019,Leverkusen,2010s
195736,22000000,Florian Grillitsch,La Liga,2019,Hoffenheim,2010s
196792,25000000,Julian Weigl,Bundesliga,2019,Dortmund,2010s
208167,9000000,Dawid Kownacki,Bundesliga,2019,Dsseldorf,2010s
216181,6500000,Almamy Touré,Bundesliga,2019,Eint Frankfurt,2010s
225657,4000000,Philipp Lienhart,Bundesliga,2019,Freiburg,2010s
229005,35000000,Abdou Diallo,Bundesliga,2019,Paris S-G,2010s
232454,17000000,Nadiem Amiri,Bundesliga,2019,Leverkusen,2010s
237164,12000000,Ihlas Bebou,Bundesliga,2019,Hoffenheim,2010s
243606,4000000,Anastasios Donis,Ligue 1,2019,Reims,2010s
243714,50000000,Kingsley Coman,Bundesliga,2019,Bayern Munich,2010s
248999,3000000,Lucas Höler,Bundesliga,2019,Freiburg,2010s
249157,2500000,Fredrik Jensen,Bundesliga,2019,Augsburg,2010s
261905,13000000,Suat Serdar,Serie A,2019,Schalke 04,2010s
283001,1250000,Noah Joel Sarenren Bazee,Bundesliga,2019,Augsburg,2010s
293592,800000,Brandon Borrello,Bundesliga,2019,Freiburg,2010s
309400,90000000,Kai Havertz,Premier League,2019,Leverkusen,2010s
332705,13000000,Tyler Adams,Premier League,2019,RB Leipzig,2010s
333647,1750000,Jonathan Burkardt,Bundesliga,2019,Mainz 05,2010s
334526,20000000,Denis Zakaria,Ligue 1,2019,Gladbach,2010s
341710,7000000,William,Bundesliga,2019,Wolfsburg,2010s
344695,30000000,Dayot Upamecano,Bundesliga,2019,RB Leipzig,2010s
348026,15000000,Nordi Mukiele,Bundesliga,2019,RB Leipzig,2010s
353366,30000000,Benjamin Pavard,Serie A,2019,Bayern Munich,2010s
358870,800000,Dennis Jastrzembski,Bundesliga,2019,Paderborn 07,2010s
387626,40000000,Leon Bailey,Premier League,2019,Leverkusen,2010s
393325,4000000,Josh Sargent,Premier League,2019,Werder Bremen,2010s
402008,20000000,Amadou Haidara,Bundesliga,2019,RB Leipzig,2010s
420002,22000000,Jean-Philippe Mateta,Premier League,2019,Mainz 05,2010s
424204,10000000,Alphonso Davies,Bundesliga,2019,Bayern Munich,2010s
8198,90000000,Cristiano Ronaldo,Premier League,2019,Juventus,2010s
12563,400000,Goran Pandev,Serie A,2019,Genoa,2010s
20005,16000000,Papu Gómez,La Liga,2019,Atalanta,2010s
21905,1000000,Valon Behrami,Serie A,2019,Genoa,2010s
22328,2500000,Fabio Quagliarella,Serie A,2019,Sampdoria,2010s
25488,5000000,Antonio Candreva,Serie A,2019,Inter,2010s
29260,7500000,Giorgio Chiellini,Serie A,2019,Juventus,2010s
30638,300000,Sergio Floccari,Serie A,2019,SPAL,2010s
808509,800000,Danilo,Serie A,2019,Juventus,2010s
33218,800000,Luca Cigarini,Serie A,2019,Cagliari,2010s
33571,4000000,Lorenzo De Silvestri,Serie A,2019,Torino,2010s
33923,22000000,Blaise Matuidi,Serie A,2019,Juventus,2010s
34344,2000000,Cristián Zapata,Serie A,2019,Genoa,2010s
35747,2000000,Simone Missiroli,Serie A,2019,SPAL,2010s
37834,3000000,Felipe Caicedo,Serie A,2019,Lazio,2010s
38607,4500000,Federico Di Francesco,Serie A,2019,SPAL,2010s
39828,1000000,Antonino Barillà,Serie A,2019,Parma,2010s
40372,2500000,Borja Valero,Serie A,2019,Inter,2010s
41414,9000000,Lucas Leiva,Serie A,2019,Lazio,2010s
44136,4000000,Domenico Criscito,Serie A,2019,Genoa,2010s
45314,6000000,Federico Fazio,Serie A,2019,Roma,2010s
46156,8000000,Aleksandar Kolarov,Serie A,2019,Roma,2010s
47085,600000,Nenad Tomović,Serie A,2019,SPAL,2010s
49275,5000000,Albin Ekdal,Serie A,2019,Sampdoria,2010s
55769,13000000,Danilo D'Ambrosio,Serie A,2019,Inter,2010s
55854,5000000,Cristian Ansaldi,Serie A,2019,Torino,2010s
56830,1000000,Sebastien De Maio,Serie A,2019,Udinese,2010s
57280,20000000,Giacomo Bonaventura,Serie A,2019,Milan,2010s
59340,17500000,Iago Falque,Serie A,2019,Torino,2010s
59699,1000000,Simone Iacoponi,Serie A,2019,Parma,2010s
61253,20000000,José Callejón,La Liga,2019,Napoli,2010s
63531,13000000,Kwadwo Asamoah,Serie A,2019,Inter,2010s
70411,3000000,Darko Lazović,Serie A,2019,Hellas Verona,2010s
72441,11000000,Rafael Tolói,Serie A,2019,Atalanta,2010s
75615,38000000,Douglas Costa,Serie A,2019,Juventus,2010s
75942,8000000,Tomás Rincón,Serie A,2019,Torino,2010s
79510,800000,Thiago Cionek,Serie A,2019,SPAL,2010s
79960,45000000,Alex Sandro,Serie A,2019,Juventus,2010s
82048,7500000,Nicola Sansone,Serie A,2019,Bologna,2010s
83877,4500000,Diego Farias,Serie A,2019,Lecce,2010s
84344,5000000,Davide Santon,Serie A,2019,Roma,2010s
84765,4000000,Francesco Caputo,Serie A,2019,Sassuolo,2010s
86079,800000,Luca Siligardi,Serie A,2019,Parma,2010s
87884,12000000,Mário Rui,Serie A,2019,Napoli,2010s
91970,18000000,Juan Cuadrado,Serie A,2019,Juventus,2010s
93128,75000000,Kalidou Koulibaly,Premier League,2019,Napoli,2010s
96806,1600000,Jacopo Sala,Serie A,2019,SPAL,2010s
96828,10000000,Simone Zaza,Serie A,2019,Torino,2010s
99180,6000000,Federico Santander,Serie A,2019,Bologna,2010s
101922,700000,Fabio Pisacane,Serie A,2019,Cagliari,2010s
102745,2500000,Luca Ceppitelli,Serie A,2019,Cagliari,2010s
111196,50000000,Stefan de Vrij,Serie A,2019,Inter,2010s
111347,7000000,Lorenzo Tonelli,Serie A,2019,Sampdoria,2010s
112988,12000000,Cédric Soares,Premier League,2019,Arsenal,2010s
113133,18000000,Germán Pezzella,La Liga,2019,Fiorentina,2010s
118689,15000000,Leonardo Spinazzola,Serie A,2019,Roma,2010s
119164,3000000,Ezequiel Schelotto,Premier League,2019,Brighton,2010s
119296,40000000,Emre Can,Bundesliga,2019,Juventus,2010s
123742,10000000,Gastón Ramírez,Serie A,2019,Sampdoria,2010s
124555,10000000,Cristiano Biraghi,Serie A,2019,Inter,2010s
125020,10000000,José Luis Palomino,Serie A,2019,Atalanta,2010s
126414,20000000,Hakan Çalhanoğlu,Serie A,2019,Milan,2010s
130360,23000000,Simone Verdi,Serie A,2019,Torino,2010s
130365,25000000,Alessandro Florenzi,Serie A,2019,Roma,2010s
130394,5000000,Gianluca Lapadula,Serie A,2019,Lecce,2010s
131075,12000000,Francesco Acerbi,Serie A,2019,Lazio,2010s
133964,65000000,Lorenzo Insigne,Serie A,2019,Napoli,2010s
134883,10000000,Daniele Baselli,Serie A,2019,Torino,2010s
144143,10000000,Bartosz Bereszyński,Serie A,2019,Sampdoria,2010s
146752,10000000,Gianluca Caprari,Serie A,2019,Sampdoria,2010s
163222,12000000,Grégoire Defrel,Serie A,2019,Sassuolo,2010s
164771,20000000,Jordan Veretout,Ligue 1,2019,Roma,2010s
165513,7500000,Berat Djimsiti,Serie A,2019,Atalanta,2010s
165873,2000000,Federico Barba,Serie A,2019,Valladolid,2010s
167796,5000000,Paolo Faragò,Serie A,2019,Cagliari,2010s
169880,9000000,Giovanni Di Lorenzo,Serie A,2019,Napoli,2010s
171399,7000000,Nicola Murru,Serie A,2019,Sampdoria,2010s
177843,20000000,Domenico Berardi,Serie A,2019,Sassuolo,2010s
181136,40000000,Piotr Zieliński,Serie A,2019,Napoli,2010s
182712,55000000,João Cancelo,La Liga,2019,Manchester City,2010s
182893,13000000,Seko Fofana,Ligue 1,2019,Udinese,2010s
184894,17000000,Alfred Duncan,Serie A,2019,Fiorentina,2010s
195171,18000000,Samu Castillejo,Serie A,2019,Milan,2010s
197300,45000000,Federico Bernardeschi,Serie A,2019,Juventus,2010s
197473,7000000,Alberto Grassi,Serie A,2019,Parma,2010s
197491,1500000,Alex Ferrari,Serie A,2019,Sampdoria,2010s
197751,6000000,Alberto Cerri,Serie A,2019,SPAL,2010s
199248,25000000,Bryan Cristante,Serie A,2019,Roma,2010s
199258,20000000,Andrea Petagna,Serie A,2019,SPAL,2010s
199733,4000000,Danilo Cataldi,Serie A,2019,Lazio,2010s
200056,23000000,Elseid Hysaj,Serie A,2019,Napoli,2010s
207715,3000000,Ibrahima Mbaye,Serie A,2019,Bologna,2010s
215616,10000000,Erick Pulgar,Serie A,2019,Fiorentina,2010s
225873,15000000,Karol Linetty,Serie A,2019,Sampdoria,2010s
227081,20000000,Joaquín Correa,Serie A,2019,Lazio,2010s
238752,25000000,Keita Baldé,Serie A,2019,Monaco,2010s
240158,5000000,Francesco Vicari,Serie A,2019,SPAL,2010s
240897,1800000,Arturo Calabresi,Serie A,2019,Amiens,2010s
242086,15000000,Patrik Schick,Bundesliga,2019,RB Leipzig,2010s
242940,2000000,Edoardo Goldaniga,Serie A,2019,Genoa,2010s
255942,36000000,Nicolò Barella,Serie A,2019,Inter,2010s
256678,6000000,Filippo Romagna,Serie A,2019,Sassuolo,2010s
265078,28000000,Patrick Cutrone,Serie A,2019,Wolves,2010s
266302,65000000,Sergej Milinković-Savić,Serie A,2019,Lazio,2010s
268178,3500000,Arkadiusz Reca,Serie A,2019,SPAL,2010s
275303,15000000,Hans Hateboer,Ligue 1,2019,Atalanta,2010s
277167,14000000,Gian Marco Ferrari,Serie A,2019,Sassuolo,2010s
282388,20000000,Giovanni Simeone,Serie A,2019,Cagliari,2010s
286297,35000000,Lorenzo Pellegrini,Serie A,2019,Roma,2010s
287635,4500000,Assane Dioussé,Ligue 1,2019,Saint-tienne,2010s
289061,5000000,Alessandro Murgia,Serie A,2019,SPAL,2010s
294808,33000000,Franck Kessié,La Liga,2019,Milan,2010s
298975,13000000,Pol Lirola,Ligue 1,2019,Fiorentina,2010s
301236,3500000,Francesco Cassata,Serie A,2019,Genoa,2010s
308279,15000000,Rolando Mandragora,Serie A,2019,Udinese,2010s
313477,1000000,Paolo Ghiglione,Serie A,2019,Genoa,2010s
319160,12000000,Jakub Jankto,Serie A,2019,Sampdoria,2010s
330659,20000000,Justin Kluivert,Premier League,2019,Roma,2010s
337716,3500000,Claud Adjapong,Serie A,2019,Hellas Verona,2010s
337725,15000000,Christian Kouamé,Serie A,2019,Fiorentina,2010s
338425,6000000,Álex Berenguer,La Liga,2019,Torino,2010s
340070,1000000,Simone Edera,Serie A,2019,Torino,2010s
340151,6000000,Andrea Favilli,Serie A,2019,Genoa,2010s
341092,60000000,Federico Chiesa,Premier League,2019,Fiorentina,2010s
346567,5000000,Luca Pellegrini,Serie A,2019,Cagliari,2010s
357498,1500000,Dušan Vlahović,Serie A,2019,Fiorentina,2010s
405885,500000,Giacomo Raspadori,Serie A,2019,Sassuolo,2010s
406625,30000000,Lautaro Martínez,Serie A,2019,Inter,2010s
413507,30000000,Nikola Milenković,Premier League,2019,Fiorentina,2010s
434676,5000000,Ronaldo Vieira,Serie A,2019,Sampdoria,2010s
573907,10000000,Luiz Felipe,Ligue 1,2019,Lazio,2010s
486624,5000000,Musa Barrow,Serie A,2019,Bologna,2010s
432982,8000000,Andreas Skov Olsen,Bundesliga,2019,Bologna,2010s
560593,800000,Hicham Boudaoui,Ligue 1,2019,Nice,2010s
111058,3500000,Arnaud Souquet,Ligue 1,2019,Montpellier,2010s
144028,16000000,Leandro Trossard,Premier League,2019,Brighton,2010s
333014,22000000,Sander Berge,Premier League,2019,Sheffield Utd,2010s
338629,4000000,Sebastiaan Bornauw,Bundesliga,2019,Kln,2010s
342226,1500000,Irvin Cardona,Ligue 1,2019,Brest,2010s
355861,12000000,Arnaut Danjuma,La Liga,2019,Bournemouth,2010s
356141,4500000,Daichi Kamada,Premier League,2019,Eint Frankfurt,2010s
358250,4000000,Joseph Aidoo,La Liga,2019,Celta Vigo,2010s
7663,2000000,Joaquín,La Liga,2019,Betis,2010s
12249,15000000,Éver Banega,La Liga,2019,Sevilla,2010s
15799,4000000,Santi Cazorla,La Liga,2019,Villarreal,2010s
15956,4000000,Jesús Navas,La Liga,2019,Sevilla,2010s
16306,60000000,Casemiro,Premier League,2019,Real Madrid,2010s
16922,7000000,Kevin-Prince Boateng,Bundesliga,2019,Fiorentina,2010s
18922,40000000,Karim Benzema,La Liga,2019,Real Madrid,2010s
18944,35000000,Gerard Piqué,La Liga,2019,Barcelona,2010s
20506,5000000,Andrés Guardado,La Liga,2019,Betis,2010s
25557,25000000,Sergio Ramos,La Liga,2019,Real Madrid,2010s
26066,1000000,Iván Ramis,La Liga,2019,Eibar,2010s
27374,10000000,Sidnei,La Liga,2019,Betis,2010s
27389,9000000,Kévin Gameiro,Ligue 1,2019,Valencia,2010s
28003,150000000,Lionel Messi,Ligue 1,2019,Barcelona,2010s
31909,60000000,Toni Kroos,La Liga,2019,Real Madrid,2010s
40888,4000000,Beñat Etxebarria,La Liga,2019,Athletic Club,2010s
44065,3000000,Esteban Granero,La Liga,2019,Espanyol,2010s
44412,800000,Bruno Soriano,La Liga,2019,Villarreal,2010s
546212,25000000,Diego Costa,Premier League,2019,Atltico Madrid,2010s
51510,3000000,Ángel Rodríguez,La Liga,2019,Getafe,2010s
51667,2000000,Kiko Olivas,La Liga,2019,Valladolid,2010s
54235,15000000,Iker Muniain,La Liga,2019,Athletic Club,2010s
54928,20000000,Diego Godín,Serie A,2019,Inter,2010s
60890,2500000,Fabián Orellana,La Liga,2019,Eibar,2010s
61546,2500000,Facundo Roncaglia,La Liga,2019,Osasuna,2010s
61812,20000000,Yuri Berchiche,La Liga,2019,Athletic Club,2010s
63290,3000000,Víctor Sánchez,La Liga,2019,Espanyol,2010s
64598,6000000,Bernardo Espinosa,La Liga,2019,Espanyol,2010s
65230,50000000,Sergio Busquets,La Liga,2019,Barcelona,2010s
65318,4000000,Jaume Costa,La Liga,2019,Valencia,2010s
67080,10000000,Víctor Laguardia,La Liga,2019,Alavs,2010s
67082,18000000,Vitolo,La Liga,2019,Atltico Madrid,2010s
67090,4000000,Dídac Vilà,La Liga,2019,Espanyol,2010s
69751,50000000,Jordi Alba,La Liga,2019,Barcelona,2010s
70934,2000000,Nolito,La Liga,2019,Sevilla,2010s
71548,2000000,Anaitz Arbilla,La Liga,2019,Eibar,2010s
71905,2000000,Coke,La Liga,2019,Levante,2010s
74229,70000000,Koke,La Liga,2019,Atltico Madrid,2010s
74230,40000000,Pablo Sarabia,Premier League,2019,Paris S-G,2010s
74297,2000000,Gaël Kakuta,Ligue 1,2019,Amiens,2010s
74869,17500000,Francis Coquelin,Ligue 1,2019,Valencia,2010s
75446,2000000,Pablo de Blasis,La Liga,2019,Eibar,2010s
76163,15000000,Franco Vázquez,La Liga,2019,Sevilla,2010s
76746,3500000,Damián Suárez,La Liga,2019,Getafe,2010s
77826,6000000,Ryad Boudebouz,Ligue 1,2019,Saint-tienne,2010s
80293,16000000,Aïssa Mandi,Ligue 1,2019,Betis,2010s
81988,7500000,Sergi Enrich,La Liga,2019,Eibar,2010s
85370,50000000,Sergi Roberto,Serie A,2019,Barcelona,2010s
88490,4000000,Aleix Vidal,La Liga,2019,Alavs,2010s
93935,7500000,Sergio Escudero,La Liga,2019,Sevilla,2010s
98249,4000000,Takashi Inui,La Liga,2019,Eibar,2010s
98322,6000000,Denis Cheryshev,La Liga,2019,Valencia,2010s
99353,10000000,Portu,La Liga,2019,Real Sociedad,2010s
100131,25000000,William Carvalho,La Liga,2019,Betis,2010s
111508,3000000,Allan Nyom,La Liga,2019,Getafe,2010s
119235,5000000,Carlos Bacca,La Liga,2019,Villarreal,2010s
120095,15000000,José Campaña,La Liga,2019,Levante,2010s
120443,18000000,Santiago Arias,La Liga,2019,Atltico Madrid,2010s
122155,30000000,Willian José,La Liga,2019,Real Sociedad,2010s
125781,130000000,Antoine Griezmann,La Liga,2019,Barcelona,2010s
126737,8000000,Juanmi,La Liga,2019,Betis,2010s
127189,30000000,Geoffrey Kondogbia,Ligue 1,2019,Valencia,2010s
947431,9000000,David López,La Liga,2019,Espanyol,2010s
138803,4000000,Francisco Portillo,La Liga,2019,Getafe,2010s
141834,10000000,Cristian Tello,La Liga,2019,Betis,2010s
142027,700000,Pablo Hervías,La Liga,2019,Valladolid,2010s
145769,3000000,Sergio León,La Liga,2019,Levante,2010s
146854,40000000,Wissam Ben Yedder,Ligue 1,2019,Monaco,2010s
148928,90000000,Saúl Ñíguez,La Liga,2019,Atltico Madrid,2010s
486078,2000000,Charles,La Liga,2019,Eibar,2010s
158791,2500000,Sergio Postigo,La Liga,2019,Levante,2010s
158863,32000000,Iñigo Martínez,La Liga,2019,Athletic Club,2010s
162056,4000000,Gonzalo Melero,La Liga,2019,Levante,2010s
168959,3000000,Nemanja Radoja,La Liga,2019,Levante,2010s
175323,1000000,Óscar Duarte,La Liga,2019,Levante,2010s
176140,2000000,Rodrigo Ely,La Liga,2019,Alavs,2010s
177046,5000000,Rubén Duarte,La Liga,2019,Alavs,2010s
177847,15000000,Adnan Januzaj,La Liga,2019,Real Sociedad,2010s
1074917,3000000,Jonathan Silva,La Liga,2019,Legans,2010s
192009,1500000,Unai López,La Liga,2019,Athletic Club,2010s
193098,12000000,Álex Moreno,Premier League,2019,Betis,2010s
197545,3000000,Ander Capa,La Liga,2019,Athletic Club,2010s
199369,4000000,Sandro Ramírez,La Liga,2019,Valladolid,2010s
202984,7000000,Roque Mesa,La Liga,2019,Legans,2010s
203043,3000000,Pedro Bigas,La Liga,2019,Eibar,2010s
205503,7000000,Ibrahim Amadou,Ligue 1,2019,Norwich City,2010s
221150,25000000,Djené,La Liga,2019,Getafe,2010s
221316,25000000,Lucas Vázquez,La Liga,2019,Real Madrid,2010s
225122,40000000,Gonçalo Guedes,Premier League,2019,Valencia,2010s
228761,10000000,Jony,Serie A,2019,Lazio,2010s
228917,3000000,Jorge Miramón,La Liga,2019,Levante,2010s
229804,10000000,Aritz Elustondo,La Liga,2019,Real Sociedad,2010s
242497,4000000,Pere Pons,La Liga,2019,Alavs,2010s
710131,25000000,Diego Llorente,La Liga,2019,Real Sociedad,2010s
247250,10000000,Rubén Alcaraz,La Liga,2019,Valladolid,2010s
252677,10000000,José Luis Morales,La Liga,2019,Levante,2010s
255488,25000000,Yeray Álvarez,La Liga,2019,Athletic Club,2010s
255653,30000000,Santi Mina,La Liga,2019,Celta Vigo,2010s
266795,4000000,Gonzalo Escalante,La Liga,2019,Eibar,2010s
266807,35000000,Ángel Correa,La Liga,2019,Atltico Madrid,2010s
274862,3000000,Moses Simon,Ligue 1,2019,Nantes,2010s
278359,28000000,Borja Iglesias,La Liga,2019,Betis,2010s
284727,9000000,Jonathan Calleri,La Liga,2019,Espanyol,2010s
289255,1500000,Andoni Gorosabel,La Liga,2019,Real Sociedad,2010s
289286,4000000,Luca Sangalli,La Liga,2019,Real Sociedad,2010s
298976,4000000,Borja Mayoral,La Liga,2019,Levante,2010s
309110,20000000,Brais Méndez,La Liga,2019,Celta Vigo,2010s
315110,17500000,Karl Toko Ekambi,Ligue 1,2019,Villarreal,2010s
319745,30000000,Dani Ceballos,La Liga,2019,Arsenal,2010s
337066,4000000,Toni Villa,La Liga,2019,Valladolid,2010s
339808,15000000,Theo Hernández,Serie A,2019,Milan,2010s
355628,30000000,Igor Zubeldia,La Liga,2019,Real Sociedad,2010s
357885,25000000,Pablo Fornals,La Liga,2019,West Ham,2010s
369081,20000000,Federico Valverde,La Liga,2019,Real Madrid,2010s
372246,50000000,Carlos Soler,Premier League,2019,Valencia,2010s
374139,25000000,Junior Firpo,Premier League,2019,Barcelona,2010s
378954,6000000,Joris Gnagnon,La Liga,2019,Rennes,2010s
423444,18000000,Fran Beltrán,La Liga,2019,Celta Vigo,2010s
447661,2500000,Douglas Luiz,Serie A,2019,Aston Villa,2010s
66736,6000000,Lisandro Magallán,La Liga,2019,Alavs,2010s
188888,1250000,Sheraldo Becker,La Liga,2019,Union Berlin,2010s
226524,2500000,Morten Thorsby,Serie A,2019,Sampdoria,2010s
264116,12000000,Gastón Pereiro,Serie A,2019,Cagliari,2010s
272812,2000000,Kingsley Ehizibue,Serie A,2019,Kln,2010s
316889,40000000,Hirving Lozano,Serie A,2019,Napoli,2010s
349066,8000000,Alexander Isak,Premier League,2019,Real Sociedad,2010s
469949,100000,Noah Katterbach,Bundesliga,2019,Kln,2010s
3333,15000000,James Milner,Premier League,2019,Liverpool,2010s
6636,3000000,Christian Fuchs,Premier League,2019,Leicester City,2010s
10003,2000000,Wes Morgan,Premier League,2019,Leicester City,2010s
13572,3000000,Ben Foster,Premier League,2019,Watford,2010s
15773,1500000,Phil Bardsley,Premier League,2019,Burnley,2010s
389324,12000000,Fernandinho,Premier League,2019,Manchester City,2010s
26399,65000000,Sergio Agüero,La Liga,2019,Manchester City,2010s
27511,8000000,Gary Cahill,Premier League,2019,Crystal Palace,2010s
34322,20000000,Sokratis Papastathopoulos,La Liga,2019,Arsenal,2010s
86759,20000000,David Silva,La Liga,2019,Manchester City,2010s
35564,3500000,Fernando Llorente,Serie A,2019,Napoli,2010s
37304,7000000,Shane Long,Premier League,2019,Southampton,2010s
40433,35000000,Alexis Sánchez,Serie A,2019,Inter,2010s
40611,15000000,Ryan Bertrand,Premier League,2019,Southampton,2010s
40613,15000000,Jack Cork,Premier League,2019,Burnley,2010s
41416,7000000,James McArthur,Premier League,2019,Crystal Palace,2010s
42412,10000000,Jonny Evans,Premier League,2019,Leicester City,2010s
43530,15000000,Adam Lallana,Premier League,2019,Liverpool,2010s
44983,3500000,Dan Gosling,Premier League,2019,Bournemouth,2010s
45693,3000000,Glenn Murray,Premier League,2019,Brighton,2010s
46001,25000000,Moussa Sissoko,Ligue 1,2019,Tottenham,2010s
46741,20000000,David Luiz,Premier League,2019,Arsenal,2010s
48002,8000000,Angelo Ogbonna,Premier League,2019,West Ham,2010s
48066,8000000,Andy Carroll,Premier League,2019,Newcastle Utd,2010s
49499,50000000,Georginio Wijnaldum,Serie A,2019,Liverpool,2010s
49755,6000000,Dale Stephens,Premier League,2019,Brighton,2010s
646658,40000000,Aaron Ramsey,Ligue 1,2019,Juventus,2010s
50201,15000000,Christian Benteke,Premier League,2019,Crystal Palace,2010s
50202,150000000,Eden Hazard,La Liga,2019,Real Madrid,2010s
55338,40000000,Willian,Premier League,2019,Chelsea,2010s
57500,35000000,César Azpilicueta,La Liga,2019,Chelsea,2010s
58864,70000000,Pierre-Emerick Aubameyang,Ligue 1,2019,Arsenal,2010s
59606,5000000,Craig Cathcart,Premier League,2019,Watford,2010s
61592,8000000,James Tomkins,Premier League,2019,Crystal Palace,2010s
163532,7000000,Adam Smith,Premier League,2019,Bournemouth,2010s
62688,4000000,Scott Dann,Premier League,2019,Crystal Palace,2010s
63200,10000000,Ashley Barnes,Premier League,2019,Burnley,2010s
63494,8000000,Étienne Capoue,La Liga,2019,Watford,2010s
65477,10000000,Troy Deeney,Premier League,2019,Watford,2010s
66934,10000000,Cheikhou Kouyaté,Premier League,2019,Crystal Palace,2010s
67063,12000000,Danny Welbeck,Premier League,2019,Watford,2010s
68390,15000000,Séamus Coleman,Premier League,2019,Everton,2010s
73484,7000000,Tom Cleverley,Premier League,2019,Watford,2010s
74810,10000000,Ben Mee,Premier League,2019,Burnley,2010s
76467,5000000,Kiko Femenía,La Liga,2019,Watford,2010s
77100,40000000,Lucas Moura,Premier League,2019,Tottenham,2010s
81512,8000000,Christian Kabasele,Serie A,2019,Watford,2010s
81999,4000000,Joselu,La Liga,2019,Alavs,2010s
82442,15000000,Olivier Giroud,Serie A,2019,Chelsea,2010s
82873,10000000,Pascal Groß,Bundesliga,2019,Brighton,2010s
85475,7000000,Federico Fernández,Premier League,2019,Newcastle Utd,2010s
86202,50000000,Antonio Rüdiger,La Liga,2019,Chelsea,2010s
86792,25000000,Xherdan Shaqiri,Ligue 1,2019,Liverpool,2010s
87672,4500000,Junior Stanislas,Premier League,2019,Bournemouth,2010s
88590,25000000,Shkodran Mustafi,La Liga,2019,Arsenal,2010s
88755,130000000,Kevin De Bruyne,Premier League,2019,Manchester City,2010s
90836,10000000,Steve Cook,Premier League,2019,Bournemouth,2010s
91059,20000000,Joshua King,Ligue 1,2019,Bournemouth,2010s
91317,7000000,Ashley Westwood,Premier League,2019,Burnley,2010s
92572,4000000,Joel Ward,Premier League,2019,Crystal Palace,2010s
93720,70000000,Alexandre Lacazette,Ligue 1,2019,Arsenal,2010s
93922,2000000,Erik Durm,Bundesliga,2019,Eint Frankfurt,2010s
95424,50000000,Kyle Walker,Serie A,2019,Manchester City,2010s
96341,75000000,Romelu Lukaku,Serie A,2019,Inter,2010s
98240,6000000,Ciaran Clark,Premier League,2019,Newcastle Utd,2010s
99331,20000000,Jannik Vestergaard,Premier League,2019,Southampton,2010s
99343,25000000,Ander Herrera,La Liga,2019,Paris S-G,2010s
101213,7000000,Pedro Obiang,Serie A,2019,Sassuolo,2010s
103427,20000000,Chris Smalling,Serie A,2019,Roma,2010s
108354,8000000,Jordan Ayew,Premier League,2019,Crystal Palace,2010s
108725,18000000,Chris Wood,Premier League,2019,Burnley,2010s
111051,8000000,Nampalys Mendy,Ligue 1,2019,Leicester City,2010s
111455,45000000,Granit Xhaka,Bundesliga,2019,Arsenal,2010s
117996,20000000,Phil Jones,Premier League,2019,Manchester Utd,2010s
119269,12000000,Shane Duffy,Premier League,2019,Brighton,2010s
450826,30000000,Callum Wilson,Premier League,2019,Bournemouth,2010s
126664,30000000,Lucas Digne,Premier League,2019,Everton,2010s
127032,18000000,Serge Aurier,Premier League,2019,Tottenham,2010s
127108,8000000,Florian Lejeune,La Liga,2019,Newcastle Utd,2010s
127187,25000000,Abdoulaye Doucouré,Premier League,2019,Watford,2010s
129078,20000000,Nathan Redmond,Premier League,2019,Southampton,2010s
130765,8000000,Stuart Armstrong,Premier League,2019,Southampton,2010s
132098,150000000,Harry Kane,Bundesliga,2019,Tottenham,2010s
134294,15000000,Danny Ings,Premier League,2019,Southampton,2010s
134425,140000000,Raheem Sterling,Premier League,2019,Manchester City,2010s
139208,90000000,Virgil van Dijk,Premier League,2019,Liverpool,2010s
141660,40000000,Jesse Lingard,Premier League,2019,Manchester Utd,2010s
142310,12000000,Willy Boly,Premier League,2019,Wolves,2010s
148153,12000000,Lewis Dunk,Premier League,2019,Brighton,2010s
148262,10000000,Jeff Hendrick,Premier League,2019,Burnley,2010s
148368,20000000,Divock Origi,Premier League,2019,Liverpool,2010s
148455,150000000,Mohamed Salah,Premier League,2019,Liverpool,2010s
157509,25000000,Kurt Zouma,Premier League,2019,Chelsea,2010s
163744,8000000,Jack Stephens,Premier League,2019,Southampton,2010s
165007,12000000,Denis Suárez,La Liga,2019,Celta Vigo,2010s
170321,5000000,Paul Dummett,Premier League,2019,Newcastle Utd,2010s
173504,18000000,James Tarkowski,Premier League,2019,Burnley,2010s
175722,40000000,Eric Dier,Bundesliga,2019,Tottenham,2010s
176553,75000000,Aymeric Laporte,Premier League,2019,Manchester City,2010s
177907,50000000,Harry Maguire,Premier League,2019,Manchester Utd,2010s
181579,18000000,James Ward-Prowse,Premier League,2019,Southampton,2010s
181778,15000000,Emerson,Premier League,2019,Betis,2010s
183318,15000000,Jamaal Lascelles,Premier League,2019,Newcastle Utd,2010s
186590,60000000,John Stones,Premier League,2019,Manchester City,2010s
191217,40000000,Héctor Bellerín,La Liga,2019,Arsenal,2010s
257097,25000000,Ben Davies,Premier League,2019,Tottenham,2010s
196948,30000000,Andreas Christensen,La Liga,2019,Chelsea,2010s
197838,20000000,Jamie Vardy,Premier League,2019,Leicester City,2010s
203394,10000000,Andreas Pereira,Premier League,2019,Manchester Utd,2010s
203853,20000000,Oleksandr Zinchenko,Premier League,2019,Manchester City,2010s
206225,8000000,Isaac Hayden,Premier League,2019,Newcastle Utd,2010s
207014,18000000,Will Hughes,Premier League,2019,Watford,2010s
568149,9000000,Alberto Moreno,Serie A,2019,Villarreal,2010s
207929,90000000,Dele Alli,Serie A,2019,Tottenham,2010s
209212,8000000,Solly March,Premier League,2019,Brighton,2010s
215118,14000000,Calum Chambers,Premier League,2019,Arsenal,2010s
225083,100000000,N'Golo Kanté,Premier League,2019,Chelsea,2010s
225161,45000000,Rúben Neves,Premier League,2019,Wolves,2010s
233124,1000000,Kortney Hause,Premier League,2019,Aston Villa,2010s
236953,3500000,Sam Byram,Premier League,2019,Norwich City,2010s
241889,7000000,Antonio Barreca,Serie A,2019,Genoa,2010s
242631,25000000,Alex Iwobi,Premier League,2019,Everton,2010s
246968,20000000,Ayoze Pérez,La Liga,2019,Leicester City,2010s
249089,20000000,Lewis Cook,Premier League,2019,Bournemouth,2010s
249513,9000000,Diego Rico,La Liga,2019,Bournemouth,2010s
252345,3500000,Ken Sema,Premier League,2019,Udinese,2010s
253677,5000000,Tyrone Mings,Premier League,2019,Aston Villa,2010s
258883,5000000,Jonjoe Kenny,Bundesliga,2019,Schalke 04,2010s
262980,25000000,Jefferson Lerma,Premier League,2019,Bournemouth,2010s
274839,35000000,Wilfred Ndidi,Premier League,2019,Leicester City,2010s
281404,10000000,Kenedy,La Liga,2019,Getafe,2010s
285845,12000000,Ainsley Maitland-Niles,Ligue 1,2019,Arsenal,2010s
286949,7000000,Adam Masina,Serie A,2019,Watford,2010s
289446,25000000,Yerry Mina,Serie A,2019,Everton,2010s
292417,20000000,Demarai Gray,Premier League,2019,Leicester City,2010s
294057,40000000,James Maddison,Premier League,2019,Leicester City,2010s
295330,12000000,Kelechi Iheanacho,Premier League,2019,Leicester City,2010s
302215,60000000,Naby Keïta,Bundesliga,2019,Liverpool,2010s
306024,20000000,Dominic Calvert-Lewin,Premier League,2019,Everton,2010s
854853,15000000,Tom Davies,Premier League,2019,Everton,2010s
315969,12000000,Scott McTominay,Serie A,2019,Manchester Utd,2010s
316125,35000000,Ben Chilwell,Premier League,2019,Leicester City,2010s
320411,7000000,Philip Billing,Serie A,2019,Bournemouth,2010s
340324,8000000,Eddie Nketiah,Premier League,2019,Arsenal,2010s
340394,1500000,Abdelhamid Sabiri,Serie A,2019,Paderborn 07,2010s
340950,35000000,Diogo Jota,Premier League,2019,Wolves,2010s
341501,5000000,Hamza Choudhury,Premier League,2019,Leicester City,2010s
363205,70000000,Gabriel Jesus,Premier League,2019,Manchester City,2010s
719646,9000000,Bernardo,Bundesliga,2019,Brighton,2010s
406040,20000000,Ademola Lookman,Serie A,2019,RB Leipzig,2010s
410425,15000000,Yves Bissouma,Premier League,2019,Brighton,2010s
181768,3500000,Hernani,Serie A,2019,Parma,2010s
431755,1000000,Dejan Kulusevski,Premier League,2019,Parma,2010s
66360,400000,Daniele Ragatzu,Serie A,2019,Cagliari,2010s
340328,550000,Stephy Mavididi,Premier League,2019,Dijon,2010s
407265,275000,Luca Zanimacchia,Serie A,2019,Juventus,2010s
12384,2000000,Alexander Tettey,Premier League,2019,Norwich City,2010s
61653,6500000,Conor Hourihane,Premier League,2019,Aston Villa,2010s
66333,3000000,Ahmed Elmohamady,Premier League,2019,Aston Villa,2010s
73547,5000000,Oliver Norwood,Premier League,2019,Sheffield Utd,2010s
121324,5500000,John Egan,Premier League,2019,Sheffield Utd,2010s
121385,3000000,Grant Hanley,Premier League,2019,Norwich City,2010s
121477,6000000,Craig Dawson,Premier League,2019,Watford,2010s
126600,1500000,Kenny McLean,Premier League,2019,Norwich City,2010s
183720,7500000,Anwar El Ghazi,Bundesliga,2019,Aston Villa,2010s
203460,25000000,Jack Grealish,Premier League,2019,Aston Villa,2010s
212829,6500000,Jack O'Connell,Premier League,2019,Sheffield Utd,2010s
218087,3000000,Ben Osborn,Premier League,2019,Sheffield Utd,2010s
412660,2000000,Keinan Davis,Serie A,2019,Aston Villa,2010s
412671,250000,Quentin Boisgard,Ligue 1,2019,Toulouse,2010s
644563,150000,Bryan Soumaré,Ligue 1,2019,Dijon,2010s
92693,12500000,Darío Benedetto,La Liga,2019,Marseille,2010s
315063,18000000,Nahitan Nández,Serie A,2019,Cagliari,2010s
497291,12500000,Nicolás Domínguez,Premier League,2019,Bologna,2010s
534033,10000000,Alexis Mac Allister,Premier League,2019,Brighton,2010s
249356,4000000,Jack Stacey,Premier League,2019,Bournemouth,2010s
340329,6000000,Joe Willock,Premier League,2019,Arsenal,2010s
655488,5000000,Gabriel Martinelli,Premier League,2019,Arsenal,2010s
433188,1500000,Curtis Jones,Premier League,2019,Liverpool,2010s
140776,28000000,Yannick Carrasco,La Liga,2019,Atltico Madrid,2010s
341317,7500000,Oliver Burke,Bundesliga,2019,Alavs,2010s
466810,25000000,Ansu Fati,La Liga,2019,Barcelona,2010s
552425,1500000,Jon Moncayola,La Liga,2019,Osasuna,2010s
433177,7000000,Bukayo Saka,Premier League,2019,Arsenal,2010s
346478,800000,Japhet Tanganga,Premier League,2019,Tottenham,2010s
466794,7000000,Eric García,La Liga,2019,Manchester City,2010s
538996,150000,Tanguy Nianzou,La Liga,2019,Paris S-G,2010s
560725,800000,Abdoul Kader Bamba,Ligue 1,2019,Nantes,2010s
624037,500000,Joris Chotard,Ligue 1,2019,Montpellier,2010s
666234,2500000,Mohamed Simakan,Bundesliga,2019,Strasbourg,2010s
129674,4000000,Jeremy Toljan,Serie A,2019,Sassuolo,2010s
538918,5000000,Sebastiano Esposito,Serie A,2019,Inter,2010s
476237,2500000,Steven Alzate,Premier League,2019,Brighton,2010s
503733,1500000,Anthony Gordon,Premier League,2019,Everton,2010s
507700,7000000,Brandon Williams,Premier League,2019,Manchester Utd,2010s
472249,250000,Jan Thielmann,Bundesliga,2019,Kln,2010s
475411,4000000,Wesley Fofana,Premier League,2019,Saint-tienne,2010s
53536,1500000,Tolgay Arslan,Serie A,2020,Udinese,2020s
62920,4000000,Víctor Ruiz,La Liga,2020,Betis,2020s
160438,6300000,Mohamed Elneny,Premier League,2020,Arsenal,2020s
238407,10000000,Alexander Sørloth,La Liga,2020,RB Leipzig,2020s
20463,2000000,Corentin Jean,Ligue 1,2020,Lens,2020s
39909,500000,Sylvain Marveaux,Ligue 1,2020,Lorient,2020s
44686,500000,Yannick Cahuzac,Ligue 1,2020,Lens,2020s
56794,1000000,Fabien Lemoine,Ligue 1,2020,Lorient,2020s
81460,1500000,Nolan Roux,Ligue 1,2020,Nmes,2020s
120651,1500000,Vincent Le Goff,Ligue 1,2020,Lorient,2020s
196435,2500000,Saidy Janko,Bundesliga,2020,Valladolid,2020s
203504,3000000,Pierre-Yves Hamel,Ligue 1,2020,Lorient,2020s
206912,1000000,Jimmy Cabot,Ligue 1,2020,Angers,2020s
238626,900000,Laurent Abergel,Ligue 1,2020,Lorient,2020s
263183,7500000,Roger Assalé,Ligue 1,2020,Dijon,2020s
272549,2500000,Tony Mauricio,Ligue 1,2020,Lens,2020s
276895,1000000,Steven Fortes,Ligue 1,2020,Lens,2020s
314912,300000,Jérôme Hergault,Ligue 1,2020,Lorient,2020s
353032,2500000,Omar Alderete,La Liga,2020,Hertha BSC,2020s
354726,1500000,Florian Sotoca,Ligue 1,2020,Lens,2020s
365108,1000000,Dan Ndoye,Serie A,2020,Nice,2020s
384060,4000000,Tino Kadewere,Ligue 1,2020,Lyon,2020s
386057,1500000,Julien Laporte,Ligue 1,2020,Lorient,2020s
388165,3000000,Yoane Wissa,Premier League,2020,Lorient,2020s
428954,900000,Stéphane Diarra,Ligue 1,2020,Lorient,2020s
485960,700000,Lilian Brassier,Ligue 1,2020,Brest,2020s
485963,1750000,Pape Gueye,La Liga,2020,Marseille,2020s
507486,1250000,Simon Sohm,Serie A,2020,Parma,2020s
536482,1000000,Junior Dina Ebimbe,Bundesliga,2020,Dijon,2020s
543387,2000000,Cheick Doucouré,Premier League,2020,Lens,2020s
569389,3000000,Sofiane Diop,Ligue 1,2020,Monaco,2020s
591914,300000,Warren Tchimbembé,Ligue 1,2020,Metz,2020s
633992,1750000,Enzo Le Fée,Ligue 1,2020,Lorient,2020s
456080,600000,Karim Aribi,Ligue 1,2020,Nmes,2020s
538874,350000,Terem Moffi,Ligue 1,2020,Lorient,2020s
342385,10000000,Guido Rodríguez,Premier League,2020,Betis,2020s
227085,175000,Jonas Hofmann,Bundesliga,2020,Gladbach,2020s
282349,150000,Timo Becker,Bundesliga,2020,Schalke 04,2020s
283141,75000,Blendi Idrizi,Bundesliga,2020,Schalke 04,2020s
342039,75000,Yannik Keitel,Bundesliga,2020,Freiburg,2020s
18900,5000000,Hatem Ben Arfa,Ligue 1,2020,Bordeaux,2020s
21905,600000,Valon Behrami,Serie A,2020,Genoa,2020s
51510,7500000,Ángel Rodríguez,La Liga,2020,Getafe,2020s
57935,1500000,Álvaro Giménez,La Liga,2020,Cdiz,2020s
89733,3500000,Álex Fernández,La Liga,2020,Cdiz,2020s
111347,3500000,Lorenzo Tonelli,Serie A,2020,Sampdoria,2020s
111961,22000000,Suso,La Liga,2020,Sevilla,2020s
251897,4000000,Asier Villalibre,La Liga,2020,Athletic Club,2020s
293569,7000000,Josh Brownhill,Premier League,2020,Burnley,2020s
314875,20000000,Jarrod Bowen,Premier League,2020,West Ham,2020s
324278,6000000,Christoph Baumgartner,Bundesliga,2020,Hoffenheim,2020s
331505,200000,Óscar Mingueza,La Liga,2020,Barcelona,2020s
344605,27000000,Boubakary Soumaré,Premier League,2020,Lille,2020s
349066,25000000,Alexander Isak,Premier League,2020,Real Sociedad,2020s
361254,3000000,Rafa Mir,La Liga,2020,Huesca,2020s
380350,5000000,Igor,Premier League,2020,Fiorentina,2020s
398163,3000000,Gonzalo Villar,La Liga,2020,Roma,2020s
413112,17000000,Aurélien Tchouaméni,La Liga,2020,Monaco,2020s
418560,60000000,Erling Haaland,Premier League,2020,Dortmund,2020s
424204,40000000,Alphonso Davies,Bundesliga,2020,Bayern Munich,2020s
431755,35000000,Dejan Kulusevski,Premier League,2020,Juventus,2020s
455349,50000,Jon Morcillo,La Liga,2020,Athletic Club,2020s
455661,350000,Nick Woltemade,Bundesliga,2020,Werder Bremen,2020s
469949,7000000,Noah Katterbach,Bundesliga,2020,Kln,2020s
472249,2500000,Jan Thielmann,Bundesliga,2020,Kln,2020s
537762,150000,Sergio Arribas,La Liga,2020,Real Madrid,2020s
486624,12000000,Musa Barrow,Serie A,2020,Bologna,2020s
495629,200000,Hugo Guillamón,La Liga,2020,Valencia,2020s
503991,200000,Yunus Musah,Serie A,2020,Valencia,2020s
504148,3500000,Tariq Lamptey,Premier League,2020,Brighton,2020s
527698,250000,Kike Pérez,Serie A,2020,Valladolid,2020s
545647,150000,Sergio Carreira,La Liga,2020,Celta Vigo,2020s
564545,16000000,Edmond Tapsoba,Bundesliga,2020,Leverkusen,2020s
568158,250000,Javi López,La Liga,2020,Alavs,2020s
569598,12000000,Youssouf Fofana,Serie A,2020,Monaco,2020s
617074,500000,Ilaix Moriba,La Liga,2020,Barcelona,2020s
666234,8000000,Mohamed Simakan,Bundesliga,2020,Strasbourg,2020s
691316,4500000,Luis Henrique,Ligue 1,2020,Marseille,2020s
44948,900000,Fernando Forestieri,Serie A,2020,Udinese,2020s
91763,1500000,Pablo Hernández,Premier League,2020,Leeds United,2020s
51152,25000000,Aleksandar Mitrović,Premier League,2020,Fulham,2020s
65976,3000000,Hal Robson-Kanu,Premier League,2020,West Brom,2020s
67420,3000000,Luke Ayling,Premier League,2020,Leeds United,2020s
67421,3500000,Kyle Bartley,Premier League,2020,West Brom,2020s
75067,7000000,Liam Cooper,Premier League,2020,Leeds United,2020s
123275,15000000,Tom Cairney,Premier League,2020,Fulham,2020s
146509,1000000,Conor Townsend,Premier League,2020,West Brom,2020s
149716,10000000,Ivan Cavaleiro,Ligue 1,2020,Fulham,2020s
158764,3000000,Stuart Dallas,Premier League,2020,Leeds United,2020s
173900,10000000,Hélder Costa,Premier League,2020,Leeds United,2020s
183299,7000000,Callum Robinson,Premier League,2020,West Brom,2020s
183334,8000000,Patrick Bamford,Premier League,2020,Leeds United,2020s
194460,7000000,Joe Bryan,Premier League,2020,Fulham,2020s
199527,4500000,Jacob Murphy,Premier League,2020,Newcastle Utd,2020s
226973,3000000,Harrison Reed,Premier League,2020,Fulham,2020s
238639,8000000,Steve Mounié,Bundesliga,2020,Brest,2020s
243589,5000000,Josh Onomah,Premier League,2020,Fulham,2020s
251912,5000000,Semi Ajayi,Premier League,2020,West Brom,2020s
258878,3500000,Tosin Adarabioyo,Premier League,2020,Fulham,2020s
290532,13000000,Saïd Benrahma,Premier League,2020,West Ham,2020s
296986,4000000,Tyler Roberts,Premier League,2020,Leeds United,2020s
314183,8000000,Karlan Grant,Premier League,2020,West Brom,2020s
314965,2000000,Pedro Pereira,Serie A,2020,Crotone,2020s
324358,15000000,Ollie Watkins,Premier League,2020,Aston Villa,2020s
334222,1200000,Lucas Boyé,La Liga,2020,Elche,2020s
335721,7000000,Ben White,Premier League,2020,Brighton,2020s
342048,5000000,Grady Diangana,Premier League,2020,West Brom,2020s
346314,3000000,Trevoh Chalobah,Premier League,2020,Lorient,2020s
349701,4500000,Antonee Robinson,Premier League,2020,Fulham,2020s
351749,15000000,Kalvin Phillips,Premier League,2020,Leeds United,2020s
351755,4000000,Darnell Furlong,Premier League,2020,West Brom,2020s
392763,750000,Ian Poveda,Premier League,2020,Leeds United,2020s
392765,3000000,Emile Smith Rowe,Premier League,2020,Arsenal,2020s
417346,6500000,Jack Harrison,Premier League,2020,Leeds United,2020s
465717,7000000,Jayden Bogle,Premier League,2020,Sheffield Utd,2020s
479999,10000000,Eberechi Eze,Premier League,2020,Crystal Palace,2020s
488362,6000000,Conor Gallagher,La Liga,2020,West Brom,2020s
581678,12000000,Jude Bellingham,La Liga,2020,Dortmund,2020s
32113,20000000,Armando Izzo,Serie A,2020,Torino,2020s
37834,6000000,Felipe Caicedo,Serie A,2020,Lazio,2020s
40433,20000000,Alexis Sánchez,Serie A,2020,Inter,2020s
646658,35000000,Aaron Ramsey,Ligue 1,2020,Juventus,2020s
54928,10000000,Diego Godín,Serie A,2020,Cagliari,2020s
57280,12000000,Giacomo Bonaventura,Serie A,2020,Fiorentina,2020s
59340,8000000,Iago Falque,Serie A,2020,Benevento,2020s
61253,12000000,José Callejón,La Liga,2020,Fiorentina,2020s
63531,8000000,Kwadwo Asamoah,Serie A,2020,Cagliari,2020s
64793,6000000,Leonardo Pavoletti,Serie A,2020,Cagliari,2020s
69633,85000000,Christian Eriksen,Premier League,2020,Inter,2020s
70411,5000000,Darko Lazović,Serie A,2020,Hellas Verona,2020s
72441,15000000,Rafael Tolói,Serie A,2020,Atalanta,2020s
73926,4000000,Davide Faraoni,Serie A,2020,Hellas Verona,2020s
93128,70000000,Kalidou Koulibaly,Premier League,2020,Napoli,2020s
96341,85000000,Romelu Lukaku,Serie A,2020,Inter,2020s
385271,40000000,Allan,Premier League,2020,Everton,2020s
128220,55000000,Luis Alberto,Serie A,2020,Lazio,2020s
130360,16000000,Simone Verdi,Serie A,2020,Torino,2020s
165513,15000000,Berat Djimsiti,Serie A,2020,Atalanta,2020s
169880,20000000,Giovanni Di Lorenzo,Serie A,2020,Napoli,2020s
197300,35000000,Federico Bernardeschi,Serie A,2020,Juventus,2020s
206050,90000000,Paulo Dybala,Serie A,2020,Juventus,2020s
228761,8500000,Jony,Serie A,2020,Osasuna,2020s
262523,12000000,Davide Calabria,Serie A,2020,Milan,2020s
266302,80000000,Sergej Milinković-Savić,Serie A,2020,Lazio,2020s
277167,10000000,Gian Marco Ferrari,Serie A,2020,Sassuolo,2020s
310458,4000000,Giangiacomo Magnani,Serie A,2020,Hellas Verona,2020s
315853,35000000,Alessandro Bastoni,Serie A,2020,Inter,2020s
316889,35000000,Hirving Lozano,Serie A,2020,Napoli,2020s
331560,15000000,Takehiro Tomiyasu,Premier League,2020,Bologna,2020s
339808,40000000,Theo Hernández,Serie A,2020,Milan,2020s
351816,22000000,Ismaël Bennacer,Ligue 1,2020,Milan,2020s
357498,18000000,Dušan Vlahović,Serie A,2020,Fiorentina,2020s
397033,35000000,Sandro Tonali,Premier League,2020,Milan,2020s
889683,7000000,Rogério,Bundesliga,2020,Sassuolo,2020s
444523,28000000,Lucas Paquetá,Premier League,2020,Lyon,2020s
16306,80000000,Casemiro,Premier League,2020,Real Madrid,2020s
424784,35000000,Luis Suárez,La Liga,2020,Atltico Madrid,2020s
46413,7500000,Ante Budimir,La Liga,2020,Osasuna,2020s
50202,100000000,Eden Hazard,La Liga,2020,Real Madrid,2020s
550495,10000000,Fernando,La Liga,2020,Sevilla,2020s
76746,4000000,Damián Suárez,La Liga,2020,Getafe,2020s
81999,7500000,Joselu,La Liga,2020,Alavs,2020s
95963,800000,Germán Sánchez,La Liga,2020,Granada,2020s
99353,20000000,Portu,La Liga,2020,Real Sociedad,2020s
111508,4000000,Allan Nyom,La Liga,2020,Getafe,2020s
126716,35000000,Paco Alcácer,La Liga,2020,Villarreal,2020s
156501,32000000,Felipe,Premier League,2020,Atltico Madrid,2020s
189441,40000000,Lucas Ocampos,La Liga,2020,Sevilla,2020s
211251,4000000,Darwin Machís,La Liga,2020,Granada,2020s
361238,7500000,Rubén García,La Liga,2020,Osasuna,2020s
243541,5000000,Deyverson,La Liga,2020,Alavs,2020s
251106,5000000,Enes Ünal,Premier League,2020,Getafe,2020s
266807,40000000,Ángel Correa,La Liga,2020,Atltico Madrid,2020s
278359,18000000,Borja Iglesias,La Liga,2020,Betis,2020s
278837,2500000,Luis Rioja,La Liga,2020,Alavs,2020s
282429,25000000,Sergio Reguilón,Premier League,2020,Tottenham,2020s
288230,70000000,Ousmane Dembélé,Ligue 1,2020,Barcelona,2020s
291417,40000000,Ferland Mendy,La Liga,2020,Real Madrid,2020s
309110,15000000,Brais Méndez,La Liga,2020,Celta Vigo,2020s
338285,20000000,Unai Núñez,La Liga,2020,Athletic Club,2020s
346289,22000000,Mouctar Diakhaby,La Liga,2020,Valencia,2020s
369081,60000000,Federico Valverde,La Liga,2020,Real Madrid,2020s
378293,10000000,Yangel Herrera,La Liga,2020,Granada,2020s
399776,20000000,Pau Torres,Premier League,2020,Villarreal,2020s
401530,40000000,Éder Militão,La Liga,2020,Real Madrid,2020s
462250,90000000,João Félix,Serie A,2020,Atltico Madrid,2020s
552425,3000000,Jon Moncayola,La Liga,2020,Osasuna,2020s
563963,12000000,Mohammed Salisu,Ligue 1,2020,Southampton,2020s
54383,8000000,John Fleck,Premier League,2020,Sheffield Utd,2020s
146690,6000000,George Baldock,Premier League,2020,Sheffield Utd,2020s
256429,6000000,Sergi Guardiola,La Liga,2020,Valladolid,2020s
3333,8000000,James Milner,Premier League,2020,Liverpool,2020s
55338,28000000,Willian,Premier League,2020,Arsenal,2020s
1004741,12000000,Pedro,Serie A,2020,Roma,2020s
67063,7000000,Danny Welbeck,Premier League,2020,Brighton,2020s
73547,8000000,Oliver Norwood,Premier League,2020,Sheffield Utd,2020s
85706,7000000,Enda Stevens,Premier League,2020,Sheffield Utd,2020s
93720,60000000,Alexandre Lacazette,Ligue 1,2020,Arsenal,2020s
99331,15000000,Jannik Vestergaard,Premier League,2020,Southampton,2020s
134294,22000000,Danny Ings,Premier League,2020,Southampton,2020s
140191,5000000,Ryan Fredericks,Premier League,2020,West Ham,2020s
141660,22000000,Jesse Lingard,Premier League,2020,West Ham,2020s
142310,18000000,Willy Boly,Premier League,2020,Wolves,2020s
146795,22000000,Ryan Fraser,Premier League,2020,Newcastle Utd,2020s
175722,25000000,Eric Dier,Bundesliga,2020,Tottenham,2020s
182712,45000000,João Cancelo,La Liga,2020,Manchester City,2020s
186590,45000000,John Stones,Premier League,2020,Manchester City,2020s
203460,38000000,Jack Grealish,Premier League,2020,Aston Villa,2020s
364405,32000000,Adama Traoré,Premier League,2020,Wolves,2020s
207929,80000000,Dele Alli,Serie A,2020,Tottenham,2020s
295330,15000000,Kelechi Iheanacho,Premier League,2020,Leicester City,2020s
306024,30000000,Dominic Calvert-Lewin,Premier League,2020,Everton,2020s
333241,25000000,Joelinton,Premier League,2020,Newcastle Utd,2020s
340324,12000000,Eddie Nketiah,Premier League,2020,Arsenal,2020s
357885,20000000,Pablo Fornals,La Liga,2020,West Ham,2020s
433177,22000000,Bukayo Saka,Premier League,2020,Arsenal,2020s
507700,12000000,Brandon Williams,Premier League,2020,Manchester Utd,2020s
655488,28000000,Gabriel Martinelli,Premier League,2020,Arsenal,2020s
42783,2000000,André Hahn,Bundesliga,2020,Augsburg,2020s
75489,4500000,Niclas Füllkrug,Premier League,2020,Werder Bremen,2020s
93827,2000000,Steven Skrzybski,Bundesliga,2020,Schalke 04,2020s
93844,6000000,Leonardo Bittencourt,Bundesliga,2020,Werder Bremen,2020s
108650,4500000,Yuya Osako,Bundesliga,2020,Werder Bremen,2020s
125614,5000000,Sargis Adamyan,Bundesliga,2020,Hoffenheim,2020s
147573,6000000,Sebastian Andersson,Bundesliga,2020,Kln,2020s
152963,10000000,Florian Niederlechner,Bundesliga,2020,Augsburg,2020s
156779,5500000,Erik Thommy,Bundesliga,2020,Stuttgart,2020s
157635,30000000,Yussuf Poulsen,Bundesliga,2020,RB Leipzig,2020s
159471,90000000,Serge Gnabry,Bundesliga,2020,Bayern Munich,2020s
159844,2800000,Christopher Lenz,Bundesliga,2020,Union Berlin,2020s
170527,80000000,Timo Werner,Premier League,2020,Chelsea,2020s
190393,32000000,Corentin Tolisso,Ligue 1,2020,Bayern Munich,2020s
195736,25000000,Florian Grillitsch,La Liga,2020,Hoffenheim,2020s
216181,8000000,Almamy Touré,Bundesliga,2020,Eint Frankfurt,2020s
223967,30000000,Konrad Laimer,Bundesliga,2020,RB Leipzig,2020s
237164,10000000,Ihlas Bebou,Bundesliga,2020,Hoffenheim,2020s
242086,25000000,Patrik Schick,Bundesliga,2020,Leverkusen,2020s
243714,50000000,Kingsley Coman,Bundesliga,2020,Bayern Munich,2020s
261905,25000000,Suat Serdar,Serie A,2020,Schalke 04,2020s
277179,22000000,Angeliño,Serie A,2020,RB Leipzig,2020s
338629,12000000,Sebastiaan Bornauw,Bundesliga,2020,Kln,2020s
344381,35000000,Christopher Nkunku,Premier League,2020,RB Leipzig,2020s
395516,30000000,Moussa Diaby,Premier League,2020,Leverkusen,2020s
398073,60000000,Achraf Hakimi,Ligue 1,2020,Inter,2020s
401173,130000000,Jadon Sancho,Premier League,2020,Dortmund,2020s
413843,3500000,Keven Schlotterbeck,Bundesliga,2020,Freiburg,2020s
575998,8000000,Leonardo Balerdi,Ligue 1,2020,Marseille,2020s
295183,10000000,Răzvan Marin,Serie A,2020,Cagliari,2020s
338032,3000000,Deyovaisio Zeefuik,Serie A,2020,Hertha BSC,2020s
361093,1500000,Sven Botman,Premier League,2020,Lille,2020s
8806,8000000,Cesc Fàbregas,Ligue 1,2020,Monaco,2020s
77826,3500000,Ryad Boudebouz,Ligue 1,2020,Saint-tienne,2020s
83002,7000000,Hiroki Sakai,Ligue 1,2020,Marseille,2020s
103565,9000000,Wahbi Khazri,Ligue 1,2020,Saint-tienne,2020s
135617,20000000,Thiago Mendes,Ligue 1,2020,Lyon,2020s
146854,50000000,Wissam Ben Yedder,Ligue 1,2020,Monaco,2020s
190786,3000000,Baptiste Reynet,Ligue 1,2020,Nmes,2020s
205587,3500000,Opa Nguette,Ligue 1,2020,Metz,2020s
241229,12000000,Jordan Amavi,Ligue 1,2020,Marseille,2020s
245078,8000000,Nemanja Radonjić,La Liga,2020,Marseille,2020s
270541,10000000,Serhou Guirassy,Bundesliga,2020,Rennes,2020s
274862,8000000,Moses Simon,Ligue 1,2020,Nantes,2020s
283994,8500000,Ludovic Ajorque,Ligue 1,2020,Strasbourg,2020s
288225,10000000,Ludovic Blas,Ligue 1,2020,Nantes,2020s
290017,6000000,Hassane Kamara,Serie A,2020,Nice,2020s
293944,3500000,Habib Maïga,Ligue 1,2020,Metz,2020s
334835,6000000,Toma Bašić,Serie A,2020,Bordeaux,2020s
340328,4000000,Stephy Mavididi,Premier League,2020,Montpellier,2020s
342226,6000000,Irvin Cardona,Ligue 1,2020,Brest,2020s
344599,3000000,Yassine Benrahou,Ligue 1,2020,Nmes,2020s
353399,6000000,Romain Del Castillo,Ligue 1,2020,Rennes,2020s
377393,10000000,Pierre Lees-Melou,Ligue 1,2020,Nice,2020s
384859,5000000,Fabien Centonze,Ligue 1,2020,Metz,2020s
386047,8000000,Axel Disasi,Premier League,2020,Monaco,2020s
394327,30000000,Boubacar Kamara,Premier League,2020,Marseille,2020s
395693,55000000,Houssem Aouar,Serie A,2020,Lyon,2020s
424051,8000000,Samuel Kalu,Premier League,2020,Bordeaux,2020s
435338,22000000,Gabriel Magalhães,Premier League,2020,Arsenal,2020s
463613,3000000,Yann Gboho,Ligue 1,2020,Rennes,2020s
463618,4000000,Khéphren Thuram,Serie A,2020,Nice,2020s
474662,600000,Hugo Magnetti,Ligue 1,2020,Brest,2020s
520624,35000000,Bruno Guimarães,Premier League,2020,Lyon,2020s
560593,4000000,Hicham Boudaoui,Ligue 1,2020,Nice,2020s
560725,2000000,Abdoul Kader Bamba,Ligue 1,2020,Nantes,2020s
640428,42000000,Eduardo Camavinga,La Liga,2020,Rennes,2020s
649016,2500000,El Bilal Touré,Bundesliga,2020,Reims,2020s
111057,900000,Idriss Saadi,Ligue 1,2020,Strasbourg,2020s
188915,1000000,Naomichi Ueda,Ligue 1,2020,Nmes,2020s
490426,21000000,Krépin Diatta,Ligue 1,2020,Monaco,2020s
533738,25000000,Jonathan David,Ligue 1,2020,Lille,2020s
85000,800000,Cebio Soukou,Bundesliga,2020,Arminia,2020s
147038,1200000,Cédric Brunner,Bundesliga,2020,Arminia,2020s
175639,1500000,Jonathan Clauss,Ligue 1,2020,Lens,2020s
193004,7000000,Waldemar Anton,Bundesliga,2020,Stuttgart,2020s
216804,2000000,Joakim Nilsson,Bundesliga,2020,Arminia,2020s
244940,3000000,Salih Özcan,Bundesliga,2020,Kln,2020s
334186,500000,Fabian Kunze,Bundesliga,2020,Arminia,2020s
334221,2000000,Amos Pieper,Bundesliga,2020,Arminia,2020s
371814,1000000,Nathaniel Phillips,Premier League,2020,Liverpool,2020s
393512,2000000,Felix Agu,Bundesliga,2020,Werder Bremen,2020s
448177,300000,Jessic Ngankam,Bundesliga,2020,Hertha BSC,2020s
3455,2800000,Zlatan Ibrahimović,Serie A,2020,Milan,2020s
7663,1600000,Joaquín,La Liga,2020,Betis,2020s
8198,60000000,Cristiano Ronaldo,Premier League,2020,Juventus,2020s
11111,4800000,Ramiro Funes Mori,La Liga,2020,Villarreal,2020s
12563,325000,Goran Pandev,Serie A,2020,Genoa,2020s
14086,3200000,Ashley Young,Premier League,2020,Inter,2020s
15956,3200000,Jesús Navas,La Liga,2020,Sevilla,2020s
16136,800000,Dante,Ligue 1,2020,Nice,2020s
18644,1600000,Álvaro Negredo,La Liga,2020,Cdiz,2020s
18909,1600000,Jimmy Briand,Ligue 1,2020,Bordeaux,2020s
18922,32000000,Karim Benzema,La Liga,2020,Real Madrid,2020s
18934,1600000,Thomas Mangani,Ligue 1,2020,Angers,2020s
18944,20000000,Gerard Piqué,La Liga,2020,Barcelona,2020s
19305,1200000,Oscar Wendt,Bundesliga,2020,Gladbach,2020s
20005,13000000,Papu Gómez,La Liga,2020,Atalanta,2020s
20506,3200000,Andrés Guardado,La Liga,2020,Betis,2020s
22068,3200000,Franck Ribéry,Serie A,2020,Fiorentina,2020s
22328,1600000,Fabio Quagliarella,Serie A,2020,Sampdoria,2020s
22386,400000,Daniel Congré,Ligue 1,2020,Montpellier,2020s
25488,5500000,Antonio Candreva,Serie A,2020,Sampdoria,2020s
25557,14500000,Sergio Ramos,La Liga,2020,Real Madrid,2020s
389324,8000000,Fernandinho,Premier League,2020,Manchester City,2020s
26399,52000000,Sergio Agüero,La Liga,2020,Manchester City,2020s
26485,12000000,Jérôme Boateng,Serie A,2020,Bayern Munich,2020s
27389,6500000,Kévin Gameiro,Ligue 1,2020,Valencia,2020s
27511,4000000,Gary Cahill,Premier League,2020,Crystal Palace,2020s
28003,112000000,Lionel Messi,Ligue 1,2020,Barcelona,2020s
28947,1200000,Gonzalo Castro,Bundesliga,2020,Stuttgart,2020s
294817,4800000,Thiago Silva,Premier League,2020,Chelsea,2020s
29594,2400000,Graziano Pellè,Serie A,2020,Parma,2020s
29993,7000000,Sven Bender,Bundesliga,2020,Leverkusen,2020s
31909,48000000,Toni Kroos,La Liga,2020,Real Madrid,2020s
32711,5200000,Patrick Herrmann,Bundesliga,2020,Gladbach,2020s
808509,550000,Danilo,Serie A,2020,Juventus,2020s
33218,800000,Luca Cigarini,Serie A,2020,Crotone,2020s
33571,2800000,Lorenzo De Silvestri,Serie A,2020,Bologna,2020s
34344,1600000,Cristián Zapata,Serie A,2020,Genoa,2020s
34787,2400000,Julian Baumgartlinger,Bundesliga,2020,Leverkusen,2020s
35047,21500000,Axel Witsel,La Liga,2020,Dortmund,2020s
35416,1600000,David McGoldrick,Premier League,2020,Sheffield Utd,2020s
86759,12000000,David Silva,La Liga,2020,Real Sociedad,2020s
37647,10000000,Dimitri Payet,Ligue 1,2020,Marseille,2020s
37666,11000000,Arturo Vidal,Serie A,2020,Inter,2020s
38410,4000000,Daniel Caligiuri,Bundesliga,2020,Augsburg,2020s
120705,325000,Juan Carlos,La Liga,2020,Huesca,2020s
39025,2800000,Danny Latza,Bundesliga,2020,Mainz 05,2020s
39106,1600000,Ádám Szalai,Bundesliga,2020,Mainz 05,2020s
39381,32000000,Gareth Bale,La Liga,2020,Tottenham,2020s
40074,2400000,Stefan Ilsanker,Bundesliga,2020,Eint Frankfurt,2020s
40611,10500000,Ryan Bertrand,Premier League,2020,Southampton,2020s
41414,6000000,Lucas Leiva,Serie A,2020,Lazio,2020s
42412,12000000,Jonny Evans,Premier League,2020,Leicester City,2020s
42936,6500000,Nils Petersen,Bundesliga,2020,Freiburg,2020s
43003,3200000,Nacho Monreal,La Liga,2020,Real Sociedad,2020s
43256,800000,Paul Baysse,Ligue 1,2020,Bordeaux,2020s
43530,9500000,Adam Lallana,Premier League,2020,Brighton,2020s
43763,4000000,Erik Pieters,Premier League,2020,Burnley,2020s
43984,2000000,Daniel Brosinski,Bundesliga,2020,Mainz 05,2020s
44136,2400000,Domenico Criscito,Serie A,2020,Genoa,2020s
44466,4000000,Sebastian Rode,Bundesliga,2020,Eint Frankfurt,2020s
546212,14500000,Diego Costa,Premier League,2020,Atltico Madrid,2020s
45314,3200000,Federico Fazio,Serie A,2020,Roma,2020s
45383,1400000,Adrián López,La Liga,2020,Osasuna,2020s
45389,1400000,Samuel Di Carmine,Serie A,2020,Hellas Verona,2020s
138935,1200000,Sergio Álvarez,La Liga,2020,Eibar,2020s
46001,20000000,Moussa Sissoko,Ligue 1,2020,Tottenham,2020s
46156,6500000,Aleksandar Kolarov,Serie A,2020,Inter,2020s
46552,4800000,Kamil Glik,Serie A,2020,Benevento,2020s
46741,12000000,David Luiz,Premier League,2020,Arsenal,2020s
48002,6500000,Angelo Ogbonna,Premier League,2020,West Ham,2020s
48066,3200000,Andy Carroll,Premier League,2020,Newcastle Utd,2020s
48280,20000000,Edinson Cavani,La Liga,2020,Manchester Utd,2020s
48298,6500000,Lars Stindl,Bundesliga,2020,Gladbach,2020s
49275,3200000,Albin Ekdal,Serie A,2020,Sampdoria,2020s
49499,40000000,Georginio Wijnaldum,Serie A,2020,Liverpool,2020s
49542,1600000,Billy Sharp,Premier League,2020,Sheffield Utd,2020s
49723,2400000,Timothy Chandler,Bundesliga,2020,Eint Frankfurt,2020s
50201,10500000,Christian Benteke,Premier League,2020,Crystal Palace,2020s
52495,2400000,Chris Basham,Premier League,2020,Sheffield Utd,2020s
53400,3200000,Dominick Drexler,Bundesliga,2020,Kln,2020s
53418,17500000,Kevin Kampl,Bundesliga,2020,RB Leipzig,2020s
53622,40000000,İlkay Gündoğan,Premier League,2020,Manchester City,2020s
54235,14000000,Iker Muniain,La Liga,2020,Athletic Club,2020s
54581,2800000,Ilija Nestorovski,Serie A,2020,Udinese,2020s
55099,3500000,Nicolas Höfler,Bundesliga,2020,Freiburg,2020s
55735,20000000,Henrikh Mkhitaryan,Serie A,2020,Roma,2020s
55769,10500000,Danilo D'Ambrosio,Serie A,2020,Inter,2020s
55854,4000000,Cristian Ansaldi,Serie A,2020,Torino,2020s
56067,2400000,Pablo Piatti,La Liga,2020,Elche,2020s
56762,800000,Pasquale Schiattarella,Serie A,2020,Benevento,2020s
57216,1200000,Ismaël Traoré,Ligue 1,2020,Angers,2020s
57370,4000000,Damien Da Silva,Ligue 1,2020,Rennes,2020s
57372,1400000,Lucas Deaux,Ligue 1,2020,Nmes,2020s
57420,2200000,Lamine Koné,Ligue 1,2020,Strasbourg,2020s
57467,2400000,Romain Thomas,Ligue 1,2020,Angers,2020s
57500,24000000,César Azpilicueta,La Liga,2020,Chelsea,2020s
57825,1600000,Jorge Molina,La Liga,2020,Granada,2020s
57845,3500000,Tobias Strobl,Bundesliga,2020,Augsburg,2020s
57995,2000000,Daniel Didavi,Bundesliga,2020,Stuttgart,2020s
58178,1200000,David Abraham,Bundesliga,2020,Eint Frankfurt,2020s
58330,1200000,Víctor Díaz,La Liga,2020,Granada,2020s
58358,25500000,Thomas Müller,Bundesliga,2020,Bayern Munich,2020s
58864,56000000,Pierre-Emerick Aubameyang,Ligue 1,2020,Arsenal,2020s
59016,52000000,David Alaba,La Liga,2020,Bayern Munich,2020s
59551,1200000,Ángel Montoro,La Liga,2020,Granada,2020s
59699,1200000,Simone Iacoponi,Serie A,2020,Parma,2020s
60394,1600000,Philipp Klement,Bundesliga,2020,Stuttgart,2020s
60444,48000000,Thiago Alcántara,Premier League,2020,Liverpool,2020s
60540,4000000,Valère Germain,Ligue 1,2020,Marseille,2020s
60583,2000000,Jérémy Pied,Ligue 1,2020,Lille,2020s
60632,1400000,Theodor Gebre Selassie,Bundesliga,2020,Werder Bremen,2020s
60890,1600000,Fabián Orellana,La Liga,2020,Valladolid,2020s
60990,2200000,Bruno Ecuele Manga,Ligue 1,2020,Dijon,2020s
61087,12000000,Karim Bellarabi,Bundesliga,2020,Leverkusen,2020s
61546,1400000,Facundo Roncaglia,La Liga,2020,Osasuna,2020s
61637,650000,Emmanuel Rivière,Serie A,2020,Crotone,2020s
61812,16000000,Yuri Berchiche,La Liga,2020,Athletic Club,2020s
61891,2200000,Fábio,Ligue 1,2020,Nantes,2020s
62351,2000000,Abdoulaye Bamba,Ligue 1,2020,Angers,2020s
62688,2800000,Scott Dann,Premier League,2020,Crystal Palace,2020s
63040,950000,Oier Sanjurjo,La Liga,2020,Osasuna,2020s
63200,8000000,Ashley Barnes,Premier League,2020,Burnley,2020s
63494,5200000,Étienne Capoue,La Liga,2020,Villarreal,2020s
65230,28000000,Sergio Busquets,La Liga,2020,Barcelona,2020s
66100,8000000,Oriol Romeu,La Liga,2020,Southampton,2020s
66106,20000000,Sergio Canales,La Liga,2020,Betis,2020s
66333,2000000,Ahmed Elmohamady,Premier League,2020,Aston Villa,2020s
66736,4800000,Lisandro Magallán,La Liga,2020,Crotone,2020s
66934,8000000,Cheikhou Kouyaté,Premier League,2020,Crystal Palace,2020s
67546,2400000,Jorge Pulido,La Liga,2020,Huesca,2020s
67548,3200000,Rubén Rochina,La Liga,2020,Levante,2020s
67808,3200000,Borja García,La Liga,2020,Huesca,2020s
68290,128000000,Neymar,Ligue 1,2020,Paris S-G,2020s
68390,9500000,Séamus Coleman,Premier League,2020,Everton,2020s
69751,40000000,Jordi Alba,La Liga,2020,Barcelona,2020s
70285,4000000,Jonathan Schmid,Bundesliga,2020,Freiburg,2020s
70934,1600000,Nolito,La Liga,2020,Celta Vigo,2020s
71548,1600000,Anaitz Arbilla,La Liga,2020,Eibar,2020s
71579,475000,Iñigo Pérez,La Liga,2020,Osasuna,2020s
71905,1200000,Coke,La Liga,2020,Levante,2020s
71918,1200000,David Ferreiro,La Liga,2020,Huesca,2020s
72047,16000000,Iago Aspas,La Liga,2020,Celta Vigo,2020s
72479,5500000,Clément Grenier,La Liga,2020,Rennes,2020s
73794,36000000,Duván Zapata,Serie A,2020,Atalanta,2020s
73943,300000,Alessandro Tuia,Serie A,2020,Benevento,2020s
74229,48000000,Koke,La Liga,2020,Atltico Madrid,2020s
74230,28000000,Pablo Sarabia,Premier League,2020,Paris S-G,2020s
74294,5500000,Nemanja Gudelj,La Liga,2020,Sevilla,2020s
74297,2800000,Gaël Kakuta,Ligue 1,2020,Lens,2020s
74448,800000,Andrea Rispoli,Serie A,2020,Crotone,2020s
74810,8000000,Ben Mee,Premier League,2020,Burnley,2020s
74943,4000000,Juraj Kucka,Premier League,2020,Parma,2020s
75921,550000,Christopher Trimmel,Bundesliga,2020,Union Berlin,2020s
75942,5500000,Tomás Rincón,Serie A,2020,Torino,2020s
76163,9500000,Franco Vázquez,La Liga,2020,Sevilla,2020s
76277,4000000,Laurent Koscielny,Ligue 1,2020,Bordeaux,2020s
77100,32000000,Lucas Moura,Premier League,2020,Tottenham,2020s
78147,650000,Fabian Klos,Bundesliga,2020,Arminia,2020s
78917,800000,Julien Faussurier,Ligue 1,2020,Brest,2020s
79960,40000000,Alex Sandro,Serie A,2020,Juventus,2020s
80173,325000,Frédéric Sammaritano,Ligue 1,2020,Dijon,2020s
80293,16000000,Aïssa Mandi,Ligue 1,2020,Betis,2020s
80444,56000000,Philippe Coutinho,Premier League,2020,Barcelona,2020s
81988,2400000,Sergi Enrich,La Liga,2020,Eibar,2020s
82009,28000000,Kevin Volland,Bundesliga,2020,Monaco,2020s
82048,6000000,Nicola Sansone,Serie A,2020,Bologna,2020s
82070,13500000,Diego Demme,Serie A,2020,Napoli,2020s
82097,7000000,Christoph Kramer,Bundesliga,2020,Gladbach,2020s
82442,7000000,Olivier Giroud,Serie A,2020,Chelsea,2020s
82873,9500000,Pascal Groß,Bundesliga,2020,Brighton,2020s
83132,1700000,Vincent Manceau,Ligue 1,2020,Angers,2020s
83877,3500000,Diego Farias,Serie A,2020,Spezia,2020s
84085,4800000,Timothée Kolodziejczak,Bundesliga,2020,Saint-tienne,2020s
84150,1700000,Rafael Czichos,Bundesliga,2020,Kln,2020s
84301,8000000,Benjamin André,Ligue 1,2020,Lille,2020s
84765,5500000,Francesco Caputo,Serie A,2020,Sassuolo,2020s
85177,8000000,Nathaniel Clyne,Premier League,2020,Crystal Palace,2020s
85288,40000000,Isco,La Liga,2020,Real Madrid,2020s
85370,40000000,Sergi Roberto,Serie A,2020,Barcelona,2020s
85393,1600000,Nicolas Viola,Serie A,2020,Benevento,2020s
85475,5500000,Federico Fernández,Premier League,2020,Newcastle Utd,2020s
85585,800000,John Boye,Ligue 1,2020,Metz,2020s
85791,14500000,Stefan Lainer,Bundesliga,2020,Gladbach,2020s
85822,1400000,Florian Hübner,Bundesliga,2020,Union Berlin,2020s
86202,40000000,Antonio Rüdiger,La Liga,2020,Chelsea,2020s
87884,12000000,Mário Rui,Serie A,2020,Napoli,2020s
88755,120000000,Kevin De Bruyne,Premier League,2020,Manchester City,2020s
89701,12000000,Charles Aránguiz,Bundesliga,2020,Leverkusen,2020s
91317,5500000,Ashley Westwood,Premier League,2020,Burnley,2020s
91970,14500000,Juan Cuadrado,Serie A,2020,Juventus,2020s
92472,1000000,Akaki Gogia,Bundesliga,2020,Union Berlin,2020s
92572,3200000,Joel Ward,Premier League,2020,Crystal Palace,2020s
92693,12000000,Darío Benedetto,La Liga,2020,Marseille,2020s
93604,2000000,Lukas Kübler,Bundesliga,2020,Freiburg,2020s
93678,2000000,Gaëtan Charbonnier,Ligue 1,2020,Brest,2020s
93707,9500000,Christian Günter,Bundesliga,2020,Freiburg,2020s
93726,1700000,Paul Lasne,Ligue 1,2020,Brest,2020s
93795,3200000,Facundo Ferreyra,La Liga,2020,Celta Vigo,2020s
93922,1600000,Erik Durm,Bundesliga,2020,Eint Frankfurt,2020s
93935,4800000,Sergio Escudero,La Liga,2020,Sevilla,2020s
94529,13000000,Stephan El Shaarawy,Serie A,2020,Roma,2020s
94771,2000000,Andreas Voglsammer,Bundesliga,2020,Arminia,2020s
95424,40000000,Kyle Walker,Serie A,2020,Manchester City,2020s
95810,28000000,Kieran Trippier,Premier League,2020,Atltico Madrid,2020s
96828,7000000,Simone Zaza,Serie A,2020,Torino,2020s
98240,4800000,Ciaran Clark,Premier League,2020,Newcastle Utd,2020s
98249,2400000,Takashi Inui,La Liga,2020,Eibar,2020s
98322,4800000,Denis Cheryshev,La Liga,2020,Valencia,2020s
98349,2000000,Romain Hamouma,Ligue 1,2020,Saint-tienne,2020s
99343,16000000,Ander Herrera,La Liga,2020,Paris S-G,2020s
99559,550000,Alberto Perea,La Liga,2020,Cdiz,2020s
100131,16000000,William Carvalho,La Liga,2020,Betis,2020s
100986,24000000,Thomas Meunier,Ligue 1,2020,Dortmund,2020s
101213,5500000,Pedro Obiang,Serie A,2020,Sassuolo,2020s
102744,1600000,Sébastien Corchia,Ligue 1,2020,Nantes,2020s
102745,2800000,Luca Ceppitelli,Serie A,2020,Cagliari,2020s
103427,16000000,Chris Smalling,Serie A,2020,Roma,2020s
1083070,72000000,Alisson,Premier League,2020,Liverpool,2020s
106270,2400000,Florian Kainz,Bundesliga,2020,Kln,2020s
106405,9500000,Jeffrey Gouweleeuw,Bundesliga,2020,Augsburg,2020s
106872,4000000,Kevin Stöger,Bundesliga,2020,Mainz 05,2020s
108354,6500000,Jordan Ayew,Premier League,2020,Crystal Palace,2020s
108537,6800000,Jonas Hector,Bundesliga,2020,Kln,2020s
108725,14500000,Chris Wood,Premier League,2020,Burnley,2020s
110036,8000000,Dominique Heintz,Bundesliga,2020,Freiburg,2020s
110338,525000,Luca Mora,Serie A,2020,Spezia,2020s
111039,12000000,Ishak Belfodil,Bundesliga,2020,Hoffenheim,2020s
111051,5500000,Nampalys Mendy,Ligue 1,2020,Leicester City,2020s
111058,4000000,Arnaud Souquet,Ligue 1,2020,Montpellier,2020s
111078,22500000,Emil Forsberg,Bundesliga,2020,RB Leipzig,2020s
111195,8000000,Joël Veltman,Premier League,2020,Brighton,2020s
111196,48000000,Stefan de Vrij,Serie A,2020,Inter,2020s
111455,24000000,Granit Xhaka,Bundesliga,2020,Arsenal,2020s
112988,8000000,Cédric Soares,Premier League,2020,Arsenal,2020s
113133,14500000,Germán Pezzella,La Liga,2020,Fiorentina,2020s
114060,1200000,Enric Gallego,La Liga,2020,Osasuna,2020s
118278,4000000,Xavier Chavalerin,Ligue 1,2020,Reims,2020s
118284,2800000,Jordan Ferri,Ligue 1,2020,Montpellier,2020s
118397,4000000,Alessandro Schöpf,Bundesliga,2020,Schalke 04,2020s
118689,14500000,Leonardo Spinazzola,Serie A,2020,Roma,2020s
119085,3200000,Loris Benito,Ligue 1,2020,Bordeaux,2020s
119228,15000000,Luis Muriel,Serie A,2020,Atalanta,2020s
119234,3500000,Karim Onisiwo,Bundesliga,2020,Mainz 05,2020s
119235,2400000,Carlos Bacca,La Liga,2020,Villarreal,2020s
119277,6800000,Yannick Gerhardt,Bundesliga,2020,Wolfsburg,2020s
119296,24000000,Emre Can,Bundesliga,2020,Dortmund,2020s
120095,12000000,José Campaña,La Liga,2020,Levante,2020s
121402,2000000,Ahmad Benali,Serie A,2020,Crotone,2020s
122043,16000000,Héctor Herrera,La Liga,2020,Atltico Madrid,2020s
122116,5500000,Nicolas de Préville,Ligue 1,2020,Bordeaux,2020s
122153,80000000,Paul Pogba,Serie A,2020,Manchester Utd,2020s
122155,24000000,Willian José,La Liga,2020,Wolves,2020s
122797,10500000,Andy Delort,Ligue 1,2020,Montpellier,2020s
450826,24000000,Callum Wilson,Premier League,2020,Newcastle Utd,2020s
123742,6500000,Gastón Ramírez,Serie A,2020,Sampdoria,2020s
124555,9500000,Cristiano Biraghi,Serie A,2020,Fiorentina,2020s
124715,13500000,Nikola Maksimović,Ligue 1,2020,Napoli,2020s
124732,12000000,John Brooks,Bundesliga,2020,Wolfsburg,2020s
124769,650000,Luca Marrone,Serie A,2020,Crotone,2020s
125020,8000000,José Luis Palomino,Serie A,2020,Atalanta,2020s
125781,96000000,Antoine Griezmann,La Liga,2020,Barcelona,2020s
126281,1000000,Alexander Hack,Bundesliga,2020,Mainz 05,2020s
126414,14500000,Hakan Çalhanoğlu,Serie A,2020,Milan,2020s
126534,9500000,Salif Sané,Bundesliga,2020,Schalke 04,2020s
126540,32000000,Samuel Umtiti,Ligue 1,2020,Barcelona,2020s
126699,1600000,Vincent Pajot,Ligue 1,2020,Metz,2020s
126737,4000000,Juanmi,La Liga,2020,Betis,2020s
127032,16000000,Serge Aurier,Premier League,2020,Tottenham,2020s
127076,16000000,Jérôme Roussillon,Bundesliga,2020,Wolfsburg,2020s
127108,4800000,Florian Lejeune,La Liga,2020,Alavs,2020s
127156,9500000,Téji Savanier,Ligue 1,2020,Montpellier,2020s
127182,2000000,Thomas Monconduit,Ligue 1,2020,Lorient,2020s
127187,20000000,Abdoulaye Doucouré,Premier League,2020,Everton,2020s
127189,22500000,Geoffrey Kondogbia,Ligue 1,2020,Valencia,2020s
127573,800000,Phillipp Mwene,Bundesliga,2020,Mainz 05,2020s
128901,14500000,Conor Coady,Premier League,2020,Wolves,2020s
129078,16000000,Nathan Redmond,Premier League,2020,Southampton,2020s
205022,9500000,Rafinha,La Liga,2020,Paris S-G,2020s
129476,20000000,Gerard Deulofeu,Serie A,2020,Udinese,2020s
129674,3500000,Jeremy Toljan,Serie A,2020,Sassuolo,2020s
130365,16000000,Alessandro Florenzi,Serie A,2020,Paris S-G,2020s
130394,4800000,Gianluca Lapadula,Serie A,2020,Benevento,2020s
130765,6500000,Stuart Armstrong,Premier League,2020,Southampton,2020s
131102,6500000,Jeison Murillo,Serie A,2020,Celta Vigo,2020s
131109,2000000,Gastón Brugman,Serie A,2020,Parma,2020s
132098,120000000,Harry Kane,Bundesliga,2020,Tottenham,2020s
133964,48000000,Lorenzo Insigne,Serie A,2020,Napoli,2020s
134270,4000000,Dan Burn,Premier League,2020,Brighton,2020s
134425,128000000,Raheem Sterling,Premier League,2020,Manchester City,2020s
134883,7500000,Daniele Baselli,Serie A,2020,Torino,2020s
135343,13000000,Fabian Schär,Premier League,2020,Newcastle Utd,2020s
135492,8000000,Youssouf Sabaly,La Liga,2020,Bordeaux,2020s
139279,2000000,Nicolas Pallois,Ligue 1,2020,Nantes,2020s
140757,3200000,Daniel Bessa,Serie A,2020,Hellas Verona,2020s
140776,22500000,Yannick Carrasco,La Liga,2020,Atltico Madrid,2020s
141050,24000000,Danilo Pereira,Ligue 1,2020,Paris S-G,2020s
141834,4800000,Cristian Tello,La Liga,2020,Betis,2020s
142027,650000,Pablo Hervías,La Liga,2020,Valladolid,2020s
142031,11000000,Omar Mascarell,La Liga,2020,Schalke 04,2020s
144028,13000000,Leandro Trossard,Premier League,2020,Brighton,2020s
144143,6500000,Bartosz Bereszyński,Serie A,2020,Sampdoria,2020s
145115,4000000,Valon Berisha,Ligue 1,2020,Reims,2020s
145769,2400000,Sergio León,La Liga,2020,Levante,2020s
146310,1600000,Wataru Endo,Premier League,2020,Stuttgart,2020s
146752,6500000,Gianluca Caprari,Serie A,2020,Benevento,2020s
148153,16000000,Lewis Dunk,Premier League,2020,Brighton,2020s
148262,9000000,Jeff Hendrick,Premier League,2020,Newcastle Utd,2020s
148368,16000000,Divock Origi,Premier League,2020,Liverpool,2020s
148455,120000000,Mohamed Salah,Premier League,2020,Liverpool,2020s
148928,72000000,Saúl Ñíguez,La Liga,2020,Atltico Madrid,2020s
149231,650000,Fidel,La Liga,2020,Elche,2020s
153084,40000000,Leon Goretzka,Bundesliga,2020,Bayern Munich,2020s
153555,1000000,Sebastian Griesbeck,Bundesliga,2020,Union Berlin,2020s
154199,1400000,Wesley Lautoa,Ligue 1,2020,Dijon,2020s
157495,28000000,Benjamin Mendy,Ligue 1,2020,Manchester City,2020s
157509,28000000,Kurt Zouma,Premier League,2020,Chelsea,2020s
157672,1600000,Vladimír Coufal,Premier League,2020,West Ham,2020s
158704,650000,Jon Ander Garrido,La Liga,2020,Cdiz,2020s
158795,1600000,David Timor,La Liga,2020,Getafe,2020s
158863,25500000,Iñigo Martínez,La Liga,2020,Athletic Club,2020s
159883,2400000,Ernesto Torregrossa,Serie A,2020,Sampdoria,2020s
160241,4800000,Kevin Akpoguma,Bundesliga,2020,Hoffenheim,2020s
160560,1300000,Gaetano Letizia,Serie A,2020,Benevento,2020s
161056,64000000,Joshua Kimmich,Bundesliga,2020,Bayern Munich,2020s
161869,9500000,Djibril Sidibé,Ligue 1,2020,Monaco,2020s
162056,3200000,Gonzalo Melero,La Liga,2020,Levante,2020s
162434,16000000,Niklas Stark,Bundesliga,2020,Hertha BSC,2020s
162961,3200000,Valerio Verre,Serie A,2020,Sampdoria,2020s
163222,9500000,Grégoire Defrel,Serie A,2020,Sassuolo,2020s
163582,650000,Salvatore Molina,Serie A,2020,Crotone,2020s
163744,5500000,Jack Stephens,Premier League,2020,Southampton,2020s
164771,20000000,Jordan Veretout,Ligue 1,2020,Roma,2020s
165007,9500000,Denis Suárez,La Liga,2020,Celta Vigo,2020s
165793,10000000,Takumi Minamino,Ligue 1,2020,Southampton,2020s
165873,1200000,Federico Barba,Serie A,2020,Benevento,2020s
166237,20000000,Leandro Paredes,Serie A,2020,Paris S-G,2020s
166601,48000000,Niklas Süle,Bundesliga,2020,Bayern Munich,2020s
167329,24000000,Alassane Pléa,Bundesliga,2020,Gladbach,2020s
170321,5500000,Paul Dummett,Premier League,2020,Newcastle Utd,2020s
170472,2000000,Dimitri Foulquier,La Liga,2020,Granada,2020s
170961,1200000,Thomas Delaine,Ligue 1,2020,Metz,2020s
171399,5200000,Nicola Murru,Serie A,2020,Torino,2020s
173504,20000000,James Tarkowski,Premier League,2020,Burnley,2020s
173859,12000000,Davide Zappacosta,Serie A,2020,Genoa,2020s
174196,9500000,Kenny Lala,Ligue 1,2020,Strasbourg,2020s
175323,725000,Óscar Duarte,La Liga,2020,Levante,2020s
175449,4800000,Moi Gómez,La Liga,2020,Villarreal,2020s
176140,1600000,Rodrigo Ely,La Liga,2020,Alavs,2020s
176553,60000000,Aymeric Laporte,Premier League,2020,Manchester City,2020s
177046,4800000,Rubén Duarte,La Liga,2020,Alavs,2020s
177467,16000000,Gerard Moreno,La Liga,2020,Villarreal,2020s
177476,28000000,Nathan Aké,Premier League,2020,Manchester City,2020s
177779,8000000,Janik Haberer,Bundesliga,2020,Freiburg,2020s
177843,19000000,Domenico Berardi,Serie A,2020,Sassuolo,2020s
177847,9500000,Adnan Januzaj,La Liga,2020,Real Sociedad,2020s
177907,56000000,Harry Maguire,Premier League,2020,Manchester Utd,2020s
178459,8000000,Davie Selke,Bundesliga,2020,Werder Bremen,2020s
179635,2000000,Philipp Förster,Bundesliga,2020,Stuttgart,2020s
181136,32000000,Piotr Zieliński,Serie A,2020,Napoli,2020s
181378,8000000,Gaëtan Laborde,Ligue 1,2020,Montpellier,2020s
530902,8000000,Abdoulaye Touré,Ligue 1,2020,Nantes,2020s
181547,12000000,Gonçalo Paciência,Bundesliga,2020,Schalke 04,2020s
181579,14500000,James Ward-Prowse,Premier League,2020,Southampton,2020s
181768,3200000,Hernani,Serie A,2020,Parma,2020s
181778,24000000,Emerson,Premier League,2020,Betis,2020s
182574,4800000,Jean-Paul Boëtius,Bundesliga,2020,Mainz 05,2020s
182875,2400000,Jean-Charles Castelletto,Ligue 1,2020,Nantes,2020s
182889,14500000,Wylan Cyprien,Ligue 1,2020,Parma,2020s
182893,9500000,Seko Fofana,Ligue 1,2020,Lens,2020s
182904,48000000,Clément Lenglet,La Liga,2020,Barcelona,2020s
182913,25500000,Adrien Rabiot,Ligue 1,2020,Juventus,2020s
183031,3200000,Koffi Djidji,Serie A,2020,Crotone,2020s
183288,17500000,Luke Shaw,Premier League,2020,Manchester Utd,2020s
183318,14500000,Jamaal Lascelles,Premier League,2020,Newcastle Utd,2020s
183647,6500000,Álvaro González,Ligue 1,2020,Marseille,2020s
183720,8000000,Anwar El Ghazi,Bundesliga,2020,Aston Villa,2020s
184528,4000000,Emil Krafth,Premier League,2020,Newcastle Utd,2020s
184573,28000000,Victor Lindelöf,Premier League,2020,Manchester Utd,2020s
184672,4800000,Guido Carrillo,La Liga,2020,Elche,2020s
184779,325000,Gonzalo Verdú,La Liga,2020,Elche,2020s
184892,32000000,Florian Thauvin,Serie A,2020,Marseille,2020s
184922,2800000,Ambroise Oyongo,Ligue 1,2020,Montpellier,2020s
184935,4000000,Kalifa Coulibaly,Ligue 1,2020,Nantes,2020s
185077,5500000,Vincenzo Grifo,Bundesliga,2020,Freiburg,2020s
186368,15000000,Valentino Lazaro,Serie A,2020,Gladbach,2020s
187492,40000000,Julian Brandt,Bundesliga,2020,Dortmund,2020s
187587,24000000,Ante Rebić,Serie A,2020,Milan,2020s
188838,1200000,Bruno González,La Liga,2020,Valladolid,2020s
188888,1000000,Sheraldo Becker,La Liga,2020,Union Berlin,2020s
190338,3200000,Anthony Briançon,Ligue 1,2020,Nmes,2020s
191217,32000000,Héctor Bellerín,La Liga,2020,Arsenal,2020s
191891,32000000,Arkadiusz Milik,Serie A,2020,Marseille,2020s
192009,2400000,Unai López,La Liga,2020,Athletic Club,2020s
192565,80000000,Leroy Sané,Bundesliga,2020,Bayern Munich,2020s
192635,28000000,Nico Elvedi,Bundesliga,2020,Gladbach,2020s
193098,5500000,Álex Moreno,Premier League,2020,Betis,2020s
193116,16000000,John McGinn,Premier League,2020,Aston Villa,2020s
193782,13500000,Lucas Alario,Bundesliga,2020,Leverkusen,2020s
193784,2000000,Carlos Clerc,La Liga,2020,Levante,2020s
195171,11000000,Samu Castillejo,Serie A,2020,Milan,2020s
195246,2400000,Pascal Stenzel,Bundesliga,2020,Stuttgart,2020s
195633,4000000,Charlie Taylor,Premier League,2020,Burnley,2020s
196357,29500000,Jonathan Tah,Bundesliga,2020,Leverkusen,2020s
197473,5500000,Alberto Grassi,Serie A,2020,Parma,2020s
197545,6000000,Ander Capa,La Liga,2020,Athletic Club,2020s
197751,3500000,Alberto Cerri,Serie A,2020,Cagliari,2020s
197838,16000000,Jamie Vardy,Premier League,2020,Leicester City,2020s
700646,16000000,André Silva,Bundesliga,2020,Eint Frankfurt,2020s
198116,4000000,Federico Dimarco,Serie A,2020,Hellas Verona,2020s
199248,20000000,Bryan Cristante,Serie A,2020,Roma,2020s
199258,14500000,Andrea Petagna,Serie A,2020,Napoli,2020s
199369,3200000,Sandro Ramírez,La Liga,2020,Huesca,2020s
199704,2000000,Yunis Abdelhamid,Ligue 1,2020,Reims,2020s
199733,3200000,Danilo Cataldi,Serie A,2020,Lazio,2020s
200512,120000000,Sadio Mané,Bundesliga,2020,Liverpool,2020s
202318,1400000,Farid Boulaya,Ligue 1,2020,Metz,2020s
202591,12000000,Benjamin Henrichs,Bundesliga,2020,RB Leipzig,2020s
202984,5500000,Roque Mesa,La Liga,2020,Valladolid,2020s
203394,16000000,Andreas Pereira,Premier League,2020,Lazio,2020s
203496,32000000,Nabil Fekir,La Liga,2020,Betis,2020s
203507,4800000,Adrien Hunou,Ligue 1,2020,Rennes,2020s
203746,6500000,Ruben Aguilar,Ligue 1,2020,Monaco,2020s
203853,24000000,Oleksandr Zinchenko,Premier League,2020,Manchester City,2020s
205503,5500000,Ibrahim Amadou,Ligue 1,2020,Angers,2020s
205562,24000000,Thomas Lemar,La Liga,2020,Atltico Madrid,2020s
206225,8000000,Isaac Hayden,Premier League,2020,Newcastle Utd,2020s
207597,1200000,Cedric Teuchert,Bundesliga,2020,Union Berlin,2020s
207715,2400000,Ibrahima Mbaye,Serie A,2020,Bologna,2020s
207877,11000000,Ruslan Malinovskyi,Serie A,2020,Atalanta,2020s
209212,6500000,Solly March,Premier League,2020,Brighton,2020s
212391,8000000,Roger Martí,La Liga,2020,Levante,2020s
212723,9500000,Djibril Sow,La Liga,2020,Eint Frankfurt,2020s
212847,12000000,Adam Webster,Premier League,2020,Brighton,2020s
213670,2400000,Lucas Torró,La Liga,2020,Osasuna,2020s
214532,1600000,Pierrick Capelle,Ligue 1,2020,Angers,2020s
214775,13500000,Óliver Torres,La Liga,2020,Sevilla,2020s
215599,28000000,Lukas Klostermann,Bundesliga,2020,RB Leipzig,2020s
215616,12000000,Erick Pulgar,Serie A,2020,Fiorentina,2020s
215977,6500000,Adrien Thomasson,Ligue 1,2020,Strasbourg,2020s
216179,24000000,Stefano Sensi,Serie A,2020,Inter,2020s
216499,650000,Fouad Chafik,Ligue 1,2020,Dijon,2020s
216870,2400000,Nacho Vidal,La Liga,2020,Osasuna,2020s
217115,17500000,Neal Maupay,Ligue 1,2020,Brighton,2020s
218067,2400000,Jacopo Petriccione,Serie A,2020,Crotone,2020s
218087,2000000,Ben Osborn,Premier League,2020,Sheffield Utd,2020s
220878,2800000,Issiaga Sylla,Ligue 1,2020,Lens,2020s
670710,22500000,André Gomes,Ligue 1,2020,Everton,2020s
221309,3200000,Óscar Plano,La Liga,2020,Valladolid,2020s
221316,16000000,Lucas Vázquez,La Liga,2020,Real Madrid,2020s
221611,800000,Paulo Otávio,Bundesliga,2020,Wolfsburg,2020s
222859,7000000,Florent Mollet,Ligue 1,2020,Montpellier,2020s
223725,9000000,Munir El Haddadi,La Liga,2020,Sevilla,2020s
223974,11000000,Stefan Posch,Serie A,2020,Hoffenheim,2020s
223979,12000000,Xaver Schlager,Bundesliga,2020,Wolfsburg,2020s
225015,650000,Carlos Akapo,La Liga,2020,Cdiz,2020s
225083,80000000,N'Golo Kanté,Premier League,2020,Chelsea,2020s
225122,22500000,Gonçalo Guedes,Premier League,2020,Valencia,2020s
225161,40000000,Rúben Neves,Premier League,2020,Wolves,2020s
225462,400000,José Mari,La Liga,2020,Cdiz,2020s
225593,475000,Pere Milla,La Liga,2020,Elche,2020s
225657,9000000,Philipp Lienhart,Bundesliga,2020,Freiburg,2020s
697714,56000000,Fabinho,Premier League,2020,Liverpool,2020s
225873,11000000,Karol Linetty,Serie A,2020,Torino,2020s
226524,2000000,Morten Thorsby,Serie A,2020,Sampdoria,2020s
227081,30500000,Joaquín Correa,Serie A,2020,Lazio,2020s
227961,8000000,Jaime Mata,La Liga,2020,Getafe,2020s
229006,1600000,Franck Honorat,Bundesliga,2020,Brest,2020s
229804,8000000,Aritz Elustondo,La Liga,2020,Real Sociedad,2020s
231025,800000,Jordan Marié,Ligue 1,2020,Dijon,2020s
231572,32000000,Nélson Semedo,Premier League,2020,Wolves,2020s
231586,1600000,Jannes Horn,Bundesliga,2020,Kln,2020s
232320,800000,Atakan Karazor,Bundesliga,2020,Stuttgart,2020s
232418,10500000,Ondrej Duda,Serie A,2020,Kln,2020s
232454,16000000,Nadiem Amiri,Bundesliga,2020,Leverkusen,2020s
232895,2800000,Zinedine Ferhat,Ligue 1,2020,Nmes,2020s
234029,1600000,Grischa Prömel,Bundesliga,2020,Union Berlin,2020s
234523,6500000,Antonio Sanabria,Serie A,2020,Torino,2020s
234803,64000000,Andrew Robertson,Premier League,2020,Liverpool,2020s
235412,650000,Jawad El Yamiq,La Liga,2020,Valladolid,2020s
235931,950000,Alessandro Deiola,Serie A,2020,Spezia,2020s
236045,8000000,Denis Bouanga,Ligue 1,2020,Saint-tienne,2020s
236490,8000000,Ola Aina,Premier League,2020,Fulham,2020s
237662,13000000,Breel Embolo,Ligue 1,2020,Gladbach,2020s
238752,16000000,Keita Baldé,Serie A,2020,Sampdoria,2020s
238868,6500000,Rubén Peña,La Liga,2020,Villarreal,2020s
238977,1400000,Gabriele Moncini,Serie A,2020,Benevento,2020s
238981,1200000,Vittorio Parigini,Serie A,2020,Genoa,2020s
240274,400000,Anderson Lucoqui,Bundesliga,2020,Arminia,2020s
240306,48000000,Bruno Fernandes,Premier League,2020,Manchester Utd,2020s
241076,475000,Emmanuel Gyasi,Serie A,2020,Spezia,2020s
241641,80000000,Bernardo Silva,Premier League,2020,Manchester City,2020s
242497,3200000,Pere Pons,La Liga,2020,Alavs,2020s
242631,25500000,Alex Iwobi,Premier League,2020,Everton,2020s
243028,12000000,Jan Bednarek,Premier League,2020,Southampton,2020s
245056,3200000,Saša Lukić,Premier League,2020,Torino,2020s
246968,24000000,Ayoze Pérez,La Liga,2020,Leicester City,2020s
247250,8000000,Rubén Alcaraz,La Liga,2020,Valladolid,2020s
247555,5500000,Edimilson Fernandes,Ligue 1,2020,Mainz 05,2020s
247652,2400000,Shon Weissman,La Liga,2020,Valladolid,2020s
248732,1600000,Paweł Dawidowicz,Serie A,2020,Hellas Verona,2020s
248999,3200000,Lucas Höler,Bundesliga,2020,Freiburg,2020s
249126,32000000,Harry Winks,Premier League,2020,Tottenham,2020s
249157,2000000,Fredrik Jensen,Bundesliga,2020,Augsburg,2020s
249565,44000000,Youri Tielemans,Premier League,2020,Leicester City,2020s
249730,11000000,Guillermo Maripán,Serie A,2020,Monaco,2020s
250013,4000000,Angelo Fulgini,Ligue 1,2020,Angers,2020s
250779,650000,Brendan Chardonnet,Ligue 1,2020,Brest,2020s
250845,56000000,José María Giménez,La Liga,2020,Atltico Madrid,2020s
251075,16000000,Zeki Çelik,Serie A,2020,Lille,2020s
251309,11000000,Dennis Geiger,Bundesliga,2020,Hoffenheim,2020s
251876,2400000,Pablo Maffeo,La Liga,2020,Huesca,2020s
252667,1100000,Fali,La Liga,2020,Cdiz,2020s
252677,6500000,José Luis Morales,La Liga,2020,Levante,2020s
253677,22500000,Tyrone Mings,Premier League,2020,Aston Villa,2020s
255488,24000000,Yeray Álvarez,La Liga,2020,Athletic Club,2020s
255501,1600000,Iñigo Lekue,La Liga,2020,Athletic Club,2020s
255508,40000000,Iñaki Williams,La Liga,2020,Athletic Club,2020s
255653,14500000,Santi Mina,La Liga,2020,Celta Vigo,2020s
255755,32000000,Alex Telles,La Liga,2020,Manchester Utd,2020s
255942,36000000,Nicolò Barella,Serie A,2020,Inter,2020s
256448,22500000,Gianluca Mancini,Serie A,2020,Roma,2020s
257376,4000000,Domingos Duarte,La Liga,2020,Granada,2020s
258004,30500000,Rúben Dias,Premier League,2020,Manchester City,2020s
261504,3200000,Aleix García,Bundesliga,2020,Eibar,2020s
262226,16000000,Timothy Castagne,Premier League,2020,Leicester City,2020s
262365,2400000,Antonio Puertas,La Liga,2020,Granada,2020s
263727,14500000,Joan Jordán,La Liga,2020,Sevilla,2020s
263918,20000000,Aleksandr Golovin,Ligue 1,2020,Monaco,2020s
264116,8000000,Gastón Pereiro,Serie A,2020,Cagliari,2020s
266359,12000000,Benjamin Bourigeaud,Ligue 1,2020,Rennes,2020s
266795,3200000,Gonzalo Escalante,La Liga,2020,Lazio,2020s
268178,2400000,Arkadiusz Reca,Serie A,2020,Crotone,2020s
270051,4000000,Andrei Girotto,Ligue 1,2020,Nantes,2020s
270411,2000000,Saîf-Eddine Khaoui,Ligue 1,2020,Marseille,2020s
272622,28000000,Issa Diop,Premier League,2020,West Ham,2020s
272812,2000000,Kingsley Ehizibue,Serie A,2020,Kln,2020s
274461,1300000,Felix Passlack,Bundesliga,2020,Dortmund,2020s
274839,36000000,Wilfred Ndidi,Premier League,2020,Leicester City,2020s
275303,12000000,Hans Hateboer,Ligue 1,2020,Atalanta,2020s
275423,550000,Christian Gebauer,Bundesliga,2020,Arminia,2020s
277114,12000000,Jason Denayer,Ligue 1,2020,Lyon,2020s
277533,400000,Josan,La Liga,2020,Elche,2020s
278332,17500000,Florian Neuhaus,Bundesliga,2020,Gladbach,2020s
278531,4000000,Sebastiano Luperto,Serie A,2020,Crotone,2020s
280730,16000000,Álvaro Odriozola,La Liga,2020,Real Madrid,2020s
281404,9500000,Kenedy,La Liga,2020,Granada,2020s
281755,950000,Iván Alejo,La Liga,2020,Cdiz,2020s
281963,56000000,Lucas Hernández,Ligue 1,2020,Bayern Munich,2020s
281989,1600000,Luis Milla,La Liga,2020,Granada,2020s
282041,28000000,Presnel Kimpembe,Ligue 1,2020,Paris S-G,2020s
282388,13500000,Giovanni Simeone,Serie A,2020,Cagliari,2020s
282694,4000000,Augusto Solari,La Liga,2020,Celta Vigo,2020s
282810,9000000,Carles Pérez,La Liga,2020,Roma,2020s
283528,6500000,Ignacio Pussetto,Serie A,2020,Udinese,2020s
284595,800000,Tommaso Augello,Serie A,2020,Sampdoria,2020s
284727,6000000,Jonathan Calleri,La Liga,2020,Osasuna,2020s
284732,9500000,Ramy Bensebaini,Bundesliga,2020,Gladbach,2020s
285323,7000000,Baptiste Santamaria,Ligue 1,2020,Angers,2020s
285845,14500000,Ainsley Maitland-Niles,Ligue 1,2020,Arsenal,2020s
286297,32000000,Lorenzo Pellegrini,Serie A,2020,Roma,2020s
287367,450000,Luca Vignali,Serie A,2020,Spezia,2020s
287876,3800000,Antonino La Gumina,Serie A,2020,Sampdoria,2020s
288255,44000000,Donny van de Beek,La Liga,2020,Manchester Utd,2020s
289236,1400000,Jon Bautista,La Liga,2020,Real Sociedad,2020s
289255,1600000,Andoni Gorosabel,La Liga,2020,Real Sociedad,2020s
289257,325000,Jon Guridi,La Liga,2020,Real Sociedad,2020s
289446,20000000,Yerry Mina,Serie A,2020,Everton,2020s
289592,11000000,Orel Mangala,Premier League,2020,Stuttgart,2020s
290273,2400000,Álvaro Tejero,La Liga,2020,Eibar,2020s
290587,6800000,Ellyes Skhiri,Bundesliga,2020,Kln,2020s
290593,2800000,Sada Thioub,Ligue 1,2020,Angers,2020s
292808,2700000,Wout Faes,Premier League,2020,Reims,2020s
292818,16000000,Jonathan Bamba,La Liga,2020,Lille,2020s
293194,2700000,Borna Sosa,Serie A,2020,Stuttgart,2020s
293210,5500000,Amer Gojak,Serie A,2020,Torino,2020s
293385,31500000,Dani Olmo,La Liga,2020,RB Leipzig,2020s
294057,48000000,James Maddison,Premier League,2020,Leicester City,2020s
294808,20000000,Franck Kessié,La Liga,2020,Milan,2020s
295313,3200000,Taiwo Awoniyi,Premier League,2020,Union Berlin,2020s
296422,6500000,Fodé Ballo-Touré,Ligue 1,2020,Monaco,2020s
297070,4800000,Hamari Traoré,La Liga,2020,Rennes,2020s
298575,800000,Kike Barja,La Liga,2020,Osasuna,2020s
298589,2400000,David García,La Liga,2020,Osasuna,2020s
300716,20000000,Kieran Tierney,Premier League,2020,Arsenal,2020s
301236,2400000,Francesco Cassata,Serie A,2020,Genoa,2020s
302215,33500000,Naby Keïta,Bundesliga,2020,Liverpool,2020s
303116,20000000,Gaetano Castrovilli,Serie A,2020,Fiorentina,2020s
308279,12000000,Rolando Mandragora,Serie A,2020,Udinese,2020s
309400,81000000,Kai Havertz,Premier League,2020,Chelsea,2020s
311044,950000,Alfonso Espino,La Liga,2020,Cdiz,2020s
818495,6500000,Otávio,Ligue 1,2020,Bordeaux,2020s
313477,3200000,Paolo Ghiglione,Serie A,2020,Genoa,2020s
314353,99000000,Trent Alexander-Arnold,Premier League,2020,Liverpool,2020s
314678,13500000,Brahim Díaz,La Liga,2020,Milan,2020s
314940,1600000,Dimitri Liénard,Ligue 1,2020,Strasbourg,2020s
315063,21000000,Nahitan Nández,Serie A,2020,Cagliari,2020s
315110,14000000,Karl Toko Ekambi,Ligue 1,2020,Lyon,2020s
315332,1300000,Aymen Barkok,Bundesliga,2020,Eint Frankfurt,2020s
315779,54000000,Christian Pulisic,Serie A,2020,Chelsea,2020s
315862,900000,Filippo Melegoni,Serie A,2020,Genoa,2020s
315867,2900000,Gianluca Scamacca,Serie A,2020,Genoa,2020s
315969,22500000,Scott McTominay,Serie A,2020,Manchester Utd,2020s
316125,40000000,Ben Chilwell,Premier League,2020,Chelsea,2020s
316137,2000000,Moussa Doumbia,Ligue 1,2020,Reims,2020s
318523,2000000,Romain Perraud,La Liga,2020,Brest,2020s
319160,9500000,Jakub Jankto,Serie A,2020,Sampdoria,2020s
319301,22500000,Daniel James,Premier League,2020,Manchester Utd,2020s
319745,32000000,Dani Ceballos,La Liga,2020,Arsenal,2020s
320271,1600000,Toni Lato,La Liga,2020,Valencia,2020s
321070,11000000,Hannes Wolf,Bundesliga,2020,Gladbach,2020s
323872,3200000,Andrés Cubas,Ligue 1,2020,Nmes,2020s
323954,4800000,Walace,Serie A,2020,Udinese,2020s
324804,9000000,Yann Karamoh,Serie A,2020,Parma,2020s
324811,4500000,Arnaud Nordin,Bundesliga,2020,Saint-tienne,2020s
326330,72000000,Frenkie de Jong,La Liga,2020,Barcelona,2020s
326416,650000,Dani Calvo,La Liga,2020,Elche,2020s
331389,950000,Andrés Tello,Serie A,2020,Benevento,2020s
331726,40000000,Tammy Abraham,Serie A,2020,Chelsea,2020s
332697,20000000,Weston McKennie,Serie A,2020,Juventus,2020s
332705,11500000,Tyler Adams,Premier League,2020,RB Leipzig,2020s
332889,16000000,Valentin Rongier,Ligue 1,2020,Marseille,2020s
333014,20000000,Sander Berge,Premier League,2020,Sheffield Utd,2020s
333647,1800000,Jonathan Burkardt,Bundesliga,2020,Mainz 05,2020s
334526,36000000,Denis Zakaria,Ligue 1,2020,Gladbach,2020s
335147,2800000,Junior Sambia,Serie A,2020,Montpellier,2020s
336125,2000000,Mërgim Vojvoda,Serie A,2020,Torino,2020s
336747,550000,Jorge Pombo,La Liga,2020,Cdiz,2020s
336960,2400000,Giuseppe Pezzella,Serie A,2020,Parma,2020s
337066,3200000,Toni Villa,La Liga,2020,Valladolid,2020s
337725,17500000,Christian Kouamé,Serie A,2020,Fiorentina,2020s
337922,725000,Esteban Burgos,La Liga,2020,Eibar,2020s
337946,650000,Jairo Izquierdo,La Liga,2020,Cdiz,2020s
338425,4800000,Álex Berenguer,La Liga,2020,Torino,2020s
339816,400000,Tete Morente,Serie A,2020,Elche,2020s
340151,4500000,Andrea Favilli,Serie A,2020,Hellas Verona,2020s
340950,28000000,Diogo Jota,Premier League,2020,Liverpool,2020s
341051,8000000,Kyle Walker-Peters,Premier League,2020,Southampton,2020s
341092,48000000,Federico Chiesa,Premier League,2020,Fiorentina,2020s
341227,4000000,Juan Miranda,Serie A,2020,Betis,2020s
341317,4800000,Oliver Burke,Bundesliga,2020,Sheffield Utd,2020s
341501,8000000,Hamza Choudhury,Premier League,2020,Leicester City,2020s
342229,180000000,Kylian Mbappé,La Liga,2020,Paris S-G,2020s
343052,52000000,Nicolas Pépé,La Liga,2020,Arsenal,2020s
343475,11500000,Ben Godfrey,Premier League,2020,Everton,2020s
343945,1400000,Niccolò Zanellato,Serie A,2020,Crotone,2020s
344575,2800000,Antonin Bobichon,Ligue 1,2020,Angers,2020s
344695,45000000,Dayot Upamecano,Bundesliga,2020,RB Leipzig,2020s
344830,6300000,Tahith Chong,Premier League,2020,Werder Bremen,2020s
345458,3600000,Sebastian Walukiewicz,Serie A,2020,Cagliari,2020s
346018,11000000,Jamal Lewis,Premier League,2020,Newcastle Utd,2020s
346332,900000,Nassim Boujellab,Bundesliga,2020,Schalke 04,2020s
346707,17500000,Sean Longstaff,Premier League,2020,Newcastle Utd,2020s
346853,1600000,Romano Schmid,Bundesliga,2020,Werder Bremen,2020s
348026,20000000,Nordi Mukiele,Bundesliga,2020,RB Leipzig,2020s
348795,40000000,Giovani Lo Celso,La Liga,2020,Tottenham,2020s
349599,6700000,Pervis Estupiñán,Premier League,2020,Villarreal,2020s
873981,950000,Diego González,La Liga,2020,Elche,2020s
349856,550000,Son,La Liga,2020,Levante,2020s
353366,28000000,Benjamin Pavard,Serie A,2020,Bayern Munich,2020s
353796,1400000,Giulio Maggiore,Serie A,2020,Spezia,2020s
353948,16000000,Lucas Tousart,Bundesliga,2020,Hertha BSC,2020s
355628,24000000,Igor Zubeldia,La Liga,2020,Real Sociedad,2020s
355915,13500000,Cristian Romero,Premier League,2020,Atalanta,2020s
356141,8000000,Daichi Kamada,Premier League,2020,Eint Frankfurt,2020s
356197,9500000,Alfonso Pedraza,La Liga,2020,Villarreal,2020s
357072,8000000,Faitout Maouassa,La Liga,2020,Rennes,2020s
357119,40500000,Ibrahima Konaté,Premier League,2020,RB Leipzig,2020s
357147,18000000,Diogo Dalot,Premier League,2020,Milan,2020s
357164,20000000,Rafael Leão,Serie A,2020,Milan,2020s
357662,49500000,Declan Rice,Premier League,2020,West Ham,2020s
357796,5800000,Domagoj Bradarić,Serie A,2020,Lille,2020s
358165,2000000,Yordan Osorio,Serie A,2020,Parma,2020s
358166,5200000,Eldor Shomurodov,Serie A,2020,Genoa,2020s
361914,2400000,Nayef Aguerd,La Liga,2020,Rennes,2020s
362842,56000000,Arthur Melo,La Liga,2020,Juventus,2020s
363205,56000000,Gabriel Jesus,Premier League,2020,Manchester City,2020s
366930,2300000,Sergio Gómez,La Liga,2020,Huesca,2020s
367466,2700000,Thierry Correia,La Liga,2020,Valencia,2020s
369567,2000000,Sasa Kalajdzic,Premier League,2020,Stuttgart,2020s
370846,7200000,Timothy Weah,Serie A,2020,Lille,2020s
372246,40000000,Carlos Soler,Premier League,2020,Valencia,2020s
372711,24000000,Amine Harit,Ligue 1,2020,Schalke 04,2020s
372712,4800000,Ibrahima Sissoko,Bundesliga,2020,Strasbourg,2020s
373373,10000000,Lucas Martínez Quarta,Serie A,2020,Fiorentina,2020s
373899,800000,Jacopo Segre,Serie A,2020,Torino,2020s
374139,20000000,Junior Firpo,Premier League,2020,Barcelona,2020s
378139,950000,Aitor Ruibal,La Liga,2020,Betis,2020s
379807,6500000,Lyanco,Premier League,2020,Torino,2020s
381950,6300000,Alexis Saelemaekers,Serie A,2020,Milan,2020s
384593,8000000,Alexis Claude-Maurice,Bundesliga,2020,Nice,2020s
386552,950000,Lassana Coulibaly,Serie A,2020,Angers,2020s
387626,29500000,Leon Bailey,Premier League,2020,Leverkusen,2020s
388198,4000000,Nico Schlotterbeck,Bundesliga,2020,Union Berlin,2020s
391376,3600000,Lamine Fomba,Ligue 1,2020,Nmes,2020s
391719,3200000,Domingos Quina,Serie A,2020,Granada,2020s
392538,2000000,Tommaso Pobega,Serie A,2020,Spezia,2020s
392768,31500000,Callum Hudson-Odoi,Premier League,2020,Chelsea,2020s
392771,9000000,Ethan Ampadu,Serie A,2020,Sheffield Utd,2020s
392775,31500000,Ryan Sessegnon,Premier League,2020,Hoffenheim,2020s
393325,6700000,Josh Sargent,Premier League,2020,Werder Bremen,2020s
394346,3700000,Emanuel Vignato,Serie A,2020,Bologna,2020s
395236,6300000,Yacine Adli,Serie A,2020,Bordeaux,2020s
397486,5000000,Dennis Man,Serie A,2020,Parma,2020s
398065,17500000,Harvey Barnes,Premier League,2020,Leicester City,2020s
401922,27000000,Samuel Chukwueze,Serie A,2020,Villarreal,2020s
402008,15500000,Amadou Haidara,Bundesliga,2020,RB Leipzig,2020s
405398,13500000,Takefusa Kubo,La Liga,2020,Villarreal,2020s
405885,625000,Giacomo Raspadori,Serie A,2020,Sassuolo,2020s
406040,13500000,Ademola Lookman,Serie A,2020,Fulham,2020s
406625,64000000,Lautaro Martínez,Serie A,2020,Inter,2020s
406635,27000000,Phil Foden,Premier League,2020,Manchester City,2020s
410185,3600000,Ronaël Pierre-Gabriel,Ligue 1,2020,Brest,2020s
410425,9500000,Yves Bissouma,Premier League,2020,Brighton,2020s
411975,22500000,Jules Koundé,La Liga,2020,Sevilla,2020s
412363,45000000,Rodrygo,La Liga,2020,Real Madrid,2020s
412660,2300000,Keinan Davis,Serie A,2020,Aston Villa,2020s
412671,1600000,Quentin Boisgard,Ligue 1,2020,Lorient,2020s
413220,3600000,James Justin,Premier League,2020,Leicester City,2020s
413262,1600000,Dani Raba,La Liga,2020,Villarreal,2020s
413403,6500000,Ezri Konsa,Premier League,2020,Aston Villa,2020s
413507,24000000,Nikola Milenković,Premier League,2020,Fiorentina,2020s
415912,2400000,Konstantinos Mavropanos,Premier League,2020,Stuttgart,2020s
418658,1300000,Charles Abi,Ligue 1,2020,Saint-tienne,2020s
418659,4000000,Amine Gouiri,Ligue 1,2020,Nice,2020s
421726,1300000,Keita Endo,Bundesliga,2020,Union Berlin,2020s
422355,525000,Jens Petter Hauge,Bundesliga,2020,Milan,2020s
422460,900000,Dani Gómez,La Liga,2020,Levante,2020s
422850,5500000,Ghislain Konan,Ligue 1,2020,Reims,2020s
423436,8000000,Santiago Ascacíbar,Serie A,2020,Hertha BSC,2020s
423444,13500000,Fran Beltrán,La Liga,2020,Celta Vigo,2020s
424042,2000000,Nahuel Molina,La Liga,2020,Udinese,2020s
425400,1600000,Farid El Melali,Ligue 1,2020,Angers,2020s
429014,7200000,Morgan Gibbs-White,Premier League,2020,Wolves,2020s
432982,6700000,Andreas Skov Olsen,Bundesliga,2020,Bologna,2020s
433188,1800000,Curtis Jones,Premier League,2020,Liverpool,2020s
435485,5500000,Luiz Araújo,Ligue 1,2020,Lille,2020s
447661,18000000,Douglas Luiz,Serie A,2020,Aston Villa,2020s
448628,1200000,Javi Galán,La Liga,2020,Huesca,2020s
448844,800000,Carlos Neva,La Liga,2020,Granada,2020s
449151,300000,Junior Messias,Serie A,2020,Crotone,2020s
450050,3600000,Jean-Ricner Bellegarde,Premier League,2020,Strasbourg,2020s
450417,4000000,Dylan Bronn,Serie A,2020,Metz,2020s
453824,6300000,Josh Maja,Ligue 1,2020,Fulham,2020s
455181,2000000,Jorge de Frutos,La Liga,2020,Levante,2020s
461906,450000,João Moutinho,Serie A,2020,Wolves,2020s
463603,18000000,Benoît Badiashile,Premier League,2020,Monaco,2020s
463620,6300000,Willem Geubbels,Ligue 1,2020,Monaco,2020s
465967,6000000,Ander Guevara,La Liga,2020,Real Sociedad,2020s
466268,2400000,Juan Brunetta,Serie A,2020,Parma,2020s
466810,36000000,Ansu Fati,La Liga,2020,Barcelona,2020s
470794,525000,Ivan Ilić,Serie A,2020,Hellas Verona,2020s
474800,4500000,Facundo Medina,Ligue 1,2020,Lens,2020s
476237,2300000,Steven Alzate,Premier League,2020,Brighton,2020s
477758,32000000,Aaron Wan-Bissaka,Premier League,2020,Manchester Utd,2020s
586853,1300000,Vitinha,Ligue 1,2020,Wolves,2020s
487688,2700000,Alberto Soro,La Liga,2020,Granada,2020s
490417,3200000,Ibrahima Niane,Ligue 1,2020,Metz,2020s
494236,3600000,Andy Pelmard,La Liga,2020,Nice,2020s
495666,22500000,William Saliba,Premier League,2020,Nice,2020s
497291,15500000,Nicolás Domínguez,Premier League,2020,Bologna,2020s
505653,9000000,Fábio Silva,La Liga,2020,Wolves,2020s
506248,3200000,Edu Expósito,La Liga,2020,Eibar,2020s
517842,4000000,Aihen Muñoz,La Liga,2020,Real Sociedad,2020s
520468,4000000,Iago,Bundesliga,2020,Augsburg,2020s
525287,16000000,Carlos Vinícius,Premier League,2020,Tottenham,2020s
531829,725000,Dani Escriche,La Liga,2020,Huesca,2020s
531949,3600000,Ignatius Ganago,Ligue 1,2020,Lens,2020s
534033,11000000,Alexis Mac Allister,Premier League,2020,Brighton,2020s
552472,300000,Nahuel Estévez,Serie A,2020,Spezia,2020s
555076,450000,Romain Faivre,Ligue 1,2020,Brest,2020s
557610,3200000,Isaac Lihadji,Ligue 1,2020,Lille,2020s
569385,5400000,Adil Aouchiche,Ligue 1,2020,Saint-tienne,2020s
571020,2300000,Oihan Sancet,La Liga,2020,Athletic Club,2020s
584769,18000000,Dwight McNeil,Premier League,2020,Burnley,2020s
587458,2700000,Kevin Agudelo,Serie A,2020,Spezia,2020s
596240,800000,Senou Coulibaly,Ligue 1,2020,Dijon,2020s
605184,9000000,Jean-Clair Todibo,Premier League,2020,Nice,2020s
616369,9000000,Ander Barrenetxea,La Liga,2020,Real Sociedad,2020s
618425,450000,Tanguy Coulibaly,Ligue 1,2020,Stuttgart,2020s
624037,6300000,Joris Chotard,Ligue 1,2020,Montpellier,2020s
876440,18000000,João Pedro,Premier League,2020,Cagliari,2020s
626913,4500000,Boulaye Dia,Serie A,2020,Reims,2020s
683840,7200000,Pedri,La Liga,2020,Barcelona,2020s
525704,800000,Nicolò Rovella,Serie A,2020,Genoa,2020s
580195,1000000,Jamal Musiala,Bundesliga,2020,Bayern Munich,2020s
598577,10000000,Florian Wirtz,Bundesliga,2020,Leverkusen,2020s
596881,175000,Florian Flick,Bundesliga,2020,Schalke 04,2020s
520454,100000,Nino,La Liga,2020,Elche,2020s
340867,500000,Jaime Seoane,La Liga,2020,Huesca,2020s
396334,300000,Joaquín Muñoz,La Liga,2020,Huesca,2020s
386755,75000,Gianluca Frabotta,Serie A,2020,Juventus,2020s
214928,250000,Kean Bryan,Premier League,2020,Sheffield Utd,2020s
396174,200000,Jimmy Dunne,Premier League,2020,Burnley,2020s
468002,1000000,Ben Johnson,Premier League,2020,West Ham,2020s
505194,1000000,Luke Thomas,Premier League,2020,Leicester City,2020s
620313,1500000,Lucas Gourna-Douath,Serie A,2020,Saint-tienne,2020s
322655,500000,Flavius Daniliuc,Serie A,2020,Nice,2020s
358515,600000,Jean-Philippe Krasso,Ligue 1,2020,Saint-tienne,2020s
469669,400000,Yvan Neyou,La Liga,2020,Saint-tienne,2020s
546880,3000000,Brandon Soppy,Serie A,2020,Rennes,2020s
568701,750000,Lamine Gueye,Ligue 1,2020,Metz,2020s
737781,150000,Jérémy Le Douaron,Ligue 1,2020,Brest,2020s
654539,200000,Adrien Truffert,Ligue 1,2020,Rennes,2020s
16873,300000,Claudio Terzi,Serie A,2020,Spezia,2020s
67639,400000,Andrey Galabinov,Serie A,2020,Spezia,2020s
257751,200000,Simone Bastoni,Serie A,2020,Spezia,2020s
532040,170000,Giuseppe Di Serio,Serie A,2020,Benevento,2020s
648779,500000,Wilfried Singo,Ligue 1,2020,Torino,2020s
429874,150000,Ansgar Knauff,Bundesliga,2020,Dortmund,2020s
535834,400000,Eliot Matazo,Ligue 1,2020,Monaco,2020s
569366,500000,Enzo Millot,Bundesliga,2020,Monaco,2020s
340322,750000,Nathan Tella,Bundesliga,2020,Southampton,2020s
410708,750000,Pascal Struijk,Premier League,2020,Leeds United,2020s
730893,5000000,Tyrick Mitchell,Premier League,2020,Crystal Palace,2020s
23960,400000,Jérémy Morel,Ligue 1,2020,Lorient,2020s
540664,300000,Dilane Bakwa,Ligue 1,2020,Bordeaux,2020s
545520,300000,Kelyan Guessoum,Ligue 1,2020,Nmes,2020s
568702,600000,Papa Ndiaga Yade,Ligue 1,2020,Metz,2020s
585949,500000,Pierre Kalulu,Serie A,2020,Milan,2020s
58396,500000,Christian Groß,Bundesliga,2020,Werder Bremen,2020s
524285,1000000,Luca Netz,Bundesliga,2020,Hertha BSC,2020s
553905,700000,Kerim Calhanoglu,Bundesliga,2020,Schalke 04,2020s
503749,1500000,Jacob Ramsey,Premier League,2020,Aston Villa,2020s
500689,300000,Evann Guessand,Ligue 1,2020,Nice,2020s
126673,3500000,Adama Soumaoro,Serie A,2021,Bologna,2020s
131827,3000000,Jere Uronen,Bundesliga,2021,Brest,2020s
251302,7000000,Niklas Dorsch,Bundesliga,2021,Augsburg,2020s
314288,8000000,Lukas Nmecha,Bundesliga,2021,Wolfsburg,2020s
368891,1500000,Arthur Theate,Bundesliga,2021,Bologna,2020s
412513,1800000,Thomas Henry,Serie A,2021,Venezia,2020s
448854,11000000,Emmanuel Dennis,Premier League,2021,Watford,2020s
490426,18000000,Krépin Diatta,Ligue 1,2021,Monaco,2020s
548650,2800000,Osman Bukari,Ligue 1,2021,Nantes,2020s
644771,8000000,Odilon Kossounou,Serie A,2021,Leverkusen,2020s
656441,900000,Jean Onana,Serie A,2021,Bordeaux,2020s
7663,1500000,Joaquín,La Liga,2021,Betis,2020s
15956,3000000,Jesús Navas,La Liga,2021,Sevilla,2020s
16306,70000000,Casemiro,Premier League,2021,Real Madrid,2020s
18644,1200000,Álvaro Negredo,La Liga,2021,Cdiz,2020s
18922,25000000,Karim Benzema,La Liga,2021,Real Madrid,2020s
18944,12000000,Gerard Piqué,La Liga,2021,Barcelona,2020s
20506,1800000,Andrés Guardado,La Liga,2021,Betis,2020s
25557,14000000,Sergio Ramos,La Liga,2021,Paris S-G,2020s
27389,3500000,Kévin Gameiro,Ligue 1,2021,Strasbourg,2020s
28003,80000000,Lionel Messi,Ligue 1,2021,Paris S-G,2020s
31909,50000000,Toni Kroos,La Liga,2021,Real Madrid,2020s
86759,5000000,David Silva,La Liga,2021,Real Sociedad,2020s
424784,15000000,Luis Suárez,La Liga,2021,Atltico Madrid,2020s
46413,7000000,Ante Budimir,La Liga,2021,Osasuna,2020s
50202,50000000,Eden Hazard,La Liga,2021,Real Madrid,2020s
550495,4000000,Fernando,La Liga,2021,Sevilla,2020s
51510,4000000,Ángel Rodríguez,La Liga,2021,Mallorca,2020s
54235,14000000,Iker Muniain,La Liga,2021,Athletic Club,2020s
57825,1500000,Jorge Molina,La Liga,2021,Granada,2020s
58330,1000000,Víctor Díaz,La Liga,2021,Granada,2020s
59551,1200000,Ángel Montoro,La Liga,2021,Granada,2020s
61812,16000000,Yuri Berchiche,La Liga,2021,Athletic Club,2020s
62920,2500000,Víctor Ruiz,La Liga,2021,Betis,2020s
63040,700000,Oier Sanjurjo,La Liga,2021,Osasuna,2020s
63494,2000000,Étienne Capoue,La Liga,2021,Villarreal,2020s
65230,10000000,Sergio Busquets,La Liga,2021,Barcelona,2020s
65318,2000000,Jaume Costa,La Liga,2021,Mallorca,2020s
66106,20000000,Sergio Canales,La Liga,2021,Betis,2020s
67548,3500000,Rubén Rochina,La Liga,2021,Granada,2020s
69751,25000000,Jordi Alba,La Liga,2021,Barcelona,2020s
70934,1500000,Nolito,La Liga,2021,Celta Vigo,2020s
71579,600000,Iñigo Pérez,La Liga,2021,Osasuna,2020s
71905,800000,Coke,La Liga,2021,Levante,2020s
72047,10000000,Iago Aspas,La Liga,2021,Celta Vigo,2020s
74229,60000000,Koke,La Liga,2021,Atltico Madrid,2020s
74869,6000000,Francis Coquelin,Ligue 1,2021,Villarreal,2020s
76746,2000000,Damián Suárez,La Liga,2021,Getafe,2020s
80444,50000000,Philippe Coutinho,Premier League,2021,Aston Villa,2020s
81999,4000000,Joselu,La Liga,2021,Alavs,2020s
85288,20000000,Isco,La Liga,2021,Real Madrid,2020s
85370,25000000,Sergi Roberto,Serie A,2021,Barcelona,2020s
88490,2000000,Aleix Vidal,La Liga,2021,Espanyol,2020s
89733,7000000,Álex Fernández,La Liga,2021,Cdiz,2020s
92947,3500000,Sergi Gómez,La Liga,2021,Espanyol,2020s
93935,3000000,Sergio Escudero,La Liga,2021,Granada,2020s
95963,800000,Germán Sánchez,La Liga,2021,Granada,2020s
98322,4000000,Denis Cheryshev,La Liga,2021,Valencia,2020s
98596,1200000,John Guidetti,La Liga,2021,Alavs,2020s
99353,20000000,Portu,La Liga,2021,Real Sociedad,2020s
99559,1000000,Alberto Perea,La Liga,2021,Cdiz,2020s
100131,20000000,William Carvalho,La Liga,2021,Betis,2020s
111961,17000000,Suso,La Liga,2021,Sevilla,2020s
119235,1800000,Carlos Bacca,La Liga,2021,Granada,2020s
120095,22000000,José Campaña,La Liga,2021,Levante,2020s
122043,8000000,Héctor Herrera,La Liga,2021,Atltico Madrid,2020s
122155,20000000,Willian José,La Liga,2021,Betis,2020s
126716,25000000,Paco Alcácer,La Liga,2021,Villarreal,2020s
126737,2500000,Juanmi,La Liga,2021,Betis,2020s
127108,4200000,Florian Lejeune,La Liga,2021,Alavs,2020s
127189,15000000,Geoffrey Kondogbia,Ligue 1,2021,Atltico Madrid,2020s
131102,6000000,Jeison Murillo,Serie A,2021,Celta Vigo,2020s
140776,30000000,Yannick Carrasco,La Liga,2021,Atltico Madrid,2020s
141834,7500000,Cristian Tello,La Liga,2021,Betis,2020s
149231,1500000,Fidel,La Liga,2021,Elche,2020s
156501,20000000,Felipe,Premier League,2021,Atltico Madrid,2020s
158863,25000000,Iñigo Martínez,La Liga,2021,Athletic Club,2020s
162056,5000000,Gonzalo Melero,La Liga,2021,Levante,2020s
165007,10000000,Denis Suárez,La Liga,2021,Celta Vigo,2020s
168959,3000000,Nemanja Radoja,La Liga,2021,Levante,2020s
175323,700000,Óscar Duarte,La Liga,2021,Levante,2020s
175449,8000000,Moi Gómez,La Liga,2021,Villarreal,2020s
177046,4500000,Rubén Duarte,La Liga,2021,Alavs,2020s
177467,30000000,Gerard Moreno,La Liga,2021,Villarreal,2020s
177847,10000000,Adnan Januzaj,La Liga,2021,Real Sociedad,2020s
182904,40000000,Clément Lenglet,La Liga,2021,Barcelona,2020s
184672,2500000,Guido Carrillo,La Liga,2021,Elche,2020s
189441,45000000,Lucas Ocampos,La Liga,2021,Sevilla,2020s
192009,10000000,Unai López,La Liga,2021,Rayo Vallecano,2020s
193098,9000000,Álex Moreno,Premier League,2021,Betis,2020s
199369,2800000,Sandro Ramírez,La Liga,2021,Getafe,2020s
203043,1800000,Pedro Bigas,La Liga,2021,Elche,2020s
203496,25000000,Nabil Fekir,La Liga,2021,Betis,2020s
205562,20000000,Thomas Lemar,La Liga,2021,Atltico Madrid,2020s
568149,3000000,Alberto Moreno,Serie A,2021,Villarreal,2020s
211251,10000000,Darwin Machís,La Liga,2021,Granada,2020s
212391,8000000,Roger Martí,La Liga,2021,Levante,2020s
361238,10000000,Rubén García,La Liga,2021,Osasuna,2020s
213670,1800000,Lucas Torró,La Liga,2021,Osasuna,2020s
214775,13000000,Óliver Torres,La Liga,2021,Sevilla,2020s
216870,2000000,Nacho Vidal,La Liga,2021,Osasuna,2020s
221150,25000000,Djené,La Liga,2021,Getafe,2020s
221315,800000,Kevin Vázquez,La Liga,2021,Celta Vigo,2020s
221316,15000000,Lucas Vázquez,La Liga,2021,Real Madrid,2020s
223725,10000000,Munir El Haddadi,La Liga,2021,Sevilla,2020s
225015,800000,Carlos Akapo,La Liga,2021,Cdiz,2020s
225122,15000000,Gonçalo Guedes,Premier League,2021,Valencia,2020s
225462,500000,José Mari,La Liga,2021,Cdiz,2020s
225593,1000000,Pere Milla,La Liga,2021,Elche,2020s
227961,5000000,Jaime Mata,La Liga,2021,Getafe,2020s
228917,2200000,Jorge Miramón,La Liga,2021,Levante,2020s
229804,15000000,Aritz Elustondo,La Liga,2021,Real Sociedad,2020s
234523,6500000,Antonio Sanabria,Serie A,2021,Torino,2020s
238868,4000000,Rubén Peña,La Liga,2021,Villarreal,2020s
242497,2800000,Pere Pons,La Liga,2021,Alavs,2020s
247250,6000000,Rubén Alcaraz,La Liga,2021,Cdiz,2020s
250845,65000000,José María Giménez,La Liga,2021,Atltico Madrid,2020s
251106,7000000,Enes Ünal,Premier League,2021,Getafe,2020s
251876,3000000,Pablo Maffeo,La Liga,2021,Mallorca,2020s
251878,3000000,Aarón Martín,Serie A,2021,Mainz 05,2020s
251897,3500000,Asier Villalibre,La Liga,2021,Athletic Club,2020s
252677,5000000,José Luis Morales,La Liga,2021,Levante,2020s
255501,1500000,Iñigo Lekue,La Liga,2021,Athletic Club,2020s
255508,25000000,Iñaki Williams,La Liga,2021,Athletic Club,2020s
255653,12000000,Santi Mina,La Liga,2021,Celta Vigo,2020s
256429,4000000,Sergi Guardiola,La Liga,2021,Rayo Vallecano,2020s
257376,12000000,Domingos Duarte,La Liga,2021,Granada,2020s
257462,20000000,Luka Jović,Serie A,2021,Real Madrid,2020s
262365,5000000,Antonio Puertas,La Liga,2021,Granada,2020s
263727,25000000,Joan Jordán,La Liga,2021,Sevilla,2020s
266807,40000000,Ángel Correa,La Liga,2021,Atltico Madrid,2020s
277533,800000,Josan,La Liga,2021,Elche,2020s
278359,7000000,Borja Iglesias,La Liga,2021,Betis,2020s
278837,2000000,Luis Rioja,La Liga,2021,Alavs,2020s
280730,10000000,Álvaro Odriozola,La Liga,2021,Fiorentina,2020s
281755,1200000,Iván Alejo,La Liga,2021,Cdiz,2020s
281989,5000000,Luis Milla,La Liga,2021,Granada,2020s
284854,15000000,Carles Aleñá,La Liga,2021,Getafe,2020s
288230,50000000,Ousmane Dembélé,Ligue 1,2021,Barcelona,2020s
289257,1800000,Jon Guridi,La Liga,2021,Real Sociedad,2020s
291417,40000000,Ferland Mendy,La Liga,2021,Real Madrid,2020s
298575,1000000,Kike Barja,La Liga,2021,Osasuna,2020s
298589,7500000,David García,La Liga,2021,Osasuna,2020s
309110,12000000,Brais Méndez,La Liga,2021,Celta Vigo,2020s
311044,2000000,Alfonso Espino,La Liga,2021,Cdiz,2020s
326330,65000000,Frenkie de Jong,La Liga,2021,Barcelona,2020s
334222,1800000,Lucas Boyé,La Liga,2021,Elche,2020s
338285,20000000,Unai Núñez,La Liga,2021,Athletic Club,2020s
338425,10000000,Álex Berenguer,La Liga,2021,Athletic Club,2020s
339816,1500000,Tete Morente,Serie A,2021,Elche,2020s
341227,5000000,Juan Miranda,Serie A,2021,Betis,2020s
342385,15000000,Guido Rodríguez,Premier League,2021,Betis,2020s
346289,10000000,Mouctar Diakhaby,La Liga,2021,Valencia,2020s
349066,22000000,Alexander Isak,Premier League,2021,Real Sociedad,2020s
349599,14000000,Pervis Estupiñán,Premier League,2021,Villarreal,2020s
873981,900000,Diego González,La Liga,2021,Elche,2020s
349856,800000,Son,La Liga,2021,Levante,2020s
355628,20000000,Igor Zubeldia,La Liga,2021,Real Sociedad,2020s
356197,10000000,Alfonso Pedraza,La Liga,2021,Villarreal,2020s
358250,7000000,Joseph Aidoo,La Liga,2021,Celta Vigo,2020s
361254,5500000,Rafa Mir,La Liga,2021,Sevilla,2020s
367466,2500000,Thierry Correia,La Liga,2021,Valencia,2020s
369081,70000000,Federico Valverde,La Liga,2021,Real Madrid,2020s
372246,35000000,Carlos Soler,Premier League,2021,Valencia,2020s
374139,10000000,Junior Firpo,Premier League,2021,Leeds United,2020s
378139,2000000,Aitor Ruibal,La Liga,2021,Betis,2020s
378293,15000000,Yangel Herrera,La Liga,2021,Espanyol,2020s
399776,50000000,Pau Torres,Premier League,2021,Villarreal,2020s
401530,30000000,Éder Militão,La Liga,2021,Real Madrid,2020s
401922,20000000,Samuel Chukwueze,Serie A,2021,Villarreal,2020s
405398,20000000,Takefusa Kubo,La Liga,2021,Mallorca,2020s
411975,50000000,Jules Koundé,La Liga,2021,Sevilla,2020s
412363,45000000,Rodrygo,La Liga,2021,Real Madrid,2020s
422460,1500000,Dani Gómez,La Liga,2021,Levante,2020s
423444,12000000,Fran Beltrán,La Liga,2021,Celta Vigo,2020s
443331,200000,Patrick Osterhage,Bundesliga,2021,Bochum,2020s
448628,3500000,Javi Galán,La Liga,2021,Celta Vigo,2020s
448844,5000000,Carlos Neva,La Liga,2021,Granada,2020s
455181,4000000,Jorge de Frutos,La Liga,2021,Levante,2020s
462250,100000000,João Félix,Serie A,2021,Atltico Madrid,2020s
466810,80000000,Ansu Fati,La Liga,2021,Barcelona,2020s
480763,10000000,Juan Foyth,La Liga,2021,Villarreal,2020s
487688,2000000,Alberto Soro,La Liga,2021,Granada,2020s
495629,7500000,Hugo Guillamón,La Liga,2021,Valencia,2020s
503991,10000000,Yunus Musah,Serie A,2021,Valencia,2020s
527698,800000,Kike Pérez,Serie A,2021,Elche,2020s
537382,15000000,Bryan Gil,La Liga,2021,Tottenham,2020s
552425,3000000,Jon Moncayola,La Liga,2021,Osasuna,2020s
571020,3500000,Oihan Sancet,La Liga,2021,Athletic Club,2020s
616369,15000000,Ander Barrenetxea,La Liga,2021,Real Sociedad,2020s
683840,50000000,Pedri,La Liga,2021,Barcelona,2020s
60957,1400000,Sebastian Polter,Bundesliga,2021,Bochum,2020s
309944,900000,Tyronne Ebuehi,Serie A,2021,Venezia,2020s
315145,5000000,Azor Matusiwa,Ligue 1,2021,Reims,2020s
321528,18000000,Denzel Dumfries,Serie A,2021,Inter,2020s
360518,15000000,Teun Koopmeiners,Serie A,2021,Atalanta,2020s
361068,4000000,Jurgen Ekkelenkamp,Serie A,2021,Hertha BSC,2020s
412932,15000000,Myron Boadu,Bundesliga,2021,Monaco,2020s
416386,3500000,Abdou Harroui,Serie A,2021,Sassuolo,2020s
571743,2200000,Armando Broja,Premier League,2021,Southampton,2020s
18900,5000000,Hatem Ben Arfa,Ligue 1,2021,Lille,2020s
57216,1500000,Ismaël Traoré,Ligue 1,2021,Angers,2020s
74297,8000000,Gaël Kakuta,Ligue 1,2021,Lens,2020s
84085,4000000,Timothée Kolodziejczak,Bundesliga,2021,Saint-tienne,2020s
84301,14000000,Benjamin André,Ligue 1,2021,Lille,2020s
103565,5000000,Wahbi Khazri,Ligue 1,2021,Saint-tienne,2020s
111058,3000000,Arnaud Souquet,Ligue 1,2021,Montpellier,2020s
118284,3500000,Jordan Ferri,Ligue 1,2021,Montpellier,2020s
122116,5000000,Nicolas de Préville,Ligue 1,2021,Metz,2020s
122797,15000000,Andy Delort,Ligue 1,2021,Nice,2020s
130365,15000000,Alessandro Florenzi,Serie A,2021,Milan,2020s
135617,18000000,Thiago Mendes,Ligue 1,2021,Lyon,2020s
139279,2000000,Nicolas Pallois,Ligue 1,2021,Nantes,2020s
161869,7000000,Djibril Sidibé,Ligue 1,2021,Monaco,2020s
175639,2000000,Jonathan Clauss,Ligue 1,2021,Lens,2020s
181378,13000000,Gaëtan Laborde,Ligue 1,2021,Montpellier,2020s
184935,2500000,Kalifa Coulibaly,Ligue 1,2021,Nantes,2020s
544106,250000,Óscar Gil,La Liga,2021,Espanyol,2020s
202318,4000000,Farid Boulaya,Ligue 1,2021,Metz,2020s
203746,10000000,Ruben Aguilar,Ligue 1,2021,Monaco,2020s
205503,5000000,Ibrahim Amadou,Ligue 1,2021,Metz,2020s
205587,5000000,Opa Nguette,Ligue 1,2021,Metz,2020s
206912,2000000,Jimmy Cabot,Ligue 1,2021,Angers,2020s
228948,25000000,Thilo Kehrer,Ligue 1,2021,Paris S-G,2020s
229004,30000000,Moussa Dembélé,Ligue 1,2021,Lyon,2020s
229006,6000000,Franck Honorat,Bundesliga,2021,Brest,2020s
236045,10000000,Denis Bouanga,Ligue 1,2021,Saint-tienne,2020s
238626,2000000,Laurent Abergel,Ligue 1,2021,Lorient,2020s
238639,7000000,Steve Mounié,Bundesliga,2021,Brest,2020s
249730,8000000,Guillermo Maripán,Serie A,2021,Monaco,2020s
250013,11000000,Angelo Fulgini,Ligue 1,2021,Angers,2020s
250779,2000000,Brendan Chardonnet,Ligue 1,2021,Brest,2020s
263918,19000000,Aleksandr Golovin,Ligue 1,2021,Monaco,2020s
270541,13000000,Serhou Guirassy,Bundesliga,2021,Rennes,2020s
277114,20000000,Jason Denayer,Ligue 1,2021,Lyon,2020s
282041,40000000,Presnel Kimpembe,Ligue 1,2021,Paris S-G,2020s
283994,8000000,Ludovic Ajorque,Ligue 1,2021,Strasbourg,2020s
288225,13000000,Ludovic Blas,Ligue 1,2021,Nantes,2020s
292808,4000000,Wout Faes,Premier League,2021,Reims,2020s
292818,25000000,Jonathan Bamba,La Liga,2021,Lille,2020s
293944,5500000,Habib Maïga,Ligue 1,2021,Metz,2020s
296422,6500000,Fodé Ballo-Touré,Ligue 1,2021,Milan,2020s
315110,15000000,Karl Toko Ekambi,Ligue 1,2021,Lyon,2020s
318523,8000000,Romain Perraud,La Liga,2021,Southampton,2020s
324811,4500000,Arnaud Nordin,Bundesliga,2021,Saint-tienne,2020s
335147,4000000,Junior Sambia,Serie A,2021,Montpellier,2020s
340328,6000000,Stephy Mavididi,Premier League,2021,Montpellier,2020s
342226,8000000,Irvin Cardona,Ligue 1,2021,Brest,2020s
344605,23000000,Boubakary Soumaré,Premier League,2021,Leicester City,2020s
354726,1800000,Florian Sotoca,Ligue 1,2021,Lens,2020s
361093,25000000,Sven Botman,Premier League,2021,Lille,2020s
377393,7000000,Pierre Lees-Melou,Ligue 1,2021,Norwich City,2020s
384060,12000000,Tino Kadewere,Ligue 1,2021,Lyon,2020s
384593,7000000,Alexis Claude-Maurice,Bundesliga,2021,Nice,2020s
384859,7000000,Fabien Centonze,Ligue 1,2021,Metz,2020s
386047,18000000,Axel Disasi,Premier League,2021,Monaco,2020s
386057,2000000,Julien Laporte,Ligue 1,2021,Lorient,2020s
388165,8000000,Yoane Wissa,Premier League,2021,Brentford,2020s
410185,4000000,Ronaël Pierre-Gabriel,Ligue 1,2021,Brest,2020s
418659,20000000,Amine Gouiri,Ligue 1,2021,Nice,2020s
444523,25000000,Lucas Paquetá,Premier League,2021,Lyon,2020s
450050,5000000,Jean-Ricner Bellegarde,Premier League,2021,Strasbourg,2020s
450417,6000000,Dylan Bronn,Serie A,2021,Metz,2020s
453016,4000000,Anthony Caci,Bundesliga,2021,Strasbourg,2020s
469669,4500000,Yvan Neyou,La Liga,2021,Saint-tienne,2020s
471474,200000,Javi Martínez,La Liga,2021,Osasuna,2020s
485960,2000000,Lilian Brassier,Ligue 1,2021,Brest,2020s
485963,8000000,Pape Gueye,La Liga,2021,Marseille,2020s
487969,5000000,Randal Kolo Muani,Serie A,2021,Nantes,2020s
524010,500000,Oier Zarraga,Serie A,2021,Athletic Club,2020s
531949,8000000,Ignatius Ganago,Ligue 1,2021,Lens,2020s
535834,1500000,Eliot Matazo,Ligue 1,2021,Monaco,2020s
536482,6000000,Junior Dina Ebimbe,Bundesliga,2021,Paris S-G,2020s
538977,1500000,Georginio Rutter,Premier League,2021,Hoffenheim,2020s
546880,7000000,Brandon Soppy,Serie A,2021,Udinese,2020s
555076,8000000,Romain Faivre,Ligue 1,2021,Lyon,2020s
557610,4000000,Isaac Lihadji,Ligue 1,2021,Lille,2020s
560593,4000000,Hicham Boudaoui,Ligue 1,2021,Nice,2020s
568701,1500000,Lamine Gueye,Ligue 1,2021,Metz,2020s
569389,10000000,Sofiane Diop,Ligue 1,2021,Monaco,2020s
574671,8000000,Strahinja Pavlović,Serie A,2021,Monaco,2020s
620313,4000000,Lucas Gourna-Douath,Serie A,2021,Saint-tienne,2020s
626913,12000000,Boulaye Dia,Serie A,2021,Villarreal,2020s
633992,5000000,Enzo Le Fée,Ligue 1,2021,Lorient,2020s
649016,8500000,El Bilal Touré,Bundesliga,2021,Reims,2020s
654539,8000000,Adrien Truffert,Ligue 1,2021,Rennes,2020s
666234,18000000,Mohamed Simakan,Bundesliga,2021,RB Leipzig,2020s
709187,1000000,Nico Williams,La Liga,2021,Athletic Club,2020s
58799,300000,Salva Sevilla,La Liga,2021,Mallorca,2020s
85295,1000000,Iván Balliu,La Liga,2021,Rayo Vallecano,2020s
102423,5000000,Leandro Cabrera,La Liga,2021,Espanyol,2020s
126751,2000000,Iñigo Ruiz de Galarreta,La Liga,2021,Mallorca,2020s
947431,3000000,David López,La Liga,2021,Espanyol,2020s
834470,1200000,Dani Rodríguez,La Liga,2021,Mallorca,2020s
142021,6000000,Sergi Darder,La Liga,2021,Espanyol,2020s
153427,800000,Bebé,La Liga,2021,Rayo Vallecano,2020s
166677,500000,Brian Oliván,La Liga,2021,Mallorca,2020s
177452,800000,Abdón Prats,La Liga,2021,Mallorca,2020s
1074917,2000000,Jonathan Silva,La Liga,2021,Getafe,2020s
240360,600000,Esteban Saveljich,La Liga,2021,Rayo Vallecano,2020s
1064403,2400000,Álvaro García,La Liga,2021,Rayo Vallecano,2020s
268670,1000000,Gerard Gumbau,La Liga,2021,Elche,2020s
275361,400000,Karim Azamoum,Ligue 1,2021,Troyes,2020s
282406,600000,Álvaro Jiménez,La Liga,2021,Cdiz,2020s
282722,5000000,Álex Collado,La Liga,2021,Granada,2020s
295065,400000,Toni Moya,La Liga,2021,Alavs,2020s
295622,1500000,Keidi Bare,La Liga,2021,Espanyol,2020s
331505,5000000,Óscar Mingueza,La Liga,2021,Barcelona,2020s
380598,1500000,Santi Comesaña,La Liga,2021,Rayo Vallecano,2020s
408471,2000000,Javi Puado,La Liga,2021,Espanyol,2020s
442805,1500000,Iddrisu Baba,La Liga,2021,Mallorca,2020s
494880,3000000,Jorge Cuenca,Premier League,2021,Getafe,2020s
495625,200000,Víctor Chust,La Liga,2021,Cdiz,2020s
501418,5000000,Adrià Pedrosa,La Liga,2021,Espanyol,2020s
513031,500000,Antonio Sánchez,La Liga,2021,Mallorca,2020s
517753,800000,Óscar Valentín,La Liga,2021,Rayo Vallecano,2020s
525578,600000,Pathé Ciss,La Liga,2021,Rayo Vallecano,2020s
531277,1500000,Andrés Martín,La Liga,2021,Rayo Vallecano,2020s
531824,200000,Kike Hermoso,La Liga,2021,Betis,2020s
560483,1300000,Randy Nteka,La Liga,2021,Rayo Vallecano,2020s
568835,400000,Pablo Martínez,La Liga,2021,Levante,2020s
617074,5000000,Ilaix Moriba,La Liga,2021,Valencia,2020s
631221,300000,Isma Ruiz,La Liga,2021,Granada,2020s
724520,50000,Abde Ezzalzouli,La Liga,2021,Barcelona,2020s
769063,1000000,Luka Romero,La Liga,2021,Lazio,2020s
354909,125000,Giorgio Altare,Serie A,2021,Cagliari,2020s
372809,450000,Petko Hristov,Serie A,2021,Spezia,2020s
393904,200000,Filippo Delli Carri,Serie A,2021,Salernitana,2020s
461790,100000,Louis Mafouta,Ligue 1,2021,Metz,2020s
227085,150000,Jonas Hofmann,Bundesliga,2021,Gladbach,2020s
432281,700000,Márton Dárdai,Bundesliga,2021,Hertha BSC,2020s
203842,6000000,Viktor Kovalenko,Serie A,2021,Spezia,2020s
404842,15000000,Vitaliy Mykolenko,Premier League,2021,Everton,2020s
119269,7000000,Shane Duffy,Premier League,2021,Brighton,2020s
160182,225000,José Ángel,La Liga,2021,Osasuna,2020s
243856,4500000,Cedric Itten,Bundesliga,2021,Greuther Frth,2020s
328658,4000000,Kristoffer Ajer,Premier League,2021,Brentford,2020s
484547,4000000,Jeremie Frimpong,Bundesliga,2021,Leverkusen,2020s
443710,2500000,Angelo Stiller,Bundesliga,2021,Hoffenheim,2020s
315289,2200000,Myrto Uzuni,La Liga,2021,Granada,2020s
353892,450000,Hiroki Ito,Bundesliga,2021,Stuttgart,2020s
51118,250000,Adil Rami,Ligue 1,2021,Troyes,2020s
125165,30000000,Jesús Corona,La Liga,2021,Sevilla,2020s
159372,18000000,Felipe Anderson,Serie A,2021,Lazio,2020s
196095,17000000,Luca Waldschmidt,Bundesliga,2021,Wolfsburg,2020s
281319,3500000,Alberth Elis,Ligue 1,2021,Bordeaux,2020s
337798,900000,Abdu Conté,Ligue 1,2021,Troyes,2020s
341110,5000000,Franco Cervi,La Liga,2021,Celta Vigo,2020s
392770,6000000,Angel Gomes,Ligue 1,2021,Lille,2020s
480692,18000000,Luis Díaz,Premier League,2021,Liverpool,2020s
520530,300000,Fali Candé,Serie A,2021,Metz,2020s
535955,7000000,Nuno Tavares,Serie A,2021,Arsenal,2020s
595809,450000,Beto,Premier League,2021,Udinese,2020s
605184,12000000,Jean-Clair Todibo,Premier League,2021,Nice,2020s
616341,17000000,Nuno Mendes,Ligue 1,2021,Paris S-G,2020s
616344,6000000,Tiago Tomás,Bundesliga,2021,Stuttgart,2020s
520947,5000000,Santiago Arzamendia,La Liga,2021,Cdiz,2020s
41541,800000,Danny Blum,Bundesliga,2021,Bochum,2020s
79377,2200000,Genki Haraguchi,Bundesliga,2021,Union Berlin,2020s
79967,1300000,Simon Zoller,Bundesliga,2021,Bochum,2020s
111266,350000,Anthony Losilla,Bundesliga,2021,Bochum,2020s
117432,900000,Kevin Behrens,Bundesliga,2021,Union Berlin,2020s
121686,600000,Cristian Gamboa,Bundesliga,2021,Bochum,2020s
154396,1500000,Danilo Soares,Bundesliga,2021,Bochum,2020s
161204,1000000,Julian Green,Bundesliga,2021,Greuther Frth,2020s
171209,2000000,Branimir Hrgota,Bundesliga,2021,Greuther Frth,2020s
183780,2000000,Paul Seguin,Bundesliga,2021,Greuther Frth,2020s
186477,350000,Herbert Bockhorn,Bundesliga,2021,Bochum,2020s
186988,800000,Sven Michel,Bundesliga,2021,Union Berlin,2020s
190289,1000000,Gerrit Holtmann,Bundesliga,2021,Bochum,2020s
236981,1500000,Timo Hübers,Bundesliga,2021,Kln,2020s
263236,5000000,Kevin Danso,Premier League,2021,Lens,2020s
272278,1000000,Chris Führich,Bundesliga,2021,Stuttgart,2020s
289182,1000000,Christopher Antwi-Adjei,Bundesliga,2021,Bochum,2020s
318204,3000000,David Raum,Bundesliga,2021,Hoffenheim,2020s
323831,15000000,Rafael Borré,Bundesliga,2021,Eint Frankfurt,2020s
333516,2500000,Sebastian Vasiliadis,Bundesliga,2021,Arminia,2020s
344069,500000,Anton Stach,Bundesliga,2021,Mainz 05,2020s
402733,12500000,Gonzalo Montiel,Premier League,2021,Sevilla,2020s
485706,1500000,Amadou Onana,Premier League,2021,Lille,2020s
518505,1800000,Jamie Leweling,Bundesliga,2021,Greuther Frth,2020s
533568,3000000,Nahuel Tenaglia,La Liga,2021,Alavs,2020s
596813,300000,Dickson Abiama,Bundesliga,2021,Greuther Frth,2020s
659813,700000,Piero Hincapié,Bundesliga,2021,Leverkusen,2020s
15951,1300000,Dani Alves,La Liga,2021,Barcelona,2020s
186399,2500000,Thiago Galhardo,La Liga,2021,Celta Vigo,2020s
258254,3000000,Jemerson,Ligue 1,2021,Metz,2020s
341705,14000000,Gerson,Ligue 1,2021,Marseille,2020s
385271,3000000,Allan,Bundesliga,2021,Everton,2020s
1004741,12000000,Pedro,Serie A,2021,Lazio,2020s
607854,4000000,Éderson,Serie A,2021,Salernitana,2020s
620477,12000000,Kaio Jorge,Serie A,2021,Juventus,2020s
789082,400000,Vanderson,Ligue 1,2021,Monaco,2020s
808509,8000000,Danilo,Premier League,2021,Juventus,2020s
26485,10000000,Jérôme Boateng,Serie A,2021,Lyon,2020s
28947,1400000,Gonzalo Castro,Bundesliga,2021,Arminia,2020s
32711,5000000,Patrick Herrmann,Bundesliga,2021,Gladbach,2020s
35047,12000000,Axel Witsel,La Liga,2021,Dortmund,2020s
38410,3000000,Daniel Caligiuri,Bundesliga,2021,Augsburg,2020s
39106,750000,Ádám Szalai,Bundesliga,2021,Mainz 05,2020s
42783,1800000,André Hahn,Bundesliga,2021,Augsburg,2020s
42936,4000000,Nils Petersen,Bundesliga,2021,Freiburg,2020s
44466,4000000,Sebastian Rode,Bundesliga,2021,Eint Frankfurt,2020s
48298,6000000,Lars Stindl,Bundesliga,2021,Gladbach,2020s
49723,1500000,Timothy Chandler,Bundesliga,2021,Eint Frankfurt,2020s
52348,2000000,Benjamin Hübner,Bundesliga,2021,Hoffenheim,2020s
53418,14000000,Kevin Kampl,Bundesliga,2021,RB Leipzig,2020s
53437,1500000,Bastian Oczipka,Bundesliga,2021,Union Berlin,2020s
55099,3000000,Nicolas Höfler,Bundesliga,2021,Freiburg,2020s
57051,4000000,Sebastian Rudy,Bundesliga,2021,Hoffenheim,2020s
57845,3000000,Tobias Strobl,Bundesliga,2021,Augsburg,2020s
57995,1800000,Daniel Didavi,Bundesliga,2021,Stuttgart,2020s
58358,35000000,Thomas Müller,Bundesliga,2021,Bayern Munich,2020s
59016,55000000,David Alaba,La Liga,2021,Real Madrid,2020s
60394,1500000,Philipp Klement,Bundesliga,2021,Stuttgart,2020s
61087,7000000,Karim Bellarabi,Bundesliga,2021,Leverkusen,2020s
70285,3500000,Jonathan Schmid,Bundesliga,2021,Freiburg,2020s
72792,2000000,Niko Gießelmann,Bundesliga,2021,Union Berlin,2020s
75921,1200000,Christopher Trimmel,Bundesliga,2021,Union Berlin,2020s
78147,1000000,Fabian Klos,Bundesliga,2021,Arminia,2020s
82097,8000000,Christoph Kramer,Bundesliga,2021,Gladbach,2020s
82350,1400000,Stefan Bell,Bundesliga,2021,Mainz 05,2020s
85791,14500000,Stefan Lainer,Bundesliga,2021,Gladbach,2020s
85867,7000000,Nico Schulz,Bundesliga,2021,Dortmund,2020s
88590,7000000,Shkodran Mustafi,La Liga,2021,Levante,2020s
89701,9000000,Charles Aránguiz,Bundesliga,2021,Leverkusen,2020s
93604,1500000,Lukas Kübler,Bundesliga,2021,Freiburg,2020s
93704,7000000,Josuha Guilavogui,Bundesliga,2021,Bordeaux,2020s
93707,9000000,Christian Günter,Bundesliga,2021,Freiburg,2020s
94771,1700000,Andreas Voglsammer,Bundesliga,2021,Union Berlin,2020s
100986,18000000,Thomas Meunier,Ligue 1,2021,Dortmund,2020s
106270,4000000,Florian Kainz,Bundesliga,2021,Kln,2020s
106405,9000000,Jeffrey Gouweleeuw,Bundesliga,2021,Augsburg,2020s
106872,3000000,Kevin Stöger,Bundesliga,2021,Mainz 05,2020s
108537,5000000,Jonas Hector,Bundesliga,2021,Kln,2020s
111039,5000000,Ishak Belfodil,Bundesliga,2021,Hertha BSC,2020s
111078,20000000,Emil Forsberg,Bundesliga,2021,RB Leipzig,2020s
118397,2500000,Alessandro Schöpf,Bundesliga,2021,Arminia,2020s
118847,5500000,Dominik Kohr,Bundesliga,2021,Mainz 05,2020s
119234,3500000,Karim Onisiwo,Bundesliga,2021,Mainz 05,2020s
119277,7500000,Yannick Gerhardt,Bundesliga,2021,Wolfsburg,2020s
119296,26000000,Emre Can,Bundesliga,2021,Dortmund,2020s
120443,7500000,Santiago Arias,La Liga,2021,Granada,2020s
124732,12000000,John Brooks,Bundesliga,2021,Wolfsburg,2020s
125614,3500000,Sargis Adamyan,Bundesliga,2021,Hoffenheim,2020s
126281,1500000,Alexander Hack,Bundesliga,2021,Mainz 05,2020s
127076,9000000,Jérôme Roussillon,Bundesliga,2021,Wolfsburg,2020s
140757,2000000,Daniel Bessa,Serie A,2021,Hellas Verona,2020s
142031,7500000,Omar Mascarell,La Liga,2021,Elche,2020s
146310,8000000,Wataru Endo,Premier League,2021,Stuttgart,2020s
147573,5500000,Sebastian Andersson,Bundesliga,2021,Kln,2020s
152963,6000000,Florian Niederlechner,Bundesliga,2021,Augsburg,2020s
153084,70000000,Leon Goretzka,Bundesliga,2021,Bayern Munich,2020s
156779,4500000,Erik Thommy,Bundesliga,2021,Stuttgart,2020s
157635,25000000,Yussuf Poulsen,Bundesliga,2021,RB Leipzig,2020s
159471,70000000,Serge Gnabry,Bundesliga,2021,Bayern Munich,2020s
160241,6000000,Kevin Akpoguma,Bundesliga,2021,Hoffenheim,2020s
160968,800000,Benno Schmitz,Bundesliga,2021,Kln,2020s
161056,90000000,Joshua Kimmich,Bundesliga,2021,Bayern Munich,2020s
162434,10000000,Niklas Stark,Bundesliga,2021,Hertha BSC,2020s
166601,37000000,Niklas Süle,Bundesliga,2021,Bayern Munich,2020s
167329,30000000,Alassane Pléa,Bundesliga,2021,Gladbach,2020s
177779,8000000,Janik Haberer,Bundesliga,2021,Freiburg,2020s
178459,5000000,Davie Selke,Bundesliga,2021,Hertha BSC,2020s
179635,2000000,Philipp Förster,Bundesliga,2021,Stuttgart,2020s
181547,7500000,Gonçalo Paciência,Bundesliga,2021,Eint Frankfurt,2020s
182574,4500000,Jean-Paul Boëtius,Bundesliga,2021,Mainz 05,2020s
185077,10000000,Vincenzo Grifo,Bundesliga,2021,Freiburg,2020s
187492,30000000,Julian Brandt,Bundesliga,2021,Dortmund,2020s
188888,3000000,Sheraldo Becker,La Liga,2021,Union Berlin,2020s
190393,25000000,Corentin Tolisso,Ligue 1,2021,Bayern Munich,2020s
192565,60000000,Leroy Sané,Bundesliga,2021,Bayern Munich,2020s
192635,32000000,Nico Elvedi,Bundesliga,2021,Gladbach,2020s
193004,7000000,Waldemar Anton,Bundesliga,2021,Stuttgart,2020s
193534,500000,Hamadi Al Ghaddioui,Bundesliga,2021,Stuttgart,2020s
193782,20000000,Lucas Alario,Bundesliga,2021,Leverkusen,2020s
195246,2500000,Pascal Stenzel,Bundesliga,2021,Stuttgart,2020s
195736,20000000,Florian Grillitsch,La Liga,2021,Hoffenheim,2020s
196357,20000000,Jonathan Tah,Bundesliga,2021,Leverkusen,2020s
700646,37000000,André Silva,Bundesliga,2021,RB Leipzig,2020s
202591,12000000,Benjamin Henrichs,Bundesliga,2021,RB Leipzig,2020s
207597,1700000,Cedric Teuchert,Bundesliga,2021,Union Berlin,2020s
212723,10000000,Djibril Sow,La Liga,2021,Eint Frankfurt,2020s
215599,32000000,Lukas Klostermann,Bundesliga,2021,RB Leipzig,2020s
216181,5500000,Almamy Touré,Bundesliga,2021,Eint Frankfurt,2020s
216804,2000000,Joakim Nilsson,Bundesliga,2021,Arminia,2020s
223967,26000000,Konrad Laimer,Bundesliga,2021,RB Leipzig,2020s
223974,13000000,Stefan Posch,Serie A,2021,Hoffenheim,2020s
223979,22000000,Xaver Schlager,Bundesliga,2021,Wolfsburg,2020s
225657,14000000,Philipp Lienhart,Bundesliga,2021,Freiburg,2020s
231586,2800000,Jannes Horn,Bundesliga,2021,Kln,2020s
232320,2000000,Atakan Karazor,Bundesliga,2021,Stuttgart,2020s
232418,7000000,Ondrej Duda,Serie A,2021,Kln,2020s
232454,22000000,Nadiem Amiri,Bundesliga,2021,Genoa,2020s
234029,4000000,Grischa Prömel,Bundesliga,2021,Union Berlin,2020s
237164,9000000,Ihlas Bebou,Bundesliga,2021,Hoffenheim,2020s
237662,16000000,Breel Embolo,Ligue 1,2021,Gladbach,2020s
238407,18000000,Alexander Sørloth,La Liga,2021,Real Sociedad,2020s
240274,700000,Anderson Lucoqui,Bundesliga,2021,Mainz 05,2020s
242086,25000000,Patrik Schick,Bundesliga,2021,Leverkusen,2020s
243714,55000000,Kingsley Coman,Bundesliga,2021,Bayern Munich,2020s
244940,2700000,Salih Özcan,Bundesliga,2021,Kln,2020s
245537,2000000,Nabil Bentaleb,Ligue 1,2021,Angers,2020s
247555,5500000,Edimilson Fernandes,Ligue 1,2021,Arminia,2020s
248999,4000000,Lucas Höler,Bundesliga,2021,Freiburg,2020s
249157,2000000,Fredrik Jensen,Bundesliga,2021,Augsburg,2020s
251309,13000000,Dennis Geiger,Bundesliga,2021,Hoffenheim,2020s
260655,4000000,Eduard Löwen,Bundesliga,2021,Bochum,2020s
261905,15000000,Suat Serdar,Serie A,2021,Hertha BSC,2020s
274461,2500000,Felix Passlack,Bundesliga,2021,Dortmund,2020s
277179,35000000,Angeliño,Serie A,2021,RB Leipzig,2020s
278332,38000000,Florian Neuhaus,Bundesliga,2021,Gladbach,2020s
281963,45000000,Lucas Hernández,Ligue 1,2021,Bayern Munich,2020s
283001,1200000,Noah Joel Sarenren Bazee,Bundesliga,2021,Augsburg,2020s
284732,22000000,Ramy Bensebaini,Bundesliga,2021,Gladbach,2020s
285951,650000,Nathan de Medina,Bundesliga,2021,Arminia,2020s
289592,22000000,Orel Mangala,Premier League,2021,Stuttgart,2020s
290587,6500000,Ellyes Skhiri,Bundesliga,2021,Kln,2020s
293194,6000000,Borna Sosa,Serie A,2021,Stuttgart,2020s
293385,38000000,Dani Olmo,La Liga,2021,RB Leipzig,2020s
295313,4500000,Taiwo Awoniyi,Premier League,2021,Union Berlin,2020s
296397,5000000,Arne Maier,Bundesliga,2021,Augsburg,2020s
315332,3500000,Aymen Barkok,Bundesliga,2021,Eint Frankfurt,2020s
321070,10000000,Hannes Wolf,Bundesliga,2021,Gladbach,2020s
324278,22000000,Christoph Baumgartner,Bundesliga,2021,Hoffenheim,2020s
330659,18000000,Justin Kluivert,Premier League,2021,Nice,2020s
333647,3500000,Jonathan Burkardt,Bundesliga,2021,Mainz 05,2020s
334186,1000000,Fabian Kunze,Bundesliga,2021,Arminia,2020s
334221,4500000,Amos Pieper,Bundesliga,2021,Arminia,2020s
334526,40000000,Denis Zakaria,Ligue 1,2021,Juventus,2020s
338629,12000000,Sebastiaan Bornauw,Bundesliga,2021,Wolfsburg,2020s
342039,700000,Yannik Keitel,Bundesliga,2021,Freiburg,2020s
344381,33000000,Christopher Nkunku,Premier League,2021,RB Leipzig,2020s
344598,22000000,Dan-Axel Zagadou,Bundesliga,2021,Dortmund,2020s
344695,60000000,Dayot Upamecano,Bundesliga,2021,Bayern Munich,2020s
348026,23000000,Nordi Mukiele,Bundesliga,2021,RB Leipzig,2020s
353032,6500000,Omar Alderete,La Liga,2021,Valencia,2020s
353366,35000000,Benjamin Pavard,Serie A,2021,Bayern Munich,2020s
353948,16000000,Lucas Tousart,Bundesliga,2021,Hertha BSC,2020s
356141,16000000,Daichi Kamada,Premier League,2021,Eint Frankfurt,2020s
369567,7000000,Sasa Kalajdzic,Premier League,2021,Stuttgart,2020s
370789,1000000,Julian Ryerson,Bundesliga,2021,Union Berlin,2020s
372711,12000000,Amine Harit,Ligue 1,2021,Marseille,2020s
384745,900000,Tobias Raschl,Bundesliga,2021,Greuther Frth,2020s
387626,35000000,Leon Bailey,Premier League,2021,Aston Villa,2020s
388198,4000000,Nico Schlotterbeck,Bundesliga,2021,Freiburg,2020s
392775,20000000,Ryan Sessegnon,Premier League,2021,Tottenham,2020s
393325,9000000,Josh Sargent,Premier League,2021,Norwich City,2020s
395516,38000000,Moussa Diaby,Premier League,2021,Leverkusen,2020s
401173,100000000,Jadon Sancho,Premier League,2021,Manchester Utd,2020s
401578,18000000,Exequiel Palacios,Bundesliga,2021,Leverkusen,2020s
402008,22000000,Amadou Haidara,Bundesliga,2021,RB Leipzig,2020s
415912,2500000,Konstantinos Mavropanos,Premier League,2021,Stuttgart,2020s
416380,1800000,Ragnar Ache,Bundesliga,2021,Eint Frankfurt,2020s
418560,110000000,Erling Haaland,Premier League,2021,Dortmund,2020s
423436,6500000,Santiago Ascacíbar,Serie A,2021,Hertha BSC,2020s
424204,75000000,Alphonso Davies,Bundesliga,2021,Bayern Munich,2020s
842718,13000000,Paulinho,Bundesliga,2021,Leverkusen,2020s
448177,1200000,Jessic Ngankam,Bundesliga,2021,Greuther Frth,2020s
470815,700000,Niklas Tauer,Bundesliga,2021,Mainz 05,2020s
472249,4000000,Jan Thielmann,Bundesliga,2021,Kln,2020s
503160,800000,Paul Nebel,Bundesliga,2021,Mainz 05,2020s
520468,6500000,Iago,Bundesliga,2021,Augsburg,2020s
524285,3500000,Luca Netz,Bundesliga,2021,Gladbach,2020s
538996,11000000,Tanguy Nianzou,La Liga,2021,Bayern Munich,2020s
546213,4000000,Tuta,Bundesliga,2021,Eint Frankfurt,2020s
553285,300000,Tim Lemperle,Bundesliga,2021,Kln,2020s
564545,40000000,Edmond Tapsoba,Bundesliga,2021,Leverkusen,2020s
580195,24000000,Jamal Musiala,Bundesliga,2021,Bayern Munich,2020s
581678,35000000,Jude Bellingham,La Liga,2021,Dortmund,2020s
598577,45000000,Florian Wirtz,Bundesliga,2021,Leverkusen,2020s
618425,5000000,Tanguy Coulibaly,Ligue 1,2021,Stuttgart,2020s
473050,300000,Kevin Schade,Premier League,2021,Freiburg,2020s
16922,2500000,Kevin-Prince Boateng,Bundesliga,2021,Hertha BSC,2020s
38607,3200000,Federico Di Francesco,Serie A,2021,Empoli,2020s
45581,600000,Joel Obi,Serie A,2021,Salernitana,2020s
84766,600000,Francesco Di Tacchio,Serie A,2021,Salernitana,2020s
88706,1200000,Simone Romagnoli,Serie A,2021,Empoli,2020s
136133,300000,Andrea Schiavone,Serie A,2021,Salernitana,2020s
382571,2500000,Francesco Forte,Serie A,2021,Venezia,2020s
167491,1700000,Stefano Sabelli,Serie A,2021,Genoa,2020s
192638,1800000,Nicolas Haas,Serie A,2021,Empoli,2020s
193867,1700000,Liam Henderson,Serie A,2021,Empoli,2020s
205054,650000,Norbert Gyömbér,Serie A,2021,Salernitana,2020s
213854,600000,Cedric Gondo,Serie A,2021,Salernitana,2020s
239099,1100000,Pietro Ceccaroni,Serie A,2021,Venezia,2020s
240934,800000,Filippo Bandinelli,Serie A,2021,Empoli,2020s
287875,850000,Luca Fiordilino,Serie A,2021,Venezia,2020s
298635,950000,Grigoris Kastanos,Serie A,2021,Salernitana,2020s
324377,1500000,Youssef Maleh,Serie A,2021,Fiorentina,2020s
340394,1500000,Abdelhamid Sabiri,Serie A,2021,Sampdoria,2020s
346561,2300000,Luca Ranieri,Serie A,2021,Salernitana,2020s
387234,2000000,Szymon Żurkowski,Serie A,2021,Empoli,2020s
392966,550000,Nadir Zortea,Serie A,2021,Salernitana,2020s
394300,7000000,Davide Frattesi,Serie A,2021,Sassuolo,2020s
406042,800000,Dennis Johnsen,Serie A,2021,Venezia,2020s
459658,150000,Andrea Cambiaso,Serie A,2021,Genoa,2020s
467992,9000000,Samuele Ricci,Serie A,2021,Torino,2020s
547985,2000000,Fabiano Parisi,Serie A,2021,Empoli,2020s
413032,75000,Ibrahima Diallo,Serie A,2021,Southampton,2020s
68718,700000,Yoann Touzghar,Ligue 1,2021,Troyes,2020s
187491,3500000,Timo Baumgartl,Bundesliga,2021,Union Berlin,2020s
326029,30000000,Donyell Malen,Premier League,2021,Dortmund,2020s
362108,1100000,Gabriel Gudmundsson,Ligue 1,2021,Lille,2020s
370791,6500000,Pablo Rosario,Ligue 1,2021,Nice,2020s
557613,200000,Quentin Merlin,Ligue 1,2021,Nantes,2020s
568693,3000000,Pape Matar Sarr,Premier League,2021,Metz,2020s
659542,3000000,Elye Wahi,Bundesliga,2021,Montpellier,2020s
711969,300000,Lorenz Assignon,Ligue 1,2021,Rennes,2020s
711999,300000,Lesley Ugochukwu,Premier League,2021,Rennes,2020s
740674,200000,Issouf Sissokho,Ligue 1,2021,Bordeaux,2020s
743500,200000,William Mikelbrencis,Ligue 1,2021,Metz,2020s
822458,500000,Bamba Dieng,Ligue 1,2021,Marseille,2020s
37304,1500000,Shane Long,Premier League,2021,Southampton,2020s
44983,1700000,Dan Gosling,Premier League,2021,Watford,2020s
46972,7000000,Teemu Pukki,Premier League,2021,Norwich City,2020s
73484,3000000,Tom Cleverley,Premier League,2021,Watford,2020s
76467,3500000,Kiko Femenía,La Liga,2021,Watford,2020s
77812,2000000,Christoph Zimmermann,Bundesliga,2021,Norwich City,2020s
121385,2800000,Grant Hanley,Premier League,2021,Norwich City,2020s
125314,4500000,Pontus Jansson,Premier League,2021,Brentford,2020s
126600,3000000,Kenny McLean,Premier League,2021,Norwich City,2020s
128904,5000000,Ben Gibson,Premier League,2021,Norwich City,2020s
148367,3500000,Christian Nørgaard,Premier League,2021,Brentford,2020s
204294,3000000,Saman Ghoddos,Premier League,2021,Brentford,2020s
214666,4500000,Connor Roberts,Premier League,2021,Burnley,2020s
236953,2000000,Sam Byram,Premier League,2021,Norwich City,2020s
249513,4500000,Diego Rico,La Liga,2021,Real Sociedad,2020s
250426,16000000,Adam Armstrong,Premier League,2021,Southampton,2020s
251664,18000000,Ivan Toney,Premier League,2021,Brentford,2020s
251845,6000000,Sergi Canós,La Liga,2021,Brentford,2020s
252345,4500000,Ken Sema,Premier League,2021,Watford,2020s
270171,3500000,Vitaly Janelt,Premier League,2021,Brentford,2020s
295331,1800000,Isaac Success,Serie A,2021,Udinese,2020s
355861,12000000,Arnaut Danjuma,La Liga,2021,Villarreal,2020s
371436,500000,Francisco Sierralta,Premier League,2021,Watford,2020s
406638,8000000,Oliver Skipp,Premier League,2021,Tottenham,2020s
413039,12000000,Bryan Mbeumo,Premier League,2021,Brentford,2020s
442248,5000000,Ethan Pinnock,Premier League,2021,Brentford,2020s
469050,2000000,Nathan Collins,Premier League,2021,Burnley,2020s
475188,2000000,Kiernan Dewsbury-Hall,Premier League,2021,Leicester City,2020s
503733,5000000,Anthony Gordon,Premier League,2021,Everton,2020s
533916,1000000,Shandon Baptiste,Premier League,2021,Brentford,2020s
565822,15000000,Harvey Elliott,Premier League,2021,Liverpool,2020s
876440,10000000,João Pedro,Premier League,2021,Watford,2020s
661053,3000000,Jarrad Branthwaite,Premier League,2021,Everton,2020s
221151,1000000,Jodel Dossou,Ligue 1,2021,Clermont Foot,2020s
306191,800000,Jason Berthomier,Ligue 1,2021,Clermont Foot,2020s
327863,1200000,Akim Zedadka,Ligue 1,2021,Clermont Foot,2020s
454238,850000,Tomás Alarcón,La Liga,2021,Cdiz,2020s
477109,1800000,Bryan Lasme,Bundesliga,2021,Arminia,2020s
532776,5000000,Amine Adli,Bundesliga,2021,Leverkusen,2020s
538974,3000000,Janis Antiste,Serie A,2021,Spezia,2020s
646733,1500000,Jim Allevinah,Ligue 1,2021,Clermont Foot,2020s
739769,1000000,Ilan Kebbal,Ligue 1,2021,Reims,2020s
798404,400000,Alidu Seidu,Ligue 1,2021,Clermont Foot,2020s
14221,1100000,Aaron Lennon,Premier League,2021,Burnley,2020s
39152,2500000,Radamel Falcao,La Liga,2021,Rayo Vallecano,2020s
54984,2500000,Diego Perotti,Serie A,2021,Salernitana,2020s
186862,1800000,Enzo Roco,La Liga,2021,Elche,2020s
199953,6500000,Caleb Ekuban,Serie A,2021,Genoa,2020s
391192,800000,Jean-Claude Billong,Ligue 1,2021,Clermont Foot,2020s
392810,1500000,Casimir Ninga,Ligue 1,2021,Angers,2020s
293281,6400000,Jacob Bruun Larsen,Bundesliga,2021,Hoffenheim,2020s
381967,12000000,Albert Sambi Lokonga,La Liga,2021,Arsenal,2020s
503881,6800000,Aster Vranckx,Bundesliga,2021,Wolfsburg,2020s
649452,3500000,Issa Kaboré,Bundesliga,2021,Troyes,2020s
3333,3000000,James Milner,Premier League,2021,Liverpool,2020s
389324,2500000,Fernandinho,Premier League,2021,Manchester City,2020s
294817,3500000,Thiago Silva,Premier League,2021,Chelsea,2020s
39381,20000000,Gareth Bale,La Liga,2021,Real Madrid,2020s
40613,6000000,Jack Cork,Premier League,2021,Burnley,2020s
41416,3000000,James McArthur,Premier League,2021,Crystal Palace,2020s
42412,7000000,Jonny Evans,Premier League,2021,Leicester City,2020s
43530,6000000,Adam Lallana,Premier League,2021,Brighton,2020s
46001,13000000,Moussa Sissoko,Ligue 1,2021,Watford,2020s
48002,3000000,Angelo Ogbonna,Premier League,2021,West Ham,2020s
48280,7000000,Edinson Cavani,La Liga,2021,Manchester Utd,2020s
49499,35000000,Georginio Wijnaldum,Serie A,2021,Paris S-G,2020s
50174,4000000,Danny Rose,Premier League,2021,Watford,2020s
50201,9000000,Christian Benteke,Premier League,2021,Crystal Palace,2020s
57500,17000000,César Azpilicueta,La Liga,2021,Chelsea,2020s
58864,35000000,Pierre-Emerick Aubameyang,Ligue 1,2021,Arsenal,2020s
60444,35000000,Thiago Alcántara,Premier League,2021,Liverpool,2020s
61592,3000000,James Tomkins,Premier League,2021,Crystal Palace,2020s
63200,5000000,Ashley Barnes,Premier League,2021,Burnley,2020s
66100,7000000,Oriol Romeu,La Liga,2021,Southampton,2020s
67063,5000000,Danny Welbeck,Premier League,2021,Brighton,2020s
67420,5000000,Luke Ayling,Premier League,2021,Leeds United,2020s
68390,7000000,Séamus Coleman,Premier League,2021,Everton,2020s
74810,7000000,Ben Mee,Premier League,2021,Burnley,2020s
75067,7000000,Liam Cooper,Premier League,2021,Leeds United,2020s
77100,25000000,Lucas Moura,Premier League,2021,Tottenham,2020s
82442,5000000,Olivier Giroud,Serie A,2021,Milan,2020s
82873,7000000,Pascal Groß,Bundesliga,2021,Brighton,2020s
85177,4000000,Nathaniel Clyne,Premier League,2021,Crystal Palace,2020s
86202,25000000,Antonio Rüdiger,La Liga,2021,Chelsea,2020s
86792,14000000,Xherdan Shaqiri,Ligue 1,2021,Lyon,2020s
88755,100000000,Kevin De Bruyne,Premier League,2021,Manchester City,2020s
91059,10000000,Joshua King,Ligue 1,2021,Watford,2020s
91317,5000000,Ashley Westwood,Premier League,2021,Burnley,2020s
92572,2800000,Joel Ward,Premier League,2021,Crystal Palace,2020s
93720,35000000,Alexandre Lacazette,Ligue 1,2021,Arsenal,2020s
95424,35000000,Kyle Walker,Serie A,2021,Manchester City,2020s
98240,4000000,Ciaran Clark,Premier League,2021,Newcastle Utd,2020s
512356,45000000,Jorginho,Premier League,2021,Chelsea,2020s
108354,8000000,Jordan Ayew,Premier League,2021,Crystal Palace,2020s
108725,8000000,Chris Wood,Premier League,2021,Burnley,2020s
111051,8000000,Nampalys Mendy,Ligue 1,2021,Leicester City,2020s
111195,5000000,Joël Veltman,Premier League,2021,Brighton,2020s
111455,22000000,Granit Xhaka,Bundesliga,2021,Arsenal,2020s
112988,6000000,Cédric Soares,Premier League,2021,Arsenal,2020s
121257,2500000,Adam Forshaw,Premier League,2021,Leeds United,2020s
121477,5000000,Craig Dawson,Premier League,2021,West Ham,2020s
122153,60000000,Paul Pogba,Serie A,2021,Manchester Utd,2020s
450826,25000000,Callum Wilson,Premier League,2021,Newcastle Utd,2020s
126664,35000000,Lucas Digne,Premier League,2021,Aston Villa,2020s
127032,20000000,Serge Aurier,Premier League,2021,Villarreal,2020s
127187,25000000,Abdoulaye Doucouré,Premier League,2021,Everton,2020s
128901,22000000,Conor Coady,Premier League,2021,Wolves,2020s
129078,18000000,Nathan Redmond,Premier League,2021,Southampton,2020s
130765,6500000,Stuart Armstrong,Premier League,2021,Southampton,2020s
131978,20000000,Ross Barkley,Premier League,2021,Chelsea,2020s
132098,120000000,Harry Kane,Bundesliga,2021,Tottenham,2020s
134294,22000000,Danny Ings,Premier League,2021,Aston Villa,2020s
134425,100000000,Raheem Sterling,Premier League,2021,Manchester City,2020s
135343,12000000,Fabian Schär,Premier League,2021,Newcastle Utd,2020s
139208,70000000,Virgil van Dijk,Premier League,2021,Liverpool,2020s
141660,15000000,Jesse Lingard,Premier League,2021,Manchester Utd,2020s
142310,14000000,Willy Boly,Premier League,2021,Wolves,2020s
144028,15000000,Leandro Trossard,Premier League,2021,Brighton,2020s
146795,12000000,Ryan Fraser,Premier League,2021,Newcastle Utd,2020s
148153,25000000,Lewis Dunk,Premier League,2021,Brighton,2020s
148262,9000000,Jeff Hendrick,Premier League,2021,Newcastle Utd,2020s
148368,16000000,Divock Origi,Premier League,2021,Liverpool,2020s
148455,110000000,Mohamed Salah,Premier League,2021,Liverpool,2020s
157509,32000000,Kurt Zouma,Premier League,2021,West Ham,2020s
157672,10000000,Vladimír Coufal,Premier League,2021,West Ham,2020s
158764,3000000,Stuart Dallas,Premier League,2021,Leeds United,2020s
160438,10000000,Mohamed Elneny,Premier League,2021,Arsenal,2020s
162029,3000000,Javier Manquillo,La Liga,2021,Newcastle Utd,2020s
165793,12000000,Takumi Minamino,Ligue 1,2021,Liverpool,2020s
170527,65000000,Timo Werner,Premier League,2021,Chelsea,2020s
173504,25000000,James Tarkowski,Premier League,2021,Burnley,2020s
175722,25000000,Eric Dier,Bundesliga,2021,Tottenham,2020s
176553,50000000,Aymeric Laporte,Premier League,2021,Manchester City,2020s
177065,2000000,Florin Andone,Premier League,2021,Cdiz,2020s
177476,35000000,Nathan Aké,Premier League,2021,Manchester City,2020s
177907,40000000,Harry Maguire,Premier League,2021,Manchester Utd,2020s
181579,28000000,James Ward-Prowse,Premier League,2021,Southampton,2020s
182712,50000000,João Cancelo,La Liga,2021,Manchester City,2020s
183288,25000000,Luke Shaw,Premier League,2021,Manchester Utd,2020s
183318,13000000,Jamaal Lascelles,Premier League,2021,Newcastle Utd,2020s
183334,18000000,Patrick Bamford,Premier League,2021,Leeds United,2020s
184528,4000000,Emil Krafth,Premier League,2021,Newcastle Utd,2020s
184573,24000000,Victor Lindelöf,Premier League,2021,Manchester Utd,2020s
186590,30000000,John Stones,Premier League,2021,Manchester City,2020s
191217,25000000,Héctor Bellerín,La Liga,2021,Betis,2020s
257097,16000000,Ben Davies,Premier League,2021,Tottenham,2020s
193116,28000000,John McGinn,Premier League,2021,Aston Villa,2020s
197838,10000000,Jamie Vardy,Premier League,2021,Leicester City,2020s
199527,3500000,Jacob Murphy,Premier League,2021,Newcastle Utd,2020s
200512,100000000,Sadio Mané,Bundesliga,2021,Liverpool,2020s
202886,20000000,Ruben Loftus-Cheek,Serie A,2021,Chelsea,2020s
203460,60000000,Jack Grealish,Premier League,2021,Manchester City,2020s
203853,20000000,Oleksandr Zinchenko,Premier League,2021,Manchester City,2020s
364405,35000000,Adama Traoré,Premier League,2021,Wolves,2020s
206225,10000000,Isaac Hayden,Premier League,2021,Newcastle Utd,2020s
209212,9000000,Solly March,Premier League,2021,Brighton,2020s
212847,15000000,Adam Webster,Premier League,2021,Brighton,2020s
217115,20000000,Neal Maupay,Ligue 1,2021,Brighton,2020s
670710,20000000,André Gomes,Ligue 1,2021,Everton,2020s
225083,55000000,N'Golo Kanté,Premier League,2021,Chelsea,2020s
225161,50000000,Rúben Neves,Premier League,2021,Wolves,2020s
697714,60000000,Fabinho,Premier League,2021,Liverpool,2020s
230784,45000000,Thomas Partey,Premier League,2021,Arsenal,2020s
231572,32000000,Nélson Semedo,Premier League,2021,Wolves,2020s
233124,4500000,Kortney Hause,Premier League,2021,Aston Villa,2020s
234803,70000000,Andrew Robertson,Premier League,2021,Liverpool,2020s
236490,7000000,Ola Aina,Premier League,2021,Torino,2020s
240306,90000000,Bruno Fernandes,Premier League,2021,Manchester Utd,2020s
241641,70000000,Bernardo Silva,Premier League,2021,Manchester City,2020s
242631,22000000,Alex Iwobi,Premier League,2021,Everton,2020s
243028,25000000,Jan Bednarek,Premier League,2021,Southampton,2020s
710131,20000000,Diego Llorente,La Liga,2021,Leeds United,2020s
246968,18000000,Ayoze Pérez,La Liga,2021,Leicester City,2020s
249126,22000000,Harry Winks,Premier League,2021,Tottenham,2020s
249565,55000000,Youri Tielemans,Premier League,2021,Leicester City,2020s
253677,27000000,Tyrone Mings,Premier League,2021,Aston Villa,2020s
255755,28000000,Alex Telles,La Liga,2021,Manchester Utd,2020s
258004,70000000,Rúben Dias,Premier League,2021,Manchester City,2020s
260827,15000000,Joachim Andersen,Premier League,2021,Crystal Palace,2020s
262226,24000000,Timothy Castagne,Premier League,2021,Leicester City,2020s
274839,50000000,Wilfred Ndidi,Premier League,2021,Leicester City,2020s
282429,25000000,Sergio Reguilón,Premier League,2021,Tottenham,2020s
288255,35000000,Donny van de Beek,La Liga,2021,Manchester Utd,2020s
290532,22000000,Saïd Benrahma,Premier League,2021,West Ham,2020s
293569,7000000,Josh Brownhill,Premier League,2021,Burnley,2020s
294057,60000000,James Maddison,Premier League,2021,Leicester City,2020s
295330,15000000,Kelechi Iheanacho,Premier League,2021,Leicester City,2020s
296986,5000000,Tyler Roberts,Premier League,2021,Leeds United,2020s
300716,30000000,Kieran Tierney,Premier League,2021,Arsenal,2020s
302215,38000000,Naby Keïta,Bundesliga,2021,Liverpool,2020s
306024,45000000,Dominic Calvert-Lewin,Premier League,2021,Everton,2020s
309400,70000000,Kai Havertz,Premier League,2021,Chelsea,2020s
854853,16000000,Tom Davies,Premier League,2021,Everton,2020s
314353,100000000,Trent Alexander-Arnold,Premier League,2021,Liverpool,2020s
314875,30000000,Jarrod Bowen,Premier League,2021,West Ham,2020s
315779,50000000,Christian Pulisic,Serie A,2021,Chelsea,2020s
315969,30000000,Scott McTominay,Serie A,2021,Manchester Utd,2020s
316125,50000000,Ben Chilwell,Premier League,2021,Chelsea,2020s
324358,32000000,Ollie Watkins,Premier League,2021,Aston Villa,2020s
331726,40000000,Tammy Abraham,Serie A,2021,Roma,2020s
333241,17000000,Joelinton,Premier League,2021,Newcastle Utd,2020s
335721,25000000,Ben White,Premier League,2021,Arsenal,2020s
340322,1500000,Nathan Tella,Bundesliga,2021,Southampton,2020s
340324,18000000,Eddie Nketiah,Premier League,2021,Arsenal,2020s
340329,16000000,Joe Willock,Premier League,2021,Newcastle Utd,2020s
340950,40000000,Diogo Jota,Premier League,2021,Liverpool,2020s
341051,18000000,Kyle Walker-Peters,Premier League,2021,Southampton,2020s
343052,38000000,Nicolas Pépé,La Liga,2021,Arsenal,2020s
343475,25000000,Ben Godfrey,Premier League,2021,Everton,2020s
346478,8000000,Japhet Tanganga,Premier League,2021,Tottenham,2020s
346707,15000000,Sean Longstaff,Premier League,2021,Newcastle Utd,2020s
351749,27000000,Kalvin Phillips,Premier League,2021,Leeds United,2020s
357662,60000000,Declan Rice,Premier League,2021,West Ham,2020s
357885,18000000,Pablo Fornals,La Liga,2021,West Ham,2020s
361260,25000000,Ozan Kabak,Bundesliga,2021,Norwich City,2020s
363205,60000000,Gabriel Jesus,Premier League,2021,Manchester City,2020s
392765,13000000,Emile Smith Rowe,Premier League,2021,Arsenal,2020s
392768,35000000,Callum Hudson-Odoi,Premier League,2021,Chelsea,2020s
392771,12000000,Ethan Ampadu,Serie A,2021,Venezia,2020s
398065,35000000,Harvey Barnes,Premier League,2021,Leicester City,2020s
406040,13000000,Ademola Lookman,Serie A,2021,Leicester City,2020s
406635,70000000,Phil Foden,Premier League,2021,Manchester City,2020s
410425,17000000,Yves Bissouma,Premier League,2021,Brighton,2020s
410708,7000000,Pascal Struijk,Premier League,2021,Leeds United,2020s
413220,17000000,James Justin,Premier League,2021,Leicester City,2020s
413403,18000000,Ezri Konsa,Premier League,2021,Aston Villa,2020s
417346,15000000,Jack Harrison,Premier League,2021,Leeds United,2020s
420002,15000000,Jean-Philippe Mateta,Premier League,2021,Crystal Palace,2020s
423744,7000000,Billy Gilmour,Serie A,2021,Norwich City,2020s
433177,60000000,Bukayo Saka,Premier League,2021,Arsenal,2020s
433188,30000000,Curtis Jones,Premier League,2021,Liverpool,2020s
435338,25000000,Gabriel Magalhães,Premier League,2021,Arsenal,2020s
447661,35000000,Douglas Luiz,Serie A,2021,Aston Villa,2020s
466794,20000000,Eric García,La Liga,2021,Barcelona,2020s
468002,3000000,Ben Johnson,Premier League,2021,West Ham,2020s
475411,30000000,Wesley Fofana,Premier League,2021,Leicester City,2020s
476237,7000000,Steven Alzate,Premier League,2021,Brighton,2020s
477758,40000000,Aaron Wan-Bissaka,Premier League,2021,Manchester Utd,2020s
479999,20000000,Eberechi Eze,Premier League,2021,Crystal Palace,2020s
487465,35000000,Pedro Neto,Premier League,2021,Wolves,2020s
488362,12000000,Conor Gallagher,La Liga,2021,Crystal Palace,2020s
503749,3500000,Jacob Ramsey,Premier League,2021,Aston Villa,2020s
503980,1300000,Joe Gelhardt,Premier League,2021,Leeds United,2020s
504148,18000000,Tariq Lamptey,Premier League,2021,Brighton,2020s
505653,25000000,Fábio Silva,La Liga,2021,Wolves,2020s
507700,10000000,Brandon Williams,Premier League,2021,Norwich City,2020s
534033,10000000,Alexis Mac Allister,Premier League,2021,Brighton,2020s
534700,2500000,Jamie Shackleton,Premier League,2021,Leeds United,2020s
563963,10000000,Mohammed Salisu,Ligue 1,2021,Southampton,2020s
568177,500000,Cole Palmer,Premier League,2021,Manchester City,2020s
584769,22000000,Dwight McNeil,Premier League,2021,Burnley,2020s
655488,22000000,Gabriel Martinelli,Premier League,2021,Arsenal,2020s
687626,5000000,Moisés Caicedo,Premier League,2021,Brighton,2020s
265078,10000000,Patrick Cutrone,Serie A,2021,Empoli,2020s
282694,4000000,Augusto Solari,La Liga,2021,Celta Vigo,2020s
634431,100000,Beñat Turrientes,La Liga,2021,Real Sociedad,2020s
14086,1000000,Ashley Young,Premier League,2021,Aston Villa,2020s
37666,6000000,Arturo Vidal,Serie A,2021,Inter,2020s
53536,3000000,Tolgay Arslan,Serie A,2021,Udinese,2020s
55215,2000000,Javier Pastore,La Liga,2021,Elche,2020s
61253,2500000,José Callejón,La Liga,2021,Fiorentina,2020s
73926,7000000,Davide Faraoni,Serie A,2021,Hellas Verona,2020s
87884,10000000,Mário Rui,Serie A,2021,Napoli,2020s
93128,50000000,Kalidou Koulibaly,Premier League,2021,Napoli,2020s
103427,15000000,Chris Smalling,Serie A,2021,Roma,2020s
111347,2000000,Lorenzo Tonelli,Serie A,2021,Empoli,2020s
113133,10000000,Germán Pezzella,La Liga,2021,Betis,2020s
119228,26000000,Luis Muriel,Serie A,2021,Atalanta,2020s
126729,6500000,Patric,Serie A,2021,Lazio,2020s
163222,6000000,Grégoire Defrel,Serie A,2021,Sassuolo,2020s
164771,35000000,Jordan Veretout,Ligue 1,2021,Roma,2020s
165513,22000000,Berat Djimsiti,Serie A,2021,Atalanta,2020s
173859,8000000,Davide Zappacosta,Serie A,2021,Atalanta,2020s
181136,46000000,Piotr Zieliński,Serie A,2021,Napoli,2020s
182889,6000000,Wylan Cyprien,Ligue 1,2021,Nantes,2020s
192735,11000000,Stanislav Lobotka,Serie A,2021,Napoli,2020s
197747,30000000,Alessio Romagnoli,Serie A,2021,Milan,2020s
198116,10000000,Federico Dimarco,Serie A,2021,Inter,2020s
206050,60000000,Paulo Dybala,Serie A,2021,Juventus,2020s
215616,10000000,Erick Pulgar,Serie A,2021,Fiorentina,2020s
241076,2500000,Emmanuel Gyasi,Serie A,2021,Spezia,2020s
241527,4500000,Federico Bonazzoli,Serie A,2021,Salernitana,2020s
255942,60000000,Nicolò Barella,Serie A,2021,Inter,2020s
256448,30000000,Gianluca Mancini,Serie A,2021,Roma,2020s
257751,3000000,Simone Bastoni,Serie A,2021,Spezia,2020s
262523,25000000,Davide Calabria,Serie A,2021,Milan,2020s
264116,3500000,Gastón Pereiro,Serie A,2021,Cagliari,2020s
278531,2700000,Sebastiano Luperto,Serie A,2021,Empoli,2020s
294808,50000000,Franck Kessié,La Liga,2021,Milan,2020s
295183,12000000,Răzvan Marin,Serie A,2021,Cagliari,2020s
303116,22000000,Gaetano Castrovilli,Serie A,2021,Fiorentina,2020s
303254,20000000,Fikayo Tomori,Serie A,2021,Milan,2020s
315853,55000000,Alessandro Bastoni,Serie A,2021,Inter,2020s
316889,45000000,Hirving Lozano,Serie A,2021,Napoli,2020s
341092,60000000,Federico Chiesa,Premier League,2021,Juventus,2020s
346567,10000000,Luca Pellegrini,Serie A,2021,Juventus,2020s
353796,4500000,Giulio Maggiore,Serie A,2021,Spezia,2020s
355915,25000000,Cristian Romero,Premier League,2021,Tottenham,2020s
357147,10000000,Diogo Dalot,Premier League,2021,Manchester Utd,2020s
357498,25000000,Dušan Vlahović,Serie A,2021,Fiorentina,2020s
358166,7000000,Eldor Shomurodov,Serie A,2021,Roma,2020s
386446,1300000,Alessandro Buongiorno,Serie A,2021,Torino,2020s
398163,15000000,Gonzalo Villar,La Liga,2021,Getafe,2020s
424042,5000000,Nahuel Molina,La Liga,2021,Udinese,2020s
573907,20000000,Luiz Felipe,Ligue 1,2021,Lazio,2020s
470794,5000000,Ivan Ilić,Serie A,2021,Hellas Verona,2020s
585949,7000000,Pierre Kalulu,Serie A,2021,Milan,2020s
589737,700000,Kelvin Yeboah,Ligue 1,2021,Genoa,2020s
292417,8000000,Demarai Gray,Premier League,2021,Everton,2020s
37647,7000000,Dimitri Payet,Ligue 1,2021,Marseille,2020s
50512,2000000,Anthony Modeste,Bundesliga,2021,Kln,2020s
57370,3000000,Damien Da Silva,Ligue 1,2021,Lyon,2020s
60540,3000000,Valère Germain,Ligue 1,2021,Montpellier,2020s
61891,2000000,Fábio,Ligue 1,2021,Nantes,2020s
68290,110000000,Neymar,Ligue 1,2021,Paris S-G,2020s
78917,800000,Julien Faussurier,Ligue 1,2021,Brest,2020s
102744,2000000,Sébastien Corchia,Ligue 1,2021,Nantes,2020s
138055,2500000,Haris Belkebla,Ligue 1,2021,Brest,2020s
326300,22000000,Jeff Reine-Adélaïde,Ligue 1,2021,Lyon,2020s
332889,15000000,Valentin Rongier,Ligue 1,2021,Marseille,2020s
342229,160000000,Kylian Mbappé,La Liga,2021,Paris S-G,2020s
346314,3000000,Trevoh Chalobah,Premier League,2021,Chelsea,2020s
370846,12000000,Timothy Weah,Serie A,2021,Lille,2020s
386552,2000000,Lassana Coulibaly,Serie A,2021,Salernitana,2020s
394327,37000000,Boubacar Kamara,Premier League,2021,Marseille,2020s
395236,9000000,Yacine Adli,Serie A,2021,Bordeaux,2020s
413112,25000000,Aurélien Tchouaméni,La Liga,2021,Monaco,2020s
463603,28000000,Benoît Badiashile,Premier League,2021,Monaco,2020s
463618,9000000,Khéphren Thuram,Serie A,2021,Nice,2020s
474800,10000000,Facundo Medina,Ligue 1,2021,Lens,2020s
538874,8000000,Terem Moffi,Ligue 1,2021,Lorient,2020s
540664,500000,Dilane Bakwa,Ligue 1,2021,Bordeaux,2020s
543387,5000000,Cheick Doucouré,Premier League,2021,Lens,2020s
569598,16000000,Youssouf Fofana,Serie A,2021,Monaco,2020s
406806,1500000,Emil Bohinen,Serie A,2021,Salernitana,2020s
500689,1500000,Evann Guessand,Ligue 1,2021,Nice,2020s
544149,6000000,David Zima,Serie A,2021,Torino,2020s
532937,6000000,Johan Vásquez,Serie A,2021,Genoa,2020s
72441,15000000,Rafael Tolói,Serie A,2021,Atalanta,2020s
124555,9000000,Cristiano Biraghi,Serie A,2021,Fiorentina,2020s
126414,35000000,Hakan Çalhanoğlu,Serie A,2021,Inter,2020s
131075,10000000,Francesco Acerbi,Serie A,2021,Lazio,2020s
133964,48000000,Lorenzo Insigne,Serie A,2021,Napoli,2020s
168989,4000000,Silvan Widmer,Bundesliga,2021,Mainz 05,2020s
169880,24000000,Giovanni Di Lorenzo,Serie A,2021,Napoli,2020s
177843,35000000,Domenico Berardi,Serie A,2021,Sassuolo,2020s
197300,15000000,Federico Bernardeschi,Serie A,2021,Juventus,2020s
199248,18000000,Bryan Cristante,Serie A,2021,Roma,2020s
251075,20000000,Zeki Çelik,Serie A,2021,Lille,2020s
286297,40000000,Lorenzo Pellegrini,Serie A,2021,Roma,2020s
405885,15000000,Giacomo Raspadori,Serie A,2021,Sassuolo,2020s
69633,40000000,Christian Eriksen,Premier League,2021,Brentford,2020s
96341,100000000,Romelu Lukaku,Serie A,2021,Chelsea,2020s
391004,5000000,Jonas Wind,Bundesliga,2021,Wolfsburg,2020s
432982,6500000,Andreas Skov Olsen,Bundesliga,2021,Bologna,2020s
12563,500000,Goran Pandev,Serie A,2021,Genoa,2020s
54581,1300000,Ilija Nestorovski,Serie A,2021,Udinese,2020s
111196,50000000,Stefan de Vrij,Serie A,2021,Inter,2020s
147485,2000000,Louis Schaub,Bundesliga,2021,Kln,2020s
207877,30000000,Ruslan Malinovskyi,Serie A,2021,Atalanta,2020s
187587,32000000,Ante Rebić,Serie A,2021,Milan,2020s
293200,30000000,Nikola Vlašić,Serie A,2021,West Ham,2020s
49275,3000000,Albin Ekdal,Serie A,2021,Sampdoria,2020s
74943,3000000,Juraj Kucka,Premier League,2021,Watford,2020s
191891,22000000,Arkadiusz Milik,Serie A,2021,Marseille,2020s
225873,6000000,Karol Linetty,Serie A,2021,Torino,2020s
431755,40000000,Dejan Kulusevski,Premier League,2021,Tottenham,2020s
468066,5000000,Jens Cajuste,Premier League,2021,Reims,2020s
82009,30000000,Kevin Volland,Bundesliga,2021,Monaco,2020s
141050,20000000,Danilo Pereira,Ligue 1,2021,Paris S-G,2020s
146854,35000000,Wissam Ben Yedder,Ligue 1,2021,Monaco,2020s
182913,30000000,Adrien Rabiot,Ligue 1,2021,Juventus,2020s
451276,25000000,Dominik Szoboszlai,Premier League,2021,RB Leipzig,2020s
454863,700000,András Schäfer,Bundesliga,2021,Union Berlin,2020s
50617,800000,Stefan Strandberg,Serie A,2021,Salernitana,2020s
80197,6000000,Salomón Rondón,Premier League,2021,Everton,2020s
180337,25000000,Sardar Azmoun,Serie A,2021,Leverkusen,2020s
287188,3000000,Dejan Ljubicic,Bundesliga,2021,Kln,2020s
365172,22000000,Patson Daka,Premier League,2021,Leicester City,2020s
490307,13000000,Enock Mwepu,Premier League,2021,Brighton,2020s
533295,1500000,Patrick Wimmer,Bundesliga,2021,Arminia,2020s
3455,4000000,Zlatan Ibrahimović,Serie A,2021,Milan,2020s
22068,3000000,Franck Ribéry,Serie A,2021,Salernitana,2020s
22328,1000000,Fabio Quagliarella,Serie A,2021,Sampdoria,2020s
25488,2500000,Antonio Candreva,Serie A,2021,Sampdoria,2020s
33571,1500000,Lorenzo De Silvestri,Serie A,2021,Bologna,2020s
40433,7500000,Alexis Sánchez,Serie A,2021,Inter,2020s
44948,900000,Fernando Forestieri,Serie A,2021,Udinese,2020s
45314,800000,Federico Fazio,Serie A,2021,Salernitana,2020s
55735,15000000,Henrikh Mkhitaryan,Serie A,2021,Roma,2020s
55769,5000000,Danilo D'Ambrosio,Serie A,2021,Inter,2020s
55854,2000000,Cristian Ansaldi,Serie A,2021,Torino,2020s
57280,4000000,Giacomo Bonaventura,Serie A,2021,Fiorentina,2020s
64793,4000000,Leonardo Pavoletti,Serie A,2021,Cagliari,2020s
70411,5000000,Darko Lazović,Serie A,2021,Hellas Verona,2020s
73794,33000000,Duván Zapata,Serie A,2021,Atalanta,2020s
79960,20000000,Alex Sandro,Serie A,2021,Juventus,2020s
82048,3800000,Nicola Sansone,Serie A,2021,Bologna,2020s
82070,16000000,Diego Demme,Serie A,2021,Napoli,2020s
91970,16000000,Juan Cuadrado,Serie A,2021,Juventus,2020s
94529,7000000,Stephan El Shaarawy,Serie A,2021,Roma,2020s
96806,500000,Jacopo Sala,Serie A,2021,Spezia,2020s
96828,3000000,Simone Zaza,Serie A,2021,Torino,2020s
99180,1500000,Federico Santander,Serie A,2021,Bologna,2020s
102745,2000000,Luca Ceppitelli,Serie A,2021,Cagliari,2020s
121985,2000000,Juan Jesus,Serie A,2021,Napoli,2020s
125020,10000000,José Luis Palomino,Serie A,2021,Atalanta,2020s
128220,45000000,Luis Alberto,Serie A,2021,Lazio,2020s
129476,10000000,Gerard Deulofeu,Serie A,2021,Udinese,2020s
129674,5000000,Jeremy Toljan,Serie A,2021,Sassuolo,2020s
146752,6000000,Gianluca Caprari,Serie A,2021,Hellas Verona,2020s
162961,3500000,Valerio Verre,Serie A,2021,Sampdoria,2020s
171399,3500000,Nicola Murru,Serie A,2021,Sampdoria,2020s
181768,6500000,Hernani,Serie A,2021,Genoa,2020s
183031,1800000,Koffi Djidji,Serie A,2021,Torino,2020s
184894,10000000,Alfred Duncan,Serie A,2021,Fiorentina,2020s
197473,4500000,Alberto Grassi,Serie A,2021,Cagliari,2020s
197491,1800000,Alex Ferrari,Serie A,2021,Sampdoria,2020s
199258,15000000,Andrea Petagna,Serie A,2021,Napoli,2020s
199733,2500000,Danilo Cataldi,Serie A,2021,Lazio,2020s
200056,13000000,Elseid Hysaj,Serie A,2021,Lazio,2020s
226524,7000000,Morten Thorsby,Serie A,2021,Sampdoria,2020s
227081,30000000,Joaquín Correa,Serie A,2021,Inter,2020s
235931,1000000,Alessandro Deiola,Serie A,2021,Cagliari,2020s
238752,8000000,Keita Baldé,Serie A,2021,Cagliari,2020s
240219,3000000,Lorenzo Venuti,Serie A,2021,Fiorentina,2020s
245056,5000000,Saša Lukić,Premier League,2021,Torino,2020s
256361,1500000,Daniele Verde,Serie A,2021,Spezia,2020s
266302,70000000,Sergej Milinković-Savić,Serie A,2021,Lazio,2020s
268178,4000000,Arkadiusz Reca,Serie A,2021,Spezia,2020s
275303,18000000,Hans Hateboer,Ligue 1,2021,Atalanta,2020s
277167,12000000,Gian Marco Ferrari,Serie A,2021,Sassuolo,2020s
282810,8000000,Carles Pérez,La Liga,2021,Roma,2020s
283528,5000000,Ignacio Pussetto,Serie A,2021,Udinese,2020s
284595,4000000,Tommaso Augello,Serie A,2021,Sampdoria,2020s
308279,14000000,Rolando Mandragora,Serie A,2021,Torino,2020s
313477,3400000,Paolo Ghiglione,Serie A,2021,Genoa,2020s
314678,15000000,Brahim Díaz,La Liga,2021,Milan,2020s
315063,22000000,Nahitan Nández,Serie A,2021,Cagliari,2020s
315862,900000,Filippo Melegoni,Serie A,2021,Genoa,2020s
315865,12000000,Andrea Pinamonti,Serie A,2021,Empoli,2020s
315867,15000000,Gianluca Scamacca,Serie A,2021,Sassuolo,2020s
322305,3000000,Jean-Victor Makengo,Ligue 1,2021,Udinese,2020s
323954,5000000,Walace,Serie A,2021,Udinese,2020s
332697,25000000,Weston McKennie,Serie A,2021,Juventus,2020s
336125,5000000,Mërgim Vojvoda,Serie A,2021,Torino,2020s
336960,6000000,Giuseppe Pezzella,Serie A,2021,Atalanta,2020s
339808,50000000,Theo Hernández,Serie A,2021,Milan,2020s
351816,38000000,Ismaël Bennacer,Ligue 1,2021,Milan,2020s
357164,25000000,Rafael Leão,Serie A,2021,Milan,2020s
373373,10000000,Lucas Martínez Quarta,Serie A,2021,Fiorentina,2020s
379807,5000000,Lyanco,Premier League,2021,Southampton,2020s
380350,5000000,Igor,Premier League,2021,Fiorentina,2020s
381950,18000000,Alexis Saelemaekers,Serie A,2021,Milan,2020s
392085,40000000,Nicolò Zaniolo,Serie A,2021,Roma,2020s
392538,6000000,Tommaso Pobega,Serie A,2021,Torino,2020s
392569,7000000,Gabriele Zappa,Serie A,2021,Cagliari,2020s
394346,6000000,Emanuel Vignato,Serie A,2021,Bologna,2020s
397033,27000000,Sandro Tonali,Premier League,2021,Milan,2020s
398073,60000000,Achraf Hakimi,Ligue 1,2021,Paris S-G,2020s
400485,8000000,Adam Ounas,Ligue 1,2021,Napoli,2020s
889683,6000000,Rogério,Bundesliga,2021,Sassuolo,2020s
406625,80000000,Lautaro Martínez,Serie A,2021,Inter,2020s
413507,25000000,Nikola Milenković,Premier League,2021,Fiorentina,2020s
422355,9500000,Jens Petter Hauge,Bundesliga,2021,Eint Frankfurt,2020s
435228,2500000,Ardian Ismajli,Serie A,2021,Empoli,2020s
449151,3500000,Junior Messias,Serie A,2021,Milan,2020s
481834,5000000,Andrea Carboni,Serie A,2021,Cagliari,2020s
486624,20000000,Musa Barrow,Serie A,2021,Bologna,2020s
497291,10000000,Nicolás Domínguez,Premier League,2021,Bologna,2020s
525704,5000000,Nicolò Rovella,Serie A,2021,Genoa,2020s
539134,800000,Daniel Maldini,Serie A,2021,Milan,2020s
556385,1000000,Destiny Udogie,Premier League,2021,Udinese,2020s
587458,3500000,Kevin Agudelo,Serie A,2021,Spezia,2020s
591949,5000000,Aaron Hickey,Premier League,2021,Bologna,2020s
648779,7000000,Wilfried Singo,Ligue 1,2021,Torino,2020s
16136,1000000,Dante,Ligue 1,2021,Nice,2020s
18909,1100000,Jimmy Briand,Ligue 1,2021,Bordeaux,2020s
18934,1000000,Thomas Mangani,Ligue 1,2021,Angers,2020s
20463,1600000,Corentin Jean,Ligue 1,2021,Lens,2020s
57467,1800000,Romain Thomas,Ligue 1,2021,Angers,2020s
77826,2200000,Ryad Boudebouz,Ligue 1,2021,Saint-tienne,2020s
93726,1000000,Paul Lasne,Ligue 1,2021,Brest,2020s
98349,1500000,Romain Hamouma,Ligue 1,2021,Saint-tienne,2020s
99343,13000000,Ander Herrera,La Liga,2021,Paris S-G,2020s
120651,1200000,Vincent Le Goff,Ligue 1,2021,Lorient,2020s
126699,1500000,Vincent Pajot,Ligue 1,2021,Metz,2020s
126719,16000000,Juan Bernat,La Liga,2021,Paris S-G,2020s
127142,2500000,Jonas Martin,Ligue 1,2021,Rennes,2020s
127156,11000000,Téji Savanier,Ligue 1,2021,Montpellier,2020s
127182,2000000,Thomas Monconduit,Ligue 1,2021,Lorient,2020s
135492,6500000,Youssouf Sabaly,La Liga,2021,Betis,2020s
166237,20000000,Leandro Paredes,Serie A,2021,Paris S-G,2020s
170961,1800000,Thomas Delaine,Ligue 1,2021,Metz,2020s
178313,4000000,Jean-Eudes Aholou,Ligue 1,2021,Strasbourg,2020s
182875,2500000,Jean-Charles Castelletto,Ligue 1,2021,Nantes,2020s
182893,12000000,Seko Fofana,Ligue 1,2021,Lens,2020s
184922,2200000,Ambroise Oyongo,Ligue 1,2021,Montpellier,2020s
199704,2500000,Yunis Abdelhamid,Ligue 1,2021,Reims,2020s
214532,800000,Pierrick Capelle,Ligue 1,2021,Angers,2020s
215977,6000000,Adrien Thomasson,Ligue 1,2021,Strasbourg,2020s
222859,7000000,Florent Mollet,Ligue 1,2021,Montpellier,2020s
229005,25000000,Abdou Diallo,Bundesliga,2021,Paris S-G,2020s
243737,300000,Roli Pereira de Sa,Ligue 1,2021,Nantes,2020s
266359,15000000,Benjamin Bourigeaud,Ligue 1,2021,Rennes,2020s
270051,4000000,Andrei Girotto,Ligue 1,2021,Nantes,2020s
270411,1800000,Saîf-Eddine Khaoui,Ligue 1,2021,Clermont Foot,2020s
274862,7000000,Moses Simon,Ligue 1,2021,Nantes,2020s
290017,8000000,Hassane Kamara,Serie A,2021,Watford,2020s
297070,8000000,Hamari Traoré,La Liga,2021,Rennes,2020s
298975,9000000,Pol Lirola,Ligue 1,2021,Marseille,2020s
818495,7000000,Otávio,Ligue 1,2021,Bordeaux,2020s
314940,1000000,Dimitri Liénard,Ligue 1,2021,Strasbourg,2020s
316137,2000000,Moussa Doumbia,Ligue 1,2021,Reims,2020s
342209,2500000,Kévin N'Doram,Ligue 1,2021,Metz,2020s
344888,10000000,Habib Diallo,Ligue 1,2021,Strasbourg,2020s
361914,8000000,Nayef Aguerd,La Liga,2021,Rennes,2020s
372712,5500000,Ibrahima Sissoko,Bundesliga,2021,Strasbourg,2020s
388160,1250000,Fraser Hornby,Bundesliga,2021,Reims,2020s
395693,42000000,Houssem Aouar,Serie A,2021,Lyon,2020s
412671,2500000,Quentin Boisgard,Ligue 1,2021,Lorient,2020s
421637,6000000,Frank Onyeka,Bundesliga,2021,Brentford,2020s
422850,6000000,Ghislain Konan,Ligue 1,2021,Reims,2020s
424051,7000000,Samuel Kalu,Premier League,2021,Watford,2020s
428954,2500000,Stéphane Diarra,Ligue 1,2021,Lorient,2020s
442552,1200000,Houboulang Mendes,La Liga,2021,Lorient,2020s
463620,6000000,Willem Geubbels,Ligue 1,2021,Nantes,2020s
474662,700000,Hugo Magnetti,Ligue 1,2021,Brest,2020s
485965,3800000,Nicolas Cozza,Ligue 1,2021,Montpellier,2020s
490417,9000000,Ibrahima Niane,Ligue 1,2021,Metz,2020s
495666,18000000,William Saliba,Premier League,2021,Marseille,2020s
503871,3500000,Morten Frendrup,Serie A,2021,Genoa,2020s
513245,7000000,Jesper Lindstrøm,Premier League,2021,Eint Frankfurt,2020s
520624,30000000,Bruno Guimarães,Premier League,2021,Newcastle Utd,2020s
533738,35000000,Jonathan David,Ligue 1,2021,Lille,2020s
569385,10000000,Adil Aouchiche,Ligue 1,2021,Saint-tienne,2020s
578872,4500000,Jean Lucas,Ligue 1,2021,Monaco,2020s
610431,3000000,Wahid Faghir,Bundesliga,2021,Stuttgart,2020s
624037,7000000,Joris Chotard,Ligue 1,2021,Montpellier,2020s
649020,150000,Boubacar Traoré,Premier League,2021,Metz,2020s
649033,800000,Dion Lopy,La Liga,2021,Reims,2020s
691316,8000000,Luis Henrique,Ligue 1,2021,Marseille,2020s
737781,1200000,Jérémy Le Douaron,Ligue 1,2021,Brest,2020s
746695,9000000,Kamaldeen Sulemana,Premier League,2021,Rennes,2020s
583189,800000,Anthony Elanga,Premier League,2021,Manchester Utd,2020s
659459,1000000,Carney Chukwuemeka,Bundesliga,2021,Aston Villa,2020s
333383,600000,Bonke Innocent,Ligue 1,2021,Lorient,2020s
504153,2000000,Joe Scally,Bundesliga,2021,Gladbach,2020s
668276,400000,Hugo Novoa,La Liga,2021,RB Leipzig,2020s
20005,9000000,Papu Gómez,La Liga,2021,Sevilla,2020s
56067,1200000,Pablo Piatti,La Liga,2021,Elche,2020s
163086,2200000,Cristiano Piccini,La Liga,2021,Valencia,2020s
183841,850000,Petar Stojanović,Serie A,2021,Empoli,2020s
262939,2000000,Johan Mojica,La Liga,2021,Elche,2020s
387106,13000000,Lovro Majer,Bundesliga,2021,Rennes,2020s
155423,900000,Varazdat Haroyan,La Liga,2021,Cdiz,2020s
245744,3000000,Takuma Asano,La Liga,2021,Bochum,2020s
237666,3500000,Silvan Hefti,Ligue 1,2021,Genoa,2020s
422715,600000,Arial Mendy,Ligue 1,2021,Clermont Foot,2020s
460245,600000,Moritz Jenz,Bundesliga,2021,Lorient,2020s
495667,3000000,Lucas Da Cunha,Serie A,2021,Nice,2020s
496857,2000000,Edon Zhegrova,Ligue 1,2021,Lille,2020s
72121,700000,Johan Gastien,Ligue 1,2021,Clermont Foot,2020s
91473,700000,Florent Ogier,Ligue 1,2021,Clermont Foot,2020s
126683,1300000,Tristan Dingomé,Ligue 1,2021,Troyes,2020s
182916,1500000,Wesley Saïd,Ligue 1,2021,Lens,2020s
212804,1500000,Florian Tardieu,Ligue 1,2021,Troyes,2020s
277635,2000000,Rominigue Kouamé,La Liga,2021,Troyes,2020s
283127,800000,Oualid El Hajjam,Ligue 1,2021,Troyes,2020s
344072,3500000,Kelvin Amian,Ligue 1,2021,Spezia,2020s
351843,1500000,Yoann Salmier,Ligue 1,2021,Troyes,2020s
358515,900000,Jean-Philippe Krasso,Ligue 1,2021,Saint-tienne,2020s
506009,2000000,Amine Bassi,Ligue 1,2021,Metz,2020s
508941,1300000,Dylan Chambost,Ligue 1,2021,Troyes,2020s
572326,600000,Christopher Wooh,Ligue 1,2021,Lens,2020s
594997,1500000,Yohann Magnin,Ligue 1,2021,Clermont Foot,2020s
688707,400000,Salis Abdul Samed,Ligue 1,2021,Clermont Foot,2020s
425918,400000,Jakub Kiwior,Premier League,2021,Spezia,2020s
695454,250000,Chiquinho,La Liga,2021,Wolves,2020s
543771,200000,Kristjan Asllani,Serie A,2021,Empoli,2020s
550108,900000,Nicola Zalewski,Serie A,2021,Roma,2020s
562049,300000,Edoardo Bove,Serie A,2021,Roma,2020s
623040,400000,Yayah Kallon,Serie A,2021,Genoa,2020s
461906,800000,João Moutinho,Serie A,2021,Wolves,2020s
504209,6000000,Gianluca Busio,Serie A,2021,Venezia,2020s
670096,1000000,Tanner Tessmann,Ligue 1,2021,Venezia,2020s
607226,300000,Loum Tchaouna,Serie A,2021,Rennes,2020s
618472,400000,Castello Lukeba,Bundesliga,2021,Lyon,2020s
175014,1800000,Youcef Belaïli,Ligue 1,2021,Brest,2020s
127048,12000000,Cédric Bakambu,La Liga,2021,Marseille,2020s
646740,25000000,Gavi,La Liga,2021,Barcelona,2020s
571604,500000,Giorgio Scalvini,Serie A,2021,Atalanta,2020s
805908,300000,Bradley Locko,Ligue 1,2021,Reims,2020s
692734,700000,Linus Gechter,Bundesliga,2021,Hertha BSC,2020s
554251,1500000,Yasser Larouci,Premier League,2021,Troyes,2020s
823231,500000,Dango Ouattara,Premier League,2021,Lorient,2020s
406640,700000,Felix Nmecha,Bundesliga,2021,Wolfsburg,2020s
872380,5000000,Felix Afena-Gyan,Serie A,2021,Roma,2020s
577486,500000,Gastón Álvarez,La Liga,2022,Getafe,2020s
598765,3000000,Brian Ocampo,La Liga,2022,Cdiz,2020s
268429,1500000,Sandi Lovrić,Serie A,2022,Udinese,2020s
280387,1500000,Vincent Sierro,Ligue 1,2022,Toulouse,2020s
298583,1800000,Eray Cömert,La Liga,2022,Valencia,2020s
371554,450000,Kevin Spadanuda,Ligue 1,2022,Ajaccio,2020s
388382,1500000,Assan Ceesay,Serie A,2022,Lecce,2020s
418559,4000000,Erik Botheim,Serie A,2022,Salernitana,2020s
431811,2000000,Ola Solbakken,Serie A,2022,Roma,2020s
490223,1800000,Ibrahima Koné,La Liga,2022,Lorient,2020s
496857,2000000,Edon Zhegrova,Ligue 1,2022,Lille,2020s
627626,3000000,Wilfried Gnonto,Premier League,2022,Leeds United,2020s
324804,4200000,Yann Karamoh,Serie A,2022,Torino,2020s
343463,11000000,Cyle Larin,La Liga,2022,Valladolid,2020s
462348,5500000,Mostafa Mohamed,Ligue 1,2022,Nantes,2020s
674612,3500000,Youssouf Ndayishimiye,Ligue 1,2022,Nice,2020s
131225,16000000,Nicolás Tagliafico,Ligue 1,2022,Lyon,2020s
315762,900000,Luca de la Torre,La Liga,2022,Celta Vigo,2020s
340456,20000000,Noussair Mazraoui,Premier League,2022,Bayern Munich,2020s
358032,1400000,Cyril Ngonge,Serie A,2022,Hellas Verona,2020s
368887,4000000,Loïs Openda,Bundesliga,2022,Lens,2020s
387047,3000000,Danilho Doekhi,Bundesliga,2022,Union Berlin,2020s
393238,2000000,Zakaria Aboukhlal,Ligue 1,2022,Toulouse,2020s
418543,8000000,Perr Schuurs,Serie A,2022,Torino,2020s
429983,3000000,Jørgen Strand Larsen,Premier League,2022,Celta Vigo,2020s
434675,22000000,Cody Gakpo,Premier League,2022,Liverpool,2020s
436585,750000,Delano Burgzorg,Bundesliga,2022,Mainz 05,2020s
458777,700000,Giacomo Quagliata,Serie A,2022,Cremonese,2020s
478573,35000000,Ryan Gravenberch,Premier League,2022,Bayern Munich,2020s
480762,32000000,Lisandro Martínez,Premier League,2022,Manchester Utd,2020s
503987,18000000,Noni Madueke,Premier League,2022,Chelsea,2020s
512385,16000000,Luis Sinisterra,Premier League,2022,Leeds United,2020s
525287,12000000,Carlos Vinícius,Premier League,2022,Fulham,2020s
798687,35000000,Antony,La Liga,2022,Manchester Utd,2020s
66736,2500000,Lisandro Magallán,La Liga,2022,Elche,2020s
258039,3000000,Aurélio Buta,Ligue 1,2022,Eint Frankfurt,2020s
272855,20000000,Paul Onuachu,Premier League,2022,Southampton,2020s
337725,8000000,Christian Kouamé,Serie A,2022,Fiorentina,2020s
339314,5000000,Deniz Undav,Bundesliga,2022,Brighton,2020s
348791,7500000,Junya Ito,Ligue 1,2022,Reims,2020s
357072,5000000,Faitout Maouassa,La Liga,2022,Montpellier,2020s
370683,3000000,Andreas Hanche-Olsen,Bundesliga,2022,Mainz 05,2020s
377219,5000000,Selim Amallah,La Liga,2022,Valladolid,2020s
413565,12000000,Jhon Lucumí,Serie A,2022,Bologna,2020s
435648,8000000,Joshua Zirkzee,Premier League,2022,Bologna,2020s
435772,27000000,Charles De Ketelaere,Serie A,2022,Milan,2020s
469211,1000000,Liberato Cacace,Serie A,2022,Empoli,2020s
504849,2500000,Kaoru Mitoma,Premier League,2022,Brighton,2020s
564785,6000000,Kristian Thorstvedt,Serie A,2022,Sassuolo,2020s
615350,1700000,Cenk Özkacar,La Liga,2022,Valencia,2020s
683895,3000000,Emmanuel Agbadou,Premier League,2022,Reims,2020s
687626,4500000,Moisés Caicedo,Premier League,2022,Brighton,2020s
233782,3000000,Aïssa Laïdouni,Bundesliga,2022,Union Berlin,2020s
538964,1000000,Thijs Dallinga,Serie A,2022,Toulouse,2020s
405393,100000,Soichiro Kozuki,Bundesliga,2022,Schalke 04,2020s
648195,6500000,Enzo Fernández,Premier League,2022,Chelsea,2020s
831161,1500000,Lautaro Blanco,La Liga,2022,Elche,2020s
983989,50000,Facundo Buonanotte,Premier League,2022,Brighton,2020s
245078,5000000,Nemanja Radonjić,La Liga,2022,Torino,2020s
586853,24000000,Vitinha,Ligue 1,2022,Marseille,2020s
546543,40000000,Darwin Núñez,Premier League,2022,Liverpool,2020s
694928,7000000,Samuel Lino,La Liga,2022,Valencia,2020s
393323,20000000,Brenden Aaronson,Bundesliga,2022,Leeds United,2020s
32113,3000000,Armando Izzo,Serie A,2022,Monza,2020s
73794,30000000,Duván Zapata,Serie A,2022,Atalanta,2020s
111196,35000000,Stefan de Vrij,Serie A,2022,Inter,2020s
118689,20000000,Leonardo Spinazzola,Serie A,2022,Roma,2020s
131075,5000000,Francesco Acerbi,Serie A,2022,Inter,2020s
146752,10000000,Gianluca Caprari,Serie A,2022,Monza,2020s
159372,13000000,Felipe Anderson,Serie A,2022,Lazio,2020s
164771,22000000,Jordan Veretout,Ligue 1,2022,Marseille,2020s
182913,18000000,Adrien Rabiot,Ligue 1,2022,Juventus,2020s
184894,10000000,Alfred Duncan,Serie A,2022,Fiorentina,2020s
187587,22000000,Ante Rebić,Serie A,2022,Milan,2020s
192735,15000000,Stanislav Lobotka,Serie A,2022,Napoli,2020s
195171,4500000,Samu Castillejo,Serie A,2022,Valencia,2020s
200056,7000000,Elseid Hysaj,Serie A,2022,Lazio,2020s
206050,40000000,Paulo Dybala,Serie A,2022,Roma,2020s
225873,4000000,Karol Linetty,Serie A,2022,Torino,2020s
227081,26000000,Joaquín Correa,Serie A,2022,Inter,2020s
232454,9000000,Nadiem Amiri,Bundesliga,2022,Leverkusen,2020s
236490,4000000,Ola Aina,Premier League,2022,Torino,2020s
245056,12000000,Saša Lukić,Premier League,2022,Fulham,2020s
248732,4500000,Paweł Dawidowicz,Serie A,2022,Hellas Verona,2020s
256361,3500000,Daniele Verde,Serie A,2022,Spezia,2020s
256448,25000000,Gianluca Mancini,Serie A,2022,Roma,2020s
282810,6000000,Carles Pérez,La Liga,2022,Celta Vigo,2020s
283528,3000000,Ignacio Pussetto,Serie A,2022,Sampdoria,2020s
294808,45000000,Franck Kessié,La Liga,2022,Barcelona,2020s
314678,22000000,Brahim Díaz,La Liga,2022,Milan,2020s
315867,30000000,Gianluca Scamacca,Serie A,2022,West Ham,2020s
316889,35000000,Hirving Lozano,Serie A,2022,Napoli,2020s
321528,20000000,Denzel Dumfries,Serie A,2022,Inter,2020s
331726,45000000,Tammy Abraham,Serie A,2022,Roma,2020s
344072,3500000,Kelvin Amian,Ligue 1,2022,Spezia,2020s
357164,50000000,Rafael Leão,Serie A,2022,Milan,2020s
357498,85000000,Dušan Vlahović,Serie A,2022,Juventus,2020s
358166,10000000,Eldor Shomurodov,Serie A,2022,Spezia,2020s
360518,25000000,Teun Koopmeiners,Serie A,2022,Atalanta,2020s
364135,28000000,Moise Kean,Serie A,2022,Juventus,2020s
389837,6000000,Nicolò Casale,Serie A,2022,Lazio,2020s
392959,2500000,Andrea Colpani,Serie A,2022,Monza,2020s
394300,20000000,Davide Frattesi,Serie A,2022,Sassuolo,2020s
397033,40000000,Sandro Tonali,Premier League,2022,Milan,2020s
406625,70000000,Lautaro Martínez,Serie A,2022,Inter,2020s
425918,1800000,Jakub Kiwior,Premier League,2022,Arsenal,2020s
432090,4000000,Nicolò Fagioli,Serie A,2022,Juventus,2020s
433584,2000000,Alessio Zerbin,Serie A,2022,Napoli,2020s
459658,5000000,Andrea Cambiaso,Serie A,2022,Bologna,2020s
461019,2500000,Samuele Birindelli,Serie A,2022,Monza,2020s
461833,3500000,Caleb Okoli,Premier League,2022,Atalanta,2020s
509022,4000000,Federico Gatti,Serie A,2022,Juventus,2020s
550108,2500000,Nicola Zalewski,Serie A,2022,Roma,2020s
551752,3000000,Demba Seck,Serie A,2022,Torino,2020s
556385,9000000,Destiny Udogie,Premier League,2022,Udinese,2020s
562049,800000,Edoardo Bove,Serie A,2022,Roma,2020s
571604,5000000,Giorgio Scalvini,Serie A,2022,Atalanta,2020s
585949,17000000,Pierre Kalulu,Serie A,2022,Milan,2020s
589737,5500000,Kelvin Yeboah,Ligue 1,2022,Augsburg,2020s
591949,15000000,Aaron Hickey,Premier League,2022,Brentford,2020s
648779,15000000,Wilfried Singo,Ligue 1,2022,Torino,2020s
54235,15000000,Iker Muniain,La Liga,2022,Athletic Club,2020s
63494,3000000,Étienne Capoue,La Liga,2022,Villarreal,2020s
72479,2000000,Clément Grenier,La Liga,2022,Mallorca,2020s
74229,35000000,Koke,La Liga,2022,Atltico Madrid,2020s
85288,7500000,Isco,La Liga,2022,Sevilla,2020s
85370,7000000,Sergi Roberto,Serie A,2022,Barcelona,2020s
99353,12000000,Portu,La Liga,2022,Getafe,2020s
125165,18000000,Jesús Corona,La Liga,2022,Sevilla,2020s
126751,2000000,Iñigo Ruiz de Galarreta,La Liga,2022,Mallorca,2020s
134936,3000000,Jesé,Serie A,2022,Sampdoria,2020s
142021,9000000,Sergi Darder,La Liga,2022,Espanyol,2020s
192009,5000000,Unai López,La Liga,2022,Rayo Vallecano,2020s
193098,12000000,Álex Moreno,Premier League,2022,Aston Villa,2020s
203496,35000000,Nabil Fekir,La Liga,2022,Betis,2020s
212391,5000000,Roger Martí,La Liga,2022,Elche,2020s
213670,5000000,Lucas Torró,La Liga,2022,Osasuna,2020s
216870,5000000,Nacho Vidal,La Liga,2022,Osasuna,2020s
225122,40000000,Gonçalo Guedes,Premier League,2022,Wolves,2020s
225593,3000000,Pere Milla,La Liga,2022,Elche,2020s
251106,18000000,Enes Ünal,Premier League,2022,Getafe,2020s
251876,5000000,Pablo Maffeo,La Liga,2022,Mallorca,2020s
252677,4000000,José Luis Morales,La Liga,2022,Villarreal,2020s
1064403,5000000,Álvaro García,La Liga,2022,Rayo Vallecano,2020s
257462,18000000,Luka Jović,Serie A,2022,Fiorentina,2020s
266807,45000000,Ángel Correa,La Liga,2022,Atltico Madrid,2020s
268670,2000000,Gerard Gumbau,La Liga,2022,Elche,2020s
278359,12000000,Borja Iglesias,La Liga,2022,Betis,2020s
281989,6000000,Luis Milla,La Liga,2022,Getafe,2020s
295622,4000000,Keidi Bare,La Liga,2022,Espanyol,2020s
298589,15000000,David García,La Liga,2022,Osasuna,2020s
298976,9000000,Borja Mayoral,La Liga,2022,Getafe,2020s
309110,18000000,Brais Méndez,La Liga,2022,Real Sociedad,2020s
319745,15000000,Dani Ceballos,La Liga,2022,Real Madrid,2020s
334222,15000000,Lucas Boyé,La Liga,2022,Elche,2020s
370846,13000000,Timothy Weah,Serie A,2022,Lille,2020s
380598,4000000,Santi Comesaña,La Liga,2022,Rayo Vallecano,2020s
405398,9000000,Takefusa Kubo,La Liga,2022,Real Sociedad,2020s
408471,8000000,Javi Puado,La Liga,2022,Espanyol,2020s
423443,1500000,Álex Centelles,La Liga,2022,Almera,2020s
423444,14000000,Fran Beltrán,La Liga,2022,Celta Vigo,2020s
429901,5000000,Paul Akouokou,Ligue 1,2022,Betis,2020s
442805,3500000,Iddrisu Baba,La Liga,2022,Mallorca,2020s
448628,9000000,Javi Galán,La Liga,2022,Celta Vigo,2020s
462250,70000000,João Félix,Serie A,2022,Chelsea,2020s
505674,2500000,Sergio Camello,La Liga,2022,Rayo Vallecano,2020s
517753,2500000,Óscar Valentín,La Liga,2022,Rayo Vallecano,2020s
520947,2000000,Santiago Arzamendia,La Liga,2022,Cdiz,2020s
536030,1000000,Arnau Puigmal,La Liga,2022,Almera,2020s
537382,25000000,Bryan Gil,La Liga,2022,Tottenham,2020s
538810,600000,Chris Ramos,La Liga,2022,Cdiz,2020s
552425,10000000,Jon Moncayola,La Liga,2022,Osasuna,2020s
571020,15000000,Oihan Sancet,La Liga,2022,Athletic Club,2020s
616369,12000000,Ander Barrenetxea,La Liga,2022,Real Sociedad,2020s
617074,10000000,Ilaix Moriba,La Liga,2022,Valencia,2020s
623521,1000000,Juanmi Latasa,La Liga,2022,Getafe,2020s
634131,250000,Aimar Oroz,La Liga,2022,Osasuna,2020s
646740,60000000,Gavi,La Liga,2022,Barcelona,2020s
709187,12000000,Nico Williams,La Liga,2022,Athletic Club,2020s
776890,500000,Nicolas Jackson,Premier League,2022,Villarreal,2020s
39025,600000,Danny Latza,Bundesliga,2022,Schalke 04,2020s
49499,22000000,Georginio Wijnaldum,Serie A,2022,Roma,2020s
51118,500000,Adil Rami,Ligue 1,2022,Troyes,2020s
53400,1000000,Dominick Drexler,Bundesliga,2022,Schalke 04,2020s
75489,2500000,Niclas Füllkrug,Premier League,2022,Werder Bremen,2020s
93844,3500000,Leonardo Bittencourt,Bundesliga,2022,Werder Bremen,2020s
135617,10000000,Thiago Mendes,Ligue 1,2022,Lyon,2020s
153661,1100000,Tobias Mohr,Bundesliga,2022,Schalke 04,2020s
175639,12000000,Jonathan Clauss,Ligue 1,2022,Marseille,2020s
182893,20000000,Seko Fofana,Ligue 1,2022,Lens,2020s
198709,2500000,Cédric Hountondji,Ligue 1,2022,Angers,2020s
206912,4500000,Jimmy Cabot,Ligue 1,2022,Lens,2020s
229005,22000000,Abdou Diallo,Bundesliga,2022,RB Leipzig,2020s
229006,10000000,Franck Honorat,Bundesliga,2022,Brest,2020s
245537,3000000,Nabil Bentaleb,Ligue 1,2022,Angers,2020s
251075,18000000,Zeki Çelik,Serie A,2022,Roma,2020s
263236,7000000,Kevin Danso,Premier League,2022,Lens,2020s
270051,4000000,Andrei Girotto,Ligue 1,2022,Nantes,2020s
274862,10000000,Moses Simon,Ligue 1,2022,Nantes,2020s
277635,3500000,Rominigue Kouamé,La Liga,2022,Troyes,2020s
281319,6500000,Alberth Elis,Ligue 1,2022,Brest,2020s
292818,20000000,Jonathan Bamba,La Liga,2022,Lille,2020s
315145,6000000,Azor Matusiwa,Ligue 1,2022,Reims,2020s
330659,15000000,Justin Kluivert,Premier League,2022,Valencia,2020s
335103,1800000,Linton Maina,Bundesliga,2022,Kln,2020s
337798,2500000,Abdu Conté,Ligue 1,2022,Troyes,2020s
340328,10000000,Stephy Mavididi,Premier League,2022,Montpellier,2020s
342226,5000000,Irvin Cardona,Ligue 1,2022,Brest,2020s
362108,5500000,Gabriel Gudmundsson,Ligue 1,2022,Lille,2020s
364857,3000000,Falaye Sacko,Ligue 1,2022,Montpellier,2020s
370791,8000000,Pablo Rosario,Ligue 1,2022,Nice,2020s
372712,8000000,Ibrahima Sissoko,Bundesliga,2022,Strasbourg,2020s
386047,15000000,Axel Disasi,Premier League,2022,Monaco,2020s
387106,18000000,Lovro Majer,Bundesliga,2022,Rennes,2020s
395693,30000000,Houssem Aouar,Serie A,2022,Lyon,2020s
410185,5000000,Ronaël Pierre-Gabriel,Ligue 1,2022,Espanyol,2020s
418659,50000000,Amine Gouiri,Ligue 1,2022,Nice,2020s
453016,6000000,Anthony Caci,Bundesliga,2022,Mainz 05,2020s
463618,14000000,Khéphren Thuram,Serie A,2022,Nice,2020s
474662,1500000,Hugo Magnetti,Ligue 1,2022,Brest,2020s
485706,10000000,Amadou Onana,Premier League,2022,Everton,2020s
487969,15000000,Randal Kolo Muani,Serie A,2022,Eint Frankfurt,2020s
490417,6000000,Ibrahima Niane,Ligue 1,2022,Angers,2020s
543387,10000000,Cheick Doucouré,Premier League,2022,Crystal Palace,2020s
557613,3000000,Quentin Merlin,Ligue 1,2022,Nantes,2020s
569598,14000000,Youssouf Fofana,Serie A,2022,Monaco,2020s
618472,15000000,Castello Lukeba,Bundesliga,2022,Lyon,2020s
624037,10000000,Joris Chotard,Ligue 1,2022,Montpellier,2020s
649033,2000000,Dion Lopy,La Liga,2022,Reims,2020s
659542,8000000,Elye Wahi,Bundesliga,2022,Montpellier,2020s
671594,300000,Kamory Doumbia,Ligue 1,2022,Reims,2020s
688707,2500000,Salis Abdul Samed,Ligue 1,2022,Lens,2020s
708265,500000,Bradley Barcola,Ligue 1,2022,Lyon,2020s
711996,8000000,Warmed Omari,Ligue 1,2022,Rennes,2020s
789082,11000000,Vanderson,Ligue 1,2022,Monaco,2020s
798404,1500000,Alidu Seidu,Ligue 1,2022,Clermont Foot,2020s
50512,3000000,Anthony Modeste,Bundesliga,2022,Dortmund,2020s
85791,6000000,Stefan Lainer,Bundesliga,2022,Gladbach,2020s
119277,5500000,Yannick Gerhardt,Bundesliga,2022,Wolfsburg,2020s
119296,16000000,Emre Can,Bundesliga,2022,Dortmund,2020s
162434,7500000,Niklas Stark,Bundesliga,2022,Werder Bremen,2020s
179635,2500000,Philipp Förster,Bundesliga,2022,Bochum,2020s
181547,3500000,Gonçalo Paciência,Bundesliga,2022,Celta Vigo,2020s
182574,4000000,Jean-Paul Boëtius,Bundesliga,2022,Hertha BSC,2020s
186988,1200000,Sven Michel,Bundesliga,2022,Union Berlin,2020s
188888,4000000,Sheraldo Becker,La Liga,2022,Union Berlin,2020s
190289,4500000,Gerrit Holtmann,Bundesliga,2022,Bochum,2020s
193004,6000000,Waldemar Anton,Bundesliga,2022,Stuttgart,2020s
196095,7000000,Luca Waldschmidt,Bundesliga,2022,Wolfsburg,2020s
202591,12000000,Benjamin Henrichs,Bundesliga,2022,RB Leipzig,2020s
216181,2500000,Almamy Touré,Bundesliga,2022,Eint Frankfurt,2020s
232418,5000000,Ondrej Duda,Serie A,2022,Hellas Verona,2020s
234029,5500000,Grischa Prömel,Bundesliga,2022,Hoffenheim,2020s
236981,3000000,Timo Hübers,Bundesliga,2022,Kln,2020s
237662,14000000,Breel Embolo,Ligue 1,2022,Monaco,2020s
243714,60000000,Kingsley Coman,Bundesliga,2022,Bayern Munich,2020s
244940,7000000,Salih Özcan,Bundesliga,2022,Dortmund,2020s
261905,9000000,Suat Serdar,Serie A,2022,Hertha BSC,2020s
272278,4000000,Chris Führich,Bundesliga,2022,Stuttgart,2020s
284248,3500000,Paul Jaeckel,Bundesliga,2022,Union Berlin,2020s
284732,17000000,Ramy Bensebaini,Bundesliga,2022,Gladbach,2020s
289592,15000000,Orel Mangala,Premier League,2022,Nott'ham Forest,2020s
289802,1500000,Rafael Ratão,Ligue 1,2022,Toulouse,2020s
293385,45000000,Dani Olmo,La Liga,2022,RB Leipzig,2020s
318204,17000000,David Raum,Bundesliga,2022,RB Leipzig,2020s
326029,27000000,Donyell Malen,Premier League,2022,Dortmund,2020s
344069,8000000,Anton Stach,Bundesliga,2022,Mainz 05,2020s
344381,65000000,Christopher Nkunku,Premier League,2022,RB Leipzig,2020s
344598,9000000,Dan-Axel Zagadou,Bundesliga,2022,Stuttgart,2020s
344695,45000000,Dayot Upamecano,Bundesliga,2022,Bayern Munich,2020s
344892,2000000,Gauthier Hein,Ligue 1,2022,Auxerre,2020s
374040,600000,Vincent Marchetti,Ligue 1,2022,Ajaccio,2020s
384553,4000000,Luca Kilian,Bundesliga,2022,Kln,2020s
388198,28000000,Nico Schlotterbeck,Bundesliga,2022,Dortmund,2020s
388795,1500000,Oumar Gonzalez,Ligue 1,2022,Ajaccio,2020s
391004,10000000,Jonas Wind,Bundesliga,2022,Wolfsburg,2020s
392163,1300000,Noah Weißhaupt,Bundesliga,2022,Freiburg,2020s
395516,55000000,Moussa Diaby,Premier League,2022,Leverkusen,2020s
406640,1000000,Felix Nmecha,Bundesliga,2022,Wolfsburg,2020s
425400,1000000,Farid El Melali,Ligue 1,2022,Angers,2020s
429874,5000000,Ansgar Knauff,Bundesliga,2022,Eint Frankfurt,2020s
432281,5000000,Márton Dárdai,Bundesliga,2022,Hertha BSC,2020s
443710,6000000,Angelo Stiller,Bundesliga,2022,Hoffenheim,2020s
463605,3000000,Bafodé Diakité,Ligue 1,2022,Lille,2020s
470618,1000000,Denis Genreau,Ligue 1,2022,Toulouse,2020s
513245,14000000,Jesper Lindstrøm,Premier League,2022,Eint Frankfurt,2020s
518505,4500000,Jamie Leweling,Bundesliga,2022,Union Berlin,2020s
533295,8000000,Patrick Wimmer,Bundesliga,2022,Wolfsburg,2020s
538996,9000000,Tanguy Nianzou,La Liga,2022,Sevilla,2020s
546213,10000000,Tuta,Bundesliga,2022,Eint Frankfurt,2020s
569388,600000,Clément Vidal,Ligue 1,2022,Ajaccio,2020s
585973,3000000,Johann Lepenant,Ligue 1,2022,Lyon,2020s
654415,1500000,Alan Virginius,Ligue 1,2022,Lille,2020s
659813,17000000,Piero Hincapié,Bundesliga,2022,Leverkusen,2020s
668276,3000000,Hugo Novoa,La Liga,2022,RB Leipzig,2020s
690799,3000000,Anthony Rouault,Ligue 1,2022,Toulouse,2020s
794349,700000,Julien Le Cardinal,Ligue 1,2022,Lens,2020s
801754,1500000,Yanis Cimignani,Ligue 1,2022,Ajaccio,2020s
980576,300000,Amine Salama,Serie A,2022,Angers,2020s
46001,5000000,Moussa Sissoko,Ligue 1,2022,Nantes,2020s
77100,20000000,Lucas Moura,Premier League,2022,Tottenham,2020s
80444,20000000,Philippe Coutinho,Premier League,2022,Aston Villa,2020s
96341,85000000,Romelu Lukaku,Serie A,2022,Inter,2020s
108725,10000000,Chris Wood,Premier League,2022,Newcastle Utd,2020s
111051,4000000,Nampalys Mendy,Ligue 1,2022,Leicester City,2020s
134270,7000000,Dan Burn,Premier League,2022,Newcastle Utd,2020s
146795,10000000,Ryan Fraser,Premier League,2022,Newcastle Utd,2020s
148367,10000000,Christian Nørgaard,Premier League,2022,Brentford,2020s
148928,28000000,Saúl Ñíguez,La Liga,2022,Atltico Madrid,2020s
157509,30000000,Kurt Zouma,Premier League,2022,West Ham,2020s
170527,42000000,Timo Werner,Premier League,2022,RB Leipzig,2020s
177476,25000000,Nathan Aké,Premier League,2022,Manchester City,2020s
257097,20000000,Ben Davies,Premier League,2022,Tottenham,2020s
246968,12000000,Ayoze Pérez,La Liga,2022,Leicester City,2020s
250426,16000000,Adam Armstrong,Premier League,2022,Southampton,2020s
251664,35000000,Ivan Toney,Premier League,2022,Brentford,2020s
256178,22000000,Joe Gomez,Premier League,2022,Liverpool,2020s
270171,12000000,Vitaly Janelt,Premier League,2022,Brentford,2020s
293200,25000000,Nikola Vlašić,Serie A,2022,Torino,2020s
306024,42000000,Dominic Calvert-Lewin,Premier League,2022,Everton,2020s
333241,18000000,Joelinton,Premier League,2022,Newcastle Utd,2020s
337333,7000000,Alex Král,La Liga,2022,Schalke 04,2020s
346314,20000000,Trevoh Chalobah,Premier League,2022,Chelsea,2020s
355915,40000000,Cristian Romero,Premier League,2022,Tottenham,2020s
357147,18000000,Diogo Dalot,Premier League,2022,Manchester Utd,2020s
361260,13000000,Ozan Kabak,Bundesliga,2022,Hoffenheim,2020s
363205,50000000,Gabriel Jesus,Premier League,2022,Arsenal,2020s
377393,6000000,Pierre Lees-Melou,Ligue 1,2022,Brest,2020s
387626,30000000,Leon Bailey,Premier League,2022,Aston Villa,2020s
392765,40000000,Emile Smith Rowe,Premier League,2022,Arsenal,2020s
392768,30000000,Callum Hudson-Odoi,Premier League,2022,Leverkusen,2020s
401173,80000000,Jadon Sancho,Premier League,2022,Manchester Utd,2020s
404842,18000000,Vitaliy Mykolenko,Premier League,2022,Everton,2020s
406635,90000000,Phil Foden,Premier League,2022,Manchester City,2020s
410708,15000000,Pascal Struijk,Premier League,2022,Leeds United,2020s
420002,8000000,Jean-Philippe Mateta,Premier League,2022,Crystal Palace,2020s
423744,12000000,Billy Gilmour,Serie A,2022,Brighton,2020s
424015,8000000,Nathan Patterson,Premier League,2022,Everton,2020s
431755,35000000,Dejan Kulusevski,Premier League,2022,Tottenham,2020s
435338,30000000,Gabriel Magalhães,Premier League,2022,Arsenal,2020s
468002,9000000,Ben Johnson,Premier League,2022,West Ham,2020s
475188,5000000,Kiernan Dewsbury-Hall,Premier League,2022,Leicester City,2020s
477758,30000000,Aaron Wan-Bissaka,Premier League,2022,Manchester Utd,2020s
480692,45000000,Luis Díaz,Premier League,2022,Liverpool,2020s
488362,25000000,Conor Gallagher,La Liga,2022,Chelsea,2020s
503733,16000000,Anthony Gordon,Premier League,2022,Newcastle Utd,2020s
503749,22000000,Jacob Ramsey,Premier League,2022,Aston Villa,2020s
503980,5000000,Joe Gelhardt,Premier League,2022,Leeds United,2020s
533916,3000000,Shandon Baptiste,Premier League,2022,Brentford,2020s
563963,15000000,Mohammed Salisu,Ligue 1,2022,Southampton,2020s
565822,22000000,Harvey Elliott,Premier League,2022,Liverpool,2020s
571743,18000000,Armando Broja,Premier League,2022,Chelsea,2020s
583189,15000000,Anthony Elanga,Premier League,2022,Manchester Utd,2020s
655488,38000000,Gabriel Martinelli,Premier League,2022,Arsenal,2020s
730893,17000000,Tyrick Mitchell,Premier League,2022,Crystal Palace,2020s
807165,100000,Bamo Meïté,Ligue 1,2022,Lorient,2020s
830265,100000,Lohann Doucet,Ligue 1,2022,Nantes,2020s
842338,200000,Enzo Tchato,Ligue 1,2022,Montpellier,2020s
860056,100000,Aïman Maurer,Ligue 1,2022,Clermont Foot,2020s
876631,300000,Habib Diarra,Ligue 1,2022,Strasbourg,2020s
891998,150000,Antoine Mendy,Ligue 1,2022,Nice,2020s
914562,400000,Désiré Doué,Ligue 1,2022,Rennes,2020s
924800,100000,Axel Camblan,Ligue 1,2022,Brest,2020s
255729,2000000,Awer Mabil,La Liga,2022,Cdiz,2020s
649317,1800000,Jhon Durán,Premier League,2022,Aston Villa,2020s
55338,5500000,Willian,Premier League,2022,Fulham,2020s
401529,1500000,Dodô,Serie A,2022,Fiorentina,2020s
203394,7500000,Andreas Pereira,Premier League,2022,Fulham,2020s
1004741,10000000,Pedro,Serie A,2022,Lazio,2020s
646402,7500000,Abner,Ligue 1,2022,Betis,2020s
735570,9000000,João Gomes,Premier League,2022,Wolves,2020s
808509,22000000,Danilo,Premier League,2022,Nott'ham Forest,2020s
184892,12000000,Florian Thauvin,Serie A,2022,Udinese,2020s
125614,3500000,Sargis Adamyan,Bundesliga,2022,Kln,2020s
546212,4000000,Diego Costa,Premier League,2022,Wolves,2020s
502670,15000000,Khvicha Kvaratskhelia,Ligue 1,2022,Napoli,2020s
51152,20000000,Aleksandar Mitrović,Premier League,2022,Fulham,2020s
163532,1500000,Adam Smith,Premier League,2022,Bournemouth,2020s
111422,3000000,Neeskens Kebano,Premier League,2022,Fulham,2020s
123275,5000000,Tom Cairney,Premier League,2022,Fulham,2020s
145466,500000,Tim Ream,Premier League,2022,Fulham,2020s
170966,2000000,Jérémie Bela,Ligue 1,2022,Clermont Foot,2020s
183293,3500000,Joe Rothwell,Premier League,2022,Bournemouth,2020s
183302,2500000,Ben Pearson,Premier League,2022,Bournemouth,2020s
188077,9000000,Ryan Christie,Premier League,2022,Bournemouth,2020s
198516,2500000,Harry Toffolo,Premier League,2022,Nott'ham Forest,2020s
206746,4000000,Kenny Tete,Premier League,2022,Fulham,2020s
226973,10000000,Harrison Reed,Premier League,2022,Fulham,2020s
258878,15000000,Tosin Adarabioyo,Premier League,2022,Fulham,2020s
258889,16000000,Dominic Solanke,Premier League,2022,Bournemouth,2020s
262980,15000000,Jefferson Lerma,Premier League,2022,Bournemouth,2020s
275590,5000000,Kieffer Moore,Premier League,2022,Bournemouth,2020s
277033,16000000,David Brooks,Premier League,2022,Bournemouth,2020s
279455,17000000,Harry Wilson,Premier League,2022,Fulham,2020s
298091,5000000,Harry Souttar,Premier League,2022,Leicester City,2020s
320411,18000000,Philip Billing,Serie A,2022,Bournemouth,2020s
321070,5000000,Hannes Wolf,Bundesliga,2022,Gladbach,2020s
324223,2500000,James Bree,Premier League,2022,Southampton,2020s
398402,2000000,Sam Surridge,Premier League,2022,Nott'ham Forest,2020s
415970,4000000,Joe Worrall,Premier League,2022,Nott'ham Forest,2020s
425902,4000000,Ryan Yates,Premier League,2022,Nott'ham Forest,2020s
429014,11000000,Morgan Gibbs-White,Premier League,2022,Wolves,2020s
470607,15000000,Brennan Johnson,Premier League,2022,Nott'ham Forest,2020s
480987,4000000,Chris Mepham,Premier League,2022,Bournemouth,2020s
488656,2800000,Siriki Dembélé,Premier League,2022,Bournemouth,2020s
503680,8000000,Neco Williams,Premier League,2022,Nott'ham Forest,2020s
503770,4000000,Folarin Balogun,Ligue 1,2022,Reims,2020s
505219,7000000,James Garner,Premier League,2022,Everton,2020s
506189,2000000,Flynn Downes,Premier League,2022,West Ham,2020s
532539,3500000,Lee Buchanan,Bundesliga,2022,Werder Bremen,2020s
536508,4000000,Han-Noah Massengo,Ligue 1,2022,Auxerre,2020s
541231,5000000,Sepp van den Berg,Premier League,2022,Schalke 04,2020s
560694,3500000,Lewis O'Brien,Premier League,2022,Nott'ham Forest,2020s
583255,2500000,Antoine Semenyo,Premier League,2022,Bournemouth,2020s
684210,6000000,Jaidon Anthony,Premier League,2022,Bournemouth,2020s
776798,8000000,Abdallah Sima,Ligue 1,2022,Angers,2020s
124028,3500000,Ismaily,Ligue 1,2022,Lille,2020s
364405,3000000,Adama Traoré,Ligue 1,2022,Wolves,2020s
748319,8000000,Carlos Alcaraz,Premier League,2022,Southampton,2020s
45403,2500000,André Ayew,Ligue 1,2022,Nott'ham Forest,2020s
345189,1500000,Luka Lochoshvili,Serie A,2022,Cremonese,2020s
496094,35000000,Karim Adeyemi,Bundesliga,2022,Dortmund,2020s
543382,27000000,Mohamed Camara,Ligue 1,2022,Roma,2020s
597000,3000000,Eric Martel,Bundesliga,2022,Kln,2020s
16136,800000,Dante,Ligue 1,2022,Nice,2020s
25557,6000000,Sergio Ramos,La Liga,2022,Paris S-G,2020s
27389,2000000,Kévin Gameiro,Ligue 1,2022,Strasbourg,2020s
28003,50000000,Lionel Messi,Ligue 1,2022,Paris S-G,2020s
37647,5000000,Dimitri Payet,Ligue 1,2022,Marseille,2020s
60540,2500000,Valère Germain,Ligue 1,2022,Montpellier,2020s
61891,1800000,Fábio,Ligue 1,2022,Nantes,2020s
68290,75000000,Neymar,Ligue 1,2022,Paris S-G,2020s
72121,800000,Johan Gastien,Ligue 1,2022,Clermont Foot,2020s
82009,22000000,Kevin Volland,Bundesliga,2022,Monaco,2020s
84301,12000000,Benjamin André,Ligue 1,2022,Lille,2020s
93704,3500000,Josuha Guilavogui,Bundesliga,2022,Wolfsburg,2020s
98349,1000000,Romain Hamouma,Ligue 1,2022,Ajaccio,2020s
99343,10000000,Ander Herrera,La Liga,2022,Athletic Club,2020s
102744,1800000,Sébastien Corchia,Ligue 1,2022,Nantes,2020s
103565,4000000,Wahbi Khazri,Ligue 1,2022,Montpellier,2020s
111038,2000000,Dennis Appiah,Ligue 1,2022,Nantes,2020s
113707,6500000,Rémy Cabella,Ligue 1,2022,Lille,2020s
118278,3500000,Xavier Chavalerin,Ligue 1,2022,Troyes,2020s
118284,5000000,Jordan Ferri,Ligue 1,2022,Montpellier,2020s
120651,1000000,Vincent Le Goff,Ligue 1,2022,Lorient,2020s
122797,13000000,Andy Delort,Ligue 1,2022,Nice,2020s
126557,4500000,Jonathan Gradit,Ligue 1,2022,Lens,2020s
126683,1500000,Tristan Dingomé,Ligue 1,2022,Troyes,2020s
126719,12000000,Juan Bernat,La Liga,2022,Paris S-G,2020s
127156,12000000,Téji Savanier,Ligue 1,2022,Montpellier,2020s
138055,4000000,Haris Belkebla,Ligue 1,2022,Brest,2020s
139279,1500000,Nicolas Pallois,Ligue 1,2022,Nantes,2020s
141050,14000000,Danilo Pereira,Ligue 1,2022,Paris S-G,2020s
146854,25000000,Wissam Ben Yedder,Ligue 1,2022,Monaco,2020s
170961,2000000,Thomas Delaine,Ligue 1,2022,Strasbourg,2020s
175014,2000000,Youcef Belaïli,Ligue 1,2022,Ajaccio,2020s
178313,3000000,Jean-Eudes Aholou,Ligue 1,2022,Strasbourg,2020s
181378,18000000,Gaëtan Laborde,Ligue 1,2022,Nice,2020s
181778,14000000,Emerson,Premier League,2022,Tottenham,2020s
182875,4000000,Jean-Charles Castelletto,Ligue 1,2022,Nantes,2020s
182916,2500000,Wesley Saïd,Ligue 1,2022,Lens,2020s
199704,1200000,Yunis Abdelhamid,Ligue 1,2022,Reims,2020s
203746,10000000,Ruben Aguilar,Ligue 1,2022,Monaco,2020s
212804,3000000,Florian Tardieu,Ligue 1,2022,Troyes,2020s
214532,500000,Pierrick Capelle,Ligue 1,2022,Angers,2020s
215977,9000000,Adrien Thomasson,Ligue 1,2022,Strasbourg,2020s
221151,1800000,Jodel Dossou,Ligue 1,2022,Clermont Foot,2020s
222859,6000000,Florent Mollet,Ligue 1,2022,Nantes,2020s
228948,22000000,Thilo Kehrer,Ligue 1,2022,West Ham,2020s
229004,20000000,Moussa Dembélé,Ligue 1,2022,Lyon,2020s
238626,3000000,Laurent Abergel,Ligue 1,2022,Lorient,2020s
238639,7000000,Steve Mounié,Bundesliga,2022,Brest,2020s
249730,15000000,Guillermo Maripán,Serie A,2022,Monaco,2020s
250013,12000000,Angelo Fulgini,Ligue 1,2022,Lens,2020s
250779,5000000,Brendan Chardonnet,Ligue 1,2022,Brest,2020s
263918,25000000,Aleksandr Golovin,Ligue 1,2022,Monaco,2020s
266359,18000000,Benjamin Bourigeaud,Ligue 1,2022,Rennes,2020s
270411,1500000,Saîf-Eddine Khaoui,Ligue 1,2022,Clermont Foot,2020s
283994,16000000,Ludovic Ajorque,Ligue 1,2022,Strasbourg,2020s
285323,14000000,Baptiste Santamaria,Ligue 1,2022,Rennes,2020s
288225,16000000,Ludovic Blas,Ligue 1,2022,Nantes,2020s
290593,2000000,Sada Thioub,Ligue 1,2022,Angers,2020s
297070,10000000,Hamari Traoré,La Liga,2022,Rennes,2020s
298975,8000000,Pol Lirola,Ligue 1,2022,Elche,2020s
314940,700000,Dimitri Liénard,Ligue 1,2022,Strasbourg,2020s
315110,15000000,Karl Toko Ekambi,Ligue 1,2022,Rennes,2020s
324811,4000000,Arnaud Nordin,Bundesliga,2022,Montpellier,2020s
332560,1800000,Deiver Machado,Ligue 1,2022,Lens,2020s
332889,12000000,Valentin Rongier,Ligue 1,2022,Marseille,2020s
335147,4500000,Junior Sambia,Serie A,2022,Salernitana,2020s
341705,22000000,Gerson,Ligue 1,2022,Marseille,2020s
342229,160000000,Kylian Mbappé,La Liga,2022,Paris S-G,2020s
344888,12000000,Habib Diallo,Ligue 1,2022,Strasbourg,2020s
351843,2000000,Yoann Salmier,Ligue 1,2022,Troyes,2020s
353399,3000000,Romain Del Castillo,Ligue 1,2022,Brest,2020s
354726,2500000,Florian Sotoca,Ligue 1,2022,Lens,2020s
361093,30000000,Sven Botman,Premier League,2022,Newcastle Utd,2020s
361914,12000000,Nayef Aguerd,La Liga,2022,West Ham,2020s
372711,10000000,Amine Harit,Ligue 1,2022,Marseille,2020s
384060,6000000,Tino Kadewere,Ligue 1,2022,Mallorca,2020s
386057,3000000,Julien Laporte,Ligue 1,2022,Lorient,2020s
392770,7000000,Angel Gomes,Ligue 1,2022,Lille,2020s
394327,25000000,Boubacar Kamara,Premier League,2022,Aston Villa,2020s
395236,9000000,Yacine Adli,Serie A,2022,Milan,2020s
397171,2500000,Gideon Mensah,Ligue 1,2022,Auxerre,2020s
398073,65000000,Achraf Hakimi,Ligue 1,2022,Paris S-G,2020s
412671,1800000,Quentin Boisgard,Ligue 1,2022,Lorient,2020s
412932,14000000,Myron Boadu,Bundesliga,2022,Monaco,2020s
413112,60000000,Aurélien Tchouaméni,La Liga,2022,Real Madrid,2020s
427161,2000000,Lebo Mothiba,Ligue 1,2022,Strasbourg,2020s
428954,1500000,Stéphane Diarra,Ligue 1,2022,Lorient,2020s
444523,35000000,Lucas Paquetá,Premier League,2022,West Ham,2020s
450050,8000000,Jean-Ricner Bellegarde,Premier League,2022,Strasbourg,2020s
450417,4000000,Dylan Bronn,Serie A,2022,Salernitana,2020s
460245,2500000,Moritz Jenz,Bundesliga,2022,Schalke 04,2020s
463603,30000000,Benoît Badiashile,Premier League,2022,Chelsea,2020s
468066,5000000,Jens Cajuste,Premier League,2022,Reims,2020s
474800,11000000,Facundo Medina,Ligue 1,2022,Lens,2020s
485960,4000000,Lilian Brassier,Ligue 1,2022,Brest,2020s
485963,12000000,Pape Gueye,La Liga,2022,Sevilla,2020s
490426,13000000,Krépin Diatta,Ligue 1,2022,Monaco,2020s
495666,30000000,William Saliba,Premier League,2022,Arsenal,2020s
500689,3000000,Evann Guessand,Ligue 1,2022,Nantes,2020s
533738,45000000,Jonathan David,Ligue 1,2022,Lille,2020s
535834,8000000,Eliot Matazo,Ligue 1,2022,Monaco,2020s
536482,5000000,Junior Dina Ebimbe,Bundesliga,2022,Eint Frankfurt,2020s
538874,9000000,Terem Moffi,Ligue 1,2022,Nice,2020s
554251,2500000,Yasser Larouci,Premier League,2022,Troyes,2020s
555076,15000000,Romain Faivre,Ligue 1,2022,Lorient,2020s
560593,6500000,Hicham Boudaoui,Ligue 1,2022,Nice,2020s
568702,2000000,Papa Ndiaga Yade,Ligue 1,2022,Troyes,2020s
569385,6000000,Adil Aouchiche,Ligue 1,2022,Lorient,2020s
578872,8000000,Jean Lucas,Ligue 1,2022,Monaco,2020s
585959,18000000,Arnaud Kalimuendo,Ligue 1,2022,Rennes,2020s
594997,2000000,Yohann Magnin,Ligue 1,2022,Clermont Foot,2020s
605184,20000000,Jean-Clair Todibo,Premier League,2022,Nice,2020s
616341,40000000,Nuno Mendes,Ligue 1,2022,Paris S-G,2020s
633992,6000000,Enzo Le Fée,Ligue 1,2022,Lorient,2020s
646733,2000000,Jim Allevinah,Ligue 1,2022,Clermont Foot,2020s
649452,4000000,Issa Kaboré,Bundesliga,2022,Marseille,2020s
650104,250000,Zinédine Ould Khaled,Ligue 1,2022,Angers,2020s
654539,12000000,Adrien Truffert,Ligue 1,2022,Rennes,2020s
656441,5000000,Jean Onana,Serie A,2022,Lens,2020s
711969,3000000,Lorenz Assignon,Ligue 1,2022,Rennes,2020s
711999,3000000,Lesley Ugochukwu,Premier League,2022,Rennes,2020s
737781,3000000,Jérémy Le Douaron,Ligue 1,2022,Brest,2020s
746695,18000000,Kamaldeen Sulemana,Premier League,2022,Southampton,2020s
766412,400000,Théo Le Bris,Ligue 1,2022,Lorient,2020s
786436,1500000,Ismaël Doukouré,Ligue 1,2022,Strasbourg,2020s
822458,10000000,Bamba Dieng,Ligue 1,2022,Marseille,2020s
823231,900000,Dango Ouattara,Premier League,2022,Bournemouth,2020s
973085,150000,Carlos Baleba,Premier League,2022,Lille,2020s
74230,25000000,Pablo Sarabia,Premier League,2022,Wolves,2020s
186368,6000000,Valentino Lazaro,Serie A,2022,Torino,2020s
203348,17000000,Chancel Mbemba,Ligue 1,2022,Marseille,2020s
243879,2500000,Charles Pickel,Serie A,2022,Cremonese,2020s
257455,25000000,João Palhinha,Bundesliga,2022,Fulham,2020s
451801,3000000,Abdul Mumin,La Liga,2022,Rayo Vallecano,2020s
553875,25000000,Pedro Porro,Premier League,2022,Tottenham,2020s
557939,800000,Neto Borges,Ligue 1,2022,Clermont Foot,2020s
627228,5000000,Yan Couto,Bundesliga,2022,Girona,2020s
406973,125000,Moritz Broschinski,Bundesliga,2022,Bochum,2020s
44421,300000,Cédric Avinel,Ligue 1,2022,Ajaccio,2020s
57482,300000,Mohamed Youssouf,Ligue 1,2022,Ajaccio,2020s
93678,1300000,Gaëtan Charbonnier,Ligue 1,2022,Auxerre,2020s
118850,5000000,Ivan Ordets,Bundesliga,2022,Bochum,2020s
149928,2000000,Jubal,Ligue 1,2022,Auxerre,2020s
167472,1500000,Youssouf M'Changama,Ligue 1,2022,Auxerre,2020s
174304,300000,Rémy Dugimont,Ligue 1,2022,Auxerre,2020s
220878,1800000,Issiaga Sylla,Ligue 1,2022,Montpellier,2020s
229853,1500000,Birama Touré,Ligue 1,2022,Auxerre,2020s
263951,2000000,Hamza Sakhi,Ligue 1,2022,Auxerre,2020s
267147,800000,Cyrille Bayala,Ligue 1,2022,Ajaccio,2020s
276896,10000000,Samuel Gigot,Serie A,2022,Marseille,2020s
308133,1500000,Ado Onaiwu,Ligue 1,2022,Toulouse,2020s
316934,9000000,Nikola Moro,Serie A,2022,Bologna,2020s
325993,7000000,Oliver Abildgaard,Serie A,2022,Hellas Verona,2020s
353404,1300000,Gaëtan Perrin,Ligue 1,2022,Auxerre,2020s
364525,600000,Bevic Moussiti-Oko,Ligue 1,2022,Ajaccio,2020s
371851,3500000,Jaka Bijol,Serie A,2022,Udinese,2020s
418662,300000,Florian Chabrolle,Ligue 1,2022,Ajaccio,2020s
484988,400000,Logan Costa,La Liga,2022,Toulouse,2020s
496706,1200000,Montassar Talbi,Ligue 1,2022,Lorient,2020s
500067,7500000,Chidera Ejuke,La Liga,2022,Hertha BSC,2020s
537127,1200000,Théo Sainte-Luce,Ligue 1,2022,Montpellier,2020s
539065,3000000,Alexis Beka Beka,Ligue 1,2022,Nice,2020s
560725,1300000,Abdoul Kader Bamba,Ligue 1,2022,Nantes,2020s
569140,1300000,Lassine Sinayoko,Ligue 1,2022,Auxerre,2020s
569390,1300000,Julien Ponceau,Ligue 1,2022,Lorient,2020s
592979,1500000,Himad Abdelli,Ligue 1,2022,Angers,2020s
717118,1200000,Darlin Yongwa,Ligue 1,2022,Lorient,2020s
750903,1000000,Jaouen Hadjam,Ligue 1,2022,Nantes,2020s
770895,1500000,Ismaël Boura,Ligue 1,2022,Lens,2020s
855056,400000,Taïryk Arconte,Ligue 1,2022,Brest,2020s
7663,1500000,Joaquín,La Liga,2022,Betis,2020s
15956,3000000,Jesús Navas,La Liga,2022,Sevilla,2020s
18644,1500000,Álvaro Negredo,La Liga,2022,Cdiz,2020s
18922,30000000,Karim Benzema,La Liga,2022,Real Madrid,2020s
20005,6000000,Papu Gómez,La Liga,2022,Sevilla,2020s
20506,1500000,Andrés Guardado,La Liga,2022,Betis,2020s
31909,20000000,Toni Kroos,La Liga,2022,Real Madrid,2020s
86759,4000000,David Silva,La Liga,2022,Real Sociedad,2020s
39152,2000000,Radamel Falcao,La Liga,2022,Rayo Vallecano,2020s
46413,6000000,Ante Budimir,La Liga,2022,Osasuna,2020s
51510,2000000,Ángel Rodríguez,La Liga,2022,Mallorca,2020s
59016,55000000,David Alaba,La Liga,2022,Real Madrid,2020s
59344,3000000,Asier Illarramendi,La Liga,2022,Real Sociedad,2020s
61812,3000000,Yuri Berchiche,La Liga,2022,Athletic Club,2020s
62945,800000,Luis Hernández,La Liga,2022,Cdiz,2020s
65230,9000000,Sergio Busquets,La Liga,2022,Barcelona,2020s
65318,1200000,Jaume Costa,La Liga,2022,Mallorca,2020s
66106,20000000,Sergio Canales,La Liga,2022,Betis,2020s
69751,9000000,Jordi Alba,La Liga,2022,Barcelona,2020s
72047,7000000,Iago Aspas,La Liga,2022,Celta Vigo,2020s
74294,4000000,Nemanja Gudelj,La Liga,2022,Sevilla,2020s
74869,5000000,Francis Coquelin,Ligue 1,2022,Villarreal,2020s
76746,1500000,Damián Suárez,La Liga,2022,Getafe,2020s
80293,6000000,Aïssa Mandi,Ligue 1,2022,Villarreal,2020s
81999,5000000,Joselu,La Liga,2022,Espanyol,2020s
82503,1500000,Aridane Hernández,La Liga,2022,Osasuna,2020s
85295,2000000,Iván Balliu,La Liga,2022,Rayo Vallecano,2020s
85383,2000000,Rubén Sobrino,La Liga,2022,Cdiz,2020s
88490,2000000,Aleix Vidal,La Liga,2022,Espanyol,2020s
89733,6000000,Álex Fernández,La Liga,2022,Cdiz,2020s
93935,1800000,Sergio Escudero,La Liga,2022,Valladolid,2020s
100131,16000000,William Carvalho,La Liga,2022,Betis,2020s
102423,4000000,Leandro Cabrera,La Liga,2022,Espanyol,2020s
111961,10000000,Suso,La Liga,2022,Sevilla,2020s
122155,12000000,Willian José,La Liga,2022,Betis,2020s
125781,35000000,Antoine Griezmann,La Liga,2022,Atltico Madrid,2020s
126737,15000000,Juanmi,La Liga,2022,Betis,2020s
127032,10000000,Serge Aurier,Premier League,2022,Nott'ham Forest,2020s
127108,2000000,Florian Lejeune,La Liga,2022,Rayo Vallecano,2020s
947431,1800000,David López,La Liga,2022,Girona,2020s
135492,3000000,Youssouf Sabaly,La Liga,2022,Betis,2020s
834470,1200000,Dani Rodríguez,La Liga,2022,Mallorca,2020s
140776,40000000,Yannick Carrasco,La Liga,2022,Atltico Madrid,2020s
142031,4000000,Omar Mascarell,La Liga,2022,Elche,2020s
149231,2000000,Fidel,La Liga,2022,Elche,2020s
162056,4000000,Gonzalo Melero,La Liga,2022,Almera,2020s
165007,10000000,Denis Suárez,La Liga,2022,Espanyol,2020s
166677,2500000,Brian Oliván,La Liga,2022,Espanyol,2020s
585700,2000000,Juan Cruz,La Liga,2022,Betis,2020s
175449,8000000,Moi Gómez,La Liga,2022,Osasuna,2020s
177467,40000000,Gerard Moreno,La Liga,2022,Villarreal,2020s
182579,5000000,Karim Rekik,La Liga,2022,Sevilla,2020s
182904,12000000,Clément Lenglet,La Liga,2022,Tottenham,2020s
186862,2000000,Enzo Roco,La Liga,2022,Elche,2020s
189441,25000000,Lucas Ocampos,La Liga,2022,Sevilla,2020s
193784,2000000,Carlos Clerc,La Liga,2022,Elche,2020s
197122,1500000,Unai García,La Liga,2022,Osasuna,2020s
203043,1000000,Pedro Bigas,La Liga,2022,Elche,2020s
205562,40000000,Thomas Lemar,La Liga,2022,Atltico Madrid,2020s
568149,5000000,Alberto Moreno,Serie A,2022,Villarreal,2020s
211251,6000000,Darwin Machís,La Liga,2022,Valladolid,2020s
211389,1200000,Helibelton Palacios,La Liga,2022,Elche,2020s
361238,8000000,Rubén García,La Liga,2022,Osasuna,2020s
214775,8000000,Óliver Torres,La Liga,2022,Sevilla,2020s
216464,5000000,Carlos Fernández,La Liga,2022,Real Sociedad,2020s
221150,10000000,Djené,La Liga,2022,Getafe,2020s
221316,12000000,Lucas Vázquez,La Liga,2022,Real Madrid,2020s
223725,8000000,Munir El Haddadi,La Liga,2022,Getafe,2020s
225462,400000,José Mari,La Liga,2022,Cdiz,2020s
227961,3000000,Jaime Mata,La Liga,2022,Getafe,2020s
238868,2500000,Rubén Peña,La Liga,2022,Osasuna,2020s
247250,2500000,Rubén Alcaraz,La Liga,2022,Cdiz,2020s
249513,3000000,Diego Rico,La Liga,2022,Real Sociedad,2020s
250845,50000000,José María Giménez,La Liga,2022,Atltico Madrid,2020s
255488,13000000,Yeray Álvarez,La Liga,2022,Athletic Club,2020s
255501,3000000,Iñigo Lekue,La Liga,2022,Athletic Club,2020s
255508,25000000,Iñaki Williams,La Liga,2022,Athletic Club,2020s
256429,3000000,Sergi Guardiola,La Liga,2022,Valladolid,2020s
257376,8000000,Domingos Duarte,La Liga,2022,Getafe,2020s
263727,22000000,Joan Jordán,La Liga,2022,Sevilla,2020s
266795,2500000,Gonzalo Escalante,La Liga,2022,Cremonese,2020s
277533,1000000,Josan,La Liga,2022,Elche,2020s
281755,1200000,Iván Alejo,La Liga,2022,Cdiz,2020s
282722,4000000,Álex Collado,La Liga,2022,Elche,2020s
284854,9000000,Carles Aleñá,La Liga,2022,Getafe,2020s
288230,30000000,Ousmane Dembélé,Ligue 1,2022,Barcelona,2020s
289255,10000000,Andoni Gorosabel,La Liga,2022,Real Sociedad,2020s
298575,3000000,Kike Barja,La Liga,2022,Osasuna,2020s
307519,1500000,Fede San Emeterio,La Liga,2022,Cdiz,2020s
311044,6000000,Alfonso Espino,La Liga,2022,Cdiz,2020s
320271,1500000,Toni Lato,La Liga,2022,Valencia,2020s
326330,60000000,Frenkie de Jong,La Liga,2022,Barcelona,2020s
338285,9000000,Unai Núñez,La Liga,2022,Celta Vigo,2020s
338425,12000000,Álex Berenguer,La Liga,2022,Athletic Club,2020s
339816,3000000,Tete Morente,Serie A,2022,Elche,2020s
341110,5000000,Franco Cervi,La Liga,2022,Celta Vigo,2020s
341227,5000000,Juan Miranda,Serie A,2022,Betis,2020s
342385,25000000,Guido Rodríguez,Premier League,2022,Betis,2020s
346289,7000000,Mouctar Diakhaby,La Liga,2022,Valencia,2020s
348795,22000000,Giovani Lo Celso,La Liga,2022,Villarreal,2020s
349599,20000000,Pervis Estupiñán,Premier League,2022,Brighton,2020s
353032,10000000,Omar Alderete,La Liga,2022,Getafe,2020s
355628,15000000,Igor Zubeldia,La Liga,2022,Real Sociedad,2020s
356197,18000000,Alfonso Pedraza,La Liga,2022,Villarreal,2020s
357884,1800000,Fernando Calero,La Liga,2022,Espanyol,2020s
358250,7000000,Joseph Aidoo,La Liga,2022,Celta Vigo,2020s
361254,16000000,Rafa Mir,La Liga,2022,Sevilla,2020s
369081,70000000,Federico Valverde,La Liga,2022,Real Madrid,2020s
372246,50000000,Carlos Soler,Premier League,2022,Valencia,2020s
378139,3000000,Aitor Ruibal,La Liga,2022,Betis,2020s
378293,14000000,Yangel Herrera,La Liga,2022,Girona,2020s
399776,50000000,Pau Torres,Premier League,2022,Villarreal,2020s
401530,60000000,Éder Militão,La Liga,2022,Real Madrid,2020s
401922,20000000,Samuel Chukwueze,Serie A,2022,Villarreal,2020s
402733,14000000,Gonzalo Montiel,Premier League,2022,Sevilla,2020s
411975,60000000,Jules Koundé,La Liga,2022,Barcelona,2020s
412363,60000000,Rodrygo,La Liga,2022,Real Madrid,2020s
466794,18000000,Eric García,La Liga,2022,Barcelona,2020s
466810,60000000,Ansu Fati,La Liga,2022,Barcelona,2020s
480763,25000000,Juan Foyth,La Liga,2022,Villarreal,2020s
495625,2500000,Víctor Chust,La Liga,2022,Cdiz,2020s
495629,20000000,Hugo Guillamón,La Liga,2022,Valencia,2020s
503991,15000000,Yunus Musah,Serie A,2022,Valencia,2020s
513031,1500000,Antonio Sánchez,La Liga,2022,Mallorca,2020s
517842,6000000,Aihen Muñoz,La Liga,2022,Real Sociedad,2020s
524010,3500000,Oier Zarraga,Serie A,2022,Athletic Club,2020s
525578,2000000,Pathé Ciss,La Liga,2022,Rayo Vallecano,2020s
527698,1500000,Kike Pérez,Serie A,2022,Valladolid,2020s
573775,10000000,Hugo Duro,La Liga,2022,Valencia,2020s
626913,12000000,Boulaye Dia,Serie A,2022,Salernitana,2020s
636688,4000000,Alejandro Balde,La Liga,2022,Barcelona,2020s
640428,55000000,Eduardo Camavinga,La Liga,2022,Real Madrid,2020s
683840,80000000,Pedri,La Liga,2022,Barcelona,2020s
724520,8000000,Abde Ezzalzouli,La Liga,2022,Osasuna,2020s
545538,300000,Lameck Banda,Serie A,2022,Lecce,2020s
29605,200000,Daniel Ciofani,Serie A,2022,Cremonese,2020s
73943,900000,Alessandro Tuia,Serie A,2022,Lecce,2020s
88680,1000000,Luca Caldirola,Serie A,2022,Monza,2020s
88684,600000,Giulio Donati,Serie A,2022,Monza,2020s
187384,800000,Cristian Buonaiuto,Serie A,2022,Cremonese,2020s
236041,2200000,Alexis Blin,Serie A,2022,Lecce,2020s
255838,1600000,Patrick Ciurria,Serie A,2022,Monza,2020s
340707,1500000,Leonardo Sernicola,Serie A,2022,Cremonese,2020s
347253,6000000,Dany Mota,Serie A,2022,Monza,2020s
351955,450000,Federico Baschirotto,Serie A,2022,Lecce,2020s
390160,2800000,Salvatore Esposito,Serie A,2022,Spezia,2020s
392516,1000000,Antonino Gallo,Serie A,2022,Lecce,2020s
392545,900000,Frank Tsadjout,Serie A,2022,Cremonese,2020s
407265,2000000,Luca Zanimacchia,Serie A,2022,Cremonese,2020s
445126,1800000,Emanuele Valeri,Serie A,2022,Cremonese,2020s
457673,6500000,Gabriel Strefezza,Serie A,2022,Lecce,2020s
459151,2000000,Nicolò Cambiaghi,Serie A,2022,Empoli,2020s
487843,3500000,Lorenzo Colombo,Serie A,2022,Lecce,2020s
489611,1800000,Filippo Ranocchia,Serie A,2022,Monza,2020s
585982,4500000,Carlos Augusto,Serie A,2022,Monza,2020s
22328,1000000,Fabio Quagliarella,Serie A,2022,Sampdoria,2020s
25488,2500000,Antonio Candreva,Serie A,2022,Salernitana,2020s
33571,1500000,Lorenzo De Silvestri,Serie A,2022,Bologna,2020s
38607,2000000,Federico Di Francesco,Serie A,2022,Lecce,2020s
40433,3500000,Alexis Sánchez,Serie A,2022,Marseille,2020s
45314,600000,Federico Fazio,Serie A,2022,Salernitana,2020s
49275,1000000,Albin Ekdal,Serie A,2022,Spezia,2020s
646658,3000000,Aaron Ramsey,Ligue 1,2022,Nice,2020s
53536,2300000,Tolgay Arslan,Serie A,2022,Udinese,2020s
54581,700000,Ilija Nestorovski,Serie A,2022,Udinese,2020s
55735,8000000,Henrikh Mkhitaryan,Serie A,2022,Inter,2020s
55769,3000000,Danilo D'Ambrosio,Serie A,2022,Inter,2020s
57280,3000000,Giacomo Bonaventura,Serie A,2022,Fiorentina,2020s
70411,4000000,Darko Lazović,Serie A,2022,Hellas Verona,2020s
72441,8000000,Rafael Tolói,Serie A,2022,Atalanta,2020s
73926,5000000,Davide Faraoni,Serie A,2022,Hellas Verona,2020s
75942,1000000,Tomás Rincón,Serie A,2022,Sampdoria,2020s
82048,2000000,Nicola Sansone,Serie A,2022,Bologna,2020s
82442,3500000,Olivier Giroud,Serie A,2022,Milan,2020s
84765,2500000,Francesco Caputo,Serie A,2022,Sampdoria,2020s
87884,8000000,Mário Rui,Serie A,2022,Napoli,2020s
91970,8000000,Juan Cuadrado,Serie A,2022,Juventus,2020s
93128,35000000,Kalidou Koulibaly,Premier League,2022,Chelsea,2020s
94529,6000000,Stephan El Shaarawy,Serie A,2022,Roma,2020s
103427,8000000,Chris Smalling,Serie A,2022,Roma,2020s
119228,20000000,Luis Muriel,Serie A,2022,Atalanta,2020s
124555,10000000,Cristiano Biraghi,Serie A,2022,Fiorentina,2020s
125020,7500000,José Luis Palomino,Serie A,2022,Atalanta,2020s
126414,35000000,Hakan Çalhanoğlu,Serie A,2022,Inter,2020s
126673,4000000,Adama Soumaoro,Serie A,2022,Bologna,2020s
126729,5500000,Patric,Serie A,2022,Lazio,2020s
128220,28000000,Luis Alberto,Serie A,2022,Lazio,2020s
129476,15000000,Gerard Deulofeu,Serie A,2022,Udinese,2020s
130360,5000000,Simone Verdi,Serie A,2022,Hellas Verona,2020s
130365,5500000,Alessandro Florenzi,Serie A,2022,Milan,2020s
162961,2500000,Valerio Verre,Serie A,2022,Sampdoria,2020s
163222,3000000,Grégoire Defrel,Serie A,2022,Sassuolo,2020s
169880,25000000,Giovanni Di Lorenzo,Serie A,2022,Napoli,2020s
173859,9000000,Davide Zappacosta,Serie A,2022,Atalanta,2020s
177843,35000000,Domenico Berardi,Serie A,2022,Sassuolo,2020s
181136,40000000,Piotr Zieliński,Serie A,2022,Napoli,2020s
183031,3000000,Koffi Djidji,Serie A,2022,Torino,2020s
183841,3000000,Petar Stojanović,Serie A,2022,Empoli,2020s
192638,3000000,Nicolas Haas,Serie A,2022,Empoli,2020s
193867,2800000,Liam Henderson,Serie A,2022,Empoli,2020s
197473,2500000,Alberto Grassi,Serie A,2022,Empoli,2020s
197747,17000000,Alessio Romagnoli,Serie A,2022,Lazio,2020s
198116,18000000,Federico Dimarco,Serie A,2022,Inter,2020s
199248,20000000,Bryan Cristante,Serie A,2022,Roma,2020s
199258,12000000,Andrea Petagna,Serie A,2022,Monza,2020s
199733,5000000,Danilo Cataldi,Serie A,2022,Lazio,2020s
203842,3000000,Viktor Kovalenko,Serie A,2022,Spezia,2020s
207877,28000000,Ruslan Malinovskyi,Serie A,2022,Atalanta,2020s
210178,5000000,Pablo Marí,Serie A,2022,Monza,2020s
216179,7000000,Stefano Sensi,Serie A,2022,Monza,2020s
226524,7000000,Morten Thorsby,Serie A,2022,Union Berlin,2020s
234523,7500000,Antonio Sanabria,Serie A,2022,Torino,2020s
240219,3000000,Lorenzo Venuti,Serie A,2022,Fiorentina,2020s
240934,3000000,Filippo Bandinelli,Serie A,2022,Empoli,2020s
241076,2500000,Emmanuel Gyasi,Serie A,2022,Spezia,2020s
241527,5000000,Federico Bonazzoli,Serie A,2022,Salernitana,2020s
250153,1500000,Pasquale Mazzocchi,Serie A,2022,Salernitana,2020s
255942,70000000,Nicolò Barella,Serie A,2022,Inter,2020s
257751,7500000,Simone Bastoni,Serie A,2022,Spezia,2020s
262523,25000000,Davide Calabria,Serie A,2022,Milan,2020s
266302,70000000,Sergej Milinković-Savić,Serie A,2022,Lazio,2020s
268178,3000000,Arkadiusz Reca,Serie A,2022,Spezia,2020s
275303,13000000,Hans Hateboer,Ligue 1,2022,Atalanta,2020s
277167,7000000,Gian Marco Ferrari,Serie A,2022,Sassuolo,2020s
278531,3000000,Sebastiano Luperto,Serie A,2022,Empoli,2020s
282388,17000000,Giovanni Simeone,Serie A,2022,Napoli,2020s
284595,3500000,Tommaso Augello,Serie A,2022,Sampdoria,2020s
285845,10000000,Ainsley Maitland-Niles,Ligue 1,2022,Southampton,2020s
286297,45000000,Lorenzo Pellegrini,Serie A,2022,Roma,2020s
295183,12000000,Răzvan Marin,Serie A,2022,Empoli,2020s
295331,3000000,Isaac Success,Serie A,2022,Udinese,2020s
296422,3500000,Fodé Ballo-Touré,Ligue 1,2022,Milan,2020s
298635,1500000,Grigoris Kastanos,Serie A,2022,Salernitana,2020s
303116,12000000,Gaetano Castrovilli,Serie A,2022,Fiorentina,2020s
303254,50000000,Fikayo Tomori,Serie A,2022,Milan,2020s
308279,10000000,Rolando Mandragora,Serie A,2022,Fiorentina,2020s
309944,1400000,Tyronne Ebuehi,Serie A,2022,Empoli,2020s
310458,3600000,Giangiacomo Magnani,Serie A,2022,Hellas Verona,2020s
313477,2000000,Paolo Ghiglione,Serie A,2022,Cremonese,2020s
315853,60000000,Alessandro Bastoni,Serie A,2022,Inter,2020s
315865,20000000,Andrea Pinamonti,Serie A,2022,Sassuolo,2020s
323954,5000000,Walace,Serie A,2022,Udinese,2020s
332697,25000000,Weston McKennie,Serie A,2022,Leeds United,2020s
334835,8000000,Toma Bašić,Serie A,2022,Lazio,2020s
336125,5500000,Mërgim Vojvoda,Serie A,2022,Torino,2020s
339808,55000000,Theo Hernández,Serie A,2022,Milan,2020s
340394,3000000,Abdelhamid Sabiri,Serie A,2022,Sampdoria,2020s
341092,65000000,Federico Chiesa,Premier League,2022,Juventus,2020s
345458,5000000,Sebastian Walukiewicz,Serie A,2022,Empoli,2020s
351816,33000000,Ismaël Bennacer,Ligue 1,2022,Milan,2020s
364133,4500000,Pietro Pellegri,Serie A,2022,Torino,2020s
368891,15000000,Arthur Theate,Bundesliga,2022,Rennes,2020s
373373,12000000,Lucas Martínez Quarta,Serie A,2022,Fiorentina,2020s
381950,17000000,Alexis Saelemaekers,Serie A,2022,Milan,2020s
386446,4000000,Alessandro Buongiorno,Serie A,2022,Torino,2020s
386552,3000000,Lassana Coulibaly,Serie A,2022,Salernitana,2020s
392085,33000000,Nicolò Zaniolo,Serie A,2022,Roma,2020s
392538,16000000,Tommaso Pobega,Serie A,2022,Milan,2020s
392771,13000000,Ethan Ampadu,Serie A,2022,Spezia,2020s
392966,1400000,Nadir Zortea,Serie A,2022,Atalanta,2020s
889683,6000000,Rogério,Bundesliga,2022,Sassuolo,2020s
412513,5000000,Thomas Henry,Serie A,2022,Hellas Verona,2020s
416386,3000000,Abdou Harroui,Serie A,2022,Sassuolo,2020s
424042,20000000,Nahuel Molina,La Liga,2022,Atltico Madrid,2020s
435228,1800000,Ardian Ismajli,Serie A,2022,Empoli,2020s
449151,6000000,Junior Messias,Serie A,2022,Milan,2020s
573907,16000000,Luiz Felipe,Ligue 1,2022,Betis,2020s
467992,12000000,Samuele Ricci,Serie A,2022,Torino,2020s
470794,14000000,Ivan Ilić,Serie A,2022,Hellas Verona,2020s
481834,5000000,Andrea Carboni,Serie A,2022,Monza,2020s
486624,18000000,Musa Barrow,Serie A,2022,Bologna,2020s
497291,13000000,Nicolás Domínguez,Premier League,2022,Bologna,2020s
532937,4000000,Johan Vásquez,Serie A,2022,Cremonese,2020s
538974,4000000,Janis Antiste,Serie A,2022,Sassuolo,2020s
539134,2000000,Daniel Maldini,Serie A,2022,Spezia,2020s
544149,7000000,David Zima,Serie A,2022,Torino,2020s
547985,4500000,Fabiano Parisi,Serie A,2022,Empoli,2020s
574495,1800000,Kristoffer Askildsen,Serie A,2022,Lecce,2020s
587458,3500000,Kevin Agudelo,Serie A,2022,Spezia,2020s
595809,10000000,Beto,Premier League,2022,Udinese,2020s
607854,13000000,Éderson,Serie A,2022,Atalanta,2020s
623040,1500000,Yayah Kallon,Serie A,2022,Hellas Verona,2020s
641537,800000,Tommaso Baldanzi,Serie A,2022,Empoli,2020s
769063,1000000,Luka Romero,La Liga,2022,Lazio,2020s
872380,6000000,Felix Afena-Gyan,Serie A,2022,Cremonese,2020s
247555,2000000,Edimilson Fernandes,Ligue 1,2022,Mainz 05,2020s
748382,2000000,Amin Sarr,Serie A,2022,Lyon,2020s
227085,13000000,Jonas Hofmann,Bundesliga,2022,Gladbach,2020s
32711,2300000,Patrick Herrmann,Bundesliga,2022,Gladbach,2020s
38410,800000,Daniel Caligiuri,Bundesliga,2022,Augsburg,2020s
42783,2000000,André Hahn,Bundesliga,2022,Augsburg,2020s
42936,1500000,Nils Petersen,Bundesliga,2022,Freiburg,2020s
44466,2500000,Sebastian Rode,Bundesliga,2022,Eint Frankfurt,2020s
48298,2500000,Lars Stindl,Bundesliga,2022,Gladbach,2020s
53418,6000000,Kevin Kampl,Bundesliga,2022,RB Leipzig,2020s
55099,2500000,Nicolas Höfler,Bundesliga,2022,Freiburg,2020s
57051,1500000,Sebastian Rudy,Bundesliga,2022,Hoffenheim,2020s
58358,22000000,Thomas Müller,Bundesliga,2022,Bayern Munich,2020s
60957,2200000,Sebastian Polter,Bundesliga,2022,Schalke 04,2020s
72792,2300000,Niko Gießelmann,Bundesliga,2022,Union Berlin,2020s
75921,900000,Christopher Trimmel,Bundesliga,2022,Union Berlin,2020s
79377,2500000,Genki Haraguchi,Bundesliga,2022,Stuttgart,2020s
79967,1100000,Simon Zoller,Bundesliga,2022,Bochum,2020s
82097,2500000,Christoph Kramer,Bundesliga,2022,Gladbach,2020s
82350,2500000,Stefan Bell,Bundesliga,2022,Mainz 05,2020s
85906,2300000,Danny da Costa,Bundesliga,2022,Mainz 05,2020s
89701,3500000,Charles Aránguiz,Bundesliga,2022,Leverkusen,2020s
93604,2300000,Lukas Kübler,Bundesliga,2022,Freiburg,2020s
93707,12000000,Christian Günter,Bundesliga,2022,Freiburg,2020s
106270,3500000,Florian Kainz,Bundesliga,2022,Kln,2020s
106405,3500000,Jeffrey Gouweleeuw,Bundesliga,2022,Augsburg,2020s
106872,1600000,Kevin Stöger,Bundesliga,2022,Bochum,2020s
108537,3500000,Jonas Hector,Bundesliga,2022,Kln,2020s
110036,2500000,Dominique Heintz,Bundesliga,2022,Bochum,2020s
111078,11000000,Emil Forsberg,Bundesliga,2022,RB Leipzig,2020s
111266,500000,Anthony Losilla,Bundesliga,2022,Bochum,2020s
117432,900000,Kevin Behrens,Bundesliga,2022,Union Berlin,2020s
118847,5000000,Dominik Kohr,Bundesliga,2022,Mainz 05,2020s
119234,3500000,Karim Onisiwo,Bundesliga,2022,Mainz 05,2020s
121686,700000,Cristian Gamboa,Bundesliga,2022,Bochum,2020s
146310,8000000,Wataru Endo,Premier League,2022,Stuttgart,2020s
152963,2200000,Florian Niederlechner,Bundesliga,2022,Augsburg,2020s
153084,65000000,Leon Goretzka,Bundesliga,2022,Bayern Munich,2020s
157635,14000000,Yussuf Poulsen,Bundesliga,2022,RB Leipzig,2020s
159471,65000000,Serge Gnabry,Bundesliga,2022,Bayern Munich,2020s
159844,4000000,Christopher Lenz,Bundesliga,2022,Eint Frankfurt,2020s
160241,6000000,Kevin Akpoguma,Bundesliga,2022,Hoffenheim,2020s
160968,3000000,Benno Schmitz,Bundesliga,2022,Kln,2020s
161056,80000000,Joshua Kimmich,Bundesliga,2022,Bayern Munich,2020s
166601,35000000,Niklas Süle,Bundesliga,2022,Dortmund,2020s
167329,15000000,Alassane Pléa,Bundesliga,2022,Gladbach,2020s
168989,5000000,Silvan Widmer,Bundesliga,2022,Mainz 05,2020s
174196,3000000,Kenny Lala,Ligue 1,2022,Brest,2020s
177779,3500000,Janik Haberer,Bundesliga,2022,Union Berlin,2020s
178459,1800000,Davie Selke,Bundesliga,2022,Hertha BSC,2020s
180337,22000000,Sardar Azmoun,Serie A,2022,Leverkusen,2020s
183780,2200000,Paul Seguin,Bundesliga,2022,Union Berlin,2020s
185077,12000000,Vincenzo Grifo,Bundesliga,2022,Freiburg,2020s
187492,25000000,Julian Brandt,Bundesliga,2022,Dortmund,2020s
190393,15000000,Corentin Tolisso,Ligue 1,2022,Lyon,2020s
192565,60000000,Leroy Sané,Bundesliga,2022,Bayern Munich,2020s
192635,18000000,Nico Elvedi,Bundesliga,2022,Gladbach,2020s
193782,8000000,Lucas Alario,Bundesliga,2022,Eint Frankfurt,2020s
196357,25000000,Jonathan Tah,Bundesliga,2022,Leverkusen,2020s
700646,32000000,André Silva,Bundesliga,2022,RB Leipzig,2020s
212723,22000000,Djibril Sow,La Liga,2022,Eint Frankfurt,2020s
215599,18000000,Lukas Klostermann,Bundesliga,2022,RB Leipzig,2020s
221611,6000000,Paulo Otávio,Bundesliga,2022,Wolfsburg,2020s
223967,28000000,Konrad Laimer,Bundesliga,2022,RB Leipzig,2020s
223979,27000000,Xaver Schlager,Bundesliga,2022,RB Leipzig,2020s
225657,18000000,Philipp Lienhart,Bundesliga,2022,Freiburg,2020s
237164,16000000,Ihlas Bebou,Bundesliga,2022,Hoffenheim,2020s
242086,50000000,Patrik Schick,Bundesliga,2022,Leverkusen,2020s
245744,3000000,Takuma Asano,La Liga,2022,Bochum,2020s
248999,6500000,Lucas Höler,Bundesliga,2022,Freiburg,2020s
249157,1500000,Fredrik Jensen,Bundesliga,2022,Augsburg,2020s
251309,9000000,Dennis Geiger,Bundesliga,2022,Hoffenheim,2020s
251878,5000000,Aarón Martín,Serie A,2022,Mainz 05,2020s
277179,30000000,Angeliño,Serie A,2022,Hoffenheim,2020s
278332,20000000,Florian Neuhaus,Bundesliga,2022,Gladbach,2020s
287188,7500000,Dejan Ljubicic,Bundesliga,2022,Kln,2020s
289182,1000000,Christopher Antwi-Adjei,Bundesliga,2022,Bochum,2020s
290587,13000000,Ellyes Skhiri,Bundesliga,2022,Kln,2020s
293194,23000000,Borna Sosa,Serie A,2022,Stuttgart,2020s
293281,6000000,Jacob Bruun Larsen,Bundesliga,2022,Hoffenheim,2020s
295313,20000000,Taiwo Awoniyi,Premier League,2022,Nott'ham Forest,2020s
296397,5500000,Arne Maier,Bundesliga,2022,Augsburg,2020s
296879,1500000,Steffen Tigges,Bundesliga,2022,Kln,2020s
314288,18000000,Lukas Nmecha,Bundesliga,2022,Wolfsburg,2020s
315131,4000000,Timothy Fosu-Mensah,Bundesliga,2022,Leverkusen,2020s
315332,1800000,Aymen Barkok,Bundesliga,2022,Mainz 05,2020s
323831,20000000,Rafael Borré,Bundesliga,2022,Eint Frankfurt,2020s
324278,22000000,Christoph Baumgartner,Bundesliga,2022,Hoffenheim,2020s
333647,17000000,Jonathan Burkardt,Bundesliga,2022,Mainz 05,2020s
334221,5000000,Amos Pieper,Bundesliga,2022,Werder Bremen,2020s
338629,10000000,Sebastiaan Bornauw,Bundesliga,2022,Wolfsburg,2020s
342039,4000000,Yannik Keitel,Bundesliga,2022,Freiburg,2020s
348026,20000000,Nordi Mukiele,Bundesliga,2022,Paris S-G,2020s
353366,30000000,Benjamin Pavard,Serie A,2022,Bayern Munich,2020s
353892,4500000,Hiroki Ito,Bundesliga,2022,Stuttgart,2020s
353948,9000000,Lucas Tousart,Bundesliga,2022,Hertha BSC,2020s
356141,22000000,Daichi Kamada,Premier League,2022,Eint Frankfurt,2020s
370789,4000000,Julian Ryerson,Bundesliga,2022,Union Berlin,2020s
401578,15000000,Exequiel Palacios,Bundesliga,2022,Leverkusen,2020s
402008,24000000,Amadou Haidara,Bundesliga,2022,RB Leipzig,2020s
415912,15000000,Konstantinos Mavropanos,Premier League,2022,Stuttgart,2020s
418560,150000000,Erling Haaland,Premier League,2022,Manchester City,2020s
423436,6500000,Santiago Ascacíbar,Serie A,2022,Cremonese,2020s
424204,70000000,Alphonso Davies,Bundesliga,2022,Bayern Munich,2020s
445939,6000000,Omar Marmoush,Premier League,2022,Wolfsburg,2020s
448177,2000000,Jessic Ngankam,Bundesliga,2022,Hertha BSC,2020s
451276,28000000,Dominik Szoboszlai,Premier League,2022,RB Leipzig,2020s
454863,2000000,András Schäfer,Bundesliga,2022,Union Berlin,2020s
467720,15000000,Youssoufa Moukoko,Ligue 1,2022,Dortmund,2020s
472249,7500000,Jan Thielmann,Bundesliga,2022,Kln,2020s
473050,7000000,Kevin Schade,Premier League,2022,Brentford,2020s
484547,20000000,Jeremie Frimpong,Bundesliga,2022,Leverkusen,2020s
504153,8000000,Joe Scally,Bundesliga,2022,Gladbach,2020s
524285,6500000,Luca Netz,Bundesliga,2022,Gladbach,2020s
532776,12000000,Amine Adli,Bundesliga,2022,Leverkusen,2020s
564545,35000000,Edmond Tapsoba,Bundesliga,2022,Leverkusen,2020s
569366,2000000,Enzo Millot,Bundesliga,2022,Stuttgart,2020s
580195,65000000,Jamal Musiala,Bundesliga,2022,Bayern Munich,2020s
581678,80000000,Jude Bellingham,La Liga,2022,Dortmund,2020s
598577,70000000,Florian Wirtz,Bundesliga,2022,Leverkusen,2020s
616344,7000000,Tiago Tomás,Bundesliga,2022,Stuttgart,2020s
618425,2500000,Tanguy Coulibaly,Ligue 1,2022,Stuttgart,2020s
666234,22000000,Mohamed Simakan,Bundesliga,2022,RB Leipzig,2020s
670882,4000000,Jamie Gittens,Bundesliga,2022,Dortmund,2020s
711517,5000000,Kevin Paredes,Bundesliga,2022,Wolfsburg,2020s
822959,1000000,Tom Bischof,Bundesliga,2022,Hoffenheim,2020s
283871,150000,Florian Dietz,Bundesliga,2022,Kln,2020s
3333,2000000,James Milner,Premier League,2022,Liverpool,2020s
8198,30000000,Cristiano Ronaldo,Premier League,2022,Manchester Utd,2020s
14086,1000000,Ashley Young,Premier League,2022,Aston Villa,2020s
294817,2500000,Thiago Silva,Premier League,2022,Chelsea,2020s
33713,1800000,Theo Walcott,Premier League,2022,Southampton,2020s
43530,2000000,Adam Lallana,Premier League,2022,Brighton,2020s
48280,4000000,Edinson Cavani,La Liga,2022,Valencia,2020s
57500,9000000,César Azpilicueta,La Liga,2022,Chelsea,2020s
60444,20000000,Thiago Alcántara,Premier League,2022,Liverpool,2020s
61592,1500000,James Tomkins,Premier League,2022,Crystal Palace,2020s
66934,4000000,Cheikhou Kouyaté,Premier League,2022,Nott'ham Forest,2020s
67063,4000000,Danny Welbeck,Premier League,2022,Brighton,2020s
67420,4000000,Luke Ayling,Premier League,2022,Leeds United,2020s
68390,3000000,Séamus Coleman,Premier League,2022,Everton,2020s
69633,20000000,Christian Eriksen,Premier League,2022,Manchester Utd,2020s
74810,2500000,Ben Mee,Premier League,2022,Brentford,2020s
75067,7000000,Liam Cooper,Premier League,2022,Leeds United,2020s
82873,6000000,Pascal Groß,Bundesliga,2022,Brighton,2020s
86202,40000000,Antonio Rüdiger,La Liga,2022,Real Madrid,2020s
88755,85000000,Kevin De Bruyne,Premier League,2022,Manchester City,2020s
92572,2000000,Joel Ward,Premier League,2022,Crystal Palace,2020s
93720,15000000,Alexandre Lacazette,Ligue 1,2022,Lyon,2020s
95424,18000000,Kyle Walker,Serie A,2022,Manchester City,2020s
95810,15000000,Kieran Trippier,Premier League,2022,Newcastle Utd,2020s
108354,6000000,Jordan Ayew,Premier League,2022,Crystal Palace,2020s
111195,10000000,Joël Veltman,Premier League,2022,Brighton,2020s
111455,20000000,Granit Xhaka,Bundesliga,2022,Arsenal,2020s
121477,3000000,Craig Dawson,Premier League,2022,West Ham,2020s
122153,48000000,Paul Pogba,Serie A,2022,Juventus,2020s
450826,18000000,Callum Wilson,Premier League,2022,Newcastle Utd,2020s
125314,7000000,Pontus Jansson,Premier League,2022,Brentford,2020s
126664,25000000,Lucas Digne,Premier League,2022,Aston Villa,2020s
127187,22000000,Abdoulaye Doucouré,Premier League,2022,Everton,2020s
128901,25000000,Conor Coady,Premier League,2022,Everton,2020s
130765,6000000,Stuart Armstrong,Premier League,2022,Southampton,2020s
131978,12000000,Ross Barkley,Premier League,2022,Nice,2020s
132098,90000000,Harry Kane,Bundesliga,2022,Tottenham,2020s
134294,20000000,Danny Ings,Premier League,2022,West Ham,2020s
134425,70000000,Raheem Sterling,Premier League,2022,Chelsea,2020s
135343,7000000,Fabian Schär,Premier League,2022,Newcastle Utd,2020s
139208,55000000,Virgil van Dijk,Premier League,2022,Liverpool,2020s
141660,18000000,Jesse Lingard,Premier League,2022,Nott'ham Forest,2020s
142310,6000000,Willy Boly,Premier League,2022,Nott'ham Forest,2020s
144028,20000000,Leandro Trossard,Premier League,2022,Arsenal,2020s
148153,20000000,Lewis Dunk,Premier League,2022,Brighton,2020s
148368,12000000,Divock Origi,Premier League,2022,Milan,2020s
148455,90000000,Mohamed Salah,Premier League,2022,Liverpool,2020s
165793,12000000,Takumi Minamino,Ligue 1,2022,Monaco,2020s
173504,22000000,James Tarkowski,Premier League,2022,Everton,2020s
175722,28000000,Eric Dier,Bundesliga,2022,Tottenham,2020s
176553,45000000,Aymeric Laporte,Premier League,2022,Manchester City,2020s
181579,32000000,James Ward-Prowse,Premier League,2022,Southampton,2020s
182712,65000000,João Cancelo,La Liga,2022,Manchester City,2020s
183288,38000000,Luke Shaw,Premier League,2022,Manchester Utd,2020s
183334,16000000,Patrick Bamford,Premier League,2022,Leeds United,2020s
186590,28000000,John Stones,Premier League,2022,Manchester City,2020s
193116,32000000,John McGinn,Premier League,2022,Aston Villa,2020s
196948,35000000,Andreas Christensen,La Liga,2022,Barcelona,2020s
197838,5000000,Jamie Vardy,Premier League,2022,Leicester City,2020s
199527,5000000,Jacob Murphy,Premier League,2022,Newcastle Utd,2020s
200512,70000000,Sadio Mané,Bundesliga,2022,Bayern Munich,2020s
202886,20000000,Ruben Loftus-Cheek,Serie A,2022,Chelsea,2020s
203460,70000000,Jack Grealish,Premier League,2022,Manchester City,2020s
203853,25000000,Oleksandr Zinchenko,Premier League,2022,Arsenal,2020s
204294,2500000,Saman Ghoddos,Premier League,2022,Brentford,2020s
207014,6000000,Will Hughes,Premier League,2022,Crystal Palace,2020s
209212,9000000,Solly March,Premier League,2022,Brighton,2020s
212847,17000000,Adam Webster,Premier League,2022,Brighton,2020s
217115,18000000,Neal Maupay,Ligue 1,2022,Everton,2020s
670710,18000000,André Gomes,Ligue 1,2022,Lille,2020s
225083,40000000,N'Golo Kanté,Premier League,2022,Chelsea,2020s
225161,40000000,Rúben Neves,Premier League,2022,Wolves,2020s
697714,60000000,Fabinho,Premier League,2022,Liverpool,2020s
230784,38000000,Thomas Partey,Premier League,2022,Arsenal,2020s
234803,65000000,Andrew Robertson,Premier League,2022,Liverpool,2020s
240306,85000000,Bruno Fernandes,Premier League,2022,Manchester Utd,2020s
241641,80000000,Bernardo Silva,Premier League,2022,Manchester City,2020s
242631,18000000,Alex Iwobi,Premier League,2022,Everton,2020s
249565,55000000,Youri Tielemans,Premier League,2022,Leicester City,2020s
253677,30000000,Tyrone Mings,Premier League,2022,Aston Villa,2020s
255755,18000000,Alex Telles,La Liga,2022,Sevilla,2020s
258004,75000000,Rúben Dias,Premier League,2022,Manchester City,2020s
258883,4000000,Jonjoe Kenny,Bundesliga,2022,Hertha BSC,2020s
260827,25000000,Joachim Andersen,Premier League,2022,Crystal Palace,2020s
262226,28000000,Timothy Castagne,Premier League,2022,Leicester City,2020s
272622,10000000,Issa Diop,Premier League,2022,Fulham,2020s
274839,60000000,Wilfred Ndidi,Premier League,2022,Leicester City,2020s
281404,7000000,Kenedy,La Liga,2022,Valladolid,2020s
282429,25000000,Sergio Reguilón,Premier League,2022,Atltico Madrid,2020s
286949,3000000,Adam Masina,Serie A,2022,Udinese,2020s
289446,20000000,Yerry Mina,Serie A,2022,Everton,2020s
290532,25000000,Saïd Benrahma,Premier League,2022,West Ham,2020s
292417,22000000,Demarai Gray,Premier League,2022,Everton,2020s
294057,50000000,James Maddison,Premier League,2022,Leicester City,2020s
295330,20000000,Kelechi Iheanacho,Premier League,2022,Leicester City,2020s
297212,8000000,Joe Rodon,Premier League,2022,Rennes,2020s
300716,32000000,Kieran Tierney,Premier League,2022,Arsenal,2020s
309400,70000000,Kai Havertz,Premier League,2022,Chelsea,2020s
854853,18000000,Tom Davies,Premier League,2022,Everton,2020s
314353,80000000,Trent Alexander-Arnold,Premier League,2022,Liverpool,2020s
314875,42000000,Jarrod Bowen,Premier League,2022,West Ham,2020s
315779,42000000,Christian Pulisic,Serie A,2022,Chelsea,2020s
315969,32000000,Scott McTominay,Serie A,2022,Manchester Utd,2020s
316125,38000000,Ben Chilwell,Premier League,2022,Chelsea,2020s
318523,8000000,Romain Perraud,La Liga,2022,Southampton,2020s
319301,18000000,Daniel James,Premier League,2022,Leeds United,2020s
324358,35000000,Ollie Watkins,Premier League,2022,Aston Villa,2020s
335721,40000000,Ben White,Premier League,2022,Arsenal,2020s
340321,10000000,Josh Dasilva,Premier League,2022,Brentford,2020s
340324,16000000,Eddie Nketiah,Premier League,2022,Arsenal,2020s
340329,22000000,Joe Willock,Premier League,2022,Newcastle Utd,2020s
340950,60000000,Diogo Jota,Premier League,2022,Liverpool,2020s
341051,22000000,Kyle Walker-Peters,Premier League,2022,Southampton,2020s
343052,25000000,Nicolas Pépé,La Liga,2022,Nice,2020s
346707,13000000,Sean Longstaff,Premier League,2022,Newcastle Utd,2020s
357119,40000000,Ibrahima Konaté,Premier League,2022,Liverpool,2020s
357662,80000000,Declan Rice,Premier League,2022,West Ham,2020s
357885,22000000,Pablo Fornals,La Liga,2022,West Ham,2020s
365172,20000000,Patson Daka,Premier League,2022,Leicester City,2020s
374139,12000000,Junior Firpo,Premier League,2022,Leeds United,2020s
379807,5000000,Lyanco,Premier League,2022,Southampton,2020s
388165,12000000,Yoane Wissa,Premier League,2022,Brentford,2020s
392775,18000000,Ryan Sessegnon,Premier League,2022,Tottenham,2020s
398065,32000000,Harvey Barnes,Premier League,2022,Leicester City,2020s
406040,10000000,Ademola Lookman,Serie A,2022,Atalanta,2020s
406638,18000000,Oliver Skipp,Premier League,2022,Tottenham,2020s
413039,22000000,Bryan Mbeumo,Premier League,2022,Brentford,2020s
417346,18000000,Jack Harrison,Premier League,2022,Leeds United,2020s
421637,9000000,Frank Onyeka,Bundesliga,2022,Brentford,2020s
433177,65000000,Bukayo Saka,Premier League,2022,Arsenal,2020s
433188,28000000,Curtis Jones,Premier League,2022,Liverpool,2020s
442248,12000000,Ethan Pinnock,Premier League,2022,Brentford,2020s
447661,38000000,Douglas Luiz,Serie A,2022,Aston Villa,2020s
448854,14000000,Emmanuel Dennis,Premier League,2022,Nott'ham Forest,2020s
474701,2000000,Crysencio Summerville,Premier League,2022,Leeds United,2020s
475411,40000000,Wesley Fofana,Premier League,2022,Leicester City,2020s
479999,22000000,Eberechi Eze,Premier League,2022,Crystal Palace,2020s
487465,32000000,Pedro Neto,Premier League,2022,Wolves,2020s
490307,18000000,Enock Mwepu,Premier League,2022,Brighton,2020s
520624,40000000,Bruno Guimarães,Premier League,2022,Newcastle Utd,2020s
532178,2500000,Sam Greenwood,Premier League,2022,Leeds United,2020s
534033,16000000,Alexis Mac Allister,Premier League,2022,Brighton,2020s
535955,15000000,Nuno Tavares,Serie A,2022,Marseille,2020s
568005,3000000,Jeremy Sarmiento,Premier League,2022,Brighton,2020s
568177,6000000,Cole Palmer,Premier League,2022,Manchester City,2020s
584769,18000000,Dwight McNeil,Premier League,2022,Everton,2020s
628451,2000000,Roméo Lavia,Premier League,2022,Southampton,2020s
648046,600000,Evan Ferguson,Premier League,2022,Brighton,2020s
659459,6000000,Carney Chukwuemeka,Bundesliga,2022,Chelsea,2020s
660867,11000000,Julio Enciso,Premier League,2022,Brighton,2020s
36284,1000000,Simon Terodde,Bundesliga,2022,Schalke 04,2020s
58396,500000,Christian Groß,Bundesliga,2022,Werder Bremen,2020s
58995,1000000,Anthony Jung,Bundesliga,2022,Werder Bremen,2020s
119037,2000000,Philipp Hofmann,Bundesliga,2022,Bochum,2020s
232463,2000000,Luca Pfeiffer,Bundesliga,2022,Stuttgart,2020s
275249,800000,Niklas Schmidt,Ligue 1,2022,Werder Bremen,2020s
346853,3500000,Romano Schmid,Bundesliga,2022,Werder Bremen,2020s
355816,5000000,Ko Itakura,Bundesliga,2022,Gladbach,2020s
381753,1000000,Ilia Gruev,Bundesliga,2022,Werder Bremen,2020s
405687,4000000,Tom Krauß,Bundesliga,2022,Schalke 04,2020s
435796,2000000,Kilian Fischer,Bundesliga,2022,Wolfsburg,2020s
448258,3000000,Josha Vagnoman,Bundesliga,2022,Stuttgart,2020s
596881,1000000,Florian Flick,Bundesliga,2022,Schalke 04,2020s
289835,3500000,Jens Stage,Bundesliga,2022,Werder Bremen,2020s
430280,900000,Hans Nicolussi Caviglia,Serie A,2022,Salernitana,2020s
496745,800000,Emil Holm,Serie A,2022,Spezia,2020s
571607,5000000,Fabio Miretti,Serie A,2022,Juventus,2020s
581672,700000,Samuel Iling-Junior,Serie A,2022,Juventus,2020s
602124,350000,Alessandro Bianco,Serie A,2022,Fiorentina,2020s
631007,250000,Filippo Terracciano,Serie A,2022,Hellas Verona,2020s
678441,150000,Daniele Montevago,Serie A,2022,Sampdoria,2020s
691482,250000,Jacopo Fazzini,Serie A,2022,Empoli,2020s
698110,250000,Lorenzo Malagrida,Serie A,2022,Sampdoria,2020s
746891,900000,Cristian Volpato,Serie A,2022,Roma,2020s
982267,100000,Ibrahim Sulemana,Serie A,2022,Hellas Verona,2020s
201737,4500000,Christopher Jullien,Ligue 1,2022,Montpellier,2020s
428563,2000000,Lewis Ferguson,Serie A,2022,Bologna,2020s
466602,250000,Karamoko Dembélé,Ligue 1,2022,Brest,2020s
468198,10000000,Joe Aribo,Premier League,2022,Southampton,2020s
567129,3000000,Josh Doig,Serie A,2022,Hellas Verona,2020s
795431,150000,Tio Cipot,Serie A,2022,Spezia,2020s
678479,250000,Denis Huseinbasic,Bundesliga,2022,Kln,2020s
59323,1500000,Cristhian Stuani,La Liga,2022,Girona,2020s
64598,1500000,Bernardo Espinosa,La Liga,2022,Girona,2020s
67808,1500000,Borja García,La Liga,2022,Girona,2020s
115333,1500000,Juanpe,La Liga,2022,Girona,2020s
138803,2000000,Francisco Portillo,La Liga,2022,Almera,2020s
145769,1200000,Sergio León,La Liga,2022,Valladolid,2020s
176140,2000000,Rodrigo Ely,La Liga,2022,Almera,2020s
544106,300000,Óscar Gil,La Liga,2022,Espanyol,2020s
202984,2500000,Roque Mesa,La Liga,2022,Valladolid,2020s
221309,2500000,Óscar Plano,La Liga,2022,Valladolid,2020s
221311,800000,Iván Sánchez,La Liga,2022,Valladolid,2020s
226261,1000000,César de la Hoz,La Liga,2022,Almera,2020s
235412,1200000,Jawad El Yamiq,La Liga,2022,Valladolid,2020s
247652,8000000,Shon Weissman,La Liga,2022,Valladolid,2020s
261504,2500000,Aleix García,Bundesliga,2022,Girona,2020s
333361,2000000,Chumi,La Liga,2022,Almera,2020s
340205,600000,Gorka Guruzeta,La Liga,2022,Athletic Club,2020s
340853,2500000,Javi Sánchez,La Liga,2022,Valladolid,2020s
341278,800000,Iván Martín,La Liga,2022,Girona,2020s
355627,4000000,Sergio Akieme,Ligue 1,2022,Almera,2020s
422466,2500000,Javi Hernández,La Liga,2022,Girona,2020s
438001,2000000,Santiago Bueno,Premier League,2022,Girona,2020s
449496,1800000,Álvaro Aguado,La Liga,2022,Valladolid,2020s
457221,4000000,Lucas Robertone,La Liga,2022,Almera,2020s
506248,4000000,Edu Expósito,La Liga,2022,Espanyol,2020s
518644,4000000,Largie Ramazani,La Liga,2022,Almera,2020s
531277,1200000,Andrés Martín,La Liga,2022,Rayo Vallecano,2020s
591916,200000,Aitor Paredes,La Liga,2022,Athletic Club,2020s
592735,6000000,Gonzalo Plata,La Liga,2022,Valladolid,2020s
635346,200000,Diego Moreno,La Liga,2022,Osasuna,2020s
710677,100000,Iker Muñoz,La Liga,2022,Osasuna,2020s
785353,400000,Pablo Ibáñez,La Liga,2022,Osasuna,2020s
907813,200000,Pablo Marín,La Liga,2022,Real Sociedad,2020s
811779,2000000,Alejandro Garnacho,Premier League,2022,Manchester Utd,2020s
566823,1800000,Achraf Dari,Ligue 1,2022,Brest,2020s
884072,100000,Jeffinho,Ligue 1,2022,Lyon,2020s
928323,200000,Ibrahim Salah,Ligue 1,2022,Rennes,2020s
567576,1500000,Elliot Anderson,Premier League,2022,Newcastle Utd,2020s
707242,150000,Badredine Bouanani,Ligue 1,2022,Nice,2020s
743498,3500000,Wilson Odobert,Premier League,2022,Troyes,2020s
782630,500000,Khalil Fayad,Ligue 1,2022,Montpellier,2020s
810092,5000000,Warren Zaïre-Emery,Ligue 1,2022,Paris S-G,2020s
810895,200000,Eliesse Ben Seghir,Ligue 1,2022,Monaco,2020s
638589,500000,Ángel Algobia,La Liga,2022,Getafe,2020s
775605,100000,Pablo Barrios,La Liga,2022,Atltico Madrid,2020s
725242,600000,Luca D'Andrea,Serie A,2022,Sassuolo,2020s
203507,3500000,Adrien Hunou,Ligue 1,2022,Angers,2020s
864799,1000000,Stefan Bajcetic,La Liga,2022,Liverpool,2020s
916920,600000,Shavy Babicka,Ligue 1,2023,Toulouse,2020s
670858,5000000,Lewis Hall,Premier League,2023,Newcastle Utd,2020s
700106,500000,Brajan Gruda,Premier League,2023,Mainz 05,2020s
724106,250000,Luca Lipani,Serie A,2023,Sassuolo,2020s
798929,500000,Gvidas Gineitis,Serie A,2023,Torino,2020s
943837,14000000,Vitor Roque,La Liga,2023,Barcelona,2020s
122840,1500000,Loïc Nego,Ligue 1,2023,Le Havre,2020s
364405,5000000,Adama Traoré,Ligue 1,2023,Fulham,2020s
225122,28000000,Gonçalo Guedes,Premier League,2023,Villarreal,2020s
550550,40000000,Gonçalo Ramos,Ligue 1,2023,Paris S-G,2020s
816580,1000000,Tiago Santos,Ligue 1,2023,Lille,2020s
149716,2300000,Ivan Cavaleiro,Ligue 1,2023,Lille,2020s
177847,7000000,Adnan Januzaj,La Liga,2023,Sevilla,2020s
392085,28000000,Nicolò Zaniolo,Serie A,2023,Aston Villa,2020s
672803,2000000,Bertuğ Yıldırım,La Liga,2023,Rennes,2020s
58864,7000000,Pierre-Emerick Aubameyang,Ligue 1,2023,Marseille,2020s
74230,16000000,Pablo Sarabia,Premier League,2023,Wolves,2020s
126664,17000000,Lucas Digne,Premier League,2023,Aston Villa,2020s
134425,60000000,Raheem Sterling,Premier League,2023,Chelsea,2020s
139208,45000000,Virgil van Dijk,Premier League,2023,Liverpool,2020s
148455,70000000,Mohamed Salah,Premier League,2023,Liverpool,2020s
157509,28000000,Kurt Zouma,Premier League,2023,West Ham,2020s
177476,35000000,Nathan Aké,Premier League,2023,Manchester City,2020s
177907,25000000,Harry Maguire,Premier League,2023,Manchester Utd,2020s
181579,38000000,James Ward-Prowse,Premier League,2023,West Ham,2020s
193116,27000000,John McGinn,Premier League,2023,Aston Villa,2020s
203394,16000000,Andreas Pereira,Premier League,2023,Fulham,2020s
203853,40000000,Oleksandr Zinchenko,Premier League,2023,Arsenal,2020s
206746,12000000,Kenny Tete,Premier League,2023,Fulham,2020s
209212,18000000,Solly March,Premier League,2023,Brighton,2020s
231572,15000000,Nélson Semedo,Premier League,2023,Wolves,2020s
234803,48000000,Andrew Robertson,Premier League,2023,Liverpool,2020s
249565,30000000,Youri Tielemans,Premier League,2023,Aston Villa,2020s
251664,50000000,Ivan Toney,Premier League,2023,Brentford,2020s
257455,35000000,João Palhinha,Bundesliga,2023,Fulham,2020s
258878,15000000,Tosin Adarabioyo,Premier League,2023,Fulham,2020s
272622,18000000,Issa Diop,Premier League,2023,Fulham,2020s
277033,12000000,David Brooks,Premier League,2023,Bournemouth,2020s
279455,13000000,Harry Wilson,Premier League,2023,Fulham,2020s
306024,25000000,Dominic Calvert-Lewin,Premier League,2023,Everton,2020s
309400,60000000,Kai Havertz,Premier League,2023,Arsenal,2020s
314353,65000000,Trent Alexander-Arnold,Premier League,2023,Liverpool,2020s
314875,38000000,Jarrod Bowen,Premier League,2023,West Ham,2020s
315779,32000000,Christian Pulisic,Serie A,2023,Milan,2020s
315867,27000000,Gianluca Scamacca,Serie A,2023,Atalanta,2020s
315969,25000000,Scott McTominay,Serie A,2023,Manchester Utd,2020s
316125,35000000,Ben Chilwell,Premier League,2023,Chelsea,2020s
333241,38000000,Joelinton,Premier League,2023,Newcastle Utd,2020s
335721,50000000,Ben White,Premier League,2023,Arsenal,2020s
340324,25000000,Eddie Nketiah,Premier League,2023,Arsenal,2020s
343475,15000000,Ben Godfrey,Premier League,2023,Everton,2020s
349701,12000000,Antonee Robinson,Premier League,2023,Fulham,2020s
355861,27000000,Arnaut Danjuma,La Liga,2023,Everton,2020s
357147,35000000,Diogo Dalot,Premier League,2023,Manchester Utd,2020s
361093,45000000,Sven Botman,Premier League,2023,Newcastle Utd,2020s
361914,32000000,Nayef Aguerd,La Liga,2023,West Ham,2020s
362842,15000000,Arthur Melo,La Liga,2023,Fiorentina,2020s
410425,25000000,Yves Bissouma,Premier League,2023,Tottenham,2020s
417346,22000000,Jack Harrison,Premier League,2023,Everton,2020s
423744,9000000,Billy Gilmour,Serie A,2023,Brighton,2020s
425918,20000000,Jakub Kiwior,Premier League,2023,Arsenal,2020s
429014,30000000,Morgan Gibbs-White,Premier League,2023,Nott'ham Forest,2020s
431755,55000000,Dejan Kulusevski,Premier League,2023,Tottenham,2020s
433177,110000000,Bukayo Saka,Premier League,2023,Arsenal,2020s
433188,17000000,Curtis Jones,Premier League,2023,Liverpool,2020s
435338,50000000,Gabriel Magalhães,Premier League,2023,Arsenal,2020s
473050,20000000,Kevin Schade,Premier League,2023,Brentford,2020s
477758,22000000,Aaron Wan-Bissaka,Premier League,2023,Manchester Utd,2020s
485706,42000000,Amadou Onana,Premier League,2023,Everton,2020s
495666,55000000,William Saliba,Premier League,2023,Arsenal,2020s
503749,32000000,Jacob Ramsey,Premier League,2023,Aston Villa,2020s
503987,28000000,Noni Madueke,Premier League,2023,Chelsea,2020s
504849,22000000,Kaoru Mitoma,Premier League,2023,Brighton,2020s
538971,10000000,Naouirou Ahamada,Ligue 1,2023,Crystal Palace,2020s
548470,2000000,Teden Mengi,Premier League,2023,Luton Town,2020s
553875,35000000,Pedro Porro,Premier League,2023,Tottenham,2020s
576314,4000000,Jan Paul van Hecke,Premier League,2023,Brighton,2020s
578539,10000000,Chris Richards,Premier League,2023,Crystal Palace,2020s
583255,9000000,Antoine Semenyo,Premier League,2023,Bournemouth,2020s
798687,70000000,Antony,La Liga,2023,Manchester Utd,2020s
614258,16000000,Levi Colwill,Premier League,2023,Chelsea,2020s
644401,15000000,Keane Lewis-Potter,Premier League,2023,Brentford,2020s
648046,10000000,Evan Ferguson,Premier League,2023,Brighton,2020s
648195,85000000,Enzo Fernández,Premier League,2023,Chelsea,2020s
649317,12000000,Jhon Durán,Premier League,2023,Aston Villa,2020s
655488,70000000,Gabriel Martinelli,Premier League,2023,Arsenal,2020s
668547,10000000,Máximo Perrone,Serie A,2023,Las Palmas,2020s
687626,55000000,Moisés Caicedo,Premier League,2023,Chelsea,2020s
748319,12000000,Carlos Alcaraz,Premier League,2023,Juventus,2020s
787232,10000000,David Datro Fofana,Premier League,2023,Burnley,2020s
811779,25000000,Alejandro Garnacho,Premier League,2023,Manchester Utd,2020s
820374,800000,Kobbie Mainoo,Premier League,2023,Manchester Utd,2020s
823231,20000000,Dango Ouattara,Premier League,2023,Bournemouth,2020s
195736,8000000,Florian Grillitsch,La Liga,2023,Hoffenheim,2020s
460939,8000000,Tijjani Reijnders,Serie A,2023,Milan,2020s
523318,6000000,Anastasios Douvikas,Serie A,2023,Celta Vigo,2020s
543499,30000000,Mohammed Kudus,Premier League,2023,West Ham,2020s
566931,30000000,Xavi Simons,Bundesliga,2023,RB Leipzig,2020s
575693,500000,Ibrahim Cissoko,Ligue 1,2023,Toulouse,2020s
661053,7000000,Jarrad Branthwaite,Premier League,2023,Everton,2020s
315063,5000000,Nahitan Nández,Serie A,2023,Cagliari,2020s
346890,22000000,Noah Okafor,Serie A,2023,Milan,2020s
392569,2000000,Gabriele Zappa,Serie A,2023,Cagliari,2020s
398030,2800000,Giuseppe Caso,Serie A,2023,Frosinone,2020s
405397,5000000,Keito Nakamura,Ligue 1,2023,Reims,2020s
457422,4500000,Samuele Mulattieri,Serie A,2023,Sassuolo,2020s
521407,8000000,Walid Cheddira,La Liga,2023,Frosinone,2020s
633668,6000000,Giovanni Fabbian,Serie A,2023,Bologna,2020s
73794,10000000,Duván Zapata,Serie A,2023,Torino,2020s
96341,40000000,Romelu Lukaku,Serie A,2023,Roma,2020s
111196,10000000,Stefan de Vrij,Serie A,2023,Inter,2020s
119228,8000000,Luis Muriel,Serie A,2023,Atalanta,2020s
144143,2000000,Bartosz Bereszyński,Serie A,2023,Empoli,2020s
166237,12000000,Leandro Paredes,Serie A,2023,Roma,2020s
177843,18000000,Domenico Berardi,Serie A,2023,Sassuolo,2020s
182913,30000000,Adrien Rabiot,Ligue 1,2023,Juventus,2020s
184892,7500000,Florian Thauvin,Serie A,2023,Udinese,2020s
184894,5000000,Alfred Duncan,Serie A,2023,Fiorentina,2020s
192735,38000000,Stanislav Lobotka,Serie A,2023,Napoli,2020s
223974,10000000,Stefan Posch,Serie A,2023,Bologna,2020s
227081,14000000,Joaquín Correa,Serie A,2023,Marseille,2020s
241527,4500000,Federico Bonazzoli,Serie A,2023,Hellas Verona,2020s
251075,10000000,Zeki Çelik,Serie A,2023,Roma,2020s
255838,3500000,Patrick Ciurria,Serie A,2023,Monza,2020s
257462,10000000,Luka Jović,Serie A,2023,Milan,2020s
262523,20000000,Davide Calabria,Serie A,2023,Milan,2020s
268429,7000000,Sandi Lovrić,Serie A,2023,Udinese,2020s
272812,2300000,Kingsley Ehizibue,Serie A,2023,Udinese,2020s
275303,6000000,Hans Hateboer,Ligue 1,2023,Atalanta,2020s
286297,35000000,Lorenzo Pellegrini,Serie A,2023,Roma,2020s
303254,45000000,Fikayo Tomori,Serie A,2023,Milan,2020s
309944,2000000,Tyronne Ebuehi,Serie A,2023,Empoli,2020s
310458,3000000,Giangiacomo Magnani,Serie A,2023,Hellas Verona,2020s
315865,17000000,Andrea Pinamonti,Serie A,2023,Sassuolo,2020s
341092,50000000,Federico Chiesa,Premier League,2023,Juventus,2020s
345458,3000000,Sebastian Walukiewicz,Serie A,2023,Empoli,2020s
357164,80000000,Rafael Leão,Serie A,2023,Milan,2020s
357498,75000000,Dušan Vlahović,Serie A,2023,Juventus,2020s
364133,4000000,Pietro Pellegri,Serie A,2023,Torino,2020s
386446,8000000,Alessandro Buongiorno,Serie A,2023,Torino,2020s
387234,4500000,Szymon Żurkowski,Serie A,2023,Empoli,2020s
389837,17000000,Nicolò Casale,Serie A,2023,Lazio,2020s
392538,15000000,Tommaso Pobega,Serie A,2023,Milan,2020s
392966,2000000,Nadir Zortea,Serie A,2023,Frosinone,2020s
406040,30000000,Ademola Lookman,Serie A,2023,Atalanta,2020s
406625,80000000,Lautaro Martínez,Serie A,2023,Inter,2020s
418543,20000000,Perr Schuurs,Serie A,2023,Torino,2020s
428563,9000000,Lewis Ferguson,Serie A,2023,Bologna,2020s
432090,20000000,Nicolò Fagioli,Serie A,2023,Juventus,2020s
435648,9000000,Joshua Zirkzee,Premier League,2023,Bologna,2020s
435772,27000000,Charles De Ketelaere,Serie A,2023,Atalanta,2020s
445126,3500000,Emanuele Valeri,Serie A,2023,Frosinone,2020s
457673,10000000,Gabriel Strefezza,Serie A,2023,Lecce,2020s
459151,3000000,Nicolò Cambiaghi,Serie A,2023,Empoli,2020s
467992,15000000,Samuele Ricci,Serie A,2023,Torino,2020s
470794,15000000,Ivan Ilić,Serie A,2023,Torino,2020s
487843,5000000,Lorenzo Colombo,Serie A,2023,Monza,2020s
496745,5000000,Emil Holm,Serie A,2023,Atalanta,2020s
502670,85000000,Khvicha Kvaratskhelia,Ligue 1,2023,Napoli,2020s
503075,6000000,Isak Hien,Serie A,2023,Hellas Verona,2020s
503881,8500000,Aster Vranckx,Bundesliga,2023,Wolfsburg,2020s
547985,10000000,Fabiano Parisi,Serie A,2023,Fiorentina,2020s
562049,3000000,Edoardo Bove,Serie A,2023,Roma,2020s
567129,10000000,Josh Doig,Serie A,2023,Hellas Verona,2020s
569387,4000000,Valentin Gendrey,Bundesliga,2023,Lecce,2020s
571604,30000000,Giorgio Scalvini,Serie A,2023,Atalanta,2020s
585982,8000000,Carlos Augusto,Serie A,2023,Inter,2020s
620477,3000000,Kaio Jorge,Serie A,2023,Frosinone,2020s
626913,14000000,Boulaye Dia,Serie A,2023,Salernitana,2020s
641537,10000000,Tommaso Baldanzi,Serie A,2023,Empoli,2020s
644676,2700000,Bruno Amione,Serie A,2023,Hellas Verona,2020s
671915,900000,Enzo Barrenechea,La Liga,2023,Frosinone,2020s
691482,1000000,Jacopo Fazzini,Serie A,2023,Empoli,2020s
982267,1500000,Ibrahim Sulemana,Serie A,2023,Cagliari,2020s
338635,2200000,Hannes Delcroix,Premier League,2023,Burnley,2020s
338668,3500000,Senne Lynen,Bundesliga,2023,Werder Bremen,2020s
388160,1200000,Fraser Hornby,Bundesliga,2023,Darmstadt 98,2020s
409153,5000000,Teddy Teuma,Ligue 1,2023,Reims,2020s
453376,4000000,Joseph Okumu,Ligue 1,2023,Reims,2020s
476836,2500000,Aron Dønnum,Ligue 1,2023,Toulouse,2020s
656681,6000000,Victor Boniface,Bundesliga,2023,Leverkusen,2020s
661171,9000000,Willian Pacho,Ligue 1,2023,Eint Frankfurt,2020s
1018259,9000000,Gift Orban,Bundesliga,2023,Lyon,2020s
31909,18000000,Toni Kroos,La Liga,2023,Real Madrid,2020s
54235,10000000,Iker Muniain,La Liga,2023,Athletic Club,2020s
74229,16000000,Koke,La Liga,2023,Atltico Madrid,2020s
76746,1000000,Damián Suárez,La Liga,2023,Getafe,2020s
85295,4000000,Iván Balliu,La Liga,2023,Rayo Vallecano,2020s
99343,3000000,Ander Herrera,La Liga,2023,Athletic Club,2020s
99353,4500000,Portu,La Liga,2023,Getafe,2020s
122155,7000000,Willian José,La Liga,2023,Betis,2020s
127108,4000000,Florian Lejeune,La Liga,2023,Rayo Vallecano,2020s
127189,18000000,Geoffrey Kondogbia,Ligue 1,2023,Marseille,2020s
140776,25000000,Yannick Carrasco,La Liga,2023,Atltico Madrid,2020s
142021,16000000,Sergi Darder,La Liga,2023,Mallorca,2020s
148928,10000000,Saúl Ñíguez,La Liga,2023,Atltico Madrid,2020s
175449,10000000,Moi Gómez,La Liga,2023,Osasuna,2020s
177467,30000000,Gerard Moreno,La Liga,2023,Villarreal,2020s
181547,2500000,Gonçalo Paciência,Bundesliga,2023,Bochum,2020s
189441,12000000,Lucas Ocampos,La Liga,2023,Sevilla,2020s
192009,4000000,Unai López,La Liga,2023,Rayo Vallecano,2020s
203496,30000000,Nabil Fekir,La Liga,2023,Betis,2020s
227961,1500000,Jaime Mata,La Liga,2023,Getafe,2020s
238407,12000000,Alexander Sørloth,La Liga,2023,Villarreal,2020s
250845,35000000,José María Giménez,La Liga,2023,Atltico Madrid,2020s
251876,8000000,Pablo Maffeo,La Liga,2023,Mallorca,2020s
261504,10000000,Aleix García,Bundesliga,2023,Girona,2020s
263727,12000000,Joan Jordán,La Liga,2023,Sevilla,2020s
266807,35000000,Ángel Correa,La Liga,2023,Atltico Madrid,2020s
282810,5000000,Carles Pérez,La Liga,2023,Celta Vigo,2020s
291417,35000000,Ferland Mendy,La Liga,2023,Real Madrid,2020s
298975,2500000,Pol Lirola,Ligue 1,2023,Frosinone,2020s
315762,3000000,Luca de la Torre,La Liga,2023,Celta Vigo,2020s
319745,12000000,Dani Ceballos,La Liga,2023,Real Madrid,2020s
326330,60000000,Frenkie de Jong,La Liga,2023,Barcelona,2020s
330659,12000000,Justin Kluivert,Premier League,2023,Bournemouth,2020s
334222,6000000,Lucas Boyé,La Liga,2023,Granada,2020s
343463,8000000,Cyle Larin,La Liga,2023,Mallorca,2020s
348795,18000000,Giovani Lo Celso,La Liga,2023,Tottenham,2020s
355627,9000000,Sergio Akieme,Ligue 1,2023,Almera,2020s
356197,15000000,Alfonso Pedraza,La Liga,2023,Villarreal,2020s
361254,10000000,Rafa Mir,La Liga,2023,Sevilla,2020s
367466,12000000,Thierry Correia,La Liga,2023,Valencia,2020s
377219,4000000,Selim Amallah,La Liga,2023,Valencia,2020s
380598,5000000,Santi Comesaña,La Liga,2023,Villarreal,2020s
399776,45000000,Pau Torres,Premier League,2023,Aston Villa,2020s
401530,70000000,Éder Militão,La Liga,2023,Real Madrid,2020s
405398,15000000,Takefusa Kubo,La Liga,2023,Real Sociedad,2020s
424042,24000000,Nahuel Molina,La Liga,2023,Atltico Madrid,2020s
457221,7000000,Lucas Robertone,La Liga,2023,Almera,2020s
461617,10000000,Rodrigo Riquelme,La Liga,2023,Atltico Madrid,2020s
466810,35000000,Ansu Fati,La Liga,2023,Brighton,2020s
494880,5000000,Jorge Cuenca,Premier League,2023,Villarreal,2020s
495629,22000000,Hugo Guillamón,La Liga,2023,Valencia,2020s
503991,22000000,Yunus Musah,Serie A,2023,Milan,2020s
505674,10000000,Sergio Camello,La Liga,2023,Rayo Vallecano,2020s
527698,4500000,Kike Pérez,Serie A,2023,Rayo Vallecano,2020s
538810,1500000,Chris Ramos,La Liga,2023,Cdiz,2020s
560483,2000000,Randy Nteka,La Liga,2023,Rayo Vallecano,2020s
571020,30000000,Oihan Sancet,La Liga,2023,Athletic Club,2020s
573775,5000000,Hugo Duro,La Liga,2023,Valencia,2020s
617074,6000000,Ilaix Moriba,La Liga,2023,Getafe,2020s
627228,4000000,Yan Couto,Bundesliga,2023,Girona,2020s
636688,30000000,Alejandro Balde,La Liga,2023,Barcelona,2020s
640428,60000000,Eduardo Camavinga,La Liga,2023,Real Madrid,2020s
743589,5000000,Kaiky,La Liga,2023,Almera,2020s
764859,4000000,Williot Swedberg,La Liga,2023,Celta Vigo,2020s
775605,5000000,Pablo Barrios,La Liga,2023,Atltico Madrid,2020s
785353,1000000,Pablo Ibáñez,La Liga,2023,Osasuna,2020s
207742,3000000,Tom Lockyer,Premier League,2023,Luton Town,2020s
237617,600000,Cristian Herrera,La Liga,2023,Las Palmas,2020s
242606,10000000,Josh Cullen,Premier League,2023,Burnley,2020s
290017,8000000,Hassane Kamara,Serie A,2023,Udinese,2020s
293569,15000000,Josh Brownhill,Premier League,2023,Burnley,2020s
315289,8000000,Myrto Uzuni,La Liga,2023,Granada,2020s
319900,5000000,Elijah Adebayo,Premier League,2023,Luton Town,2020s
322985,4500000,Gustavo Hamer,Premier League,2023,Sheffield Utd,2020s
333014,18000000,Sander Berge,Premier League,2023,Burnley,2020s
340322,12000000,Nathan Tella,Bundesliga,2023,Leverkusen,2020s
344830,3000000,Tahith Chong,Premier League,2023,Luton Town,2020s
401320,5000000,Dara O'Shea,Premier League,2023,Burnley,2020s
433183,5000000,Tommy Doyle,Premier League,2023,Wolves,2020s
467623,7000000,Lyle Foster,Premier League,2023,Burnley,2020s
469958,6000000,Jacob Brown,Premier League,2023,Luton Town,2020s
491296,7000000,Anass Zaroury,Ligue 1,2023,Burnley,2020s
503743,1800000,Morgan Rogers,Premier League,2023,Aston Villa,2020s
536835,13000000,Amad Diallo,Premier League,2023,Manchester Utd,2020s
540536,400000,Carlos Vicente,La Liga,2023,Alavs,2020s
559979,1200000,Abdel Abqar,La Liga,2023,Alavs,2020s
588426,800000,Saúl Coco,Serie A,2023,Las Palmas,2020s
608175,1200000,Alfie Doughty,Premier League,2023,Luton Town,2020s
609556,150000,William Osula,Premier League,2023,Sheffield Utd,2020s
623570,15000000,Iliman Ndiaye,Premier League,2023,Marseille,2020s
876440,24000000,João Pedro,Premier League,2023,Brighton,2020s
646658,5000000,Aaron Ramsey,Premier League,2023,Burnley,2020s
710677,250000,Iker Muñoz,La Liga,2023,Osasuna,2020s
713644,1000000,Bryan Zaragoza,La Liga,2023,Granada,2020s
742201,2000000,Giuliano Simeone,La Liga,2023,Alavs,2020s
766583,1500000,Kike Salas,La Liga,2023,Sevilla,2020s
855256,14000000,Alex Scott,Premier League,2023,Bournemouth,2020s
892929,100000,Hugo Álvarez,La Liga,2023,Celta Vigo,2020s
82009,10000000,Kevin Volland,Bundesliga,2023,Union Berlin,2020s
131978,9000000,Ross Barkley,Premier League,2023,Luton Town,2020s
165793,8000000,Takumi Minamino,Ligue 1,2023,Monaco,2020s
203348,20000000,Chancel Mbemba,Ligue 1,2023,Marseille,2020s
215977,4000000,Adrien Thomasson,Ligue 1,2023,Lens,2020s
222859,2000000,Florent Mollet,Ligue 1,2023,Nantes,2020s
237662,22000000,Breel Embolo,Ligue 1,2023,Monaco,2020s
245537,7000000,Nabil Bentaleb,Ligue 1,2023,Lille,2020s
263236,16000000,Kevin Danso,Premier League,2023,Lens,2020s
263918,25000000,Aleksandr Golovin,Ligue 1,2023,Monaco,2020s
285323,15000000,Baptiste Santamaria,Ligue 1,2023,Rennes,2020s
288225,18000000,Ludovic Blas,Ligue 1,2023,Rennes,2020s
322305,10000000,Jean-Victor Makengo,Ligue 1,2023,Lorient,2020s
324811,5000000,Arnaud Nordin,Bundesliga,2023,Montpellier,2020s
332889,18000000,Valentin Rongier,Ligue 1,2023,Marseille,2020s
348791,10000000,Junya Ito,Ligue 1,2023,Reims,2020s
368887,20000000,Loïs Openda,Bundesliga,2023,RB Leipzig,2020s
372246,30000000,Carlos Soler,Premier League,2023,Paris S-G,2020s
377393,4000000,Pierre Lees-Melou,Ligue 1,2023,Brest,2020s
393238,7000000,Zakaria Aboukhlal,Ligue 1,2023,Toulouse,2020s
395693,15000000,Houssem Aouar,Serie A,2023,Roma,2020s
412932,8000000,Myron Boadu,Bundesliga,2023,Monaco,2020s
418659,35000000,Amine Gouiri,Ligue 1,2023,Rennes,2020s
450050,10000000,Jean-Ricner Bellegarde,Premier League,2023,Wolves,2020s
463605,8000000,Bafodé Diakité,Ligue 1,2023,Lille,2020s
463618,32000000,Khéphren Thuram,Serie A,2023,Nice,2020s
474800,16000000,Facundo Medina,Ligue 1,2023,Lens,2020s
586853,42000000,Vitinha,Ligue 1,2023,Genoa,2020s
496706,5000000,Montassar Talbi,Ligue 1,2023,Lorient,2020s
496857,7000000,Edon Zhegrova,Ligue 1,2023,Lille,2020s
503770,25000000,Folarin Balogun,Ligue 1,2023,Monaco,2020s
533738,60000000,Jonathan David,Ligue 1,2023,Lille,2020s
538874,20000000,Terem Moffi,Ligue 1,2023,Nice,2020s
538964,7000000,Thijs Dallinga,Serie A,2023,Toulouse,2020s
543382,28000000,Mohamed Camara,Ligue 1,2023,Monaco,2020s
554251,3500000,Yasser Larouci,Premier League,2023,Sheffield Utd,2020s
557939,2000000,Neto Borges,Ligue 1,2023,Clermont Foot,2020s
560593,7000000,Hicham Boudaoui,Ligue 1,2023,Nice,2020s
605184,30000000,Jean-Clair Todibo,Premier League,2023,Nice,2020s
616341,65000000,Nuno Mendes,Ligue 1,2023,Paris S-G,2020s
654539,18000000,Adrien Truffert,Ligue 1,2023,Rennes,2020s
656441,4000000,Jean Onana,Serie A,2023,Marseille,2020s
674612,12000000,Youssouf Ndayishimiye,Ligue 1,2023,Nice,2020s
683895,6000000,Emmanuel Agbadou,Premier League,2023,Reims,2020s
690799,8000000,Anthony Rouault,Ligue 1,2023,Stuttgart,2020s
707242,2500000,Badredine Bouanani,Ligue 1,2023,Nice,2020s
782630,2500000,Khalil Fayad,Ligue 1,2023,Montpellier,2020s
805908,3000000,Bradley Locko,Ligue 1,2023,Brest,2020s
810092,18000000,Warren Zaïre-Emery,Ligue 1,2023,Paris S-G,2020s
810895,18000000,Eliesse Ben Seghir,Ligue 1,2023,Monaco,2020s
842338,3000000,Enzo Tchato,Ligue 1,2023,Montpellier,2020s
860056,500000,Aïman Maurer,Ligue 1,2023,Clermont Foot,2020s
876631,4000000,Habib Diarra,Ligue 1,2023,Strasbourg,2020s
884072,6000000,Jeffinho,Ligue 1,2023,Lyon,2020s
891998,1000000,Antoine Mendy,Ligue 1,2023,Nice,2020s
923831,8000000,Leny Yoro,Premier League,2023,Lille,2020s
928323,3000000,Ibrahim Salah,Ligue 1,2023,Rennes,2020s
85288,5000000,Isco,La Liga,2023,Betis,2020s
192616,2000000,Ulisses Garcia,Ligue 1,2023,Marseille,2020s
343537,11000000,Artem Dovbyk,Serie A,2023,Girona,2020s
494236,3000000,Andy Pelmard,La Liga,2023,Clermont Foot,2020s
507341,12000000,Fabian Rieder,Bundesliga,2023,Rennes,2020s
507344,4500000,Becir Omeragic,Ligue 1,2023,Montpellier,2020s
507345,3500000,Leonidas Stergiou,Bundesliga,2023,Stuttgart,2020s
711976,1400000,Andy Diouf,Ligue 1,2023,Lens,2020s
58995,1500000,Anthony Jung,Bundesliga,2023,Werder Bremen,2020s
75489,13000000,Niclas Füllkrug,Premier League,2023,Werder Bremen,2020s
93604,3000000,Lukas Kübler,Bundesliga,2023,Freiburg,2020s
117432,1500000,Kevin Behrens,Bundesliga,2023,Wolfsburg,2020s
119277,7000000,Yannick Gerhardt,Bundesliga,2023,Wolfsburg,2020s
124732,3000000,John Brooks,Bundesliga,2023,Hoffenheim,2020s
125614,2000000,Sargis Adamyan,Bundesliga,2023,Kln,2020s
159471,55000000,Serge Gnabry,Bundesliga,2023,Bayern Munich,2020s
162434,5500000,Niklas Stark,Bundesliga,2023,Werder Bremen,2020s
167329,10000000,Alassane Pléa,Bundesliga,2023,Gladbach,2020s
177779,7000000,Janik Haberer,Bundesliga,2023,Union Berlin,2020s
179635,2500000,Philipp Förster,Bundesliga,2023,Bochum,2020s
182712,60000000,João Cancelo,La Liga,2023,Barcelona,2020s
187492,40000000,Julian Brandt,Bundesliga,2023,Dortmund,2020s
190289,3500000,Gerrit Holtmann,Bundesliga,2023,Darmstadt 98,2020s
196095,3000000,Luca Waldschmidt,Bundesliga,2023,Kln,2020s
700646,20000000,André Silva,Bundesliga,2023,Real Sociedad,2020s
215599,12000000,Lukas Klostermann,Bundesliga,2023,RB Leipzig,2020s
232463,2000000,Luca Pfeiffer,Bundesliga,2023,Darmstadt 98,2020s
237164,7000000,Ihlas Bebou,Bundesliga,2023,Hoffenheim,2020s
242086,30000000,Patrik Schick,Bundesliga,2023,Leverkusen,2020s
243714,65000000,Kingsley Coman,Bundesliga,2023,Bayern Munich,2020s
258039,6000000,Aurélio Buta,Ligue 1,2023,Eint Frankfurt,2020s
261905,6500000,Suat Serdar,Serie A,2023,Hellas Verona,2020s
275249,2500000,Niklas Schmidt,Ligue 1,2023,Toulouse,2020s
277179,14000000,Angeliño,Serie A,2023,Roma,2020s
278332,15000000,Florian Neuhaus,Bundesliga,2023,Gladbach,2020s
283994,9000000,Ludovic Ajorque,Ligue 1,2023,Mainz 05,2020s
289182,1800000,Christopher Antwi-Adjei,Bundesliga,2023,Bochum,2020s
318204,20000000,David Raum,Bundesliga,2023,RB Leipzig,2020s
323831,12000000,Rafael Borré,Bundesliga,2023,Werder Bremen,2020s
326029,16000000,Donyell Malen,Premier League,2023,Dortmund,2020s
333647,12000000,Jonathan Burkardt,Bundesliga,2023,Mainz 05,2020s
335103,4500000,Linton Maina,Bundesliga,2023,Kln,2020s
337333,5500000,Alex Král,La Liga,2023,Union Berlin,2020s
344598,3500000,Dan-Axel Zagadou,Bundesliga,2023,Stuttgart,2020s
353892,7500000,Hiroki Ito,Bundesliga,2023,Stuttgart,2020s
357156,12000000,Diogo Leite,Bundesliga,2023,Union Berlin,2020s
370789,10000000,Julian Ryerson,Bundesliga,2023,Dortmund,2020s
387047,12000000,Danilho Doekhi,Bundesliga,2023,Union Berlin,2020s
388198,40000000,Nico Schlotterbeck,Bundesliga,2023,Dortmund,2020s
392768,17000000,Callum Hudson-Odoi,Premier League,2023,Nott'ham Forest,2020s
406640,8000000,Felix Nmecha,Bundesliga,2023,Dortmund,2020s
406973,500000,Moritz Broschinski,Bundesliga,2023,Bochum,2020s
443331,2000000,Patrick Osterhage,Bundesliga,2023,Bochum,2020s
448258,5000000,Josha Vagnoman,Bundesliga,2023,Stuttgart,2020s
451276,40000000,Dominik Szoboszlai,Premier League,2023,Liverpool,2020s
453016,8500000,Anthony Caci,Bundesliga,2023,Mainz 05,2020s
472249,7500000,Jan Thielmann,Bundesliga,2023,Kln,2020s
484547,35000000,Jeremie Frimpong,Bundesliga,2023,Leverkusen,2020s
518505,3500000,Jamie Leweling,Bundesliga,2023,Stuttgart,2020s
532776,15000000,Amine Adli,Bundesliga,2023,Leverkusen,2020s
533295,12000000,Patrick Wimmer,Bundesliga,2023,Wolfsburg,2020s
548348,12000000,Kiliann Sildillia,Bundesliga,2023,Freiburg,2020s
569031,1000000,Umut Tohumcu,Bundesliga,2023,Hoffenheim,2020s
580195,110000000,Jamal Musiala,Bundesliga,2023,Bayern Munich,2020s
581678,120000000,Jude Bellingham,La Liga,2023,Real Madrid,2020s
597000,6500000,Eric Martel,Bundesliga,2023,Kln,2020s
598577,85000000,Florian Wirtz,Bundesliga,2023,Leverkusen,2020s
670882,14000000,Jamie Gittens,Bundesliga,2023,Dortmund,2020s
678479,5000000,Denis Huseinbasic,Bundesliga,2023,Kln,2020s
822959,3500000,Tom Bischof,Bundesliga,2023,Hoffenheim,2020s
300532,2000000,Pontus Almqvist,Serie A,2023,Lecce,2020s
388294,325000,Omar Traoré,Bundesliga,2023,Heidenheim,2020s
453870,650000,Benedict Hollerbach,Bundesliga,2023,Union Berlin,2020s
455661,800000,Nick Woltemade,Bundesliga,2023,Werder Bremen,2020s
596153,700000,Justin Njinmah,Bundesliga,2023,Werder Bremen,2020s
94148,750000,Fabian Schnellhardt,Bundesliga,2023,Darmstadt 98,2020s
191359,600000,Florian Pick,Bundesliga,2023,Heidenheim,2020s
193033,3000000,Tim Kleindienst,Bundesliga,2023,Heidenheim,2020s
208167,3000000,Dawid Kownacki,Bundesliga,2023,Werder Bremen,2020s
316575,900000,Moritz-Broni Kwarteng,Bundesliga,2023,Bochum,2020s
334213,1000000,Lukas Daschner,Bundesliga,2023,Bochum,2020s
346849,2000000,Christoph Klarer,Bundesliga,2023,Darmstadt 98,2020s
349433,1200000,Fabian Nürnberger,Bundesliga,2023,Darmstadt 98,2020s
392710,1200000,Lennard Maloney,Bundesliga,2023,Heidenheim,2020s
692070,900000,Clemens Riedel,Bundesliga,2023,Darmstadt 98,2020s
568158,200000,Javi López,La Liga,2023,Alavs,2020s
624258,1500000,Conor Bradley,Premier League,2023,Liverpool,2020s
627248,900000,Lewis Dobbin,Premier League,2023,Everton,2020s
628366,6000000,Lucas Beltrán,Serie A,2023,Fiorentina,2020s
632349,400000,Jarell Quansah,Premier League,2023,Liverpool,2020s
249636,1000000,Gautier Lloris,Ligue 1,2023,Le Havre,2020s
283127,1200000,Oualid El Hajjam,Ligue 1,2023,Le Havre,2020s
342209,1500000,Kévin N'Doram,Ligue 1,2023,Metz,2020s
481513,1500000,Koffi Kouao,Ligue 1,2023,Metz,2020s
520530,2000000,Fali Candé,Serie A,2023,Metz,2020s
539232,2000000,Jessy Deminguet,Ligue 1,2023,Strasbourg,2020s
540664,3000000,Dilane Bakwa,Ligue 1,2023,Strasbourg,2020s
568698,900000,Issa Soumaré,Ligue 1,2023,Le Havre,2020s
591193,3000000,Niels Nkounkou,Bundesliga,2023,Eint Frankfurt,2020s
667967,3000000,Yassine Kechta,Ligue 1,2023,Le Havre,2020s
691786,1800000,Morgan Guilavogui,Bundesliga,2023,Lens,2020s
729814,6000000,Georges Mikautadze,Ligue 1,2023,Metz,2020s
763182,1500000,Josué Casimir,Ligue 1,2023,Le Havre,2020s
768380,4000000,Arouna Sangante,Ligue 1,2023,Le Havre,2020s
810411,1500000,Pablo Pagis,Ligue 1,2023,Lorient,2020s
855134,1000000,Skelly Alvero,Bundesliga,2023,Lyon,2020s
855308,500000,Arthur Atta,Serie A,2023,Metz,2020s
893675,3000000,Amir Richardson,Serie A,2023,Reims,2020s
911328,2500000,Mohamed Kaba,Serie A,2023,Lecce,2020s
947360,400000,Kassoum Ouattara,Ligue 1,2023,Monaco,2020s
1011200,2500000,Junior Mwanga,Ligue 1,2023,Strasbourg,2020s
1028162,500000,Antoine Joujou,Ligue 1,2023,Le Havre,2020s
401529,800000,Dodô,Serie A,2023,Fiorentina,2020s
1004741,22000000,Pedro,Serie A,2023,Lazio,2020s
552912,5000000,Bruno Méndez,La Liga,2023,Granada,2020s
689505,3500000,Johnny Cardoso,La Liga,2023,Betis,2020s
735568,5500000,Natan,La Liga,2023,Napoli,2020s
743598,13000000,Ângelo,Ligue 1,2023,Strasbourg,2020s
872171,2500000,Lucas Beraldo,Ligue 1,2023,Paris S-G,2020s
977464,5000000,Arthur,Bundesliga,2023,Leverkusen,2020s
1005649,500000,Murillo,Premier League,2023,Nott'ham Forest,2020s
354666,6500000,Shamar Nicholson,Ligue 1,2023,Clermont Foot,2020s
34322,1000000,Sokratis Papastathopoulos,La Liga,2023,Betis,2020s
251845,9000000,Sergi Canós,La Liga,2023,Valencia,2020s
1178475,300000,Mohamed Bamba,Ligue 1,2023,Lorient,2020s
711544,700000,Jake O'Brien,Premier League,2023,Lyon,2020s
73547,2000000,Oliver Norwood,Premier League,2023,Sheffield Utd,2020s
81512,1000000,Christian Kabasele,Serie A,2023,Udinese,2020s
125685,400000,Luke Berry,Premier League,2023,Luton Town,2020s
128909,700000,Jack Robinson,Premier League,2023,Sheffield Utd,2020s
169801,1200000,Cauley Woodrow,Premier League,2023,Luton Town,2020s
184129,900000,Jordan Clark,Premier League,2023,Luton Town,2020s
195633,3500000,Charlie Taylor,Premier League,2023,Burnley,2020s
244338,1000000,Pelly Ruddock Mpanzu,Premier League,2023,Luton Town,2020s
246963,6000000,Carlton Morris,Premier League,2023,Luton Town,2020s
278166,2000000,Amari'i Bell,Premier League,2023,Luton Town,2020s
305274,500000,Fred Onyedinma,Premier League,2023,Luton Town,2020s
306382,1500000,Benjamin Tetteh,Ligue 1,2023,Metz,2020s
364409,600000,Gabriel Osho,Ligue 1,2023,Luton Town,2020s
392591,2000000,Chiedozie Ogbene,Premier League,2023,Luton Town,2020s
465717,3800000,Jayden Bogle,Premier League,2023,Sheffield Utd,2020s
834898,4000000,Vitinho,Premier League,2023,Burnley,2020s
576121,1500000,Josh Wilson-Esbrand,Premier League,2023,Reims,2020s
620598,6000000,Ameen Al-Dakhil,Bundesliga,2023,Burnley,2020s
735571,5000000,Rodrigo Muniz,Premier League,2023,Fulham,2020s
744149,3500000,Adam Wharton,Premier League,2023,Crystal Palace,2020s
847279,1500000,Oumar Diakité,Ligue 1,2023,Reims,2020s
365108,3500000,Dan Ndoye,Serie A,2023,Bologna,2020s
409517,3800000,Yorbe Vertessen,Bundesliga,2023,Union Berlin,2020s
463613,1800000,Yann Gboho,Ligue 1,2023,Toulouse,2020s
531065,800000,Oussama El Azzouzi,Serie A,2023,Bologna,2020s
638793,10000000,Tajon Buchanan,La Liga,2023,Inter,2020s
658536,10000000,Simon Adingra,Premier League,2023,Brighton,2020s
85393,600000,Nicolas Viola,Serie A,2023,Cagliari,2020s
120189,600000,Nikola Dovedan,Bundesliga,2023,Heidenheim,2020s
130394,2700000,Gianluca Lapadula,Serie A,2023,Cagliari,2020s
167491,1200000,Stefano Sabelli,Serie A,2023,Genoa,2020s
530902,1300000,Abdoulaye Touré,Ligue 1,2023,Le Havre,2020s
197751,2000000,Alberto Cerri,Serie A,2023,Empoli,2020s
199953,1300000,Caleb Ekuban,Serie A,2023,Genoa,2020s
205677,1700000,Luca Garritano,Serie A,2023,Frosinone,2020s
226025,3000000,Luca Mazzitelli,Serie A,2023,Frosinone,2020s
235931,1800000,Alessandro Deiola,Serie A,2023,Cagliari,2020s
238654,1200000,Jaime Báez,Serie A,2023,Frosinone,2020s
310527,1600000,Paulo Azzi,Serie A,2023,Cagliari,2020s
337811,400000,Francesco Gelli,Serie A,2023,Frosinone,2020s
719646,2500000,Bernardo,Bundesliga,2023,Bochum,2020s
385394,1700000,Alberto Dossena,Serie A,2023,Cagliari,2020s
441515,3500000,Daniel Boloca,Serie A,2023,Sassuolo,2020s
452477,8000000,Junior Adamu,Bundesliga,2023,Freiburg,2020s
460651,3000000,Antoine Makoumbou,Serie A,2023,Cagliari,2020s
481834,4000000,Andrea Carboni,Serie A,2023,Monza,2020s
503871,4200000,Morten Frendrup,Serie A,2023,Genoa,2020s
534084,1600000,Niccolò Pierozzi,Serie A,2023,Salernitana,2020s
550116,300000,Ilario Monterisi,Serie A,2023,Frosinone,2020s
559328,8000000,Emanuel Emegha,Ligue 1,2023,Strasbourg,2020s
568333,1800000,Adam Obert,Serie A,2023,Cagliari,2020s
659516,700000,Warren Bondo,Serie A,2023,Monza,2020s
666547,2000000,Zito Luvumbo,Serie A,2023,Cagliari,2020s
804812,400000,Anthony Oyono,Serie A,2023,Frosinone,2020s
15956,3000000,Jesús Navas,La Liga,2023,Sevilla,2020s
891091,300000,Diego López,La Liga,2023,Valencia,2020s
35047,5000000,Axel Witsel,La Liga,2023,Atltico Madrid,2020s
39152,2000000,Radamel Falcao,La Liga,2023,Rayo Vallecano,2020s
46413,6000000,Ante Budimir,La Liga,2023,Osasuna,2020s
59323,2000000,Cristhian Stuani,La Liga,2023,Girona,2020s
61812,2000000,Yuri Berchiche,La Liga,2023,Athletic Club,2020s
63494,3000000,Étienne Capoue,La Liga,2023,Villarreal,2020s
65318,1200000,Jaume Costa,La Liga,2023,Mallorca,2020s
66100,5000000,Oriol Romeu,La Liga,2023,Barcelona,2020s
72047,6000000,Iago Aspas,La Liga,2023,Celta Vigo,2020s
74294,4000000,Nemanja Gudelj,La Liga,2023,Sevilla,2020s
81999,6000000,Joselu,La Liga,2023,Real Madrid,2020s
85370,5000000,Sergi Roberto,Serie A,2023,Barcelona,2020s
85383,2000000,Rubén Sobrino,La Liga,2023,Cdiz,2020s
86202,32000000,Antonio Rüdiger,La Liga,2023,Real Madrid,2020s
89733,4000000,Álex Fernández,La Liga,2023,Cdiz,2020s
96718,1800000,Óscar de Marcos,La Liga,2023,Athletic Club,2020s
100131,14000000,William Carvalho,La Liga,2023,Betis,2020s
111961,6000000,Suso,La Liga,2023,Sevilla,2020s
113133,5000000,Germán Pezzella,La Liga,2023,Betis,2020s
125781,25000000,Antoine Griezmann,La Liga,2023,Atltico Madrid,2020s
126737,12000000,Juanmi,La Liga,2023,Cdiz,2020s
126751,3000000,Iñigo Ruiz de Galarreta,La Liga,2023,Athletic Club,2020s
947431,2000000,David López,La Liga,2023,Girona,2020s
834470,1200000,Dani Rodríguez,La Liga,2023,Mallorca,2020s
158863,10000000,Iñigo Martínez,La Liga,2023,Barcelona,2020s
162056,4000000,Gonzalo Melero,La Liga,2023,Almera,2020s
170472,2500000,Dimitri Foulquier,La Liga,2023,Valencia,2020s
177452,1200000,Abdón Prats,La Liga,2023,Mallorca,2020s
195171,6000000,Samu Castillejo,Serie A,2023,Sassuolo,2020s
196948,40000000,Andreas Christensen,La Liga,2023,Barcelona,2020s
197122,2500000,Unai García,La Liga,2023,Osasuna,2020s
568149,3000000,Alberto Moreno,Serie A,2023,Villarreal,2020s
211251,3000000,Darwin Machís,La Liga,2023,Cdiz,2020s
212391,2000000,Roger Martí,La Liga,2023,Cdiz,2020s
361238,6000000,Rubén García,La Liga,2023,Osasuna,2020s
213670,8000000,Lucas Torró,La Liga,2023,Osasuna,2020s
214775,9000000,Óliver Torres,La Liga,2023,Sevilla,2020s
216464,3000000,Carlos Fernández,La Liga,2023,Real Sociedad,2020s
216870,5000000,Nacho Vidal,La Liga,2023,Osasuna,2020s
221150,5000000,Djené,La Liga,2023,Getafe,2020s
221315,1000000,Kevin Vázquez,La Liga,2023,Celta Vigo,2020s
221316,8000000,Lucas Vázquez,La Liga,2023,Real Madrid,2020s
223725,3500000,Munir El Haddadi,La Liga,2023,Las Palmas,2020s
229804,14000000,Aritz Elustondo,La Liga,2023,Real Sociedad,2020s
238868,2500000,Rubén Peña,La Liga,2023,Osasuna,2020s
241229,2000000,Jordan Amavi,Ligue 1,2023,Brest,2020s
246968,6000000,Ayoze Pérez,La Liga,2023,Betis,2020s
247250,2000000,Rubén Alcaraz,La Liga,2023,Cdiz,2020s
249513,3000000,Diego Rico,La Liga,2023,Getafe,2020s
252667,2500000,Fali,La Liga,2023,Cdiz,2020s
252677,3000000,José Luis Morales,La Liga,2023,Villarreal,2020s
255488,15000000,Yeray Álvarez,La Liga,2023,Athletic Club,2020s
255508,25000000,Iñaki Williams,La Liga,2023,Athletic Club,2020s
256429,2000000,Sergi Guardiola,La Liga,2023,Cdiz,2020s
1064403,6000000,Álvaro García,La Liga,2023,Rayo Vallecano,2020s
262939,3000000,Johan Mojica,La Liga,2023,Osasuna,2020s
266795,2000000,Gonzalo Escalante,La Liga,2023,Cdiz,2020s
268670,3500000,Gerard Gumbau,La Liga,2023,Granada,2020s
281755,1200000,Iván Alejo,La Liga,2023,Cdiz,2020s
281989,4000000,Luis Milla,La Liga,2023,Getafe,2020s
284854,9000000,Carles Aleñá,La Liga,2023,Getafe,2020s
286779,1200000,Jorge Meré,La Liga,2023,Cdiz,2020s
288230,60000000,Ousmane Dembélé,Ligue 1,2023,Paris S-G,2020s
289255,9000000,Andoni Gorosabel,La Liga,2023,Alavs,2020s
298575,4000000,Kike Barja,La Liga,2023,Osasuna,2020s
298583,3500000,Eray Cömert,La Liga,2023,Nantes,2020s
298589,20000000,David García,La Liga,2023,Osasuna,2020s
298976,9000000,Borja Mayoral,La Liga,2023,Getafe,2020s
307519,2000000,Fede San Emeterio,La Liga,2023,Cdiz,2020s
309110,25000000,Brais Méndez,La Liga,2023,Real Sociedad,2020s
311044,3500000,Alfonso Espino,La Liga,2023,Rayo Vallecano,2020s
320271,2500000,Toni Lato,La Liga,2023,Mallorca,2020s
331496,1500000,Valery Fernández,La Liga,2023,Girona,2020s
331505,2500000,Óscar Mingueza,La Liga,2023,Celta Vigo,2020s
337715,18000000,Umar Sadiq,La Liga,2023,Real Sociedad,2020s
338285,6000000,Unai Núñez,La Liga,2023,Celta Vigo,2020s
338425,15000000,Álex Berenguer,La Liga,2023,Athletic Club,2020s
340205,2000000,Gorka Guruzeta,La Liga,2023,Athletic Club,2020s
341110,3000000,Franco Cervi,La Liga,2023,Celta Vigo,2020s
341227,7000000,Juan Miranda,Serie A,2023,Betis,2020s
341278,3000000,Iván Martín,La Liga,2023,Girona,2020s
342385,28000000,Guido Rodríguez,Premier League,2023,Betis,2020s
346289,6000000,Mouctar Diakhaby,La Liga,2023,Valencia,2020s
353032,4000000,Omar Alderete,La Liga,2023,Getafe,2020s
369081,100000000,Federico Valverde,La Liga,2023,Real Madrid,2020s
378139,5000000,Aitor Ruibal,La Liga,2023,Betis,2020s
378293,5000000,Yangel Herrera,La Liga,2023,Girona,2020s
384060,4000000,Tino Kadewere,Ligue 1,2023,Lyon,2020s
398163,2800000,Gonzalo Villar,La Liga,2023,Granada,2020s
401922,25000000,Samuel Chukwueze,Serie A,2023,Milan,2020s
411975,60000000,Jules Koundé,La Liga,2023,Barcelona,2020s
412363,100000000,Rodrygo,La Liga,2023,Real Madrid,2020s
413112,85000000,Aurélien Tchouaméni,La Liga,2023,Real Madrid,2020s
422466,2500000,Javi Hernández,La Liga,2023,Cdiz,2020s
423443,1500000,Álex Centelles,La Liga,2023,Almera,2020s
423444,15000000,Fran Beltrán,La Liga,2023,Celta Vigo,2020s
429983,11000000,Jørgen Strand Larsen,Premier League,2023,Celta Vigo,2020s
442805,3000000,Iddrisu Baba,La Liga,2023,Almera,2020s
451801,1500000,Abdul Mumin,La Liga,2023,Rayo Vallecano,2020s
465967,2500000,Ander Guevara,La Liga,2023,Alavs,2020s
480763,25000000,Juan Foyth,La Liga,2023,Villarreal,2020s
485963,10000000,Pape Gueye,La Liga,2023,Marseille,2020s
501418,5000000,Adrià Pedrosa,La Liga,2023,Sevilla,2020s
513031,2500000,Antonio Sánchez,La Liga,2023,Mallorca,2020s
517753,5000000,Óscar Valentín,La Liga,2023,Rayo Vallecano,2020s
517842,6000000,Aihen Muñoz,La Liga,2023,Real Sociedad,2020s
518644,6000000,Largie Ramazani,La Liga,2023,Almera,2020s
524010,3000000,Oier Zarraga,Serie A,2023,Udinese,2020s
525578,3000000,Pathé Ciss,La Liga,2023,Rayo Vallecano,2020s
537382,15000000,Bryan Gil,La Liga,2023,Tottenham,2020s
552425,12000000,Jon Moncayola,La Liga,2023,Osasuna,2020s
577486,5000000,Gastón Álvarez,La Liga,2023,Getafe,2020s
580560,6000000,Jon Pacheco,La Liga,2023,Real Sociedad,2020s
591916,1000000,Aitor Paredes,La Liga,2023,Athletic Club,2020s
596122,1500000,Pep Chavarría,La Liga,2023,Rayo Vallecano,2020s
598765,2000000,Brian Ocampo,La Liga,2023,Cdiz,2020s
615350,5000000,Cenk Özkacar,La Liga,2023,Valencia,2020s
616369,6000000,Ander Barrenetxea,La Liga,2023,Real Sociedad,2020s
623521,3000000,Juanmi Latasa,La Liga,2023,Getafe,2020s
634131,15000000,Aimar Oroz,La Liga,2023,Osasuna,2020s
634431,2000000,Beñat Turrientes,La Liga,2023,Real Sociedad,2020s
646740,90000000,Gavi,La Liga,2023,Barcelona,2020s
646750,1000000,Cristhian Mosquera,La Liga,2023,Valencia,2020s
649016,12000000,El Bilal Touré,Bundesliga,2023,Atalanta,2020s
650993,800000,Filippo Missori,Serie A,2023,Sassuolo,2020s
683840,100000000,Pedri,La Liga,2023,Barcelona,2020s
694928,16000000,Samuel Lino,La Liga,2023,Atltico Madrid,2020s
709187,30000000,Nico Williams,La Liga,2023,Athletic Club,2020s
720038,3000000,Pablo Torre,La Liga,2023,Girona,2020s
724520,15000000,Abde Ezzalzouli,La Liga,2023,Barcelona,2020s
776890,30000000,Nicolas Jackson,Premier League,2023,Chelsea,2020s
926952,400000,Patrick Dorgu,Premier League,2023,Lecce,2020s
61253,1200000,José Callejón,La Liga,2023,Granada,2020s
70245,1400000,Ignasi Miquel,La Liga,2023,Granada,2020s
153238,1500000,Jonathan Viera,La Liga,2023,Las Palmas,2020s
153427,800000,Bebé,La Liga,2023,Rayo Vallecano,2020s
177046,2500000,Rubén Duarte,La Liga,2023,Alavs,2020s
199369,2000000,Sandro Ramírez,La Liga,2023,Las Palmas,2020s
237499,500000,Aleksandar Sedlar,La Liga,2023,Alavs,2020s
251897,2500000,Asier Villalibre,La Liga,2023,Athletic Club,2020s
262365,4000000,Antonio Puertas,La Liga,2023,Granada,2020s
278837,3000000,Luis Rioja,La Liga,2023,Alavs,2020s
279570,10000000,Daler Kuzyaev,Ligue 1,2023,Le Havre,2020s
282672,600000,Benito Ramírez,La Liga,2023,Las Palmas,2020s
289257,1600000,Jon Guridi,La Liga,2023,Alavs,2020s
394694,1000000,Sergio Ruiz,La Liga,2023,Granada,2020s
448344,2000000,Óscar Melendo,La Liga,2023,Granada,2020s
455181,8000000,Jorge de Frutos,La Liga,2023,Rayo Vallecano,2020s
488626,1200000,Jesús Areso,La Liga,2023,Osasuna,2020s
495621,2500000,Antonio Blanco,La Liga,2023,Alavs,2020s
533568,3000000,Nahuel Tenaglia,La Liga,2023,Alavs,2020s
534379,1800000,Pejiño,La Liga,2023,Las Palmas,2020s
555143,15000000,Arsen Zakharyan,La Liga,2023,Real Sociedad,2020s
566574,800000,Kirian Rodríguez,La Liga,2023,Las Palmas,2020s
581781,2000000,Enzo Loiodice,La Liga,2023,Las Palmas,2020s
625047,600000,Beñat Prados,La Liga,2023,Athletic Club,2020s
676042,800000,Juanlu Sánchez,La Liga,2023,Sevilla,2020s
678406,1200000,Sergi Cardona,La Liga,2023,Las Palmas,2020s
709372,100000,Carlos Romero,La Liga,2023,Villarreal,2020s
733576,5000000,Alberto Moleiro,La Liga,2023,Las Palmas,2020s
842425,400000,Sacha Delaye,Ligue 1,2023,Montpellier,2020s
901019,700000,Neil El Aynaoui,Ligue 1,2023,Lens,2020s
25488,1500000,Antonio Candreva,Serie A,2023,Salernitana,2020s
32113,3000000,Armando Izzo,Serie A,2023,Monza,2020s
45314,400000,Federico Fazio,Serie A,2023,Salernitana,2020s
55735,6000000,Henrikh Mkhitaryan,Serie A,2023,Inter,2020s
55769,1500000,Danilo D'Ambrosio,Serie A,2023,Monza,2020s
57280,2500000,Giacomo Bonaventura,Serie A,2023,Fiorentina,2020s
70411,2500000,Darko Lazović,Serie A,2023,Hellas Verona,2020s
73926,3000000,Davide Faraoni,Serie A,2023,Hellas Verona,2020s
79960,3000000,Alex Sandro,Serie A,2023,Juventus,2020s
82048,1500000,Nicola Sansone,Serie A,2023,Lecce,2020s
82442,4000000,Olivier Giroud,Serie A,2023,Milan,2020s
84765,1500000,Francesco Caputo,Serie A,2023,Empoli,2020s
87884,8000000,Mário Rui,Serie A,2023,Napoli,2020s
88680,1500000,Luca Caldirola,Serie A,2023,Monza,2020s
94529,5000000,Stephan El Shaarawy,Serie A,2023,Roma,2020s
103427,8000000,Chris Smalling,Serie A,2023,Roma,2020s
118689,10000000,Leonardo Spinazzola,Serie A,2023,Roma,2020s
121985,3500000,Juan Jesus,Serie A,2023,Napoli,2020s
124555,5000000,Cristiano Biraghi,Serie A,2023,Fiorentina,2020s
126414,40000000,Hakan Çalhanoğlu,Serie A,2023,Inter,2020s
128220,18000000,Luis Alberto,Serie A,2023,Lazio,2020s
129674,4500000,Jeremy Toljan,Serie A,2023,Sassuolo,2020s
130365,2000000,Alessandro Florenzi,Serie A,2023,Milan,2020s
131075,4000000,Francesco Acerbi,Serie A,2023,Inter,2020s
808509,15000000,Danilo,Serie A,2023,Nott'ham Forest,2020s
159372,15000000,Felipe Anderson,Serie A,2023,Lazio,2020s
163222,1500000,Grégoire Defrel,Serie A,2023,Sassuolo,2020s
169880,25000000,Giovanni Di Lorenzo,Serie A,2023,Napoli,2020s
173859,7000000,Davide Zappacosta,Serie A,2023,Atalanta,2020s
181136,35000000,Piotr Zieliński,Serie A,2023,Napoli,2020s
186368,5000000,Valentino Lazaro,Serie A,2023,Torino,2020s
191891,8000000,Arkadiusz Milik,Serie A,2023,Juventus,2020s
197473,2000000,Alberto Grassi,Serie A,2023,Empoli,2020s
197747,18000000,Alessio Romagnoli,Serie A,2023,Lazio,2020s
198116,35000000,Federico Dimarco,Serie A,2023,Inter,2020s
199248,20000000,Bryan Cristante,Serie A,2023,Roma,2020s
199258,10000000,Andrea Petagna,Serie A,2023,Cagliari,2020s
199733,10000000,Danilo Cataldi,Serie A,2023,Lazio,2020s
200056,5000000,Elseid Hysaj,Serie A,2023,Lazio,2020s
203842,1500000,Viktor Kovalenko,Serie A,2023,Empoli,2020s
206050,30000000,Paulo Dybala,Serie A,2023,Roma,2020s
210178,5000000,Pablo Marí,Serie A,2023,Monza,2020s
225873,3500000,Karol Linetty,Serie A,2023,Torino,2020s
232418,3400000,Ondrej Duda,Serie A,2023,Hellas Verona,2020s
234523,10000000,Antonio Sanabria,Serie A,2023,Torino,2020s
236041,2500000,Alexis Blin,Serie A,2023,Lecce,2020s
236490,3500000,Ola Aina,Premier League,2023,Nott'ham Forest,2020s
240219,2000000,Lorenzo Venuti,Serie A,2023,Lecce,2020s
241076,2000000,Emmanuel Gyasi,Serie A,2023,Empoli,2020s
245078,4000000,Nemanja Radonjić,La Liga,2023,Torino,2020s
710131,12000000,Diego Llorente,La Liga,2023,Roma,2020s
248732,3000000,Paweł Dawidowicz,Serie A,2023,Hellas Verona,2020s
250153,4800000,Pasquale Mazzocchi,Serie A,2023,Salernitana,2020s
255942,75000000,Nicolò Barella,Serie A,2023,Inter,2020s
256448,18000000,Gianluca Mancini,Serie A,2023,Roma,2020s
257751,6500000,Simone Bastoni,Serie A,2023,Empoli,2020s
277167,2000000,Gian Marco Ferrari,Serie A,2023,Sassuolo,2020s
278531,3000000,Sebastiano Luperto,Serie A,2023,Empoli,2020s
282388,15000000,Giovanni Simeone,Serie A,2023,Napoli,2020s
284595,2000000,Tommaso Augello,Serie A,2023,Cagliari,2020s
293200,17000000,Nikola Vlašić,Serie A,2023,Torino,2020s
295183,8000000,Răzvan Marin,Serie A,2023,Empoli,2020s
295331,4000000,Isaac Success,Serie A,2023,Udinese,2020s
298635,1800000,Grigoris Kastanos,Serie A,2023,Salernitana,2020s
303116,10000000,Gaetano Castrovilli,Serie A,2023,Fiorentina,2020s
308279,10000000,Rolando Mandragora,Serie A,2023,Fiorentina,2020s
314678,20000000,Brahim Díaz,La Liga,2023,Real Madrid,2020s
315853,60000000,Alessandro Bastoni,Serie A,2023,Inter,2020s
316934,6500000,Nikola Moro,Serie A,2023,Bologna,2020s
321528,28000000,Denzel Dumfries,Serie A,2023,Inter,2020s
323954,7000000,Walace,Serie A,2023,Udinese,2020s
324377,4500000,Youssef Maleh,Serie A,2023,Empoli,2020s
334835,6000000,Toma Bašić,Serie A,2023,Salernitana,2020s
335147,3500000,Junior Sambia,Serie A,2023,Salernitana,2020s
336125,4000000,Mërgim Vojvoda,Serie A,2023,Torino,2020s
336960,2500000,Giuseppe Pezzella,Serie A,2023,Empoli,2020s
337725,12000000,Christian Kouamé,Serie A,2023,Fiorentina,2020s
339808,60000000,Theo Hernández,Serie A,2023,Milan,2020s
346561,2500000,Luca Ranieri,Serie A,2023,Fiorentina,2020s
346567,7000000,Luca Pellegrini,Serie A,2023,Lazio,2020s
347253,6000000,Dany Mota,Serie A,2023,Monza,2020s
351816,40000000,Ismaël Bennacer,Ligue 1,2023,Milan,2020s
353796,5500000,Giulio Maggiore,Serie A,2023,Salernitana,2020s
357796,7000000,Domagoj Bradarić,Serie A,2023,Salernitana,2020s
358008,4500000,Gianluca Gaetano,Serie A,2023,Cagliari,2020s
358032,2000000,Cyril Ngonge,Serie A,2023,Hellas Verona,2020s
358166,6000000,Eldor Shomurodov,Serie A,2023,Cagliari,2020s
360518,30000000,Teun Koopmeiners,Serie A,2023,Atalanta,2020s
364135,18000000,Moise Kean,Serie A,2023,Juventus,2020s
373373,10000000,Lucas Martínez Quarta,Serie A,2023,Fiorentina,2020s
381950,15000000,Alexis Saelemaekers,Serie A,2023,Bologna,2020s
386552,5000000,Lassana Coulibaly,Serie A,2023,Salernitana,2020s
392516,2500000,Antonino Gallo,Serie A,2023,Lecce,2020s
392959,4000000,Andrea Colpani,Serie A,2023,Monza,2020s
394300,25000000,Davide Frattesi,Serie A,2023,Inter,2020s
395236,8000000,Yacine Adli,Serie A,2023,Milan,2020s
397033,50000000,Sandro Tonali,Premier League,2023,Newcastle Utd,2020s
889683,5500000,Rogério,Bundesliga,2023,Wolfsburg,2020s
405885,35000000,Giacomo Raspadori,Serie A,2023,Napoli,2020s
413507,18000000,Nikola Milenković,Premier League,2023,Fiorentina,2020s
413565,12000000,Jhon Lucumí,Serie A,2023,Bologna,2020s
416386,2700000,Abdou Harroui,Serie A,2023,Frosinone,2020s
433584,4000000,Alessio Zerbin,Serie A,2023,Monza,2020s
449151,4500000,Junior Messias,Serie A,2023,Genoa,2020s
459658,8000000,Andrea Cambiaso,Serie A,2023,Juventus,2020s
461019,2300000,Samuele Birindelli,Serie A,2023,Monza,2020s
461833,10000000,Caleb Okoli,Premier League,2023,Frosinone,2020s
469211,2000000,Liberato Cacace,Serie A,2023,Empoli,2020s
489611,1800000,Filippo Ranocchia,Serie A,2023,Empoli,2020s
490384,4000000,Koni De Winter,Serie A,2023,Genoa,2020s
509022,12000000,Federico Gatti,Serie A,2023,Juventus,2020s
525704,18000000,Nicolò Rovella,Serie A,2023,Lazio,2020s
532937,3600000,Johan Vásquez,Serie A,2023,Genoa,2020s
539134,3000000,Daniel Maldini,Serie A,2023,Monza,2020s
543771,12000000,Kristjan Asllani,Serie A,2023,Inter,2020s
545538,4000000,Lameck Banda,Serie A,2023,Lecce,2020s
550108,20000000,Nicola Zalewski,Serie A,2023,Roma,2020s
551752,2700000,Demba Seck,Serie A,2023,Torino,2020s
556385,25000000,Destiny Udogie,Premier League,2023,Tottenham,2020s
564785,7500000,Kristian Thorstvedt,Serie A,2023,Sassuolo,2020s
571607,15000000,Fabio Miretti,Serie A,2023,Juventus,2020s
581672,9000000,Samuel Iling-Junior,Serie A,2023,Juventus,2020s
607854,20000000,Éderson,Serie A,2023,Atalanta,2020s
648779,12000000,Wilfried Singo,Ligue 1,2023,Monaco,2020s
650966,600000,Samuele Vignato,Serie A,2023,Monza,2020s
660860,4000000,Diego Coppola,Serie A,2023,Hellas Verona,2020s
699442,600000,Kacper Urbanski,Serie A,2023,Bologna,2020s
746891,3000000,Cristian Volpato,Serie A,2023,Sassuolo,2020s
57216,300000,Ismaël Traoré,Ligue 1,2023,Metz,2020s
366045,1500000,Ablie Jallow,Ligue 1,2023,Metz,2020s
432772,2000000,Samuel Grandsir,Ligue 1,2023,Le Havre,2020s
560725,900000,Abdoul Kader Bamba,Ligue 1,2023,Nantes,2020s
607226,1800000,Loum Tchaouna,Serie A,2023,Salernitana,2020s
649023,3000000,Formose Mendy,Ligue 1,2023,Lorient,2020s
807689,1000000,Frank Magri,Ligue 1,2023,Toulouse,2020s
918969,200000,Lamine Camara,Ligue 1,2023,Metz,2020s
919620,250000,Joseph Nduquidi,Ligue 1,2023,Metz,2020s
1099726,150000,Papa Amadou Diallo,Ligue 1,2023,Metz,2020s
227085,150000,Jonas Hofmann,Bundesliga,2023,Leverkusen,2020s
845654,1000000,Kenan Yıldız,Serie A,2023,Juventus,2020s
3333,1500000,James Milner,Premier League,2023,Brighton,2020s
14086,600000,Ashley Young,Premier League,2023,Everton,2020s
16306,40000000,Casemiro,Premier League,2023,Manchester Utd,2020s
294817,2000000,Thiago Silva,Premier League,2023,Chelsea,2020s
43530,1200000,Adam Lallana,Premier League,2023,Brighton,2020s
45403,1800000,André Ayew,Ligue 1,2023,Le Havre,2020s
55338,3000000,Willian,Premier League,2023,Fulham,2020s
57500,5000000,César Azpilicueta,La Liga,2023,Atltico Madrid,2020s
66934,2000000,Cheikhou Kouyaté,Premier League,2023,Nott'ham Forest,2020s
67063,7000000,Danny Welbeck,Premier League,2023,Brighton,2020s
69633,22000000,Christian Eriksen,Premier League,2023,Manchester Utd,2020s
74810,2000000,Ben Mee,Premier League,2023,Brentford,2020s
82873,8000000,Pascal Groß,Bundesliga,2023,Brighton,2020s
88755,70000000,Kevin De Bruyne,Premier League,2023,Manchester City,2020s
95424,13000000,Kyle Walker,Serie A,2023,Manchester City,2020s
95810,11000000,Kieran Trippier,Premier League,2023,Newcastle Utd,2020s
108354,5000000,Jordan Ayew,Premier League,2023,Crystal Palace,2020s
108725,8000000,Chris Wood,Premier League,2023,Nott'ham Forest,2020s
111051,2500000,Nampalys Mendy,Ligue 1,2023,Lens,2020s
111195,10000000,Joël Veltman,Premier League,2023,Brighton,2020s
111455,20000000,Granit Xhaka,Bundesliga,2023,Leverkusen,2020s
121477,2000000,Craig Dawson,Premier League,2023,Wolves,2020s
123275,2000000,Tom Cairney,Premier League,2023,Fulham,2020s
450826,16000000,Callum Wilson,Premier League,2023,Newcastle Utd,2020s
127032,8000000,Serge Aurier,Premier League,2023,Nott'ham Forest,2020s
127187,12000000,Abdoulaye Doucouré,Premier League,2023,Everton,2020s
132098,90000000,Harry Kane,Bundesliga,2023,Bayern Munich,2020s
134270,10000000,Dan Burn,Premier League,2023,Newcastle Utd,2020s
134294,12000000,Danny Ings,Premier League,2023,West Ham,2020s
135343,10000000,Fabian Schär,Premier League,2023,Newcastle Utd,2020s
142310,2500000,Willy Boly,Premier League,2023,Nott'ham Forest,2020s
144028,35000000,Leandro Trossard,Premier League,2023,Arsenal,2020s
145466,1000000,Tim Ream,Premier League,2023,Fulham,2020s
148153,16000000,Lewis Dunk,Premier League,2023,Brighton,2020s
148367,16000000,Christian Nørgaard,Premier League,2023,Brentford,2020s
157672,9000000,Vladimír Coufal,Premier League,2023,West Ham,2020s
173504,18000000,James Tarkowski,Premier League,2023,Everton,2020s
181778,12000000,Emerson,Premier League,2023,Tottenham,2020s
182904,10000000,Clément Lenglet,La Liga,2023,Aston Villa,2020s
183318,4500000,Jamaal Lascelles,Premier League,2023,Newcastle Utd,2020s
184573,18000000,Victor Lindelöf,Premier League,2023,Manchester Utd,2020s
186590,40000000,John Stones,Premier League,2023,Manchester City,2020s
188077,10000000,Ryan Christie,Premier League,2023,Bournemouth,2020s
257097,15000000,Ben Davies,Premier League,2023,Tottenham,2020s
193098,15000000,Álex Moreno,Premier League,2023,Aston Villa,2020s
198516,3500000,Harry Toffolo,Premier League,2023,Nott'ham Forest,2020s
199527,15000000,Jacob Murphy,Premier League,2023,Newcastle Utd,2020s
202886,25000000,Ruben Loftus-Cheek,Serie A,2023,Milan,2020s
203460,75000000,Jack Grealish,Premier League,2023,Manchester City,2020s
204294,2000000,Saman Ghoddos,Premier League,2023,Brentford,2020s
207014,5000000,Will Hughes,Premier League,2023,Crystal Palace,2020s
226973,18000000,Harrison Reed,Premier League,2023,Fulham,2020s
230784,35000000,Thomas Partey,Premier League,2023,Arsenal,2020s
240306,75000000,Bruno Fernandes,Premier League,2023,Manchester Utd,2020s
241641,80000000,Bernardo Silva,Premier League,2023,Manchester City,2020s
245056,12000000,Saša Lukić,Premier League,2023,Fulham,2020s
249089,10000000,Lewis Cook,Premier League,2023,Bournemouth,2020s
256178,22000000,Joe Gomez,Premier League,2023,Liverpool,2020s
258004,80000000,Rúben Dias,Premier League,2023,Manchester City,2020s
258889,20000000,Dominic Solanke,Premier League,2023,Bournemouth,2020s
260827,30000000,Joachim Andersen,Premier League,2023,Crystal Palace,2020s
262226,25000000,Timothy Castagne,Premier League,2023,Fulham,2020s
262980,20000000,Jefferson Lerma,Premier League,2023,Crystal Palace,2020s
270171,20000000,Vitaly Janelt,Premier League,2023,Brentford,2020s
285845,8000000,Ainsley Maitland-Niles,Ligue 1,2023,Lyon,2020s
289592,16000000,Orel Mangala,Premier League,2023,Nott'ham Forest,2020s
290532,25000000,Saïd Benrahma,Premier League,2023,West Ham,2020s
294057,60000000,James Maddison,Premier League,2023,Tottenham,2020s
295313,25000000,Taiwo Awoniyi,Premier League,2023,Nott'ham Forest,2020s
854853,9000000,Tom Davies,Premier League,2023,Sheffield Utd,2020s
319160,1000000,Jakub Jankto,Serie A,2023,Cagliari,2020s
320411,20000000,Philip Billing,Serie A,2023,Bournemouth,2020s
324358,40000000,Ollie Watkins,Premier League,2023,Aston Villa,2020s
328658,16000000,Kristoffer Ajer,Premier League,2023,Brentford,2020s
331560,25000000,Takehiro Tomiyasu,Premier League,2023,Arsenal,2020s
332697,18000000,Weston McKennie,Serie A,2023,Juventus,2020s
334526,18000000,Denis Zakaria,Ligue 1,2023,Monaco,2020s
339314,10000000,Deniz Undav,Bundesliga,2023,Stuttgart,2020s
340329,38000000,Joe Willock,Premier League,2023,Newcastle Utd,2020s
340950,50000000,Diogo Jota,Premier League,2023,Liverpool,2020s
346314,18000000,Trevoh Chalobah,Premier League,2023,Chelsea,2020s
346707,25000000,Sean Longstaff,Premier League,2023,Newcastle Utd,2020s
349066,70000000,Alexander Isak,Premier League,2023,Newcastle Utd,2020s
349599,32000000,Pervis Estupiñán,Premier League,2023,Brighton,2020s
355915,60000000,Cristian Romero,Premier League,2023,Tottenham,2020s
357119,38000000,Ibrahima Konaté,Premier League,2023,Liverpool,2020s
357662,90000000,Declan Rice,Premier League,2023,Arsenal,2020s
357885,22000000,Pablo Fornals,La Liga,2023,West Ham,2020s
363205,75000000,Gabriel Jesus,Premier League,2023,Arsenal,2020s
381967,15000000,Albert Sambi Lokonga,La Liga,2023,Luton Town,2020s
387626,28000000,Leon Bailey,Premier League,2023,Aston Villa,2020s
388165,18000000,Yoane Wissa,Premier League,2023,Brentford,2020s
392765,35000000,Emile Smith Rowe,Premier League,2023,Arsenal,2020s
393323,25000000,Brenden Aaronson,Bundesliga,2023,Union Berlin,2020s
394327,30000000,Boubacar Kamara,Premier League,2023,Aston Villa,2020s
398065,35000000,Harvey Barnes,Premier League,2023,Newcastle Utd,2020s
404842,25000000,Vitaliy Mykolenko,Premier League,2023,Everton,2020s
406635,110000000,Phil Foden,Premier League,2023,Manchester City,2020s
406638,15000000,Oliver Skipp,Premier League,2023,Tottenham,2020s
413039,35000000,Bryan Mbeumo,Premier League,2023,Brentford,2020s
413403,25000000,Ezri Konsa,Premier League,2023,Aston Villa,2020s
418560,180000000,Erling Haaland,Premier League,2023,Manchester City,2020s
420002,7000000,Jean-Philippe Mateta,Premier League,2023,Crystal Palace,2020s
421637,8000000,Frank Onyeka,Bundesliga,2023,Brentford,2020s
425902,11000000,Ryan Yates,Premier League,2023,Nott'ham Forest,2020s
434675,55000000,Cody Gakpo,Premier League,2023,Liverpool,2020s
442248,14000000,Ethan Pinnock,Premier League,2023,Brentford,2020s
444523,45000000,Lucas Paquetá,Premier League,2023,West Ham,2020s
447661,40000000,Douglas Luiz,Serie A,2023,Aston Villa,2020s
462250,50000000,João Félix,Serie A,2023,Barcelona,2020s
463603,40000000,Benoît Badiashile,Premier League,2023,Chelsea,2020s
468002,10000000,Ben Johnson,Premier League,2023,West Ham,2020s
469050,22000000,Nathan Collins,Premier League,2023,Brentford,2020s
479999,40000000,Eberechi Eze,Premier League,2023,Crystal Palace,2020s
480116,18000000,Lloyd Kelly,Serie A,2023,Bournemouth,2020s
480692,75000000,Luis Díaz,Premier League,2023,Liverpool,2020s
487465,28000000,Pedro Neto,Premier League,2023,Wolves,2020s
488362,32000000,Conor Gallagher,La Liga,2023,Chelsea,2020s
500054,5000000,David Jurásek,Bundesliga,2023,Hoffenheim,2020s
503680,20000000,Neco Williams,Premier League,2023,Nott'ham Forest,2020s
503733,35000000,Anthony Gordon,Premier League,2023,Newcastle Utd,2020s
505194,12000000,Luke Thomas,Premier League,2023,Sheffield Utd,2020s
505219,14000000,James Garner,Premier League,2023,Everton,2020s
512385,22000000,Luis Sinisterra,Premier League,2023,Bournemouth,2020s
520624,70000000,Bruno Guimarães,Premier League,2023,Newcastle Utd,2020s
525287,6000000,Carlos Vinícius,Premier League,2023,Fulham,2020s
533916,3000000,Shandon Baptiste,Premier League,2023,Brentford,2020s
534033,65000000,Alexis Mac Allister,Premier League,2023,Liverpool,2020s
543387,35000000,Cheick Doucouré,Premier League,2023,Crystal Palace,2020s
546543,65000000,Darwin Núñez,Premier League,2023,Liverpool,2020s
563963,18000000,Mohammed Salisu,Ligue 1,2023,Monaco,2020s
565822,35000000,Harvey Elliott,Premier League,2023,Liverpool,2020s
567576,8000000,Elliot Anderson,Premier League,2023,Newcastle Utd,2020s
568693,15000000,Pape Matar Sarr,Premier League,2023,Tottenham,2020s
583189,18000000,Anthony Elanga,Premier League,2023,Nott'ham Forest,2020s
584769,20000000,Dwight McNeil,Premier League,2023,Everton,2020s
591949,25000000,Aaron Hickey,Premier League,2023,Brentford,2020s
633530,6000000,Jordan Zemura,Serie A,2023,Udinese,2020s
649020,5000000,Boubacar Traoré,Premier League,2023,Wolves,2020s
659459,15000000,Carney Chukwuemeka,Bundesliga,2023,Chelsea,2020s
660867,22000000,Julio Enciso,Premier League,2023,Brighton,2020s
684210,9000000,Jaidon Anthony,Premier League,2023,Bournemouth,2020s
730893,22000000,Tyrick Mitchell,Premier League,2023,Crystal Palace,2020s
735570,18000000,João Gomes,Premier League,2023,Wolves,2020s
983989,12000000,Facundo Buonanotte,Premier League,2023,Brighton,2020s
418571,600000,Hamza Rafia,Serie A,2023,Lecce,2020s
434433,2200000,Nikola Krstović,Serie A,2023,Lecce,2020s
816308,100000,Panos Katseris,Ligue 1,2023,Lorient,2020s
12282,3000000,Daley Blind,La Liga,2023,Girona,2020s
53418,3500000,Kevin Kampl,Bundesliga,2023,RB Leipzig,2020s
55099,2500000,Nicolas Höfler,Bundesliga,2023,Freiburg,2020s
58358,12000000,Thomas Müller,Bundesliga,2023,Bayern Munich,2020s
58396,500000,Christian Groß,Bundesliga,2023,Werder Bremen,2020s
60957,800000,Sebastian Polter,Bundesliga,2023,Darmstadt 98,2020s
75921,800000,Christopher Trimmel,Bundesliga,2023,Union Berlin,2020s
82350,2000000,Stefan Bell,Bundesliga,2023,Mainz 05,2020s
85906,1800000,Danny da Costa,Bundesliga,2023,Mainz 05,2020s
93707,7500000,Christian Günter,Bundesliga,2023,Freiburg,2020s
93844,2800000,Leonardo Bittencourt,Bundesliga,2023,Werder Bremen,2020s
100986,5000000,Thomas Meunier,Ligue 1,2023,Dortmund,2020s
106270,5000000,Florian Kainz,Bundesliga,2023,Kln,2020s
106405,3000000,Jeffrey Gouweleeuw,Bundesliga,2023,Augsburg,2020s
106872,3000000,Kevin Stöger,Bundesliga,2023,Bochum,2020s
111078,7000000,Emil Forsberg,Bundesliga,2023,RB Leipzig,2020s
111266,500000,Anthony Losilla,Bundesliga,2023,Bochum,2020s
118847,3500000,Dominik Kohr,Bundesliga,2023,Mainz 05,2020s
118850,3000000,Ivan Ordets,Bundesliga,2023,Bochum,2020s
119037,2800000,Philipp Hofmann,Bundesliga,2023,Bochum,2020s
119234,3500000,Karim Onisiwo,Bundesliga,2023,Mainz 05,2020s
119296,14000000,Emre Can,Bundesliga,2023,Dortmund,2020s
121686,600000,Cristian Gamboa,Bundesliga,2023,Bochum,2020s
127076,3000000,Jérôme Roussillon,Bundesliga,2023,Union Berlin,2020s
146310,6500000,Wataru Endo,Premier League,2023,Liverpool,2020s
153084,45000000,Leon Goretzka,Bundesliga,2023,Bayern Munich,2020s
157635,7000000,Yussuf Poulsen,Bundesliga,2023,RB Leipzig,2020s
160968,3000000,Benno Schmitz,Bundesliga,2023,Kln,2020s
161056,75000000,Joshua Kimmich,Bundesliga,2023,Bayern Munich,2020s
166601,35000000,Niklas Süle,Bundesliga,2023,Dortmund,2020s
168989,3500000,Silvan Widmer,Bundesliga,2023,Mainz 05,2020s
178459,2500000,Davie Selke,Bundesliga,2023,Kln,2020s
180337,12000000,Sardar Azmoun,Serie A,2023,Roma,2020s
185077,12000000,Vincenzo Grifo,Bundesliga,2023,Freiburg,2020s
186988,900000,Sven Michel,Bundesliga,2023,Augsburg,2020s
188888,17000000,Sheraldo Becker,La Liga,2023,Real Sociedad,2020s
190685,2000000,Bouna Sarr,Bundesliga,2023,Bayern Munich,2020s
192565,65000000,Leroy Sané,Bundesliga,2023,Bayern Munich,2020s
192635,18000000,Nico Elvedi,Bundesliga,2023,Gladbach,2020s
193004,4500000,Waldemar Anton,Bundesliga,2023,Stuttgart,2020s
195246,1500000,Pascal Stenzel,Bundesliga,2023,Stuttgart,2020s
196357,20000000,Jonathan Tah,Bundesliga,2023,Leverkusen,2020s
196792,10000000,Julian Weigl,Bundesliga,2023,Gladbach,2020s
202591,15000000,Benjamin Henrichs,Bundesliga,2023,RB Leipzig,2020s
212723,22000000,Djibril Sow,La Liga,2023,Sevilla,2020s
223967,28000000,Konrad Laimer,Bundesliga,2023,Bayern Munich,2020s
223979,22000000,Xaver Schlager,Bundesliga,2023,RB Leipzig,2020s
225657,20000000,Philipp Lienhart,Bundesliga,2023,Freiburg,2020s
226524,5500000,Morten Thorsby,Serie A,2023,Genoa,2020s
232320,4000000,Atakan Karazor,Bundesliga,2023,Stuttgart,2020s
233782,7000000,Aïssa Laïdouni,Bundesliga,2023,Union Berlin,2020s
234029,7000000,Grischa Prömel,Bundesliga,2023,Hoffenheim,2020s
236981,8500000,Timo Hübers,Bundesliga,2023,Kln,2020s
244940,13000000,Salih Özcan,Bundesliga,2023,Dortmund,2020s
245744,4000000,Takuma Asano,La Liga,2023,Bochum,2020s
248999,5000000,Lucas Höler,Bundesliga,2023,Freiburg,2020s
249157,2500000,Fredrik Jensen,Bundesliga,2023,Augsburg,2020s
270541,14000000,Serhou Guirassy,Bundesliga,2023,Stuttgart,2020s
272278,4000000,Chris Führich,Bundesliga,2023,Stuttgart,2020s
274461,1500000,Felix Passlack,Bundesliga,2023,Bochum,2020s
281963,45000000,Lucas Hernández,Ligue 1,2023,Paris S-G,2020s
287188,10000000,Dejan Ljubicic,Bundesliga,2023,Kln,2020s
287920,1200000,Tim Skarke,Bundesliga,2023,Darmstadt 98,2020s
289835,5000000,Jens Stage,Bundesliga,2023,Werder Bremen,2020s
290587,13000000,Ellyes Skhiri,Bundesliga,2023,Eint Frankfurt,2020s
293281,3000000,Jacob Bruun Larsen,Bundesliga,2023,Burnley,2020s
293385,40000000,Dani Olmo,La Liga,2023,RB Leipzig,2020s
296397,6500000,Arne Maier,Bundesliga,2023,Augsburg,2020s
296879,3500000,Steffen Tigges,Bundesliga,2023,Kln,2020s
315332,2000000,Aymen Barkok,Bundesliga,2023,Mainz 05,2020s
324278,24000000,Christoph Baumgartner,Bundesliga,2023,RB Leipzig,2020s
338629,8500000,Sebastiaan Bornauw,Bundesliga,2023,Wolfsburg,2020s
340456,28000000,Noussair Mazraoui,Premier League,2023,Bayern Munich,2020s
342039,4000000,Yannik Keitel,Bundesliga,2023,Freiburg,2020s
344069,15000000,Anton Stach,Bundesliga,2023,Hoffenheim,2020s
344381,80000000,Christopher Nkunku,Premier League,2023,Chelsea,2020s
344695,60000000,Dayot Upamecano,Bundesliga,2023,Bayern Munich,2020s
346853,4500000,Romano Schmid,Bundesliga,2023,Werder Bremen,2020s
353366,40000000,Benjamin Pavard,Serie A,2023,Inter,2020s
353948,9000000,Lucas Tousart,Bundesliga,2023,Union Berlin,2020s
355816,12000000,Ko Itakura,Bundesliga,2023,Gladbach,2020s
356141,27000000,Daichi Kamada,Premier League,2023,Lazio,2020s
361260,10000000,Ozan Kabak,Bundesliga,2023,Hoffenheim,2020s
391004,14000000,Jonas Wind,Bundesliga,2023,Wolfsburg,2020s
392163,4000000,Noah Weißhaupt,Bundesliga,2023,Freiburg,2020s
395516,50000000,Moussa Diaby,Premier League,2023,Aston Villa,2020s
401578,22000000,Exequiel Palacios,Bundesliga,2023,Leverkusen,2020s
402008,17000000,Amadou Haidara,Bundesliga,2023,RB Leipzig,2020s
405687,7000000,Tom Krauß,Bundesliga,2023,Mainz 05,2020s
413843,3000000,Keven Schlotterbeck,Bundesliga,2023,Bochum,2020s
415912,15000000,Konstantinos Mavropanos,Premier League,2023,West Ham,2020s
424204,70000000,Alphonso Davies,Bundesliga,2023,Bayern Munich,2020s
429874,8000000,Ansgar Knauff,Bundesliga,2023,Eint Frankfurt,2020s
445939,6000000,Omar Marmoush,Premier League,2023,Eint Frankfurt,2020s
454863,5000000,András Schäfer,Bundesliga,2023,Union Berlin,2020s
456492,2500000,Faride Alidou,Bundesliga,2023,Kln,2020s
467720,30000000,Youssoufa Moukoko,Ligue 1,2023,Dortmund,2020s
496094,40000000,Karim Adeyemi,Bundesliga,2023,Dortmund,2020s
504153,12000000,Joe Scally,Bundesliga,2023,Gladbach,2020s
520468,5500000,Iago,Bundesliga,2023,Augsburg,2020s
524285,6500000,Luca Netz,Bundesliga,2023,Gladbach,2020s
536482,10000000,Junior Dina Ebimbe,Bundesliga,2023,Eint Frankfurt,2020s
541231,5000000,Sepp van den Berg,Premier League,2023,Mainz 05,2020s
546213,15000000,Tuta,Bundesliga,2023,Eint Frankfurt,2020s
564545,30000000,Edmond Tapsoba,Bundesliga,2023,Leverkusen,2020s
569366,7000000,Enzo Millot,Bundesliga,2023,Stuttgart,2020s
589737,3500000,Kelvin Yeboah,Ligue 1,2023,Montpellier,2020s
616344,7000000,Tiago Tomás,Bundesliga,2023,Wolfsburg,2020s
618425,2500000,Tanguy Coulibaly,Ligue 1,2023,Montpellier,2020s
644771,18000000,Odilon Kossounou,Serie A,2023,Leverkusen,2020s
645774,1000000,Eren Dinkçi,Bundesliga,2023,Heidenheim,2020s
659813,35000000,Piero Hincapié,Bundesliga,2023,Leverkusen,2020s
666234,25000000,Mohamed Simakan,Bundesliga,2023,RB Leipzig,2020s
711517,5000000,Kevin Paredes,Bundesliga,2023,Wolfsburg,2020s
820241,250000,Damion Downs,Bundesliga,2023,Kln,2020s
127573,3000000,Phillipp Mwene,Bundesliga,2023,Mainz 05,2020s
345590,6000000,Jens Odgaard,Serie A,2023,Bologna,2020s
367992,18000000,Jesper Karlsson,Serie A,2023,Bologna,2020s
401356,35000000,Edson Álvarez,Premier League,2023,West Ham,2020s
433984,4500000,Sam Beukema,Serie A,2023,Bologna,2020s
457736,750000,Tijjani Noslin,Serie A,2023,Hellas Verona,2020s
461883,15000000,Calvin Bassey,Premier League,2023,Fulham,2020s
505653,13000000,Fábio Silva,La Liga,2023,Wolves,2020s
524925,3000000,Modibo Sagnan,Ligue 1,2023,Montpellier,2020s
572265,5000000,Lorenzo Lucca,Serie A,2023,Udinese,2020s
613393,1000000,Gaetano Oristanio,Serie A,2023,Cagliari,2020s
258987,6500000,Carl Starfelt,La Liga,2023,Celta Vigo,2020s
381187,600000,Emmanuel Sabbi,Ligue 1,2023,Le Havre,2020s
442703,800000,Ylber Ramadani,Serie A,2023,Lecce,2020s
462823,7500000,Gustav Isaksen,Serie A,2023,Lazio,2020s
567309,500000,Naatan Skyttä,Ligue 1,2023,Toulouse,2020s
652275,6000000,Hákon Arnar Haraldsson,Ligue 1,2023,Lille,2020s
698259,700000,Thomas Kristensen,Serie A,2023,Udinese,2020s
955070,6000000,Ernest Nuamah,Ligue 1,2023,Lyon,2020s
16136,600000,Dante,Ligue 1,2023,Nice,2020s
25557,4500000,Sergio Ramos,La Liga,2023,Sevilla,2020s
27389,1200000,Kévin Gameiro,Ligue 1,2023,Strasbourg,2020s
40433,4000000,Alexis Sánchez,Serie A,2023,Inter,2020s
46001,2500000,Moussa Sissoko,Ligue 1,2023,Nantes,2020s
72121,700000,Johan Gastien,Ligue 1,2023,Clermont Foot,2020s
84301,9000000,Benjamin André,Ligue 1,2023,Lille,2020s
91473,450000,Florent Ogier,Ligue 1,2023,Clermont Foot,2020s
93720,14000000,Alexandre Lacazette,Ligue 1,2023,Lyon,2020s
103565,2500000,Wahbi Khazri,Ligue 1,2023,Montpellier,2020s
113707,5000000,Rémy Cabella,Ligue 1,2023,Lille,2020s
118284,5000000,Jordan Ferri,Ligue 1,2023,Montpellier,2020s
120651,1000000,Vincent Le Goff,Ligue 1,2023,Lorient,2020s
124028,2500000,Ismaily,Ligue 1,2023,Lille,2020s
126557,5000000,Jonathan Gradit,Ligue 1,2023,Lens,2020s
127142,1500000,Jonas Martin,Ligue 1,2023,Brest,2020s
127156,10000000,Téji Savanier,Ligue 1,2023,Montpellier,2020s
131225,9000000,Nicolás Tagliafico,Ligue 1,2023,Lyon,2020s
139279,900000,Nicolas Pallois,Ligue 1,2023,Nantes,2020s
141050,10000000,Danilo Pereira,Ligue 1,2023,Paris S-G,2020s
146854,15000000,Wissam Ben Yedder,Ligue 1,2023,Monaco,2020s
164771,16000000,Jordan Veretout,Ligue 1,2023,Marseille,2020s
170961,1200000,Thomas Delaine,Ligue 1,2023,Strasbourg,2020s
170966,1500000,Jérémie Bela,Ligue 1,2023,Clermont Foot,2020s
174094,6000000,Morgan Sanson,Ligue 1,2023,Nice,2020s
174196,1500000,Kenny Lala,Ligue 1,2023,Brest,2020s
175639,14000000,Jonathan Clauss,Ligue 1,2023,Marseille,2020s
181378,16000000,Gaëtan Laborde,Ligue 1,2023,Nice,2020s
182875,3500000,Jean-Charles Castelletto,Ligue 1,2023,Nantes,2020s
182916,2000000,Wesley Saïd,Ligue 1,2023,Lens,2020s
190393,14000000,Corentin Tolisso,Ligue 1,2023,Lyon,2020s
199704,700000,Yunis Abdelhamid,Ligue 1,2023,Reims,2020s
201737,3500000,Christopher Jullien,Ligue 1,2023,Montpellier,2020s
203746,7000000,Ruben Aguilar,Ligue 1,2023,Lens,2020s
207877,15000000,Ruslan Malinovskyi,Serie A,2023,Genoa,2020s
220878,2500000,Issiaga Sylla,Ligue 1,2023,Montpellier,2020s
670710,16000000,André Gomes,Ligue 1,2023,Everton,2020s
229006,10000000,Franck Honorat,Bundesliga,2023,Gladbach,2020s
238626,3000000,Laurent Abergel,Ligue 1,2023,Lorient,2020s
238639,5000000,Steve Mounié,Bundesliga,2023,Brest,2020s
249730,10000000,Guillermo Maripán,Serie A,2023,Monaco,2020s
250013,9000000,Angelo Fulgini,Ligue 1,2023,Lens,2020s
250779,5000000,Brendan Chardonnet,Ligue 1,2023,Brest,2020s
266359,18000000,Benjamin Bourigeaud,Ligue 1,2023,Rennes,2020s
274862,8000000,Moses Simon,Ligue 1,2023,Nantes,2020s
276896,10000000,Samuel Gigot,Serie A,2023,Marseille,2020s
280387,1500000,Vincent Sierro,Ligue 1,2023,Toulouse,2020s
292818,20000000,Jonathan Bamba,La Liga,2023,Celta Vigo,2020s
297070,10000000,Hamari Traoré,La Liga,2023,Real Sociedad,2020s
315145,7500000,Azor Matusiwa,Ligue 1,2023,Reims,2020s
332560,4000000,Deiver Machado,Ligue 1,2023,Lens,2020s
342229,180000000,Kylian Mbappé,La Liga,2023,Paris S-G,2020s
348026,18000000,Nordi Mukiele,Bundesliga,2023,Paris S-G,2020s
351843,2000000,Yoann Salmier,Ligue 1,2023,Le Havre,2020s
353399,3000000,Romain Del Castillo,Ligue 1,2023,Brest,2020s
354726,4000000,Florian Sotoca,Ligue 1,2023,Lens,2020s
362108,4500000,Gabriel Gudmundsson,Ligue 1,2023,Lille,2020s
368891,22000000,Arthur Theate,Bundesliga,2023,Rennes,2020s
370791,6000000,Pablo Rosario,Ligue 1,2023,Nice,2020s
370846,14000000,Timothy Weah,Serie A,2023,Juventus,2020s
372711,12000000,Amine Harit,Ligue 1,2023,Marseille,2020s
372712,6000000,Ibrahima Sissoko,Bundesliga,2023,Strasbourg,2020s
375391,1500000,Joel Asoro,Ligue 1,2023,Metz,2020s
384593,4500000,Alexis Claude-Maurice,Bundesliga,2023,Nice,2020s
385105,2500000,Gabriel Suazo,Ligue 1,2023,Toulouse,2020s
386047,30000000,Axel Disasi,Premier League,2023,Chelsea,2020s
386057,2500000,Julien Laporte,Ligue 1,2023,Lorient,2020s
392770,16000000,Angel Gomes,Ligue 1,2023,Lille,2020s
398073,65000000,Achraf Hakimi,Ligue 1,2023,Paris S-G,2020s
400485,7000000,Adam Ounas,Ligue 1,2023,Lille,2020s
427161,1200000,Lebo Mothiba,Ligue 1,2023,Strasbourg,2020s
462348,6000000,Mostafa Mohamed,Ligue 1,2023,Nantes,2020s
468066,6000000,Jens Cajuste,Premier League,2023,Napoli,2020s
470618,1500000,Denis Genreau,Ligue 1,2023,Toulouse,2020s
474662,2000000,Hugo Magnetti,Ligue 1,2023,Brest,2020s
484988,1200000,Logan Costa,La Liga,2023,Toulouse,2020s
485960,5000000,Lilian Brassier,Ligue 1,2023,Brest,2020s
500689,4500000,Evann Guessand,Ligue 1,2023,Nice,2020s
535834,7000000,Eliot Matazo,Ligue 1,2023,Monaco,2020s
535955,18000000,Nuno Tavares,Serie A,2023,Nott'ham Forest,2020s
537127,2000000,Théo Sainte-Luce,Ligue 1,2023,Montpellier,2020s
557613,7000000,Quentin Merlin,Ligue 1,2023,Marseille,2020s
569389,15000000,Sofiane Diop,Ligue 1,2023,Nice,2020s
569390,2500000,Julien Ponceau,Ligue 1,2023,Lorient,2020s
569598,25000000,Youssouf Fofana,Serie A,2023,Monaco,2020s
572326,6000000,Christopher Wooh,Ligue 1,2023,Rennes,2020s
575998,10000000,Leonardo Balerdi,Ligue 1,2023,Marseille,2020s
585959,22000000,Arnaud Kalimuendo,Ligue 1,2023,Rennes,2020s
585973,10000000,Johann Lepenant,Ligue 1,2023,Lyon,2020s
594997,2500000,Yohann Magnin,Ligue 1,2023,Clermont Foot,2020s
618472,25000000,Castello Lukeba,Bundesliga,2023,RB Leipzig,2020s
624037,9000000,Joris Chotard,Ligue 1,2023,Montpellier,2020s
646733,2000000,Jim Allevinah,Ligue 1,2023,Clermont Foot,2020s
649033,4000000,Dion Lopy,La Liga,2023,Almera,2020s
649452,7000000,Issa Kaboré,Bundesliga,2023,Luton Town,2020s
671594,2500000,Kamory Doumbia,Ligue 1,2023,Brest,2020s
694509,800000,Moussa Diarra,La Liga,2023,Toulouse,2020s
711969,5000000,Lorenz Assignon,Ligue 1,2023,Burnley,2020s
711996,9000000,Warmed Omari,Ligue 1,2023,Rennes,2020s
717118,1200000,Darlin Yongwa,Ligue 1,2023,Lorient,2020s
737781,4500000,Jérémy Le Douaron,Ligue 1,2023,Brest,2020s
743498,6000000,Wilson Odobert,Premier League,2023,Burnley,2020s
745181,800000,Soungoutou Magassa,Ligue 1,2023,Monaco,2020s
750904,100000,Tom Louchet,Ligue 1,2023,Nice,2020s
766412,3000000,Théo Le Bris,Ligue 1,2023,Lorient,2020s
789082,20000000,Vanderson,Ligue 1,2023,Monaco,2020s
802747,500000,Siriné Doucouré,Ligue 1,2023,Lorient,2020s
810093,1000000,Ayman Kari,Ligue 1,2023,Lorient,2020s
822458,8000000,Bamba Dieng,Ligue 1,2023,Lorient,2020s
852024,3500000,Bénie Traoré,Premier League,2023,Sheffield Utd,2020s
914562,15000000,Désiré Doué,Ligue 1,2023,Rennes,2020s
931838,9000000,Hugo Larsson,Bundesliga,2023,Eint Frankfurt,2020s
955357,400000,Eli Junior Kroupi,Ligue 1,2023,Lorient,2020s
1005240,250000,Christian Mawissa,Ligue 1,2023,Toulouse,2020s
31599,300000,Norman Theuerkauf,Bundesliga,2023,Heidenheim,2020s
42072,500000,Tobias Kempe,Bundesliga,2023,Darmstadt 98,2020s
54846,600000,Fabian Holland,Bundesliga,2023,Darmstadt 98,2020s
57598,500000,Klaus Gjasula,Bundesliga,2023,Darmstadt 98,2020s
77812,1300000,Christoph Zimmermann,Bundesliga,2023,Darmstadt 98,2020s
133731,2000000,Patrick Mainka,Bundesliga,2023,Heidenheim,2020s
227084,1500000,Benedikt Gimber,Bundesliga,2023,Heidenheim,2020s
273669,650000,Adrian Beck,Bundesliga,2023,Heidenheim,2020s
286596,700000,Emir Karic,Bundesliga,2023,Darmstadt 98,2020s
288340,2700000,Phillip Tietz,Bundesliga,2023,Augsburg,2020s
337036,1500000,Florent Muslija,Bundesliga,2023,Freiburg,2020s
438315,1000000,Andreas Müller,Bundesliga,2023,Darmstadt 98,2020s
448028,1500000,Kevin Sessa,Bundesliga,2023,Heidenheim,2020s
568535,1200000,Theo Corbeanu,La Liga,2023,Granada,2020s
581357,1500000,Jan Schöppner,Bundesliga,2023,Heidenheim,2020s
655006,2000000,Diego Moreira,Ligue 1,2023,Lyon,2020s
673071,1500000,Oscar Vilhelmsson,Bundesliga,2023,Darmstadt 98,2020s
607034,4000000,Akor Adams,La Liga,2023,Montpellier,2020s
892973,1500000,Lovro Zvonarek,Bundesliga,2023,Bayern Munich,2020s
466801,300000,Sergi Altimira,La Liga,2023,Betis,2020s
537762,5000000,Sergio Arribas,La Liga,2023,Almera,2020s
634105,800000,Alberto Marí,La Liga,2023,Valencia,2020s
662261,500000,Rafa Marín,Serie A,2023,Alavs,2020s
687609,150000,Isaac Romero,La Liga,2023,Sevilla,2020s
709969,3000000,Ilias Akhomach,La Liga,2023,Villarreal,2020s
710004,1000000,Peter Federico,La Liga,2023,Valencia,2020s
745461,1000000,Luca Koleosho,Premier League,2023,Burnley,2020s
834752,100000,Unai Gómez,La Liga,2023,Athletic Club,2020s
892221,150000,Hugo Sotelo,La Liga,2023,Celta Vigo,2020s
1061282,200000,Assane Diao,Serie A,2023,Betis,2020s
1064871,25000,Joaquín Panichelli,La Liga,2023,Alavs,2020s
674806,2500000,Santiago Pierotti,Serie A,2023,Lecce,2020s
732507,2000000,Agustín Martegani,Serie A,2023,Salernitana,2020s
830108,550000,Julián Malatini,Bundesliga,2023,Werder Bremen,2020s
849410,3500000,Valentín Barco,Ligue 1,2023,Brighton,2020s
849520,1000000,Santiago Castro,Serie A,2023,Bologna,2020s
872184,2500000,Tadeo Allende,La Liga,2023,Celta Vigo,2020s
763079,400000,Abdukodir Khusanov,Premier League,2023,Lens,2020s
157495,3000000,Benjamin Mendy,Ligue 1,2023,Lorient,2020s
792380,200000,Aleksandar Pavlovic,Bundesliga,2023,Bayern Munich,2020s
937958,25000000,Lamine Yamal,La Liga,2023,Barcelona,2020s
289167,2500000,Kamil Jóźwiak,La Liga,2023,Granada,2020s
716276,3000000,Yerson Mosquera,Premier League,2023,Villarreal,2020s
913495,1000000,Emran Soglo,Ligue 1,2023,Marseille,2020s
982393,150000,Lucas Mincarelli,Ligue 1,2023,Montpellier,2020s
1111776,150000,Ibou Sané,Ligue 1,2023,Metz,2020s
661207,10000000,Oscar Bobb,Premier League,2023,Manchester City,2020s
790992,200000,Alfie Gilchrist,Premier League,2023,Chelsea,2020s
867688,1000000,Jack Hinshelwood,Premier League,2023,Brighton,2020s
922769,2500000,Lewis Miley,Premier League,2023,Newcastle Utd,2020s
973703,8000000,Brenner,Serie A,2023,Udinese,2020s
467632,3500000,Cristian Cásseres Jr.,Ligue 1,2023,Toulouse,2020s
1081219,150000,Othmane Maamma,Ligue 1,2023,Montpellier,2020s
1178474,50000,Amadou Koné,Ligue 1,2023,Reims,2020s
724783,100000,Tawanda Chirewa,Premier League,2023,Wolves,2020s
746739,2500000,Andre Brooks,Premier League,2023,Sheffield Utd,2020s
874066,450000,Oliver Arblaster,Premier League,2023,Sheffield Utd,2020s
617021,250000,Ben Old,Ligue 1,2024,Saint-tienne,2020s
743387,800000,Stanis Idumbo,La Liga,2024,Sevilla,2020s
643574,1000000,Kaishu Sano,Bundesliga,2024,Mainz 05,2020s
606119,300000,Phil Harres,Bundesliga,2024,Holstein Kiel,2020s
944570,600000,Vasilije Adžić,Serie A,2024,Juventus,2020s
763079,2000000,Abdukodir Khusanov,Premier League,2024,Lens,2020s
669380,6000000,Konstantinos Koulierakis,Bundesliga,2024,Wolfsburg,2020s
274839,16000000,Wilfred Ndidi,Premier League,2024,Leicester City,2020s
340328,11000000,Stephy Mavididi,Premier League,2024,Leicester City,2020s
344009,4000000,Nathan Broadhead,Premier League,2024,Ipswich Town,2020s
506189,7000000,Flynn Downes,Premier League,2024,Southampton,2020s
596446,6000000,Leif Davis,Premier League,2024,Ipswich Town,2020s
667517,4500000,Jordan James,Ligue 1,2024,Rennes,2020s
741238,4500000,Omari Hutchinson,Premier League,2024,Ipswich Town,2020s
922693,16000000,Archie Gray,Premier League,2024,Tottenham,2020s
126719,5000000,Juan Bernat,La Liga,2024,Villarreal,2020s
487474,15000000,Francisco Conceição,Serie A,2024,Juventus,2020s
663244,5000000,Jota Silva,Premier League,2024,Nott'ham Forest,2020s
711337,30000000,Evanilson,Premier League,2024,Bournemouth,2020s
401571,4500000,Tomás Conechny,La Liga,2024,Alavs,2020s
579263,2500000,Augustine Boakye,Ligue 1,2024,Saint-tienne,2020s
91970,1500000,Juan Cuadrado,Serie A,2024,Atalanta,2020s
96341,30000000,Romelu Lukaku,Serie A,2024,Napoli,2020s
169880,18000000,Giovanni Di Lorenzo,Serie A,2024,Napoli,2020s
181136,25000000,Piotr Zieliński,Serie A,2024,Inter,2020s
289446,3000000,Yerry Mina,Serie A,2024,Cagliari,2020s
315853,70000000,Alessandro Bastoni,Serie A,2024,Inter,2020s
321528,27000000,Denzel Dumfries,Serie A,2024,Inter,2020s
332697,25000000,Weston McKennie,Serie A,2024,Juventus,2020s
339808,60000000,Theo Hernández,Serie A,2024,Milan,2020s
356141,15000000,Daichi Kamada,Premier League,2024,Crystal Palace,2020s
357498,65000000,Dušan Vlahović,Serie A,2024,Juventus,2020s
358008,5000000,Gianluca Gaetano,Serie A,2024,Cagliari,2020s
358032,12000000,Cyril Ngonge,Serie A,2024,Napoli,2020s
367992,10000000,Jesper Karlsson,Serie A,2024,Bologna,2020s
386446,30000000,Alessandro Buongiorno,Serie A,2024,Napoli,2020s
392516,3000000,Antonino Gallo,Serie A,2024,Lecce,2020s
395236,15000000,Yacine Adli,Serie A,2024,Fiorentina,2020s
401922,20000000,Samuel Chukwueze,Serie A,2024,Milan,2020s
405885,28000000,Giacomo Raspadori,Serie A,2024,Napoli,2020s
428563,24000000,Lewis Ferguson,Serie A,2024,Bologna,2020s
435648,40000000,Joshua Zirkzee,Premier League,2024,Manchester Utd,2020s
435772,30000000,Charles De Ketelaere,Serie A,2024,Atalanta,2020s
457736,2500000,Tijjani Noslin,Serie A,2024,Lazio,2020s
459658,25000000,Andrea Cambiaso,Serie A,2024,Juventus,2020s
461019,3500000,Samuele Birindelli,Serie A,2024,Monza,2020s
490384,10000000,Koni De Winter,Serie A,2024,Genoa,2020s
572265,8000000,Lorenzo Lucca,Serie A,2024,Udinese,2020s
581672,12000000,Samuel Iling-Junior,Serie A,2024,Bologna,2020s
585982,20000000,Carlos Augusto,Serie A,2024,Inter,2020s
607226,5000000,Loum Tchaouna,Serie A,2024,Lazio,2020s
607854,30000000,Éderson,Serie A,2024,Atalanta,2020s
626913,13000000,Boulaye Dia,Serie A,2024,Lazio,2020s
628366,16000000,Lucas Beltrán,Serie A,2024,Fiorentina,2020s
631007,4500000,Filippo Terracciano,Serie A,2024,Milan,2020s
633668,12000000,Giovanni Fabbian,Serie A,2024,Bologna,2020s
659516,2500000,Warren Bondo,Serie A,2024,Monza,2020s
699442,4000000,Kacper Urbanski,Serie A,2024,Bologna,2020s
798929,2000000,Gvidas Gineitis,Serie A,2024,Torino,2020s
845654,30000000,Kenan Yıldız,Serie A,2024,Juventus,2020s
848509,3000000,Jackson Tchatchoua,Serie A,2024,Hellas Verona,2020s
849520,12000000,Santiago Castro,Serie A,2024,Bologna,2020s
890290,10000000,Dean Huijsen,Premier League,2024,Bournemouth,2020s
1058368,10000000,Francesco Camarda,Serie A,2024,Milan,2020s
126664,12000000,Lucas Digne,Premier League,2024,Aston Villa,2020s
131978,8000000,Ross Barkley,Premier League,2024,Aston Villa,2020s
148153,12000000,Lewis Dunk,Premier League,2024,Brighton,2020s
182904,10000000,Clément Lenglet,La Liga,2024,Atltico Madrid,2020s
203460,65000000,Jack Grealish,Premier League,2024,Manchester City,2020s
217115,12000000,Neal Maupay,Ligue 1,2024,Marseille,2020s
230784,20000000,Thomas Partey,Premier League,2024,Arsenal,2020s
231572,12000000,Nélson Semedo,Premier League,2024,Wolves,2020s
236490,10000000,Ola Aina,Premier League,2024,Nott'ham Forest,2020s
249565,25000000,Youri Tielemans,Premier League,2024,Aston Villa,2020s
251106,20000000,Enes Ünal,Premier League,2024,Bournemouth,2020s
257455,55000000,João Palhinha,Bundesliga,2024,Bayern Munich,2020s
258889,35000000,Dominic Solanke,Premier League,2024,Tottenham,2020s
309400,60000000,Kai Havertz,Premier League,2024,Arsenal,2020s
324358,65000000,Ollie Watkins,Premier League,2024,Aston Villa,2020s
328658,15000000,Kristoffer Ajer,Premier League,2024,Brentford,2020s
340324,30000000,Eddie Nketiah,Premier League,2024,Crystal Palace,2020s
344381,70000000,Christopher Nkunku,Premier League,2024,Chelsea,2020s
346314,13000000,Trevoh Chalobah,Premier League,2024,Crystal Palace,2020s
355915,60000000,Cristian Romero,Premier League,2024,Tottenham,2020s
357119,45000000,Ibrahima Konaté,Premier League,2024,Liverpool,2020s
364409,3000000,Gabriel Osho,Ligue 1,2024,Auxerre,2020s
381967,15000000,Albert Sambi Lokonga,La Liga,2024,Sevilla,2020s
387626,35000000,Leon Bailey,Premier League,2024,Aston Villa,2020s
392085,20000000,Nicolò Zaniolo,Serie A,2024,Atalanta,2020s
392768,15000000,Callum Hudson-Odoi,Premier League,2024,Nott'ham Forest,2020s
406635,130000000,Phil Foden,Premier League,2024,Manchester City,2020s
410425,35000000,Yves Bissouma,Premier League,2024,Tottenham,2020s
415912,18000000,Konstantinos Mavropanos,Premier League,2024,West Ham,2020s
420002,10000000,Jean-Philippe Mateta,Premier League,2024,Crystal Palace,2020s
433177,130000000,Bukayo Saka,Premier League,2024,Arsenal,2020s
433188,35000000,Curtis Jones,Premier League,2024,Liverpool,2020s
435338,65000000,Gabriel Magalhães,Premier League,2024,Arsenal,2020s
447661,70000000,Douglas Luiz,Serie A,2024,Juventus,2020s
480762,45000000,Lisandro Martínez,Premier League,2024,Manchester Utd,2020s
487465,55000000,Pedro Neto,Premier League,2024,Chelsea,2020s
488362,48000000,Conor Gallagher,La Liga,2024,Atltico Madrid,2020s
493003,15000000,Daniel Muñoz,Premier League,2024,Crystal Palace,2020s
495666,80000000,William Saliba,Premier League,2024,Arsenal,2020s
503743,8000000,Morgan Rogers,Premier League,2024,Aston Villa,2020s
504849,45000000,Kaoru Mitoma,Premier League,2024,Brighton,2020s
533662,15000000,Cameron Archer,Premier League,2024,Southampton,2020s
534033,70000000,Alexis Mac Allister,Premier League,2024,Liverpool,2020s
543499,50000000,Mohammed Kudus,Premier League,2024,West Ham,2020s
546543,70000000,Darwin Núñez,Premier League,2024,Liverpool,2020s
556385,45000000,Destiny Udogie,Premier League,2024,Tottenham,2020s
568177,55000000,Cole Palmer,Premier League,2024,Chelsea,2020s
568559,25000000,Radu Drăgușin,Premier League,2024,Tottenham,2020s
568693,40000000,Pape Matar Sarr,Premier League,2024,Tottenham,2020s
583189,22000000,Anthony Elanga,Premier League,2024,Nott'ham Forest,2020s
614258,50000000,Levi Colwill,Premier League,2024,Chelsea,2020s
624258,15000000,Conor Bradley,Premier League,2024,Liverpool,2020s
876440,45000000,João Pedro,Premier League,2024,Brighton,2020s
648046,60000000,Evan Ferguson,Premier League,2024,Brighton,2020s
655488,80000000,Gabriel Martinelli,Premier League,2024,Arsenal,2020s
658536,30000000,Simon Adingra,Premier League,2024,Brighton,2020s
687626,80000000,Moisés Caicedo,Premier League,2024,Chelsea,2020s
735570,28000000,João Gomes,Premier League,2024,Wolves,2020s
735571,10000000,Rodrigo Muniz,Premier League,2024,Fulham,2020s
744149,20000000,Adam Wharton,Premier League,2024,Crystal Palace,2020s
811779,40000000,Alejandro Garnacho,Premier League,2024,Manchester Utd,2020s
820374,35000000,Kobbie Mainoo,Premier League,2024,Manchester Utd,2020s
867688,16000000,Jack Hinshelwood,Premier League,2024,Brighton,2020s
983989,18000000,Facundo Buonanotte,Premier League,2024,Leicester City,2020s
1005649,25000000,Murillo,Premier League,2024,Nott'ham Forest,2020s
100986,2500000,Thomas Meunier,Ligue 1,2024,Lille,2020s
187587,3200000,Ante Rebić,Serie A,2024,Lecce,2020s
343052,10000000,Nicolas Pépé,La Liga,2024,Villarreal,2020s
391780,4800000,Derrick Köhn,Bundesliga,2024,Werder Bremen,2020s
364245,16000000,Jordan Teze,Ligue 1,2024,Monaco,2020s
405385,12000000,Yukinari Sugawara,Premier League,2024,Southampton,2020s
420210,32000000,Lutsharel Geertruida,Bundesliga,2024,RB Leipzig,2020s
580657,8000000,Osame Sahraoui,Ligue 1,2024,Lille,2020s
1012534,12000000,Yankuba Minteh,Premier League,2024,Brighton,2020s
103565,2000000,Wahbi Khazri,Ligue 1,2024,Montpellier,2020s
165793,15000000,Takumi Minamino,Ligue 1,2024,Monaco,2020s
174196,3000000,Kenny Lala,Ligue 1,2024,Brest,2020s
178313,1000000,Jean-Eudes Aholou,Ligue 1,2024,Angers,2020s
530902,2500000,Abdoulaye Touré,Ligue 1,2024,Le Havre,2020s
182916,4000000,Wesley Saïd,Ligue 1,2024,Lens,2020s
192616,4000000,Ulisses Garcia,Ligue 1,2024,Marseille,2020s
249636,3000000,Gautier Lloris,Ligue 1,2024,Le Havre,2020s
263236,25000000,Kevin Danso,Premier League,2024,Lens,2020s
274862,12000000,Moses Simon,Ligue 1,2024,Nantes,2020s
276896,9000000,Samuel Gigot,Serie A,2024,Lazio,2020s
279570,9000000,Daler Kuzyaev,Ligue 1,2024,Le Havre,2020s
285845,7000000,Ainsley Maitland-Niles,Ligue 1,2024,Lyon,2020s
288225,18000000,Ludovic Blas,Ligue 1,2024,Rennes,2020s
318523,6000000,Romain Perraud,La Liga,2024,Betis,2020s
332889,15000000,Valentin Rongier,Ligue 1,2024,Marseille,2020s
334526,25000000,Denis Zakaria,Ligue 1,2024,Monaco,2020s
344072,2500000,Kelvin Amian,Ligue 1,2024,Nantes,2020s
353399,9000000,Romain Del Castillo,Ligue 1,2024,Brest,2020s
377393,10000000,Pierre Lees-Melou,Ligue 1,2024,Brest,2020s
381187,1200000,Emmanuel Sabbi,Ligue 1,2024,Le Havre,2020s
392770,22000000,Angel Gomes,Ligue 1,2024,Lille,2020s
462348,10000000,Mostafa Mohamed,Ligue 1,2024,Nantes,2020s
463613,3500000,Yann Gboho,Ligue 1,2024,Toulouse,2020s
463618,35000000,Khéphren Thuram,Serie A,2024,Juventus,2020s
474662,6000000,Hugo Magnetti,Ligue 1,2024,Brest,2020s
474800,25000000,Facundo Medina,Ligue 1,2024,Lens,2020s
485960,10000000,Lilian Brassier,Ligue 1,2024,Marseille,2020s
485963,6000000,Pape Gueye,La Liga,2024,Villarreal,2020s
487969,60000000,Randal Kolo Muani,Serie A,2024,Paris S-G,2020s
496857,15000000,Edon Zhegrova,Ligue 1,2024,Lille,2020s
500689,8000000,Evann Guessand,Ligue 1,2024,Nice,2020s
507341,10000000,Fabian Rieder,Bundesliga,2024,Stuttgart,2020s
524925,3000000,Modibo Sagnan,Ligue 1,2024,Montpellier,2020s
540664,7000000,Dilane Bakwa,Ligue 1,2024,Strasbourg,2020s
585973,7000000,Johann Lepenant,Ligue 1,2024,Nantes,2020s
648779,20000000,Wilfried Singo,Ligue 1,2024,Monaco,2020s
659542,35000000,Elye Wahi,Bundesliga,2024,Marseille,2020s
667967,4000000,Yassine Kechta,Ligue 1,2024,Le Havre,2020s
671594,3000000,Kamory Doumbia,Ligue 1,2024,Brest,2020s
672803,4000000,Bertuğ Yıldırım,La Liga,2024,Getafe,2020s
683895,9000000,Emmanuel Agbadou,Premier League,2024,Reims,2020s
707242,5000000,Badredine Bouanani,Ligue 1,2024,Nice,2020s
708265,40000000,Bradley Barcola,Ligue 1,2024,Paris S-G,2020s
713787,2000000,Jhoanner Chávez,Ligue 1,2024,Lens,2020s
729814,9000000,Georges Mikautadze,Ligue 1,2024,Lyon,2020s
750904,2500000,Tom Louchet,Ligue 1,2024,Nice,2020s
763182,2500000,Josué Casimir,Ligue 1,2024,Le Havre,2020s
810895,15000000,Eliesse Ben Seghir,Ligue 1,2024,Monaco,2020s
842338,2500000,Enzo Tchato,Ligue 1,2024,Montpellier,2020s
847279,6000000,Oumar Diakité,Ligue 1,2024,Reims,2020s
901019,8000000,Neil El Aynaoui,Ligue 1,2024,Lens,2020s
903693,1000000,Senny Mayulu,Ligue 1,2024,Paris S-G,2020s
914562,20000000,Désiré Doué,Ligue 1,2024,Paris S-G,2020s
916920,2000000,Shavy Babicka,Ligue 1,2024,Toulouse,2020s
918969,8000000,Lamine Camara,Ligue 1,2024,Monaco,2020s
947360,6000000,Kassoum Ouattara,Ligue 1,2024,Monaco,2020s
982393,600000,Lucas Mincarelli,Ligue 1,2024,Montpellier,2020s
1028162,1200000,Antoine Joujou,Ligue 1,2024,Le Havre,2020s
1047097,500000,Yoram Zague,Ligue 1,2024,Paris S-G,2020s
1068110,200000,Rabby Nzingoula,Ligue 1,2024,Montpellier,2020s
1178474,400000,Amadou Koné,Ligue 1,2024,Reims,2020s
476219,2500000,Bojan Miovski,La Liga,2024,Girona,2020s
809498,800000,Luca Kerber,Bundesliga,2024,Heidenheim,2020s
72047,3000000,Iago Aspas,La Liga,2024,Celta Vigo,2020s
74229,12000000,Koke,La Liga,2024,Atltico Madrid,2020s
100131,5000000,William Carvalho,La Liga,2024,Betis,2020s
120095,2000000,José Campaña,La Liga,2024,Las Palmas,2020s
142021,6000000,Sergi Darder,La Liga,2024,Mallorca,2020s
148928,7500000,Saúl Ñíguez,La Liga,2024,Sevilla,2020s
177467,14000000,Gerard Moreno,La Liga,2024,Villarreal,2020s
188888,10000000,Sheraldo Becker,La Liga,2024,Real Sociedad,2020s
191217,5000000,Héctor Bellerín,La Liga,2024,Betis,2020s
212723,12000000,Djibril Sow,La Liga,2024,Sevilla,2020s
213670,6000000,Lucas Torró,La Liga,2024,Osasuna,2020s
238407,15000000,Alexander Sørloth,La Liga,2024,Atltico Madrid,2020s
249513,3000000,Diego Rico,La Liga,2024,Getafe,2020s
250845,25000000,José María Giménez,La Liga,2024,Atltico Madrid,2020s
251876,6000000,Pablo Maffeo,La Liga,2024,Mallorca,2020s
1064403,4000000,Álvaro García,La Liga,2024,Rayo Vallecano,2020s
263727,4000000,Joan Jordán,La Liga,2024,Alavs,2020s
266807,18000000,Ángel Correa,La Liga,2024,Atltico Madrid,2020s
281989,3500000,Luis Milla,La Liga,2024,Getafe,2020s
282810,3000000,Carles Pérez,La Liga,2024,Getafe,2020s
292818,10000000,Jonathan Bamba,La Liga,2024,Celta Vigo,2020s
311044,2500000,Alfonso Espino,La Liga,2024,Rayo Vallecano,2020s
314678,35000000,Brahim Díaz,La Liga,2024,Real Madrid,2020s
326330,70000000,Frenkie de Jong,La Liga,2024,Barcelona,2020s
331505,8000000,Óscar Mingueza,La Liga,2024,Celta Vigo,2020s
340205,15000000,Gorka Guruzeta,La Liga,2024,Athletic Club,2020s
341227,7500000,Juan Miranda,Serie A,2024,Bologna,2020s
341278,15000000,Iván Martín,La Liga,2024,Girona,2020s
343537,30000000,Artem Dovbyk,Serie A,2024,Roma,2020s
367466,6000000,Thierry Correia,La Liga,2024,Valencia,2020s
377219,2000000,Selim Amallah,La Liga,2024,Valladolid,2020s
380598,6000000,Santi Comesaña,La Liga,2024,Villarreal,2020s
411975,50000000,Jules Koundé,La Liga,2024,Barcelona,2020s
424042,35000000,Nahuel Molina,La Liga,2024,Atltico Madrid,2020s
429983,20000000,Jørgen Strand Larsen,Premier League,2024,Wolves,2020s
455181,4000000,Jorge de Frutos,La Liga,2024,Rayo Vallecano,2020s
462250,30000000,João Félix,Serie A,2024,Chelsea,2020s
466801,3000000,Sergi Altimira,La Liga,2024,Betis,2020s
495629,8000000,Hugo Guillamón,La Liga,2024,Valencia,2020s
501418,7000000,Adrià Pedrosa,La Liga,2024,Sevilla,2020s
505674,3000000,Sergio Camello,La Liga,2024,Rayo Vallecano,2020s
523318,6000000,Anastasios Douvikas,Serie A,2024,Celta Vigo,2020s
525578,2500000,Pathé Ciss,La Liga,2024,Rayo Vallecano,2020s
540536,2000000,Carlos Vicente,La Liga,2024,Alavs,2020s
560483,1500000,Randy Nteka,La Liga,2024,Rayo Vallecano,2020s
566574,12000000,Kirian Rodríguez,La Liga,2024,Las Palmas,2020s
573775,16000000,Hugo Duro,La Liga,2024,Valencia,2020s
588426,4000000,Saúl Coco,Serie A,2024,Torino,2020s
591916,15000000,Aitor Paredes,La Liga,2024,Athletic Club,2020s
617074,3000000,Ilaix Moriba,La Liga,2024,Celta Vigo,2020s
891091,12000000,Diego López,La Liga,2024,Valencia,2020s
625047,8000000,Beñat Prados,La Liga,2024,Athletic Club,2020s
627228,15000000,Yan Couto,Bundesliga,2024,Dortmund,2020s
634431,12000000,Beñat Turrientes,La Liga,2024,Real Sociedad,2020s
636688,40000000,Alejandro Balde,La Liga,2024,Barcelona,2020s
646750,15000000,Cristhian Mosquera,La Liga,2024,Valencia,2020s
661145,2000000,Jon Aramburu,La Liga,2024,Real Sociedad,2020s
676042,15000000,Juanlu Sánchez,La Liga,2024,Sevilla,2020s
678406,6000000,Sergi Cardona,La Liga,2024,Villarreal,2020s
683840,80000000,Pedri,La Liga,2024,Barcelona,2020s
687609,15000000,Isaac Romero,La Liga,2024,Sevilla,2020s
709969,12000000,Ilias Akhomach,La Liga,2024,Villarreal,2020s
710004,3000000,Peter Federico,La Liga,2024,Getafe,2020s
720038,3000000,Pablo Torre,La Liga,2024,Barcelona,2020s
724520,12000000,Abde Ezzalzouli,La Liga,2024,Betis,2020s
742201,1500000,Giuliano Simeone,La Liga,2024,Atltico Madrid,2020s
892929,400000,Hugo Álvarez,La Liga,2024,Celta Vigo,2020s
937958,75000000,Lamine Yamal,La Liga,2024,Barcelona,2020s
241307,1000000,Finn Porath,Bundesliga,2024,Holstein Kiel,2020s
282349,1500000,Timo Becker,Bundesliga,2024,Holstein Kiel,2020s
292534,3500000,Eric Smith,Bundesliga,2024,St. Pauli,2020s
307183,700000,Sirlord Conteh,Bundesliga,2024,Heidenheim,2020s
346499,600000,Danel Sinani,Bundesliga,2024,St. Pauli,2020s
388409,2000000,Philipp Sander,Bundesliga,2024,Gladbach,2020s
405670,2800000,Yannik Engelhardt,Serie A,2024,Como,2020s
487850,2000000,Oladapo Afolayan,Bundesliga,2024,St. Pauli,2020s
500067,6000000,Chidera Ejuke,La Liga,2024,Sevilla,2020s
503160,3500000,Paul Nebel,Bundesliga,2024,Mainz 05,2020s
526466,3000000,Elias Saad,Bundesliga,2024,St. Pauli,2020s
569033,3500000,Armindo Sieb,Bundesliga,2024,Mainz 05,2020s
592534,1200000,Nicolai Remberg,Bundesliga,2024,Holstein Kiel,2020s
605268,4000000,Igor Matanovic,Bundesliga,2024,Eint Frankfurt,2020s
654982,25000000,Bilal El Khannouss,Premier League,2024,Leicester City,2020s
692737,2000000,Aljoscha Kemlein,Bundesliga,2024,Union Berlin,2020s
746910,16000000,Mohamed Amoura,Bundesliga,2024,Wolfsburg,2020s
816585,12000000,Can Uzun,Bundesliga,2024,Eint Frankfurt,2020s
900909,5000000,Paul Wanner,Bundesliga,2024,Heidenheim,2020s
1004834,10000000,George Ilenikhena,Ligue 1,2024,Monaco,2020s
265078,3000000,Patrick Cutrone,Serie A,2024,Como,2020s
397486,6500000,Dennis Man,Serie A,2024,Parma,2020s
457673,6000000,Gabriel Strefezza,Serie A,2024,Como,2020s
495667,2800000,Lucas Da Cunha,Serie A,2024,Como,2020s
546926,1400000,Jay Idzes,Serie A,2024,Venezia,2020s
102423,1500000,Leandro Cabrera,La Liga,2024,Espanyol,2020s
166677,3000000,Brian Oliván,La Liga,2024,Espanyol,2020s
232895,1800000,Zinedine Ferhat,Ligue 1,2024,Angers,2020s
340339,1200000,Jorge Sáenz,La Liga,2024,Legans,2020s
342226,1800000,Irvin Cardona,Ligue 1,2024,Espanyol,2020s
469669,1600000,Yvan Neyou,La Liga,2024,Legans,2020s
490417,1200000,Ibrahima Niane,Ligue 1,2024,Angers,2020s
569140,2000000,Lassine Sinayoko,Ligue 1,2024,Auxerre,2020s
632741,1500000,Iker Losada,La Liga,2024,Betis,2020s
707274,1000000,César Tárrega,La Liga,2024,Valencia,2020s
709372,1500000,Carlos Romero,La Liga,2024,Espanyol,2020s
783094,3000000,Benjamin Bouchouari,Ligue 1,2024,Saint-tienne,2020s
806793,600000,Clément Akpa,Ligue 1,2024,Auxerre,2020s
905997,300000,Pablo Durán,La Liga,2024,Celta Vigo,2020s
947431,100000,David López,La Liga,2024,Girona,2020s
953901,1000000,Santiago Mouriño,La Liga,2024,Alavs,2020s
980576,2500000,Amine Salama,Serie A,2024,Reims,2020s
1071956,400000,Emmanuel Biumla,Ligue 1,2024,Angers,2020s
75489,15000000,Niclas Füllkrug,Premier League,2024,West Ham,2020s
106872,4000000,Kevin Stöger,Bundesliga,2024,Gladbach,2020s
117432,3000000,Kevin Behrens,Bundesliga,2024,Wolfsburg,2020s
119037,1800000,Philipp Hofmann,Bundesliga,2024,Bochum,2020s
153084,30000000,Leon Goretzka,Bundesliga,2024,Bayern Munich,2020s
161056,60000000,Joshua Kimmich,Bundesliga,2024,Bayern Munich,2020s
177779,4000000,Janik Haberer,Bundesliga,2024,Union Berlin,2020s
190289,1500000,Gerrit Holtmann,Bundesliga,2024,Bochum,2020s
192169,2000000,Jonas Föhrenbach,Bundesliga,2024,Heidenheim,2020s
192565,70000000,Leroy Sané,Bundesliga,2024,Bayern Munich,2020s
196357,30000000,Jonathan Tah,Bundesliga,2024,Leverkusen,2020s
232320,10000000,Atakan Karazor,Bundesliga,2024,Stuttgart,2020s
247555,4500000,Edimilson Fernandes,Ligue 1,2024,Brest,2020s
258039,6000000,Aurélio Buta,Ligue 1,2024,Reims,2020s
272278,25000000,Chris Führich,Bundesliga,2024,Stuttgart,2020s
273669,1500000,Adrian Beck,Bundesliga,2024,Heidenheim,2020s
278359,6000000,Borja Iglesias,La Liga,2024,Celta Vigo,2020s
283994,4000000,Ludovic Ajorque,Ligue 1,2024,Brest,2020s
284732,9000000,Ramy Bensebaini,Bundesliga,2024,Dortmund,2020s
287920,3000000,Tim Skarke,Bundesliga,2024,Union Berlin,2020s
288255,7000000,Donny van de Beek,La Liga,2024,Girona,2020s
288340,5000000,Phillip Tietz,Bundesliga,2024,Augsburg,2020s
289835,7500000,Jens Stage,Bundesliga,2024,Werder Bremen,2020s
324278,20000000,Christoph Baumgartner,Bundesliga,2024,RB Leipzig,2020s
326029,40000000,Donyell Malen,Premier League,2024,Dortmund,2020s
338668,5000000,Senne Lynen,Bundesliga,2024,Werder Bremen,2020s
339314,22000000,Deniz Undav,Bundesliga,2024,Stuttgart,2020s
344695,50000000,Dayot Upamecano,Bundesliga,2024,Bayern Munich,2020s
368887,60000000,Loïs Openda,Bundesliga,2024,RB Leipzig,2020s
388198,30000000,Nico Schlotterbeck,Bundesliga,2024,Dortmund,2020s
388294,2000000,Omar Traoré,Bundesliga,2024,Heidenheim,2020s
391004,20000000,Jonas Wind,Bundesliga,2024,Wolfsburg,2020s
393512,2500000,Felix Agu,Bundesliga,2024,Werder Bremen,2020s
406973,2000000,Moritz Broschinski,Bundesliga,2024,Bochum,2020s
413843,5000000,Keven Schlotterbeck,Bundesliga,2024,Augsburg,2020s
424204,60000000,Alphonso Davies,Bundesliga,2024,Bayern Munich,2020s
429874,10000000,Ansgar Knauff,Bundesliga,2024,Eint Frankfurt,2020s
443710,18000000,Angelo Stiller,Bundesliga,2024,Stuttgart,2020s
445939,22000000,Omar Marmoush,Premier League,2024,Eint Frankfurt,2020s
448258,10000000,Josha Vagnoman,Bundesliga,2024,Stuttgart,2020s
452477,5000000,Junior Adamu,Bundesliga,2024,Freiburg,2020s
453870,3500000,Benedict Hollerbach,Bundesliga,2024,Union Berlin,2020s
454863,5000000,András Schäfer,Bundesliga,2024,Union Berlin,2020s
467720,25000000,Youssoufa Moukoko,Ligue 1,2024,Nice,2020s
485585,30000000,Ian Maatsen,Premier League,2024,Aston Villa,2020s
518505,6000000,Jamie Leweling,Bundesliga,2024,Stuttgart,2020s
541231,7000000,Sepp van den Berg,Premier League,2024,Brentford,2020s
546213,12000000,Tuta,Bundesliga,2024,Eint Frankfurt,2020s
566931,80000000,Xavi Simons,Bundesliga,2024,RB Leipzig,2020s
569366,30000000,Enzo Millot,Bundesliga,2024,Stuttgart,2020s
581357,2500000,Jan Schöppner,Bundesliga,2024,Heidenheim,2020s
596153,9000000,Justin Njinmah,Bundesliga,2024,Werder Bremen,2020s
598577,110000000,Florian Wirtz,Bundesliga,2024,Leverkusen,2020s
616344,6000000,Tiago Tomás,Bundesliga,2024,Wolfsburg,2020s
645774,10000000,Eren Dinkçi,Bundesliga,2024,Freiburg,2020s
787912,12000000,El Chadaille Bitshiabu,Bundesliga,2024,RB Leipzig,2020s
830108,2500000,Julián Malatini,Bundesliga,2024,Werder Bremen,2020s
800176,25000000,André,Premier League,2024,Wolves,2020s
937941,2500000,Thierno Barry,La Liga,2024,Villarreal,2020s
971570,55000000,Endrick,La Liga,2024,Real Madrid,2020s
322655,6000000,Flavius Daniliuc,Serie A,2024,Hellas Verona,2020s
574671,25000000,Strahinja Pavlović,Serie A,2024,Milan,2020s
597432,5000000,Leopold Querfeld,Bundesliga,2024,Union Berlin,2020s
718312,400000,Hamzat Ojediran,Ligue 1,2024,Lens,2020s
123551,900000,Sam Morsy,Premier League,2024,Ipswich Town,2020s
146795,3000000,Ryan Fraser,Premier League,2024,Southampton,2020s
197838,1000000,Jamie Vardy,Premier League,2024,Leicester City,2020s
249126,12000000,Harry Winks,Premier League,2024,Leicester City,2020s
255731,1500000,Wes Burns,Premier League,2024,Ipswich Town,2020s
277033,8000000,David Brooks,Premier League,2024,Bournemouth,2020s
292139,7000000,Sammie Szmodics,Premier League,2024,Ipswich Town,2020s
292808,20000000,Wout Faes,Premier League,2024,Leicester City,2020s
295060,2000000,Koji Miyoshi,Bundesliga,2024,Bochum,2020s
341051,20000000,Kyle Walker-Peters,Premier League,2024,Southampton,2020s
341317,2000000,Oliver Burke,Bundesliga,2024,Werder Bremen,2020s
349503,7000000,Conor Chaplin,Premier League,2024,Ipswich Town,2020s
364827,2500000,Cédric Kipré,Ligue 1,2024,Reims,2020s
413220,15000000,James Justin,Premier League,2024,Leicester City,2020s
458178,1800000,Jack Taylor,Premier League,2024,Ipswich Town,2020s
468198,5000000,Joe Aribo,Premier League,2024,Southampton,2020s
474701,20000000,Crysencio Summerville,Premier League,2024,West Ham,2020s
475416,4200000,Sorba Thomas,Ligue 1,2024,Nantes,2020s
485583,4500000,Ki-Jana Hoever,Ligue 1,2024,Auxerre,2020s
491296,9000000,Anass Zaroury,Ligue 1,2024,Lens,2020s
503977,22000000,Taylor Harwood-Bellis,Premier League,2024,Southampton,2020s
538977,18000000,Georginio Rutter,Premier League,2024,Brighton,2020s
559794,15000000,Jack Clarke,Premier League,2024,Ipswich Town,2020s
597659,4000000,Charlie Cresswell,Ligue 1,2024,Toulouse,2020s
610849,8000000,Liam Delap,Premier League,2024,Ipswich Town,2020s
621193,900000,Kasey McAteer,Premier League,2024,Leicester City,2020s
667287,4500000,Yasin Ayari,Premier League,2024,Brighton,2020s
693095,15000000,Jacob Greaves,Premier League,2024,Ipswich Town,2020s
728733,4500000,Brooke Norton-Cuffy,Serie A,2024,Genoa,2020s
14086,500000,Ashley Young,Premier League,2024,Everton,2020s
16306,20000000,Casemiro,Premier League,2024,Manchester Utd,2020s
67063,5000000,Danny Welbeck,Premier League,2024,Brighton,2020s
68390,500000,Séamus Coleman,Premier League,2024,Everton,2020s
74230,10000000,Pablo Sarabia,Premier League,2024,Wolves,2020s
88755,50000000,Kevin De Bruyne,Premier League,2024,Manchester City,2020s
95424,13000000,Kyle Walker,Serie A,2024,Manchester City,2020s
108725,7000000,Chris Wood,Premier League,2024,Nott'ham Forest,2020s
121477,2000000,Craig Dawson,Premier League,2024,Wolves,2020s
123275,2000000,Tom Cairney,Premier League,2024,Fulham,2020s
127187,10000000,Abdoulaye Doucouré,Premier League,2024,Everton,2020s
134270,8000000,Dan Burn,Premier League,2024,Newcastle Utd,2020s
134294,8000000,Danny Ings,Premier League,2024,West Ham,2020s
135343,10000000,Fabian Schär,Premier League,2024,Newcastle Utd,2020s
139208,30000000,Virgil van Dijk,Premier League,2024,Liverpool,2020s
144028,35000000,Leandro Trossard,Premier League,2024,Arsenal,2020s
148367,18000000,Christian Nørgaard,Premier League,2024,Brentford,2020s
148455,55000000,Mohamed Salah,Premier League,2024,Liverpool,2020s
170527,17000000,Timo Werner,Premier League,2024,Tottenham,2020s
173504,13000000,James Tarkowski,Premier League,2024,Everton,2020s
181778,12000000,Emerson,Premier League,2024,Milan,2020s
188077,12000000,Ryan Christie,Premier League,2024,Bournemouth,2020s
193116,30000000,John McGinn,Premier League,2024,Aston Villa,2020s
199527,15000000,Jacob Murphy,Premier League,2024,Newcastle Utd,2020s
203394,20000000,Andreas Pereira,Premier League,2024,Fulham,2020s
364405,9000000,Adama Traoré,Premier League,2024,Fulham,2020s
206746,15000000,Kenny Tete,Premier League,2024,Fulham,2020s
207014,9000000,Will Hughes,Premier League,2024,Crystal Palace,2020s
234803,30000000,Andrew Robertson,Premier League,2024,Liverpool,2020s
240306,70000000,Bruno Fernandes,Premier League,2024,Manchester Utd,2020s
241641,70000000,Bernardo Silva,Premier League,2024,Manchester City,2020s
242631,25000000,Alex Iwobi,Premier League,2024,Fulham,2020s
249089,12000000,Lewis Cook,Premier League,2024,Bournemouth,2020s
258004,80000000,Rúben Dias,Premier League,2024,Manchester City,2020s
262226,17000000,Timothy Castagne,Premier League,2024,Fulham,2020s
262980,20000000,Jefferson Lerma,Premier League,2024,Crystal Palace,2020s
270171,22000000,Vitaly Janelt,Premier League,2024,Brentford,2020s
272622,20000000,Issa Diop,Premier League,2024,Fulham,2020s
279455,17000000,Harry Wilson,Premier League,2024,Fulham,2020s
293281,8000000,Jacob Bruun Larsen,Bundesliga,2024,Hoffenheim,2020s
294057,70000000,James Maddison,Premier League,2024,Tottenham,2020s
295313,28000000,Taiwo Awoniyi,Premier League,2024,Nott'ham Forest,2020s
306024,22000000,Dominic Calvert-Lewin,Premier League,2024,Everton,2020s
314353,70000000,Trent Alexander-Arnold,Premier League,2024,Liverpool,2020s
314875,50000000,Jarrod Bowen,Premier League,2024,West Ham,2020s
330659,14000000,Justin Kluivert,Premier League,2024,Bournemouth,2020s
332705,15000000,Tyler Adams,Premier League,2024,Bournemouth,2020s
333241,40000000,Joelinton,Premier League,2024,Newcastle Utd,2020s
335721,55000000,Ben White,Premier League,2024,Arsenal,2020s
340329,30000000,Joe Willock,Premier League,2024,Newcastle Utd,2020s
340950,50000000,Diogo Jota,Premier League,2024,Liverpool,2020s
346707,25000000,Sean Longstaff,Premier League,2024,Newcastle Utd,2020s
348795,16000000,Giovani Lo Celso,La Liga,2024,Betis,2020s
349066,75000000,Alexander Isak,Premier League,2024,Newcastle Utd,2020s
349599,30000000,Pervis Estupiñán,Premier League,2024,Brighton,2020s
349701,25000000,Antonee Robinson,Premier League,2024,Fulham,2020s
351749,25000000,Kalvin Phillips,Premier League,2024,Ipswich Town,2020s
355861,13000000,Arnaut Danjuma,La Liga,2024,Villarreal,2020s
357147,35000000,Diogo Dalot,Premier League,2024,Manchester Utd,2020s
357662,120000000,Declan Rice,Premier League,2024,Arsenal,2020s
361914,35000000,Nayef Aguerd,La Liga,2024,Real Sociedad,2020s
363205,65000000,Gabriel Jesus,Premier League,2024,Arsenal,2020s
366930,10000000,Sergio Gómez,La Liga,2024,Real Sociedad,2020s
386047,40000000,Axel Disasi,Premier League,2024,Chelsea,2020s
388165,28000000,Yoane Wissa,Premier League,2024,Brentford,2020s
392765,22000000,Emile Smith Rowe,Premier League,2024,Fulham,2020s
397033,38000000,Sandro Tonali,Premier League,2024,Newcastle Utd,2020s
398065,35000000,Harvey Barnes,Premier League,2024,Newcastle Utd,2020s
399776,45000000,Pau Torres,Premier League,2024,Aston Villa,2020s
401320,7000000,Dara O'Shea,Premier League,2024,Ipswich Town,2020s
401356,35000000,Edson Álvarez,Premier League,2024,West Ham,2020s
406638,15000000,Oliver Skipp,Premier League,2024,Leicester City,2020s
413039,40000000,Bryan Mbeumo,Premier League,2024,Brentford,2020s
413403,35000000,Ezri Konsa,Premier League,2024,Aston Villa,2020s
417346,18000000,Jack Harrison,Premier League,2024,Everton,2020s
418560,180000000,Erling Haaland,Premier League,2024,Manchester City,2020s
425902,12000000,Ryan Yates,Premier League,2024,Nott'ham Forest,2020s
429014,40000000,Morgan Gibbs-White,Premier League,2024,Nott'ham Forest,2020s
431755,55000000,Dejan Kulusevski,Premier League,2024,Tottenham,2020s
433183,10000000,Tommy Doyle,Premier League,2024,Wolves,2020s
434675,50000000,Cody Gakpo,Premier League,2024,Liverpool,2020s
438001,8000000,Santiago Bueno,Premier League,2024,Wolves,2020s
442248,12000000,Ethan Pinnock,Premier League,2024,Brentford,2020s
444523,65000000,Lucas Paquetá,Premier League,2024,West Ham,2020s
450050,15000000,Jean-Ricner Bellegarde,Premier League,2024,Wolves,2020s
451276,75000000,Dominik Szoboszlai,Premier League,2024,Liverpool,2020s
461883,16000000,Calvin Bassey,Premier League,2024,Fulham,2020s
468002,8000000,Ben Johnson,Premier League,2024,Ipswich Town,2020s
469050,25000000,Nathan Collins,Premier League,2024,Brentford,2020s
470607,48000000,Brennan Johnson,Premier League,2024,Tottenham,2020s
473050,22000000,Kevin Schade,Premier League,2024,Brentford,2020s
477758,20000000,Aaron Wan-Bissaka,Premier League,2024,West Ham,2020s
478573,35000000,Ryan Gravenberch,Premier League,2024,Liverpool,2020s
479999,55000000,Eberechi Eze,Premier League,2024,Crystal Palace,2020s
480692,75000000,Luis Díaz,Premier League,2024,Liverpool,2020s
485706,50000000,Amadou Onana,Premier League,2024,Aston Villa,2020s
497291,17000000,Nicolás Domínguez,Premier League,2024,Nott'ham Forest,2020s
503680,17000000,Neco Williams,Premier League,2024,Nott'ham Forest,2020s
503733,60000000,Anthony Gordon,Premier League,2024,Newcastle Utd,2020s
503749,35000000,Jacob Ramsey,Premier League,2024,Aston Villa,2020s
503987,28000000,Noni Madueke,Premier League,2024,Chelsea,2020s
504148,12000000,Tariq Lamptey,Premier League,2024,Brighton,2020s
512385,17000000,Luis Sinisterra,Premier League,2024,Bournemouth,2020s
520624,85000000,Bruno Guimarães,Premier League,2024,Newcastle Utd,2020s
535955,15000000,Nuno Tavares,Serie A,2024,Lazio,2020s
536835,18000000,Amad Diallo,Premier League,2024,Manchester Utd,2020s
537382,14000000,Bryan Gil,La Liga,2024,Girona,2020s
553875,45000000,Pedro Porro,Premier League,2024,Tottenham,2020s
555076,15000000,Romain Faivre,Ligue 1,2024,Brest,2020s
567576,15000000,Elliot Anderson,Premier League,2024,Nott'ham Forest,2020s
576314,18000000,Jan Paul van Hecke,Premier League,2024,Brighton,2020s
583255,10000000,Antoine Semenyo,Premier League,2024,Bournemouth,2020s
584769,22000000,Dwight McNeil,Premier League,2024,Everton,2020s
595809,20000000,Beto,Premier League,2024,Everton,2020s
644401,15000000,Keane Lewis-Potter,Premier League,2024,Brentford,2020s
648195,75000000,Enzo Fernández,Premier League,2024,Chelsea,2020s
649317,20000000,Jhon Durán,Premier League,2024,Aston Villa,2020s
655006,3000000,Diego Moreira,Ligue 1,2024,Strasbourg,2020s
660867,22000000,Julio Enciso,Premier League,2024,Brighton,2020s
711969,10000000,Lorenz Assignon,Ligue 1,2024,Rennes,2020s
730893,25000000,Tyrick Mitchell,Premier League,2024,Crystal Palace,2020s
776890,35000000,Nicolas Jackson,Premier League,2024,Chelsea,2020s
823231,20000000,Dango Ouattara,Premier League,2024,Bournemouth,2020s
855256,20000000,Alex Scott,Premier League,2024,Bournemouth,2020s
973085,22000000,Carlos Baleba,Premier League,2024,Brighton,2020s
227085,10000000,Jonas Hofmann,Bundesliga,2024,Leverkusen,2020s
53418,3500000,Kevin Kampl,Bundesliga,2024,RB Leipzig,2020s
58358,8000000,Thomas Müller,Bundesliga,2024,Bayern Munich,2020s
75921,600000,Christopher Trimmel,Bundesliga,2024,Union Berlin,2020s
82350,800000,Stefan Bell,Bundesliga,2024,Mainz 05,2020s
93604,2000000,Lukas Kübler,Bundesliga,2024,Freiburg,2020s
93707,5000000,Christian Günter,Bundesliga,2024,Freiburg,2020s
93844,2500000,Leonardo Bittencourt,Bundesliga,2024,Werder Bremen,2020s
111455,20000000,Granit Xhaka,Bundesliga,2024,Leverkusen,2020s
118847,3000000,Dominik Kohr,Bundesliga,2024,Mainz 05,2020s
119277,4000000,Yannick Gerhardt,Bundesliga,2024,Wolfsburg,2020s
121686,500000,Cristian Gamboa,Bundesliga,2024,Bochum,2020s
127573,1800000,Phillipp Mwene,Bundesliga,2024,Mainz 05,2020s
132098,100000000,Harry Kane,Bundesliga,2024,Bayern Munich,2020s
133731,2500000,Patrick Mainka,Bundesliga,2024,Heidenheim,2020s
157635,6000000,Yussuf Poulsen,Bundesliga,2024,RB Leipzig,2020s
159471,40000000,Serge Gnabry,Bundesliga,2024,Bayern Munich,2020s
162434,5500000,Niklas Stark,Bundesliga,2024,Werder Bremen,2020s
166601,15000000,Niklas Süle,Bundesliga,2024,Dortmund,2020s
167329,7000000,Alassane Pléa,Bundesliga,2024,Gladbach,2020s
185077,9000000,Vincenzo Grifo,Bundesliga,2024,Freiburg,2020s
187492,40000000,Julian Brandt,Bundesliga,2024,Dortmund,2020s
193033,6000000,Tim Kleindienst,Bundesliga,2024,Gladbach,2020s
195736,6500000,Florian Grillitsch,La Liga,2024,Hoffenheim,2020s
196792,6000000,Julian Weigl,Bundesliga,2024,Gladbach,2020s
202591,20000000,Benjamin Henrichs,Bundesliga,2024,RB Leipzig,2020s
223967,30000000,Konrad Laimer,Bundesliga,2024,Bayern Munich,2020s
225657,15000000,Philipp Lienhart,Bundesliga,2024,Freiburg,2020s
229006,12000000,Franck Honorat,Bundesliga,2024,Gladbach,2020s
232454,7000000,Nadiem Amiri,Bundesliga,2024,Mainz 05,2020s
243714,50000000,Kingsley Coman,Bundesliga,2024,Bayern Munich,2020s
245744,4000000,Takuma Asano,La Liga,2024,Mallorca,2020s
248999,4000000,Lucas Höler,Bundesliga,2024,Freiburg,2020s
251309,3000000,Dennis Geiger,Bundesliga,2024,Hoffenheim,2020s
270541,40000000,Serhou Guirassy,Bundesliga,2024,Dortmund,2020s
274461,1800000,Felix Passlack,Bundesliga,2024,Bochum,2020s
293385,50000000,Dani Olmo,La Liga,2024,Barcelona,2020s
296397,5000000,Arne Maier,Bundesliga,2024,Augsburg,2020s
316575,1200000,Moritz-Broni Kwarteng,Bundesliga,2024,Bochum,2020s
318204,20000000,David Raum,Bundesliga,2024,RB Leipzig,2020s
333647,12000000,Jonathan Burkardt,Bundesliga,2024,Mainz 05,2020s
334213,1200000,Lukas Daschner,Bundesliga,2024,Bochum,2020s
337036,2500000,Florent Muslija,Bundesliga,2024,Freiburg,2020s
337333,5000000,Alex Král,La Liga,2024,Espanyol,2020s
338629,7000000,Sebastiaan Bornauw,Bundesliga,2024,Wolfsburg,2020s
340322,23000000,Nathan Tella,Bundesliga,2024,Leverkusen,2020s
340456,30000000,Noussair Mazraoui,Premier League,2024,Manchester Utd,2020s
342039,5000000,Yannik Keitel,Bundesliga,2024,Stuttgart,2020s
344069,15000000,Anton Stach,Bundesliga,2024,Hoffenheim,2020s
346853,10000000,Romano Schmid,Bundesliga,2024,Werder Bremen,2020s
353948,7000000,Lucas Tousart,Bundesliga,2024,Union Berlin,2020s
355816,12000000,Ko Itakura,Bundesliga,2024,Gladbach,2020s
357156,15000000,Diogo Leite,Bundesliga,2024,Union Berlin,2020s
370789,20000000,Julian Ryerson,Bundesliga,2024,Dortmund,2020s
387047,17000000,Danilho Doekhi,Bundesliga,2024,Union Berlin,2020s
387106,20000000,Lovro Majer,Bundesliga,2024,Wolfsburg,2020s
394033,500000,Stefan Schimmer,Bundesliga,2024,Heidenheim,2020s
401173,30000000,Jadon Sancho,Premier League,2024,Chelsea,2020s
401578,45000000,Exequiel Palacios,Bundesliga,2024,Leverkusen,2020s
406640,20000000,Felix Nmecha,Bundesliga,2024,Dortmund,2020s
409517,5000000,Yorbe Vertessen,Bundesliga,2024,Union Berlin,2020s
453016,7000000,Anthony Caci,Bundesliga,2024,Mainz 05,2020s
455661,4000000,Nick Woltemade,Bundesliga,2024,Stuttgart,2020s
460245,7500000,Moritz Jenz,Bundesliga,2024,Mainz 05,2020s
484547,50000000,Jeremie Frimpong,Bundesliga,2024,Leverkusen,2020s
496094,28000000,Karim Adeyemi,Bundesliga,2024,Dortmund,2020s
533295,15000000,Patrick Wimmer,Bundesliga,2024,Wolfsburg,2020s
564545,45000000,Edmond Tapsoba,Bundesliga,2024,Leverkusen,2020s
580195,120000000,Jamal Musiala,Bundesliga,2024,Bayern Munich,2020s
644771,35000000,Odilon Kossounou,Serie A,2024,Atalanta,2020s
656681,40000000,Victor Boniface,Bundesliga,2024,Leverkusen,2020s
659813,40000000,Piero Hincapié,Bundesliga,2024,Leverkusen,2020s
670882,28000000,Jamie Gittens,Bundesliga,2024,Dortmund,2020s
713644,12000000,Bryan Zaragoza,La Liga,2024,Osasuna,2020s
748382,4000000,Amin Sarr,Serie A,2024,Hellas Verona,2020s
787151,750000,Lukas Ullrich,Bundesliga,2024,Gladbach,2020s
822959,3500000,Tom Bischof,Bundesliga,2024,Hoffenheim,2020s
931838,28000000,Hugo Larsson,Bundesliga,2024,Eint Frankfurt,2020s
505653,11000000,Fábio Silva,La Liga,2024,Las Palmas,2020s
776798,7500000,Abdallah Sima,Ligue 1,2024,Brest,2020s
293194,7500000,Borna Sosa,Serie A,2024,Torino,2020s
340459,5000000,Dani de Wit,Bundesliga,2024,Bochum,2020s
45403,1000000,André Ayew,Ligue 1,2024,Le Havre,2020s
84301,8000000,Benjamin André,Ligue 1,2024,Lille,2020s
93720,9000000,Alexandre Lacazette,Ligue 1,2024,Lyon,2020s
113707,3500000,Rémy Cabella,Ligue 1,2024,Lille,2020s
118284,4500000,Jordan Ferri,Ligue 1,2024,Montpellier,2020s
122840,900000,Loïc Nego,Ligue 1,2024,Le Havre,2020s
126557,4500000,Jonathan Gradit,Ligue 1,2024,Lens,2020s
127142,1000000,Jonas Martin,Ligue 1,2024,Brest,2020s
127156,9000000,Téji Savanier,Ligue 1,2024,Montpellier,2020s
131225,8000000,Nicolás Tagliafico,Ligue 1,2024,Lyon,2020s
139279,600000,Nicolas Pallois,Ligue 1,2024,Nantes,2020s
164771,15000000,Jordan Veretout,Ligue 1,2024,Lyon,2020s
175639,12000000,Jonathan Clauss,Ligue 1,2024,Nice,2020s
181378,10000000,Gaëtan Laborde,Ligue 1,2024,Nice,2020s
181768,2000000,Hernani,Serie A,2024,Parma,2020s
190393,5000000,Corentin Tolisso,Ligue 1,2024,Lyon,2020s
199704,600000,Yunis Abdelhamid,Ligue 1,2024,Saint-tienne,2020s
215977,5000000,Adrien Thomasson,Ligue 1,2024,Lens,2020s
216872,900000,Francesco Zampano,Serie A,2024,Venezia,2020s
220878,2500000,Issiaga Sylla,Ligue 1,2024,Montpellier,2020s
222859,1800000,Florent Mollet,Ligue 1,2024,Nantes,2020s
228948,10000000,Thilo Kehrer,Ligue 1,2024,Monaco,2020s
237662,12000000,Breel Embolo,Ligue 1,2024,Monaco,2020s
238639,6000000,Steve Mounié,Bundesliga,2024,Augsburg,2020s
241229,1200000,Jordan Amavi,Ligue 1,2024,Brest,2020s
242940,1200000,Edoardo Goldaniga,Serie A,2024,Como,2020s
250013,7000000,Angelo Fulgini,Ligue 1,2024,Lens,2020s
263918,30000000,Aleksandr Golovin,Ligue 1,2024,Monaco,2020s
266359,18000000,Benjamin Bourigeaud,Ligue 1,2024,Rennes,2020s
275249,3000000,Niklas Schmidt,Ligue 1,2024,Toulouse,2020s
285323,10000000,Baptiste Santamaria,Ligue 1,2024,Rennes,2020s
288230,60000000,Ousmane Dembélé,Ligue 1,2024,Paris S-G,2020s
324804,2500000,Yann Karamoh,Serie A,2024,Torino,2020s
324811,8000000,Arnaud Nordin,Bundesliga,2024,Montpellier,2020s
332560,4000000,Deiver Machado,Ligue 1,2024,Lens,2020s
348791,8000000,Junya Ito,Ligue 1,2024,Reims,2020s
354726,3000000,Florian Sotoca,Ligue 1,2024,Lens,2020s
354909,2000000,Giorgio Altare,Serie A,2024,Venezia,2020s
355627,7000000,Sergio Akieme,Ligue 1,2024,Reims,2020s
362108,5000000,Gabriel Gudmundsson,Ligue 1,2024,Lille,2020s
368891,20000000,Arthur Theate,Bundesliga,2024,Eint Frankfurt,2020s
370791,8000000,Pablo Rosario,Ligue 1,2024,Nice,2020s
372246,20000000,Carlos Soler,Premier League,2024,West Ham,2020s
372711,15000000,Amine Harit,Ligue 1,2024,Marseille,2020s
372712,6000000,Ibrahima Sissoko,Bundesliga,2024,Bochum,2020s
384060,2500000,Tino Kadewere,Ligue 1,2024,Nantes,2020s
384593,3500000,Alexis Claude-Maurice,Bundesliga,2024,Augsburg,2020s
385105,3500000,Gabriel Suazo,Ligue 1,2024,Toulouse,2020s
393238,10000000,Zakaria Aboukhlal,Ligue 1,2024,Toulouse,2020s
398073,60000000,Achraf Hakimi,Ligue 1,2024,Paris S-G,2020s
405397,9000000,Keito Nakamura,Ligue 1,2024,Reims,2020s
409153,7000000,Teddy Teuma,Ligue 1,2024,Reims,2020s
418659,25000000,Amine Gouiri,Ligue 1,2024,Rennes,2020s
441170,4000000,Valentin Rosier,La Liga,2024,Legans,2020s
453376,9000000,Joseph Okumu,Ligue 1,2024,Reims,2020s
463605,18000000,Bafodé Diakité,Ligue 1,2024,Lille,2020s
467632,4000000,Cristian Cásseres Jr.,Ligue 1,2024,Toulouse,2020s
485965,3500000,Nicolas Cozza,Ligue 1,2024,Nantes,2020s
586853,50000000,Vitinha,Ligue 1,2024,Genoa,2020s
490426,12000000,Krépin Diatta,Ligue 1,2024,Monaco,2020s
503770,30000000,Folarin Balogun,Ligue 1,2024,Monaco,2020s
504209,6500000,Gianluca Busio,Serie A,2024,Venezia,2020s
507344,6000000,Becir Omeragic,Ligue 1,2024,Montpellier,2020s
507486,2700000,Simon Sohm,Serie A,2024,Parma,2020s
533738,50000000,Jonathan David,Ligue 1,2024,Lille,2020s
538918,5000000,Sebastiano Esposito,Serie A,2024,Empoli,2020s
538964,18000000,Thijs Dallinga,Serie A,2024,Bologna,2020s
557613,10000000,Quentin Merlin,Ligue 1,2024,Marseille,2020s
559328,12000000,Emanuel Emegha,Ligue 1,2024,Strasbourg,2020s
560593,9000000,Hicham Boudaoui,Ligue 1,2024,Nice,2020s
563963,15000000,Mohammed Salisu,Ligue 1,2024,Monaco,2020s
569389,12000000,Sofiane Diop,Ligue 1,2024,Nice,2020s
569598,30000000,Youssouf Fofana,Serie A,2024,Milan,2020s
572326,6000000,Christopher Wooh,Ligue 1,2024,Rennes,2020s
585959,20000000,Arnaud Kalimuendo,Ligue 1,2024,Rennes,2020s
607034,10000000,Akor Adams,La Liga,2024,Montpellier,2020s
614742,1200000,Drissa Camara,Serie A,2024,Parma,2020s
616341,55000000,Nuno Mendes,Ligue 1,2024,Paris S-G,2020s
618425,2000000,Tanguy Coulibaly,Ligue 1,2024,Montpellier,2020s
623570,15000000,Iliman Ndiaye,Premier League,2024,Everton,2020s
624037,10000000,Joris Chotard,Ligue 1,2024,Montpellier,2020s
633992,18000000,Enzo Le Fée,Ligue 1,2024,Roma,2020s
646733,2000000,Jim Allevinah,Ligue 1,2024,Angers,2020s
652275,9000000,Hákon Arnar Haraldsson,Ligue 1,2024,Lille,2020s
654539,18000000,Adrien Truffert,Ligue 1,2024,Rennes,2020s
660342,1600000,Gabriel Charpentier,Serie A,2024,Parma,2020s
674612,15000000,Youssouf Ndayishimiye,Ligue 1,2024,Nice,2020s
691786,3000000,Morgan Guilavogui,Bundesliga,2024,St. Pauli,2020s
701819,1600000,Daniele Ghilardi,Serie A,2024,Hellas Verona,2020s
711976,9000000,Andy Diouf,Ligue 1,2024,Lens,2020s
737781,5000000,Jérémy Le Douaron,Ligue 1,2024,Brest,2020s
743600,15000000,Andrey Santos,Ligue 1,2024,Strasbourg,2020s
745181,8000000,Soungoutou Magassa,Ligue 1,2024,Monaco,2020s
768380,10000000,Arouna Sangante,Ligue 1,2024,Le Havre,2020s
782630,5000000,Khalil Fayad,Ligue 1,2024,Montpellier,2020s
789082,20000000,Vanderson,Ligue 1,2024,Monaco,2020s
794349,1500000,Julien Le Cardinal,Ligue 1,2024,Brest,2020s
807689,3000000,Frank Magri,Ligue 1,2024,Toulouse,2020s
810092,60000000,Warren Zaïre-Emery,Ligue 1,2024,Paris S-G,2020s
816580,15000000,Tiago Santos,Ligue 1,2024,Lille,2020s
827734,8000000,Ange-Yoan Bonny,Serie A,2024,Parma,2020s
876631,18000000,Habib Diarra,Ligue 1,2024,Strasbourg,2020s
893675,6000000,Amir Richardson,Serie A,2024,Fiorentina,2020s
903666,1500000,Ethan Mbappé,Ligue 1,2024,Lille,2020s
917375,350000,Antoine Hainaut,Serie A,2024,Parma,2020s
928323,4000000,Ibrahim Salah,Ligue 1,2024,Brest,2020s
955070,18000000,Ernest Nuamah,Ligue 1,2024,Lyon,2020s
1018259,15000000,Gift Orban,Bundesliga,2024,Lyon,2020s
1097139,6000000,Ayyoub Bouaddi,Ligue 1,2024,Lille,2020s
361068,4500000,Jurgen Ekkelenkamp,Serie A,2024,Udinese,2020s
655012,3000000,Lucas Stassin,Ligue 1,2024,Saint-tienne,2020s
749552,2500000,Alieu Fadera,Serie A,2024,Como,2020s
894914,15000000,Antonio Nusa,Bundesliga,2024,RB Leipzig,2020s
32113,2500000,Armando Izzo,Serie A,2024,Monza,2020s
55735,6000000,Henrikh Mkhitaryan,Serie A,2024,Inter,2020s
55769,1000000,Danilo D'Ambrosio,Serie A,2024,Monza,2020s
1004741,1000000,Pedro,Serie A,2024,Lazio,2020s
70411,1500000,Darko Lazović,Serie A,2024,Hellas Verona,2020s
73794,8000000,Duván Zapata,Serie A,2024,Torino,2020s
81512,1000000,Christian Kabasele,Serie A,2024,Udinese,2020s
85393,800000,Nicolas Viola,Serie A,2024,Cagliari,2020s
88680,1300000,Luca Caldirola,Serie A,2024,Monza,2020s
94529,5000000,Stephan El Shaarawy,Serie A,2024,Roma,2020s
111196,7000000,Stefan de Vrij,Serie A,2024,Inter,2020s
125020,700000,José Luis Palomino,Serie A,2024,Cagliari,2020s
126414,45000000,Hakan Çalhanoğlu,Serie A,2024,Inter,2020s
131075,3500000,Francesco Acerbi,Serie A,2024,Inter,2020s
146752,4000000,Gianluca Caprari,Serie A,2024,Monza,2020s
165513,10000000,Berat Djimsiti,Serie A,2024,Atalanta,2020s
166237,8000000,Leandro Paredes,Serie A,2024,Roma,2020s
173859,6000000,Davide Zappacosta,Serie A,2024,Atalanta,2020s
182913,35000000,Adrien Rabiot,Ligue 1,2024,Marseille,2020s
184892,3000000,Florian Thauvin,Serie A,2024,Udinese,2020s
184894,4000000,Alfred Duncan,Serie A,2024,Venezia,2020s
186368,3500000,Valentino Lazaro,Serie A,2024,Torino,2020s
197473,1800000,Alberto Grassi,Serie A,2024,Empoli,2020s
198116,50000000,Federico Dimarco,Serie A,2024,Inter,2020s
199248,20000000,Bryan Cristante,Serie A,2024,Roma,2020s
199733,5500000,Danilo Cataldi,Serie A,2024,Fiorentina,2020s
202886,25000000,Ruben Loftus-Cheek,Serie A,2024,Milan,2020s
206050,20000000,Paulo Dybala,Serie A,2024,Roma,2020s
207877,8000000,Ruslan Malinovskyi,Serie A,2024,Genoa,2020s
225873,3500000,Karol Linetty,Serie A,2024,Torino,2020s
226025,4000000,Luca Mazzitelli,Serie A,2024,Como,2020s
226524,3000000,Morten Thorsby,Serie A,2024,Genoa,2020s
232418,4000000,Ondrej Duda,Serie A,2024,Hellas Verona,2020s
234523,7000000,Antonio Sanabria,Serie A,2024,Torino,2020s
241076,1800000,Emmanuel Gyasi,Serie A,2024,Empoli,2020s
710131,7000000,Diego Llorente,La Liga,2024,Betis,2020s
250153,3000000,Pasquale Mazzocchi,Serie A,2024,Napoli,2020s
251075,6000000,Zeki Çelik,Serie A,2024,Roma,2020s
255942,80000000,Nicolò Barella,Serie A,2024,Inter,2020s
256448,25000000,Gianluca Mancini,Serie A,2024,Roma,2020s
261905,5000000,Suat Serdar,Serie A,2024,Hellas Verona,2020s
268429,8000000,Sandi Lovrić,Serie A,2024,Udinese,2020s
272812,2200000,Kingsley Ehizibue,Serie A,2024,Udinese,2020s
277179,8000000,Angeliño,Serie A,2024,Roma,2020s
278531,3500000,Sebastiano Luperto,Serie A,2024,Cagliari,2020s
282388,10000000,Giovanni Simeone,Serie A,2024,Napoli,2020s
286297,25000000,Lorenzo Pellegrini,Serie A,2024,Roma,2020s
286949,1500000,Adam Masina,Serie A,2024,Torino,2020s
290017,4500000,Hassane Kamara,Serie A,2024,Udinese,2020s
293200,10000000,Nikola Vlašić,Serie A,2024,Torino,2020s
295183,2700000,Răzvan Marin,Serie A,2024,Cagliari,2020s
298635,1800000,Grigoris Kastanos,Serie A,2024,Hellas Verona,2020s
298975,1800000,Pol Lirola,Ligue 1,2024,Marseille,2020s
300532,3000000,Pontus Almqvist,Serie A,2024,Parma,2020s
308279,8500000,Rolando Mandragora,Serie A,2024,Fiorentina,2020s
310458,3000000,Giangiacomo Magnani,Serie A,2024,Hellas Verona,2020s
310527,1000000,Paulo Azzi,Serie A,2024,Cagliari,2020s
314965,1500000,Pedro Pereira,Serie A,2024,Monza,2020s
315779,40000000,Christian Pulisic,Serie A,2024,Milan,2020s
315865,15000000,Andrea Pinamonti,Serie A,2024,Genoa,2020s
316934,5000000,Nikola Moro,Serie A,2024,Bologna,2020s
324377,4500000,Youssef Maleh,Serie A,2024,Empoli,2020s
330208,2000000,Alessandro Vogliacco,Serie A,2024,Genoa,2020s
336960,2200000,Giuseppe Pezzella,Serie A,2024,Empoli,2020s
337725,7500000,Christian Kouamé,Serie A,2024,Fiorentina,2020s
345590,4500000,Jens Odgaard,Serie A,2024,Bologna,2020s
346567,3500000,Luca Pellegrini,Serie A,2024,Lazio,2020s
346890,20000000,Noah Okafor,Serie A,2024,Milan,2020s
347253,5000000,Dany Mota,Serie A,2024,Monza,2020s
351955,6000000,Federico Baschirotto,Serie A,2024,Lecce,2020s
357164,90000000,Rafael Leão,Serie A,2024,Milan,2020s
357796,5000000,Domagoj Bradarić,Serie A,2024,Hellas Verona,2020s
358166,5000000,Eldor Shomurodov,Serie A,2024,Roma,2020s
360518,50000000,Teun Koopmeiners,Serie A,2024,Juventus,2020s
364133,3000000,Pietro Pellegri,Serie A,2024,Empoli,2020s
364135,14000000,Moise Kean,Serie A,2024,Fiorentina,2020s
365108,14000000,Dan Ndoye,Serie A,2024,Bologna,2020s
370846,12000000,Timothy Weah,Serie A,2024,Juventus,2020s
373373,15000000,Lucas Martínez Quarta,Serie A,2024,Fiorentina,2020s
385394,5000000,Alberto Dossena,Serie A,2024,Como,2020s
386552,3500000,Lassana Coulibaly,Serie A,2024,Lecce,2020s
392538,10000000,Tommaso Pobega,Serie A,2024,Bologna,2020s
392569,2500000,Gabriele Zappa,Serie A,2024,Cagliari,2020s
392959,18000000,Andrea Colpani,Serie A,2024,Fiorentina,2020s
392966,3000000,Nadir Zortea,Serie A,2024,Cagliari,2020s
394300,35000000,Davide Frattesi,Serie A,2024,Inter,2020s
397225,5000000,Alessandro Zanoli,Serie A,2024,Genoa,2020s
401529,17000000,Dodô,Serie A,2024,Fiorentina,2020s
406040,40000000,Ademola Lookman,Serie A,2024,Atalanta,2020s
406625,110000000,Lautaro Martínez,Serie A,2024,Inter,2020s
973703,7000000,Brenner,Serie A,2024,Udinese,2020s
412660,3000000,Keinan Davis,Serie A,2024,Udinese,2020s
413507,15000000,Nikola Milenković,Premier League,2024,Nott'ham Forest,2020s
416386,2700000,Abdou Harroui,Serie A,2024,Hellas Verona,2020s
418571,1700000,Hamza Rafia,Serie A,2024,Lecce,2020s
430280,3000000,Hans Nicolussi Caviglia,Serie A,2024,Venezia,2020s
432090,15000000,Nicolò Fagioli,Serie A,2024,Juventus,2020s
434433,6000000,Nikola Krstović,Serie A,2024,Lecce,2020s
442703,4000000,Ylber Ramadani,Serie A,2024,Lecce,2020s
445126,2300000,Emanuele Valeri,Serie A,2024,Parma,2020s
449151,2500000,Junior Messias,Serie A,2024,Genoa,2020s
460939,30000000,Tijjani Reijnders,Serie A,2024,Milan,2020s
462823,12000000,Gustav Isaksen,Serie A,2024,Lazio,2020s
467992,22000000,Samuele Ricci,Serie A,2024,Torino,2020s
469211,2000000,Liberato Cacace,Serie A,2024,Empoli,2020s
470794,18000000,Ivan Ilić,Serie A,2024,Torino,2020s
487843,6000000,Lorenzo Colombo,Serie A,2024,Empoli,2020s
502670,80000000,Khvicha Kvaratskhelia,Ligue 1,2024,Napoli,2020s
503075,20000000,Isak Hien,Serie A,2024,Atalanta,2020s
503871,15000000,Morten Frendrup,Serie A,2024,Genoa,2020s
509022,18000000,Federico Gatti,Serie A,2024,Juventus,2020s
513245,22000000,Jesper Lindstrøm,Premier League,2024,Everton,2020s
525704,18000000,Nicolò Rovella,Serie A,2024,Lazio,2020s
532937,10000000,Johan Vásquez,Serie A,2024,Genoa,2020s
539134,4500000,Daniel Maldini,Serie A,2024,Monza,2020s
545538,6000000,Lameck Banda,Serie A,2024,Lecce,2020s
547985,9500000,Fabiano Parisi,Serie A,2024,Fiorentina,2020s
562049,18000000,Edoardo Bove,Serie A,2024,Fiorentina,2020s
568333,3500000,Adam Obert,Serie A,2024,Cagliari,2020s
571607,15000000,Fabio Miretti,Serie A,2024,Genoa,2020s
613393,4000000,Gaetano Oristanio,Serie A,2024,Venezia,2020s
633530,5000000,Jordan Zemura,Serie A,2024,Udinese,2020s
641537,15000000,Tommaso Baldanzi,Serie A,2024,Roma,2020s
649016,20000000,El Bilal Touré,Bundesliga,2024,Stuttgart,2020s
660860,6000000,Diego Coppola,Serie A,2024,Hellas Verona,2020s
666547,7500000,Zito Luvumbo,Serie A,2024,Cagliari,2020s
671915,7500000,Enzo Barrenechea,La Liga,2024,Valencia,2020s
674806,2500000,Santiago Pierotti,Serie A,2024,Lecce,2020s
691482,6000000,Jacopo Fazzini,Serie A,2024,Empoli,2020s
735568,12000000,Natan,La Liga,2024,Betis,2020s
861981,4000000,Alan Matturro,Serie A,2024,Genoa,2020s
926952,12000000,Patrick Dorgu,Premier League,2024,Lecce,2020s
88647,300000,Andreas Albers,Bundesliga,2024,St. Pauli,2020s
93827,1300000,Steven Skrzybski,Bundesliga,2024,Holstein Kiel,2020s
154147,1500000,Hauke Wahl,Bundesliga,2024,St. Pauli,2020s
192557,2000000,Jackson Irvine,Bundesliga,2024,St. Pauli,2020s
203123,2500000,Haris Tabakovic,Bundesliga,2024,Hoffenheim,2020s
251303,2000000,Johannes Eggestein,Bundesliga,2024,St. Pauli,2020s
302371,5000000,Toni Martínez,La Liga,2024,Alavs,2020s
329373,400000,Carlo Boukhalfa,Bundesliga,2024,St. Pauli,2020s
331362,1500000,Benedikt Pichler,Bundesliga,2024,Holstein Kiel,2020s
340376,12000000,Abel Ruiz,La Liga,2024,Girona,2020s
439914,1500000,John Yeboah,Serie A,2024,Venezia,2020s
464598,5000000,Casper Tengstedt,Serie A,2024,Hellas Verona,2020s
469822,25000000,David Neres,Serie A,2024,Napoli,2020s
512352,500000,Lasse Rosenboom,Bundesliga,2024,Holstein Kiel,2020s
522223,2500000,Connor Metcalfe,Bundesliga,2024,St. Pauli,2020s
550580,2000000,Shuto Machino,Bundesliga,2024,Holstein Kiel,2020s
633454,1500000,Alexander Bernhardsson,Bundesliga,2024,Holstein Kiel,2020s
667121,12000000,Rodrigo Gomes,Premier League,2024,Wolves,2020s
670681,55000000,João Neves,Ligue 1,2024,Paris S-G,2020s
691892,3000000,Nathaniel Brown,Bundesliga,2024,Eint Frankfurt,2020s
789252,2000000,Bence Dárdai,Bundesliga,2024,Wolfsburg,2020s
798043,8000000,Tom Rothe,Bundesliga,2024,Union Berlin,2020s
12282,3000000,Daley Blind,La Liga,2024,Girona,2020s
15956,2500000,Jesús Navas,La Liga,2024,Sevilla,2020s
46413,5000000,Ante Budimir,La Liga,2024,Osasuna,2020s
59323,1800000,Cristhian Stuani,La Liga,2024,Girona,2020s
61812,1800000,Yuri Berchiche,La Liga,2024,Athletic Club,2020s
74294,3500000,Nemanja Gudelj,La Liga,2024,Sevilla,2020s
80293,1800000,Aïssa Mandi,Ligue 1,2024,Lille,2020s
85370,2500000,Sergi Roberto,Serie A,2024,Como,2020s
86202,25000000,Antonio Rüdiger,La Liga,2024,Real Madrid,2020s
99343,2000000,Ander Herrera,La Liga,2024,Athletic Club,2020s
111961,4000000,Suso,La Liga,2024,Sevilla,2020s
125781,25000000,Antoine Griezmann,La Liga,2024,Atltico Madrid,2020s
126737,6000000,Juanmi,La Liga,2024,Betis,2020s
127108,3000000,Florian Lejeune,La Liga,2024,Rayo Vallecano,2020s
834470,1000000,Dani Rodríguez,La Liga,2024,Mallorca,2020s
142031,1000000,Omar Mascarell,La Liga,2024,Mallorca,2020s
165007,1500000,Denis Suárez,La Liga,2024,Villarreal,2020s
585700,2200000,Juan Cruz,La Liga,2024,Legans,2020s
170472,2500000,Dimitri Foulquier,La Liga,2024,Valencia,2020s
177847,2000000,Adnan Januzaj,La Liga,2024,Las Palmas,2020s
189441,9000000,Lucas Ocampos,La Liga,2024,Sevilla,2020s
192009,3000000,Unai López,La Liga,2024,Rayo Vallecano,2020s
199369,1500000,Sandro Ramírez,La Liga,2024,Las Palmas,2020s
203496,10000000,Nabil Fekir,La Liga,2024,Betis,2020s
568149,1800000,Alberto Moreno,Serie A,2024,Como,2020s
361238,2500000,Rubén García,La Liga,2024,Osasuna,2020s
221316,4000000,Lucas Vázquez,La Liga,2024,Real Madrid,2020s
223725,2500000,Munir El Haddadi,La Liga,2024,Legans,2020s
225122,15000000,Gonçalo Guedes,Premier League,2024,Wolves,2020s
227961,900000,Jaime Mata,La Liga,2024,Las Palmas,2020s
238868,2200000,Rubén Peña,La Liga,2024,Osasuna,2020s
246968,7000000,Ayoze Pérez,La Liga,2024,Villarreal,2020s
251845,2500000,Sergi Canós,La Liga,2024,Valencia,2020s
255488,8000000,Yeray Álvarez,La Liga,2024,Athletic Club,2020s
255508,25000000,Iñaki Williams,La Liga,2024,Athletic Club,2020s
262939,2200000,Johan Mojica,La Liga,2024,Mallorca,2020s
268670,3000000,Gerard Gumbau,La Liga,2024,Rayo Vallecano,2020s
284854,3000000,Carles Aleñá,La Liga,2024,Getafe,2020s
289255,5000000,Andoni Gorosabel,La Liga,2024,Athletic Club,2020s
289257,4000000,Jon Guridi,La Liga,2024,Alavs,2020s
309110,40000000,Brais Méndez,La Liga,2024,Real Sociedad,2020s
331496,2500000,Valery Fernández,La Liga,2024,Mallorca,2020s
338425,12000000,Álex Berenguer,La Liga,2024,Athletic Club,2020s
342385,20000000,Guido Rodríguez,Premier League,2024,West Ham,2020s
343463,4000000,Cyle Larin,La Liga,2024,Mallorca,2020s
353032,5000000,Omar Alderete,La Liga,2024,Getafe,2020s
355628,22000000,Igor Zubeldia,La Liga,2024,Real Sociedad,2020s
357885,14000000,Pablo Fornals,La Liga,2024,Betis,2020s
369081,120000000,Federico Valverde,La Liga,2024,Real Madrid,2020s
378139,3500000,Aitor Ruibal,La Liga,2024,Betis,2020s
378293,25000000,Yangel Herrera,La Liga,2024,Girona,2020s
401530,60000000,Éder Militão,La Liga,2024,Real Madrid,2020s
405398,50000000,Takefusa Kubo,La Liga,2024,Real Sociedad,2020s
412363,110000000,Rodrygo,La Liga,2024,Real Madrid,2020s
413112,100000000,Aurélien Tchouaméni,La Liga,2024,Real Madrid,2020s
422466,2500000,Javi Hernández,La Liga,2024,Legans,2020s
423444,6000000,Fran Beltrán,La Liga,2024,Celta Vigo,2020s
427572,3000000,Zuriko Davitashvili,Ligue 1,2024,Saint-tienne,2020s
451801,2500000,Abdul Mumin,La Liga,2024,Rayo Vallecano,2020s
461617,25000000,Rodrigo Riquelme,La Liga,2024,Atltico Madrid,2020s
466794,20000000,Eric García,La Liga,2024,Barcelona,2020s
466807,2000000,Adrià Altimira,La Liga,2024,Legans,2020s
495621,7500000,Antonio Blanco,La Liga,2024,Alavs,2020s
513031,2500000,Antonio Sánchez,La Liga,2024,Mallorca,2020s
517753,4000000,Óscar Valentín,La Liga,2024,Rayo Vallecano,2020s
527698,3000000,Kike Pérez,Serie A,2024,Valladolid,2020s
533568,2000000,Nahuel Tenaglia,La Liga,2024,Alavs,2020s
552425,7000000,Jon Moncayola,La Liga,2024,Osasuna,2020s
559979,7500000,Abdel Abqar,La Liga,2024,Alavs,2020s
571020,35000000,Oihan Sancet,La Liga,2024,Athletic Club,2020s
581678,180000000,Jude Bellingham,La Liga,2024,Real Madrid,2020s
596122,2000000,Pep Chavarría,La Liga,2024,Rayo Vallecano,2020s
616369,20000000,Ander Barrenetxea,La Liga,2024,Real Sociedad,2020s
623521,2800000,Juanmi Latasa,La Liga,2024,Valladolid,2020s
634131,15000000,Aimar Oroz,La Liga,2024,Osasuna,2020s
646402,7000000,Abner,Ligue 1,2024,Lyon,2020s
694928,30000000,Samuel Lino,La Liga,2024,Atltico Madrid,2020s
709187,60000000,Nico Williams,La Liga,2024,Athletic Club,2020s
733576,15000000,Alberto Moleiro,La Liga,2024,Las Palmas,2020s
764859,5000000,Williot Swedberg,La Liga,2024,Celta Vigo,2020s
775605,25000000,Pablo Barrios,La Liga,2024,Atltico Madrid,2020s
785353,2500000,Pablo Ibáñez,La Liga,2024,Osasuna,2020s
834752,6000000,Unai Gómez,La Liga,2024,Athletic Club,2020s
861410,30000000,Arda Güler,La Liga,2024,Real Madrid,2020s
943837,30000000,Vitor Roque,La Liga,2024,Betis,2020s
1061282,12000000,Assane Diao,Serie A,2024,Betis,2020s
239962,4000000,Denis Vavro,Bundesliga,2024,Wolfsburg,2020s
651269,2000000,Armin Gigovic,Bundesliga,2024,Holstein Kiel,2020s
846310,700000,Oscar Højlund,Bundesliga,2024,Eint Frankfurt,2020s
149928,2000000,Jubal,Ligue 1,2024,Auxerre,2020s
211474,1500000,Ali Abdi,Ligue 1,2024,Nice,2020s
289432,2000000,Dylan Batubinsika,Ligue 1,2024,Saint-tienne,2020s
308133,1800000,Ado Onaiwu,Ligue 1,2024,Auxerre,2020s
353404,3000000,Gaëtan Perrin,Ligue 1,2024,Auxerre,2020s
372713,1800000,Florian Ayé,Ligue 1,2024,Auxerre,2020s
395695,2500000,Elisha Owusu,Ligue 1,2024,Auxerre,2020s
425400,1500000,Farid El Melali,Ligue 1,2024,Angers,2020s
484888,2500000,Ibrahim Sissoko,Ligue 1,2024,Saint-tienne,2020s
568698,800000,Issa Soumaré,Ligue 1,2024,Le Havre,2020s
592979,4000000,Himad Abdelli,Ligue 1,2024,Angers,2020s
651569,700000,Daniel Mosquera,Serie A,2024,Hellas Verona,2020s
806168,1800000,Paul Joly,Ligue 1,2024,Auxerre,2020s
807688,100000,Yassin Belkhdim,Ligue 1,2024,Angers,2020s
904662,600000,Louis Mouton,Ligue 1,2024,Saint-tienne,2020s
431811,2500000,Ola Solbakken,Serie A,2024,Empoli,2020s
503866,12000000,Albert Grønbaek,Premier League,2024,Rennes,2020s
745191,13000000,Ramón Sosa,Premier League,2024,Nott'ham Forest,2020s
579928,8000000,Sebastian Nanasi,Ligue 1,2024,Strasbourg,2020s
1089202,1800000,Moïse Bombito,Ligue 1,2024,Nice,2020s
814446,175000,Luca Marianucci,Serie A,2024,Empoli,2020s
654991,250000,Samuel Mbangula,Serie A,2024,Juventus,2020s
708072,200000,Nicolò Savona,Serie A,2024,Juventus,2020s
111508,500000,Allan Nyom,La Liga,2024,Getafe,2020s
221311,1000000,Iván Sánchez,La Liga,2024,Valladolid,2020s
225593,2400000,Pere Milla,La Liga,2024,Espanyol,2020s
243760,1200000,Álex Muñoz,La Liga,2024,Las Palmas,2020s
282700,1500000,Enric Franquesa,La Liga,2024,Legans,2020s
290273,2000000,Álvaro Tejero,La Liga,2024,Espanyol,2020s
327126,900000,Anuar,La Liga,2024,Valladolid,2020s
339816,2500000,Tete Morente,Serie A,2024,Lecce,2020s
358115,1600000,Luis Pérez,La Liga,2024,Valladolid,2020s
408471,8000000,Javi Puado,La Liga,2024,Espanyol,2020s
412045,2000000,Pol Lozano,La Liga,2024,Espanyol,2020s
413262,2200000,Dani Raba,La Liga,2024,Legans,2020s
543537,1200000,Seydouba Cissé,La Liga,2024,Legans,2020s
618813,3500000,Carlos Martín,La Liga,2024,Alavs,2020s
948275,3500000,Álvaro Rodríguez,La Liga,2024,Getafe,2020s
1076815,250000,Javi Rodríguez,La Liga,2024,Celta Vigo,2020s
813137,3500000,Niccolò Pisilli,Serie A,2024,Roma,2020s
747009,150000,Justin Devenny,Premier League,2024,Crystal Palace,2020s
866655,5000000,Tyler Dibling,Premier League,2024,Southampton,2020s
1185888,2000000,Ibrahim Mbaye,Ligue 1,2024,Paris S-G,2020s
1033005,50000,Coba da Costa,La Liga,2024,Getafe,2020s
1063553,300000,Pau Cabanes,La Liga,2024,Villarreal,2020s
1255616,200000,Alberto Risco,La Liga,2024,Getafe,2020s
741292,1500000,Iker Bravo,Serie A,2024,Udinese,2020s
