gamesplayed_id,Played,Wins,Draws,Loses,Wins_for_1,Wins_for_2plus
1,35,12,7,16,4,8
2,48,31,8,9,12,19
3,52,42,6,4,19,23
4,29,16,6,7,7,9
5,41,24,7,10,6,18
6,50,34,8,7,13,21
7,25,12,6,7,6,6
8,0,0,0,0,0,0
9,31,20,8,3,6,14
10,34,18,6,10,8,10
11,32,7,9,16,4,3
12,32,11,5,16,4,7
13,30,13,8,9,6,7
14,26,12,6,8,5,7
15,33,12,14,7,7,5
16,36,8,9,19,6,2
17,35,6,11,18,3,3
18,39,7,12,20,7,0
19,33,18,6,9,6,12
20,20,11,2,7,5,6
21,6,0,2,4,0,0
22,34,17,9,8,11,6
23,40,13,9,18,10,3
24,36,11,7,18,3,8
25,48,26,12,10,14,12
26,37,18,11,8,11,7
27,33,12,12,9,5,7
28,37,12,8,17,6,6
29,46,33,9,4,13,20
30,41,27,8,6,17,10
31,39,24,7,8,7,17
32,36,19,6,11,11,8
33,28,12,9,7,5,7
34,21,9,4,8,7,2
35,30,12,6,12,5,7
36,36,17,6,13,7,10
37,16,4,3,9,2,2
38,24,6,12,6,2,4
39,31,16,8,7,6,10
40,7,4,1,2,2,2
41,53,29,11,13,13,16
42,39,19,7,13,12,7
43,25,14,5,6,5,9
44,7,3,1,3,1,2
45,16,3,3,10,1,2
46,38,13,6,19,8,5
47,34,6,14,14,3,3
48,37,12,7,18,7,5
49,39,10,14,15,7,3
50,30,11,9,10,5,6
51,40,10,11,19,5,5
52,33,13,7,13,7,6
53,45,26,6,13,14,12
54,45,25,12,8,9,16
55,45,27,6,12,12,15
56,37,11,8,16,4,7
57,23,13,4,6,7,6
58,8,0,4,4,0,0
59,38,10,11,17,7,3
60,38,8,17,13,4,4
61,29,5,8,16,2,3
62,16,5,7,4,4,1
63,42,11,11,20,7,4
64,27,10,5,12,5,5
65,17,4,9,4,1,3
66,43,17,12,14,8,9
67,23,16,4,3,8,8
68,0,0,0,0,0,0
69,44,24,9,11,9,15
70,40,18,8,14,10,8
71,47,24,14,9,13,11
72,41,22,10,9,12,10
73,41,11,16,14,6,5
74,33,18,6,9,8,10
75,10,3,3,4,3,0
76,38,14,10,14,10,4
77,31,14,8,9,7,7
78,19,8,7,4,5,3
79,18,9,4,5,5,4
80,33,15,8,10,11,4
81,22,10,7,5,5,5
82,46,27,9,10,7,20
83,45,25,11,9,10,15
84,43,30,5,8,13,17
85,52,35,11,6,16,19
86,27,16,5,5,8,8
87,9,7,0,2,4,3
88,19,7,3,9,3,4
89,36,14,5,17,7,7
90,43,21,15,7,13,8
91,10,3,1,6,1,2
92,14,4,5,5,0,4
93,31,16,5,10,4,12
94,29,10,10,9,4,6
95,15,6,2,7,4,2
96,14,6,2,6,3,3
97,43,10,15,18,8,2
98,39,10,13,16,6,4
99,18,8,4,6,4,4
100,21,6,6,9,4,2
101,13,2,1,10,2,0
102,41,11,14,16,6,5
103,36,10,7,19,4,6
104,23,8,7,8,4,4
105,38,10,9,19,7,3
106,30,9,13,8,4,5
107,48,29,7,12,8,21
108,46,25,12,9,9,16
109,44,30,5,9,13,17
110,50,33,11,6,14,19
111,37,28,4,5,8,20
112,32,9,11,12,6,3
113,37,14,12,11,8,6
114,23,9,5,9,5,4
115,38,10,12,16,5,5
116,50,33,12,5,8,25
117,46,32,10,4,11,21
118,34,18,7,9,8,10
119,35,14,10,11,5,9
120,35,14,6,15,10,4
121,31,10,5,16,2,8
122,30,15,6,9,2,13
123,41,19,8,14,9,10
124,38,17,11,10,5,12
125,28,12,6,10,9,3
126,14,4,4,6,3,1
127,21,10,5,6,1,9
128,26,13,5,8,7,6
129,47,20,12,15,6,14
130,44,25,11,8,8,17
131,42,24,10,8,10,14
132,45,26,10,9,16,10
133,38,11,15,12,6,5
134,38,14,9,15,3,11
135,42,22,5,15,8,14
136,34,8,11,15,8,0
137,15,8,3,4,5,3
138,34,10,14,10,6,4
139,25,15,5,5,11,4
140,37,13,6,18,10,3
141,26,9,6,11,3,6
142,46,27,10,9,14,13
143,43,22,11,10,11,11
144,28,9,5,14,4,5
145,31,22,6,3,7,15
146,29,6,13,10,4,2
147,28,6,7,15,4,2
148,5,1,2,2,0,1
149,36,10,8,18,5,5
150,47,32,8,7,8,24
151,27,15,6,6,7,8
152,23,6,9,8,3,3
153,30,6,8,16,4,2
154,19,4,4,11,3,1
155,36,13,6,17,9,4
156,39,16,8,15,7,9
157,38,12,6,20,7,5
158,32,13,5,14,5,8
159,44,17,10,17,9,8
160,33,7,4,22,4,3
161,36,13,16,7,7,6
162,37,13,12,12,6,7
163,26,12,4,10,8,4
164,31,14,11,6,6,8
165,37,20,7,10,15,5
166,19,4,5,10,1,3
167,44,22,12,10,12,10
168,47,26,10,11,13,13
169,42,21,9,12,6,15
170,45,17,10,18,9,8
171,34,10,6,18,4,6
172,20,5,9,6,3,2
173,38,22,7,9,7,15
174,35,20,10,5,7,13
175,38,27,5,6,11,16
176,9,4,2,3,2,2
177,33,25,8,0,9,16
178,21,12,2,7,4,8
179,24,7,8,9,4,3
180,26,8,9,9,5,3
181,36,7,12,17,7,0
182,3,0,1,2,0,0
183,38,26,4,8,4,22
184,45,37,2,6,12,25
185,23,17,3,3,8,9
186,40,30,6,4,6,24
187,46,40,5,1,14,26
188,43,26,8,9,9,17
189,29,10,12,7,7,3
190,30,10,6,14,7,3
191,47,25,11,11,10,15
192,45,22,13,10,10,12
193,34,10,8,16,7,3
194,35,11,10,14,3,8
195,35,10,15,10,7,3
196,19,7,5,7,2,5
197,19,8,5,6,5,3
198,21,6,4,11,3,3
199,44,29,11,4,7,22
200,43,31,9,3,11,20
201,44,25,8,11,11,14
202,45,28,9,8,11,17
203,36,28,5,3,10,18
204,14,8,1,5,7,1
205,23,7,4,12,6,1
206,37,11,9,17,8,3
207,15,5,6,4,3,2
208,17,7,2,8,3,4
209,20,5,3,12,4,1
210,33,7,13,13,2,5
211,51,41,6,4,19,22
212,21,13,3,5,7,6
213,38,31,4,3,14,17
214,28,20,5,3,14,6
215,10,4,2,4,4,0
216,0,0,0,0,0,0
217,16,1,6,9,0,1
218,16,1,7,8,1,0
219,35,10,11,14,8,2
220,6,1,1,4,1,0
221,39,14,9,16,8,6
222,35,18,5,12,7,11
223,42,21,7,14,7,14
224,37,25,5,6,10,15
225,32,19,4,9,8,11
226,27,13,4,10,4,9
227,35,6,13,16,2,4
228,37,12,7,18,8,4
229,32,10,11,11,5,5
230,17,9,4,4,1,8
231,0,0,0,0,0,0
232,42,23,9,10,8,15
233,41,21,11,9,8,13
234,46,30,6,10,12,18
235,42,27,9,6,12,15
236,50,35,7,8,13,22
237,35,20,5,10,7,13
238,24,7,9,8,4,3
239,41,19,9,13,11,8
240,27,6,6,15,2,4
241,25,10,7,8,4,6
242,23,9,9,5,6,3
243,8,5,2,1,3,2
244,30,13,6,11,3,10
245,40,18,8,14,9,9
246,37,17,10,10,5,12
247,44,17,8,19,8,9
248,34,13,9,12,3,10
249,31,9,11,11,7,2
250,38,16,8,14,10,6
251,22,1,8,13,0,1
252,39,15,14,10,6,9
253,41,18,9,14,10,8
254,36,11,5,20,5,6
255,39,13,10,16,6,7
256,32,10,10,12,8,2
257,37,13,10,14,6,7
258,34,14,5,15,6,8
259,23,8,2,11,5,3
260,48,40,4,4,18,22
261,48,32,9,7,20,12
262,41,21,13,7,11,10
263,42,17,12,13,5,12
264,12,7,4,1,3,4
265,47,23,14,10,15,8
266,29,10,6,13,5,5
267,28,10,6,12,5,5
268,23,7,7,9,5,2
269,42,22,6,14,7,15
270,43,27,6,8,7,20
271,24,18,4,2,10,8
272,40,21,10,9,8,13
273,40,25,2,13,8,17
274,28,18,1,9,6,12
275,26,17,5,4,8,9
276,18,6,7,5,4,2
277,30,6,5,19,4,2
278,38,24,8,6,11,13
279,47,20,11,16,10,10
280,20,7,4,9,5,2
281,37,9,12,16,6,3
282,35,12,7,16,8,4
283,31,14,8,9,10,4
284,5,2,0,3,0,2
285,19,6,2,11,3,3
286,16,2,3,11,1,1
287,32,9,8,15,6,3
288,31,9,10,12,6,3
289,20,7,5,8,6,1
290,48,23,9,16,8,15
291,32,18,7,7,10,8
292,24,9,6,9,6,3
293,43,17,16,10,9,8
294,36,20,4,12,10,10
295,31,22,6,3,5,17
296,49,34,11,4,12,22
297,41,22,10,9,11,11
298,36,27,5,4,9,18
299,33,19,8,6,8,11
300,47,22,11,14,8,14
301,47,26,6,15,13,13
302,41,20,10,11,11,9
303,35,10,10,15,8,2
304,14,4,2,8,4,0
305,38,12,8,18,6,6
306,43,21,7,15,11,10
307,35,13,11,11,7,6
308,27,7,7,13,2,5
309,38,10,8,20,6,4
310,32,10,5,17,7,3
311,39,12,10,17,3,9
312,28,6,10,12,3,3
313,17,7,3,7,3,4
314,31,5,12,14,4,1
315,24,6,7,11,3,3
316,27,11,1,15,4,7
317,28,6,6,16,0,6
318,16,2,3,11,1,1
319,35,14,9,12,5,9
320,40,14,15,11,1,13
321,33,13,5,15,5,8
322,18,6,4,8,0,6
323,33,16,9,8,12,4
324,33,10,6,17,5,5
325,28,14,6,8,5,9
326,32,10,8,14,7,3
327,20,5,5,10,4,1
328,45,28,9,8,13,15
329,50,33,9,8,18,15
330,46,28,8,10,6,22
331,32,15,10,7,6,9
332,31,23,4,4,9,14
333,32,18,4,10,3,15
334,24,15,2,7,6,9
335,17,1,6,10,0,1
336,19,7,3,9,5,2
337,35,11,11,13,7,4
338,14,2,2,10,0,2
339,35,12,12,11,4,8
340,44,22,12,10,12,10
341,43,25,10,8,12,13
342,35,21,7,7,13,8
343,24,14,5,5,6,8
344,45,25,12,8,7,18
345,45,32,9,4,11,21
346,46,28,8,10,12,16
347,22,12,4,6,6,6
348,8,3,2,3,1,2
349,34,8,12,14,6,2
350,29,9,6,14,5,4
351,35,15,9,11,6,9
352,43,11,11,21,7,4
353,38,14,7,17,6,8
354,39,8,12,19,3,5
355,39,13,14,12,7,6
356,36,7,12,17,2,5
357,29,13,10,6,7,6
358,42,22,9,11,8,14
359,43,24,6,13,11,13
360,27,14,5,8,7,7
361,38,12,8,18,7,5
362,39,17,9,13,8,9
363,16,4,7,5,0,4
364,9,5,1,3,3,2
365,25,11,7,7,5,6
366,1,0,0,1,0,0
367,37,19,6,12,8,11
368,36,15,8,13,5,10
369,39,20,9,10,8,12
370,26,5,9,12,4,1
371,32,10,6,16,3,7
372,21,6,5,10,2,4
373,39,11,8,20,6,5
374,24,11,1,12,7,4
375,18,5,8,5,2,3
376,32,10,9,13,5,5
377,31,11,10,10,6,5
378,32,11,9,12,6,5
379,31,13,8,10,6,7
380,43,25,9,9,12,13
381,31,21,2,8,6,15
382,44,19,11,13,11,8
383,16,6,3,7,2,4
384,28,22,2,4,7,15
385,40,30,7,3,17,13
386,25,11,7,7,6,5
387,36,10,15,11,7,3
388,32,12,8,11,5,7
389,4,3,1,0,0,3
390,14,2,7,5,1,1
391,36,11,12,13,7,4
392,31,13,9,9,9,4
393,34,11,9,14,6,5
394,34,12,1,21,5,7
395,32,7,7,18,0,7
396,37,18,11,8,9,9
397,34,11,9,14,7,4
398,47,17,13,17,6,11
399,31,11,9,11,6,5
400,32,6,13,13,3,3
401,23,9,4,10,7,2
402,0,0,0,0,0,0
403,13,2,2,9,2,0
404,0,0,0,0,0,0
405,42,18,10,14,9,9
406,34,13,10,11,6,7
407,30,18,5,7,8,10
408,40,18,11,11,11,7
409,15,8,2,5,5,3
410,41,14,10,17,10,4
411,13,4,1,8,2,2
412,33,8,10,15,3,5
413,30,12,9,9,7,5
414,23,4,4,15,1,3
415,11,4,0,7,1,3
416,24,13,3,8,8,5
417,39,19,9,11,10,9
418,50,24,11,15,8,16
419,42,22,13,7,10,12
420,33,18,5,10,8,10
421,15,4,3,8,3,1
422,27,7,13,7,5,2
423,5,0,3,2,0,0
424,39,18,11,10,10,8
425,22,10,6,6,2,8
426,32,11,9,12,7,4
427,10,2,2,6,2,0
428,32,12,11,9,6,6
429,0,0,0,0,0,0
430,18,4,5,9,3,1
431,8,1,2,5,1,0
432,33,12,10,11,8,4
433,15,5,4,6,4,1
434,29,8,11,10,3,5
435,19,3,2,14,2,1
436,33,13,6,14,10,3
437,13,2,5,6,0,2
438,22,6,6,10,2,4
439,40,13,10,17,10,3
440,43,11,11,21,5,6
441,48,31,9,8,13,18
442,47,22,8,17,10,12
443,33,19,8,6,6,13
444,44,19,4,21,3,16
445,40,6,10,24,4,2
446,23,5,8,10,3,2
447,48,23,11,14,8,15
448,43,22,14,7,10,12
449,39,19,8,12,11,8
450,18,4,3,11,2,2
451,27,6,6,15,3,3
452,35,12,12,11,6,6
453,37,15,6,16,8,7
454,28,12,7,9,9,3
455,11,4,2,5,3,1
456,38,12,11,15,5,7
457,25,8,6,11,6,2
458,27,15,7,5,5,10
459,53,24,16,13,11,13
460,36,20,6,10,12,8
461,21,3,4,14,1,2
462,19,3,4,12,2,1
463,26,6,7,13,6,0
464,30,6,5,19,4,2
465,21,12,3,6,2,10
466,20,4,3,13,3,1
467,38,15,10,13,4,11
468,38,13,8,17,5,8
469,36,12,10,14,5,7
470,31,19,5,7,9,10
471,16,8,3,5,3,5
472,23,9,4,10,6,3
473,24,7,8,9,2,5
474,21,5,3,13,2,3
475,35,24,7,4,7,17
476,25,18,2,5,5,13
477,22,14,4,4,5,9
478,35,17,10,8,8,9
479,18,6,5,7,4,2
480,25,10,6,9,2,8
481,27,13,5,9,7,6
482,38,17,11,10,5,12
483,39,15,8,16,8,7
484,27,12,6,9,2,10
485,38,18,7,13,9,9
486,32,11,10,11,6,5
487,28,13,6,9,6,7
488,33,10,6,17,5,5
489,33,14,4,15,6,8
490,36,12,8,16,5,7
491,28,8,4,16,4,4
492,48,32,7,9,12,20
493,50,40,6,4,17,23
494,44,27,9,8,11,16
495,52,30,9,13,10,20
496,20,12,4,4,4,8
497,15,1,3,11,0,1
498,19,6,8,5,4,2
499,35,10,6,19,7,3
500,35,16,5,14,10,6
501,37,15,11,11,6,9
502,42,22,12,8,10,12
503,33,11,9,13,8,3
504,40,11,9,20,6,5
505,33,22,3,8,9,13
506,15,3,1,11,1,2
507,20,8,3,9,4,4
508,37,15,8,14,6,9
509,22,7,4,11,4,3
510,40,12,12,16,5,7
511,45,26,9,10,14,12
512,43,26,10,7,10,16
513,19,12,4,3,5,7
514,35,21,8,6,11,10
515,29,17,3,9,4,13
516,19,6,2,11,3,3
517,33,13,10,10,6,7
518,37,18,7,12,8,10
519,24,6,5,13,4,2
520,29,8,8,13,4,4
521,40,20,7,13,6,14
522,23,6,6,11,5,1
523,22,4,8,10,2,2
524,20,3,5,12,2,1
525,14,2,4,8,1,1
526,16,8,4,4,6,2
527,27,11,4,12,7,4
528,19,4,5,10,1,3
529,33,12,11,10,8,4
530,46,22,13,11,12,10
531,38,11,10,17,6,5
532,39,10,12,17,5,5
533,36,14,3,19,11,3
534,17,5,6,6,4,1
535,10,4,3,3,4,0
536,37,9,13,15,6,3
537,19,6,9,4,0,6
538,23,14,3,6,6,8
539,6,4,2,0,2,2
540,38,10,6,22,7,3
541,17,5,1,11,3,2
542,31,9,8,14,4,5
543,14,3,1,10,1,2
544,46,24,10,12,8,16
545,23,17,4,2,7,10
546,32,19,8,5,8,11
547,47,22,9,16,10,12
548,46,27,9,10,4,23
549,23,14,3,6,6,8
550,11,5,2,4,0,5
551,24,13,5,6,7,6
552,39,14,12,13,8,6
553,33,8,6,19,4,4
554,26,9,7,10,5,4
555,42,12,15,15,5,7
556,34,13,12,9,5,8
557,43,30,3,10,6,24
558,42,29,6,7,11,18
559,32,8,10,14,4,4
560,22,3,9,10,1,2
561,33,16,9,8,10,6
562,40,16,7,17,8,8
563,40,14,16,10,11,3
564,40,20,9,11,9,11
565,24,9,5,10,4,5
566,17,6,7,4,3,3
567,27,5,3,19,5,0
568,19,7,3,9,4,3
569,35,11,9,15,7,4
570,29,8,11,10,4,4
571,37,14,12,11,6,8
572,1,0,0,1,0,0
573,44,29,7,8,12,17
574,42,26,7,9,13,13
575,37,20,8,9,6,14
576,26,12,5,9,4,8
577,28,15,7,6,7,8
578,0,0,0,0,0,0
579,24,6,6,12,2,4
580,24,9,6,9,5,4
581,31,10,9,12,5,5
582,36,18,7,11,9,9
583,42,25,8,9,12,13
584,22,9,5,8,5,4
585,29,5,7,17,3,2
586,30,3,9,18,2,1
587,30,13,8,9,4,9
588,33,17,11,5,10,7
589,32,9,7,16,5,4
590,0,0,0,0,0,0
591,0,0,0,0,0,0
592,0,0,0,0,0,0
593,0,0,0,0,0,0
594,0,0,0,0,0,0
595,40,24,5,11,7,17
596,38,22,6,10,10,12
597,48,25,7,16,10,15
598,34,20,4,10,11,9
599,32,19,6,7,10,9
600,13,11,1,1,6,5
601,26,7,5,14,5,2
602,42,21,11,10,12,9
603,41,21,10,10,10,11
604,45,27,10,8,10,17
605,45,31,8,6,8,23
606,44,27,7,10,11,16
607,33,21,5,7,12,9
608,5,3,1,1,1,2
609,29,12,10,7,4,8
610,38,18,10,10,10,8
611,28,6,6,16,2,4
612,37,10,14,13,8,2
613,28,10,7,11,7,3
614,1,0,0,1,0,0
615,24,8,6,10,4,4
616,39,11,11,17,9,2
617,35,9,11,15,4,5
618,13,4,2,7,3,1
619,17,3,3,11,0,3
620,35,7,10,18,3,4
621,37,12,8,17,8,4
622,12,3,3,6,2,1
623,45,26,7,12,5,21
624,39,14,9,16,8,6
625,34,13,9,12,5,8
626,29,11,5,13,4,7
627,15,4,5,6,1,3
628,34,9,12,13,5,4
629,25,10,5,10,6,4
630,36,9,11,16,5,4
631,0,0,0,0,0,0
632,36,18,10,8,10,8
633,15,6,2,7,6,0
634,39,19,13,7,7,12
635,43,18,9,16,10,8
636,31,12,5,14,6,6
637,24,12,6,6,7,5
638,39,11,10,18,6,5
639,45,19,11,15,10,9
640,31,14,5,12,9,5
641,38,14,12,12,6,8
642,20,3,6,11,2,1
643,25,5,10,10,4,1
644,17,5,1,11,1,4
645,16,5,7,4,1,4
646,36,14,8,14,10,4
647,14,3,2,9,0,3
648,38,13,13,12,7,6
649,23,10,5,8,6,4
650,39,10,12,17,5,5
651,16,4,3,9,3,1
652,46,26,9,11,14,12
653,56,31,10,15,15,16
654,47,25,11,11,8,17
655,62,39,13,10,17,22
656,46,24,9,12,13,11
657,20,2,6,12,1,1
658,20,5,3,12,2,3
659,0,0,0,0,0,0
660,32,12,10,10,8,4
661,44,21,12,11,11,10
662,47,20,11,16,9,11
663,52,17,10,25,9,8
664,39,5,9,25,3,2
665,24,13,4,7,1,12
666,25,10,6,9,3,7
667,29,8,3,18,5,3
668,16,6,5,5,4,2
669,25,6,5,14,4,2
670,13,4,6,3,2,2
671,35,11,7,17,4,7
672,7,1,2,4,1,0
673,28,13,3,12,5,8
674,37,17,6,14,8,9
675,34,14,11,9,6,8
676,17,7,3,7,3,4
677,34,20,6,8,12,8
678,43,13,9,21,7,6
679,5,0,0,5,0,0
680,52,37,8,7,8,29
681,47,35,6,6,10,25
682,47,41,5,1,15,26
683,50,40,3,7,13,27
684,34,21,9,4,2,19
685,25,14,5,6,5,9
686,12,7,1,4,3,4
687,28,10,6,12,6,4
688,14,7,2,5,5,2
689,14,4,2,8,1,3
690,15,3,3,9,1,2
691,29,10,4,15,5,5
692,18,4,3,11,3,1
693,16,4,6,6,3,1
694,37,20,7,10,7,13
695,50,22,12,16,7,15
696,40,23,5,12,13,10
697,39,20,8,11,6,14
698,11,2,2,7,2,0
699,8,3,4,1,1,2
700,17,7,3,7,5,2
701,19,4,3,12,1,3
702,42,30,7,5,6,24
703,39,28,5,6,9,19
704,44,38,5,1,16,22
705,50,36,7,7,17,19
706,46,33,5,8,11,22
707,29,9,8,12,3,6
708,15,4,4,7,3,1
709,21,8,5,8,5,3
710,10,4,1,5,1,3
711,37,16,13,8,7,9
712,23,10,5,8,5,5
713,23,7,3,13,5,2
714,33,9,6,18,3,6
715,44,24,8,12,15,9
716,31,10,6,15,4,6
717,11,4,3,4,1,3
718,19,13,3,3,7,6
719,42,10,10,22,5,5
720,28,9,6,13,4,5
721,39,12,9,18,6,6
722,20,7,4,9,5,2
723,38,12,11,15,8,4
724,35,9,9,17,5,4
725,0,0,0,0,0,0
726,15,6,6,3,3,3
727,30,9,5,16,4,5
728,38,27,6,5,7,20
729,46,33,7,6,10,23
730,22,19,3,0,5,14
731,42,26,5,11,6,20
732,43,32,5,5,13,19
733,14,3,6,5,1,2
734,50,24,10,16,9,15
735,40,21,9,10,12,9
736,30,14,7,9,10,4
737,37,15,10,12,6,9
738,34,8,5,21,4,4
739,32,7,12,13,4,3
740,35,17,9,9,10,7
741,23,13,6,4,5,8
742,36,15,9,12,6,9
743,34,13,11,10,6,7
744,29,9,7,13,4,5
745,28,15,6,7,10,5
746,29,9,11,9,6,3
747,36,10,10,16,7,3
748,30,9,10,11,5,4
749,17,8,2,7,2,6
750,36,14,3,19,5,9
751,36,10,7,19,6,4
752,5,2,1,2,2,0
753,23,6,4,13,4,2
754,26,5,9,12,2,3
755,36,17,6,13,6,11
756,32,16,5,11,7,9
757,38,26,4,7,7,19
758,30,11,6,13,4,7
759,47,30,9,8,15,15
760,50,23,14,13,7,16
761,38,19,8,11,11,8
762,46,18,10,18,10,8
763,0,0,0,0,0,0
764,18,1,6,11,0,1
765,38,13,11,14,5,8
766,32,12,6,14,7,5
767,36,6,8,22,4,2
768,34,11,8,15,6,5
769,29,12,5,12,4,8
770,24,7,8,9,1,6
771,22,8,5,8,6,2
772,9,2,1,6,1,1
773,19,5,3,11,2,3
774,36,7,9,20,7,0
775,29,11,10,8,5,6
776,38,19,10,9,11,8
777,38,14,8,16,7,7
778,18,6,7,5,4,2
779,33,16,7,10,10,6
780,27,9,6,12,4,5
781,9,5,2,2,2,3
782,32,11,7,14,7,4
783,14,3,6,5,1,2
784,29,10,8,11,5,5
785,26,9,8,9,5,4
786,11,4,3,4,4,0
787,23,10,4,9,7,3
788,16,3,5,8,2,1
789,4,2,1,1,2,0
790,32,14,8,10,6,8
791,27,7,4,16,5,2
792,37,13,11,13,7,6
793,30,14,3,13,6,8
794,44,23,12,9,11,12
795,32,7,12,13,5,2
796,14,5,6,3,2,3
797,32,10,9,13,7,3
798,43,17,11,15,10,7
799,42,11,10,21,7,4
800,38,15,7,16,7,8
801,14,4,4,6,4,0
802,25,6,7,12,2,4
803,35,12,10,13,7,5
804,40,15,11,14,5,10
805,33,12,5,16,5,7
806,37,13,7,17,7,6
807,15,5,3,7,3,2
808,54,27,11,16,10,17
809,37,17,8,12,5,12
810,20,9,3,8,3,6
811,51,35,8,8,18,17
812,39,21,10,8,11,10
813,12,7,3,2,2,5
814,13,5,1,7,4,1
815,32,11,9,12,5,6
816,41,12,9,20,4,8
817,15,6,4,5,5,1
818,36,11,11,14,9,2
819,17,5,5,7,3,2
820,45,9,12,24,4,5
821,47,34,9,4,11,23
822,43,25,8,10,11,14
823,56,31,12,13,14,17
824,46,27,9,10,13,14
825,36,13,11,12,6,7
826,43,17,15,11,9,8
827,49,24,11,14,12,12
828,35,14,4,17,10,4
829,22,9,4,9,5,4
830,34,11,8,15,6,5
831,32,13,5,14,6,7
832,6,1,1,4,1,0
833,9,2,5,2,2,0
834,26,9,6,11,4,5
835,37,10,10,17,7,3
836,36,17,8,11,6,11
837,25,5,10,10,4,1
838,21,9,4,8,5,4
839,38,15,7,16,8,7
840,37,12,9,16,9,3
841,30,8,6,16,3,5
842,47,25,13,9,13,12
843,43,21,13,9,11,10
844,17,3,2,12,1,2
845,31,12,5,14,6,6
846,16,9,3,4,4,5
847,38,21,6,11,4,17
848,30,6,6,18,4,2
849,33,19,5,9,6,13
850,38,10,11,17,3,7
851,40,18,8,14,9,9
852,35,9,8,18,5,4
853,31,10,8,12,6,4
854,9,3,3,3,2,1
855,7,0,3,4,0,0
856,25,4,8,13,3,1
857,22,7,7,8,4,3
858,36,13,9,13,7,6
859,24,14,4,6,6,8
860,12,5,2,5,2,3
861,33,8,8,17,3,5
862,47,28,11,8,9,19
863,37,18,10,9,10,8
864,32,12,9,11,6,6
865,44,15,12,17,5,10
866,22,8,6,8,5,3
867,17,7,2,8,4,3
868,31,11,7,13,4,7
869,30,7,5,17,5,2
870,13,2,3,8,2,0
871,11,0,4,7,0,0
872,15,1,8,6,1,0
873,18,9,3,6,6,3
874,32,12,8,12,5,7
875,29,8,10,11,4,4
876,38,10,13,15,6,4
877,3,1,0,2,0,1
878,32,11,9,12,5,6
879,16,1,8,7,1,0
880,3,1,1,1,1,0
881,9,0,3,6,0,0
882,26,21,3,2,3,18
883,17,13,2,2,4,9
884,22,14,2,6,3,11
885,30,19,4,7,8,11
886,35,24,7,4,10,14
887,40,10,13,17,5,5
888,28,11,9,8,5,6
889,34,14,6,14,8,6
890,26,12,7,7,9,3
891,38,13,9,16,8,5
892,41,12,8,20,8,4
893,5,0,2,3,0,0
894,15,4,3,8,2,2
895,35,18,8,9,11,7
896,47,31,6,10,13,18
897,51,24,8,19,12,12
898,51,28,13,10,11,17
899,28,20,5,3,9,11
900,34,22,2,8,12,10
901,21,12,3,5,5,7
902,28,10,7,11,4,6
903,50,33,12,5,8,25
904,39,26,10,3,7,19
905,42,25,7,10,12,13
906,51,30,9,12,15,15
907,47,29,8,10,13,16
908,0,0,0,0,0,0
909,36,9,11,16,5,4
910,34,13,7,14,6,7
911,32,11,9,12,6,5
912,21,9,4,8,5,4
913,39,13,7,19,8,5
914,33,8,11,14,5,3
915,34,11,14,9,6,5
916,42,12,11,19,6,6
917,29,9,6,14,6,3
918,19,5,6,8,3,2
919,8,2,3,3,2,0
920,16,3,5,8,1,2
921,50,26,11,13,11,15
922,19,11,5,3,7,4
923,37,13,13,11,3,10
924,41,15,10,16,7,8
925,39,12,10,17,9,3
926,34,3,14,17,1,2
927,8,3,3,2,3,0
928,27,7,10,10,6,1
929,26,7,8,11,4,3
930,24,6,8,10,2,4
931,9,4,3,2,0,4
932,37,13,8,16,9,4
933,36,13,11,12,8,5
934,29,10,7,12,7,3
935,37,13,8,16,6,7
936,37,11,11,15,6,5
937,48,10,17,21,6,4
938,12,0,4,8,0,0
939,16,1,9,6,1,0
940,31,10,9,12,5,5
941,30,8,9,13,4,4
942,38,12,15,11,5,7
943,35,13,9,13,6,7
944,37,11,9,17,4,7
945,23,8,6,9,5,3
946,9,2,1,6,1,1
947,15,4,5,6,2,2
948,32,9,7,16,5,4
949,16,12,1,3,10,2
950,42,19,12,11,7,12
951,30,14,7,9,5,9
952,39,21,10,8,8,13
953,44,25,10,9,11,14
954,24,13,6,5,6,7
955,38,14,11,13,7,7
956,39,14,11,14,6,8
957,16,5,3,8,4,1
958,26,10,5,11,6,4
959,30,6,6,18,3,3
960,19,7,3,9,3,4
961,35,14,5,16,7,7
962,34,14,11,9,9,5
963,39,23,6,10,14,9
964,8,3,3,2,1,2
965,25,7,8,10,5,2
966,16,4,1,11,1,3
967,20,7,8,5,4,3
968,35,8,6,21,5,3
969,6,4,1,1,2,2
970,26,10,3,13,7,3
971,17,8,2,7,4,4
972,42,17,9,16,6,11
973,32,20,6,6,8,12
974,44,25,11,8,10,15
975,54,30,13,11,13,17
976,20,5,4,11,1,4
977,18,10,2,6,4,6
978,9,3,4,2,1,2
979,17,5,4,8,4,1
980,33,12,12,9,6,6
981,42,11,13,18,6,5
982,25,8,6,11,5,3
983,16,4,4,8,4,0
984,13,4,3,6,2,2
985,13,3,5,5,2,1
986,48,30,10,8,12,18
987,41,21,12,8,8,13
988,39,25,11,3,12,13
989,47,23,11,13,13,10
990,39,21,6,12,12,9
991,26,17,5,4,8,9
992,15,7,2,6,4,3
993,54,30,10,14,15,15
994,45,28,5,12,8,20
995,28,19,2,7,5,14
996,43,33,6,4,12,21
997,20,8,3,9,4,4
998,10,5,1,4,4,1
999,36,22,6,8,11,11
1000,48,25,14,9,14,11
1001,46,14,17,15,7,7
1002,33,18,5,10,8,10
1003,2,0,1,1,0,0
1004,21,4,6,11,3,1
1005,24,8,8,8,5,3
1006,34,12,14,8,7,5
1007,18,4,6,8,2,2
1008,29,5,4,20,3,2
1009,10,1,5,4,1,0
1010,35,8,9,18,4,4
1011,40,15,7,18,7,8
1012,22,11,6,5,8,3
1013,36,9,10,17,4,5
1014,28,7,12,8,2,5
1015,22,10,6,6,3,7
1016,31,13,10,8,8,5
1017,42,20,16,6,10,10
1018,37,15,13,9,7,8
1019,29,13,6,10,5,8
1020,28,10,9,9,2,8
1021,32,9,11,12,6,3
1022,28,7,7,14,3,4
1023,30,3,6,21,1,2
1024,12,4,2,6,3,1
1025,31,12,7,12,6,6
1026,19,5,5,8,4,1
1027,29,16,7,6,10,6
1028,37,11,11,15,6,5
1029,31,6,8,17,3,3
1030,6,4,0,2,2,2
1031,10,5,2,3,1,4
1032,16,7,3,6,5,2
1033,15,4,3,8,1,3
1034,11,7,3,1,1,6
1035,45,36,6,3,19,17
1036,18,13,3,2,9,4
1037,10,0,3,7,0,0
1038,19,8,2,9,2,6
1039,31,11,9,11,6,5
1040,41,17,14,10,11,6
1041,41,24,6,11,16,8
1042,23,11,6,6,6,5
1043,8,3,1,4,3,0
1044,39,15,13,11,6,9
1045,40,17,10,13,10,7
1046,36,8,9,19,2,6
1047,35,7,4,24,3,4
1048,28,4,8,16,1,3
1049,53,29,11,13,14,15
1050,43,25,6,12,11,14
1051,48,26,13,9,14,12
1052,19,9,3,7,2,7
1053,19,5,9,5,3,2
1054,30,11,7,12,3,8
1055,28,10,5,13,5,5
1056,35,9,9,17,4,5
1057,11,2,1,8,0,2
1058,30,11,10,9,7,4
1059,38,17,13,8,9,8
1060,32,11,10,11,5,6
1061,39,8,11,20,4,4
1062,31,10,12,9,5,5
1063,22,6,7,9,5,1
1064,45,29,5,11,15,14
1065,51,23,9,19,11,12
1066,47,24,11,12,10,14
1067,47,26,6,15,8,18
1068,34,21,4,9,9,12
1069,28,8,10,10,5,3
1070,28,10,9,9,5,5
1071,34,18,8,8,8,10
1072,10,1,3,6,0,1
1073,3,1,0,2,0,1
1074,1,0,0,1,0,0
1075,31,16,6,9,11,5
1076,40,12,12,16,9,3
1077,14,1,7,6,1,0
1078,26,4,6,16,4,0
1079,14,3,1,10,3,0
1080,40,10,14,16,5,5
1081,18,5,7,6,2,3
1082,18,9,2,7,5,4
1083,35,9,12,14,6,3
1084,16,2,5,9,1,1
1085,21,10,7,4,6,4
1086,40,23,5,12,15,8
1087,36,20,8,8,12,8
1088,12,5,2,5,2,3
1089,35,9,12,14,5,4
1090,34,11,5,18,7,4
1091,23,6,4,13,4,2
1092,48,38,6,4,18,20
1093,43,27,8,8,19,8
1094,34,19,6,9,7,12
1095,49,32,8,9,13,19
1096,30,15,6,9,9,6
1097,6,2,0,4,1,1
1098,21,6,2,13,4,2
1099,20,6,7,7,3,3
1100,22,4,4,14,4,0
1101,22,5,6,11,2,3
1102,37,10,9,18,8,2
1103,26,8,3,15,2,6
1104,37,19,8,10,12,7
1105,36,12,9,15,9,3
1106,34,10,7,17,4,6
1107,43,23,8,12,7,16
1108,10,6,3,1,2,4
1109,39,27,10,2,8,19
1110,49,36,7,6,10,26
1111,33,24,4,5,6,18
1112,22,8,7,7,5,3
1113,34,9,8,16,3,6
1114,26,5,7,14,3,2
1115,18,3,7,8,3,0
1116,22,6,3,13,3,3
1117,29,9,6,14,4,5
1118,34,10,9,15,6,4
1119,0,0,0,0,0,0
1120,9,2,3,4,2,0
1121,1,0,1,0,0,0
1122,15,4,6,5,3,1
1123,34,10,9,15,6,4
1124,31,8,12,11,3,5
1125,36,11,9,16,8,3
1126,30,10,6,14,2,8
1127,35,10,11,14,7,3
1128,44,11,8,25,7,4
1129,36,8,11,17,7,1
1130,22,6,5,11,5,1
1131,41,20,7,14,9,11
1132,45,23,7,15,8,15
1133,32,18,3,11,12,6
1134,47,27,12,8,11,16
1135,34,16,10,8,5,11
1136,15,7,2,6,4,3
1137,35,13,7,15,8,5
1138,27,8,6,13,6,2
1139,38,14,8,16,7,7
1140,31,10,10,11,7,3
1141,13,5,4,4,2,3
1142,50,24,12,14,9,15
1143,41,26,10,5,9,17
1144,44,26,7,10,13,13
1145,42,25,8,9,8,17
1146,27,11,4,12,3,8
1147,38,17,11,10,5,12
1148,34,13,6,15,7,6
1149,28,14,6,8,3,11
1150,32,9,9,14,5,4
1151,38,18,8,12,13,5
1152,33,11,8,14,6,5
1153,19,7,5,7,2,5
1154,0,0,0,0,0,0
1155,44,26,8,10,14,12
1156,45,26,8,11,13,13
1157,42,23,8,11,7,16
1158,48,29,8,11,16,13
1159,43,28,9,6,12,16
1160,29,11,9,9,6,5
1161,15,5,7,3,2,3
1162,28,12,5,11,7,5
1163,31,9,9,13,6,3
1164,36,8,11,17,3,5
1165,35,5,16,14,4,1
1166,40,12,16,12,8,4
1167,40,15,9,14,7,8
1168,26,14,5,7,5,9
1169,42,20,9,13,7,13
1170,26,11,7,8,7,4
1171,31,10,8,13,6,4
1172,36,13,10,13,7,6
1173,22,8,5,9,5,3
1174,29,9,9,11,7,2
1175,31,9,8,14,6,3
1176,23,4,6,13,1,3
1177,18,8,6,4,4,4
1178,38,15,10,13,11,4
1179,20,4,8,8,1,3
1180,34,9,9,16,7,2
1181,17,6,2,9,3,3
1182,21,5,5,11,1,4
1183,41,18,10,13,9,9
1184,38,12,10,16,8,4
1185,30,19,8,3,10,9
1186,44,22,14,8,15,7
1187,32,12,7,13,6,6
1188,19,9,7,3,4,5
1189,7,3,3,1,1,2
1190,41,16,13,12,6,10
1191,35,17,10,8,10,7
1192,36,15,12,9,1,14
1193,39,11,7,21,7,4
1194,38,10,11,17,8,2
1195,20,4,4,12,3,1
1196,36,12,7,17,6,6
1197,30,13,9,8,6,7
1198,37,8,4,25,4,4
1199,21,6,7,8,4,2
1200,19,3,2,14,2,1
1201,35,10,9,16,8,2
1202,19,1,7,11,0,1
1203,11,3,1,7,3,0
1204,11,3,3,5,1,2
1205,27,7,7,13,3,4
1206,42,27,6,9,8,19
1207,36,19,10,7,6,13
1208,42,29,4,9,12,17
1209,48,33,10,5,14,19
1210,42,19,9,14,8,11
1211,0,0,0,0,0,0
1212,20,10,3,7,3,7
1213,40,12,11,17,8,4
1214,23,7,4,12,6,1
1215,20,6,5,9,6,0
1216,38,23,11,4,5,18
1217,46,32,10,4,9,23
1218,32,20,4,8,8,12
1219,23,11,5,7,6,5
1220,13,8,3,2,2,6
1221,28,19,3,6,11,8
1222,8,5,2,1,1,4
1223,27,13,8,6,7,6
1224,36,10,13,13,6,4
1225,21,7,6,8,4,3
1226,7,2,1,4,0,2
1227,0,0,0,0,0,0
1228,9,2,2,5,1,1
1229,32,11,7,14,7,4
1230,37,10,13,14,4,6
1231,16,4,8,4,2,2
1232,16,3,6,7,2,1
1233,24,10,6,8,5,5
1234,21,7,8,6,4,3
1235,32,7,6,19,5,2
1236,27,15,3,9,7,8
1237,37,16,11,10,5,11
1238,32,11,6,15,6,5
1239,29,13,8,8,3,10
1240,6,2,1,3,0,2
1241,24,10,7,7,6,4
1242,39,14,15,10,1,13
1243,35,18,8,9,6,12
1244,45,26,5,14,7,19
1245,45,24,5,16,8,16
1246,55,24,12,19,13,11
1247,22,9,5,8,6,3
1248,19,7,5,7,2,5
1249,16,7,4,5,5,2
1250,22,6,7,9,4,2
1251,46,25,10,11,11,14
1252,30,18,3,9,7,11
1253,43,23,9,11,7,16
1254,59,37,13,9,16,21
1255,47,33,8,6,14,19
1256,38,23,5,10,8,15
1257,8,6,2,0,3,3
1258,0,0,0,0,0,0
1259,0,0,0,0,0,0
1260,0,0,0,0,0,0
1261,0,0,0,0,0,0
1262,0,0,0,0,0,0
1263,43,22,10,11,8,14
1264,43,32,6,5,11,21
1265,48,25,9,14,7,18
1266,23,8,5,10,4,4
1267,14,4,2,8,1,3
1268,44,28,8,8,14,14
1269,41,19,10,12,6,13
1270,44,25,7,11,13,12
1271,52,30,8,14,11,19
1272,40,29,6,5,11,18
1273,20,14,2,4,2,12
1274,35,25,6,4,10,15
1275,30,9,5,16,2,7
1276,44,26,5,13,18,8
1277,31,7,12,12,4,3
1278,44,24,8,12,7,17
1279,38,19,7,12,5,14
1280,24,3,6,15,2,1
1281,1,0,0,1,0,0
1282,15,6,1,8,2,4
1283,22,9,9,4,6,3
1284,9,5,2,2,3,2
1285,11,4,0,7,0,4
1286,9,5,0,4,1,4
1287,19,9,2,8,5,4
1288,31,21,2,8,3,18
1289,47,37,4,6,10,27
1290,40,26,7,7,8,18
1291,46,35,2,9,10,25
1292,54,35,11,6,9,26
1293,32,25,4,2,7,18
1294,12,10,2,0,3,7
1295,16,6,5,5,4,2
1296,40,16,10,14,5,11
1297,30,14,5,11,6,8
1298,41,22,6,13,7,15
1299,23,14,5,4,6,8
1300,38,17,7,14,5,12
1301,32,13,4,15,2,11
1302,17,5,4,8,3,2
1303,29,6,12,11,4,2
1304,35,10,12,13,6,4
1305,18,6,5,7,3,3
1306,39,14,9,16,8,6
1307,28,8,7,13,3,5
1308,22,6,4,12,4,2
1309,32,12,7,13,7,5
1310,34,10,9,15,4,6
1311,33,12,5,16,7,5
1312,44,11,11,22,7,4
1313,36,15,7,14,7,8
1314,35,13,10,12,9,4
1315,39,8,12,19,3,5
1316,18,4,5,9,2,2
1317,21,12,4,5,10,2
1318,0,0,0,0,0,0
1319,31,25,2,4,9,16
1320,29,17,7,5,13,4
1321,46,27,9,10,7,20
1322,47,32,7,8,14,18
1323,44,22,11,11,9,13
1324,0,0,0,0,0,0
1325,10,5,3,2,3,2
1326,25,8,6,11,5,3
1327,32,15,5,12,7,8
1328,29,7,6,16,4,3
1329,39,11,12,16,4,7
1330,36,13,10,12,8,5
1331,18,10,5,3,6,4
1332,28,13,7,8,9,4
1333,48,27,9,12,17,10
1334,44,28,8,8,14,14
1335,44,20,13,11,4,16
1336,35,20,5,9,8,12
1337,39,26,6,7,9,17
1338,33,17,7,8,8,9
1339,31,10,9,12,5,5
1340,12,4,5,3,2,2
1341,11,3,3,5,3,0
1342,38,17,8,13,8,9
1343,35,19,9,7,8,11
1344,22,9,4,9,4,5
1345,12,4,2,6,4,0
1346,17,5,7,5,2,3
1347,26,10,5,11,6,4
1348,6,1,2,3,1,0
1349,21,7,5,9,4,3
1350,37,16,11,10,6,10
1351,43,19,7,17,9,10
1352,33,8,10,15,5,3
1353,36,10,11,15,5,5
1354,34,10,11,13,6,4
1355,32,11,9,12,6,5
1356,40,18,9,13,9,9
1357,44,25,10,9,12,13
1358,23,10,4,9,5,5
1359,11,3,3,5,3,0
1360,39,22,8,9,7,15
1361,47,20,11,16,7,13
1362,47,27,7,13,14,13
1363,46,26,10,10,6,20
1364,34,17,4,13,11,6
1365,19,10,4,5,5,5
1366,6,5,0,1,5,0
1367,33,12,16,5,6,6
1368,37,12,13,12,6,6
1369,20,9,4,7,6,3
1370,15,3,4,8,1,2
1371,35,17,9,9,4,13
1372,10,4,2,4,3,1
1373,13,6,3,4,1,5
1374,18,6,5,7,3,3
1375,29,4,10,15,1,3
1376,0,0,0,0,0,0
1377,21,5,3,13,2,3
1378,30,7,9,14,2,5
1379,32,9,7,16,5,4
1380,13,6,2,5,5,1
1381,15,3,2,10,0,3
1382,7,3,1,3,2,1
1383,43,14,5,24,10,4
1384,24,9,8,7,1,8
1385,43,22,11,10,12,10
1386,36,19,5,12,10,9
1387,37,19,12,6,11,8
1388,35,16,8,11,9,7
1389,31,10,7,14,6,4
1390,1,0,0,1,0,0
1391,44,24,8,12,7,17
1392,0,0,0,0,0,0
1393,34,18,5,11,8,10
1394,32,16,9,7,10,6
1395,33,15,7,11,7,8
1396,13,9,2,2,4,5
1397,3,1,0,2,1,0
1398,36,14,13,9,9,5
1399,34,14,9,11,6,8
1400,14,5,3,6,2,3
1401,49,34,5,10,7,27
1402,54,43,4,7,13,30
1403,40,26,7,7,9,17
1404,53,42,2,9,14,28
1405,29,18,7,3,4,14
1406,36,27,5,3,8,19
1407,13,11,2,0,3,8
1408,44,27,8,9,10,17
1409,38,23,11,4,10,13
1410,29,15,8,3,6,9
1411,23,10,7,5,4,6
1412,13,5,3,5,2,3
1413,45,26,9,10,16,10
1414,48,12,11,25,6,6
1415,43,24,7,12,12,12
1416,45,28,7,10,14,14
1417,47,27,13,7,10,17
1418,45,31,9,5,13,18
1419,32,21,4,7,10,11
1420,34,20,6,8,10,10
1421,12,9,2,1,4,5
1422,33,6,11,16,2,4
1423,27,9,6,12,5,4
1424,36,15,8,13,7,8
1425,28,8,5,15,5,3
1426,13,3,1,9,2,1
1427,45,21,12,12,13,8
1428,36,14,9,13,8,6
1429,25,6,8,11,1,5
1430,36,10,12,14,7,3
1431,22,9,5,8,5,4
1432,18,6,6,6,4,2
1433,37,6,12,19,3,3
1434,37,15,10,12,10,5
1435,32,9,10,13,4,5
1436,35,9,12,14,4,5
1437,31,12,10,9,9,3
1438,38,19,13,6,11,8
1439,30,8,8,14,4,4
1440,28,11,9,8,5,6
1441,30,17,6,7,9,8
1442,36,15,9,12,9,6
1443,19,5,6,8,2,3
1444,27,8,9,10,6,2
1445,18,4,3,11,2,2
1446,29,12,5,12,8,4
1447,39,10,8,21,6,4
1448,29,10,7,12,4,6
1449,31,12,7,12,7,5
1450,18,7,3,8,4,3
1451,33,7,9,17,3,4
1452,30,9,7,14,4,5
1453,31,15,5,11,4,11
1454,35,19,5,11,8,11
1455,27,20,4,3,10,10
1456,29,20,3,6,3,17
1457,46,31,7,8,14,17
1458,19,10,6,3,3,7
1459,17,8,3,6,4,4
1460,6,3,2,1,1,2
1461,28,9,8,11,4,5
1462,39,14,6,19,6,8
1463,48,21,12,14,11,10
1464,53,23,15,15,12,11
1465,40,17,12,11,10,7
1466,23,6,6,11,5,1
1467,15,5,4,6,3,2
1468,36,9,11,16,7,2
1469,35,19,8,8,10,9
1470,24,7,4,13,4,3
1471,26,8,4,14,2,6
1472,43,22,11,10,12,10
1473,47,25,12,10,12,13
1474,24,10,4,10,7,3
1475,6,2,1,3,0,2
1476,39,27,7,5,7,20
1477,32,25,1,6,7,18
1478,24,16,1,7,2,14
1479,46,29,4,13,10,19
1480,9,7,1,1,4,3
1481,9,6,1,2,1,5
1482,28,13,6,9,4,9
1483,36,11,8,17,4,7
1484,26,12,8,6,5,7
1485,38,10,12,16,9,1
1486,37,15,8,14,9,6
1487,26,9,9,8,6,3
1488,21,8,5,8,6,2
1489,35,8,13,14,5,3
1490,0,0,0,0,0,0
1491,9,1,4,4,0,1
1492,30,11,6,13,3,8
1493,40,12,14,14,5,7
1494,31,10,9,12,8,2
1495,25,11,3,11,7,4
1496,16,2,6,8,0,2
1497,37,8,11,18,4,4
1498,44,26,7,11,14,12
1499,34,15,8,11,6,9
1500,31,16,4,11,6,10
1501,26,15,2,9,8,7
1502,40,18,11,11,11,7
1503,30,15,6,9,7,8
1504,30,12,10,8,4,8
1505,32,13,9,10,10,3
1506,13,2,4,7,2,0
1507,33,9,9,15,6,3
1508,24,7,7,10,5,2
1509,16,8,2,6,4,4
1510,6,1,2,3,1,0
1511,11,1,3,7,1,0
1512,32,15,8,9,6,9
1513,15,5,2,8,3,2
1514,16,5,4,7,1,4
1515,25,10,7,8,6,4
1516,34,12,7,15,5,7
1517,18,6,7,5,1,5
1518,28,7,9,12,5,2
1519,30,8,8,14,3,5
1520,33,10,5,18,6,4
1521,33,11,5,17,7,4
1522,18,5,3,10,5,0
1523,19,7,3,9,3,4
1524,15,7,2,6,4,3
1525,29,4,12,13,1,3
1526,37,16,8,13,11,5
1527,34,11,5,18,7,4
1528,19,6,4,9,2,4
1529,8,1,2,5,1,0
1530,40,11,11,18,6,5
1531,41,18,9,14,9,9
1532,33,8,7,18,4,4
1533,42,12,12,18,5,7
1534,39,14,10,13,8,6
1535,23,5,8,10,2,3
1536,18,6,2,10,3,3
1537,21,7,4,10,2,5
1538,33,13,9,11,7,6
1539,32,13,6,13,6,7
1540,32,10,8,14,3,7
1541,23,9,3,11,6,3
1542,33,11,6,16,6,5
1543,35,11,8,16,7,4
1544,38,15,7,16,7,8
1545,31,10,10,11,7,3
1546,36,8,10,18,4,4
1547,40,20,9,8,11,9
1548,11,2,4,4,2,0
1549,5,0,2,3,0,0
1550,20,1,7,12,0,1
1551,14,1,4,9,0,1
1552,36,10,10,16,4,6
1553,36,11,11,14,6,5
1554,32,11,9,12,6,5
1555,23,12,2,9,9,3
1556,13,4,4,5,0,4
1557,40,12,13,15,5,7
1558,39,11,15,13,4,7
1559,22,8,7,7,2,6
1560,16,8,1,7,3,5
1561,32,11,8,13,6,5
1562,31,8,9,14,5,3
1563,13,3,2,8,2,1
1564,19,9,2,8,5,4
1565,36,18,6,12,4,14
1566,28,15,5,8,7,8
1567,33,11,7,12,3,8
1568,24,6,5,12,4,2
1569,6,1,0,5,1,0
1570,27,12,7,8,7,5
1571,22,10,3,9,7,3
1572,38,15,13,10,7,8
1573,28,11,9,8,6,5
1574,43,27,11,5,9,18
1575,40,22,11,7,9,13
1576,46,19,9,18,8,11
1577,47,28,9,10,7,21
1578,24,15,3,6,6,9
1579,20,5,7,8,3,2
1580,35,9,15,11,7,2
1581,39,14,9,14,7,7
1582,23,13,5,5,5,8
1583,51,27,11,13,12,15
1584,41,23,10,8,12,11
1585,48,26,14,8,7,19
1586,48,32,10,6,11,21
1587,46,30,5,11,13,17
1588,36,22,6,8,12,10
1589,13,11,1,1,6,5
1590,20,8,2,10,5,3
1591,35,13,4,18,9,4
1592,17,6,3,8,2,4
1593,41,22,9,10,8,14
1594,23,6,6,11,1,5
1595,32,10,4,18,5,5
1596,35,12,8,15,8,4
1597,14,5,4,5,4,1
1598,45,25,6,14,7,18
1599,38,18,9,11,6,12
1600,44,27,6,11,15,12
1601,37,19,7,11,2,17
1602,40,29,1,9,15,14
1603,25,13,5,7,3,10
1604,12,10,2,0,6,4
1605,28,9,7,12,6,3
1606,43,19,10,14,11,8
1607,36,11,10,15,5,6
1608,0,0,0,0,0,0
1609,22,6,6,10,4,2
1610,5,1,4,0,1,0
1611,16,6,2,8,3,3
1612,46,22,14,10,14,8
1613,37,17,8,12,12,5
1614,43,24,14,5,12,12
1615,45,26,10,9,15,11
1616,20,4,7,9,2,2
1617,32,17,4,11,8,9
1618,9,2,3,4,2,0
1619,42,18,11,13,10,8
1620,23,17,1,5,7,10
1621,45,23,9,13,6,17
1622,35,14,10,11,6,8
1623,33,7,12,14,4,3
1624,33,13,11,9,6,7
1625,44,18,9,17,8,10
1626,26,9,5,12,7,2
1627,32,16,9,7,8,8
1628,16,7,4,5,3,4
1629,22,10,8,4,4,6
1630,5,2,2,1,0,2
1631,0,0,0,0,0,0
1632,30,10,11,9,6,4
1633,31,11,5,15,7,4
1634,16,4,3,9,2,2
1635,30,10,8,12,4,6
1636,11,3,2,6,2,1
1637,19,9,7,3,6,3
1638,39,23,5,11,15,8
1639,23,12,6,5,6,6
1640,9,1,3,5,1,0
1641,23,12,3,8,5,7
1642,28,17,4,7,8,9
1643,19,7,3,9,3,4
1644,15,5,3,7,3,2
1645,18,6,7,5,5,1
1646,35,14,13,8,7,7
1647,19,5,5,9,3,2
1648,34,8,12,14,3,5
1649,26,11,5,10,5,6
1650,26,12,4,10,8,4
1651,34,14,12,8,6,8
1652,31,7,4,20,3,4
1653,20,9,2,9,4,5
1654,8,2,2,4,1,1
1655,41,19,8,14,10,9
1656,11,6,4,1,4,2
1657,33,4,10,19,1,3
1658,36,7,9,20,3,4
1659,44,24,11,9,11,13
1660,42,22,7,13,9,13
1661,23,11,5,7,8,3
1662,29,14,6,9,7,7
1663,17,5,7,5,4,1
1664,42,21,6,15,9,12
1665,45,24,5,16,11,13
1666,32,17,8,7,13,4
1667,28,12,7,9,5,7
1668,18,7,6,5,2,5
1669,8,2,2,4,1,1
1670,17,6,1,10,4,2
1671,18,6,4,8,2,4
1672,19,7,1,11,5,2
1673,20,6,4,10,2,4
1674,8,2,1,5,2,0
1675,16,5,4,7,1,4
1676,23,8,7,8,4,4
1677,38,13,10,15,6,7
1678,20,6,6,8,4,2
1679,13,2,3,8,1,1
1680,55,30,12,13,16,14
1681,44,13,15,16,4,9
1682,42,24,10,8,10,14
1683,52,30,12,10,12,18
1684,33,15,9,9,8,7
1685,23,10,4,9,3,7
1686,29,9,8,12,5,4
1687,31,10,1,20,3,7
1688,30,6,7,17,0,6
1689,35,15,8,12,10,5
1690,34,13,7,14,6,7
1691,17,4,6,7,1,3
1692,35,13,9,13,7,6
1693,46,18,12,16,9,9
1694,34,19,7,8,8,11
1695,55,26,13,16,13,13
1696,35,11,10,14,8,3
1697,40,9,11,20,5,4
1698,31,12,14,5,7,5
1699,26,12,6,8,6,6
1700,39,15,11,13,6,9
1701,36,17,10,9,7,10
1702,45,19,8,18,9,10
1703,28,13,7,8,6,7
1704,20,7,5,8,2,5
1705,7,0,4,3,0,0
1706,31,22,4,5,10,12
1707,40,26,6,8,16,10
1708,36,24,1,11,10,14
1709,41,25,5,11,7,18
1710,38,22,7,9,9,13
1711,21,14,4,3,6,8
1712,1,0,0,1,0,0
1713,33,14,5,14,10,4
1714,38,14,9,15,6,8
1715,31,8,9,14,4,4
1716,12,1,5,6,0,1
1717,4,0,2,2,0,0
1718,0,0,0,0,0,0
1719,33,21,9,3,8,13
1720,45,24,12,9,11,13
1721,17,6,5,6,3,3
1722,14,2,2,10,0,2
1723,31,8,10,13,6,2
1724,34,13,9,12,8,5
1725,22,7,6,9,4,3
1726,2,1,0,1,0,1
1727,14,2,6,6,2,0
1728,20,7,7,6,4,3
1729,10,2,1,7,1,1
1730,17,2,4,11,1,1
1731,5,0,1,4,0,0
1732,18,3,6,9,0,3
1733,48,28,8,12,14,14
1734,36,13,5,17,6,7
1735,20,8,4,8,5,3
1736,9,5,1,3,3,2
1737,15,8,1,6,5,3
1738,34,13,5,16,9,4
1739,7,2,3,2,1,1
1740,8,1,2,5,1,0
1741,49,24,11,14,7,17
1742,41,20,8,13,9,11
1743,27,16,5,6,4,12
1744,39,19,12,8,6,13
1745,33,17,10,6,7,10
1746,37,18,8,11,9,9
1747,43,21,11,11,10,11
1748,32,10,8,14,4,6
1749,24,8,8,8,4,4
1750,33,9,6,18,5,4
1751,47,27,8,12,14,13
1752,31,13,7,11,6,7
1753,32,18,6,8,7,11
1754,37,19,8,10,10,9
1755,14,4,5,5,2,2
1756,29,10,4,15,4,6
1757,36,18,8,10,9,9
1758,44,19,10,14,11,8
1759,47,22,8,17,11,11
1760,44,21,12,11,10,11
1761,28,11,5,12,8,3
1762,30,10,10,10,5,5
1763,37,14,13,10,7,7
1764,23,12,4,7,8,4
1765,32,13,9,10,8,5
1766,33,14,7,12,11,3
1767,0,0,0,0,0,0
1768,8,1,2,5,1,0
1769,15,3,3,9,2,1
1770,16,2,5,9,1,1
1771,20,8,4,7,6,2
1772,20,8,3,9,4,4
1773,10,4,3,3,1,3
1774,1,0,0,1,0,0
1775,40,16,8,16,8,8
1776,32,8,5,19,5,3
1777,34,12,5,17,5,7
1778,10,2,5,3,1,1
1779,14,8,1,5,3,5
1780,12,4,6,2,2,2
1781,35,8,11,16,5,3
1782,11,1,3,7,0,1
1783,37,14,11,12,7,7
1784,44,17,13,14,7,10
1785,47,23,13,11,9,14
1786,44,18,8,18,10,8
1787,40,17,8,15,11,6
1788,28,13,8,7,7,6
1789,39,24,6,9,13,11
1790,38,16,12,10,3,13
1791,42,25,7,9,13,12
1792,22,11,3,8,5,6
1793,32,12,8,12,5,7
1794,36,17,10,9,8,9
1795,45,18,7,20,9,9
1796,18,5,2,11,1,4
1797,14,1,3,10,0,1
1798,41,17,10,14,6,11
1799,45,26,10,9,9,17
1800,41,24,10,7,10,14
1801,54,31,12,11,13,18
1802,25,8,6,11,3,5
1803,5,1,2,2,0,1
1804,45,28,10,7,16,12
1805,24,7,11,6,5,2
1806,18,5,5,8,3,2
1807,30,11,5,13,3,8
1808,13,4,4,5,3,1
1809,15,9,2,4,5,4
1810,13,7,1,5,3,4
1811,35,14,10,11,5,9
1812,31,14,5,12,2,12
1813,13,4,5,4,1,3
1814,4,1,2,1,1,0
1815,51,32,11,8,11,21
1816,46,29,8,9,11,18
1817,46,27,9,10,12,15
1818,41,22,9,10,11,11
1819,26,17,5,4,8,9
1820,11,6,1,4,3,3
1821,28,8,7,13,4,4
1822,32,11,1,20,5,6
1823,24,5,4,15,0,5
1824,38,18,9,11,13,5
1825,47,24,15,8,15,9
1826,40,19,7,14,12,7
1827,43,27,13,3,9,18
1828,47,28,9,10,7,21
1829,45,28,7,10,11,17
1830,31,20,4,7,11,9
1831,10,8,1,1,4,4
1832,41,14,9,18,7,7
1833,28,10,6,12,5,5
1834,15,1,5,9,0,1
1835,25,14,6,5,9,5
1836,28,17,7,4,10,7
1837,22,14,5,3,6,8
1838,8,3,2,3,1,2
1839,21,3,4,14,1,2
1840,20,3,4,13,2,1
1841,42,21,12,9,6,15
1842,38,15,7,16,7,8
1843,38,14,9,15,9,5
1844,30,9,5,14,4,5
1845,22,12,4,6,6,6
1846,6,3,1,2,2,1
1847,40,14,9,17,7,7
1848,29,9,9,11,6,3
1849,6,3,2,1,2,1
1850,26,11,11,4,5,6
1851,12,4,3,5,2,2
1852,30,7,11,12,3,4
1853,15,8,3,4,5,3
1854,20,4,5,11,3,1
1855,41,30,7,4,13,17
1856,36,20,9,7,7,13
1857,29,16,6,7,6,10
1858,53,24,13,16,10,14
1859,37,28,5,4,6,22
1860,41,30,3,8,10,20
1861,8,6,2,0,3,3
1862,36,26,8,2,10,16
1863,0,0,0,0,0,0
1864,40,20,10,10,6,14
1865,50,24,9,17,11,13
1866,39,19,11,9,6,13
1867,32,10,5,17,4,6
1868,26,9,9,8,6,3
1869,17,6,1,10,2,4
1870,52,29,13,10,14,15
1871,34,19,8,7,9,10
1872,24,11,4,9,8,3
1873,7,1,3,3,0,1
1874,18,5,7,6,4,1
1875,23,11,3,9,8,3
1876,19,9,4,6,5,4
1877,35,23,6,6,10,13
1878,31,15,7,9,7,8
1879,43,19,12,12,7,12
1880,23,9,4,10,2,7
1881,29,12,8,8,5,7
1882,17,6,6,4,4,2
1883,0,0,0,0,0,0
1884,24,10,9,5,5,5
1885,38,15,10,13,6,9
1886,33,14,9,10,7,7
1887,35,14,6,15,7,7
1888,21,11,5,5,6,5
1889,13,6,2,5,4,2
1890,19,6,3,10,3,3
1891,26,9,10,7,6,3
1892,37,8,8,21,5,3
1893,34,11,9,14,8,3
1894,22,5,5,12,4,1
1895,10,1,3,6,0,1
1896,36,8,13,15,3,5
1897,25,9,6,10,2,7
1898,20,9,7,4,4,5
1899,8,3,4,1,2,1
1900,13,6,1,6,3,3
1901,29,12,6,11,3,9
1902,22,11,3,8,7,4
1903,30,12,11,7,4,8
1904,26,5,4,17,3,2
1905,17,9,1,7,4,5
1906,8,2,2,4,1,1
1907,33,11,8,14,6,5
1908,36,8,12,16,7,1
1909,21,2,8,11,0,2
1910,35,11,10,14,9,2
1911,39,13,8,18,6,7
1912,38,12,8,18,7,5
1913,33,14,5,14,9,5
1914,31,15,5,11,9,6
1915,34,10,4,19,8,2
1916,18,5,5,8,4,1
1917,4,0,2,2,0,0
1918,34,16,9,9,9,7
1919,29,11,14,4,5,6
1920,38,18,4,16,9,9
1921,45,22,10,13,14,8
1922,23,17,3,3,8,9
1923,26,8,8,10,7,1
1924,35,5,11,19,5,0
1925,21,6,3,12,0,6
1926,22,14,6,2,7,7
1927,8,2,2,4,1,1
1928,36,17,4,15,11,6
1929,33,16,9,8,8,8
1930,46,23,10,13,9,14
1931,40,23,6,11,11,12
1932,37,20,8,9,9,11
1933,48,25,9,14,11,14
1934,42,21,10,11,8,13
1935,24,14,5,5,7,7
1936,21,7,4,10,7,0
1937,13,2,3,8,2,0
1938,40,16,9,15,9,7
1939,43,15,10,18,14,1
1940,38,12,8,18,7,5
1941,19,3,4,12,2,1
1942,6,4,1,1,2,2
1943,38,9,11,18,6,3
1944,38,11,10,17,6,5
1945,26,14,6,6,5,9
1946,40,9,11,20,4,5
1947,21,8,4,9,3,5
1948,43,14,11,18,7,7
1949,19,7,5,7,3,4
1950,25,9,8,8,3,6
1951,35,12,12,11,6,6
1952,29,5,8,16,3,2
1953,32,18,5,9,7,11
1954,26,13,4,9,6,7
1955,42,15,12,15,10,5
1956,18,5,4,9,5,0
1957,27,12,7,8,9,3
1958,29,13,3,13,6,7
1959,38,16,7,15,7,9
1960,31,6,8,17,2,4
1961,28,7,7,14,6,1
1962,50,25,11,14,8,17
1963,38,21,11,6,10,11
1964,41,18,6,17,5,13
1965,36,20,5,11,6,14
1966,22,14,7,1,5,9
1967,14,5,6,3,2,3
1968,31,9,5,17,7,2
1969,27,3,11,13,1,2
1970,29,10,4,15,6,4
1971,0,0,0,0,0,0
1972,18,4,2,12,3,1
1973,23,6,7,10,3,3
1974,34,10,10,14,5,5
1975,33,17,8,8,6,11
1976,33,13,3,17,7,6
1977,43,11,7,22,7,4
1978,44,17,12,15,11,6
1979,48,26,7,15,13,13
1980,48,25,8,15,12,13
1981,31,16,6,9,8,8
1982,36,22,6,8,12,10
1983,9,7,1,1,5,2
1984,36,11,15,10,5,6
1985,36,13,10,13,6,7
1986,19,9,4,6,5,4
1987,35,9,9,17,5,4
1988,34,20,6,8,10,10
1989,19,9,5,5,3,6
1990,6,5,0,1,4,1
1991,28,8,9,11,4,4
1992,19,8,3,8,4,4
1993,27,11,6,10,7,4
1994,36,25,6,5,13,12
1995,45,25,8,12,11,14
1996,43,20,11,12,10,10
1997,29,16,7,6,11,5
1998,21,9,7,5,5,4
1999,11,2,3,6,1,1
2000,52,32,9,11,14,18
2001,36,16,7,13,7,9
2002,33,19,8,6,6,13
2003,42,22,6,14,6,16
2004,47,27,7,12,11,16
2005,27,11,4,12,5,6
2006,12,7,1,4,3,4
2007,0,0,0,0,0,0
2008,9,1,5,3,1,0
2009,45,28,9,8,14,14
2010,41,17,12,12,5,12
2011,44,26,7,10,14,12
2012,51,31,9,11,11,20
2013,30,5,14,11,4,1
2014,41,22,11,6,12,10
2015,23,10,7,5,4,6
2016,10,5,2,3,2,3
2017,37,16,10,11,6,10
2018,31,9,10,12,5,4
2019,33,16,7,10,6,10
2020,34,13,2,19,5,8
2021,38,11,8,17,4,7
2022,23,9,5,9,4,5
2023,11,3,4,4,0,3
2024,15,4,6,5,2,2
2025,45,32,5,8,6,26
2026,55,44,4,7,13,31
2027,44,29,7,8,10,19
2028,58,47,2,9,16,31
2029,49,30,10,8,12,18
2030,18,3,5,10,1,2
2031,38,16,13,9,7,9
2032,39,17,10,12,11,6
2033,3,0,0,3,0,0
2034,5,0,3,2,0,0
2035,15,4,4,7,2,2
2036,19,4,6,9,2,2
2037,33,6,11,16,6,0
2038,36,14,6,16,7,7
2039,28,9,8,11,5,4
2040,28,4,8,16,2,2
2041,39,21,9,7,11,10
2042,21,10,7,3,4,6
2043,10,5,2,3,2,3
2044,33,16,8,9,5,11
2045,22,5,6,11,3,2
2046,25,7,9,9,3,4
2047,17,7,1,9,4,3
2048,41,21,12,8,10,11
2049,35,15,7,13,10,5
2050,39,20,10,9,8,12
2051,22,12,6,4,6,6
2052,43,22,12,9,11,11
2053,35,16,7,12,9,7
2054,18,2,1,15,2,0
2055,15,5,1,9,4,1
2056,30,8,9,13,5,3
2057,38,8,9,21,7,1
2058,17,5,6,6,2,3
2059,37,10,10,17,6,4
2060,31,9,5,17,5,4
2061,18,1,6,11,0,1
2062,31,11,11,9,8,3
2063,43,21,12,10,11,10
2064,17,5,2,10,3,2
2065,36,11,10,15,5,6
2066,50,33,8,9,10,23
2067,52,42,6,4,18,24
2068,22,16,4,2,4,12
2069,53,38,8,7,14,24
2070,19,11,3,5,5,6
2071,15,11,2,2,2,9
2072,28,8,9,11,4,4
2073,35,16,4,15,14,2
2074,19,4,6,9,1,3
2075,36,13,10,13,5,8
2076,36,10,12,14,4,6
2077,16,3,5,8,3,0
2078,8,2,1,5,2,0
2079,11,2,3,6,0,2
2080,23,7,8,8,3,4
2081,17,1,7,9,0,1
2082,36,12,6,18,7,5
2083,0,0,0,0,0,0
2084,42,11,12,19,5,6
2085,0,0,0,0,0,0
2086,34,20,10,4,10,10
2087,44,23,12,9,15,8
2088,43,22,9,12,10,12
2089,23,16,3,4,8,8
2090,34,21,3,10,4,17
2091,51,34,8,9,14,20
2092,39,28,7,4,10,18
2093,24,13,2,9,5,8
2094,44,27,6,11,13,14
2095,40,18,9,13,9,9
2096,23,10,6,7,5,5
2097,39,21,8,10,12,9
2098,38,10,10,16,7,3
2099,38,21,9,8,13,8
2100,31,9,5,17,6,3
2101,39,12,7,20,4,8
2102,45,26,9,10,14,12
2103,35,11,10,14,6,5
2104,47,17,14,16,7,10
2105,21,9,4,8,7,2
2106,36,8,13,15,5,3
2107,25,7,6,12,6,1
2108,12,5,3,4,5,0
2109,4,1,1,2,1,0
2110,19,3,7,9,0,3
2111,37,9,13,15,6,3
2112,35,14,11,10,8,6
2113,20,3,7,10,1,2
2114,34,6,8,20,4,2
2115,34,10,6,18,5,5
2116,11,5,3,3,5,0
2117,36,11,9,16,6,5
2118,36,15,3,18,4,11
2119,20,8,5,7,5,3
2120,37,19,9,9,11,8
2121,34,15,7,12,8,7
2122,24,10,2,12,9,1
2123,29,5,6,16,4,1
2124,10,4,4,1,4,0
2125,27,9,7,11,5,4
2126,32,4,15,13,3,1
2127,41,14,15,12,10,4
2128,36,14,9,12,7,7
2129,23,12,4,7,3,9
2130,10,9,0,1,2,7
2131,34,14,8,12,8,6
2132,31,10,6,15,5,5
2133,30,12,4,14,5,7
2134,27,18,5,4,5,13
2135,39,11,15,13,6,5
2136,19,8,4,7,6,2
2137,20,8,3,9,4,4
2138,32,18,6,8,11,7
2139,35,12,5,18,7,5
2140,33,12,11,10,6,6
2141,17,7,2,8,4,3
2142,16,6,6,4,3,3
2143,39,12,8,19,5,7
2144,32,8,11,13,6,2
2145,22,6,7,9,4,2
2146,11,3,3,5,3,0
2147,20,7,8,5,4,3
2148,36,8,6,22,6,2
2149,37,16,7,14,8,8
2150,28,7,6,15,4,3
2151,33,10,7,16,6,4
2152,38,9,14,15,7,2
2153,34,14,6,14,7,7
2154,0,0,0,0,0,0
2155,38,14,8,16,8,6
2156,38,10,8,20,4,6
2157,19,6,3,10,2,4
2158,29,2,11,16,1,1
2159,28,16,7,5,7,9
2160,1,0,1,0,0,0
2161,55,31,10,14,15,16
2162,41,18,7,16,7,11
2163,26,10,6,10,8,2
2164,50,29,12,9,12,17
2165,44,24,9,11,11,13
2166,22,10,4,8,5,5
2167,12,3,1,8,3,0
2168,17,5,2,10,2,3
2169,19,8,7,4,3,5
2170,19,8,2,9,2,6
2171,29,7,7,15,5,2
2172,25,10,8,7,5,5
2173,39,14,9,16,10,4
2174,40,10,11,19,5,5
2175,31,5,14,12,4,1
2176,37,12,13,12,9,3
2177,35,13,7,13,5,8
2178,26,14,5,7,6,8
2179,12,5,2,5,2,3
2180,44,11,11,22,7,4
2181,39,15,7,17,7,8
2182,25,10,7,8,4,6
2183,39,8,11,20,5,3
2184,17,5,5,7,3,2
2185,28,12,4,11,4,8
2186,15,5,6,4,1,4
2187,8,1,1,6,0,1
2188,28,11,6,11,3,8
2189,52,42,7,3,18,24
2190,42,25,9,8,10,15
2191,34,22,3,9,5,17
2192,32,23,5,4,11,12
2193,49,33,7,9,10,23
2194,53,42,6,5,19,23
2195,45,26,10,9,11,15
2196,53,32,9,12,8,24
2197,49,33,8,7,13,20
2198,27,12,7,8,6,6
2199,5,3,1,1,0,3
2200,51,32,11,8,12,20
2201,42,23,10,9,10,13
2202,41,23,12,6,12,11
2203,48,26,9,13,14,12
2204,26,17,5,4,8,9
2205,14,7,2,5,4,3
2206,14,3,6,5,2,1
2207,36,9,9,18,5,4
2208,26,8,4,14,4,4
2209,15,6,3,6,3,3
2210,15,3,4,8,2,1
2211,16,4,2,10,2,2
2212,16,3,4,9,3,0
2213,0,0,0,0,0,0
2214,13,5,4,4,2,3
2215,35,9,11,15,4,5
2216,29,6,8,15,2,4
2217,32,8,5,19,4,4
2218,33,11,5,17,7,4
2219,40,26,8,6,11,15
2220,36,26,4,6,9,17
2221,40,35,4,1,11,24
2222,35,27,1,7,9,18
2223,29,20,6,3,2,18
2224,23,13,4,6,4,9
2225,12,7,1,4,3,4
2226,0,0,0,0,0,0
2227,23,13,3,7,5,8
2228,2,2,0,0,2,0
2229,15,6,6,3,3,3
2230,16,3,2,11,1,2
2231,1,0,0,1,0,0
2232,26,6,10,10,2,4
2233,32,13,6,13,10,3
2234,28,8,8,12,5,3
2235,19,3,6,10,2,1
2236,11,3,5,3,3,0
2237,20,8,2,10,5,3
2238,18,3,7,8,3,0
2239,42,33,4,5,15,18
2240,38,17,12,9,5,12
2241,41,22,12,7,10,12
2242,46,22,11,13,13,9
2243,32,12,6,14,8,4
2244,32,7,7,18,4,3
2245,19,3,9,7,1,2
2246,23,8,3,12,4,4
2247,33,10,7,16,8,2
2248,33,8,9,16,5,3
2249,32,6,11,15,3,3
2250,15,12,3,0,2,10
2251,23,18,3,2,5,13
2252,31,21,5,5,7,14
2253,0,0,0,0,0,0
2254,35,9,11,15,4,5
2255,44,20,7,17,11,9
2256,42,23,7,12,8,15
2257,54,34,9,11,16,18
2258,37,13,4,19,6,7
2259,14,5,2,7,2,3
2260,52,25,13,14,9,16
2261,39,24,9,6,10,14
2262,36,21,9,6,8,13
2263,38,18,8,12,9,9
2264,38,26,6,6,7,19
2265,21,13,3,5,5,8
2266,11,5,2,4,0,5
2267,15,5,6,4,4,1
2268,46,24,8,14,12,12
2269,18,7,4,7,2,5
2270,22,4,5,13,2,2
2271,16,5,4,7,3,2
2272,17,7,2,8,4,3
2273,40,14,10,16,7,7
2274,27,11,3,13,8,3
2275,23,10,7,6,5,5
2276,21,13,4,4,7,6
2277,37,10,10,17,5,5
2278,30,4,11,15,1,3
2279,38,17,11,10,10,7
2280,39,16,8,15,8,8
2281,36,10,17,9,7,3
2282,9,4,3,2,2,2
2283,47,21,10,16,5,16
2284,35,11,7,17,4,7
2285,40,19,11,10,5,14
2286,44,21,12,11,8,13
2287,25,14,5,6,7,7
2288,34,20,9,5,4,16
2289,47,34,7,6,10,24
2290,43,37,5,1,15,22
2291,43,36,2,5,11,25
2292,44,29,10,5,4,25
2293,25,14,5,6,5,9
2294,3,3,0,0,0,3
2295,18,8,2,8,2,6
2296,26,9,7,10,4,5
2297,31,15,7,9,9,6
2298,8,2,1,5,1,1
2299,18,2,4,12,1,1
2300,0,0,0,0,0,0
2301,0,0,0,0,0,0
2302,36,15,8,13,5,10
2303,23,11,6,6,3,8
2304,32,12,6,14,5,7
2305,37,22,3,12,11,11
2306,46,23,9,14,4,19
2307,15,5,3,7,3,2
2308,18,4,6,8,2,2
2309,39,14,11,14,8,6
2310,33,11,8,14,5,6
2311,17,5,7,5,1,4
2312,51,37,7,7,8,29
2313,48,35,7,6,10,25
2314,37,35,1,1,15,20
2315,45,34,4,7,10,24
2316,44,29,10,5,4,25
2317,24,13,5,6,5,8
2318,10,5,1,4,2,3
2319,18,4,3,11,2,2
2320,19,1,2,16,1,0
2321,11,2,2,7,1,1
2322,27,9,7,11,4,5
2323,34,11,9,14,7,4
2324,25,8,7,10,6,2
2325,44,25,12,7,9,16
2326,37,12,10,15,9,3
2327,34,8,12,14,5,3
2328,6,0,2,4,0,0
2329,25,9,7,9,6,3
2330,33,11,10,12,6,5
2331,31,7,11,13,5,2
2332,29,12,4,13,4,8
2333,20,5,6,9,3,2
2334,18,7,3,8,3,4
2335,27,9,10,8,4,5
2336,31,10,6,15,5,5
2337,27,7,6,14,2,5
2338,38,11,10,17,6,5
2339,27,9,6,12,5,4
2340,17,3,3,11,1,2
2341,5,3,0,2,2,1
2342,17,5,4,8,4,1
2343,37,13,11,13,7,6
2344,37,16,8,13,9,7
2345,28,4,9,15,4,0
2346,28,10,10,8,6,4
2347,19,8,6,5,3,5
2348,18,4,2,12,3,1
2349,33,14,8,11,5,9
2350,29,11,4,14,4,7
2351,19,10,6,3,3,7
2352,41,15,11,15,10,5
2353,26,9,7,10,4,5
2354,23,8,5,10,7,1
2355,2,0,1,1,0,0
2356,1,0,0,1,0,0
2357,4,0,0,1,0,0
2358,12,2,2,8,1,1
2359,33,8,11,14,6,2
2360,37,11,11,15,7,4
2361,36,16,9,11,6,10
2362,24,9,6,9,5,4
2363,14,3,1,10,2,1
2364,35,6,11,18,3,3
2365,33,12,11,10,6,6
2366,44,16,18,10,5,11
2367,40,23,6,11,10,13
2368,42,21,7,14,9,12
2369,41,20,9,12,9,11
2370,22,12,4,6,6,6
2371,7,4,1,2,0,4
2372,32,13,5,14,3,10
2373,31,12,10,9,5,7
2374,41,15,9,17,7,8
2375,21,7,5,9,2,5
2376,0,0,0,0,0,0
2377,40,13,7,20,6,7
2378,46,26,10,10,9,17
2379,40,22,10,8,10,12
2380,51,29,12,10,14,15
2381,10,5,3,2,1,4
2382,5,1,2,2,1,0
2383,18,5,4,9,3,2
2384,10,4,1,5,0,4
2385,44,26,9,9,11,15
2386,45,24,8,13,6,18
2387,42,28,5,9,9,19
2388,24,11,5,8,6,5
2389,7,3,3,1,3,0
2390,17,1,8,8,1,0
2391,24,3,7,14,1,2
2392,9,3,3,3,1,2
2393,35,20,7,8,12,8
2394,41,30,2,9,11,19
2395,27,18,4,5,4,14
2396,36,22,5,9,6,16
2397,32,16,6,10,10,6
2398,12,8,2,2,3,5
2399,33,11,8,14,8,3
2400,52,37,8,7,8,29
2401,34,23,7,4,6,17
2402,22,19,2,1,8,11
2403,45,36,3,6,11,25
2404,37,18,8,11,6,12
2405,22,16,3,3,7,9
2406,9,7,2,0,1,6
2407,20,6,8,6,4,2
2408,37,11,8,18,10,1
2409,0,0,0,0,0,0
2410,37,17,8,12,4,13
2411,38,18,7,13,9,9
2412,29,12,9,8,5,7
2413,43,16,8,19,7,9
2414,32,12,8,12,3,9
2415,18,5,6,7,1,4
2416,2,0,1,1,0,0
2417,0,0,0,0,0,0
2418,12,2,2,8,2,0
2419,18,4,2,12,3,1
2420,19,3,8,8,3,0
2421,1,0,0,1,0,0
2422,38,11,10,17,9,2
2423,24,11,5,8,7,4
2424,17,4,2,11,3,1
2425,14,6,2,6,4,2
2426,31,8,12,11,5,3
2427,19,9,3,7,4,5
2428,31,10,7,14,5,5
2429,14,6,5,3,2,4
2430,22,6,3,13,4,2
2431,4,1,2,1,1,0
2432,19,4,4,11,3,1
2433,42,15,13,14,8,7
2434,46,26,7,12,13,13
2435,55,32,9,14,13,19
2436,39,29,6,4,12,17
2437,28,17,5,6,4,13
2438,11,3,5,3,2,1
2439,34,11,9,14,8,3
2440,31,13,6,12,8,5
2441,2,0,2,0,0,0
2442,29,7,9,13,5,2
2443,43,24,8,11,15,9
2444,26,7,5,14,5,2
2445,8,3,2,3,3,0
2446,48,24,11,13,9,15
2447,41,26,10,5,9,17
2448,42,20,15,7,3,17
2449,53,34,9,10,15,19
2450,43,27,5,11,10,17
2451,8,4,1,3,2,2
2452,14,2,5,7,1,1
2453,24,11,7,6,6,5
2454,34,7,12,15,4,3
2455,28,4,11,13,4,0
2456,9,3,2,4,0,3
2457,12,3,3,6,1,2
2458,16,9,2,5,7,2
2459,19,1,2,16,1,0
2460,14,3,4,7,3,0
2461,34,14,8,12,6,8
2462,36,11,5,20,7,4
2463,32,10,6,16,3,7
2464,40,12,13,15,6,6
2465,37,11,7,19,7,4
2466,40,15,7,18,7,8
2467,33,13,10,10,9,4
2468,41,9,12,20,4,5
2469,39,8,12,18,6,2
2470,22,5,6,11,4,1
2471,8,0,4,4,0,0
2472,47,28,10,9,13,15
2473,16,10,1,5,6,4
2474,47,19,16,12,11,8
2475,26,9,7,10,3,6
2476,20,10,3,7,4,6
2477,10,5,3,2,1,4
2478,22,8,6,8,5,3
2479,16,6,2,8,4,2
2480,45,22,9,14,9,13
2481,38,20,9,9,12,8
2482,23,10,5,8,3,7
2483,30,9,8,13,4,5
2484,39,16,11,12,11,5
2485,25,7,4,14,2,5
2486,15,7,4,4,2,5
2487,18,7,6,5,4,3
2488,8,3,4,1,2,1
2489,14,3,4,7,3,0
2490,0,0,0,0,0,0
2491,26,7,5,14,3,4
2492,17,9,3,5,6,3
2493,34,11,10,13,5,6
2494,47,10,16,21,6,4
2495,12,0,4,8,0,0
2496,40,14,11,15,6,8
2497,40,23,7,10,9,14
2498,60,30,13,17,12,18
2499,43,20,8,15,8,12
2500,25,10,7,8,8,2
2501,15,8,3,4,5,3
2502,40,14,15,11,9,5
2503,39,22,7,10,11,11
2504,19,10,3,6,6,4
2505,10,3,3,4,0,3
2506,45,26,9,10,10,16
2507,39,17,7,15,11,6
2508,40,19,11,10,9,10
2509,46,24,6,16,8,16
2510,42,24,7,10,10,14
2511,23,6,5,12,3,3
2512,31,7,9,15,6,1
2513,15,5,1,9,3,2
2514,49,33,7,9,7,26
2515,30,27,1,2,8,19
2516,32,21,5,6,7,14
2517,51,42,1,8,14,28
2518,43,28,8,5,8,20
2519,27,11,4,12,9,2
2520,35,8,10,17,3,5
2521,30,8,10,12,6,2
2522,35,9,6,20,5,4
2523,1,0,0,1,0,0
2524,32,8,10,14,7,1
2525,14,3,4,7,2,1
2526,12,4,2,6,2,2
2527,21,6,8,7,4,2
2528,25,10,4,11,6,4
2529,42,13,17,12,6,7
2530,43,16,12,15,8,8
2531,37,19,10,8,8,11
2532,46,26,7,13,10,16
2533,26,15,4,7,5,10
2534,16,9,3,4,4,5
2535,11,6,4,1,2,4
2536,38,14,9,15,8,6
2537,35,9,8,18,3,6
2538,27,11,6,10,4,7
2539,42,30,2,10,12,18
2540,48,31,10,5,8,23
2541,28,21,3,3,6,15
2542,29,7,11,11,4,3
2543,30,6,11,13,4,2
2544,12,4,3,5,4,0
2545,37,16,9,12,9,7
2546,42,23,7,12,13,10
2547,24,12,6,6,6,6
2548,8,2,2,4,2,0
2549,38,12,13,13,6,6
2550,32,9,11,12,3,6
2551,32,15,9,8,7,8
2552,34,14,8,12,9,5
2553,25,8,8,9,3,5
2554,20,6,5,9,5,1
2555,28,9,4,15,3,6
2556,30,14,9,7,6,8
2557,38,17,10,10,9,8
2558,51,22,14,15,12,10
2559,15,6,3,6,2,4
2560,5,2,2,1,2,0
2561,38,15,7,16,5,10
2562,41,17,11,13,8,9
2563,49,28,10,11,9,19
2564,51,29,12,10,15,14
2565,32,19,5,7,8,11
2566,10,2,3,5,2,0
2567,30,4,9,17,3,1
2568,25,7,10,8,4,3
2569,31,11,8,12,5,6
2570,34,10,15,9,7,3
2571,2,1,0,1,0,1
2572,33,9,13,11,3,6
2573,36,12,8,16,6,6
2574,25,9,3,13,5,4
2575,39,12,7,20,7,5
2576,30,6,7,17,2,4
2577,18,5,7,6,1,4
2578,10,3,4,3,2,1
2579,35,12,6,17,5,7
2580,30,8,7,15,6,2
2581,17,6,3,8,2,4
2582,30,17,8,5,5,12
2583,23,8,3,12,2,6
2584,26,13,7,6,3,10
2585,47,30,9,8,15,15
2586,48,21,14,13,7,14
2587,44,25,7,12,13,12
2588,55,32,9,14,12,20
2589,41,29,7,5,11,18
2590,28,17,5,6,4,13
2591,9,2,5,2,1,1
2592,39,14,13,12,7,7
2593,26,12,4,10,8,4
2594,40,15,12,13,5,10
2595,34,16,7,11,6,10
2596,22,10,7,5,5,5
2597,8,2,2,4,1,1
2598,24,13,5,6,4,9
2599,55,25,12,18,14,11
2600,24,9,5,10,3,6
2601,25,9,6,10,7,2
2602,34,11,12,11,8,3
2603,24,8,6,10,5,3
2604,39,9,13,17,7,2
2605,40,12,11,17,7,5
2606,37,17,9,11,6,11
2607,44,12,10,22,6,6
2608,42,11,7,22,7,4
2609,24,4,4,15,4,0
2610,35,19,6,10,8,11
2611,31,8,9,14,4,4
2612,37,4,8,25,3,1
2613,0,0,0,0,0,0
2614,29,17,4,8,11,6
2615,38,18,8,12,11,7
2616,26,15,5,6,5,10
2617,37,14,8,14,6,8
2618,24,9,5,10,4,5
2619,9,2,3,4,0,2
2620,38,17,7,14,8,9
2621,34,13,1,20,5,8
2622,31,7,7,17,0,7
2623,39,17,9,13,12,5
2624,29,9,7,13,4,5
2625,20,8,5,7,4,4
2626,35,11,8,16,5,6
2627,25,8,8,9,3,5
2628,39,26,8,5,10,16
2629,49,29,9,11,9,20
2630,39,27,6,6,10,17
2631,60,48,2,10,16,32
2632,51,34,10,6,8,26
2633,29,19,2,7,7,12
2634,18,4,7,7,1,3
2635,23,5,7,11,2,3
2636,36,12,9,15,6,6
2637,33,11,9,13,5,6
2638,22,5,8,9,3,2
2639,35,14,9,12,10,4
2640,31,14,6,11,9,5
2641,13,2,7,4,1,1
2642,29,8,8,13,4,4
2643,36,6,10,20,4,2
2644,31,10,6,15,6,4
2645,32,12,8,12,7,5
2646,39,13,14,12,9,4
2647,33,20,8,5,14,6
2648,49,26,12,11,12,14
2649,47,31,11,5,11,20
2650,45,26,8,11,11,15
2651,55,30,12,13,14,16
2652,45,25,8,11,16,9
2653,27,11,4,12,5,6
2654,10,4,2,4,2,2
2655,40,29,6,5,8,21
2656,20,15,3,2,11,4
2657,45,27,10,8,7,20
2658,51,33,6,12,12,21
2659,43,23,9,11,11,12
2660,32,16,6,10,8,8
2661,5,1,2,2,1,0
2662,32,8,9,15,5,3
2663,34,8,4,22,5,3
2664,10,6,1,3,3,3
2665,27,18,5,4,11,7
2666,9,6,2,1,3,3
2667,10,5,2,3,2,3
2668,27,7,5,15,3,4
2669,37,11,4,22,6,5
2670,31,13,7,11,8,5
2671,39,26,5,8,11,15
2672,31,15,7,9,6,9
2673,36,20,8,8,5,15
2674,52,25,15,12,12,13
2675,32,17,7,6,10,7
2676,10,1,1,7,0,1
2677,19,6,8,5,4,2
2678,22,4,6,12,3,1
2679,15,3,0,10,0,3
2680,36,10,10,16,7,3
2681,30,13,4,13,7,6
2682,25,9,8,8,5,4
2683,28,2,10,16,1,1
2684,16,8,3,4,4,4
2685,17,7,2,8,4,3
2686,28,11,7,10,4,7
2687,14,4,3,7,4,0
2688,36,12,10,14,6,6
2689,37,17,11,9,11,6
2690,28,12,7,9,8,4
2691,20,5,3,12,2,3
2692,30,11,7,12,6,5
2693,17,1,2,14,1,0
2694,25,9,6,10,6,3
2695,28,15,2,11,8,7
2696,33,6,12,15,5,1
2697,3,1,1,1,1,0
2698,37,10,10,17,6,4
2699,36,9,4,23,5,4
2700,26,7,9,10,2,5
2701,39,8,13,18,5,3
2702,41,25,6,10,12,13
2703,44,20,12,12,9,11
2704,46,26,10,10,7,19
2705,51,26,13,12,12,14
2706,33,21,5,6,9,12
2707,26,9,10,7,7,2
2708,32,10,6,16,6,4
2709,19,5,10,4,3,2
2710,38,10,9,19,6,4
2711,16,4,7,5,3,1
2712,43,21,8,14,7,14
2713,22,9,5,8,6,3
2714,0,0,0,0,0,0
2715,18,4,5,9,1,3
2716,9,2,3,4,2,0
2717,33,12,11,10,7,5
2718,36,8,13,15,2,6
2719,44,19,7,18,12,7
2720,36,17,6,13,11,6
2721,27,12,8,7,6,6
2722,8,2,3,3,1,1
2723,17,8,7,2,4,4
2724,23,10,4,9,6,4
2725,14,6,2,6,2,4
2726,23,7,7,9,4,3
2727,37,17,6,14,15,2
2728,12,3,4,5,1,2
2729,30,11,8,11,5,6
2730,32,10,7,15,2,8
2731,31,11,9,11,6,5
2732,38,18,9,11,9,9
2733,44,25,10,9,12,13
2734,23,10,5,8,5,5
2735,13,4,3,6,4,0
2736,18,4,5,9,1,3
2737,34,12,12,10,5,7
2738,33,11,11,11,3,8
2739,37,19,8,10,11,8
2740,11,3,6,2,2,1
2741,9,3,4,2,1,2
2742,16,6,4,6,3,3
2743,14,3,2,9,2,1
2744,41,29,4,8,7,22
2745,37,29,3,5,10,19
2746,36,26,6,4,8,18
2747,52,42,1,9,14,28
2748,40,25,9,4,8,17
2749,27,23,3,1,8,15
2750,39,13,11,15,7,6
2751,32,9,4,19,5,4
2752,20,5,3,12,2,3
2753,2,0,0,2,0,0
2754,35,20,5,10,11,9
2755,24,11,7,6,6,5
2756,17,2,7,8,1,1
2757,30,13,4,13,9,4
2758,39,20,11,8,7,13
2759,43,22,6,15,10,12
2760,44,23,10,11,7,16
2761,40,25,2,13,7,18
2762,49,30,5,14,11,19
2763,43,23,7,13,10,13
2764,21,15,3,3,7,8
2765,9,6,2,1,1,5
2766,30,19,3,8,6,13
2767,37,23,11,3,8,15
2768,31,16,7,8,7,9
2769,36,24,7,5,9,15
2770,7,1,2,4,0,1
2771,21,4,4,10,2,2
2772,22,7,2,13,6,1
2773,11,3,4,4,1,2
2774,31,12,9,10,6,6
2775,32,12,10,10,8,4
2776,26,7,9,10,3,4
2777,34,14,6,14,4,10
2778,25,11,7,7,5,6
2779,24,12,8,4,7,5
2780,42,25,5,12,16,9
2781,25,12,7,6,6,6
2782,10,4,2,4,3,1
2783,16,6,0,10,5,1
2784,47,22,9,16,7,15
2785,35,20,6,9,12,8
2786,50,28,14,8,15,13
2787,46,26,11,9,16,10
2788,41,15,14,12,5,10
2789,29,14,5,10,6,8
2790,8,2,2,4,2,0
2791,9,2,2,5,2,0
2792,25,7,3,15,4,3
2793,17,8,2,7,5,3
2794,33,13,5,15,9,4
2795,16,6,4,6,2,4
2796,5,0,0,5,0,0
2797,17,6,4,7,3,3
2798,33,9,8,16,3,6
2799,13,4,2,7,2,2
2800,26,18,3,5,6,12
2801,29,26,2,1,11,15
2802,28,22,2,4,10,12
2803,20,10,4,6,3,7
2804,19,9,5,5,4,5
2805,6,4,0,2,3,1
2806,49,22,10,17,7,15
2807,35,19,8,8,11,8
2808,15,9,2,4,3,6
2809,34,9,11,14,5,4
2810,23,3,4,16,2,1
2811,40,22,7,11,6,16
2812,10,3,4,3,1,2
2813,40,22,5,13,12,10
2814,49,27,9,13,8,19
2815,7,3,2,2,1,2
2816,0,0,0,0,0,0
2817,37,22,9,6,13,9
2818,42,21,10,11,6,15
2819,26,15,4,7,8,7
2820,31,12,12,7,7,5
2821,23,9,5,9,7,2
2822,8,0,4,4,0,0
2823,21,9,6,6,5,4
2824,37,14,7,16,6,8
2825,42,18,13,11,10,8
2826,31,12,9,10,8,4
2827,24,7,5,12,6,1
2828,9,1,3,5,0,1
2829,9,1,5,3,1,0
2830,18,5,2,11,4,1
2831,34,6,12,16,5,1
2832,0,0,0,0,0,0
2833,47,33,4,10,6,27
2834,21,15,4,2,6,9
2835,54,42,4,8,14,28
2836,38,25,9,4,4,21
2837,25,14,5,6,5,9
2838,11,7,0,4,3,4
2839,0,0,0,0,0,0
2840,8,3,2,3,0,3
2841,32,14,6,12,3,11
2842,40,19,8,13,9,10
2843,34,16,10,8,5,11
2844,39,15,6,18,7,8
2845,30,11,7,12,3,8
2846,19,5,6,8,1,4
2847,20,10,2,8,5,5
2848,15,4,5,6,3,1
2849,29,8,10,11,4,4
2850,43,24,7,12,10,14
2851,38,29,5,4,12,17
2852,28,17,5,6,4,13
2853,26,8,8,10,3,5
2854,31,6,7,18,3,3
2855,13,5,5,3,3,2
2856,37,12,6,19,5,7
2857,31,7,12,12,6,1
2858,22,6,7,9,4,2
2859,23,5,6,12,3,2
2860,0,0,0,0,0,0
2861,9,1,5,3,1,0
2862,11,2,3,6,2,0
2863,36,11,8,17,7,4
2864,36,11,7,18,4,7
2865,47,28,11,8,14,14
2866,45,25,11,9,13,12
2867,21,13,3,5,7,6
2868,19,4,3,12,1,3
2869,24,10,6,8,4,6
2870,39,14,5,20,9,5
2871,38,11,7,18,4,7
2872,19,11,3,5,5,6
2873,9,4,1,4,2,2
2874,12,4,3,5,2,2
2875,38,16,7,15,6,10
2876,20,8,5,7,3,5
2877,41,20,6,15,10,10
2878,44,22,7,15,8,14
2879,40,26,5,8,10,16
2880,39,15,7,17,5,10
2881,43,24,7,12,8,16
2882,14,6,2,6,3,3
2883,36,10,11,15,6,4
2884,24,4,5,15,1,3
2885,20,9,3,8,5,4
2886,36,6,13,17,5,1
2887,10,5,3,2,3,2
2888,14,3,4,7,2,1
2889,16,3,4,9,2,1
2890,46,21,10,15,14,7
2891,38,19,6,13,12,7
2892,39,25,11,3,10,15
2893,23,11,5,7,7,4
2894,20,5,3,12,4,1
2895,30,9,7,14,5,4
2896,14,5,5,4,2,3
2897,38,12,6,20,5,7
2898,18,6,6,6,4,2
2899,12,2,3,7,2,0
2900,33,12,10,11,9,3
2901,5,3,1,1,2,1
2902,32,12,6,14,6,6
2903,19,5,3,11,4,1
2904,37,12,14,11,0,12
2905,33,15,8,10,7,8
2906,33,14,7,12,3,11
2907,31,11,10,10,3,8
2908,19,11,3,5,4,7
2909,8,2,2,4,2,0
2910,31,10,9,12,5,5
2911,26,10,7,9,5,5
2912,39,18,10,11,5,13
2913,24,10,5,9,6,4
2914,19,6,5,8,1,5
2915,35,18,5,12,8,10
2916,43,22,7,14,7,15
2917,45,29,6,8,10,19
2918,48,19,11,18,7,12
2919,40,16,8,16,4,12
2920,26,13,6,7,3,10
2921,11,10,1,0,6,4
2922,6,2,2,2,1,1
2923,38,22,9,7,12,10
2924,43,22,11,10,9,13
2925,13,5,3,5,1,4
2926,9,1,5,3,0,1
2927,15,5,2,8,1,4
2928,53,28,10,15,12,16
2929,30,22,3,5,9,13
2930,26,20,1,5,12,8
2931,2,1,1,0,0,1
2932,35,15,6,14,8,7
2933,28,12,6,10,9,3
2934,35,29,4,2,14,15
2935,47,31,9,7,19,12
2936,41,24,8,9,6,18
2937,51,34,8,9,14,20
2938,24,7,9,8,4,3
2939,13,6,2,5,3,3
2940,25,9,5,11,6,3
2941,39,3,12,24,0,3
2942,26,7,9,10,6,1
2943,18,4,6,8,2,2
2944,5,2,3,0,0,2
2945,38,12,6,20,7,5
2946,40,14,10,16,7,7
2947,32,7,12,13,6,1
2948,29,15,7,7,9,6
2949,40,14,8,18,7,7
2950,40,20,11,9,13,7
2951,39,17,8,14,11,6
2952,46,26,7,13,11,15
2953,35,21,9,5,10,11
2954,22,11,5,6,6,5
2955,21,6,8,7,5,1
2956,30,13,7,10,7,6
2957,27,6,6,15,4,2
2958,0,0,0,0,0,0
2959,36,14,8,14,4,10
2960,37,19,6,12,7,12
2961,36,16,8,12,4,12
2962,50,24,10,16,14,10
2963,28,10,4,12,1,9
2964,1,1,0,0,0,1
2965,8,3,1,4,2,1
2966,40,13,16,11,6,7
2967,48,23,11,14,6,17
2968,48,30,7,11,13,17
2969,32,20,6,6,11,9
2970,13,11,1,1,6,5
2971,15,3,3,8,3,0
2972,20,5,6,8,3,2
2973,19,5,3,11,2,3
2974,26,5,3,18,4,1
2975,49,21,13,15,8,13
2976,31,15,10,6,10,5
2977,41,23,7,11,10,13
2978,50,25,7,18,11,14
2979,40,19,11,10,11,8
2980,32,14,8,10,7,7
2981,12,8,2,2,3,5
2982,40,15,9,16,8,7
2983,37,12,6,19,8,4
2984,38,13,5,19,7,6
2985,49,29,8,12,11,18
2986,31,13,5,13,5,8
2987,23,9,8,6,6,3
2988,32,11,8,13,7,4
2989,31,8,13,10,5,3
2990,22,5,7,10,3,2
2991,29,7,8,14,4,3
2992,0,0,0,0,0,0
2993,9,2,3,4,0,2
2994,30,10,6,14,7,3
2995,16,6,4,6,4,2
2996,40,6,13,21,4,2
2997,40,21,9,7,11,10
2998,22,9,7,5,4,5
2999,10,5,2,3,2,3
3000,20,5,4,11,4,1
3001,19,6,8,5,5,1
3002,37,14,15,8,7,7
3003,27,7,9,11,4,3
3004,35,9,15,11,6,3
3005,32,9,11,12,6,3
3006,21,8,7,6,4,4
3007,7,2,2,3,2,0
3008,40,16,7,17,9,7
3009,46,24,7,15,12,12
3010,35,17,7,11,9,8
3011,47,21,9,17,10,11
3012,39,18,11,10,7,11
3013,19,11,4,4,5,6
3014,11,4,1,6,2,2
3015,20,1,7,12,0,1
3016,42,17,14,11,13,4
3017,0,0,0,0,0,0
3018,47,30,9,8,15,15
3019,40,18,10,12,6,12
3020,52,27,12,13,6,21
3021,42,20,11,11,7,13
3022,25,14,5,6,7,7
3023,49,33,7,9,11,22
3024,54,43,7,4,19,24
3025,43,26,9,8,12,14
3026,51,31,9,11,8,23
3027,48,37,8,3,9,28
3028,30,6,11,13,5,1
3029,18,9,2,7,5,4
3030,22,10,3,9,4,6
3031,16,2,7,7,1,1
3032,22,8,7,7,5,3
3033,29,8,8,13,4,4
3034,26,8,8,10,5,3
3035,23,11,5,7,5,6
3036,39,15,8,16,5,10
3037,48,29,9,10,7,22
3038,25,16,3,6,7,9
3039,11,5,2,4,0,5
3040,24,18,3,3,7,11
3041,44,17,13,14,8,9
3042,46,25,8,12,13,12
3043,21,5,6,10,2,3
3044,13,9,2,2,5,4
3045,44,25,11,8,13,12
3046,38,12,8,18,5,7
3047,32,9,12,11,5,4
3048,18,7,2,9,4,3
3049,22,9,4,9,5,4
3050,27,9,7,11,4,5
3051,24,4,7,13,3,1
3052,31,8,6,17,3,5
3053,1,0,0,1,0,0
3054,42,28,6,8,12,16
3055,21,12,4,5,6,6
3056,28,14,5,9,8,6
3057,44,20,11,13,9,11
3058,38,19,11,8,7,12
3059,17,7,4,6,5,2
3060,21,9,3,9,5,4
3061,10,4,3,3,1,3
3062,18,5,3,10,2,3
3063,32,12,7,13,6,6
3064,36,22,4,10,9,13
3065,47,30,10,5,9,21
3066,33,26,4,2,8,18
3067,8,8,0,0,2,6
3068,33,14,12,7,5,9
3069,33,14,9,10,12,2
3070,34,11,5,18,4,7
3071,45,24,12,9,11,13
3072,39,20,9,10,10,10
3073,8,5,0,3,4,1
3074,8,3,2,3,1,2
3075,14,3,1,10,0,3
3076,29,15,8,6,6,9
3077,42,14,12,16,7,7
3078,32,14,7,11,9,5
3079,16,2,2,12,2,0
3080,10,2,3,5,2,0
3081,31,12,15,4,7,5
3082,27,10,5,12,4,6
3083,26,10,6,10,8,2
3084,47,26,12,9,10,16
3085,33,19,7,7,11,8
3086,18,9,3,6,5,4
3087,32,17,5,10,8,9
3088,24,7,3,14,6,1
3089,21,3,7,11,2,1
3090,32,23,2,7,4,19
3091,32,28,1,3,8,20
3092,31,21,3,7,7,14
3093,56,47,0,9,14,33
3094,37,27,5,4,7,20
3095,22,12,5,5,3,9
3096,18,6,2,10,5,1
3097,13,5,5,3,5,0
3098,20,6,5,9,4,2
3099,35,12,9,12,3,9
3100,19,9,4,6,2,7
3101,0,0,0,0,0,0
3102,0,0,0,0,0,0
3103,19,3,2,14,2,1
3104,29,13,7,9,8,5
3105,38,10,8,20,3,7
3106,26,9,7,10,4,5
3107,17,4,5,8,2,2
3108,33,19,11,3,7,12
3109,42,22,11,9,11,11
3110,38,24,10,4,11,13
3111,34,17,6,11,10,7
3112,32,17,6,9,8,9
3113,19,3,8,8,2,1
3114,25,11,7,7,6,5
3115,13,3,4,6,2,1
3116,0,0,0,0,0,0
3117,45,36,5,4,17,19
3118,45,29,7,9,18,11
3119,42,25,10,7,7,18
3120,32,19,5,8,8,11
3121,34,17,8,9,10,7
3122,29,13,6,10,6,7
3123,12,8,2,2,3,5
3124,29,10,7,12,8,2
3125,38,15,7,16,8,7
3126,33,10,12,11,5,5
3127,31,3,9,19,2,1
3128,33,18,9,6,7,11
3129,36,13,12,11,8,5
3130,12,6,3,3,5,1
3131,26,11,4,11,5,6
3132,8,3,3,2,1,2
3133,12,6,3,3,3,3
3134,30,8,8,14,4,4
3135,17,8,4,5,6,2
3136,26,8,5,13,4,4
3137,41,14,10,17,7,7
3138,36,15,8,11,8,7
3139,21,5,8,8,2,3
3140,6,1,1,4,1,0
3141,14,6,5,3,3,3
3142,30,11,11,8,7,4
3143,38,7,10,21,1,6
3144,37,16,8,13,10,6
3145,28,8,6,14,5,3
3146,3,1,1,1,1,0
3147,33,15,9,9,6,9
3148,38,22,9,7,10,12
3149,56,31,14,11,13,18
3150,35,14,8,13,7,7
3151,21,10,5,6,4,6
3152,9,3,3,3,2,1
3153,43,28,7,8,11,17
3154,38,17,7,14,9,8
3155,32,13,8,11,4,9
3156,38,16,8,14,7,9
3157,30,10,4,16,4,6
3158,1,0,0,1,0,0
3159,40,13,10,17,9,4
3160,30,8,8,14,4,4
3161,29,5,13,11,4,1
3162,25,10,11,4,8,2
3163,40,15,9,14,7,8
3164,21,12,4,5,5,7
3165,26,8,7,11,4,4
3166,9,0,3,6,0,0
3167,26,9,7,10,3,6
3168,24,9,9,6,6,3
3169,18,4,5,9,2,2
3170,21,8,3,10,4,4
3171,46,24,10,12,15,9
3172,42,12,9,21,6,6
3173,16,3,7,6,2,1
3174,13,6,4,3,5,1
3175,29,7,7,15,4,3
3176,0,0,0,0,0,0
3177,31,12,7,12,8,4
3178,40,14,9,17,6,8
3179,35,12,9,14,6,6
3180,43,10,15,18,6,4
3181,33,9,6,18,2,7
3182,19,5,7,7,2,3
3183,22,8,3,11,6,2
3184,36,15,11,10,6,9
3185,43,21,13,9,10,11
3186,44,20,11,13,11,9
3187,24,8,7,9,2,6
3188,9,2,3,4,2,0
3189,12,2,3,7,0,2
3190,29,7,10,12,3,4
3191,20,7,8,5,4,3
3192,21,7,5,9,3,4
3193,34,5,16,13,4,1
3194,29,11,11,7,8,3
3195,29,13,8,7,6,7
3196,15,4,2,9,3,1
3197,9,5,0,4,1,4
3198,15,5,2,8,2,3
3199,38,14,11,13,9,5
3200,35,16,6,13,8,8
3201,25,10,6,9,7,3
3202,11,4,2,5,3,1
3203,14,4,2,8,2,2
3204,13,2,2,9,2,0
3205,30,12,6,12,6,6
3206,30,9,9,12,6,3
3207,30,9,10,11,4,5
3208,22,9,5,8,6,3
3209,39,9,12,18,5,4
3210,32,5,6,21,4,1
3211,6,1,2,3,0,1
3212,39,22,7,10,8,14
3213,45,28,9,8,15,13
3214,50,30,9,11,18,12
3215,42,14,17,11,8,6
3216,35,18,6,11,8,10
3217,4,1,0,3,1,0
3218,40,14,8,18,3,11
3219,42,12,9,21,7,5
3220,49,23,12,14,7,16
3221,44,27,11,6,10,17
3222,27,15,9,3,3,12
3223,44,20,6,18,8,12
3224,28,19,5,4,4,15
3225,24,15,3,6,6,9
3226,32,7,7,18,2,5
3227,37,15,9,13,7,8
3228,36,13,13,10,6,7
3229,34,13,9,12,8,5
3230,37,10,14,13,3,7
3231,41,17,10,14,11,6
3232,25,7,4,14,2,5
3233,36,13,10,13,6,7
3234,29,9,12,8,6,3
3235,21,13,4,4,6,7
3236,9,4,2,3,2,2
3237,33,10,13,10,4,6
3238,30,11,9,10,6,5
3239,24,15,6,3,6,9
3240,31,12,3,16,7,5
3241,32,14,5,13,10,4
3242,34,13,10,11,5,8
3243,32,19,8,5,9,10
3244,28,12,8,8,7,5
3245,18,7,3,8,3,4
3246,12,8,1,3,4,4
3247,24,11,7,6,6,5
3248,31,9,7,15,6,3
3249,36,8,9,19,6,2
3250,22,4,7,11,2,2
3251,13,2,1,10,2,0
3252,40,10,14,16,5,5
3253,13,5,6,2,2,3
3254,38,14,9,15,9,5
3255,43,15,14,14,10,5
3256,35,16,5,14,8,8
3257,12,5,3,4,5,0
3258,37,5,9,23,4,1
3259,0,0,0,0,0,0
3260,24,8,6,10,3,5
3261,34,5,16,13,4,1
3262,39,13,15,11,9,4
3263,37,13,9,14,7,6
3264,10,2,1,7,1,1
3265,19,5,3,11,3,2
3266,18,4,6,8,2,2
3267,32,7,5,20,5,2
3268,13,4,4,5,2,2
3269,38,10,6,22,7,3
3270,33,8,10,15,7,1
3271,36,6,10,20,5,1
3272,23,7,4,12,5,2
3273,14,4,3,7,2,2
3274,19,10,4,5,4,6
3275,5,2,1,2,1,1
3276,31,12,11,8,8,4
3277,39,20,10,9,11,9
3278,38,8,10,20,4,4
3279,33,8,14,11,3,5
3280,21,6,5,10,5,1
3281,18,4,5,9,2,2
3282,33,8,8,17,6,2
3283,38,9,13,16,6,3
3284,37,9,13,15,6,3
3285,18,7,2,9,4,3
3286,17,7,2,8,4,3
3287,0,0,0,0,0,0
3288,38,14,11,13,7,7
3289,24,8,6,10,5,3
3290,53,31,9,13,9,22
3291,32,16,7,9,7,9
3292,38,25,4,9,11,14
3293,41,30,7,4,14,16
3294,49,34,6,9,11,23
3295,30,18,4,8,7,11
3296,12,8,4,0,4,4
3297,4,2,1,1,2,0
3298,26,14,7,5,5,9
3299,16,7,5,4,4,3
3300,27,8,9,10,5,3
3301,35,13,12,10,7,6
3302,25,11,4,10,8,3
3303,35,11,13,11,5,6
3304,33,5,6,22,3,2
3305,21,3,7,11,2,1
3306,6,1,1,4,1,0
3307,21,5,3,13,2,3
3308,40,23,6,11,9,14
3309,41,22,6,13,9,13
3310,41,23,10,8,13,10
3311,54,33,10,11,18,15
3312,35,14,12,9,8,6
3313,22,6,7,9,5,1
3314,9,2,3,4,0,2
3315,43,24,9,10,9,15
3316,44,28,11,5,11,17
3317,20,10,7,3,3,7
3318,27,10,6,11,3,7
3319,32,19,5,8,4,15
3320,24,16,3,5,7,9
3321,7,5,1,1,2,3
3322,15,2,7,6,0,2
3323,33,16,8,9,6,10
3324,34,15,7,12,4,11
3325,35,15,10,10,5,10
3326,23,9,7,7,5,4
3327,14,7,2,5,3,4
3328,36,17,10,9,7,10
3329,26,14,4,8,7,7
3330,35,18,7,10,5,13
3331,15,10,3,2,4,6
3332,9,0,3,6,0,0
3333,17,6,3,8,3,3
3334,30,9,11,10,7,2
3335,47,29,9,9,15,14
3336,45,23,8,14,10,13
3337,34,15,10,9,4,11
3338,42,28,10,4,12,16
3339,27,17,5,5,10,7
3340,37,19,8,10,12,7
3341,34,18,8,8,9,9
3342,36,8,10,18,4,4
3343,43,17,13,13,7,10
3344,42,11,12,16,9,2
3345,19,12,4,2,2,10
3346,11,6,4,1,2,4
3347,20,7,5,8,4,3
3348,56,29,15,12,17,12
3349,40,16,10,14,9,7
3350,41,14,9,18,13,1
3351,37,10,6,18,7,3
3352,16,9,6,1,4,5
3353,8,4,2,2,2,2
3354,17,6,6,5,6,0
3355,32,7,12,13,5,2
3356,16,5,7,4,4,1
3357,44,9,11,24,5,4
3358,36,10,7,19,6,4
3359,0,0,0,0,0,0
3360,23,10,6,7,5,5
3361,32,11,9,12,6,5
3362,40,18,9,13,9,9
3363,42,24,9,9,11,13
3364,17,8,3,6,3,5
3365,2,0,0,2,0,0
3366,39,17,7,15,8,9
3367,32,10,3,19,5,5
3368,36,10,8,18,3,7
3369,42,13,14,15,8,5
3370,34,13,10,11,8,5
3371,25,9,8,8,6,3
3372,8,3,3,2,1,2
3373,0,0,0,0,0,0
3374,9,1,2,6,0,1
3375,13,5,1,7,3,2
3376,29,10,5,14,7,3
3377,34,12,5,17,5,7
3378,40,15,8,17,8,7
3379,37,16,4,17,8,8
3380,20,7,7,6,3,4
3381,9,3,3,3,2,1
3382,12,2,4,6,1,1
3383,18,8,4,6,6,2
3384,26,11,4,11,5,6
3385,49,23,11,15,13,10
3386,44,23,7,14,12,11
3387,34,18,8,8,10,8
3388,40,25,3,12,11,14
3389,39,27,4,8,11,16
3390,27,16,5,6,8,8
3391,0,0,0,0,0,0
3392,0,0,0,0,0,0
3393,4,0,1,3,0,0
3394,0,0,0,0,0,0
3395,1,0,0,1,0,0
3396,0,0,0,0,0,0
3397,0,0,0,0,0,0
3398,12,3,6,3,1,2
3399,42,19,13,10,10,9
3400,37,12,11,14,6,6
3401,38,7,9,22,3,4
3402,28,9,10,9,4,5
3403,20,6,4,10,5,1
3404,9,3,3,3,2,1
3405,12,5,3,4,5,0
3406,41,18,9,14,9,9
3407,32,16,6,10,9,7
3408,12,0,4,8,0,0
3409,31,13,6,12,7,6
3410,36,6,14,16,5,1
3411,38,25,7,6,9,16
3412,23,17,1,5,4,13
3413,46,30,6,10,12,18
3414,38,19,6,13,4,15
3415,7,2,4,1,2,0
3416,42,24,13,5,10,14
3417,47,21,12,14,12,9
3418,32,17,9,6,9,8
3419,36,17,8,11,10,7
3420,33,19,6,8,9,10
3421,42,28,5,9,11,17
3422,45,27,9,9,12,15
3423,29,18,3,8,3,15
3424,7,3,2,2,2,1
3425,25,7,4,14,5,2
3426,39,10,13,16,6,4
3427,30,8,5,17,4,4
3428,17,7,7,3,5,2
3429,10,1,5,4,0,1
3430,28,9,6,13,2,7
3431,25,9,7,9,4,5
3432,33,16,8,8,9,7
3433,40,20,12,8,10,10
3434,18,11,3,4,5,6
3435,16,3,4,9,3,0
3436,17,2,7,8,1,1
3437,51,32,11,8,12,20
3438,42,23,11,8,10,13
3439,42,23,9,10,5,18
3440,28,22,1,4,11,11
3441,24,12,6,6,3,9
3442,3,3,0,0,1,2
3443,29,8,8,13,4,4
3444,25,5,8,12,2,3
3445,41,25,11,5,6,19
3446,46,30,11,5,9,21
3447,41,21,8,12,13,8
3448,43,15,10,18,14,1
3449,24,8,5,10,5,3
3450,11,6,1,4,4,2
3451,15,4,5,6,3,1
3452,25,8,4,13,7,1
3453,11,4,5,2,2,2
3454,37,13,8,16,5,8
3455,21,6,7,8,4,2
3456,9,6,1,2,2,4
3457,33,11,12,10,5,6
3458,32,10,7,15,4,6
3459,30,7,6,17,7,0
3460,40,14,11,15,8,6
3461,33,12,8,13,6,6
3462,16,4,6,6,4,0
3463,8,2,3,3,2,0
3464,18,8,5,5,0,8
3465,39,18,9,12,7,11
3466,42,27,5,8,9,18
3467,44,19,10,15,7,12
3468,36,11,9,16,5,6
3469,10,3,3,4,2,1
3470,14,4,4,6,2,2
3471,16,5,4,7,3,2
3472,16,2,4,10,1,1
3473,24,8,3,13,3,5
3474,0,0,0,0,0,0
3475,5,2,0,3,1,1
3476,28,10,3,15,6,4
3477,13,5,3,5,2,3
3478,22,9,7,6,5,4
3479,10,4,2,4,3,1
3480,3,1,1,1,0,1
3481,29,10,8,11,7,3
3482,29,13,9,7,8,5
3483,33,18,6,9,9,9
3484,5,2,1,2,0,2
3485,24,12,7,5,9,3
3486,35,7,11,17,3,4
3487,34,13,5,16,5,8
3488,42,16,11,15,9,7
3489,26,9,9,8,6,3
3490,25,9,8,8,6,3
3491,9,3,4,2,1,2
3492,48,34,6,8,12,22
3493,53,42,7,4,19,23
3494,43,26,8,9,10,16
3495,50,30,9,11,8,22
3496,49,36,6,6,13,23
3497,26,12,6,8,6,6
3498,13,9,2,2,2,7
3499,16,3,4,9,2,1
3500,11,5,1,5,4,1
3501,35,12,8,15,9,3
3502,26,8,7,11,3,5
3503,44,12,13,19,6,6
3504,0,0,0,0,0,0
3505,26,4,6,16,4,0
3506,17,3,6,8,2,1
3507,22,5,6,11,4,1
3508,16,6,4,6,3,3
3509,43,16,11,16,9,7
3510,25,5,8,12,2,3
3511,36,9,10,17,6,3
3512,21,9,8,4,6,3
3513,35,13,8,14,9,4
3514,34,8,9,17,3,5
3515,44,12,11,21,7,5
3516,28,10,7,11,7,3
3517,12,5,3,4,3,2
3518,0,0,0,0,0,0
3519,20,3,4,13,1,2
3520,4,0,0,4,0,0
3521,15,7,5,3,2,5
3522,31,11,8,12,5,6
3523,17,6,6,5,1,5
3524,28,7,6,15,4,3
3525,21,11,3,7,6,5
3526,37,16,8,13,5,11
3527,37,15,11,11,5,10
3528,16,5,3,8,3,2
3529,20,5,3,12,1,4
3530,6,2,0,4,2,0
3531,2,1,0,1,1,0
3532,0,0,0,0,0,0
3533,30,15,5,10,8,7
3534,34,13,8,13,6,7
3535,32,15,9,8,5,10
3536,37,14,7,16,6,8
3537,42,19,10,13,7,12
3538,18,8,4,6,4,4
3539,0,0,0,0,0,0
3540,15,6,4,5,4,2
3541,26,8,5,13,5,3
3542,35,20,10,5,8,12
3543,48,24,10,14,11,13
3544,28,14,7,7,7,7
3545,11,6,4,1,2,4
3546,17,3,3,11,0,3
3547,39,11,12,16,9,2
3548,27,11,5,11,8,3
3549,18,7,4,7,4,3
3550,38,7,9,22,4,3
3551,16,7,2,7,4,3
3552,36,8,11,17,4,4
3553,22,8,2,12,5,3
3554,21,8,7,6,5,3
3555,6,1,4,1,1,0
3556,0,0,0,0,0,0
3557,10,7,0,3,3,4
3558,37,21,9,7,13,8
3559,30,14,8,8,5,9
3560,15,7,4,4,4,3
3561,38,11,11,16,6,5
3562,33,10,11,12,7,3
3563,30,11,10,9,5,6
3564,37,20,8,9,7,13
3565,51,25,12,14,10,15
3566,27,11,5,11,4,7
3567,14,7,1,6,5,2
3568,6,3,1,2,2,1
3569,10,5,1,4,3,2
3570,34,11,10,13,7,4
3571,9,2,2,5,1,1
3572,19,5,4,10,5,0
3573,6,3,0,3,0,3
3574,36,10,12,14,5,5
3575,36,10,7,19,7,3
3576,19,6,5,8,3,3
3577,43,16,10,17,8,8
3578,40,17,8,15,11,6
3579,27,13,8,6,7,6
3580,14,3,1,10,3,0
3581,27,11,7,9,7,4
3582,37,22,6,9,10,12
3583,49,29,9,11,10,19
3584,57,30,15,12,16,14
3585,46,22,9,13,13,9
3586,33,21,6,6,9,12
3587,10,8,0,2,5,3
3588,21,12,2,7,5,7
3589,20,4,7,9,1,3
3590,34,12,9,13,5,7
3591,20,9,3,8,5,4
3592,34,6,13,15,5,1
3593,16,4,5,7,0,4
3594,45,13,11,21,9,4
3595,33,11,5,17,8,3
3596,23,3,9,11,2,1
3597,8,2,3,3,0,2
3598,41,18,8,15,9,9
3599,36,17,9,10,10,7
3600,23,13,4,6,9,4
3601,17,3,6,8,3,0
3602,0,0,0,0,0,0
3603,0,0,0,0,0,0
3604,13,3,3,7,2,1
3605,39,9,11,19,6,3
3606,33,9,11,13,7,2
3607,23,5,10,8,3,2
3608,49,35,4,10,7,28
3609,53,43,4,6,12,31
3610,44,30,7,7,11,19
3611,62,50,2,10,16,34
3612,54,35,11,6,9,26
3613,35,26,5,3,8,18
3614,13,11,2,0,3,8
3615,15,2,4,9,1,1
3616,48,24,11,13,7,17
3617,32,14,13,5,6,8
3618,34,16,12,5,3,13
3619,42,17,10,15,5,12
3620,31,12,6,13,3,9
3621,6,3,1,2,0,3
3622,32,11,9,12,5,6
3623,39,9,6,24,3,6
3624,26,6,6,14,5,1
3625,37,9,8,20,6,3
3626,5,3,1,1,2,1
3627,48,24,9,15,5,19
3628,46,22,5,19,7,15
3629,27,13,6,8,9,4
3630,40,15,8,17,10,5
3631,41,11,8,20,7,4
3632,5,3,0,2,1,2
3633,29,2,12,15,1,1
3634,36,8,6,22,5,3
3635,1,0,0,1,0,0
3636,22,6,7,9,5,1
3637,40,12,11,17,7,5
3638,34,14,9,11,6,8
3639,44,12,10,22,7,5
3640,0,0,0,0,0,0
3641,29,10,9,10,5,5
3642,5,1,0,4,1,0
3643,28,13,6,9,10,3
3644,28,8,10,10,4,4
3645,18,15,2,1,4,11
3646,44,30,7,7,10,20
3647,36,30,5,1,12,18
3648,42,33,4,5,12,21
3649,31,21,8,2,4,17
3650,24,14,5,5,5,9
3651,3,2,0,1,2,0
3652,23,10,4,9,3,7
3653,0,0,0,0,0,0
3654,41,18,6,17,10,8
3655,34,7,14,13,6,1
3656,4,1,2,1,1,0
3657,15,4,5,6,3,1
3658,41,14,11,16,8,6
3659,37,17,6,14,8,9
3660,21,14,4,3,7,7
3661,41,16,12,13,10,6
3662,38,16,9,13,9,7
3663,34,8,7,19,3,5
3664,45,14,14,17,9,5
3665,30,12,8,10,8,4
3666,23,8,5,10,3,5
3667,24,9,7,8,3,6
3668,38,21,7,10,12,9
3669,19,8,6,5,6,2
3670,30,14,7,9,9,5
3671,16,5,6,5,4,1
3672,38,17,7,14,7,10
3673,3,0,1,2,0,0
3674,30,6,5,19,4,2
3675,18,1,3,14,1,0
3676,18,5,4,9,2,3
3677,13,8,1,4,5,3
3678,26,8,4,14,5,3
3679,20,6,4,10,2,4
3680,6,1,1,4,1,0
3681,23,9,3,11,7,2
3682,3,0,2,1,0,0
3683,38,12,10,16,9,3
3684,41,22,7,12,8,14
3685,40,19,8,13,4,15
3686,41,22,9,10,10,12
3687,41,12,8,18,2,10
3688,24,9,5,9,7,2
3689,3,0,0,3,0,0
3690,11,4,3,4,4,0
3691,30,8,8,14,6,2
3692,31,9,11,11,6,3
3693,24,5,9,10,4,1
3694,26,6,11,9,4,2
3695,20,8,4,8,4,4
3696,34,9,10,15,3,6
3697,35,14,6,15,10,4
3698,32,13,5,14,9,4
3699,19,6,4,9,3,3
3700,26,8,11,7,2,6
3701,35,8,8,19,3,5
3702,22,4,6,12,0,4
3703,19,6,5,8,4,2
3704,22,8,7,7,3,5
3705,5,1,1,3,0,1
3706,16,4,5,7,2,2
3707,14,6,1,7,4,2
3708,14,3,3,8,2,1
3709,24,10,9,5,5,5
3710,13,1,2,10,1,0
3711,19,6,5,8,4,2
3712,34,9,11,14,5,4
3713,35,11,11,13,6,5
3714,32,11,9,12,6,5
3715,39,18,9,12,9,9
3716,33,17,8,8,6,11
3717,24,10,5,9,5,5
3718,13,4,3,6,4,0
3719,16,4,4,8,2,2
3720,17,6,0,11,5,1
3721,11,3,4,4,1,2
3722,31,19,5,7,8,11
3723,36,18,6,12,10,8
3724,44,21,11,12,8,13
3725,42,22,6,14,8,14
3726,1,0,0,1,0,0
3727,20,6,5,9,2,4
3728,11,4,1,6,0,4
3729,21,5,4,12,3,2
3730,15,5,2,8,4,1
3731,11,3,2,6,3,0
3732,17,4,3,10,2,2
3733,33,8,7,18,3,5
3734,17,8,3,6,1,7
3735,39,23,9,7,13,10
3736,25,12,6,7,6,6
3737,10,3,3,4,2,1
3738,41,14,10,17,7,7
3739,37,19,7,11,7,12
3740,42,20,8,14,6,14
3741,50,25,10,15,14,11
3742,41,13,7,18,3,10
3743,17,5,4,7,4,1
3744,10,4,2,4,2,2
3745,0,0,0,0,0,0
3746,8,1,2,5,1,0
3747,28,11,4,13,7,4
3748,23,10,5,8,8,2
3749,43,26,10,7,12,14
3750,37,19,10,8,7,12
3751,18,9,3,6,4,5
3752,24,5,10,9,2,3
3753,33,9,13,11,6,3
3754,25,11,4,10,7,4
3755,35,9,11,15,4,5
3756,35,10,8,17,4,6
3757,20,13,4,3,5,8
3758,10,5,2,3,2,3
3759,32,7,12,13,5,2
3760,13,4,7,2,2,2
3761,12,3,6,3,2,1
3762,19,4,8,7,4,0
3763,43,11,7,22,7,4
3764,24,9,5,10,6,3
3765,37,9,13,15,5,4
3766,30,9,4,17,4,5
3767,17,7,5,5,5,2
3768,39,25,7,7,7,18
3769,31,19,6,6,9,10
3770,28,17,9,2,10,7
3771,40,21,11,8,13,8
3772,37,22,7,8,11,11
3773,22,15,3,4,8,7
3774,5,4,0,1,2,2
3775,19,10,4,5,6,4
3776,40,20,8,12,11,9
3777,24,16,6,2,8,8
3778,42,20,14,8,11,9
3779,36,15,8,13,8,7
3780,31,15,7,9,7,8
3781,13,9,2,2,4,5
3782,36,15,7,14,11,4
3783,36,9,12,15,5,4
3784,36,10,12,14,7,3
3785,34,6,10,18,3,3
3786,36,11,13,12,5,6
3787,9,3,2,4,1,2
3788,27,9,11,7,3,6
3789,27,10,9,8,3,7
3790,35,12,12,11,4,8
3791,1,0,0,1,0,0
3792,9,3,3,3,0,3
3793,25,11,8,6,4,7
3794,15,8,3,4,2,6
3795,25,9,4,12,3,6
3796,2,2,0,0,2,0
3797,16,4,4,8,2,2
3798,37,14,8,13,4,10
3799,17,6,6,5,2,4
3800,19,5,5,9,3,2
3801,9,6,2,1,0,6
3802,6,2,2,2,2,0
3803,31,9,6,16,3,6
3804,11,1,5,5,1,0
3805,34,11,12,11,7,4
3806,35,11,5,19,9,2
3807,24,10,4,10,6,4
3808,1,1,0,0,1,0
3809,43,15,14,14,9,6
3810,33,12,1,20,4,8
3811,39,16,8,15,8,8
3812,34,13,7,14,6,7
3813,6,3,2,1,1,2
3814,36,14,6,16,7,7
3815,38,15,14,9,11,4
3816,7,3,1,3,1,2
3817,17,2,5,10,2,0
3818,19,9,3,7,4,5
3819,31,13,6,12,9,4
3820,13,3,1,9,1,2
3821,18,6,4,8,3,3
3822,17,6,5,6,3,3
3823,34,14,6,14,10,4
3824,40,14,9,17,6,8
3825,38,12,11,15,6,6
3826,47,9,17,21,6,3
3827,35,18,5,12,5,13
3828,17,8,2,7,4,4
3829,17,4,4,9,1,3
3830,30,12,6,12,6,6
3831,40,15,5,20,9,6
3832,37,11,8,16,4,7
3833,16,6,3,7,3,3
3834,20,5,3,12,2,3
3835,18,2,6,10,1,1
3836,29,9,8,12,3,6
3837,29,6,9,14,2,4
3838,36,16,10,10,9,7
3839,35,13,8,14,6,7
3840,37,17,9,11,8,9
3841,21,9,4,8,4,5
3842,12,7,3,2,2,5
3843,42,16,8,18,8,8
3844,47,17,19,11,13,4
3845,38,19,8,11,9,10
3846,38,7,14,17,2,5
3847,40,19,11,10,11,8
3848,42,16,8,18,8,8
3849,50,17,20,13,13,4
3850,43,22,9,12,11,11
3851,26,9,6,11,5,4
3852,11,7,3,1,2,5
3853,36,17,7,12,13,4
3854,43,19,11,13,9,10
3855,35,10,15,10,5,5
3856,41,15,9,17,7,8
3857,27,9,7,11,3,6
3858,1,0,0,1,0,0
3859,38,27,3,8,13,14
3860,49,26,14,9,14,12
3861,43,12,13,18,6,6
3862,16,6,1,9,2,4
3863,24,9,9,6,6,3
3864,37,11,10,16,9,2
3865,35,17,5,13,11,6
3866,45,26,12,7,10,16
3867,51,35,10,6,10,25
3868,46,29,7,10,12,17
3869,34,20,6,8,10,10
3870,12,10,1,1,5,5
3871,8,4,3,1,1,3
3872,33,21,6,6,9,12
3873,51,34,8,7,15,19
3874,22,9,6,7,6,3
3875,26,6,3,17,5,1
3876,41,11,10,20,7,4
3877,31,10,5,16,7,3
3878,36,10,12,14,6,4
3879,34,10,11,13,6,4
3880,37,13,11,13,8,5
3881,39,10,9,20,7,3
3882,22,6,5,11,3,3
3883,46,20,12,14,7,13
3884,44,25,14,5,9,16
3885,35,18,5,12,8,10
3886,50,25,8,17,12,13
3887,37,18,9,10,12,6
3888,33,14,8,11,7,7
3889,12,8,2,2,3,5
3890,36,9,7,20,5,4
3891,21,9,2,10,2,7
3892,0,0,0,0,0,0
3893,0,0,0,0,0,0
3894,8,3,2,3,1,2
3895,21,13,1,7,6,7
3896,18,14,1,3,4,10
3897,18,7,3,8,3,4
3898,44,22,10,12,12,10
3899,32,7,6,19,3,4
3900,34,9,11,14,5,4
3901,33,19,5,9,8,11
3902,24,11,4,9,5,6
3903,8,2,3,3,0,2
3904,45,24,5,16,8,16
3905,48,22,18,8,8,14
3906,42,28,8,6,12,16
3907,35,16,8,11,8,8
3908,25,10,8,7,4,6
3909,14,2,5,7,0,2
3910,39,9,9,21,6,3
3911,26,8,4,14,6,2
3912,11,1,5,5,1,0
3913,41,23,12,6,10,13
3914,62,49,2,11,16,33
3915,41,28,6,6,7,21
3916,30,25,4,1,7,18
3917,13,11,2,0,3,8
3918,6,4,0,2,4,0
3919,25,8,8,9,2,6
3920,9,3,4,2,2,1
3921,8,1,3,4,1,0
3922,12,2,5,5,1,1
3923,19,8,4,7,6,2
3924,26,11,4,11,5,6
3925,30,14,8,8,8,6
3926,40,11,7,22,6,5
3927,22,12,4,6,4,8
3928,31,8,8,15,3,5
3929,17,4,4,8,2,2
3930,19,7,1,11,6,1
3931,10,3,4,3,1,2
3932,19,17,2,0,2,15
3933,16,4,3,9,2,2
3934,9,3,2,4,1,2
3935,20,8,3,9,6,2
3936,40,17,8,15,8,9
3937,41,16,8,17,6,10
3938,37,7,16,14,2,5
3939,39,16,11,12,9,7
3940,18,5,5,8,2,3
3941,31,11,8,12,5,6
3942,8,3,0,5,2,1
3943,18,6,5,7,5,1
3944,15,5,2,8,3,2
3945,36,10,9,17,4,6
3946,32,14,9,9,8,6
3947,15,2,2,11,0,2
3948,34,9,4,21,5,4
3949,31,6,6,19,2,4
3950,18,4,3,11,2,2
3951,8,2,2,4,2,0
3952,49,21,13,15,7,14
3953,45,25,11,9,8,17
3954,31,21,6,4,9,12
3955,48,22,9,17,11,11
3956,31,10,6,13,2,8
3957,25,6,5,13,4,2
3958,10,4,3,3,1,3
3959,18,7,3,8,3,4
3960,46,25,10,11,15,10
3961,49,15,10,24,7,8
3962,0,0,0,0,0,0
3963,44,20,14,10,12,8
3964,32,13,7,12,9,4
3965,44,29,13,2,10,19
3966,37,21,7,9,9,12
3967,30,18,9,3,9,9
3968,28,9,9,10,5,4
3969,37,9,11,17,4,5
3970,25,13,4,8,5,8
3971,11,4,2,5,3,1
3972,35,14,5,16,8,6
3973,33,9,8,16,4,5
3974,17,4,4,9,2,2
3975,20,7,2,11,6,1
3976,8,2,2,4,1,1
3977,8,2,4,2,1,1
3978,23,5,9,9,3,2
3979,30,7,9,14,4,3
3980,18,6,6,6,2,4
3981,33,21,8,4,14,7
3982,21,13,5,3,6,7
3983,9,5,2,2,2,3
3984,32,10,10,12,7,3
3985,44,21,12,11,13,8
3986,44,24,13,7,14,10
3987,56,34,12,10,20,14
3988,47,14,18,15,8,6
3989,20,12,0,8,4,8
3990,7,2,2,3,2,0
3991,38,14,6,18,10,4
3992,28,9,7,12,6,3
3993,36,12,12,12,6,6
3994,11,4,3,4,4,0
3995,42,26,10,6,9,17
3996,39,21,9,9,10,11
3997,21,10,5,6,6,4
3998,7,3,4,0,3,0
3999,16,3,4,9,3,0
4000,32,15,9,8,5,10
4001,18,3,5,10,1,2
4002,41,7,9,25,3,4
4003,50,24,11,15,8,16
4004,31,20,5,6,10,10
4005,48,24,13,11,15,9
4006,53,28,15,10,15,13
4007,38,15,8,15,9,6
4008,0,0,0,0,0,0
4009,49,24,12,13,9,15
4010,40,22,7,11,9,13
4011,40,18,10,12,9,9
4012,49,26,8,15,12,14
4013,43,20,12,11,7,13
4014,43,19,11,13,9,10
4015,44,16,13,15,9,7
4016,32,14,6,12,9,5
4017,41,18,10,13,5,13
4018,41,23,9,9,8,15
4019,22,11,1,10,3,8
4020,10,6,2,2,4,2
4021,30,10,10,10,7,3
4022,38,12,12,14,7,5
4023,21,7,6,8,3,4
4024,32,5,10,17,4,1
4025,15,6,4,5,3,3
4026,53,35,11,7,13,22
4027,42,21,11,10,8,13
4028,46,27,13,6,13,14
4029,51,25,12,14,15,10
4030,47,24,10,13,13,11
4031,24,15,5,4,7,8
4032,15,7,2,6,4,3
4033,15,4,2,9,3,1
4034,22,8,7,7,4,4
4035,38,18,9,11,8,10
4036,31,4,3,24,3,1
4037,27,3,2,22,2,1
4038,29,9,5,15,7,2
4039,16,7,5,4,4,3
4040,23,5,7,11,2,3
4041,9,2,3,4,2,0
4042,38,10,10,18,8,2
4043,20,7,4,9,4,3
4044,35,10,6,19,5,5
4045,23,5,6,12,3,2
4046,7,0,3,4,0,0
4047,22,7,8,7,4,3
4048,31,13,5,13,11,2
4049,23,4,8,11,1,3
4050,40,14,11,15,6,8
4051,40,11,13,16,4,7
4052,14,4,5,5,2,2
4053,39,14,10,14,4,10
4054,19,10,4,5,3,7
4055,10,2,1,7,1,1
4056,30,6,9,15,4,2
4057,35,14,8,13,10,4
4058,23,11,5,7,9,2
4059,31,8,9,14,4,4
4060,31,8,7,16,4,4
4061,5,2,1,2,1,1
4062,27,8,8,11,7,1
4063,24,5,10,9,3,2
4064,37,16,8,13,4,12
4065,16,5,6,5,4,1
4066,6,5,1,0,2,3
4067,0,0,0,0,0,0
4068,10,2,3,5,0,2
4069,33,7,12,14,5,2
4070,22,6,7,9,4,2
4071,10,7,1,2,2,5
4072,15,7,3,5,4,3
4073,38,11,9,18,4,7
4074,37,12,8,17,4,8
4075,34,9,10,15,4,5
4076,40,17,7,15,11,6
4077,26,11,4,11,5,6
4078,6,2,2,2,1,1
4079,32,11,5,16,5,6
4080,31,8,9,14,3,5
4081,17,4,6,7,2,2
4082,9,2,3,4,2,0
4083,27,20,2,5,6,14
4084,29,16,6,7,8,8
4085,30,11,9,10,5,6
4086,0,0,0,0,0,0
4087,7,1,4,2,1,0
4088,29,13,6,10,4,9
4089,39,23,5,11,9,14
4090,10,8,1,1,3,5
4091,6,1,0,5,1,0
4092,37,15,10,12,5,10
4093,37,19,6,12,7,12
4094,26,13,5,8,2,11
4095,47,23,9,15,12,11
4096,23,5,2,13,1,4
4097,1,0,0,1,0,0
4098,14,6,2,6,4,2
4099,37,14,7,16,10,4
4100,23,4,6,13,1,3
4101,37,14,9,14,6,8
4102,35,11,10,14,5,6
4103,22,3,8,11,2,1
4104,5,1,0,4,1,0
4105,16,7,3,6,5,2
4106,19,4,3,12,1,3
4107,7,4,1,2,3,1
4108,49,21,13,15,7,14
4109,45,24,11,10,8,16
4110,41,24,10,7,9,15
4111,20,13,4,3,4,9
4112,39,17,8,14,7,10
4113,9,5,2,2,1,4
4114,7,1,2,4,0,1
4115,8,3,1,4,3,0
4116,18,4,4,9,2,2
4117,6,2,1,3,1,1
4118,15,8,3,4,5,3
4119,31,17,4,10,8,9
4120,15,8,4,3,3,5
4121,5,2,2,1,0,2
4122,21,8,2,11,3,5
4123,14,4,3,7,0,4
4124,0,0,0,0,0,0
4125,11,5,0,6,4,1
4126,2,1,0,1,0,1
4127,35,19,11,5,8,11
4128,41,17,11,13,11,6
4129,28,15,7,6,6,9
4130,36,19,8,9,10,9
4131,39,14,10,15,5,9
4132,31,7,11,13,2,5
4133,32,15,9,8,6,9
4134,41,15,11,15,10,5
4135,35,10,9,16,5,5
4136,23,8,5,10,7,1
4137,43,26,11,6,10,16
4138,40,19,8,13,8,11
4139,41,23,8,10,6,17
4140,20,5,3,12,1,4
4141,11,7,2,2,2,5
4142,17,5,7,5,4,1
4143,43,10,11,22,6,4
4144,38,11,7,20,6,5
4145,19,4,5,10,2,2
4146,31,7,12,12,2,5
4147,4,1,2,1,1,0
4148,15,3,4,8,1,2
4149,19,11,3,5,1,10
4150,41,20,8,13,10,10
4151,36,16,10,10,4,12
4152,44,17,8,19,8,9
4153,25,10,8,7,3,7
4154,19,5,6,8,1,4
4155,12,4,2,6,2,2
4156,41,18,12,11,9,9
4157,38,12,6,20,4,8
4158,49,27,12,10,12,15
4159,49,26,13,10,14,12
4160,11,9,1,1,5,4
4161,40,19,7,14,10,9
4162,42,14,4,24,7,7
4163,27,5,8,14,5,0
4164,23,6,8,9,4,2
4165,9,3,3,3,1,2
4166,17,5,4,8,1,4
4167,33,8,10,15,5,3
4168,44,11,8,25,7,4
4169,2,1,0,1,1,0
4170,19,4,5,10,1,3
4171,20,6,5,9,3,3
4172,11,5,2,4,3,2
4173,26,11,4,11,5,6
4174,8,4,1,3,1,3
4175,15,9,4,2,4,5
4176,4,1,2,1,1,0
4177,5,3,0,2,1,2
4178,16,6,4,6,4,2
4179,35,14,3,18,5,9
4180,36,33,3,0,11,22
4181,42,22,11,9,10,12
4182,34,8,11,15,6,2
4183,9,1,1,7,1,0
4184,32,10,8,14,8,2
4185,33,14,8,11,7,7
4186,31,16,8,7,6,10
4187,19,12,2,5,8,4
4188,16,5,4,7,3,2
4189,33,10,10,13,8,2
4190,33,9,10,14,5,4
4191,21,6,6,9,4,2
4192,46,29,10,7,9,20
4193,14,9,3,2,2,7
4194,42,37,4,1,15,22
4195,46,37,2,7,13,24
4196,0,0,0,0,0,0
4197,25,14,5,6,6,8
4198,21,8,7,6,4,4
4199,31,8,11,12,4,4
4200,22,5,7,10,4,1
4201,9,2,3,4,2,0
4202,39,26,8,5,8,18
4203,35,25,3,7,10,15
4204,32,21,3,8,4,17
4205,47,29,8,10,13,16
4206,18,5,7,6,4,1
4207,6,2,3,1,2,0
4208,20,3,6,11,1,2
4209,0,0,0,0,0,0
4210,38,15,11,12,7,8
4211,42,14,15,13,5,9
4212,34,6,10,18,2,4
4213,38,25,7,6,12,13
4214,24,16,3,5,3,13
4215,11,3,5,3,2,1
4216,18,4,6,8,3,1
4217,41,28,5,8,15,13
4218,46,25,15,6,10,15
4219,41,24,6,11,8,16
4220,22,10,2,10,2,8
4221,9,6,3,0,3,3
4222,0,0,0,0,0,0
4223,0,0,0,0,0,0
4224,33,12,9,12,6,6
4225,0,0,0,0,0,0
4226,3,2,0,1,0,2
4227,36,5,10,21,2,3
4228,19,10,6,3,3,7
4229,41,23,6,12,12,11
4230,47,24,7,16,12,12
4231,37,14,10,13,7,7
4232,22,8,6,8,5,3
4233,9,2,1,6,2,0
4234,3,2,0,1,1,1
4235,21,5,4,12,2,3
4236,18,3,5,10,1,2
4237,0,0,0,0,0,0
4238,0,0,0,0,0,0
4239,20,4,6,10,2,2
4240,28,10,6,12,6,4
4241,18,5,7,6,1,4
4242,30,9,7,14,4,5
4243,13,4,5,4,2,2
4244,10,3,3,4,0,3
4245,43,16,11,16,10,6
4246,24,7,4,13,2,5
4247,37,14,11,12,6,8
4248,30,9,14,7,7,2
4249,21,8,5,8,3,5
4250,8,2,2,4,1,1
4251,40,22,6,12,15,7
4252,36,14,5,17,6,8
4253,44,17,10,17,9,8
4254,36,8,4,24,4,4
4255,24,2,7,15,1,1
4256,34,7,9,18,7,0
4257,34,7,11,16,4,3
4258,31,7,8,16,3,4
4259,41,17,11,13,8,9
4260,35,17,9,9,6,11
4261,23,11,6,6,5,6
4262,35,12,6,17,5,7
4263,28,11,8,9,2,9
4264,8,5,2,1,1,4
4265,14,4,4,6,1,3
4266,14,8,4,2,2,6
4267,38,26,9,3,10,16
4268,41,9,12,20,5,4
4269,33,11,12,10,5,6
4270,22,4,7,11,3,1
4271,10,3,3,4,2,1
4272,36,10,12,14,6,4
4273,40,14,13,13,8,6
4274,25,8,7,10,4,4
4275,27,15,4,8,3,12
4276,21,10,2,9,2,8
4277,10,6,2,2,4,2
4278,35,14,7,14,3,11
4279,42,21,9,12,8,13
4280,43,25,6,12,12,13
4281,33,10,8,13,6,4
4282,20,5,1,14,5,0
4283,7,5,0,2,5,0
4284,36,9,13,14,4,5
4285,42,22,8,12,7,15
4286,33,19,10,4,9,10
4287,39,22,6,11,8,14
4288,44,26,6,12,13,13
4289,35,16,9,10,10,6
4290,32,15,8,9,7,8
4291,13,9,2,2,4,5
4292,33,19,6,8,10,9
4293,1,0,0,1,0,0
4294,15,5,0,10,3,2
4295,16,6,4,6,3,3
4296,34,13,8,13,6,7
4297,23,5,4,14,5,0
4298,10,2,4,4,0,2
4299,16,6,7,3,1,5
4300,29,12,6,11,5,7
4301,18,5,7,6,1,4
4302,13,3,4,6,0,3
4303,23,4,8,11,4,0
4304,9,2,0,7,1,1
4305,7,3,2,2,2,1
4306,20,4,4,12,3,1
4307,32,13,3,16,6,7
4308,11,3,4,4,1,2
4309,8,0,3,5,0,0
4310,34,7,11,16,3,4
4311,35,10,8,17,10,0
4312,25,5,8,12,1,4
4313,38,13,11,14,5,8
4314,41,12,13,16,5,7
4315,24,5,8,11,3,2
4316,10,6,2,2,4,2
4317,43,28,12,3,6,22
4318,27,21,4,2,10,11
4319,17,9,3,5,1,8
4320,40,25,7,8,12,13
4321,47,29,9,9,12,17
4322,15,12,0,3,6,6
4323,8,4,4,0,1,3
4324,33,19,3,11,9,10
4325,53,28,13,12,16,12
4326,9,3,4,2,2,1
4327,1,0,0,1,0,0
4328,9,5,2,2,3,2
4329,37,12,6,19,7,5
4330,0,0,0,0,0,0
4331,21,5,3,13,2,3
4332,19,7,2,10,5,2
4333,29,13,4,12,9,4
4334,20,6,4,10,2,4
4335,24,8,5,11,3,5
4336,31,12,10,8,6,6
4337,12,6,3,3,4,2
4338,39,15,11,12,5,10
4339,45,25,8,12,15,10
4340,22,12,5,5,6,6
4341,8,3,3,2,2,1
4342,16,10,1,4,4,6
4343,29,13,5,11,6,7
4344,2,1,0,1,1,0
4345,9,3,3,3,2,1
4346,5,1,2,2,0,1
4347,32,13,10,9,7,6
4348,0,0,0,0,0,0
4349,27,10,5,12,6,4
4350,29,13,6,10,9,4
4351,11,3,1,6,2,1
4352,7,2,2,3,1,1
4353,16,6,6,4,3,3
4354,27,8,7,12,2,6
4355,30,5,11,12,5,0
4356,23,6,7,9,4,2
4357,12,2,4,6,1,1
4358,22,12,3,7,7,5
4359,18,4,3,11,1,3
4360,9,4,1,4,3,1
4361,9,2,3,4,2,0
4362,32,12,14,6,7,5
4363,28,10,8,8,5,5
4364,38,17,7,14,10,7
4365,0,0,0,0,0,0
4366,8,2,2,4,2,0
4367,16,4,4,8,1,3
4368,25,8,6,11,4,4
4369,0,0,0,0,0,0
4370,10,4,3,3,4,0
4371,50,28,8,14,14,14
4372,42,15,6,20,7,8
4373,24,9,5,10,4,5
4374,1,1,0,0,0,1
4375,33,6,11,16,3,3
4376,36,13,16,7,7,6
4377,38,12,10,16,6,6
4378,32,9,9,14,4,5
4379,32,10,9,13,5,5
4380,29,11,5,13,5,6
4381,18,6,6,6,1,5
4382,18,6,5,7,3,3
4383,35,14,7,14,6,8
4384,21,8,3,10,6,2
4385,34,7,7,20,6,1
4386,45,23,13,9,9,14
4387,34,19,10,5,10,9
4388,48,32,6,10,12,20
4389,36,26,6,4,12,14
4390,14,8,1,5,6,2
4391,2,1,0,1,0,1
4392,39,15,10,14,5,10
4393,35,18,4,13,7,11
4394,30,9,7,14,3,6
4395,40,10,8,20,8,2
4396,1,0,0,1,0,0
4397,24,6,6,12,4,2
4398,37,10,15,12,6,4
4399,2,1,0,1,0,1
4400,38,20,9,9,11,9
4401,43,21,10,12,12,9
4402,32,19,8,5,10,9
4403,41,21,12,8,13,8
4404,35,14,8,13,7,7
4405,19,9,7,3,4,5
4406,4,2,1,1,2,0
4407,7,2,0,5,2,0
4408,12,4,5,3,2,2
4409,34,12,8,14,5,7
4410,27,7,10,10,5,2
4411,7,2,3,2,0,2
4412,38,18,4,16,7,11
4413,43,17,8,18,10,7
4414,21,7,7,7,5,2
4415,9,3,4,2,1,2
4416,14,4,4,6,2,2
4417,29,19,6,4,9,10
4418,28,13,7,8,4,9
4419,34,11,6,17,5,6
4420,2,1,1,0,0,1
4421,8,1,2,5,1,0
4422,15,6,4,5,1,5
4423,41,23,12,6,9,14
4424,32,15,6,11,8,7
4425,39,24,8,7,6,18
4426,17,12,1,4,5,7
4427,11,5,2,4,0,5
4428,28,10,9,9,8,2
4429,36,8,12,16,3,5
4430,4,3,1,0,2,1
4431,19,8,4,7,5,3
4432,19,3,8,8,2,1
4433,22,11,6,5,6,5
4434,31,5,12,14,3,2
4435,21,8,4,9,4,4
4436,38,19,6,13,8,11
4437,34,18,6,10,6,12
4438,46,23,9,14,13,10
4439,33,11,8,13,2,9
4440,18,4,5,9,2,2
4441,8,4,1,3,2,2
4442,47,23,15,9,15,8
4443,38,18,7,13,12,6
4444,47,31,13,3,11,20
4445,51,26,10,15,11,15
4446,36,23,8,5,9,14
4447,0,0,0,0,0,0
4448,1,0,0,1,0,0
4449,17,7,7,3,4,3
4450,18,3,5,10,2,1
4451,10,4,3,3,3,1
4452,36,13,8,15,9,4
4453,1,0,0,1,0,0
4454,20,5,3,12,3,2
4455,27,12,5,10,6,6
4456,44,9,11,24,4,5
4457,34,9,10,15,8,1
4458,19,4,7,8,3,1
4459,6,2,2,2,1,1
4460,24,13,2,9,8,5
4461,19,6,8,5,2,4
4462,31,13,11,7,8,5
4463,35,11,6,15,7,4
4464,13,4,4,5,3,1
4465,9,2,1,6,0,2
4466,41,15,10,16,4,11
4467,29,13,6,10,4,9
4468,44,21,8,15,6,15
4469,51,26,11,14,14,12
4470,39,12,7,17,3,9
4471,33,10,5,18,4,6
4472,11,3,5,3,1,2
4473,32,12,10,10,5,7
4474,15,4,6,5,2,2
4475,19,8,3,8,6,2
4476,29,8,9,12,5,3
4477,33,7,9,17,3,4
4478,30,12,11,7,5,7
4479,13,4,2,7,3,1
4480,31,9,10,12,6,3
4481,31,11,5,15,7,4
4482,19,5,4,10,5,0
4483,9,5,2,2,3,2
4484,35,15,7,13,10,5
4485,33,10,11,12,6,4
4486,22,9,5,8,8,1
4487,44,29,6,9,13,16
4488,37,23,9,5,11,12
4489,24,8,6,10,3,5
4490,18,6,7,5,1,5
4491,16,7,2,7,4,3
4492,39,14,10,15,7,7
4493,36,17,7,12,8,9
4494,43,16,13,14,9,7
4495,30,13,5,12,8,5
4496,41,18,10,13,5,13
4497,35,19,9,7,5,14
4498,16,9,1,6,3,6
4499,43,25,8,10,9,16
4500,0,0,0,0,0,0
4501,0,0,0,0,0,0
4502,28,11,6,11,7,4
4503,40,13,14,13,7,6
4504,34,14,5,15,8,6
4505,29,12,7,10,9,3
4506,32,11,11,10,6,5
4507,26,8,5,13,5,3
4508,15,4,8,3,1,3
4509,34,11,9,14,7,4
4510,42,15,13,14,10,5
4511,35,16,5,14,8,8
4512,26,12,6,8,9,3
4513,18,3,1,14,2,1
4514,32,9,12,11,7,2
4515,23,5,10,8,3,2
4516,8,0,2,6,0,0
4517,32,9,13,10,3,6
4518,38,8,14,16,3,5
4519,43,15,16,12,7,8
4520,34,14,6,14,5,9
4521,19,4,4,11,2,2
4522,7,0,1,6,0,0
4523,31,15,6,10,5,10
4524,39,14,9,16,6,8
4525,36,10,14,12,4,6
4526,24,6,7,11,5,1
4527,0,0,0,0,0,0
4528,9,2,1,6,2,0
4529,21,10,7,4,5,5
4530,34,19,3,12,9,10
4531,35,20,6,9,6,14
4532,33,25,2,5,14,11
4533,37,6,14,17,5,1
4534,31,7,7,17,4,3
4535,19,7,3,9,4,3
4536,41,26,7,8,11,15
4537,40,30,6,4,13,17
4538,28,18,5,5,5,13
4539,29,17,7,5,6,11
4540,11,7,2,2,1,6
4541,18,6,5,7,3,3
4542,35,13,13,9,7,6
4543,35,12,9,14,6,6
4544,16,9,3,4,7,2
4545,24,12,7,5,6,6
4546,29,15,5,9,8,7
4547,48,25,10,13,10,15
4548,39,25,9,5,12,13
4549,26,10,8,8,4,6
4550,2,0,1,1,0,0
4551,33,12,7,14,6,6
4552,39,16,6,17,8,8
4553,34,15,8,11,11,4
4554,24,11,5,8,7,4
4555,25,7,3,15,5,2
4556,11,2,3,6,1,1
4557,8,0,4,4,0,0
4558,17,3,5,9,1,2
4559,1,0,0,1,0,0
4560,0,0,0,0,0,0
4561,12,1,6,5,0,1
4562,27,7,11,9,4,3
4563,19,7,6,6,4,3
4564,16,4,4,8,2,2
4565,0,0,0,0,0,0
4566,37,9,11,17,4,5
4567,36,14,7,15,9,5
4568,16,4,6,6,3,1
4569,37,10,12,15,7,3
4570,31,12,9,10,8,4
4571,23,11,7,5,5,6
4572,8,2,3,3,1,1
4573,30,8,10,12,5,3
4574,36,7,9,20,4,3
4575,38,12,16,10,5,7
4576,41,15,10,16,7,8
4577,44,23,7,14,11,12
4578,25,12,6,7,6,6
4579,15,6,3,6,4,2
4580,43,21,7,15,10,11
4581,41,22,5,14,8,14
4582,43,25,9,9,8,17
4583,52,32,10,10,13,19
4584,50,29,9,11,15,14
4585,26,5,8,13,2,3
4586,10,9,0,1,2,7
4587,36,7,13,16,5,2
4588,18,3,5,10,2,1
4589,22,6,8,8,4,2
4590,29,10,9,10,4,6
4591,25,5,2,18,1,4
4592,22,6,7,9,4,2
4593,9,2,3,4,2,0
4594,0,0,0,0,0,0
4595,9,2,2,5,1,1
4596,16,5,4,7,3,2
4597,36,8,13,15,7,1
4598,37,10,12,15,6,4
4599,22,8,6,8,4,4
4600,10,1,3,6,0,1
4601,20,1,7,12,0,1
4602,29,6,7,16,3,3
4603,35,10,8,17,6,4
4604,43,10,15,18,6,4
4605,30,4,11,15,3,1
4606,13,1,4,8,1,0
4607,36,13,9,14,7,6
4608,25,10,7,8,5,5
4609,50,33,8,9,12,21
4610,51,41,5,5,18,23
4611,40,25,9,6,10,15
4612,50,30,8,12,8,22
4613,49,34,8,7,13,21
4614,26,11,7,8,5,6
4615,4,3,0,1,0,3
4616,15,10,2,3,2,8
4617,17,11,2,4,4,7
4618,39,30,6,3,15,15
4619,46,24,8,14,9,15
4620,44,28,10,6,12,16
4621,30,12,9,9,6,6
4622,12,8,4,0,4,4
4623,0,0,0,0,0,0
4624,31,11,8,12,6,5
4625,48,27,8,13,14,13
4626,44,15,7,21,6,9
4627,24,9,5,10,4,5
4628,11,3,4,4,0,3
4629,12,1,3,8,0,1
4630,34,9,13,12,4,5
4631,40,16,10,14,11,5
4632,21,6,4,11,2,4
4633,37,13,12,12,5,8
4634,30,11,12,7,8,3
4635,16,2,4,10,1,1
4636,9,5,2,2,3,2
4637,18,10,5,3,5,5
4638,33,7,10,16,4,3
4639,38,7,11,20,4,3
4640,0,0,0,0,0,0
4641,36,10,14,12,4,6
4642,45,18,13,14,9,9
4643,28,15,7,6,5,10
4644,43,22,11,10,10,12
4645,32,14,8,10,7,7
4646,22,4,5,13,2,2
4647,32,11,7,14,2,9
4648,26,8,7,11,4,4
4649,26,9,9,8,7,2
4650,20,8,6,6,4,4
4651,13,6,0,7,1,5
4652,0,0,0,0,0,0
4653,16,5,9,2,2,3
4654,33,15,11,7,8,7
4655,25,11,7,7,7,4
4656,20,7,6,7,2,5
4657,28,8,7,13,4,4
4658,23,8,5,10,5,3
4659,39,23,9,7,14,9
4660,39,19,7,13,9,10
4661,26,13,7,6,5,8
4662,48,29,11,8,14,15
4663,49,28,9,11,15,13
4664,17,3,5,9,0,3
4665,13,9,2,2,5,4
4666,7,2,1,4,2,0
4667,28,11,8,9,7,4
4668,38,18,10,10,11,7
4669,47,27,13,7,10,17
4670,50,35,9,6,11,24
4671,44,28,6,10,12,16
4672,35,22,6,7,12,10
4673,12,10,1,1,5,5
4674,13,4,2,7,2,2
4675,41,11,14,16,7,4
4676,35,8,12,15,3,5
4677,36,8,7,21,5,3
4678,44,28,7,9,13,15
4679,34,5,12,17,4,1
4680,17,6,3,8,6,0
4681,9,1,1,7,1,0
4682,14,4,4,6,2,2
4683,40,12,13,15,7,5
4684,36,14,4,17,4,10
4685,7,1,2,4,0,1
4686,34,20,6,8,12,8
4687,40,19,9,12,8,11
4688,39,24,7,8,8,16
4689,53,28,14,11,16,12
4690,39,19,5,13,11,8
4691,21,14,2,4,6,8
4692,36,13,10,13,5,8
4693,34,18,5,11,7,11
4694,33,15,10,8,2,13
4695,52,35,8,9,14,21
4696,18,11,3,4,7,4
4697,17,4,4,9,1,3
4698,16,6,6,4,5,1
4699,31,12,11,8,5,7
4700,20,7,6,7,4,3
4701,19,5,9,5,4,1
4702,0,0,0,0,0,0
4703,7,2,2,3,2,0
4704,39,16,15,8,7,9
4705,45,26,6,12,13,13
4706,49,30,7,12,11,19
4707,33,25,3,5,10,15
4708,33,16,7,10,7,9
4709,24,9,8,7,5,4
4710,9,7,1,1,3,4
4711,19,9,4,6,3,6
4712,40,19,7,14,6,13
4713,24,16,3,5,7,9
4714,11,5,2,4,0,5
4715,17,3,7,7,1,2
4716,24,10,4,10,6,4
4717,39,8,14,17,6,2
4718,36,8,6,20,5,3
4719,8,2,2,4,1,1
4720,40,13,8,19,7,6
4721,36,11,6,19,6,5
4722,35,13,5,17,5,8
4723,0,0,0,0,0,0
4724,27,13,8,6,4,9
4725,43,26,8,9,8,18
4726,35,10,7,17,5,5
4727,30,17,4,9,5,12
4728,34,18,8,8,10,8
4729,46,27,6,13,13,14
4730,43,30,6,7,10,20
4731,38,24,5,9,8,16
4732,4,1,2,1,1,0
4733,42,23,10,9,7,16
4734,24,8,8,8,6,2
4735,27,9,7,11,5,4
4736,22,7,3,12,4,3
4737,35,6,8,21,3,3
4738,29,6,6,17,4,2
4739,19,4,4,10,2,2
4740,20,7,1,12,6,1
4741,35,13,15,7,3,10
4742,44,17,8,19,8,9
4743,8,4,3,1,2,2
4744,48,30,10,8,5,25
4745,48,30,7,11,13,17
4746,36,22,6,8,12,10
4747,13,11,1,1,6,5
4748,27,10,6,11,7,3
4749,37,10,9,18,6,4
4750,44,12,15,17,5,7
4751,19,5,5,9,3,2
4752,20,7,3,7,3,4
4753,2,0,0,2,0,0
4754,1,0,0,1,0,0
4755,36,11,8,17,5,6
4756,0,0,0,0,0,0
4757,24,10,9,5,7,3
4758,46,21,11,14,12,9
4759,24,7,8,9,2,5
4760,11,3,2,6,2,1
4761,25,3,8,14,1,2
4762,33,10,4,19,5,5
4763,27,8,8,11,4,4
4764,44,12,15,17,5,7
4765,36,13,11,12,5,8
4766,22,5,7,10,2,3
4767,3,2,0,1,0,2
4768,24,15,2,7,7,8
4769,39,17,8,14,5,12
4770,34,13,10,11,5,8
4771,34,12,5,17,5,7
4772,19,5,3,11,1,4
4773,11,5,2,4,0,5
4774,37,5,11,21,5,0
4775,31,6,7,18,5,1
4776,14,8,2,4,3,5
4777,39,14,5,20,9,5
4778,37,10,8,17,3,7
4779,23,13,4,6,7,6
4780,10,4,2,4,2,2
4781,21,12,2,7,7,5
4782,20,4,5,11,4,0
4783,9,3,3,3,1,2
4784,28,8,6,14,4,4
4785,31,8,8,15,6,2
4786,28,11,5,12,6,5
4787,6,2,1,3,1,1
4788,18,8,6,4,4,4
4789,42,16,11,15,11,5
4790,16,5,7,4,2,3
4791,37,9,10,18,7,2
4792,33,9,7,17,5,4
4793,22,10,3,9,4,6
4794,7,2,2,3,1,1
4795,20,10,2,8,6,4
4796,47,28,5,14,8,20
4797,31,15,7,9,7,8
4798,22,15,4,3,6,9
4799,10,6,3,1,1,5
4800,27,6,10,11,3,3
4801,42,13,15,14,7,6
4802,6,1,1,4,1,0
4803,50,35,7,8,10,25
4804,39,22,6,11,8,14
4805,52,30,11,11,15,15
4806,46,30,7,9,13,17
4807,27,20,1,6,13,7
4808,10,5,3,2,2,3
4809,17,5,7,5,4,1
4810,11,4,3,4,4,0
4811,0,0,0,0,0,0
4812,18,4,5,9,2,2
4813,23,10,6,7,4,6
4814,12,6,3,3,2,4
4815,10,2,1,7,1,1
4816,1,0,0,1,0,0
4817,9,3,3,3,2,1
4818,17,3,5,9,1,2
4819,38,22,7,9,8,14
4820,40,21,12,7,11,10
4821,32,15,6,11,8,7
4822,28,12,6,10,8,4
4823,19,6,4,9,4,2
4824,11,3,4,4,1,2
4825,0,0,0,0,0,0
4826,12,3,3,6,1,2
4827,7,2,3,2,1,1
4828,21,8,5,8,5,3
4829,10,4,1,5,1,3
4830,16,9,2,5,2,7
4831,54,31,11,12,15,16
4832,13,4,3,6,4,0
4833,10,3,1,6,2,1
4834,20,8,6,6,6,2
4835,33,9,9,15,6,3
4836,15,8,3,4,3,5
4837,26,14,4,8,8,6
4838,42,21,10,11,7,14
4839,43,29,5,9,13,16
4840,41,20,11,10,12,8
4841,30,18,8,4,11,7
4842,21,13,5,3,5,8
4843,1,1,0,0,1,0
4844,32,14,8,10,8,6
4845,29,13,7,9,7,6
4846,34,11,10,13,3,8
4847,51,34,5,12,13,21
4848,29,12,9,8,4,8
4849,25,6,5,14,5,1
4850,8,2,4,2,1,1
4851,0,0,0,0,0,0
4852,14,8,3,3,3,5
4853,36,19,11,6,7,12
4854,2,1,1,0,1,0
4855,34,9,11,14,5,4
4856,39,18,9,12,11,7
4857,30,14,7,9,10,4
4858,35,12,15,8,6,6
4859,38,21,4,13,7,14
4860,21,12,4,5,6,6
4861,0,0,0,0,0,0
4862,30,11,6,13,7,4
4863,31,8,4,19,5,3
4864,5,4,0,1,2,2
4865,23,7,9,7,1,6
4866,32,11,8,13,7,4
4867,39,12,13,14,6,6
4868,42,7,13,22,5,2
4869,37,19,9,6,10,9
4870,19,8,5,5,2,6
4871,0,0,0,0,0,0
4872,15,4,2,9,3,1
4873,13,4,3,6,4,0
4874,19,4,3,12,1,3
4875,6,3,1,2,1,2
4876,5,1,2,2,1,0
4877,18,6,0,12,3,3
4878,22,4,5,13,0,4
4879,38,17,9,12,12,5
4880,31,12,5,14,5,7
4881,0,0,0,0,0,0
4882,7,1,2,4,0,1
4883,14,3,1,10,3,0
4884,38,10,13,15,5,5
4885,0,0,0,0,0,0
4886,8,2,2,4,2,0
4887,11,2,1,8,2,0
4888,38,10,13,15,5,5
4889,32,8,8,16,6,2
4890,14,3,7,4,2,1
4891,40,10,9,21,6,4
4892,24,5,4,15,2,3
4893,23,5,6,12,3,2
4894,31,14,4,13,3,11
4895,41,20,8,13,10,10
4896,17,6,6,5,1,5
4897,40,16,6,18,7,9
4898,14,3,1,10,1,2
4899,6,3,2,1,3,0
4900,12,4,4,4,3,1
4901,34,10,9,15,5,5
4902,25,8,8,9,4,4
4903,42,19,12,11,7,12
4904,25,14,5,6,7,7
4905,16,3,3,10,2,1
4906,20,6,5,9,2,4
4907,19,6,7,6,1,5
4908,36,13,16,7,7,6
4909,31,11,13,7,5,6
4910,25,12,4,9,8,4
4911,39,14,13,12,7,7
4912,33,7,8,18,4,3
4913,23,5,10,8,3,2
4914,17,2,7,8,1,1
4915,41,20,9,12,10,10
4916,41,28,2,10,14,14
4917,26,13,6,7,3,10
4918,10,9,0,1,2,7
4919,24,8,7,9,6,2
4920,42,14,12,16,9,5
4921,31,12,10,9,8,4
4922,25,9,8,8,6,3
4923,18,6,4,8,3,3
4924,32,9,7,16,5,4
4925,42,13,12,17,8,5
4926,22,4,6,12,3,1
4927,8,2,3,3,1,1
4928,15,2,3,10,1,1
4929,1,0,0,1,0,0
4930,12,3,3,6,3,0
4931,10,4,2,4,4,0
4932,29,8,11,10,5,3
4933,37,8,13,16,6,2
4934,45,14,8,23,7,7
4935,17,5,7,5,3,2
4936,9,4,2,3,4,0
4937,16,3,2,11,3,0
4938,0,0,0,0,0,0
4939,30,11,10,9,6,5
4940,31,8,10,13,6,2
4941,21,6,5,10,3,3
4942,31,6,11,14,2,4
4943,25,10,8,7,5,5
4944,27,13,6,8,7,6
4945,28,13,8,7,7,6
4946,0,0,0,0,0,0
4947,36,9,12,15,6,3
4948,29,5,11,13,3,2
4949,0,0,0,0,0,0
4950,4,2,1,1,2,0
4951,37,11,12,14,5,6
4952,12,4,3,5,2,2
4953,21,6,4,11,3,3
4954,31,5,12,14,1,4
4955,40,19,11,10,11,8
4956,41,15,8,18,8,7
4957,47,15,19,13,11,4
4958,38,16,8,14,8,8
4959,23,8,6,9,5,3
4960,38,16,12,10,7,9
4961,41,19,9,13,11,8
4962,38,10,7,21,3,7
4963,49,17,20,12,13,4
4964,42,22,9,11,11,11
4965,28,10,6,12,5,5
4966,9,5,2,2,2,3
4967,20,6,2,12,3,3
4968,27,7,8,12,3,4
4969,35,10,6,19,8,2
4970,32,13,8,11,6,7
4971,19,6,5,8,2,4
4972,5,0,3,2,0,0
4973,3,1,0,2,1,0
4974,19,11,5,3,6,5
4975,9,4,1,4,3,1
4976,30,16,5,6,6,10
4977,26,14,5,7,6,8
4978,9,7,0,2,2,5
4979,40,21,9,10,7,14
4980,28,9,9,10,8,1
4981,46,32,11,3,12,20
4982,45,24,8,13,11,13
4983,39,25,9,5,10,15
4984,29,12,9,8,6,6
4985,13,9,2,2,5,4
4986,13,4,7,2,3,1
4987,39,9,8,22,5,4
4988,39,11,7,21,6,5
4989,0,0,0,0,0,0
4990,23,10,4,9,6,4
4991,10,3,2,5,1,2
4992,19,3,6,10,2,1
4993,29,11,7,11,7,4
4994,17,9,4,4,4,5
4995,28,10,6,12,5,5
4996,11,7,2,2,2,5
4997,30,8,10,10,3,5
4998,13,5,3,5,1,4
4999,39,10,11,18,5,5
5000,5,3,1,1,2,1
5001,12,10,2,0,6,4
5002,20,11,1,8,2,9
5003,42,25,6,11,13,12
5004,29,16,6,7,2,14
5005,42,30,2,9,16,14
5006,19,9,4,6,2,7
5007,10,9,0,1,2,7
5008,19,6,6,7,4,2
5009,25,11,6,8,7,4
5010,38,15,12,11,7,8
5011,19,4,3,12,2,2
5012,2,1,0,1,0,1
5013,30,10,10,10,6,4
5014,39,11,14,14,5,6
5015,35,18,9,5,9,9
5016,20,10,5,4,4,6
5017,5,2,0,3,1,1
5018,0,0,0,0,0,0
5019,12,8,2,2,6,2
5020,16,3,3,10,2,1
5021,0,0,0,0,0,0
5022,29,8,4,17,4,4
5023,38,28,6,4,5,23
5024,14,8,2,4,3,5
5025,4,1,0,3,0,1
5026,9,4,3,2,1,3
5027,17,2,7,8,1,1
5028,16,6,2,8,4,2
5029,17,2,8,7,2,0
5030,17,7,4,6,5,2
5031,48,23,14,11,13,10
5032,36,19,9,8,8,11
5033,37,24,8,5,6,18
5034,37,27,6,4,12,15
5035,20,11,5,4,5,6
5036,7,5,1,1,0,5
5037,28,12,8,8,4,8
5038,39,13,10,16,7,6
5039,35,9,6,19,6,3
5040,3,1,1,1,0,1
5041,37,14,11,12,7,7
5042,38,9,14,15,4,5
5043,40,20,11,9,6,14
5044,45,29,6,10,12,17
5045,5,3,1,1,1,2
5046,30,15,6,9,10,5
5047,37,15,10,12,5,10
5048,34,10,8,16,2,8
5049,24,8,6,10,5,3
5050,13,7,4,2,5,2
5051,28,6,6,16,2,4
5052,48,27,11,10,14,13
5053,41,23,10,8,12,11
5054,27,11,5,11,8,3
5055,7,2,2,3,1,1
5056,15,3,6,6,3,0
5057,22,9,5,8,5,4
5058,10,4,1,5,1,3
5059,34,18,4,12,4,14
5060,33,4,6,23,3,1
5061,1,0,0,1,0,0
5062,11,3,2,6,2,1
5063,26,13,4,9,6,7
5064,36,16,8,12,5,11
5065,43,20,12,11,7,13
5066,24,10,10,4,5,5
5067,36,20,4,12,8,12
5068,35,13,8,14,6,7
5069,40,16,11,13,6,10
5070,3,0,1,2,0,0
5071,11,5,2,4,3,2
5072,30,13,8,9,7,6
5073,29,17,7,5,7,10
5074,20,8,5,7,4,4
5075,11,3,3,5,3,0
5076,15,7,3,5,2,5
5077,16,1,5,10,1,0
5078,20,2,8,10,2,0
5079,15,2,5,8,1,1
5080,0,0,0,0,0,0
5081,23,5,5,13,2,3
5082,26,10,5,11,6,4
5083,39,9,13,17,5,4
5084,30,10,4,16,5,5
5085,0,0,0,0,0,0
5086,34,22,7,5,8,14
5087,37,29,2,6,8,21
5088,31,23,3,5,4,19
5089,48,32,7,9,11,21
5090,41,30,8,3,12,18
5091,21,11,2,8,4,7
5092,0,0,0,0,0,0
5093,35,11,5,19,4,7
5094,45,23,12,10,13,10
5095,45,23,12,10,14,9
5096,27,10,5,12,7,3
5097,3,0,0,3,0,0
5098,38,15,8,15,10,5
5099,44,20,15,9,11,9
5100,44,27,7,10,14,13
5101,50,27,10,13,6,21
5102,32,18,4,10,12,6
5103,5,3,0,2,1,2
5104,34,14,13,7,7,7
5105,20,6,5,9,5,1
5106,11,4,3,4,4,0
5107,18,3,3,12,1,2
5108,26,8,2,16,7,1
5109,41,14,9,18,10,4
5110,16,3,4,9,3,0
5111,16,10,2,4,6,4
5112,9,4,0,5,1,3
5113,13,2,2,9,1,1
5114,1,0,0,1,0,0
5115,18,8,3,7,3,5
5116,33,12,8,13,6,6
5117,18,6,6,6,2,4
5118,9,2,3,4,2,0
5119,35,9,11,15,8,1
5120,34,6,9,19,5,1
5121,17,4,4,9,3,1
5122,26,8,4,14,6,2
5123,4,0,1,3,0,0
5124,37,27,7,3,8,19
5125,46,30,8,8,10,20
5126,38,20,11,7,7,13
5127,49,23,9,17,9,14
5128,50,31,9,10,7,24
5129,13,10,1,2,5,5
5130,6,2,1,3,0,2
5131,18,6,5,7,3,3
5132,26,11,5,10,7,4
5133,29,17,9,3,9,8
5134,37,19,8,10,8,11
5135,18,8,3,7,1,7
5136,21,10,1,10,4,6
5137,17,5,4,8,3,2
5138,21,8,2,11,3,5
5139,36,13,8,15,9,4
5140,30,18,8,4,10,8
5141,48,24,11,13,13,11
5142,47,24,9,14,9,15
5143,23,12,5,6,3,9
5144,38,20,11,7,7,13
5145,49,32,5,12,11,21
5146,43,30,10,3,4,26
5147,20,9,5,6,3,6
5148,8,3,1,4,1,2
5149,25,13,7,5,5,8
5150,3,1,1,1,1,0
5151,19,3,8,8,2,1
5152,39,14,12,13,6,8
5153,31,7,15,9,7,0
5154,15,3,3,9,3,0
5155,14,2,4,8,1,1
5156,15,0,8,7,0,0
5157,37,8,11,18,4,4
5158,19,5,4,10,4,1
5159,21,5,8,8,4,1
5160,20,11,5,4,3,8
5161,10,7,2,1,3,4
5162,19,2,4,13,1,1
5163,37,10,6,21,6,4
5164,36,19,10,7,9,10
5165,44,23,11,10,12,11
5166,35,11,8,16,7,4
5167,38,14,13,11,5,9
5168,32,11,8,13,8,3
5169,25,6,5,14,4,2
5170,12,2,1,9,0,2
5171,44,24,12,8,11,13
5172,45,27,8,9,15,12
5173,26,5,7,14,2,3
5174,7,4,2,1,2,2
5175,25,2,6,17,1,1
5176,3,1,1,1,1,0
5177,35,18,5,12,7,11
5178,1,0,0,1,0,0
5179,21,4,2,15,2,2
5180,28,13,8,7,7,6
5181,33,13,7,13,7,6
5182,23,12,6,5,6,6
5183,18,10,3,5,5,5
5184,10,3,1,6,1,2
5185,27,10,5,12,5,5
5186,30,11,10,9,6,5
5187,37,6,13,18,4,2
5188,40,21,9,7,11,10
5189,18,8,5,4,4,4
5190,10,5,2,3,2,3
5191,36,22,7,7,10,12
5192,1,0,0,1,0,0
5193,9,2,3,4,1,1
5194,16,7,2,7,5,2
5195,14,2,3,9,0,2
5196,8,4,1,3,3,1
5197,2,1,0,1,1,0
5198,13,9,2,2,5,4
5199,13,6,1,6,2,4
5200,19,7,7,5,4,3
5201,9,5,2,2,3,2
5202,16,5,5,6,2,3
5203,42,18,14,10,7,11
5204,45,28,11,6,11,17
5205,40,24,11,5,9,15
5206,50,22,9,19,9,13
5207,48,35,9,4,13,22
5208,6,3,0,3,0,3
5209,27,11,7,9,2,9
5210,22,8,7,7,4,4
5211,6,2,2,2,2,0
5212,39,14,9,16,9,5
5213,43,21,11,11,9,12
5214,36,18,8,10,6,12
5215,14,9,2,3,2,7
5216,4,2,0,2,0,2
5217,37,18,5,14,11,7
5218,49,22,12,14,11,11
5219,49,21,14,14,10,11
5220,21,10,5,5,4,6
5221,7,4,0,3,1,3
5222,2,1,0,1,0,1
5223,1,0,0,1,0,0
5224,18,5,8,5,2,3
5225,37,17,10,10,10,7
5226,55,27,14,14,10,17
5227,44,19,8,15,5,14
5228,26,14,5,7,5,9
5229,12,5,2,5,2,3
5230,14,2,5,7,1,1
5231,24,11,3,10,5,6
5232,10,4,3,3,1,3
5233,16,5,6,5,2,3
5234,47,10,17,20,6,4
5235,14,6,2,6,4,2
5236,31,13,10,8,7,6
5237,9,2,3,4,0,2
5238,17,1,5,11,1,0
5239,20,4,4,12,3,1
5240,34,12,5,17,10,2
5241,40,27,10,3,8,19
5242,38,21,7,10,10,11
5243,37,24,8,5,11,13
5244,20,5,9,6,2,3
5245,16,4,4,8,2,2
5246,28,7,10,11,3,4
5247,20,1,6,13,1,0
5248,16,3,6,7,2,1
5249,9,2,1,6,2,0
5250,16,6,4,6,3,3
5251,36,10,14,12,4,6
5252,31,9,11,11,7,2
5253,23,5,7,11,5,0
5254,9,3,2,4,2,1
5255,32,13,6,13,9,4
5256,41,21,8,12,5,16
5257,43,37,5,1,14,23
5258,43,34,3,6,13,21
5259,43,28,10,5,4,24
5260,23,13,5,5,5,8
5261,24,10,5,9,5,5
5262,47,19,13,15,10,9
5263,28,10,7,11,6,4
5264,24,8,4,12,5,3
5265,17,7,4,6,5,2
5266,8,3,4,1,2,1
5267,16,3,4,9,3,0
5268,0,0,0,0,0,0
5269,10,2,3,5,0,2
5270,45,13,11,21,9,4
5271,12,3,7,2,2,1
5272,18,4,5,9,1,3
5273,32,7,12,13,5,2
5274,20,5,6,9,3,2
5275,44,23,13,8,9,14
5276,45,21,11,13,12,9
5277,22,7,5,10,2,5
5278,36,12,8,16,6,6
5279,32,6,7,19,2,4
5280,19,4,3,12,2,2
5281,9,4,1,4,4,0
5282,12,4,5,3,4,0
5283,16,8,3,5,5,3
5284,36,12,14,10,8,4
5285,34,21,9,4,14,7
5286,22,14,5,3,6,8
5287,10,5,2,3,2,3
5288,21,3,7,11,0,3
5289,0,0,0,0,0,0
5290,12,5,2,5,1,4
5291,17,5,2,10,3,2
5292,18,5,4,9,3,2
5293,9,2,2,5,2,0
5294,34,10,6,18,3,7
5295,37,17,10,10,8,9
5296,39,17,11,11,11,6
5297,44,19,12,13,10,9
5298,45,24,9,12,16,8
5299,15,6,3,6,4,2
5300,7,4,2,1,1,3
5301,18,4,6,8,1,3
5302,6,0,4,2,0,0
5303,12,2,3,7,1,1
5304,21,8,6,7,3,5
5305,24,10,5,9,4,6
5306,2,0,1,1,0,0
5307,12,1,5,6,0,1
5308,34,7,11,16,3,4
5309,34,13,10,11,6,7
5310,39,22,7,10,9,13
5311,30,16,5,9,4,12
5312,23,9,4,10,5,4
5313,8,4,1,3,2,2
5314,5,1,1,3,0,1
5315,40,19,5,16,12,7
5316,36,14,11,11,5,9
5317,45,23,12,10,11,12
5318,46,19,12,15,10,9
5319,25,8,8,9,2,6
5320,12,4,1,7,2,2
5321,38,14,11,13,7,7
5322,38,12,12,14,9,3
5323,30,12,10,8,5,7
5324,60,29,14,17,12,17
5325,39,18,9,12,4,14
5326,18,12,2,4,4,8
5327,22,8,7,7,3,5
5328,40,17,6,17,10,7
5329,22,11,4,7,7,4
5330,14,4,2,8,1,3
5331,50,24,11,15,9,15
5332,21,12,5,4,7,5
5333,39,32,4,3,12,20
5334,21,9,6,6,5,4
5335,11,9,1,1,2,7
5336,30,18,9,3,8,10
5337,52,27,10,15,12,15
5338,44,20,9,14,12,8
5339,31,19,5,6,8,11
5340,10,8,0,2,5,3
5341,22,11,6,5,6,5
5342,8,4,1,3,4,0
5343,20,7,6,7,4,3
5344,16,8,4,4,4,4
5345,33,16,8,9,12,4
5346,40,25,12,3,10,15
5347,47,26,8,13,11,15
5348,43,28,10,5,12,16
5349,28,12,9,7,6,6
5350,12,8,2,2,4,4
5351,31,6,10,15,3,3
5352,37,13,13,11,6,7
5353,46,18,10,18,10,8
5354,40,19,9,12,8,11
5355,27,15,5,7,7,8
5356,7,2,3,2,1,1
5357,38,14,10,14,3,11
5358,38,12,8,18,5,7
5359,37,12,10,15,5,7
5360,42,24,8,10,11,13
5361,44,15,7,22,7,8
5362,23,9,5,9,4,5
5363,10,9,0,1,2,7
5364,28,16,8,4,8,8
5365,21,5,10,6,3,2
5366,8,0,2,6,0,0
5367,11,4,3,4,4,0
5368,36,8,13,15,5,3
5369,40,14,12,14,7,7
5370,45,15,12,18,8,7
5371,36,12,10,14,5,7
5372,47,27,7,13,14,13
5373,47,16,7,23,6,10
5374,24,9,5,10,4,5
5375,8,2,3,3,0,2
5376,26,17,4,5,4,13
5377,8,2,3,3,1,1
5378,30,8,5,17,4,4
5379,18,5,6,7,4,1
5380,7,1,3,3,1,0
5381,0,0,0,0,0,0
5382,22,12,7,3,9,3
5383,28,8,9,11,7,1
5384,45,19,10,16,8,11
5385,41,20,10,11,12,8
5386,23,6,8,9,3,3
5387,3,2,0,1,1,1
5388,30,8,9,13,5,3
5389,40,13,11,16,6,7
5390,38,12,9,17,4,8
5391,10,3,3,4,0,3
5392,11,4,3,4,1,3
5393,21,2,6,13,2,0
5394,4,0,0,4,0,0
5395,45,24,9,12,12,12
5396,40,18,8,14,8,10
5397,20,10,3,7,3,7
5398,8,3,3,2,1,2
5399,48,33,8,7,13,20
5400,10,6,2,2,3,3
5401,33,15,10,8,8,7
5402,40,23,9,8,14,9
5403,35,14,11,7,6,8
5404,23,10,7,5,4,6
5405,0,0,0,0,0,0
5406,16,5,6,5,3,2
5407,29,11,9,9,9,2
5408,13,4,4,5,2,2
5409,8,1,4,3,1,0
5410,3,0,0,3,0,0
5411,17,2,9,6,2,0
5412,47,19,12,16,10,9
5413,46,14,17,15,7,7
5414,34,17,6,11,8,9
5415,26,12,6,8,5,7
5416,32,12,10,10,7,5
5417,33,7,7,19,2,5
5418,23,10,3,10,4,6
5419,18,4,2,12,1,3
5420,8,2,2,4,0,2
5421,22,5,3,14,4,1
5422,23,10,6,7,7,3
5423,40,17,10,13,5,12
5424,17,9,2,5,1,8
5425,21,8,4,9,4,4
5426,8,3,2,3,0,3
5427,34,13,10,11,10,3
5428,30,11,7,12,6,5
5429,15,8,5,2,4,4
5430,8,3,3,2,1,2
5431,16,9,5,2,2,7
5432,36,27,5,4,9,18
5433,38,22,10,6,9,13
5434,5,1,2,2,0,1
5435,39,29,3,7,7,22
5436,50,40,4,6,11,29
5437,37,25,5,7,8,17
5438,59,48,2,9,16,32
5439,43,32,6,4,14,18
5440,13,6,3,4,0,6
5441,6,6,0,0,2,4
5442,27,11,7,9,8,3
5443,13,5,4,4,2,3
5444,7,3,3,1,1,2
5445,24,18,1,5,9,9
5446,43,20,11,12,10,10
5447,27,17,4,6,10,7
5448,2,0,2,0,0,0
5449,12,6,4,2,2,4
5450,0,0,0,0,0,0
5451,4,1,2,1,1,0
5452,14,8,3,3,4,4
5453,15,7,3,5,3,4
5454,2,0,0,2,0,0
5455,0,0,0,0,0,0
5456,4,1,2,1,1,0
5457,7,1,2,4,0,1
5458,14,3,3,8,3,0
5459,1,0,0,1,0,0
5460,25,8,6,11,4,4
5461,21,7,3,8,3,4
5462,0,0,0,0,0,0
5463,7,6,0,1,3,3
5464,25,9,6,10,5,4
5465,41,12,8,18,3,9
5466,0,0,0,0,0,0
5467,17,2,9,6,2,0
5468,10,8,2,0,3,5
5469,32,8,8,16,4,4
5470,29,13,7,9,5,8
5471,13,3,4,6,3,0
5472,4,2,1,1,2,0
5473,18,10,4,4,3,7
5474,7,6,1,0,2,4
5475,38,8,9,21,2,6
5476,32,17,7,8,12,5
5477,22,14,5,3,6,8
5478,11,5,2,4,0,5
5479,32,14,5,13,9,5
5480,40,16,14,10,10,6
5481,22,10,2,10,3,7
5482,9,5,2,2,4,1
5483,26,12,4,10,5,7
5484,39,20,12,7,8,12
5485,42,29,5,8,11,18
5486,36,23,8,5,11,12
5487,51,36,7,8,13,23
5488,39,24,5,10,8,16
5489,12,8,4,0,4,4
5490,15,6,6,3,3,3
5491,23,8,3,12,4,4
5492,26,12,6,8,7,5
5493,24,11,5,8,5,6
5494,39,15,14,10,10,5
5495,40,25,5,10,16,9
5496,20,14,4,2,6,8
5497,6,3,2,1,1,2
5498,41,23,8,10,8,15
5499,35,15,9,11,11,4
5500,22,10,7,5,5,5
5501,7,2,1,4,1,1
5502,21,13,5,3,6,7
5503,41,20,12,9,12,8
5504,26,12,4,10,7,5
5505,22,10,8,4,4,6
5506,9,2,4,3,1,1
5507,8,1,0,7,1,0
5508,13,2,3,8,1,1
5509,15,9,5,1,5,4
5510,30,13,8,9,8,5
5511,38,16,11,11,10,6
5512,39,18,14,7,9,9
5513,40,12,9,19,6,6
5514,40,18,12,10,8,10
5515,41,22,10,9,15,7
5516,22,13,2,7,5,8
5517,10,6,4,0,2,4
5518,39,17,7,15,9,8
5519,32,12,11,9,6,6
5520,20,3,7,10,1,2
5521,40,10,10,20,6,4
5522,34,18,4,12,8,10
5523,0,0,0,0,0,0
5524,11,5,2,4,0,5
5525,19,6,8,5,1,5
5526,37,16,7,14,11,5
5527,24,7,3,14,2,5
5528,34,11,11,12,5,6
5529,28,11,10,7,8,3
5530,20,7,5,8,2,5
5531,6,0,2,4,0,0
5532,18,4,2,12,3,1
5533,0,0,0,0,0,0
5534,20,4,4,12,3,1
5535,12,4,4,4,3,1
5536,45,17,10,18,9,8
5537,36,15,7,14,11,4
5538,25,13,8,4,7,6
5539,5,1,2,2,0,1
5540,16,3,5,8,1,2
5541,16,4,3,9,3,1
5542,32,19,6,7,12,7
5543,24,16,2,6,8,8
5544,42,23,8,11,10,13
5545,43,23,8,12,12,11
5546,24,5,4,14,4,1
5547,0,0,0,0,0,0
5548,25,7,9,9,6,1
5549,36,5,10,21,5,0
5550,15,7,2,6,5,2
5551,9,3,2,4,3,0
5552,6,2,2,2,2,0
5553,31,9,11,11,6,3
5554,33,13,7,13,6,7
5555,24,9,7,6,5,4
5556,37,11,6,20,8,3
5557,33,8,5,20,4,4
5558,20,7,6,7,4,3
5559,8,3,4,1,2,1
5560,16,4,3,9,3,1
5561,37,13,9,15,7,6
5562,49,27,12,10,14,13
5563,50,27,12,11,14,13
5564,26,10,5,11,8,2
5565,5,2,2,1,0,2
5566,0,0,0,0,0,0
5567,33,12,9,12,6,6
5568,44,24,8,12,14,10
5569,37,15,4,18,10,5
5570,26,6,9,11,4,2
5571,9,2,2,5,2,0
5572,6,3,1,2,1,2
5573,36,20,10,6,8,12
5574,28,10,6,12,6,4
5575,15,2,5,8,1,1
5576,33,6,7,20,2,4
5577,37,8,16,13,6,2
5578,30,7,5,15,6,1
5579,38,12,11,15,6,6
5580,40,16,8,16,10,6
5581,12,2,3,7,2,0
5582,22,12,3,7,4,8
5583,37,11,10,16,8,3
5584,23,6,5,12,5,1
5585,11,6,4,1,2,4
5586,5,1,1,3,1,0
5587,8,1,2,5,1,0
5588,31,10,6,15,5,5
5589,16,7,3,6,5,2
5590,22,9,8,5,5,4
5591,39,26,10,3,10,16
5592,49,25,10,14,11,14
5593,33,21,9,3,9,12
5594,31,12,9,10,6,6
5595,30,16,6,8,6,10
5596,22,8,7,7,3,5
5597,6,2,1,3,1,1
5598,0,0,0,0,0,0
5599,16,9,6,1,4,5
5600,32,15,10,7,9,6
5601,25,14,5,6,8,6
5602,25,10,4,11,6,4
5603,8,2,1,5,2,0
5604,34,13,6,15,6,7
5605,13,5,2,6,1,4
5606,27,7,9,8,4,3
5607,32,14,5,13,10,4
5608,16,13,2,1,6,7
5609,8,2,2,4,1,1
5610,6,2,2,2,0,2
5611,19,3,8,8,2,1
5612,25,11,6,8,6,5
5613,37,9,11,17,5,4
5614,18,7,3,8,4,3
5615,9,3,1,5,2,1
5616,0,0,0,0,0,0
5617,0,0,0,0,0,0
5618,0,0,0,0,0,0
5619,0,0,0,0,0,0
5620,9,2,2,5,1,1
5621,31,12,12,7,6,6
5622,23,9,6,8,6,3
5623,50,29,12,9,12,17
5624,43,23,9,11,11,12
5625,24,11,5,8,6,5
5626,12,6,3,3,2,4
5627,15,2,3,10,0,2
5628,37,11,13,13,9,2
5629,31,13,8,10,8,5
5630,6,2,1,3,2,0
5631,10,1,4,5,1,0
5632,44,12,15,17,8,4
5633,33,12,10,11,7,5
5634,24,9,7,8,6,3
5635,4,2,2,0,1,1
5636,23,11,2,10,8,3
5637,31,5,6,20,3,2
5638,32,8,12,12,6,2
5639,21,5,8,8,3,2
5640,6,0,1,5,0,0
5641,21,11,6,4,2,9
5642,34,18,5,11,12,6
5643,25,12,7,6,6,6
5644,10,4,2,4,4,0
5645,25,14,3,8,6,8
5646,37,21,9,7,7,14
5647,9,0,5,4,0,0
5648,21,10,3,8,5,5
5649,13,3,4,6,2,1
5650,43,21,7,15,9,12
5651,28,14,3,11,5,9
5652,41,27,4,8,10,17
5653,31,9,5,17,3,6
5654,28,9,3,14,3,6
5655,19,11,3,5,6,5
5656,10,4,2,4,2,2
5657,10,3,1,6,1,2
5658,9,1,4,4,1,0
5659,17,3,3,11,0,3
5660,34,13,10,11,9,4
5661,39,14,10,14,4,10
5662,22,10,6,6,3,7
5663,6,0,1,5,0,0
5664,25,9,7,9,6,3
5665,20,7,5,8,4,3
5666,37,16,11,10,11,5
5667,42,22,8,12,10,12
5668,19,15,2,2,6,9
5669,10,6,3,1,1,5
5670,0,0,0,0,0,0
5671,9,1,5,3,1,0
5672,16,3,6,7,2,1
5673,0,0,0,0,0,0
5674,12,2,3,7,2,0
5675,0,0,0,0,0,0
5676,0,0,0,0,0,0
5677,0,0,0,0,0,0
5678,0,0,0,0,0,0
5679,36,16,9,11,8,8
5680,24,13,5,6,6,7
5681,2,1,0,1,1,0
5682,32,18,9,5,4,14
5683,22,11,6,5,4,7
5684,20,7,5,8,2,5
5685,9,0,5,4,0,0
5686,31,8,10,13,2,6
5687,14,2,6,6,1,1
5688,27,8,3,16,3,5
5689,13,4,5,4,2,2
5690,9,2,2,5,1,1
5691,6,6,0,0,3,3
5692,26,11,7,8,3,8
5693,44,22,14,8,12,10
5694,19,10,2,7,5,5
5695,30,17,6,7,10,7
5696,13,9,2,2,4,5
5697,9,3,2,4,2,1
5698,35,22,8,5,11,11
5699,23,10,5,8,5,5
5700,16,3,6,7,2,1
5701,22,5,6,11,4,1
5702,9,2,1,6,2,0
5703,12,3,4,5,0,3
5704,39,14,10,15,10,4
5705,38,17,11,10,7,10
5706,28,11,7,10,6,5
5707,0,0,0,0,0,0
5708,16,2,7,7,1,1
5709,45,9,12,24,4,5
5710,0,0,0,0,0,0
5711,9,2,2,5,1,1
5712,1,0,0,1,0,0
5713,0,0,0,0,0,0
5714,16,7,2,7,4,3
5715,8,6,0,2,2,4
5716,46,26,9,11,6,20
5717,22,13,1,8,7,6
5718,21,13,4,4,3,10
5719,9,8,0,1,2,6
5720,37,26,3,8,12,14
5721,33,18,7,8,4,14
5722,60,39,11,10,17,22
5723,28,12,8,8,6,6
5724,18,8,6,4,2,6
5725,12,2,3,7,0,2
5726,45,17,13,15,13,4
5727,36,15,8,13,8,7
5728,21,9,8,4,3,6
5729,8,3,3,2,1,2
5730,21,4,4,13,1,3
5731,32,12,4,16,11,1
5732,32,5,6,21,4,1
5733,19,3,4,12,2,1
5734,36,16,11,9,6,10
5735,23,11,6,6,6,5
5736,41,22,7,11,9,13
5737,35,8,17,10,5,3
5738,30,10,6,14,6,4
5739,37,15,16,6,8,7
5740,17,7,1,9,3,4
5741,21,7,8,6,5,2
5742,9,5,2,2,3,2
5743,18,3,2,13,2,1
5744,32,12,11,9,8,4
5745,22,10,5,7,7,3
5746,5,1,1,3,0,1
5747,32,12,8,12,6,6
5748,21,9,4,8,4,5
5749,1,0,0,1,0,0
5750,19,4,5,9,3,1
5751,26,5,7,14,2,3
5752,4,1,1,2,0,1
5753,30,13,11,6,7,6
5754,33,11,7,15,6,5
5755,40,8,9,23,4,4
5756,12,5,2,5,2,3
5757,9,4,1,4,3,1
5758,15,1,1,13,1,0
5759,9,1,5,3,1,0
5760,26,7,8,11,2,5
5761,19,6,6,7,4,2
5762,35,11,8,16,5,6
5763,22,8,4,10,7,1
5764,12,10,1,1,6,4
5765,40,17,8,15,7,10
5766,35,20,6,9,11,9
5767,28,14,6,8,10,4
5768,43,18,17,8,9,9
5769,32,16,3,11,8,8
5770,15,8,2,5,5,3
5771,8,1,3,4,1,0
5772,16,5,3,8,3,2
5773,44,14,11,19,7,7
5774,0,0,0,0,0,0
5775,24,6,4,14,2,4
5776,23,7,8,8,4,3
5777,39,10,10,19,7,3
5778,33,12,8,13,6,6
5779,25,10,7,8,4,6
5780,13,9,2,2,5,4
5781,36,23,6,7,6,17
5782,45,27,5,13,11,16
5783,45,29,6,8,9,20
5784,46,20,11,15,7,13
5785,41,17,8,16,4,13
5786,26,13,7,6,3,10
5787,47,24,14,9,9,15
5788,44,19,12,13,10,9
5789,27,14,7,6,6,8
5790,41,21,11,9,11,10
5791,31,14,8,9,9,5
5792,17,9,4,4,4,5
5793,0,0,0,0,0,0
5794,23,7,6,10,6,1
5795,9,3,4,2,1,2
5796,18,4,2,12,3,1
5797,41,19,10,12,9,10
5798,51,27,10,14,12,15
5799,41,27,9,5,12,15
5800,30,12,8,10,6,6
5801,0,0,0,0,0,0
5802,24,2,8,14,1,1
5803,9,0,2,7,0,0
5804,2,2,0,0,1,1
5805,0,0,0,0,0,0
5806,0,0,0,0,0,0
5807,9,3,2,4,0,3
5808,37,19,6,12,7,12
5809,44,21,8,15,6,15
5810,37,18,8,11,8,10
5811,39,13,7,16,3,10
5812,23,5,5,12,3,2
5813,6,3,2,1,2,1
5814,40,29,6,5,13,16
5815,39,20,10,9,8,12
5816,38,24,5,9,10,14
5817,51,35,11,5,15,20
5818,39,29,7,3,12,17
5819,15,6,1,8,2,4
5820,8,5,3,0,1,4
5821,1,1,0,0,0,1
5822,40,23,6,11,10,13
5823,41,20,6,15,8,12
5824,23,6,7,10,5,1
5825,22,6,4,9,4,2
5826,19,8,4,7,3,5
5827,39,21,9,9,8,13
5828,54,26,11,17,11,15
5829,43,21,8,14,6,15
5830,23,12,4,7,4,8
5831,7,3,1,3,2,1
5832,23,6,5,12,2,4
5833,37,22,7,8,12,10
5834,29,16,6,7,4,12
5835,34,12,5,17,6,6
5836,11,6,5,0,2,4
5837,35,22,8,5,12,10
5838,44,23,11,10,9,14
5839,40,26,2,12,8,18
5840,43,27,7,9,11,16
5841,34,15,8,11,9,6
5842,10,7,2,1,1,6
5843,2,1,1,0,0,1
5844,8,1,2,5,1,0
5845,25,14,7,4,5,9
5846,10,3,3,4,0,3
5847,15,5,5,5,4,1
5848,27,13,8,6,7,6
5849,2,0,2,0,0,0
5850,39,20,12,7,5,15
5851,40,27,4,9,10,17
5852,49,32,11,6,14,18
5853,46,31,7,8,12,19
5854,36,23,4,9,8,15
5855,0,0,0,0,0,0
5856,0,0,0,0,0,0
5857,37,14,9,14,5,9
5858,28,12,4,12,3,9
5859,22,10,5,7,3,7
5860,6,5,1,0,3,2
5861,13,3,7,3,1,2
5862,45,18,11,16,9,9
5863,46,25,11,10,10,15
5864,39,24,4,11,9,15
5865,41,22,8,11,7,15
5866,25,13,4,8,5,8
5867,8,5,1,2,2,3
5868,14,8,4,2,5,3
5869,37,24,8,5,9,15
5870,39,21,12,6,8,13
5871,46,21,8,17,9,12
5872,35,21,7,7,4,17
5873,24,15,3,6,6,9
5874,15,3,2,10,1,2
5875,24,13,7,4,7,6
5876,37,9,14,14,6,3
5877,13,7,2,4,1,6
5878,40,28,6,6,8,20
5879,39,11,8,19,8,3
5880,18,4,4,10,3,1
5881,7,4,2,1,1,3
5882,0,0,0,0,0,0
5883,0,0,0,0,0,0
5884,6,2,2,2,2,0
5885,17,4,3,10,2,2
5886,43,16,12,15,5,11
5887,34,10,10,14,5,5
5888,41,22,3,16,15,7
5889,27,13,7,7,6,7
5890,10,3,1,6,2,1
5891,1,1,0,0,1,0
5892,16,3,3,10,1,2
5893,17,5,7,5,3,2
5894,21,6,4,11,2,4
5895,33,15,9,9,7,8
5896,43,15,12,16,10,5
5897,21,11,5,5,4,7
5898,12,3,6,3,2,1
5899,31,9,10,12,6,3
5900,31,12,7,12,6,6
5901,36,21,7,8,8,13
5902,35,14,13,8,4,10
5903,42,9,14,19,5,4
5904,36,15,9,12,6,9
5905,19,9,3,7,2,7
5906,6,1,3,2,1,0
5907,17,5,4,8,4,1
5908,23,13,5,5,8,5
5909,43,24,10,9,13,11
5910,48,26,14,8,9,17
5911,52,36,10,6,12,24
5912,47,29,7,11,13,16
5913,36,22,6,8,12,10
5914,13,11,1,1,6,5
5915,37,27,3,7,6,21
5916,42,32,3,7,11,21
5917,45,31,7,7,11,20
5918,57,46,2,9,14,32
5919,52,33,11,6,8,25
5920,29,21,5,2,7,14
5921,13,11,2,0,3,8
5922,19,10,3,6,5,5
5923,23,12,4,6,8,4
5924,26,11,4,11,5,6
5925,7,3,1,3,2,1
5926,19,4,4,11,2,2
5927,30,13,7,10,6,7
5928,18,6,5,7,2,4
5929,3,3,0,0,1,2
5930,27,14,4,9,5,9
5931,0,0,0,0,0,0
5932,15,4,4,7,1,3
5933,9,2,2,5,2,0
5934,0,0,0,0,0,0
5935,16,2,7,7,1,1
5936,5,2,0,3,1,1
5937,15,6,3,6,5,1
5938,35,7,12,16,4,3
5939,0,0,0,0,0,0
5940,19,11,5,3,7,4
5941,7,1,3,3,1,0
5942,17,7,6,4,6,1
5943,11,4,3,4,3,1
5944,35,11,7,17,6,5
5945,36,8,13,15,7,1
5946,18,7,3,8,3,4
5947,38,10,11,17,6,4
5948,27,6,9,12,3,3
5949,34,12,6,16,10,2
5950,33,9,9,15,5,4
5951,31,5,14,12,4,1
5952,39,13,14,12,10,3
5953,10,5,0,5,3,2
5954,5,3,0,2,1,2
5955,16,7,2,7,4,3
5956,34,14,8,12,7,7
5957,35,9,8,17,7,2
5958,47,22,11,14,11,11
5959,44,20,8,16,13,7
5960,46,26,13,7,14,12
5961,54,34,10,10,19,15
5962,34,16,10,8,5,11
5963,31,22,3,6,13,9
5964,13,8,3,2,3,5
5965,0,0,0,0,0,0
5966,18,6,5,7,3,3
5967,21,6,6,9,5,1
5968,18,11,5,2,3,8
5969,41,29,4,8,12,17
5970,39,26,10,3,10,16
5971,51,35,7,9,12,23
5972,37,23,4,10,7,16
5973,12,8,4,0,4,4
5974,36,9,11,16,6,3
5975,33,3,4,26,3,0
5976,10,3,2,5,1,2
5977,22,8,6,8,2,6
5978,5,2,2,1,2,0
5979,19,3,3,13,2,1
5980,21,3,3,15,0,3
5981,30,6,10,14,5,1
5982,29,8,9,12,5,3
5983,47,24,11,12,9,15
5984,26,15,5,6,7,8
5985,20,10,5,5,5,5
5986,17,4,7,6,1,3
5987,38,12,9,17,7,5
5988,17,5,5,7,3,2
5989,38,13,10,14,3,10
5990,21,10,6,5,3,7
5991,1,0,0,1,0,0
5992,24,11,5,8,7,4
5993,25,7,7,11,2,5
5994,24,11,5,8,9,2
5995,47,27,12,8,11,16
5996,39,27,7,5,12,15
5997,31,18,4,9,6,12
5998,11,8,3,0,4,4
5999,44,21,8,15,6,15
6000,10,7,2,1,2,5
6001,3,2,0,1,1,1
6002,9,5,3,1,2,3
6003,0,0,0,0,0,0
6004,24,7,4,13,3,4
6005,31,11,6,14,6,5
6006,41,15,6,20,9,6
6007,22,13,4,5,7,6
6008,6,2,2,2,1,1
6009,36,13,11,12,6,7
6010,40,9,14,17,3,6
6011,38,14,13,11,7,7
6012,42,16,9,17,8,8
6013,27,12,8,7,7,5
6014,8,2,3,3,1,1
6015,30,15,4,11,4,11
6016,22,9,7,6,5,4
6017,0,0,0,0,0,0
6018,26,7,7,12,2,5
6019,28,9,7,12,3,6
6020,17,5,3,9,1,4
6021,7,1,2,4,1,0
6022,7,3,2,2,2,1
6023,37,13,8,16,5,8
6024,31,7,11,13,5,2
6025,18,6,5,7,4,2
6026,11,3,4,4,0,3
6027,22,6,4,10,5,1
6028,19,8,7,4,5,3
6029,37,13,10,14,8,5
6030,29,9,8,12,4,5
6031,22,8,5,9,7,1
6032,7,1,2,4,0,1
6033,16,7,1,8,4,3
6034,39,13,9,17,6,7
6035,38,10,8,18,7,3
6036,26,5,7,14,2,3
6037,8,0,4,4,0,0
6038,35,22,3,10,12,10
6039,23,9,6,8,6,3
6040,16,4,5,7,2,2
6041,9,4,1,4,0,4
6042,32,21,0,11,5,16
6043,43,26,5,12,7,19
6044,37,22,6,7,7,15
6045,35,26,5,3,8,18
6046,12,10,2,0,2,8
6047,0,0,0,0,0,0
6048,8,2,1,5,2,0
6049,16,3,4,9,1,2
6050,21,8,3,7,3,5
6051,38,18,7,13,12,6
6052,41,20,11,10,12,8
6053,24,12,2,10,4,8
6054,10,6,2,2,4,2
6055,4,2,1,1,2,0
6056,19,6,6,7,4,2
6057,20,8,1,11,2,6
6058,32,9,9,14,5,4
6059,41,16,11,12,9,7
6060,23,5,8,10,2,3
6061,8,2,2,4,1,1
6062,13,10,2,1,6,4
6063,28,11,5,12,7,4
6064,27,7,8,10,2,5
6065,12,7,2,3,3,4
6066,10,4,4,2,1,3
6067,19,13,4,2,6,7
6068,47,23,12,12,10,13
6069,20,6,3,11,2,4
6070,19,7,6,6,3,4
6071,45,10,16,19,6,4
6072,15,5,4,6,4,1
6073,21,8,4,9,4,4
6074,4,1,2,1,0,1
6075,18,4,5,9,2,2
6076,24,6,7,11,4,2
6077,37,10,16,11,6,4
6078,32,13,5,14,10,3
6079,10,3,2,5,2,1
6080,38,12,10,16,7,5
6081,33,4,9,20,1,3
6082,7,1,2,4,1,0
6083,23,6,6,11,4,2
6084,10,3,3,4,1,2
6085,38,8,9,21,4,4
6086,36,12,14,10,5,7
6087,43,15,11,17,7,8
6088,37,12,9,16,4,8
6089,22,8,5,9,5,3
6090,10,3,1,6,2,1
6091,41,16,7,18,10,6
6092,29,5,5,17,2,3
6093,22,13,3,6,5,8
6094,24,6,6,10,3,3
6095,10,4,2,4,2,2
6096,44,12,15,17,5,7
6097,37,15,10,12,6,9
6098,25,16,5,4,8,8
6099,15,7,2,6,4,3
6100,29,11,9,9,5,6
6101,26,9,6,11,4,5
6102,11,3,5,3,1,2
6103,27,7,9,11,5,2
6104,43,30,6,7,8,22
6105,38,35,2,1,13,22
6106,50,39,3,8,13,26
6107,28,18,7,3,2,16
6108,20,10,5,5,3,7
6109,8,6,1,1,2,4
6110,16,4,2,10,3,1
6111,24,5,9,10,5,0
6112,0,0,0,0,0,0
6113,0,0,0,0,0,0
6114,20,9,5,6,5,4
6115,38,10,10,18,7,3
6116,7,2,2,3,2,0
6117,25,10,7,8,6,4
6118,13,6,4,3,2,4
6119,8,0,0,8,0,0
6120,0,0,0,0,0,0
6121,21,5,4,9,4,1
6122,14,4,5,4,3,1
6123,11,1,3,7,0,1
6124,21,7,3,11,4,3
6125,35,11,6,18,8,3
6126,25,10,7,8,3,7
6127,38,13,10,15,8,5
6128,28,6,10,12,2,4
6129,21,8,5,8,2,6
6130,0,0,0,0,0,0
6131,29,8,9,12,4,4
6132,24,9,8,7,5,4
6133,9,7,1,1,3,4
6134,15,2,3,10,0,2
6135,22,6,5,11,4,2
6136,20,10,4,6,6,4
6137,20,7,6,7,5,2
6138,20,9,4,7,5,4
6139,16,2,5,8,2,0
6140,23,6,7,9,4,2
6141,11,2,3,6,0,2
6142,4,3,0,1,2,1
6143,40,18,11,11,12,6
6144,23,8,7,8,2,6
6145,9,3,4,2,2,1
6146,37,21,8,8,12,9
6147,33,10,6,17,5,5
6148,24,8,6,10,5,3
6149,10,3,1,6,2,1
6150,2,0,0,2,0,0
6151,9,2,4,3,1,1
6152,35,18,9,8,8,10
6153,39,17,8,14,5,12
6154,55,36,7,12,14,22
6155,39,22,7,9,6,16
6156,24,9,4,11,4,5
6157,8,4,1,3,2,2
6158,6,2,0,4,1,1
6159,0,0,0,0,0,0
6160,20,10,3,7,3,7
6161,32,18,6,8,10,8
6162,0,0,0,0,0,0
6163,25,8,7,10,5,3
6164,23,5,7,11,2,3
6165,37,5,6,26,3,2
6166,28,5,12,11,3,2
6167,0,0,0,0,0,0
6168,25,10,7,8,8,2
6169,20,5,6,9,3,2
6170,43,14,11,18,7,7
6171,22,7,9,6,3,4
6172,48,28,7,13,15,13
6173,48,27,9,12,6,21
6174,42,30,2,10,16,14
6175,26,13,6,7,3,10
6176,10,9,0,1,2,7
6177,4,3,1,0,2,1
6178,11,6,1,4,4,2
6179,9,7,1,1,4,3
6180,40,24,9,7,9,15
6181,35,19,5,11,3,16
6182,37,29,4,4,13,16
6183,21,9,6,6,6,3
6184,7,5,1,1,0,5
6185,21,18,2,1,7,11
6186,24,15,4,5,4,11
6187,13,7,3,3,1,6
6188,14,3,5,6,2,1
6189,31,8,9,14,4,4
6190,0,0,0,0,0,0
6191,9,2,1,6,2,0
6192,42,29,5,8,13,16
6193,26,12,7,7,6,6
6194,15,11,2,2,2,9
6195,21,10,5,6,4,6
6196,37,12,6,19,7,5
6197,41,16,9,16,9,7
6198,31,5,11,15,4,1
6199,6,3,0,3,0,3
6200,40,18,10,12,11,7
6201,24,13,2,9,8,5
6202,45,24,10,11,6,18
6203,42,30,2,9,16,14
6204,26,13,6,7,3,10
6205,10,9,0,1,2,7
6206,35,14,6,15,10,4
6207,42,20,10,12,11,9
6208,24,14,7,3,7,7
6209,28,16,5,7,8,8
6210,18,6,8,4,2,4
6211,8,6,1,1,2,4
6212,32,22,6,4,6,16
6213,31,12,9,10,6,6
6214,10,5,3,2,1,4
6215,14,8,3,3,5,3
6216,20,7,6,7,4,3
6217,19,6,5,8,5,1
6218,11,6,1,4,4,2
6219,0,0,0,0,0,0
6220,4,2,0,2,1,1
6221,0,0,0,0,0,0
6222,36,10,10,16,6,4
6223,4,0,2,2,0,0
6224,8,3,1,4,2,1
6225,0,0,0,0,0,0
6226,19,5,5,9,3,2
6227,26,10,5,10,3,7
6228,21,10,6,5,3,7
6229,4,2,0,2,1,1
6230,35,9,12,14,7,2
6231,14,8,1,5,2,6
6232,8,1,1,6,1,0
6233,19,5,3,11,3,2
6234,19,5,8,6,4,1
6235,28,9,4,15,7,2
6236,23,9,3,11,6,3
6237,14,4,2,8,3,1
6238,15,5,2,8,3,2
6239,17,5,3,9,1,4
6240,18,9,4,5,3,6
6241,30,8,6,16,3,5
6242,10,7,1,2,2,5
6243,0,0,0,0,0,0
6244,33,14,8,11,8,6
6245,37,24,11,2,7,17
6246,41,21,10,10,10,11
6247,34,14,8,12,7,7
6248,22,8,5,9,3,5
6249,6,3,2,1,0,3
6250,16,2,7,7,1,1
6251,27,7,6,14,5,2
6252,7,0,1,6,0,0
6253,28,11,11,6,8,3
6254,20,7,5,8,2,5
6255,6,2,3,1,1,1
6256,7,0,3,4,0,0
6257,34,8,6,20,4,4
6258,31,12,6,13,6,6
6259,38,14,6,18,9,5
6260,39,11,8,18,4,7
6261,23,13,4,6,7,6
6262,10,4,2,4,2,2
6263,0,0,0,0,0,0
6264,23,7,5,11,0,7
6265,9,2,1,6,1,1
6266,7,0,3,4,0,0
6267,11,3,4,4,3,0
6268,22,6,7,9,4,2
6269,10,7,1,2,2,5
6270,32,12,7,13,6,6
6271,0,0,0,0,0,0
6272,17,1,9,7,1,0
6273,42,13,8,21,6,7
6274,37,12,8,17,4,8
6275,16,6,3,7,3,3
6276,44,23,9,12,14,9
6277,39,12,10,17,6,6
6278,30,9,3,18,5,4
6279,33,3,6,21,3,0
6280,15,2,3,10,1,1
6281,32,9,2,21,4,5
6282,40,25,10,5,11,14
6283,25,10,7,8,5,5
6284,6,1,2,3,0,1
6285,18,7,2,9,4,3
6286,20,7,3,10,4,3
6287,23,6,3,14,2,4
6288,38,13,12,13,5,8
6289,35,11,15,9,8,3
6290,14,6,3,5,1,5
6291,10,6,1,3,4,2
6292,19,10,6,3,5,5
6293,26,11,7,8,6,5
6294,38,8,13,17,4,4
6295,28,6,10,12,4,2
6296,0,0,0,0,0,0
6297,2,2,0,0,1,1
6298,2,0,0,2,0,0
6299,3,1,1,1,1,0
6300,2,1,0,1,0,1
6301,0,0,0,0,0,0
6302,24,9,5,10,3,6
6303,48,30,9,9,7,23
6304,24,15,3,6,6,9
6305,7,5,1,1,1,4
6306,33,15,8,10,10,5
6307,24,7,5,12,6,1
6308,10,1,3,6,0,1
6309,2,1,0,1,1,0
6310,10,4,2,4,4,0
6311,26,11,7,8,6,5
6312,38,14,11,13,6,8
6313,36,16,11,9,10,6
6314,20,7,6,7,2,5
6315,8,2,1,5,1,1
6316,13,4,4,5,1,3
6317,5,1,2,2,1,0
6318,25,8,8,9,3,5
6319,29,9,9,11,2,7
6320,25,7,9,9,3,4
6321,0,0,0,0,0,0
6322,10,4,2,4,4,0
6323,15,1,8,6,1,0
6324,2,0,0,2,0,0
6325,29,19,3,7,11,8
6326,5,3,1,1,1,2
6327,8,2,2,4,2,0
6328,19,7,6,6,2,5
6329,43,7,15,21,4,3
6330,2,1,0,1,1,0
6331,10,1,3,6,0,1
6332,16,5,3,8,2,3
6333,28,8,7,13,5,3
6334,0,0,0,0,0,0
6335,9,4,1,4,3,1
6336,9,1,1,7,1,0
6337,15,3,6,6,0,3
6338,16,5,2,9,3,2
6339,22,6,6,10,4,2
6340,0,0,0,0,0,0
6341,16,4,3,9,3,1
6342,15,3,5,7,2,1
6343,22,5,6,11,4,1
6344,1,0,0,1,0,0
6345,20,6,3,11,3,3
6346,8,2,3,3,2,0
6347,1,0,0,1,0,0
6348,31,5,11,15,2,3
6349,13,4,2,7,3,1
6350,19,6,8,5,4,2
6351,22,3,8,11,3,0
6352,27,8,9,10,6,2
6353,20,7,7,6,5,2
6354,9,2,4,3,1,1
6355,9,2,4,3,2,0
6356,40,22,5,13,8,14
6357,8,0,5,3,0,0
6358,0,0,0,0,0,0
6359,22,12,5,5,3,9
6360,12,8,2,2,4,4
6361,17,7,1,9,3,4
6362,22,9,9,4,6,3
6363,8,5,2,1,3,2
6364,21,9,4,8,5,4
6365,15,7,2,6,4,3
6366,0,0,0,0,0,0
6367,15,8,3,4,4,4
6368,23,10,4,9,3,7
6369,27,15,7,5,5,10
6370,5,3,0,2,1,2
6371,0,0,0,0,0,0
6372,0,0,0,0,0,0
6373,0,0,0,0,0,0
6374,0,0,0,0,0,0
6375,37,21,9,7,7,14
6376,37,21,10,6,10,11
6377,37,16,10,11,9,7
6378,41,21,8,12,11,10
6379,22,4,5,13,1,3
6380,9,5,2,2,1,4
6381,35,10,12,13,6,4
6382,23,5,7,11,3,2
6383,7,2,0,5,2,0
6384,7,1,3,3,0,1
6385,12,4,1,7,2,2
6386,9,2,1,6,1,1
6387,36,11,12,13,6,5
6388,27,11,6,10,9,2
6389,43,27,9,7,12,15
6390,33,20,6,7,10,10
6391,19,4,6,9,2,2
6392,22,5,7,10,4,1
6393,15,8,2,5,4,4
6394,19,9,6,4,4,5
6395,4,1,2,1,1,0
6396,14,8,0,6,5,3
6397,28,9,7,12,6,3
6398,17,7,6,4,3,4
6399,10,4,1,5,3,1
6400,31,10,9,9,5,5
6401,38,18,7,13,12,6
6402,36,15,9,12,12,3
6403,19,8,6,5,4,4
6404,8,2,2,4,1,1
6405,15,6,3,6,5,1
6406,18,10,3,5,5,5
6407,9,5,3,1,3,2
6408,7,2,2,3,1,1
6409,4,2,1,1,1,1
6410,38,20,8,9,9,11
6411,21,11,6,4,6,5
6412,9,2,4,3,2,0
6413,12,3,6,3,1,2
6414,19,6,4,9,2,4
6415,14,11,1,2,2,9
6416,44,25,8,11,9,16
6417,43,28,8,7,13,15
6418,7,2,1,4,0,2
6419,0,0,0,0,0,0
6420,8,3,2,3,1,2
6421,5,2,2,1,0,2
6422,19,12,5,2,5,7
6423,36,21,7,8,9,12
6424,8,4,1,3,2,2
6425,28,17,4,7,6,11
6426,31,22,3,6,13,9
6427,8,3,2,3,3,0
6428,0,0,0,0,0,0
6429,10,4,1,5,3,1
6430,40,21,6,13,8,13
6431,16,11,3,2,4,7
6432,11,7,3,1,1,6
6433,20,9,3,8,4,5
6434,33,11,11,11,7,4
6435,22,8,7,7,5,3
6436,8,3,3,2,1,2
6437,20,8,5,7,4,4
6438,45,28,6,11,14,14
6439,41,15,6,19,6,9
6440,18,7,5,6,3,4
6441,11,3,4,4,0,3
6442,22,12,3,7,6,6
6443,18,4,7,7,3,1
6444,21,8,7,6,4,4
6445,42,15,7,17,7,8
6446,1,0,0,1,0,0
6447,16,1,8,7,0,1
6448,24,8,5,10,5,3
6449,10,2,1,7,1,1
6450,35,7,12,16,5,2
6451,23,6,8,9,4,2
6452,9,3,3,3,1,2
6453,16,4,6,6,1,3
6454,28,6,8,14,3,3
6455,0,0,0,0,0,0
6456,14,9,3,2,3,6
6457,9,4,1,4,1,3
6458,28,6,9,13,3,3
6459,3,2,0,1,0,2
6460,22,6,4,10,5,1
6461,8,4,1,3,2,2
6462,15,4,4,7,2,2
6463,15,5,3,7,3,2
6464,17,7,5,5,2,5
6465,42,11,12,19,5,6
6466,26,8,5,13,6,2
6467,20,8,5,7,3,5
6468,6,1,3,2,0,1
6469,18,8,1,9,5,3
6470,0,0,0,0,0,0
6471,46,17,14,15,10,7
6472,3,3,0,0,1,2
6473,30,9,8,13,4,5
6474,33,10,10,13,5,5
6475,29,10,7,12,3,7
6476,13,5,5,3,1,4
6477,18,10,4,4,6,4
6478,26,14,8,4,4,10
6479,21,9,6,6,3,6
6480,0,0,0,0,0,0
6481,8,2,3,3,1,1
6482,24,10,5,9,6,4
6483,35,9,11,15,6,3
6484,33,10,4,19,5,5
6485,22,8,7,7,5,3
6486,7,2,4,1,2,0
6487,28,8,5,14,5,3
6488,2,1,0,1,0,1
6489,14,7,3,4,4,3
6490,32,12,12,8,8,4
6491,31,18,8,5,14,4
6492,19,12,4,3,6,6
6493,8,4,1,3,1,3
6494,25,9,6,10,6,3
6495,38,12,8,17,3,9
6496,16,6,5,5,4,2
6497,22,13,3,6,6,7
6498,16,6,6,4,3,3
6499,0,0,0,0,0,0
6500,15,4,5,6,1,3
6501,15,5,4,6,2,3
6502,23,2,11,10,1,1
6503,31,13,8,10,9,4
6504,16,6,6,4,0,6
6505,19,4,7,8,1,3
6506,39,20,9,10,8,12
6507,46,26,9,11,9,17
6508,57,29,16,12,14,15
6509,27,10,5,11,7,3
6510,33,21,5,6,9,12
6511,1,1,0,0,1,0
6512,41,32,5,4,8,24
6513,10,7,1,2,1,6
6514,17,5,4,8,2,3
6515,27,8,6,13,5,3
6516,41,16,11,13,9,7
6517,23,5,8,10,2,3
6518,4,1,1,2,1,0
6519,17,6,1,10,5,1
6520,47,31,10,6,14,17
6521,43,31,7,5,13,18
6522,9,7,2,0,5,2
6523,15,11,2,2,2,9
6524,34,22,3,8,13,9
6525,3,3,0,0,1,2
6526,19,13,4,2,5,8
6527,48,24,10,14,9,15
6528,30,14,7,9,4,10
6529,23,13,3,7,5,8
6530,34,9,8,17,4,5
6531,19,4,4,9,2,2
6532,0,0,0,0,0,0
6533,38,8,11,19,4,4
6534,35,12,5,18,8,4
6535,6,2,3,1,1,1
6536,45,17,12,16,6,11
6537,32,12,7,13,2,10
6538,27,13,7,7,3,10
6539,11,9,2,0,6,3
6540,0,0,0,0,0,0
6541,14,2,4,8,1,1
6542,22,9,5,8,4,5
6543,0,0,0,0,0,0
6544,11,7,3,1,1,6
6545,24,10,8,6,8,2
6546,37,10,12,14,6,4
6547,19,5,5,9,4,1
6548,6,0,2,4,0,0
6549,9,4,2,3,2,2
6550,38,9,13,16,5,4
6551,34,10,5,19,5,5
6552,22,8,7,7,5,3
6553,7,3,3,1,2,1
6554,20,9,4,7,6,3
6555,45,16,17,12,7,9
6556,31,19,2,10,8,11
6557,20,9,5,6,4,5
6558,4,3,0,1,0,3
6559,40,15,13,12,7,8
6560,7,2,1,4,2,0
6561,0,0,0,0,0,0
6562,0,0,0,0,0,0
6563,43,19,12,12,5,14
6564,44,24,11,9,9,15
6565,36,12,9,15,8,4
6566,44,14,11,19,7,7
6567,31,11,10,10,8,3
6568,18,6,5,7,6,0
6569,22,4,5,12,3,1
6570,13,6,1,6,4,2
6571,10,6,1,3,4,2
6572,11,7,2,2,1,6
6573,25,14,5,6,6,8
6574,39,12,10,17,6,6
6575,16,3,6,7,2,1
6576,22,5,6,11,4,1
6577,9,5,2,2,3,2
6578,1,0,0,1,0,0
6579,39,14,11,14,6,8
6580,42,20,10,12,8,12
6581,10,6,4,0,2,4
6582,13,1,4,8,1,0
6583,38,6,14,18,1,5
6584,42,21,11,9,11,10
6585,28,5,8,15,2,3
6586,12,6,3,3,2,4
6587,0,0,0,0,0,0
6588,15,5,3,5,3,2
6589,16,6,1,9,2,4
6590,20,7,7,6,4,3
6591,32,13,8,11,8,5
6592,16,4,7,5,2,2
6593,17,10,3,4,6,4
6594,15,3,6,6,3,0
6595,7,2,3,2,1,1
6596,17,2,7,8,1,1
6597,15,7,3,5,5,2
6598,21,4,7,10,2,2
6599,17,3,6,8,3,0
6600,0,0,0,0,0,0
6601,29,15,7,7,7,8
6602,29,17,7,5,7,10
6603,23,12,4,7,5,7
6604,2,0,2,0,0,0
6605,5,3,1,1,2,1
6606,1,0,0,1,0,0
6607,7,1,3,3,0,1
6608,23,8,4,8,3,5
6609,0,0,0,0,0,0
6610,23,5,9,9,3,2
6611,25,13,4,8,5,8
6612,1,0,0,1,0,0
6613,9,3,3,3,2,1
6614,32,12,10,10,6,6
6615,35,10,11,14,6,4
6616,26,7,6,13,4,3
6617,42,17,12,13,8,9
6618,36,12,11,13,8,4
6619,25,8,5,12,5,3
6620,7,3,2,2,3,0
6621,9,2,2,5,2,0
6622,44,18,13,13,11,7
6623,42,30,3,8,14,16
6624,14,7,3,4,3,4
6625,10,9,0,1,2,7
6626,18,10,3,5,6,4
6627,0,0,0,0,0,0
6628,20,9,5,6,4,5
6629,15,11,3,1,4,7
6630,6,5,0,1,1,4
6631,30,11,5,14,9,2
6632,22,7,6,9,4,3
6633,22,5,7,10,3,2
6634,9,1,4,4,1,0
6635,3,3,0,0,1,2
6636,31,14,6,11,7,7
6637,18,8,7,3,2,6
6638,8,3,3,2,1,2
6639,0,0,0,0,0,0
6640,36,11,9,16,8,3
6641,36,14,7,15,7,7
6642,27,9,7,11,6,3
6643,11,1,3,7,0,1
6644,0,0,0,0,0,0
6645,30,10,7,13,5,5
6646,10,6,2,2,3,3
6647,5,2,2,1,1,1
6648,11,6,2,3,4,2
6649,41,15,10,16,9,6
6650,19,4,7,8,2,2
6651,8,2,2,4,1,1
6652,3,1,0,2,1,0
6653,39,15,11,13,5,10
6654,20,8,5,7,6,2
6655,9,2,3,4,2,0
6656,10,3,3,4,3,0
6657,23,17,2,4,7,10
6658,26,16,5,5,4,12
6659,11,3,5,3,2,1
6660,20,6,7,7,4,2
6661,7,2,3,2,1,1
6662,12,5,2,5,2,3
6663,0,0,0,0,0,0
6664,22,5,5,10,3,2
6665,18,4,5,9,2,2
6666,12,2,3,7,0,2
6667,3,1,1,1,1,0
6668,22,8,4,10,3,5
6669,42,12,7,21,8,4
6670,19,7,5,7,1,6
6671,10,5,2,3,2,3
6672,2,1,0,1,0,1
6673,8,4,1,3,2,2
6674,8,4,2,2,1,3
6675,40,14,5,21,8,6
6676,36,10,8,16,4,6
6677,21,12,3,6,7,5
6678,7,4,0,3,2,2
6679,19,6,8,5,4,2
6680,21,8,6,7,4,4
6681,6,3,2,1,3,0
6682,0,0,0,0,0,0
6683,36,15,10,11,11,4
6684,1,0,0,1,0,0
6685,8,2,3,3,1,1
6686,35,12,8,15,6,6
6687,24,9,7,8,4,5
6688,3,1,1,1,0,1
6689,20,7,4,9,5,2
6690,35,9,6,18,6,3
6691,20,15,2,3,7,8
6692,19,4,8,7,2,2
6693,12,6,3,3,2,4
6694,17,4,6,7,1,3
6695,43,16,13,14,7,9
6696,33,11,10,12,7,4
6697,26,8,5,13,5,3
6698,23,7,8,8,5,2
6699,14,2,9,3,1,1
6700,11,5,2,4,2,3
6701,19,7,4,8,3,4
6702,34,13,9,12,2,11
6703,19,5,6,8,1,4
6704,19,5,5,9,4,1
6705,0,0,0,0,0,0
6706,23,12,4,4,4,8
6707,27,15,5,7,6,9
6708,2,1,0,1,0,1
6709,17,8,3,6,2,6
6710,23,6,4,12,4,2
6711,15,6,1,7,4,2
6712,13,3,6,4,2,1
6713,30,17,4,9,8,9
6714,42,15,9,18,14,1
6715,24,17,5,2,7,10
6716,14,11,1,2,3,8
6717,18,8,5,5,4,4
6718,24,7,5,12,6,1
6719,10,1,3,6,0,1
6720,15,2,5,8,2,0
6721,21,6,2,12,1,5
6722,1,1,0,0,0,1
6723,19,6,4,9,3,3
6724,38,11,11,16,5,6
6725,18,4,7,7,3,1
6726,0,0,0,0,0,0
6727,0,0,0,0,0,0
6728,0,0,0,0,0,0
6729,6,2,1,3,1,1
6730,0,0,0,0,0,0
6731,11,2,5,4,1,1
6732,0,0,0,0,0,0
6733,16,8,6,2,3,5
6734,39,23,7,9,7,16
6735,45,19,11,15,8,11
6736,19,4,5,10,2,2
6737,21,10,4,7,3,7
6738,35,19,6,10,11,8
6739,9,2,4,3,1,1
6740,0,0,0,0,0,0
6741,0,0,0,0,0,0
6742,0,0,0,0,0,0
6743,0,0,0,0,0,0
6744,24,10,5,8,2,8
6745,13,4,4,5,1,3
6746,11,3,4,4,1,2
6747,18,4,7,7,2,2
6748,40,15,5,20,11,4
6749,24,10,4,10,6,4
6750,12,5,3,4,5,0
6751,32,15,11,6,10,5
6752,43,19,10,14,11,8
6753,12,3,6,3,2,1
6754,21,12,3,6,5,7
6755,40,13,11,16,9,4
6756,21,6,5,10,5,1
6757,10,1,3,6,0,1
6758,49,22,12,14,11,11
6759,32,19,5,8,12,7
6760,28,14,7,7,7,7
6761,19,1,2,16,1,0
6762,35,14,10,11,11,3
6763,25,12,7,6,6,6
6764,10,7,1,2,2,5
6765,17,5,2,10,3,2
6766,22,6,6,10,4,2
6767,0,0,0,0,0,0
6768,12,5,3,4,2,3
6769,17,4,4,9,0,4
6770,25,7,7,11,4,3
6771,9,2,3,4,2,0
6772,37,14,8,15,6,8
6773,0,0,0,0,0,0
6774,24,13,7,4,4,9
6775,42,22,10,10,10,12
6776,37,22,7,5,12,10
6777,20,10,5,4,4,6
6778,10,5,2,3,2,3
6779,16,3,5,8,2,1
6780,37,10,13,14,6,4
6781,0,0,0,0,0,0
6782,0,0,0,0,0,0
6783,23,10,6,7,6,4
6784,10,3,1,6,2,1
6785,25,8,12,5,6,2
6786,41,20,9,12,11,9
6787,27,10,6,11,5,5
6788,3,1,0,2,0,1
6789,31,10,6,15,4,6
6790,32,12,8,12,3,9
6791,18,4,6,8,0,4
6792,20,9,6,5,5,4
6793,8,1,3,4,0,1
6794,13,4,3,6,3,1
6795,37,21,8,8,8,13
6796,27,18,3,6,7,11
6797,26,11,4,11,5,6
6798,18,10,2,6,5,5
6799,39,11,12,16,8,3
6800,24,7,5,12,6,1
6801,7,1,2,4,0,1
6802,24,7,5,12,3,4
6803,40,10,14,16,6,4
6804,17,7,5,5,4,3
6805,3,0,1,2,0,0
6806,1,0,0,1,0,0
6807,24,4,9,11,3,1
6808,24,6,9,9,4,2
6809,34,13,3,18,7,6
6810,23,5,5,13,4,1
6811,8,0,3,5,0,0
6812,0,0,0,0,0,0
6813,0,0,0,0,0,0
6814,0,0,0,0,0,0
6815,0,0,0,0,0,0
6816,0,0,0,0,0,0
6817,20,12,5,3,7,5
6818,21,11,3,7,5,6
6819,7,3,2,2,2,1
6820,3,2,1,0,0,2
6821,17,2,9,6,2,0
6822,14,4,6,4,3,1
6823,30,12,7,11,6,6
6824,23,11,7,5,7,4
6825,29,9,10,10,5,4
6826,15,5,3,7,3,2
6827,32,9,7,14,6,3
6828,15,5,3,7,4,1
6829,22,11,4,7,4,7
6830,25,10,5,10,2,8
6831,26,13,6,7,3,10
6832,18,2,8,8,2,0
6833,36,5,15,16,4,1
6834,23,7,5,11,5,2
6835,8,3,3,2,2,1
6836,18,3,7,8,1,2
6837,26,8,9,9,4,4
6838,19,7,5,7,2,5
6839,4,0,2,2,0,0
6840,0,0,0,0,0,0
6841,2,1,0,1,1,0
6842,8,3,2,3,2,1
6843,5,1,1,3,0,1
6844,33,18,10,5,7,11
6845,48,24,14,10,16,8
6846,37,16,8,13,8,8
6847,21,10,7,4,4,6
6848,8,3,3,2,1,2
6849,12,4,4,4,3,1
6850,35,12,7,15,3,9
6851,16,7,4,5,3,4
6852,0,0,0,0,0,0
6853,19,3,9,7,3,0
6854,42,13,16,13,9,4
6855,35,14,9,12,7,7
6856,26,14,5,7,5,9
6857,14,10,2,2,2,8
6858,0,0,0,0,0,0
6859,0,0,0,0,0,0
6860,35,13,9,13,7,6
6861,12,4,2,6,3,1
6862,41,25,9,7,10,15
6863,41,22,8,11,9,13
6864,24,11,5,8,6,5
6865,36,20,8,8,4,16
6866,40,22,3,15,12,10
6867,17,8,4,5,5,3
6868,6,2,2,2,0,2
6869,16,5,2,9,3,2
6870,15,2,5,8,0,2
6871,39,17,7,15,6,11
6872,35,23,5,7,7,16
6873,13,5,4,4,2,3
6874,3,0,0,1,0,0
6875,3,1,1,1,1,0
6876,10,8,0,2,5,3
6877,5,3,0,2,1,2
6878,6,3,1,2,1,2
6879,0,0,0,0,0,0
6880,35,13,6,16,8,5
6881,42,19,10,12,12,7
6882,33,16,6,11,6,10
6883,4,1,1,2,1,0
6884,4,2,1,1,1,1
6885,8,6,0,2,1,5
6886,0,0,0,0,0,0
6887,17,5,5,7,2,3
6888,20,6,4,10,2,4
6889,39,11,13,15,9,2
6890,34,13,8,13,8,5
6891,19,8,6,5,4,4
6892,19,11,3,5,6,5
6893,0,0,0,0,0,0
6894,15,4,3,8,2,2
6895,22,9,5,8,4,5
6896,10,4,1,5,3,1
6897,13,1,7,5,0,1
6898,17,4,2,11,4,0
6899,30,9,4,17,7,2
6900,35,14,12,9,5,9
6901,2,1,1,0,0,1
6902,9,7,0,2,1,6
6903,31,25,2,4,8,17
6904,39,18,12,9,5,13
6905,29,9,10,10,8,1
6906,35,21,5,9,8,13
6907,26,12,7,7,6,6
6908,19,2,8,9,2,0
6909,9,5,2,2,3,2
6910,33,5,13,15,3,2
6911,0,0,0,0,0,0
6912,0,0,0,0,0,0
6913,8,3,3,2,2,1
6914,10,2,2,6,1,1
6915,10,2,1,7,1,1
6916,0,0,0,0,0,0
6917,7,1,2,4,0,1
6918,9,2,3,4,0,2
6919,6,2,1,3,2,0
6920,9,2,2,5,1,1
6921,20,10,4,6,4,6
6922,20,11,2,7,6,5
6923,15,8,3,4,5,3
6924,36,11,14,11,6,5
6925,33,14,9,9,8,6
6926,22,5,8,9,2,3
6927,21,12,6,3,5,7
6928,10,3,3,4,0,3
6929,0,0,0,0,0,0
6930,17,6,3,8,2,4
6931,36,22,6,8,12,10
6932,13,5,4,4,3,2
6933,28,8,9,11,5,3
6934,27,9,8,10,6,3
6935,31,11,8,12,7,4
6936,9,2,2,5,0,2
6937,15,3,6,6,2,1
6938,22,5,5,12,4,1
6939,6,1,1,4,1,0
6940,15,6,4,5,1,5
6941,0,0,0,0,0,0
6942,0,0,0,0,0,0
6943,0,0,0,0,0,0
6944,0,0,0,0,0,0
6945,40,21,9,10,10,11
6946,46,19,12,15,10,9
6947,22,7,7,8,2,5
6948,8,3,3,2,2,1
6949,40,22,10,6,9,13
6950,21,10,4,7,5,5
6951,12,8,2,2,1,7
6952,19,7,5,7,4,3
6953,34,10,13,11,5,5
6954,0,0,0,0,0,0
6955,19,9,3,7,5,4
6956,31,6,12,13,5,1
6957,20,6,5,9,4,2
6958,7,1,3,3,1,0
6959,21,8,5,8,4,4
6960,0,0,0,0,0,0
6961,27,10,8,9,4,6
6962,28,5,10,13,2,3
6963,21,13,2,6,5,8
6964,39,18,11,10,11,7
6965,34,15,8,11,7,8
6966,0,0,0,0,0,0
6967,5,4,0,1,2,2
6968,18,9,5,4,1,8
6969,29,17,3,9,5,12
6970,22,16,3,3,4,12
6971,0,0,0,0,0,0
6972,30,11,8,11,7,4
6973,25,9,8,8,6,3
6974,17,4,8,5,2,2
6975,33,10,9,14,6,4
6976,41,13,13,15,9,4
6977,38,16,6,16,8,8
6978,28,12,7,9,9,3
6979,11,4,2,5,3,1
6980,12,3,4,5,0,3
6981,0,0,0,0,0,0
6982,11,6,2,3,3,3
6983,11,3,5,3,2,1
6984,35,24,4,7,3,21
6985,25,9,5,11,5,4
6986,6,3,1,2,2,1
6987,2,0,0,2,0,0
6988,1,0,0,1,0,0
6989,30,7,12,11,2,5
6990,20,1,6,13,1,0
6991,17,7,2,8,4,3
6992,37,10,12,15,6,4
6993,33,14,6,13,7,7
6994,8,2,3,3,1,1
6995,14,6,2,6,4,2
6996,37,10,12,15,4,6
6997,33,13,10,10,5,8
6998,22,5,7,10,2,3
6999,7,4,1,2,2,2
7000,22,12,8,2,6,6
7001,40,20,10,10,15,5
7002,23,11,5,7,5,6
7003,39,12,12,15,5,7
7004,11,2,4,5,2,0
7005,11,5,2,4,0,5
7006,30,8,9,13,4,4
7007,20,10,4,6,8,2
7008,0,0,0,0,0,0
7009,8,1,2,5,0,1
7010,0,0,0,0,0,0
7011,2,1,0,1,1,0
7012,7,1,3,3,1,0
7013,19,10,2,7,5,5
7014,20,6,4,10,5,1
7015,7,1,2,4,0,1
7016,10,4,1,5,1,3
7017,18,4,5,7,2,2
7018,33,15,5,13,10,5
7019,27,14,6,7,11,3
7020,20,10,6,4,5,5
7021,6,1,2,3,1,0
7022,17,4,3,8,4,0
7023,18,9,2,7,9,0
7024,25,5,7,13,1,4
7025,17,4,5,8,1,3
7026,2,1,1,0,1,0
7027,17,11,2,4,4,7
7028,42,20,11,11,12,8
7029,34,15,8,11,7,8
7030,12,8,2,2,4,4
7031,35,16,7,12,10,6
7032,20,4,8,8,1,3
7033,24,7,10,7,5,2
7034,38,10,11,17,5,5
7035,40,9,7,21,6,3
7036,12,4,2,5,4,0
7037,5,2,2,1,2,0
7038,45,27,6,10,10,17
7039,39,12,10,17,5,7
7040,37,14,7,16,3,11
7041,26,12,7,7,3,9
7042,10,9,1,0,5,4
7043,26,9,5,12,3,6
7044,22,8,5,9,7,1
7045,5,3,1,1,0,3
7046,43,29,5,7,13,16
7047,26,12,6,8,6,6
7048,0,0,0,0,0,0
7049,9,2,3,4,0,2
7050,12,1,3,8,0,1
7051,27,19,6,2,9,10
7052,10,5,2,3,0,5
7053,29,5,8,16,3,2
7054,18,6,5,7,4,2
7055,8,3,2,3,2,1
7056,18,7,7,2,2,5
7057,22,9,7,5,3,6
7058,4,2,0,2,1,1
7059,19,6,5,6,4,2
7060,0,0,0,0,0,0
7061,0,0,0,0,0,0
7062,9,3,3,3,1,2
7063,2,1,1,0,0,1
7064,0,0,0,0,0,0
7065,0,0,0,0,0,0
7066,20,6,5,9,3,3
7067,2,1,0,1,1,0
7068,25,19,2,4,7,12
7069,33,21,6,4,5,16
7070,12,6,3,3,2,4
7071,0,0,0,0,0,0
7072,9,2,2,5,1,1
7073,0,0,0,0,0,0
7074,8,4,1,3,2,2
7075,39,9,12,18,5,4
7076,24,8,4,12,3,5
7077,6,3,1,2,1,2
7078,0,0,0,0,0,0
7079,0,0,0,0,0,0
7080,10,3,4,3,1,2
7081,38,8,13,17,5,3
7082,23,10,6,7,5,5
7083,28,6,9,13,3,3
7084,18,1,8,9,0,1
7085,16,5,1,10,1,4
7086,0,0,0,0,0,0
7087,15,2,4,9,2,0
7088,0,0,0,0,0,0
7089,12,5,3,4,5,0
7090,24,6,10,8,4,2
7091,19,6,7,6,4,2
7092,10,7,1,2,2,5
7093,18,4,7,7,1,3
7094,37,8,10,19,5,3
7095,26,7,7,12,5,2
7096,23,5,6,12,4,1
7097,14,3,2,9,2,1
7098,23,3,5,15,1,2
7099,17,8,3,6,6,2
7100,43,25,11,7,9,16
7101,14,8,4,2,3,5
7102,1,1,0,0,1,0
7103,15,7,4,4,5,2
7104,22,7,6,9,4,3
7105,11,4,4,3,1,3
7106,30,12,9,9,6,6
7107,24,11,4,9,8,3
7108,47,28,11,8,11,17
7109,42,24,9,9,11,13
7110,23,11,4,8,6,5
7111,8,3,4,1,3,0
7112,9,5,2,2,3,2
7113,30,11,5,14,5,6
7114,42,15,17,10,12,3
7115,34,16,8,10,8,8
7116,26,10,5,11,5,5
7117,12,7,3,2,2,5
7118,22,11,8,3,7,4
7119,41,17,10,14,8,9
7120,23,12,3,8,4,8
7121,37,20,6,11,9,11
7122,29,14,5,10,9,5
7123,9,2,4,3,1,1
7124,39,15,13,11,10,5
7125,41,18,8,14,10,8
7126,27,15,7,5,5,10
7127,9,2,3,4,2,0
7128,19,7,6,6,3,4
7129,16,7,2,7,3,4
7130,9,5,2,2,3,2
7131,35,12,11,12,8,4
7132,25,7,5,13,5,2
7133,8,3,2,3,3,0
7134,17,6,8,3,2,4
7135,4,1,0,3,0,1
7136,14,1,5,8,1,0
7137,33,7,11,15,4,3
7138,29,7,7,15,3,4
7139,35,16,8,11,7,9
7140,0,0,0,0,0,0
7141,22,6,7,9,1,5
7142,38,21,4,13,9,12
7143,20,11,3,6,5,6
7144,0,0,0,0,0,0
7145,27,15,5,7,6,9
7146,12,5,2,5,2,3
7147,31,8,13,10,4,4
7148,23,6,6,11,5,1
7149,20,3,7,10,1,2
7150,20,8,5,7,2,6
7151,45,14,15,16,7,7
7152,41,21,10,10,10,11
7153,0,0,0,0,0,0
7154,0,0,0,0,0,0
7155,26,21,4,1,9,12
7156,53,41,4,8,13,28
7157,40,28,8,4,4,24
7158,25,14,5,6,5,9
7159,12,7,1,4,3,4
7160,22,12,5,5,6,6
7161,9,3,2,4,1,2
7162,0,0,0,0,0,0
7163,9,1,5,3,1,0
7164,7,3,1,3,2,1
7165,31,17,5,9,9,8
7166,9,2,4,3,1,1
7167,24,14,3,7,3,11
7168,50,30,5,15,10,20
7169,43,23,7,13,10,13
7170,21,14,4,3,6,8
7171,6,3,3,0,1,2
7172,16,5,3,8,2,3
7173,19,4,4,11,2,2
7174,0,0,0,0,0,0
7175,13,8,2,3,5,3
7176,48,23,9,14,14,9
7177,24,14,5,4,4,10
7178,10,2,2,6,0,2
7179,3,0,0,1,0,0
7180,17,8,2,7,7,1
7181,10,3,4,3,1,2
7182,40,15,7,18,7,8
7183,32,11,10,11,8,3
7184,41,8,13,20,3,5
7185,41,9,12,18,6,3
7186,22,5,6,11,4,1
7187,8,0,4,4,0,0
7188,8,2,3,3,0,2
7189,2,1,0,1,1,0
7190,21,15,5,1,8,7
7191,55,29,10,16,12,17
7192,44,28,10,6,12,16
7193,35,21,10,4,12,9
7194,21,10,2,9,4,6
7195,9,5,2,2,4,1
7196,14,6,3,5,4,2
7197,22,11,5,6,5,6
7198,1,1,0,0,1,0
7199,15,6,1,8,2,4
7200,22,8,9,5,5,3
7201,11,11,0,0,6,5
7202,2,2,0,0,0,2
7203,46,29,5,12,18,11
7204,20,11,3,6,7,4
7205,8,1,4,3,0,1
7206,36,11,11,14,2,9
7207,34,9,8,17,6,3
7208,35,10,6,19,7,3
7209,0,0,0,0,0,0
7210,6,1,3,2,0,1
7211,7,2,1,4,0,2
7212,20,5,7,8,5,0
7213,15,5,2,8,5,0
7214,1,1,0,0,0,1
7215,1,0,1,0,0,0
7216,16,6,5,5,2,4
7217,17,9,4,4,4,5
7218,28,10,6,12,5,5
7219,11,6,3,2,2,4
7220,30,12,7,11,7,5
7221,27,6,10,10,3,3
7222,19,8,6,5,3,5
7223,0,0,0,0,0,0
7224,13,6,0,7,4,2
7225,14,2,1,11,2,0
7226,0,0,0,0,0,0
7227,4,1,1,2,1,0
7228,36,10,8,18,6,4
7229,22,12,4,6,10,2
7230,45,14,13,18,6,8
7231,30,11,10,9,6,5
7232,8,0,4,4,0,0
7233,24,7,5,12,6,1
7234,8,1,1,6,0,1
7235,2,1,1,0,0,1
7236,9,4,1,4,3,1
7237,5,1,1,3,1,0
7238,16,4,6,6,1,3
7239,1,0,0,1,0,0
7240,17,1,2,14,1,0
7241,0,0,0,0,0,0
7242,17,3,3,11,1,2
7243,18,5,5,8,2,3
7244,18,5,7,6,0,5
7245,0,0,0,0,0,0
7246,3,1,1,1,0,1
7247,31,17,5,7,5,12
7248,41,16,8,17,6,10
7249,10,5,2,3,1,4
7250,25,11,7,7,2,9
7251,12,10,2,0,6,4
7252,13,2,6,5,2,0
7253,7,3,1,3,1,2
7254,17,6,4,7,4,2
7255,13,2,4,7,1,1
7256,37,18,7,12,11,7
7257,34,16,8,10,12,4
7258,20,8,7,5,4,4
7259,0,0,0,0,0,0
7260,7,4,1,2,3,1
7261,0,0,0,0,0,0
7262,8,3,0,5,3,0
7263,0,0,0,0,0,0
7264,7,2,2,3,1,1
7265,14,7,2,5,1,6
7266,0,0,0,0,0,0
7267,9,0,2,7,0,0
7268,0,0,0,0,0,0
7269,29,11,10,8,8,3
7270,25,12,4,9,4,8
7271,9,4,3,2,1,3
7272,4,1,2,1,1,0
7273,0,0,0,0,0,0
7274,28,4,7,17,2,2
7275,0,0,0,0,0,0
7276,16,7,3,6,4,3
7277,4,2,1,1,1,1
7278,18,10,3,5,2,8
7279,6,3,2,1,1,2
7280,0,0,0,0,0,0
7281,24,6,7,11,2,4
7282,27,8,5,14,5,3
7283,44,30,11,3,15,15
7284,39,29,6,4,10,19
7285,14,8,0,6,3,5
7286,5,2,3,0,1,1
7287,41,32,6,3,17,15
7288,34,11,10,13,8,3
7289,17,4,7,6,3,1
7290,5,0,2,3,0,0
7291,23,11,6,6,6,5
7292,40,18,12,10,9,9
7293,42,15,12,15,8,7
7294,8,5,2,1,5,0
7295,27,14,6,7,7,7
7296,8,2,2,4,1,1
7297,0,0,0,0,0,0
7298,0,0,0,0,0,0
7299,42,25,7,10,10,15
7300,25,8,9,8,5,3
7301,25,6,5,14,4,2
7302,6,2,2,2,2,0
7303,15,6,6,3,3,3
7304,35,9,8,18,3,6
7305,21,7,6,8,5,2
7306,18,5,5,8,3,2
7307,8,2,2,4,1,1
7308,18,7,8,3,1,6
7309,38,18,9,11,11,7
7310,20,9,5,6,4,5
7311,0,0,0,0,0,0
7312,18,4,6,8,1,3
7313,38,9,9,20,6,3
7314,14,8,3,3,3,5
7315,0,0,0,0,0,0
7316,5,2,2,1,2,0
7317,1,1,0,0,0,1
7318,17,4,6,7,4,0
7319,21,3,6,12,3,0
7320,18,8,6,4,4,4
7321,23,6,7,10,5,1
7322,9,3,3,3,2,1
7323,6,4,1,1,2,2
7324,11,5,2,4,0,5
7325,17,6,5,6,2,4
7326,24,12,3,9,8,4
7327,39,15,12,12,7,8
7328,33,8,4,21,4,4
7329,22,10,3,9,4,6
7330,7,2,2,3,1,1
7331,0,0,0,0,0,0
7332,13,10,2,1,2,8
7333,0,0,0,0,0,0
7334,12,7,3,2,2,5
7335,30,12,12,6,6,6
7336,26,7,9,10,4,3
7337,44,14,18,12,6,8
7338,32,13,8,11,4,9
7339,20,4,10,6,2,2
7340,5,0,2,3,0,0
7341,0,0,0,0,0,0
7342,36,14,10,12,11,3
7343,16,6,4,6,3,3
7344,9,4,1,4,1,3
7345,2,1,0,1,0,1
7346,15,6,3,5,4,2
7347,0,0,0,0,0,0
7348,7,2,2,3,1,1
7349,21,8,4,8,4,4
7350,19,2,3,14,2,0
7351,13,9,2,2,5,4
7352,19,7,4,8,4,3
7353,0,0,0,0,0,0
7354,0,0,0,0,0,0
7355,0,0,0,0,0,0
7356,9,1,2,6,1,0
7357,9,2,3,4,2,0
7358,0,0,0,0,0,0
7359,9,7,1,1,3,4
7360,17,3,3,11,0,3
7361,39,10,13,16,8,2
7362,34,13,9,12,8,5
7363,2,2,0,0,2,0
7364,11,6,3,2,5,1
7365,15,8,2,5,4,4
7366,26,12,5,9,9,3
7367,10,4,2,4,3,1
7368,25,10,9,6,5,5
7369,22,9,7,6,5,4
7370,14,6,3,5,4,2
7371,3,2,0,1,0,2
7372,29,15,6,8,5,10
7373,31,22,3,6,13,9
7374,2,1,0,1,0,1
7375,18,6,5,7,3,3
7376,15,4,6,5,0,4
7377,36,14,11,11,8,6
7378,28,13,6,9,8,5
7379,52,37,7,8,13,24
7380,38,24,5,9,8,16
7381,15,3,5,7,3,0
7382,20,5,7,8,4,1
7383,13,8,3,2,2,6
7384,0,0,0,0,0,0
7385,7,3,3,1,0,3
7386,10,2,1,7,1,1
7387,16,4,5,7,4,0
7388,22,2,7,13,1,1
7389,41,25,6,10,10,15
7390,23,13,4,6,3,10
7391,7,6,1,0,4,2
7392,18,4,3,11,1,3
7393,9,1,5,3,1,0
7394,0,0,0,0,0,0
7395,4,1,1,2,1,0
7396,0,0,0,0,0,0
7397,0,0,0,0,0,0
7398,0,0,0,0,0,0
7399,2,0,0,0,0,0
7400,0,0,0,0,0,0
7401,16,3,4,9,1,2
7402,29,8,7,14,5,3
7403,22,12,4,6,10,2
7404,8,1,3,4,1,0
7405,24,9,8,7,5,4
7406,46,28,8,10,11,17
7407,29,21,3,5,12,9
7408,22,7,2,13,4,3
7409,8,3,2,3,3,0
7410,23,8,4,8,3,5
7411,21,12,4,5,4,8
7412,11,5,2,4,2,3
7413,22,18,3,1,6,12
7414,25,6,7,12,1,5
7415,11,5,3,3,2,3
7416,32,7,7,18,2,5
7417,41,13,13,15,8,5
7418,32,12,10,10,7,5
7419,23,9,6,8,6,3
7420,4,2,2,0,2,0
7421,24,7,8,9,5,2
7422,35,8,16,11,6,2
7423,12,2,4,6,1,1
7424,10,5,3,2,1,4
7425,30,5,11,14,2,3
7426,2,0,1,1,0,0
7427,0,0,0,0,0,0
7428,21,5,10,6,2,3
7429,30,8,11,11,7,1
7430,19,6,6,7,3,3
7431,0,0,0,0,0,0
7432,17,9,3,5,4,5
7433,2,0,1,1,0,0
7434,28,11,5,12,6,5
7435,33,14,6,13,6,8
7436,22,12,4,6,6,6
7437,0,0,0,0,0,0
7438,20,7,8,5,5,2
7439,6,1,3,2,1,0
7440,5,4,0,1,2,2
7441,0,0,0,0,0,0
7442,10,8,1,1,3,5
7443,8,3,3,2,1,2
7444,8,4,1,3,2,2
7445,20,7,4,9,5,2
7446,38,18,7,13,5,13
7447,41,23,9,9,8,15
7448,14,6,2,6,3,3
7449,10,6,2,2,4,2
7450,7,3,2,2,2,1
7451,0,0,0,0,0,0
7452,0,0,0,0,0,0
7453,0,0,0,0,0,0
7454,1,0,1,0,0,0
7455,22,8,9,5,5,3
7456,16,8,4,4,5,3
7457,48,25,9,14,5,20
7458,41,28,2,10,14,14
7459,24,12,6,6,3,9
7460,8,7,0,1,1,6
7461,23,2,10,11,1,1
7462,24,8,7,9,6,2
7463,22,14,5,3,6,8
7464,20,12,5,3,7,5
7465,0,0,0,0,0,0
7466,19,11,5,3,7,4
7467,7,3,1,3,2,1
7468,20,8,2,10,5,3
7469,30,9,8,13,2,7
7470,18,4,6,8,2,2
7471,5,1,3,1,1,0
7472,9,5,2,2,3,2
7473,40,15,13,12,7,8
7474,31,8,5,18,4,4
7475,10,5,2,3,2,3
7476,20,11,4,5,4,7
7477,37,16,6,15,4,12
7478,25,13,6,6,3,10
7479,12,10,2,0,6,4
7480,0,0,0,0,0,0
7481,22,6,8,8,4,2
7482,8,2,3,3,2,0
7483,13,3,2,5,1,2
7484,26,14,5,7,6,8
7485,6,2,1,3,2,0
7486,15,5,4,6,2,3
7487,25,17,6,2,8,9
7488,15,6,3,6,4,2
7489,16,11,3,2,4,7
7490,0,0,0,0,0,0
7491,0,0,0,0,0,0
7492,8,5,1,2,3,2
7493,23,9,4,10,6,3
7494,23,6,4,13,2,4
7495,24,11,5,8,4,7
7496,45,28,9,8,5,23
7497,23,14,3,6,6,8
7498,0,0,0,0,0,0
7499,5,1,2,2,1,0
7500,8,2,1,5,2,0
7501,2,1,0,1,0,1
7502,1,0,0,1,0,0
7503,0,0,0,0,0,0
7504,8,1,2,5,1,0
7505,15,9,3,3,3,6
7506,48,30,8,10,7,23
7507,11,8,2,1,2,6
7508,10,6,2,2,1,5
7509,21,6,5,10,5,1
7510,14,9,3,2,3,6
7511,0,0,0,0,0,0
7512,0,0,0,0,0,0
7513,0,0,0,0,0,0
7514,0,0,0,0,0,0
7515,3,1,1,1,0,1
7516,15,3,4,8,1,2
7517,10,7,0,3,3,4
7518,18,12,3,3,7,5
7519,11,7,3,1,1,6
7520,29,8,11,10,5,3
7521,19,8,6,5,4,4
7522,6,3,2,1,2,1
7523,13,11,1,1,6,5
7524,9,1,2,6,0,1
7525,19,5,6,8,3,2
7526,9,5,2,2,4,1
7527,1,0,0,1,0,0
7528,28,17,6,5,5,12
7529,14,6,5,3,3,3
7530,5,1,2,2,1,0
7531,0,0,0,0,0,0
7532,9,2,1,6,2,0
7533,0,0,0,0,0,0
7534,9,3,2,4,3,0
7535,0,0,0,0,0,0
7536,9,2,3,4,0,2
7537,6,1,0,5,0,1
7538,13,4,2,7,2,2
7539,18,6,7,5,1,5
7540,22,12,4,6,3,9
7541,36,23,5,8,9,14
7542,39,25,7,7,9,16
7543,16,14,1,1,8,6
7544,10,5,3,2,2,3
7545,26,4,10,12,1,3
7546,16,4,6,6,1,3
7547,8,2,3,3,2,0
7548,22,5,4,10,2,3
7549,22,7,2,13,6,1
7550,0,0,0,0,0,0
7551,10,3,3,4,3,0
7552,19,5,3,11,2,3
7553,35,13,8,12,5,8
7554,26,14,5,7,5,9
7555,12,6,3,3,2,4
7556,17,4,4,9,2,2
7557,31,16,7,8,12,4
7558,0,0,0,0,0,0
7559,16,4,4,8,2,2
7560,22,9,5,8,4,5
7561,16,7,2,7,4,3
7562,43,17,16,10,9,8
7563,24,6,6,12,5,1
7564,22,6,8,8,4,2
7565,7,2,3,2,0,2
7566,0,0,0,0,0,0
7567,7,3,2,2,1,2
7568,0,0,0,0,0,0
7569,1,0,0,1,0,0
7570,7,5,2,0,3,2
7571,1,0,0,1,0,0
7572,0,0,0,0,0,0
7573,20,9,4,7,4,5
7574,33,12,11,10,7,5
7575,27,8,5,14,5,3
7576,15,7,2,6,4,3
7577,16,6,7,3,4,2
7578,0,0,0,0,0,0
7579,0,0,0,0,0,0
7580,0,0,0,0,0,0
7581,0,0,0,0,0,0
7582,1,1,0,0,0,1
7583,8,1,2,5,1,0
7584,3,2,1,0,1,1
7585,0,0,0,0,0,0
7586,9,7,1,1,3,4
7587,7,1,2,4,0,1
7588,0,0,0,0,0,0
7589,0,0,0,0,0,0
7590,1,0,0,1,0,0
7591,0,0,0,0,0,0
7592,0,0,0,0,0,0
7593,0,0,0,0,0,0
7594,3,2,0,1,1,1
7595,21,10,7,4,5,5
7596,7,5,1,1,3,2
7597,0,0,0,0,0,0
7598,0,0,0,0,0,0
7599,32,15,8,9,8,7
7600,9,5,4,0,1,4
7601,22,6,11,5,5,1
7602,38,20,8,10,10,10
7603,26,10,6,10,5,5
7604,9,6,1,2,1,5
7605,1,0,0,1,0,0
7606,2,1,1,0,1,0
7607,0,0,0,0,0,0
7608,11,6,4,1,2,4
7609,0,0,0,0,0,0
7610,6,2,2,2,2,0
7611,0,0,0,0,0,0
7612,0,0,0,0,0,0
7613,0,0,0,0,0,0
7614,0,0,0,0,0,0
7615,0,0,0,0,0,0
7616,0,0,0,0,0,0
7617,13,6,1,6,4,2
7618,11,7,2,2,1,6
7619,17,9,4,4,5,4
7620,17,5,5,7,2,3
7621,0,0,0,0,0,0
7622,23,12,4,7,3,9
7623,36,21,8,7,8,13
7624,8,6,0,2,2,4
7625,8,2,2,4,2,0
7626,0,0,0,0,0,0
7627,9,5,1,3,2,3
7628,20,11,2,7,1,10
7629,21,10,1,10,3,7
7630,27,14,6,7,3,11
7631,32,16,9,7,7,9
7632,0,0,0,0,0,0
7633,9,4,1,4,1,3
7634,7,3,2,2,1,2
7635,1,0,1,0,0,0
7636,16,8,4,4,6,2
7637,21,6,6,9,3,3
7638,0,0,0,0,0,0
7639,0,0,0,0,0,0
7640,0,0,0,0,0,0
7641,0,0,0,0,0,0
7642,28,18,3,7,12,6
7643,10,4,1,5,1,3
7644,1,0,0,1,0,0
7645,8,3,4,1,2,1
7646,16,6,4,6,4,2
7647,25,12,6,7,9,3
7648,7,2,2,3,0,2
7649,0,0,0,0,0,0
7650,13,3,3,7,2,1
7651,0,0,0,0,0,0
7652,0,0,0,0,0,0
7653,8,2,1,5,1,1
7654,21,4,4,13,2,2
7655,39,14,10,13,8,6
7656,21,5,8,8,2,3
7657,8,2,2,4,1,1
7658,0,0,0,0,0,0
7659,0,0,0,0,0,0
7660,9,2,3,4,0,2
7661,0,0,0,0,0,0
7662,10,3,5,2,2,1
7663,0,0,0,0,0,0
7664,17,6,3,8,4,2
7665,8,5,0,3,4,1
7666,1,0,0,1,0,0
7667,10,4,3,3,1,3
7668,13,6,0,7,3,3
7669,37,9,13,15,6,3
7670,24,6,4,14,2,4
7671,21,8,6,7,5,3
7672,7,3,3,1,2,1
7673,19,5,8,6,2,3
7674,18,4,3,11,3,1
7675,1,0,0,1,0,0
7676,0,0,0,0,0,0
7677,0,0,0,0,0,0
7678,9,3,3,3,2,1
7679,5,3,1,1,3,0
7680,15,3,6,6,0,3
7681,19,1,5,13,1,0
7682,2,0,0,2,0,0
7683,12,3,3,6,3,0
7684,0,0,0,0,0,0
7685,5,1,1,3,0,1
7686,2,1,0,1,1,0
7687,7,2,2,3,0,2
7688,8,1,4,3,1,0
7689,7,3,4,0,3,0
7690,0,0,0,0,0,0
7691,7,2,3,2,2,0
7692,28,12,8,8,3,9
7693,21,11,6,4,6,5
7694,4,3,0,1,1,2
7695,24,12,6,6,8,4
7696,33,14,8,11,6,8
7697,8,5,3,0,3,2
7698,0,0,0,0,0,0
7699,0,0,0,0,0,0
7700,22,4,4,14,4,0
7701,27,10,8,9,5,5
7702,6,0,2,4,0,0
7703,2,0,1,1,0,0
7704,0,0,0,0,0,0
7705,1,0,0,1,0,0
7706,8,2,2,4,1,1
7707,0,0,0,0,0,0
7708,8,3,2,3,1,2
7709,0,0,0,0,0,0
7710,7,1,2,4,1,0
7711,24,8,6,10,5,3
7712,5,0,1,4,0,0
7713,20,9,5,6,7,2
7714,13,5,3,5,3,2
7715,7,5,0,2,3,2
7716,0,0,0,0,0,0
7717,8,1,2,5,1,0
7718,15,8,3,4,2,6
7719,43,21,11,11,8,13
7720,13,8,4,1,6,2
7721,9,5,1,3,3,2
7722,26,17,5,4,8,9
7723,14,7,2,5,4,3
7724,13,2,0,11,2,0
7725,0,0,0,0,0,0
7726,27,14,5,8,4,10
7727,15,9,3,3,1,8
7728,9,5,2,2,2,3
7729,14,4,2,8,2,2
7730,18,8,3,7,4,4
7731,7,2,2,3,1,1
7732,0,0,0,0,0,0
7733,17,9,2,6,5,4
7734,28,11,7,10,9,2
7735,11,4,2,5,3,1
7736,20,4,8,8,4,0
7737,0,0,0,0,0,0
7738,10,1,4,5,1,0
7739,11,5,2,4,0,5
7740,0,0,0,0,0,0
7741,42,22,9,11,11,11
7742,17,7,4,6,4,3
7743,4,1,3,0,1,0
7744,0,0,0,0,0,0
7745,1,0,0,1,0,0
7746,2,2,0,0,1,1
7747,1,0,1,0,0,0
7748,6,2,4,0,2,0
7749,4,2,1,1,2,0
7750,0,0,0,0,0,0
7751,18,4,5,9,2,2
7752,31,10,4,17,6,4
7753,35,11,11,13,8,3
7754,21,10,5,6,5,5
7755,25,9,8,8,6,3
7756,9,3,4,2,1,2
7757,0,0,0,0,0,0
7758,12,3,3,6,2,1
7759,21,6,6,9,3,3
7760,0,0,0,0,0,0
7761,18,5,7,6,2,3
7762,18,7,5,6,5,2
7763,0,0,0,0,0,0
7764,0,0,0,0,0,0
7765,8,5,2,1,3,2
7766,0,0,0,0,0,0
7767,0,0,0,0,0,0
7768,9,4,1,4,3,1
7769,0,0,0,0,0,0
7770,0,0,0,0,0,0
7771,0,0,0,0,0,0
7772,2,0,0,2,0,0
7773,2,1,0,1,0,1
7774,16,4,4,8,3,1
7775,1,1,0,0,1,0
7776,18,14,4,0,7,7
7777,24,13,2,9,5,8
7778,10,6,4,0,2,4
7779,13,5,2,6,2,3
7780,0,0,0,0,0,0
7781,4,3,1,0,2,1
7782,21,10,4,7,6,4
7783,8,3,4,1,3,0
7784,28,15,3,8,10,5
7785,23,14,4,4,5,9
7786,10,8,0,2,5,3
7787,5,4,0,1,3,1
7788,0,0,0,0,0,0
7789,0,0,0,0,0,0
7790,20,5,1,14,2,3
7791,8,3,3,2,1,2
7792,0,0,0,0,0,0
7793,0,0,0,0,0,0
7794,0,0,0,0,0,0
7795,0,0,0,0,0,0
7796,0,0,0,0,0,0
7797,2,0,0,2,0,0
7798,12,7,3,1,3,4
7799,10,8,0,2,5,3
7800,33,14,14,5,8,6
7801,21,11,2,8,5,6
7802,18,7,4,7,2,5
7803,15,5,0,10,2,3
7804,17,5,3,9,1,4
7805,8,1,3,4,1,0
7806,12,1,4,7,1,0
7807,29,11,8,10,7,4
7808,22,8,3,11,7,1
7809,8,2,3,3,1,1
7810,0,0,0,0,0,0
7811,0,0,0,0,0,0
7812,9,4,1,4,3,1
7813,24,3,9,12,1,2
7814,0,0,0,0,0,0
7815,0,0,0,0,0,0
7816,0,0,0,0,0,0
7817,0,0,0,0,0,0
7818,1,0,0,1,0,0
7819,0,0,0,0,0,0
7820,8,1,2,5,1,0
7821,12,7,3,2,2,5
7822,0,0,0,0,0,0
7823,18,5,0,13,2,3
7824,18,7,3,8,2,5
7825,7,2,1,4,1,1
7826,1,0,0,1,0,0
7827,0,0,0,0,0,0
7828,2,1,0,1,1,0
7829,0,0,0,0,0,0
7830,9,2,4,3,1,1
7831,7,4,0,3,0,4
7832,0,0,0,0,0,0
7833,5,2,2,1,2,0
7834,9,2,3,4,2,0
7835,0,0,0,0,0,0
7836,0,0,0,0,0,0
7837,3,2,0,1,2,0
7838,0,0,0,0,0,0
7839,0,0,0,0,0,0
7840,0,0,0,0,0,0
7841,0,0,0,0,0,0
7842,0,0,0,0,0,0
7843,0,0,0,0,0,0
7844,10,2,3,5,1,1
7845,0,0,0,0,0,0
7846,3,1,1,1,1,0
7847,11,3,4,4,1,2
7848,0,0,0,0,0,0
7849,1,0,0,1,0,0
7850,19,9,4,6,7,2
7851,12,8,4,0,4,4
7852,1,1,0,0,1,0
7853,20,12,3,3,5,7
7854,3,1,1,1,0,1
7855,4,2,0,2,2,0
7856,4,2,1,1,0,2
7857,0,0,0,0,0,0
7858,0,0,0,0,0,0
7859,8,4,2,2,2,2
7860,33,11,13,9,6,5
7861,0,0,0,0,0,0
7862,0,0,0,0,0,0
7863,3,2,0,1,1,1
7864,0,0,0,0,0,0
7865,0,0,0,0,0,0
7866,0,0,0,0,0,0
7867,0,0,0,0,0,0
7868,30,8,13,9,6,2
7869,19,7,4,8,1,6
7870,8,1,2,5,0,1
7871,0,0,0,0,0,0
7872,13,8,1,4,4,4
7873,0,0,0,0,0,0
7874,0,0,0,0,0,0
7875,0,0,0,0,0,0
7876,2,1,0,1,0,1
7877,1,0,1,0,0,0
7878,0,0,0,0,0,0
7879,9,7,1,1,4,3
7880,0,0,0,0,0,0
7881,0,0,0,0,0,0
7882,15,7,4,4,6,1
7883,17,10,3,4,5,5
7884,8,3,3,2,0,3
7885,0,0,0,0,0,0
7886,4,2,0,2,2,0
7887,0,0,0,0,0,0
7888,0,0,0,0,0,0
7889,7,2,2,3,2,0
7890,6,3,1,2,0,3
7891,0,0,0,0,0,0
7892,0,0,0,0,0,0
7893,10,5,2,3,2,3
7894,3,2,1,0,1,1
7895,7,5,2,0,2,3
7896,0,0,0,0,0,0
7897,0,0,0,0,0,0
7898,10,6,1,3,1,5
7899,0,0,0,0,0,0
7900,0,0,0,0,0,0
7901,19,10,7,2,6,4
7902,18,9,1,8,3,6
7903,9,6,1,2,4,2
7904,0,0,0,0,0,0
7905,10,4,1,5,3,1
7906,0,0,0,0,0,0
7907,0,0,0,0,0,0
7908,7,2,1,4,1,1
7909,0,0,0,0,0,0
7910,2,1,0,1,0,1
7911,4,1,3,0,0,1
7912,20,9,7,4,4,5
7913,13,2,3,8,0,2
7914,0,0,0,0,0,0
7915,8,2,1,5,2,0
7916,15,8,3,4,3,5
7917,23,11,3,9,3,8
7918,10,6,2,2,4,2
7919,0,0,0,0,0,0
7920,7,3,2,2,2,1
7921,0,0,0,0,0,0
7922,4,3,0,1,2,1
7923,13,8,3,2,3,5
7924,0,0,0,0,0,0
7925,12,8,2,2,3,5
7926,0,0,0,0,0,0
7927,0,0,0,0,0,0
7928,8,3,4,1,3,0
7929,0,0,0,0,0,0
7930,0,0,0,0,0,0
7931,0,0,0,0,0,0
7932,0,0,0,0,0,0
7933,0,0,0,0,0,0
7934,2,1,1,0,1,0
7935,1,1,0,0,1,0
7936,0,0,0,0,0,0
7937,9,5,2,2,2,3
7938,7,5,0,2,5,0
7939,3,1,1,1,1,0
7940,0,0,0,0,0,0
7941,0,0,0,0,0,0
7942,16,8,4,4,4,4
7943,12,5,2,5,2,3
7944,0,0,0,0,0,0
7945,0,0,0,0,0,0
7946,0,0,0,0,0,0
7947,16,2,2,12,2,0
7948,1,0,1,0,0,0
7949,14,1,2,11,1,0
7950,16,4,6,6,2,2
7951,0,0,0,0,0,0
7952,7,2,1,4,1,1
7953,0,0,0,0,0,0
7954,22,11,4,7,5,6
7955,12,5,2,5,2,3
7956,0,0,0,0,0,0
7957,0,0,0,0,0,0
7958,0,0,0,0,0,0
7959,0,0,0,0,0,0
7960,0,0,0,0,0,0
7961,3,2,1,0,0,2
7962,10,6,2,2,3,3
7963,5,2,2,1,0,2
7964,0,0,0,0,0,0
7965,12,2,3,7,0,2
7966,0,0,0,0,0,0
7967,12,8,3,1,4,4
7968,11,6,3,2,1,5
7969,8,6,0,2,5,1
7970,0,0,0,0,0,0
7971,7,0,2,5,0,0
7972,0,0,0,0,0,0
7973,1,1,0,0,1,0
7974,0,0,0,0,0,0
7975,0,0,0,0,0,0
7976,9,3,2,4,1,2
7977,0,0,0,0,0,0
7978,0,0,0,0,0,0
7979,0,0,0,0,0,0
7980,0,0,0,0,0,0
7981,0,0,0,0,0,0
7982,0,0,0,0,0,0
7983,0,0,0,0,0,0
7984,7,1,1,5,0,1
7985,0,0,0,0,0,0
7986,0,0,0,0,0,0
7987,0,0,0,0,0,0
7988,0,0,0,0,0,0
7989,2,1,0,1,1,0
7990,0,0,0,0,0,0
7991,0,0,0,0,0,0
7992,0,0,0,0,0,0
7993,6,2,2,2,1,1
7994,0,0,0,0,0,0
7995,0,0,0,0,0,0
7996,0,0,0,0,0,0
7997,4,1,2,1,1,0
7998,0,0,0,0,0,0
7999,0,0,0,0,0,0
8000,0,0,0,0,0,0
