player_id,Name,Height,Foot,Country_of_Birth,City_of_Birth,Continent_of_Birth
532,Claudio Pizarro,184.0,right,Peru,Callao,South America
3333,James Milner,175.0,right,England,Leeds,Europe
3455,Zlatan Ibrahimović,195.0,right,Sweden,Malm,Europe
4018,Daniel Baier,176.0,right,Germany,Kln,Europe
5017,Niklas Moisander,183.0,left,Finland,Turku,Europe
5303,Souleymane Camara,174.0,right,Senegal,Dakar,Africa
5348,Florent Balmont,168.0,right,France,Sainte-Foy-ls-Lyon,Europe
5672,Étienne Didot,175.0,right,France,Paimpol,Europe
5928,Sergio Pellissier,175.0,right,Italy,Aosta,Europe
5947,Daniele De Rossi,184.0,both,Italy,Roma,Europe
6636,Christian Fuchs,187.0,left,Austria,Neunkirchen,Europe
7101,Paolo Sammarco,181.0,right,Italy,Como,Europe
7161,Jonas Hofmann,176.0,right,Germany,Heidelberg,Europe
7512,Borja Fernández,189.0,right,Spain,Ourense,Europe
7663,Joaquín,181.0,right,Spain,El Puerto de Santa Mara,Europe
7922,Sergio García,174.0,right,Spain,Barcelona,Europe
7971,Salomon Kalou,184.0,right,Cote d'Ivoire,Oum,
8198,Cristiano Ronaldo,187.0,right,Portugal,Funchal,Europe
8806,Cesc Fàbregas,179.0,right,Spain,Arenys de Mar,Europe
10003,Wes Morgan,185.0,right,England,Nottingham,Europe
10503,Uwe Hünemeier,189.0,right,Germany,Rietberg,Europe
11111,Ramiro Funes Mori,187.0,left,Argentina,Mendoza,South America
11268,Oliver Fink,187.0,right,Germany,Hirschau,Europe
12249,Éver Banega,174.0,right,Argentina,Rosario,South America
12282,Daley Blind,180.0,left,Netherlands,Amsterdam,Europe
12384,Alexander Tettey,181.0,right,Ghana,Accra,Africa
12563,Goran Pandev,184.0,left,Jugoslawien (SFR),Strumica,
13507,Leighton Baines,170.0,left,England,Kirkby,Europe
13572,Ben Foster,193.0,left,England,Leamington Spa,Europe
13573,Simon Francis,191.0,right,England,Nottingham,Europe
13959,Igor,190.0,right,Brazil,Macei,South America
14086,Ashley Young,175.0,both,England,Stevenage,Europe
14221,Aaron Lennon,165.0,right,England,Chapeltown,Europe
14533,Pirmin Schwegler,178.0,right,Switzerland,Ettiswil,Europe
14942,Darijo Srna,182.0,right,Jugoslawien (SFR),Metkovi,
15338,Fernando,192.0,right,Brazil,Anita Garibaldi,South America
15773,Phil Bardsley,180.0,right,England,Salford,Europe
15799,Santi Cazorla,168.0,both,Spain,Lugo de Llanera,Europe
15951,Dani Alves,172.0,right,Brazil,Juazeiro,South America
15956,Jesús Navas,170.0,right,Spain,Los Palacios y Villafranca,Europe
16136,Dante,188.0,left,Brazil,Salvador da Bahia,South America
16306,Casemiro,185.0,right,Brazil,So Jos dos Campos,South America
16311,Rouwen Hennings,180.0,left,Germany,Bad Oldesloe,Europe
16335,Charles,175.0,right,Brazil,Rio de Janeiro,South America
16631,Ignazio Abate,180.0,right,Italy,Sant'Agata d Goti,Europe
16831,Ken Reichel,185.0,left,Germany,Berlin,Europe
16873,Claudio Terzi,180.0,right,Italy,Milano,Europe
16922,Kevin-Prince Boateng,186.0,right,Germany,Berlin,Europe
17127,Felipe,188.0,left,Brazil,Guaratinguet,South America
18644,Álvaro Negredo,186.0,left,Spain,Madrid,Europe
18900,Hatem Ben Arfa,179.0,left,France,Clamart,Europe
18909,Jimmy Briand,181.0,right,France,Vitry-sur-Seine,Europe
18918,Per Ciljan Skjelbred,175.0,right,Norway,Trondheim,Europe
18922,Karim Benzema,185.0,right,France,Lyon,Europe
18934,Thomas Mangani,183.0,left,France,Carpentras,Europe
18944,Gerard Piqué,194.0,right,Spain,Barcelona,Europe
19112,Christian Gentner,189.0,right,Germany,Nrtingen,Europe
19305,Oscar Wendt,181.0,left,Sweden,Gteborg,Europe
19354,Dennis Aogo,184.0,left,Germany,Karlsruhe,Europe
19447,Giampaolo Pazzini,180.0,right,Italy,Pescia,Europe
19819,Raffael,174.0,right,Brazil,Fortaleza,South America
20005,Papu Gómez,167.0,right,Argentina,Buenos Aires,South America
20007,Pablo Zabaleta,176.0,right,Argentina,Buenos Aires,South America
20081,Gelson Fernandes,180.0,right,Cape Verde,Praia,Africa
20463,Corentin Jean,170.0,right,France,Blois,Europe
20506,Andrés Guardado,167.0,left,Mexico,Guadalajara,North America
20778,Adam Bodzek,184.0,right,Poland,Zabrze,Europe
21725,Filipe Luís,182.0,left,Brazil,Jaragu do Sul,South America
21763,Federico Peluso,188.0,left,Italy,Roma,Europe
21905,Valon Behrami,184.0,right,Jugoslawien (SFR),Mitrovic,
22068,Franck Ribéry,170.0,right,France,Boulogne-sur-Mer,Europe
22140,Domenico Maietta,185.0,right,Italy,Cariati,Europe
22210,Luca Rigoni,185.0,right,Italy,Schio,Europe
22328,Fabio Quagliarella,180.0,right,Unknown,Castellammare di Stabia,
22386,Daniel Congré,185.0,right,France,Toulouse,Europe
22390,Loïc Perrin,181.0,right,France,Saint-tienne,Europe
22440,João Pedro,174.0,left,Portugal,Vila Nova de Famalico,Europe
22720,William,185.0,Unknown,Brazil,Acopora,South America
23492,Thomas Kristensen,188.0,right,Denmark,Virum,Europe
23960,Jérémy Morel,172.0,left,France,Lorient,Europe
25488,Antonio Candreva,180.0,right,Italy,Roma,Europe
25557,Sergio Ramos,184.0,right,Spain,Camas,Europe
26066,Iván Ramis,189.0,right,Spain,Sa Pobla,Europe
26105,Valter Birsa,184.0,left,Jugoslawien (SFR),Sempeter pri Gorici,
26148,Juanjo Camacho,180.0,left,Spain,Valencia,Europe
26267,Fernandinho,179.0,right,Brazil,Londrina,South America
26399,Sergio Agüero,173.0,right,Argentina,Quilmes,South America
26485,Jérôme Boateng,192.0,right,Germany,Berlin,Europe
27374,Sidnei,184.0,right,Brazil,Alegrete,South America
27389,Kévin Gameiro,172.0,right,France,Senlis,Europe
27511,Gary Cahill,193.0,right,England,Dronfield,Europe
27667,Vitolo,168.0,right,Spain,Santa Cruz de Tenerife,Europe
28003,Lionel Messi,170.0,left,Argentina,Rosario,South America
28335,Christophe Jallet,178.0,right,France,Cognac,Europe
28947,Gonzalo Castro,172.0,right,Germany,Wuppertal,Europe
28984,Sol Bamba,190.0,right,France,Ivry-sur-Seine,Europe
29124,Aritz Aduriz,181.0,right,Spain,Donostia-San Sebastin,Europe
29178,Nino,169.0,right,Spain,Almera,Europe
29241,Thiago Silva,181.0,right,Brazil,Rio de Janeiro,South America
29260,Giorgio Chiellini,187.0,left,Italy,Pisa,Europe
29364,João Moutinho,170.0,right,Portugal,Portimo,Europe
29401,Sami Khedira,189.0,right,Germany,Stuttgart,Europe
29424,Paulinho,176.0,right,Brazil,Caxias do Sul,South America
29434,Yohan Cabaye,173.0,right,France,Tourcoing,Europe
29594,Graziano Pellè,194.0,right,Italy,San Cesario di Lecce,Europe
29605,Daniel Ciofani,191.0,right,Italy,Avezzano,Europe
29962,Daniele Dessena,182.0,right,Italy,Parma,Europe
29975,Andrew Surman,178.0,left,South Africa,"Johannesburg, Gauteng",Africa
29993,Sven Bender,186.0,right,Germany,Rosenheim,Europe
30059,Lars Bender,185.0,right,Germany,Rosenheim,Europe
30638,Sergio Floccari,180.0,right,Italy,Vibo Valentia,Europe
30677,Gustavo Cabral,182.0,right,Argentina,Isidro Casanova,South America
31041,Fabian Johnson,183.0,right,Germany,Mnchen,Europe
31599,Norman Theuerkauf,183.0,left,East Germany (GDR),Nordhausen,
31909,Toni Kroos,183.0,right,East Germany (GDR),Greifswald,
32113,Armando Izzo,183.0,right,Italy,Napoli,Europe
32711,Patrick Herrmann,179.0,right,Germany,Uchtelfangen,Europe
32816,Danilo,185.0,right,Brazil,So Bernardo do Campo,South America
33218,Luca Cigarini,175.0,right,Italy,Montecchio Emilia,Europe
33571,Lorenzo De Silvestri,187.0,right,Italy,Roma,Europe
33713,Theo Walcott,175.0,both,England,London,Europe
33923,Blaise Matuidi,175.0,left,France,Toulouse,Europe
33947,Rafinha,172.0,right,Brazil,Londrina,South America
34322,Sokratis Papastathopoulos,186.0,right,Greece,Kalamata,Europe
34344,Cristián Zapata,187.0,right,Colombia,Padilla,South America
34370,Diego López,196.0,right,Spain,Paradela,Europe
34576,João Pedro,190.0,right,Portugal,Porto,Europe
34691,Stephen Ward,184.0,left,Ireland,Dublin,
34787,Julian Baumgartlinger,184.0,right,Unknown,Salzburg,
35047,Axel Witsel,186.0,right,Belgium,Lige,Europe
35242,Beto,182.0,right,Portugal,Loures,Europe
35416,David McGoldrick,184.0,right,England,Nottingham,Europe
35518,David Silva,170.0,left,Spain,Arguinegun,Europe
35536,Toño,182.0,right,Spain,Alicante,Europe
35564,Fernando Llorente,195.0,right,Spain,Pamplona,Europe
35743,Fabio Ceravolo,180.0,right,Italy,Locri,Europe
35747,Simone Missiroli,191.0,right,Italy,Reggio Calabria,Europe
35939,Ezequiel Garay,188.0,right,Argentina,Rosario,South America
36207,Fin Bartels,176.0,right,Germany,Kiel,Europe
36284,Simon Terodde,192.0,right,Germany,Bocholt,Europe
37304,Shane Long,180.0,both,Ireland,Gortnahoe,
37647,Dimitri Payet,175.0,right,Runion,Saint-Pierre,
37666,Arturo Vidal,180.0,right,Chile,San Joaqun,South America
37712,Daniel Carriço,183.0,right,Portugal,Cascais,Europe
37834,Felipe Caicedo,183.0,left,Ecuador,Guayaquil,South America
37917,Nabil El Zhar,170.0,both,France,Als,Europe
38094,Lee Peltier,178.0,right,England,Liverpool,Europe
38145,Adrian Mariappa,179.0,right,England,London,Europe
38410,Daniel Caligiuri,182.0,right,Germany,Villingen-Schwenningen,Europe
38607,Federico Di Francesco,171.0,right,Italy,Pisa,Europe
39004,Juan Carlos,182.0,right,Spain,Calvi,Europe
39025,Danny Latza,179.0,right,Germany,Gelsenkirchen,Europe
39094,Sebastian Langkamp,191.0,right,Germany,Speyer,Europe
39106,Ádám Szalai,193.0,right,Hungary,Budapest,Europe
39152,Radamel Falcao,177.0,right,Colombia,Santa Marta,South America
39153,Gonzalo Higuaín,184.0,right,France,Brest,Europe
39381,Gareth Bale,186.0,left,Wales,Cardiff,Europe
39426,Nicolai Müller,173.0,right,Germany,Lohr am Main,Europe
39690,Danilo Soddimo,180.0,right,Italy,Roma,Europe
39828,Antonino Barillà,180.0,left,Italy,Reggio Calabria,Europe
39909,Sylvain Marveaux,172.0,left,France,Vannes,Europe
40074,Stefan Ilsanker,189.0,right,Austria,Hallein,Europe
40372,Borja Valero,175.0,right,Spain,Madrid,Europe
40433,Alexis Sánchez,169.0,right,Chile,Tocopilla,South America
40605,Enrico Valentini,182.0,right,Germany,Nrnberg,Europe
40611,Ryan Bertrand,179.0,left,England,London,Europe
40613,Jack Cork,185.0,right,England,London,Europe
40660,Alessandro Matri,183.0,right,Italy,Sant`Angelo Lodigiano,Europe
40888,Beñat Etxebarria,176.0,right,Spain,Igorre,Europe
41037,Danilo,186.0,right,Brazil,"Sorocaba, So Paulo",South America
41414,Lucas Leiva,179.0,right,Brazil,Dourados,South America
41416,James McArthur,178.0,both,Scotland,Glasgow,Europe
41541,Danny Blum,184.0,left,Germany,Frankenthal,Europe
42033,Philipp Bargfrede,174.0,right,Germany,Zeven,Europe
42072,Tobias Kempe,184.0,right,Germany,Wesel,Europe
42412,Jonny Evans,188.0,both,Northern Ireland,Belfast,Europe
42506,Ibrahima Diallo,180.0,left,Guinea,Conakry,Africa
42783,André Hahn,185.0,right,Germany,Otterndorf,Europe
42920,Fran Mérida,173.0,left,Spain,Barcelona,Europe
42936,Nils Petersen,188.0,right,East Germany (GDR),Wernigerode,
43003,Nacho Monreal,179.0,left,Spain,Pamplona,Europe
43256,Paul Baysse,185.0,right,France,Bordeaux,Europe
43530,Adam Lallana,172.0,both,England,St Albans,Europe
43763,Erik Pieters,183.0,left,Netherlands,Tiel,Europe
43984,Daniel Brosinski,178.0,right,Germany,Karlsruhe,Europe
44012,David García,183.0,right,Spain,Maspalomas,Europe
44017,Javi Martínez,189.0,right,Spain,Estella-Lizarra,Europe
44045,Kévin Monnet-Paquet,184.0,right,France,Bourgoin-Jallieu,Europe
44065,Esteban Granero,180.0,right,Spain,Madrid,Europe
44136,Domenico Criscito,183.0,left,Italy,Cercola,Europe
44352,Luis Suárez,182.0,right,Uruguay,Salto,South America
44412,Bruno Soriano,184.0,left,Spain,Artana,Europe
44421,Cédric Avinel,187.0,right,France,Paris,Europe
44466,Sebastian Rode,179.0,right,Germany,Seeheim-Jugenheim,Europe
44686,Yannick Cahuzac,178.0,right,France,Ajaccio,Europe
44741,Beram Kayal,178.0,right,Israel,Jadeidi,Asia
44779,Diego Costa,186.0,right,Brazil,Lagarto,South America
44780,João Pedro,177.0,right,Portugal,Figueira de Castelo Rodrigo,Europe
44948,Fernando Forestieri,172.0,right,Argentina,Rosario,South America
44966,Adrián López,184.0,right,Spain,As Pontes,Europe
44983,Dan Gosling,180.0,right,England,Brixham,Europe
45121,Loïc Rémy,185.0,right,France,Rillieux-la-Pape,Europe
45314,Federico Fazio,195.0,right,Argentina,Buenos Aires,South America
45319,Gabriel Mercado,181.0,right,Argentina,Puerto Madryn,South America
45383,Adrián López,183.0,right,Spain,San Martn de Teverga,Europe
45389,Samuel Di Carmine,187.0,right,Italy,Firenze,Europe
45403,André Ayew,175.0,left,France,Seclin,Europe
45565,Luca Antonelli,184.0,left,Italy,Monza,Europe
45567,Jonathan Biabiany,177.0,right,France,Paris,Europe
45581,Joel Obi,178.0,left,Nigeria,Lagos,Africa
45599,Emiliano Insúa,179.0,left,Argentina,Buenos Aires,South America
45662,Alexander Esswein,182.0,right,Germany,Worms,Europe
45693,Glenn Murray,186.0,right,England,Maryport,Europe
45912,Sergio Álvarez,179.0,right,Spain,Vilagarca de Arousa,Europe
46001,Moussa Sissoko,187.0,right,France,Le Blanc-Mesnil,Europe
46156,Aleksandar Kolarov,187.0,left,Jugoslawien (SFR),Belgrad,
46220,Pablo Hernández,173.0,right,Spain,Castelln,Europe
46413,Ante Budimir,190.0,left,Jugoslawien (SFR),Zenica,
46473,Jakob Johansson,187.0,right,Sweden,Trollhttan,Europe
46552,Kamil Glik,190.0,right,Poland,Jastrzbie-Zdrj,Europe
46741,David Luiz,189.0,right,Brazil,Diadema,South America
46972,Teemu Pukki,180.0,right,Finland,Kotka,Europe
47085,Nenad Tomović,184.0,right,Jugoslawien (SFR),Kragujevac,
47285,Ibrahima Traoré,171.0,left,France,Villepinte,Europe
47893,William Vainqueur,179.0,right,France,Neuilly-sur-Marne,Europe
47931,Rafinha,184.0,right,Brazil,Campinas,South America
48002,Angelo Ogbonna,191.0,left,Italy,Cassino,Europe
48066,Andy Carroll,193.0,left,England,Gateshead,Europe
48081,Christian Strohdiek,192.0,right,Germany,Paderborn,Europe
48280,Edinson Cavani,184.0,right,Uruguay,Salto,South America
48298,Lars Stindl,181.0,right,Germany,Speyer,Europe
49239,Guido Burgstaller,187.0,right,Austria,Villach,Europe
49275,Albin Ekdal,186.0,right,Sweden,Stockholm,Europe
49499,Georginio Wijnaldum,175.0,right,Unknown,Rotterdam,
49501,Elias Kachunga,178.0,right,Germany,Kln,Europe
49542,Billy Sharp,175.0,right,England,Sheffield,Europe
49723,Timothy Chandler,187.0,right,Germany,Frankfurt am Main,Europe
49755,Dale Stephens,185.0,right,England,Bolton,Europe
49899,William,181.0,both,Brazil,"So Bernardo do Campo, So Paulo",South America
50057,Aaron Ramsey,178.0,right,Wales,Caerphilly,Europe
50174,Danny Rose,173.0,left,England,Doncaster,Europe
50201,Christian Benteke,190.0,right,Zaire,Kinshasa,
50202,Eden Hazard,175.0,right,Belgium,La Louvire,Europe
50362,Fabian Delph,174.0,left,England,Bradford,Europe
50512,Anthony Modeste,188.0,right,France,Cannes,Europe
50617,Stefan Strandberg,189.0,right,Norway,Lyngdal,Europe
51046,Héctor Moreno,184.0,left,Mexico,Culiacn Rosales,North America
51118,Adil Rami,191.0,right,France,Bastia,Europe
51152,Aleksandar Mitrović,189.0,right,Yugoslavia (Republic),Smederevo,
51174,Fernando,183.0,right,Brazil,Braslia,South America
51186,Nicolás Spolli,193.0,right,Argentina,Coronel Bogado,South America
51232,Danilo,174.0,right,Brazil,So Lus,South America
51325,Georg Margreitter,186.0,right,Austria,Bludenz,Europe
51510,Ángel Rodríguez,171.0,right,Spain,Santa Cruz de Tenerife,Europe
51663,Pedro Alcalá,196.0,right,Spain,Mazarrn,Europe
51667,Kiko Olivas,184.0,right,Spain,Antequera,Europe
52348,Benjamin Hübner,193.0,left,Germany,Wiesbaden,Europe
52495,Chris Basham,190.0,right,England,Hebburn,Europe
52769,Willian,175.0,right,Brazil,Ribeiro Pires,South America
53400,Dominick Drexler,183.0,right,Germany,Bonn,Europe
53418,Kevin Kampl,178.0,right,Germany,Solingen,Europe
53437,Bastian Oczipka,185.0,left,Germany,Bergisch Gladbach,Europe
53536,Tolgay Arslan,180.0,right,Germany,Paderborn,Europe
53622,İlkay Gündoğan,180.0,right,Germany,Gelsenkirchen,Europe
54137,Caiuby,185.0,left,Brazil,So Paulo,South America
54235,Iker Muniain,169.0,right,Spain,Pamplona,Europe
54383,John Fleck,169.0,left,Scotland,Glasgow,Europe
54581,Ilija Nestorovski,182.0,left,Unknown,Prilep,
54846,Fabian Holland,172.0,left,Germany,Berlin,Europe
54928,Diego Godín,187.0,right,Uruguay,Rosario,South America
54984,Diego Perotti,179.0,right,Argentina,Moreno,South America
55099,Nicolas Höfler,181.0,right,Germany,berlingen,Europe
55114,Oliver Sorg,175.0,right,Germany,Engen,Europe
55125,Chris Löwe,173.0,left,East Germany (GDR),Plauen,
55215,Javier Pastore,187.0,right,Argentina,Crdoba,South America
55338,Willian,171.0,right,Brazil,Trs Fronteiras,South America
55735,Henrikh Mkhitaryan,177.0,both,UdSSR,Yerevan,
55742,Harry Arter,177.0,left,England,London,Europe
55769,Danilo D'Ambrosio,180.0,right,Italy,Napoli,Europe
55854,Cristian Ansaldi,181.0,both,Argentina,Rosario,South America
55957,Álvaro González,176.0,right,Uruguay,Montevideo,South America
56067,Pablo Piatti,163.0,left,Argentina,La Carlota,South America
56703,Simone Padoin,177.0,right,Italy,Gemona del Friuli,Europe
56761,Vanderson,176.0,left,Brazil,Dracena,South America
56762,Pasquale Schiattarella,177.0,right,Italy,Mugnano di Napoli,Europe
56794,Fabien Lemoine,175.0,right,France,Fougres,Europe
56798,Pedro Pereira,170.0,right,Portugal,Braga,Europe
56820,Jérémy Sorbon,183.0,right,France,Caen,Europe
56830,Sebastien De Maio,190.0,right,France,Saint-Denis,Europe
56912,Levan Mchedlidze,192.0,left,UdSSR,Tiflis,
57051,Sebastian Rudy,180.0,right,Germany,Villingen-Schwenningen,Europe
57091,Hanno Behrens,188.0,right,Germany,Elmshorn,Europe
57216,Ismaël Traoré,184.0,right,France,Paris,Europe
57229,Paulinho,183.0,right,Brazil,So Paulo,South America
57280,Giacomo Bonaventura,180.0,right,Italy,San Severino Marche,Europe
57370,Damien Da Silva,184.0,right,France,Talence,Europe
57372,Lucas Deaux,188.0,right,France,Reims,Europe
57420,Lamine Koné,188.0,right,France,Paris,Europe
57467,Romain Thomas,193.0,right,France,Landerneau,Europe
57482,Mohamed Youssouf,169.0,right,France,Paris,Europe
57500,César Azpilicueta,178.0,right,Spain,Pamplona,Europe
57598,Klaus Gjasula,190.0,both,Albania,Tiran,Europe
57825,Jorge Molina,188.0,right,Spain,Alcoy,Europe
57840,Pedro,180.0,right,Spain,Gijn,Europe
57842,Christopher Schindler,188.0,right,Germany,Mnchen,Europe
57845,Tobias Strobl,188.0,right,Germany,Mnchen,Europe
57935,Álvaro Giménez,183.0,left,Spain,Elche,Europe
57995,Daniel Didavi,180.0,left,Germany,Nrtingen,Europe
58124,Julian Schieber,186.0,left,Germany,Backnang,Europe
58178,David Abraham,188.0,right,Argentina,Chabs,South America
58330,Víctor Díaz,183.0,right,Spain,Sevilla,Europe
58345,Jonathas,192.0,right,Brazil,Belo Horizonte,South America
58358,Thomas Müller,185.0,right,Germany,Weilheim in Oberbayern,Europe
58396,Christian Groß,182.0,both,Germany,Bremen,Europe
58500,Alfredo Morales,183.0,right,Germany,Berlin,Europe
58799,Salva Sevilla,178.0,right,Spain,Berja,Europe
58864,Pierre-Emerick Aubameyang,187.0,right,France,Laval,Europe
58874,Ignacio Camacho,182.0,right,Spain,Zaragoza,Europe
58995,Anthony Jung,186.0,left,Spain,Villajoyosa,Europe
59016,David Alaba,180.0,left,Austria,Wien,Europe
59323,Cristhian Stuani,184.0,right,Uruguay,Tala,South America
59340,Iago Falque,174.0,left,Spain,Vigo,Europe
59344,Asier Illarramendi,179.0,right,Spain,Mutriku,Europe
59375,David Zurutuza,186.0,right,France,Rochefort,Europe
59551,Ángel Montoro,180.0,right,Spain,Valencia,Europe
59606,Craig Cathcart,189.0,right,Northern Ireland,Belfast,Europe
59699,Simone Iacoponi,180.0,right,Italy,Pontedera,Europe
60028,Edgar Prib,180.0,left,UdSSR,Nerjungri,
60394,Philipp Klement,175.0,left,Germany,Ludwigshafen am Rhein,Europe
60444,Thiago Alcántara,174.0,right,Italy,San Pietro Vernotico,Europe
60525,Yoann Court,172.0,left,France,Carpentras,Europe
60540,Valère Germain,181.0,right,Unknown,Marseille,
60578,Prince Oniangué,188.0,right,France,Paris,Europe
60583,Jérémy Pied,173.0,right,France,Grenoble,Europe
60632,Theodor Gebre Selassie,182.0,right,CSSR,Teb,
60889,Gary Medel,171.0,right,Chile,Conchal,South America
60890,Fabián Orellana,168.0,right,Chile,San Joaqun,South America
60957,Sebastian Polter,192.0,right,Germany,Wilhelmshaven,Europe
60990,Bruno Ecuele Manga,186.0,right,Gabon,Libreville,Africa
61087,Karim Bellarabi,184.0,right,Germany,Berlin,Europe
61253,José Callejón,178.0,right,Spain,Motril,Europe
61511,Camillo Ciano,176.0,left,Italy,Marcianise,Europe
61546,Facundo Roncaglia,179.0,right,Argentina,Chajar,South America
61573,Jonathan Hogg,176.0,right,England,Middlesbrough,Europe
61592,James Tomkins,192.0,right,England,Basildon,Europe
61637,Emmanuel Rivière,182.0,right,Martinique,Le Lamentin,
61653,Conor Hourihane,181.0,left,Ireland,Cork,
61757,Nicola Rigoni,185.0,right,Italy,Schio,Europe
61812,Yuri Berchiche,181.0,left,Spain,Zarautz,Europe
61819,Charlie Daniels,178.0,left,England,Harlow,Europe
61841,Adam Smith,174.0,right,England,London,Europe
61891,Fábio,172.0,right,Brazil,Petrpolis,South America
61892,Rafael,172.0,right,Brazil,Petrpolis,South America
62144,Antoñito,175.0,right,Spain,Herrera,Europe
62351,Abdoulaye Bamba,182.0,right,Cote d'Ivoire,Abidjan,
62415,Panagiotis Tachtsidis,191.0,left,Greece,Nafplio,Europe
62688,Scott Dann,194.0,right,England,Liverpool,Europe
62920,Víctor Ruiz,184.0,left,Spain,Esplugues de Llobregat,Europe
62945,Luis Hernández,182.0,right,Spain,Madrid,Europe
63040,Oier Sanjurjo,178.0,right,Spain,Estella-Lizarra,Europe
63200,Ashley Barnes,185.0,right,England,Dunkerton,Europe
63290,Víctor Sánchez,174.0,right,Spain,Terrassa,Europe
63494,Étienne Capoue,189.0,right,France,Niort,Europe
63531,Kwadwo Asamoah,173.0,left,Ghana,Accra,Africa
63821,Aron Gunnarsson,177.0,right,Iceland,Akureyri,Europe
64393,Álvaro García,168.0,right,Spain,Alicante,Europe
64598,Bernardo Espinosa,192.0,right,Colombia,Santiago de Cali,South America
64793,Leonardo Pavoletti,188.0,right,Italy,Livorno,Europe
65230,Sergio Busquets,189.0,right,Spain,Badia del Valls,Europe
65278,Pedro,167.0,both,Spain,Santa Cruz de Tenerife,Europe
65318,Jaume Costa,171.0,left,Spain,Valencia,Europe
65477,Troy Deeney,184.0,right,England,Birmingham,Europe
65976,Hal Robson-Kanu,183.0,left,England,London,Europe
66005,Amir Abrashi,172.0,right,Switzerland,Bischofszell,Europe
66100,Oriol Romeu,183.0,right,Spain,Ulldecona,Europe
66106,Sergio Canales,178.0,left,Spain,Santander,Europe
66333,Ahmed Elmohamady,182.0,right,Egypt,Basyoun,Africa
66360,Daniele Ragatzu,172.0,right,Italy,Cagliari,Europe
66736,Lisandro Magallán,185.0,right,Argentina,La Plata,South America
66934,Cheikhou Kouyaté,189.0,right,Senegal,Dakar,Africa
67063,Danny Welbeck,185.0,right,England,Manchester,Europe
67080,Víctor Laguardia,183.0,right,Spain,Zaragoza,Europe
67082,Vitolo,184.0,right,Spain,Las Palmas de Gran Canaria,Europe
67090,Dídac Vilà,185.0,left,Spain,Barcelona,Europe
67252,Ryan Bennett,188.0,right,England,Orsett,Europe
67420,Luke Ayling,183.0,right,Unknown,London,
67421,Kyle Bartley,194.0,right,England,Stockport,Europe
67546,Jorge Pulido,186.0,right,Spain,Talavera de la Reina,Europe
67548,Rubén Rochina,182.0,left,Spain,Sagunt,Europe
67639,Andrey Galabinov,192.0,right,Bulgaria,Sofia,Europe
67808,Borja García,175.0,right,Spain,Torremocha de Jarama,Europe
67823,Damián Musto,182.0,right,Argentina,Casilda,South America
68290,Neymar,175.0,right,Brazil,Mogi das Cruzes,South America
68306,Alberto Paloschi,183.0,right,Italy,Chiari,Europe
68390,Séamus Coleman,177.0,right,Ireland,Donegal,
68718,Yoann Touzghar,180.0,right,France,Avignon,Europe
68864,Kevin Strootman,186.0,left,Netherlands,Ridderkerk,Europe
69633,Christian Eriksen,182.0,right,Denmark,Middelfart,Europe
69660,Jonás Ramalho,185.0,right,Spain,Barakaldo,Europe
69751,Jordi Alba,170.0,left,Spain,L'Hospitalet de Llobregat,Europe
70209,Adama Traoré,170.0,left,Cote d'Ivoire,Bondoukou,
70245,Ignasi Miquel,189.0,left,Spain,Corbera de Llobregat,Europe
70285,Jonathan Schmid,179.0,right,France,Strasbourg,Europe
70411,Darko Lazović,181.0,right,Jugoslawien (SFR),aak,
70689,Filippo Falco,171.0,left,Italy,Taranto,Europe
70934,Nolito,175.0,right,Spain,Sanlcar de Barrameda,Europe
70950,Mohamed Diamé,184.0,right,France,Crteil,Europe
71019,Bartosz Salamon,194.0,right,Poland,Pozna,Europe
71204,Javi Moyano,180.0,right,Spain,Jan,Europe
71548,Anaitz Arbilla,178.0,right,Spain,Pamplona,Europe
71579,Iñigo Pérez,178.0,left,Spain,Pamplona,Europe
71905,Coke,176.0,right,Spain,Madrid,Europe
71918,David Ferreiro,170.0,right,Spain,Ourense,Europe
72047,Iago Aspas,176.0,left,Spain,Moaa,Europe
72121,Johan Gastien,179.0,right,France,Niort,Europe
72310,Javi López,180.0,right,Spain,Osuna,Europe
72441,Rafael Tolói,185.0,right,Brazil,Glria D'Oeste,South America
72479,Clément Grenier,186.0,right,Unknown,Annonay,
72519,Bobby Wood,180.0,right,United States,"Honolulu, Hawaii",North America
72792,Niko Gießelmann,182.0,left,Germany,Hannover,Europe
73484,Tom Cleverley,175.0,right,England,Basingstoke,Europe
73547,Oliver Norwood,175.0,right,England,Burnley,Europe
73636,Hernán Pérez,180.0,right,Paraguay,Fernando de la Mora,South America
73782,Adrián Ramos,185.0,right,Colombia,Santander de Quilichao,South America
73794,Duván Zapata,188.0,right,Colombia,Santiago de Cali,South America
73926,Davide Faraoni,180.0,right,Italy,Bracciano,Europe
73943,Alessandro Tuia,184.0,right,Italy,Civita Castellana,Europe
74229,Koke,176.0,right,Spain,Madrid,Europe
74230,Pablo Sarabia,174.0,left,Spain,Madrid,Europe
74294,Nemanja Gudelj,187.0,right,Jugoslawien (SFR),Belgrad,
74297,Gaël Kakuta,173.0,left,France,Lille,Europe
74448,Andrea Rispoli,188.0,right,Italy,Cava de Tirreni,Europe
74709,Emmanuel Imorou,181.0,left,France,Bourges,Europe
74810,Ben Mee,180.0,left,England,Sale,Europe
74869,Francis Coquelin,177.0,right,France,Laval,Europe
74943,Juraj Kucka,186.0,right,CSSR,Bojnice,
75067,Liam Cooper,186.0,left,England,Kingston upon Hull,Europe
75287,Seydou Doumbia,179.0,both,Cote d'Ivoire,Abidjan,
75446,Pablo de Blasis,165.0,right,Argentina,La Plata,South America
75489,Niclas Füllkrug,189.0,right,Germany,Hannover,Europe
75615,Douglas Costa,172.0,left,Brazil,Sapucaia do Sul,South America
75820,Juan Aguilera,185.0,left,Spain,Madrid,Europe
75921,Christopher Trimmel,189.0,right,Austria,Oberpullendorf,Europe
75942,Tomás Rincón,177.0,right,Venezuela,San Cristbal,South America
76055,Ronny Rodelin,193.0,right,Runion,Saint-Denis,
76163,Franco Vázquez,187.0,left,Argentina,Tanti,South America
76277,Laurent Koscielny,186.0,right,France,Tulle,Europe
76285,Toño,191.0,right,Spain,Logroo,Europe
76467,Kiko Femenía,174.0,right,Spain,Sanet y Negrals,Europe
76746,Damián Suárez,173.0,right,Uruguay,Montevideo,South America
76902,Fernandinho,173.0,left,Brazil,So Paulo,South America
77100,Lucas Moura,172.0,right,Brazil,So Paulo,South America
77108,Jérôme Gondorf,176.0,right,Germany,Karlsruhe,Europe
77760,Victor Wanyama,184.0,right,Kenya,Nairobi,Africa
77812,Christoph Zimmermann,194.0,right,Germany,Dsseldorf,Europe
77826,Ryad Boudebouz,177.0,left,France,Colmar,Europe
78147,Fabian Klos,194.0,right,Germany,Gifhorn,Europe
78917,Julien Faussurier,173.0,right,France,Lyon,Europe
79377,Genki Haraguchi,178.0,right,Japan,"Kumagaya, Saitama",Asia
79501,Daniel Ginczek,191.0,right,Germany,Arnsberg,Europe
79510,Thiago Cionek,183.0,right,Brazil,Curitiba,South America
79723,Sean Morrison,194.0,right,England,Plymouth,Europe
79960,Alex Sandro,181.0,left,Brazil,Catanduva,South America
79967,Simon Zoller,179.0,right,Germany,Friedrichshafen,Europe
80173,Frédéric Sammaritano,162.0,right,France,Vannes,Europe
80197,Salomón Rondón,186.0,right,Venezuela,Caracas,South America
80293,Aïssa Mandi,186.0,right,France,Chlons-en-Champagne,Europe
80444,Philippe Coutinho,172.0,right,Brazil,Rio de Janeiro,South America
81460,Nolan Roux,182.0,right,France,Compigne,Europe
81512,Christian Kabasele,187.0,right,Zaire,Lubumbashi,
81698,Georg Teigl,183.0,right,Austria,Wien,Europe
81988,Sergi Enrich,183.0,right,Spain,Ciutadella de Menorca,Europe
81999,Joselu,191.0,right,Germany,Stuttgart,Europe
82009,Kevin Volland,179.0,left,Germany,Marktoberdorf,Europe
82048,Nicola Sansone,174.0,right,Germany,Mnchen,Europe
82070,Diego Demme,170.0,right,Germany,Herford,Europe
82097,Christoph Kramer,191.0,right,Germany,Solingen,Europe
82350,Stefan Bell,192.0,right,Germany,Andernach,Europe
82442,Olivier Giroud,192.0,left,France,Chambry,Europe
82503,Aridane Hernández,188.0,right,Spain,Tuineje,Europe
82873,Pascal Groß,181.0,right,Germany,Mannheim,Europe
83002,Hiroki Sakai,185.0,right,Japan,"Nakano, Nagano",Asia
83132,Vincent Manceau,176.0,right,France,Angers,Europe
83877,Diego Farias,172.0,right,Brazil,Sorocaba,South America
84085,Timothée Kolodziejczak,183.0,left,France,Avion,Europe
84150,Rafael Czichos,187.0,left,Saudi Arabia,Djidda,
84301,Benjamin André,180.0,right,France,Nice,Europe
84344,Davide Santon,187.0,right,Italy,Portomaggiore,Europe
84435,Kevin Vogt,194.0,right,Germany,Witten,Europe
84442,Leonardo Capezzi,178.0,right,Italy,Figline Valdarno,Europe
84467,Rafael,187.0,right,Brazil,So Paulo,South America
84765,Francesco Caputo,181.0,right,Italy,Altamura,Europe
84766,Francesco Di Tacchio,186.0,left,Italy,Trani,Europe
84835,Emanuele Giaccherini,167.0,right,Italy,Bibbiena,Europe
84921,Lorenzo Ariaudo,186.0,left,Italy,Torino,Europe
85000,Cebio Soukou,185.0,right,Germany,Bochum,Europe
85177,Nathaniel Clyne,175.0,right,England,London,Europe
85288,Isco,176.0,right,Spain,Benalmdena,Europe
85295,Iván Balliu,172.0,right,Spain,Caldes de Malavella,Europe
85324,Borja Bastón,186.0,right,Spain,Madrid,Europe
85370,Sergi Roberto,178.0,right,Spain,Reus,Europe
85383,Rubén Sobrino,185.0,right,Spain,Daimiel,Europe
85393,Nicolas Viola,180.0,left,Italy,Oppido Mamertina,Europe
85475,Federico Fernández,190.0,right,Argentina,Tres Algarrobos,South America
85500,Juan Villar,182.0,right,Spain,Aroche,Europe
85585,John Boye,184.0,right,Ghana,Accra,Africa
85706,Enda Stevens,183.0,left,Ireland,Dublin,
85771,Paulinho,176.0,right,Portugal,Porto,Europe
85791,Stefan Lainer,175.0,right,Austria,Salzburg,Europe
85822,Florian Hübner,193.0,right,Germany,Wiesbaden,Europe
85867,Nico Schulz,180.0,left,Germany,Berlin,Europe
85906,Danny da Costa,187.0,right,Germany,Neuss,Europe
86079,Luca Siligardi,180.0,left,Italy,Correggio,Europe
86202,Antonio Rüdiger,190.0,right,Germany,Berlin,Europe
86759,David Silva,178.0,left,Portugal,Coimbra,Europe
86792,Xherdan Shaqiri,169.0,left,Jugoslawien (SFR),Gjilan,
87672,Junior Stanislas,183.0,right,England,London,Europe
87884,Mário Rui,168.0,left,Portugal,Sines,Europe
88490,Aleix Vidal,177.0,right,Spain,Valls,Europe
88590,Shkodran Mustafi,184.0,right,Germany,Bad Hersfeld,Europe
88647,Andreas Albers,193.0,right,Denmark,Skive,Europe
88680,Luca Caldirola,186.0,left,Italy,Desio,Europe
88684,Giulio Donati,178.0,right,Italy,Pietrasanta,Europe
88706,Simone Romagnoli,193.0,right,Italy,Cremona,Europe
88755,Kevin De Bruyne,181.0,right,Belgium,Drongen,Europe
89591,Felix Klaus,179.0,right,Germany,Osnabrck,Europe
89701,Charles Aránguiz,171.0,right,Unknown,Puente Alto,
89733,Álex Fernández,183.0,right,Spain,Alcal de Henares,Europe
90836,Steve Cook,185.0,right,England,Hastings,Europe
90964,Joe Bennett,178.0,left,England,Rochdale,Europe
91059,Joshua King,180.0,right,Norway,Oslo,Europe
91317,Ashley Westwood,174.0,right,England,Nantwich,Europe
91473,Florent Ogier,183.0,right,France,Lyon,Europe
91763,Pablo Hernández,184.0,left,Argentina,Tucumn,South America
91970,Juan Cuadrado,176.0,right,Colombia,Necocl,South America
92472,Akaki Gogia,178.0,right,Georgia,Rustavi,Asia
92572,Joel Ward,186.0,right,England,Emsworth,Europe
92693,Darío Benedetto,175.0,right,Argentina,Berazategui,South America
92947,Sergi Gómez,185.0,right,Spain,Arenys de Mar,Europe
93128,Kalidou Koulibaly,186.0,right,France,Saint-Di-des-Vosges,Europe
93604,Lukas Kübler,182.0,right,Germany,Bonn,Europe
93678,Gaëtan Charbonnier,188.0,right,France,Saint-Mand,Europe
93704,Josuha Guilavogui,188.0,right,France,Toulon,Europe
93707,Christian Günter,184.0,left,Germany,Villingen-Schwenningen,Europe
93720,Alexandre Lacazette,175.0,right,France,Lyon,Europe
93726,Paul Lasne,186.0,left,France,Saint-Cloud,Europe
93795,Facundo Ferreyra,183.0,right,Argentina,Lomas de Zamora,South America
93827,Steven Skrzybski,174.0,right,Germany,Berlin,Europe
93841,Ben Zolinski,181.0,right,Germany,Berlin,Europe
93844,Leonardo Bittencourt,171.0,right,Germany,Leipzig,Europe
93922,Erik Durm,183.0,right,Germany,Pirmasens,Europe
93935,Sergio Escudero,176.0,left,Spain,Valladolid,Europe
94148,Fabian Schnellhardt,180.0,left,Germany,Leinefelde,Europe
94529,Stephan El Shaarawy,178.0,right,Italy,Savona,Europe
94771,Andreas Voglsammer,177.0,right,Germany,Rosenheim,Europe
94936,Vincent Laurini,173.0,right,France,Thionville,Europe
95336,Hervé Lybohy,187.0,left,Cote d'Ivoire,Bouak,
95424,Kyle Walker,183.0,right,England,Sheffield,Europe
95810,Kieran Trippier,173.0,right,England,Bury,Europe
95963,Germán Sánchez,187.0,right,Spain,San Fernando (Cdiz),Europe
96341,Romelu Lukaku,191.0,left,Belgium,Antwerpen,Europe
96718,Óscar de Marcos,182.0,right,Spain,Laguardia,Europe
96806,Jacopo Sala,181.0,right,Italy,Alzano Lombardo,Europe
96828,Simone Zaza,186.0,left,Italy,Policoro,Europe
98240,Ciaran Clark,185.0,left,England,London,Europe
98249,Takashi Inui,169.0,right,Japan,"Omihachiman, Shiga",Asia
98322,Denis Cheryshev,179.0,left,UdSSR,Nizhniy Novgorod,
98349,Romain Hamouma,179.0,right,France,Montbliard,Europe
98596,John Guidetti,185.0,right,Sweden,Stockholm,Europe
99180,Federico Santander,187.0,right,Paraguay,Asuncin,South America
99331,Jannik Vestergaard,199.0,both,Denmark,Hvidovre,Europe
99343,Ander Herrera,182.0,right,Spain,Bilbao,Europe
99353,Portu,167.0,right,Spain,Beniel,Europe
99559,Alberto Perea,180.0,right,Spain,Albacete,Europe
99946,Mohamed Camara,180.0,right,Guinea,Conakry,Africa
100131,William Carvalho,187.0,right,Angola,Luanda,Africa
100986,Thomas Meunier,191.0,right,Belgium,Bastogne,Europe
101213,Pedro Obiang,186.0,right,Spain,Alcal de Henares,Europe
101823,Dodô,174.0,right,Brazil,Rio de Janeiro,South America
101922,Fabio Pisacane,178.0,right,Italy,Napoli,Europe
102017,Jorginho,178.0,right,Brazil,Imbituba,South America
102423,Leandro Cabrera,190.0,left,Uruguay,Montevideo,South America
102744,Sébastien Corchia,176.0,right,France,Noisy-le-Sec,Europe
102745,Luca Ceppitelli,186.0,both,Italy,Castiglione del Lago,Europe
103427,Chris Smalling,194.0,right,England,London,Europe
103565,Wahbi Khazri,176.0,right,France,Ajaccio,Europe
103890,Luis Advíncula,178.0,right,Peru,Chincha,South America
105456,Fernando,175.0,right,Brazil,Erechim,South America
105470,Alisson,193.0,right,Brazil,Novo Hamburgo,South America
106270,Florian Kainz,176.0,both,Austria,Graz,Europe
106405,Jeffrey Gouweleeuw,188.0,right,Netherlands,Heemskerk,Europe
106872,Kevin Stöger,175.0,left,Austria,Steyr,Europe
108354,Jordan Ayew,182.0,right,France,Marseille,Europe
108537,Jonas Hector,185.0,left,Germany,Saarbrcken,Europe
108650,Yuya Osako,184.0,right,Japan,"Kaseda, Kagoshima",Asia
108725,Chris Wood,191.0,right,New Zealand,Auckland,Oceania
109038,Dodô,177.0,left,Brazil,Campinas,South America
109110,Nicolò Brighenti,178.0,right,Italy,Bussolengo,Europe
109751,Onel Hernández,172.0,right,Cuba,Morn,North America
110036,Dominique Heintz,188.0,left,Germany,Neustadt an der Weinstrae,Europe
110338,Luca Mora,183.0,left,Italy,Parma,Europe
111038,Dennis Appiah,179.0,right,France,Toulouse,Europe
111039,Ishak Belfodil,192.0,right,Algeria,Mostaganem,Africa
111048,Benjamin Jeannot,183.0,right,France,Laxou,Europe
111051,Nampalys Mendy,168.0,right,France,La Seyne-sur-Mer,Europe
111057,Idriss Saadi,180.0,right,France,Valence,Europe
111058,Arnaud Souquet,179.0,right,France,Paris,Europe
111078,Emil Forsberg,177.0,right,Sweden,Sundsvall,Europe
111195,Joël Veltman,184.0,right,Netherlands,Velsen,Europe
111196,Stefan de Vrij,189.0,right,Netherlands,Ouderkerk aan den IJssel,Europe
111266,Anthony Losilla,185.0,right,France,Firminy,Europe
111347,Lorenzo Tonelli,183.0,right,Italy,Firenze,Europe
111422,Neeskens Kebano,170.0,right,France,Montereau,Europe
111455,Granit Xhaka,186.0,left,Switzerland,Basel,Europe
111508,Allan Nyom,189.0,right,France,Neuilly-sur-Seine,Europe
111528,Anthony Gonçalves,179.0,right,France,Chartres,Europe
111621,Dani Ojeda,178.0,both,Spain,Las Palmas de Gran Canaria,Europe
111881,Takashi Usami,178.0,right,Japan,"Nagaokakyo, Kyoto",Asia
111961,Suso,177.0,left,Spain,Cdiz,Europe
112985,Jorginho,179.0,right,Portugal,Paos de Ferreira,Europe
112988,Cédric Soares,171.0,right,Germany,Singen,Europe
113133,Germán Pezzella,187.0,right,Argentina,Baha Blanca,South America
113707,Rémy Cabella,172.0,right,France,Ajaccio,Europe
114060,Enric Gallego,189.0,left,Spain,Bon Pastor,Europe
114093,Greg Cunningham,183.0,left,Ireland,Carnmore,
114340,Gabriel Silva,179.0,left,Brazil,So Paulo,South America
115333,Juanpe,190.0,right,Spain,Las Palmas de Gran Canaria,Europe
117432,Kevin Behrens,185.0,both,Germany,Bremen,Europe
117996,Phil Jones,185.0,right,England,Preston,Europe
118196,Jean Zimmer,173.0,right,Germany,Bad Drkheim,Europe
118278,Xavier Chavalerin,179.0,left,France,Villeurbanne,Europe
118284,Jordan Ferri,173.0,right,France,Cavaillon,Europe
118397,Alessandro Schöpf,178.0,right,Austria,Umhausen,Europe
118689,Leonardo Spinazzola,186.0,right,Italy,Foligno,Europe
118732,Pablo Chavarría,185.0,right,Argentina,Las Perdices,South America
118847,Dominik Kohr,183.0,right,Germany,Trier,Europe
118850,Ivan Ordets,195.0,right,Ukraine,"Blyzhnye, Donetsk Oblast",Europe
119037,Philipp Hofmann,195.0,left,Germany,Arnsberg,Europe
119085,Loris Benito,184.0,left,Switzerland,Aarau,Europe
119115,Diego Falcinelli,186.0,left,Italy,Marsciano,Europe
119164,Ezequiel Schelotto,187.0,right,Argentina,Buenos Aires,South America
119228,Luis Muriel,180.0,right,Colombia,Santo Toms,South America
119234,Karim Onisiwo,188.0,right,Austria,Wien,Europe
119235,Carlos Bacca,181.0,right,Colombia,Puerto Colombia,South America
119269,Shane Duffy,193.0,right,Northern Ireland,Derry,Europe
119277,Yannick Gerhardt,184.0,left,Germany,Wrselen,Europe
119296,Emre Can,186.0,right,Germany,Frankfurt am Main,Europe
119369,Federico Dionisi,180.0,right,Italy,Rieti,Europe
120095,José Campaña,179.0,right,Spain,Sevilla,Europe
120189,Nikola Dovedan,172.0,right,Austria,Tulln,Europe
120443,Santiago Arias,177.0,right,Colombia,Medelln,South America
120651,Vincent Le Goff,177.0,left,France,Quimper,Europe
120705,Juan Carlos,187.0,Unknown,Spain,Guadalajara,Europe
121257,Adam Forshaw,175.0,right,England,Liverpool,Europe
121324,John Egan,185.0,right,Ireland,Cork,
121385,Grant Hanley,188.0,right,Scotland,Dumfries,Europe
121402,Ahmad Benali,173.0,right,England,Manchester,Europe
121477,Craig Dawson,188.0,right,England,Rochdale,Europe
121686,Cristian Gamboa,175.0,right,Costa Rica,Liberia,North America
121756,Rômulo,178.0,right,Brazil,Pelotas,South America
121985,Juan Jesus,185.0,left,Brazil,Belo Horizonte,South America
122043,Héctor Herrera,180.0,right,Mexico,Tijuana,North America
122116,Nicolas de Préville,182.0,right,France,Istres,Europe
122153,Paul Pogba,191.0,both,France,Lagny-sur-Marne,Europe
122155,Willian José,186.0,right,Brazil,Porto Calvo,South America
122797,Andy Delort,181.0,right,France,Ste,Europe
122840,Loïc Nego,181.0,right,France,Paris,Europe
123275,Tom Cairney,185.0,left,England,Nottingham,Europe
123551,Sam Morsy,175.0,right,England,Wolverhampton,Europe
123682,Callum Wilson,180.0,right,England,Coventry,Europe
123742,Gastón Ramírez,183.0,left,Uruguay,Fray Bentos,South America
124002,Biagio Meccariello,187.0,right,Italy,Benevento,Europe
124028,Ismaily,177.0,left,Brazil,Ivinhema,South America
124172,Danny Ward,180.0,left,England,Bradford,Europe
124410,Rani Khedira,189.0,right,Germany,Stuttgart,Europe
124517,Sebastian Kerk,184.0,left,Germany,Bad Wurzach,Europe
124555,Cristiano Biraghi,185.0,left,Italy,Cernusco sul Naviglio,Europe
124715,Nikola Maksimović,193.0,right,Jugoslawien (SFR),Bajina Bata,
124732,John Brooks,194.0,left,Germany,Berlin,Europe
124769,Luca Marrone,186.0,right,Unknown,Torino,
125020,José Luis Palomino,188.0,left,Argentina,San Miguel de Tucumn,South America
125165,Jesús Corona,173.0,both,Mexico,Hermosillo,North America
125314,Pontus Jansson,196.0,right,Sweden,Arlv,Europe
125409,Nathaniel Mendez-Laing,178.0,right,England,Birmingham,Europe
125614,Sargis Adamyan,184.0,right,Armenia,Yerevan,Asia
125685,Luke Berry,177.0,right,England,Bassingbourn,Europe
125781,Antoine Griezmann,176.0,left,France,Mcon,Europe
126281,Alexander Hack,193.0,left,Germany,Memmingen,Europe
126414,Hakan Çalhanoğlu,178.0,right,Germany,Mannheim,Europe
126422,Allan,175.0,right,Brazil,Rio de Janeiro,South America
126534,Salif Sané,196.0,right,France,Lormont,Europe
126540,Samuel Umtiti,182.0,left,Cameroon,Yaound,Africa
126557,Jonathan Gradit,180.0,right,France,Talence,Europe
126600,Kenny McLean,180.0,left,Scotland,Rutherglen,Europe
126664,Lucas Digne,178.0,left,France,Meaux,Europe
126673,Adama Soumaoro,187.0,right,France,Fontenay-aux-Roses,Europe
126683,Tristan Dingomé,174.0,left,France,Les Ulis,Europe
126699,Vincent Pajot,180.0,right,France,Domont,Europe
126716,Paco Alcácer,175.0,right,Spain,Torrent,Europe
126719,Juan Bernat,170.0,left,Spain,Cullera,Europe
126729,Patric,184.0,right,Spain,Mula,Europe
126737,Juanmi,172.0,right,Spain,Con,Europe
126751,Iñigo Ruiz de Galarreta,175.0,right,Spain,Donostia-San Sebastin,Europe
127032,Serge Aurier,176.0,right,Cote d'Ivoire,Ouragahio,
127048,Cédric Bakambu,182.0,right,France,Ivry-sur-Seine,Europe
127076,Jérôme Roussillon,175.0,left,France,Sarcelles,Europe
127108,Florian Lejeune,190.0,right,France,Paris,Europe
127142,Jonas Martin,184.0,right,France,Besanon,Europe
127156,Téji Savanier,172.0,right,France,Montpellier,Europe
127182,Thomas Monconduit,184.0,right,France,Drancy,Europe
127187,Abdoulaye Doucouré,183.0,right,France,Meulan-en-Yvelines,Europe
127189,Geoffrey Kondogbia,188.0,left,France,Nemours,Europe
127191,Formose Mendy,187.0,right,France,Paris,Europe
127194,Yaya Sanogo,194.0,right,France,Massy,Europe
127573,Phillipp Mwene,170.0,right,Austria,Wien,Europe
127837,Ibai Gómez,178.0,right,Spain,Bilbao,Europe
128220,Luis Alberto,183.0,right,Spain,San Jos del Valle,Europe
128295,Tito,174.0,right,Spain,Madrid,Europe
128900,Nathaniel Chalobah,185.0,right,Sierra Leone,Freetown,Africa
128901,Conor Coady,185.0,right,England,Liverpool,Europe
128904,Ben Gibson,185.0,left,England,Nunthorpe,Europe
128909,Jack Robinson,180.0,left,England,Warrington,Europe
129078,Nathan Redmond,173.0,right,England,Birmingham,Europe
129129,João Pedro,184.0,right,Brazil,Ipatinga,South America
129444,David López,185.0,right,Spain,Barcelona,Europe
129473,Rafinha,174.0,left,Brazil,So Paulo,South America
129476,Gerard Deulofeu,177.0,right,Spain,Riudarenes,Europe
129627,Charlie Austin,188.0,right,England,Hungerford,Europe
129674,Jeremy Toljan,182.0,right,Germany,Stuttgart,Europe
129693,Gaku Shibasaki,174.0,right,Japan,"Noheji, Aomori",Asia
130360,Simone Verdi,174.0,both,Italy,Broni,Europe
130365,Alessandro Florenzi,173.0,right,Italy,Roma,Europe
130394,Gianluca Lapadula,178.0,left,Italy,Torino,Europe
130485,Alfredo Donnarumma,180.0,right,Italy,Torre Annunziata,Europe
130765,Stuart Armstrong,183.0,right,Scotland,Inverness,Europe
131075,Francesco Acerbi,192.0,left,Italy,Vizzolo Predabissi,Europe
131102,Jeison Murillo,182.0,right,Colombia,Barranquilla,South America
131109,Gastón Brugman,175.0,right,Uruguay,Rosario,South America
131225,Nicolás Tagliafico,171.0,left,Argentina,Rafael Calzada,South America
131248,Joel Campbell,178.0,left,Costa Rica,San Jos,North America
131667,Ramon Azeez,170.0,right,Nigeria,Abuja,Africa
131827,Jere Uronen,177.0,left,Finland,Turku,Europe
131978,Ross Barkley,189.0,right,England,Liverpool,Europe
132098,Harry Kane,188.0,right,England,London,Europe
133731,Patrick Mainka,194.0,right,Germany,Gtersloh,Europe
133964,Lorenzo Insigne,163.0,right,Italy,Frattamaggiore,Europe
134270,Dan Burn,201.0,left,England,Blyth,Europe
134294,Danny Ings,177.0,right,England,Winchester,Europe
134369,Andrea Tabanelli,192.0,right,Italy,Ravenna,Europe
134425,Raheem Sterling,170.0,right,Jamaica,Kingston,North America
134883,Daniele Baselli,182.0,right,Italy,Manerbio,Europe
134936,Jesé,178.0,right,Unknown,Las Palmas de Gran Canaria,
134983,Andrea La Mantia,190.0,right,Italy,Marino,Europe
135343,Fabian Schär,186.0,right,Switzerland,Wil,Europe
135492,Youssouf Sabaly,173.0,right,France,Chesnay,Europe
135617,Thiago Mendes,177.0,right,Brazil,So Lus,South America
136133,Andrea Schiavone,176.0,right,Italy,Torino,Europe
136501,Kadeem Harris,174.0,right,England,London,Europe
137841,Romain Amalfitano,175.0,right,France,Nizza,Europe
138055,Haris Belkebla,177.0,right,France,Drancy,Europe
138584,Luka Krajnc,187.0,left,Slovenia,Ptuj,Europe
138803,Francisco Portillo,169.0,right,Spain,Mlaga,Europe
138935,Sergio Álvarez,183.0,right,Spain,Avils,Europe
139208,Virgil van Dijk,195.0,right,Netherlands,Breda,Europe
139279,Nicolas Pallois,189.0,left,France,Elbeuf,Europe
139435,Dani Rodríguez,178.0,right,Spain,Betanzos,Europe
140191,Ryan Fredericks,181.0,right,England,Potters Bar,Europe
140559,Raffaele Maiello,177.0,right,Italy,Acerra,Europe
140682,Rômulo,185.0,right,Brazil,Picos,South America
140757,Daniel Bessa,178.0,right,Brazil,San Paolo,South America
140776,Yannick Carrasco,181.0,right,Belgium,Ixelles,Europe
141050,Danilo Pereira,188.0,right,Guinea-Bissau,Bissau,Africa
141660,Jesse Lingard,174.0,right,England,Warrington,Europe
141834,Cristian Tello,178.0,both,Spain,Sabadell,Europe
142021,Sergi Darder,180.0,right,Spain,Art,Europe
142027,Pablo Hervías,174.0,right,Spain,Logroo,Europe
142031,Omar Mascarell,181.0,right,Spain,Santa Cruz de Tenerife,Europe
142281,Anthony Ujah,180.0,right,Nigeria,Ugbokolo,Africa
142310,Willy Boly,195.0,right,France,Melun,Europe
144028,Leandro Trossard,172.0,right,Belgium,Waterschei,Europe
144143,Bartosz Bereszyński,183.0,right,Poland,Pozna,Europe
145115,Valon Berisha,176.0,right,Sweden,Malm,Europe
145466,Tim Ream,186.0,left,United States,"St. Louis, Missouri",North America
145707,Danilo,184.0,right,Brazil,Bicas,South America
145769,Sergio León,176.0,right,Spain,La Palma del Ro,Europe
146310,Wataru Endo,178.0,right,Japan,"Yokohama, Kanagawa",Asia
146509,Conor Townsend,183.0,left,England,Hessle,Europe
146690,George Baldock,178.0,right,England,Buckingham,Europe
146752,Gianluca Caprari,171.0,right,Italy,Roma,Europe
146795,Ryan Fraser,163.0,right,Scotland,Aberdeen,Europe
146854,Wissam Ben Yedder,170.0,both,France,Sarcelles,Europe
147038,Cédric Brunner,180.0,right,Switzerland,Zollikon,Europe
147485,Louis Schaub,177.0,left,Germany,Fulda,Europe
147573,Sebastian Andersson,190.0,right,Sweden,ngelholm,Europe
148153,Lewis Dunk,192.0,right,England,Brighton,Europe
148262,Jeff Hendrick,185.0,right,Ireland,Dublin,
148367,Christian Nørgaard,187.0,right,Denmark,Kbenhavn,Europe
148368,Divock Origi,189.0,right,Belgium,Oostende,Europe
148455,Mohamed Salah,175.0,left,Egypt,"Nagrig, Basyoun",Africa
148928,Saúl Ñíguez,184.0,left,Spain,Elche,Europe
149231,Fidel,180.0,left,Spain,Dehesa de Riotinto,Europe
149249,Ewerton,188.0,left,Brazil,Penedo,South America
149716,Ivan Cavaleiro,175.0,right,Portugal,Vila Franca de Xira,Europe
149928,Jubal,190.0,right,Brazil,Inhumas,South America
152963,Florian Niederlechner,187.0,right,Germany,Ebersberg,Europe
153084,Leon Goretzka,189.0,right,Germany,Bochum,Europe
153207,William,182.0,right,Brazil,Juiz de Fora,South America
153238,Jonathan Viera,171.0,right,Spain,Las Palmas de Gran Canaria,Europe
153427,Bebé,190.0,right,Portugal,Lisboa,Europe
153555,Sebastian Griesbeck,189.0,right,Germany,Ulm,Europe
153661,Tobias Mohr,183.0,left,Germany,Aachen,Europe
154059,Charles,179.0,right,Brazil,Belem,South America
154147,Hauke Wahl,189.0,right,Germany,Hamburg,Europe
154171,Benjamin Corgnet,179.0,right,France,Thionville,Europe
154199,Wesley Lautoa,184.0,left,France,pernay,Europe
154209,Romain Métanire,178.0,right,France,Metz,Europe
154396,Danilo Soares,170.0,left,Brazil,Belo Horizonte,South America
155423,Varazdat Haroyan,185.0,right,Armenia,Yerevan,Asia
156501,Felipe,190.0,right,Brazil,Mogi das Cruzes,South America
156779,Erik Thommy,175.0,right,Germany,Ulm,Europe
156808,Unai Bustinza,174.0,right,Spain,Bilbao,Europe
157058,Ibrahim Sissoko,174.0,left,Cote d'Ivoire,Abidjan,
157491,Jordan Ikoko,178.0,right,France,Montereau,Europe
157495,Benjamin Mendy,185.0,left,France,Longjumeau,Europe
157509,Kurt Zouma,190.0,right,France,Lyon,Europe
157635,Yussuf Poulsen,192.0,right,Denmark,Kbenhavn,Europe
157672,Vladimír Coufal,174.0,right,CSSR,Ostrava,
158623,Cyrus Christie,188.0,right,England,Coventry,Europe
158704,Jon Ander Garrido,185.0,right,Spain,Bilbao,Europe
158764,Stuart Dallas,183.0,right,Northern Ireland,Cookstown,Europe
158791,Sergio Postigo,185.0,right,Spain,Madrid,Europe
158795,David Timor,185.0,left,Spain,Carcaixent,Europe
158863,Iñigo Martínez,182.0,left,Spain,Ondarroa,Europe
159372,Felipe Anderson,175.0,right,Brazil,Braslia,South America
159471,Serge Gnabry,176.0,right,Germany,Stuttgart,Europe
159844,Christopher Lenz,180.0,left,Germany,Berlin,Europe
159883,Ernesto Torregrossa,184.0,left,Italy,Caltanissetta,Europe
160182,José Ángel,187.0,right,Spain,Salamanca,Europe
160241,Kevin Akpoguma,192.0,right,Germany,Neustadt an der Weinstrae,Europe
160438,Mohamed Elneny,179.0,right,Egypt,Mahalla,Africa
160560,Gaetano Letizia,173.0,both,Italy,Napoli,Europe
160561,Fabio Lucioni,185.0,left,Italy,Terni,Europe
160968,Benno Schmitz,182.0,right,Germany,Mnchen,Europe
161056,Joshua Kimmich,177.0,right,Germany,Rottweil,Europe
161060,Streli Mamba,177.0,right,Germany,Gppingen,Europe
161204,Julian Green,173.0,right,United States,"Tampa, Florida",North America
161267,Josep Señé,184.0,right,Spain,Sant Cugat del Valls,Europe
161869,Djibril Sidibé,183.0,right,France,Troyes,Europe
162029,Javier Manquillo,178.0,right,Spain,Madrid,Europe
162056,Gonzalo Melero,183.0,right,Spain,Madrid,Europe
162074,Álvaro Vadillo,180.0,right,Spain,Puerto Real,Europe
162434,Niklas Stark,190.0,right,Germany,Neustadt an der Aisch,Europe
162961,Valerio Verre,181.0,both,Italy,Roma,Europe
163058,Fabinho,178.0,left,Brazil,Guarulhos,South America
163086,Cristiano Piccini,189.0,right,Italy,Firenze,Europe
163216,Dimitri Bisoli,180.0,right,Italy,Cagliari,Europe
163222,Grégoire Defrel,179.0,left,France,Meudon,Europe
163532,Adam Smith,,Unknown,England,Sunderland,Europe
163582,Salvatore Molina,177.0,right,Italy,Garbagnate Milanese,Europe
163744,Jack Stephens,185.0,right,England,Torpoint,Europe
164055,David Juncà,178.0,left,Spain,Girona,Europe
164108,Bruno Martella,184.0,left,Italy,Atri,Europe
164230,Nicolas Benezet,170.0,right,France,Montpellier,Europe
164534,Francesco Forte,187.0,left,Italy,Roma,Europe
164771,Jordan Veretout,177.0,right,France,Ancenis,Europe
165007,Denis Suárez,176.0,right,Spain,Salceda de Caselas,Europe
165513,Berat Djimsiti,190.0,right,Switzerland,Zrich,Europe
165531,Jacopo Dezi,178.0,right,Italy,Atri,Europe
165722,Antonio Di Gaudio,169.0,right,Italy,Palermo,Europe
165793,Takumi Minamino,172.0,right,Japan,"Izumisano, Osaka",Asia
165873,Federico Barba,185.0,left,Italy,Roma,Europe
166237,Leandro Paredes,180.0,right,Argentina,San Justo,South America
166240,Jürgen Locadia,193.0,right,Netherlands,Emmen,Europe
166601,Niklas Süle,195.0,right,Germany,Frankfurt am Main,Europe
166677,Brian Oliván,175.0,left,Spain,Barcelona,Europe
167329,Alassane Pléa,181.0,right,France,Lille,Europe
167444,Luca Paganini,177.0,right,Italy,Roma,Europe
167472,Youssouf M'Changama,175.0,right,France,Marseille,Europe
167491,Stefano Sabelli,176.0,right,Italy,Roma,Europe
167796,Paolo Faragò,187.0,right,Italy,Catanzaro,Europe
168933,Eddy Gnahoré,188.0,right,France,Villeneuve-la-Garenne,Europe
168959,Nemanja Radoja,186.0,right,Yugoslavia (Republic),Novi Sad,
168989,Silvan Widmer,183.0,right,Switzerland,Aarau,Europe
169497,Juan Cruz,182.0,left,Spain,Madrid,Europe
169555,Callum Paterson,183.0,right,England,London,Europe
169801,Cauley Woodrow,184.0,right,England,Hemel Hempstead,Europe
169880,Giovanni Di Lorenzo,183.0,right,Italy,Castelnuovo di Garfagnana,Europe
170321,Paul Dummett,183.0,left,England,Newcastle upon Tyne,Europe
170472,Dimitri Foulquier,183.0,right,France,Sarcelles,Europe
170527,Timo Werner,180.0,right,Germany,Stuttgart,Europe
170961,Thomas Delaine,180.0,left,France,Lens,Europe
170966,Jérémie Bela,173.0,right,France,Melun,Europe
171209,Branimir Hrgota,185.0,left,Bosnia-Herzegovina,Zenica,
171362,Pablo Insua,187.0,right,Spain,A Corua,Europe
171399,Nicola Murru,180.0,left,Italy,Cagliari,Europe
173504,James Tarkowski,185.0,right,England,Manchester,Europe
173859,Davide Zappacosta,182.0,right,Italy,Sora,Europe
173900,Hélder Costa,179.0,left,Angola,Luanda,Africa
174094,Morgan Sanson,180.0,right,France,Saint-Doulchard,Europe
174196,Kenny Lala,178.0,right,France,Villepinte,Europe
174304,Rémy Dugimont,182.0,right,France,Saint-Cloud,Europe
175014,Youcef Belaïli,182.0,right,Unknown,Oran,
175323,Óscar Duarte,186.0,right,Nicaragua,Catarina,
175449,Moi Gómez,176.0,right,Spain,Rojales,Europe
175639,Jonathan Clauss,178.0,right,France,Strasbourg,Europe
175722,Eric Dier,191.0,right,England,Cheltenham,Europe
176140,Rodrigo Ely,188.0,right,Brazil,Lajeado,South America
176553,Aymeric Laporte,191.0,left,France,Agen,Europe
177046,Rubén Duarte,179.0,left,Spain,Almera,Europe
177065,Florin Andone,181.0,right,Romania,Joldeti,Europe
177452,Abdón Prats,181.0,left,Spain,Art,Europe
177467,Gerard Moreno,180.0,left,Spain,Santa Perptua de Mogoda,Europe
177476,Nathan Aké,180.0,left,Netherlands,Den Haag,Europe
177779,Janik Haberer,187.0,right,Germany,Wangen im Allgu,Europe
177843,Domenico Berardi,183.0,left,Italy,Cariati,Europe
177847,Adnan Januzaj,186.0,left,Belgium,Brussel,Europe
177907,Harry Maguire,194.0,right,England,Sheffield,Europe
178187,Álex Alegría,191.0,right,Spain,Plasencia,Europe
178313,Jean-Eudes Aholou,186.0,left,Cote d'Ivoire,Yopougon,
178459,Davie Selke,195.0,right,Germany,Schorndorf,Europe
179635,Philipp Förster,188.0,left,Germany,Bretten,Europe
180337,Sardar Azmoun,186.0,both,Iran,"Gonbad-e Kavus, Golestan",Asia
181136,Piotr Zieliński,180.0,both,Poland,Zbkowice lskie,Europe
181378,Gaëtan Laborde,181.0,left,France,Mont-de-Marsan,Europe
181382,Abdoulaye Touré,188.0,right,France,Nantes,Europe
181547,Gonçalo Paciência,184.0,right,Portugal,Porto,Europe
181579,James Ward-Prowse,177.0,right,England,Portsmouth,Europe
181768,Hernani,188.0,both,Brazil,So Gonalo do Sapuca,South America
181773,Charles,186.0,right,Brazil,Belo Horizonte,South America
181778,Emerson,176.0,left,Brazil,Santos,South America
182574,Jean-Paul Boëtius,178.0,right,Netherlands,Rotterdam,Europe
182579,Karim Rekik,186.0,left,Netherlands,Den Haag,Europe
182712,João Cancelo,182.0,right,Portugal,Barreiro,Europe
182875,Jean-Charles Castelletto,186.0,both,France,Clamart,Europe
182889,Wylan Cyprien,180.0,right,Guadeloupe,Les Abymes,
182893,Seko Fofana,185.0,right,France,Paris,Europe
182904,Clément Lenglet,186.0,left,France,Beauvais,Europe
182913,Adrien Rabiot,191.0,left,France,Saint-Maurice,Europe
182916,Wesley Saïd,171.0,right,France,Noisy-le-Grand,Europe
183031,Koffi Djidji,184.0,right,France,Bagnolet,Europe
183288,Luke Shaw,178.0,left,England,London,Europe
183293,Joe Rothwell,185.0,right,England,Manchester,Europe
183299,Callum Robinson,178.0,right,England,Northampton,Europe
183302,Ben Pearson,176.0,right,Unknown,Oldham,
183318,Jamaal Lascelles,188.0,right,England,Derby,Europe
183334,Patrick Bamford,185.0,left,England,Grantham,Europe
183647,Álvaro González,182.0,right,Spain,Potes,Europe
183720,Anwar El Ghazi,189.0,right,Netherlands,Barendrecht,Europe
183780,Paul Seguin,185.0,right,Germany,Magdeburg,Europe
183841,Petar Stojanović,178.0,right,Slovenia,Ljubljana,Europe
184129,Jordan Clark,183.0,right,England,Hoyland,Europe
184491,Naïm Sliti,173.0,right,France,Marseille,Europe
184528,Emil Krafth,184.0,right,Sweden,Ljungby,Europe
184573,Victor Lindelöf,187.0,right,Sweden,Vsters,Europe
184672,Guido Carrillo,191.0,right,Argentina,Magdalena,South America
184779,Gonzalo Verdú,188.0,right,Spain,Cartagena,Europe
184892,Florian Thauvin,181.0,left,France,Orlans,Europe
184894,Alfred Duncan,178.0,left,Ghana,Accra,Africa
184922,Ambroise Oyongo,176.0,left,Cameroon,Ndikinimki,Africa
184935,Kalifa Coulibaly,197.0,right,Mali,Bamako,Africa
185077,Vincenzo Grifo,180.0,right,Germany,Pforzheim,Europe
185699,Tim Leibold,174.0,left,Germany,Bblingen,Europe
186368,Valentino Lazaro,181.0,right,Austria,Graz,Europe
186399,Thiago Galhardo,183.0,right,Brazil,So Joo del Rei,South America
186477,Herbert Bockhorn,176.0,right,Uganda,Kampala,
186590,John Stones,188.0,right,England,Barnsley,Europe
186862,Enzo Roco,192.0,right,Chile,Ovalle,South America
186988,Sven Michel,177.0,left,Germany,Freudenberg,Europe
187384,Cristian Buonaiuto,179.0,right,Italy,Napoli,Europe
187491,Timo Baumgartl,190.0,right,Germany,Bblingen,Europe
187492,Julian Brandt,185.0,right,Germany,Bremen,Europe
187587,Ante Rebić,185.0,right,Croatia,Split,Europe
187947,Danilo,181.0,right,Brazil,Porto dos Gachos,South America
188077,Ryan Christie,178.0,left,Scotland,Inverness,Europe
188157,Sebastián Cristóforo,175.0,right,Uruguay,Montevideo,South America
188838,Bruno González,184.0,right,Spain,Las Galletas,Europe
188888,Sheraldo Becker,180.0,right,Netherlands,Amsterdam,Europe
188915,Naomichi Ueda,186.0,right,Japan,"Uto, Kumamoto",Asia
189441,Lucas Ocampos,187.0,both,Argentina,Quilmes,South America
189453,Jonathan Silva,178.0,left,Argentina,La Plata,South America
189458,Emiliano Velázquez,184.0,right,Uruguay,Montevideo,South America
190289,Gerrit Holtmann,185.0,left,Germany,Bremerhaven,Europe
190338,Anthony Briançon,185.0,right,France,Avignon,Europe
190393,Corentin Tolisso,181.0,right,France,Tarare,Europe
190685,Bouna Sarr,178.0,right,France,Lyon,Europe
190780,Emiliano Sala,187.0,right,Argentina,Culul,South America
190786,Baptiste Reynet,185.0,right,France,Romans,Europe
191217,Héctor Bellerín,178.0,right,Spain,Badalona,Europe
191359,Florian Pick,176.0,right,Germany,Wittlich,Europe
191891,Arkadiusz Milik,186.0,left,Poland,Tychy,Europe
192009,Unai López,170.0,right,Spain,Donostia-San Sebastin,Europe
192169,Jonas Föhrenbach,184.0,left,Germany,Freiburg im Breisgau,Europe
192492,Jordan Lefort,184.0,left,France,Champigny-sur-Marne,Europe
192557,Jackson Irvine,189.0,right,Australia,Melbourne,Oceania
192565,Leroy Sané,183.0,left,Germany,Essen,Europe
192616,Ulisses Garcia,182.0,left,Portugal,Almada,Europe
192635,Nico Elvedi,189.0,right,Switzerland,Zrich,Europe
192638,Nicolas Haas,178.0,right,Switzerland,Sursee,Europe
192735,Stanislav Lobotka,168.0,right,Slovakia,Trenn,Europe
192736,Sabin Merino,187.0,right,Spain,Urduliz,Europe
192765,Ben Davies,181.0,left,Wales,Neath,Europe
193004,Waldemar Anton,189.0,right,Uzbekistan,Almalyk,Asia
193033,Tim Kleindienst,194.0,both,Germany,Jterbog,Europe
193098,Álex Moreno,179.0,left,Spain,Vilafranca Del Peneds,Europe
193116,John McGinn,178.0,left,Scotland,Glasgow,Europe
193130,Rachid Alioui,186.0,right,France,La Rochelle,Europe
193534,Hamadi Al Ghaddioui,190.0,right,Germany,Bonn,Europe
193782,Lucas Alario,185.0,right,Argentina,"Tostado, Santa Fe",South America
193784,Carlos Clerc,181.0,left,Spain,Badalona,Europe
193867,Liam Henderson,183.0,right,Scotland,Livingston,Europe
193877,Pascal Köpke,178.0,right,Germany,Hanau,Europe
194460,Joe Bryan,170.0,left,England,Bristol,Europe
195171,Samu Castillejo,182.0,left,Spain,Mlaga,Europe
195246,Pascal Stenzel,183.0,right,Germany,Bnde,Europe
195605,José Pozo,171.0,left,Spain,Mlaga,Europe
195633,Charlie Taylor,183.0,left,England,York,Europe
195652,Jordon Ibe,176.0,right,England,London,Europe
195680,Joe Ralls,178.0,left,England,Aldershot,Europe
195736,Florian Grillitsch,187.0,right,Austria,Neunkirchen,Europe
195762,Víctor García,178.0,right,Venezuela,Ca,South America
196095,Luca Waldschmidt,181.0,left,Germany,Siegen,Europe
196357,Jonathan Tah,195.0,right,Germany,Hamburg,Europe
196435,Saidy Janko,181.0,right,Switzerland,Zrich,Europe
196792,Julian Weigl,186.0,right,Germany,Bad Aibling,Europe
196815,Joshua Mees,180.0,both,Germany,Lebach,Europe
196948,Andreas Christensen,187.0,right,Denmark,Lillerd,Europe
197122,Unai García,186.0,right,Spain,Esquiroz,Europe
197300,Federico Bernardeschi,183.0,left,Italy,Carrara,Europe
197473,Alberto Grassi,183.0,right,Italy,Lumezzane,Europe
197491,Alex Ferrari,191.0,right,Italy,Modena,Europe
197545,Ander Capa,175.0,right,Spain,Portugalete,Europe
197747,Alessio Romagnoli,185.0,left,Italy,Anzio,Europe
197751,Alberto Cerri,194.0,right,Italy,Parma,Europe
197838,Jamie Vardy,179.0,right,England,Sheffield,Europe
198008,André Silva,186.0,right,Portugal,Baguim do Monte,Europe
198116,Federico Dimarco,175.0,left,Italy,Milano,Europe
198516,Harry Toffolo,183.0,left,England,Welwyn Garden City,Europe
198589,Lewis Baker,182.0,right,England,Luton,Europe
198709,Cédric Hountondji,194.0,right,France,Toulouse,Europe
199248,Bryan Cristante,186.0,right,Italy,San Vito al Tagliamento,Europe
199258,Andrea Petagna,190.0,left,Italy,Trieste,Europe
199341,Óscar Gil,184.0,right,Spain,Peralta/Azkoien,Europe
199369,Sandro Ramírez,174.0,right,Spain,Las Palmas de Gran Canaria,Europe
199527,Jacob Murphy,179.0,right,England,London,Europe
199528,Josh Murphy,173.0,right,England,London,Europe
199704,Yunis Abdelhamid,190.0,left,France,Montpellier,Europe
199733,Danilo Cataldi,180.0,right,Italy,Roma,Europe
199941,Andrea Beghetto,182.0,left,Italy,Perugia,Europe
199953,Caleb Ekuban,182.0,right,Italy,Villafranca di Verona,Europe
200056,Elseid Hysaj,182.0,right,Albania,Shkodr,Europe
200512,Sadio Mané,174.0,right,Senegal,Bambaly,Africa
201737,Christopher Jullien,196.0,right,France,Lagny-sur-Marne,Europe
202318,Farid Boulaya,180.0,right,France,Vitrolles,Europe
202591,Benjamin Henrichs,185.0,right,Germany,Bocholt,Europe
202886,Ruben Loftus-Cheek,191.0,right,England,London,Europe
202984,Roque Mesa,172.0,right,Spain,Telde,Europe
203026,Danny Ward,191.0,right,Wales,Wrexham,Europe
203043,Pedro Bigas,181.0,left,Spain,Palma de Mallorca,Europe
203123,Haris Tabakovic,194.0,right,Switzerland,Grenchen,Europe
203348,Chancel Mbemba,182.0,right,Zaire,Kinshasa,
203394,Andreas Pereira,178.0,right,Belgium,Duffel,Europe
203460,Jack Grealish,180.0,right,England,Birmingham,Europe
203496,Nabil Fekir,173.0,left,France,Lyon,Europe
203504,Pierre-Yves Hamel,189.0,right,France,Brest,Europe
203507,Adrien Hunou,179.0,right,France,vry,Europe
203517,Steven Moreira,180.0,right,France,Noisy-le-Grand,Europe
203746,Ruben Aguilar,172.0,right,France,Grenoble,Europe
203842,Viktor Kovalenko,182.0,right,Ukraine,Kherson,Europe
203853,Oleksandr Zinchenko,175.0,left,Ukraine,"Radomyshl, Zhytomyr Oblast",Europe
204103,Adama Traoré,178.0,right,Spain,L'Hospitalet de Llobregat,Europe
204294,Saman Ghoddos,175.0,right,Sweden,Malm,Europe
205022,Rafinha,166.0,both,Portugal,Paos de Ferreira,Europe
205054,Norbert Gyömbér,189.0,right,CSSR,Revca,
205503,Ibrahim Amadou,183.0,right,Cameroon,Douala,Africa
205562,Thomas Lemar,171.0,left,Guadeloupe,Baie-Mahault,
205587,Opa Nguette,182.0,right,France,Mantes-la-Jolie,Europe
205677,Luca Garritano,172.0,right,Italy,Cosenza,Europe
206050,Paulo Dybala,177.0,left,Argentina,Laguna Larga,South America
206225,Isaac Hayden,187.0,right,England,Chelmsford,Europe
206746,Kenny Tete,180.0,right,Netherlands,Amsterdam,Europe
206912,Jimmy Cabot,164.0,right,France,Chambry,Europe
207014,Will Hughes,185.0,left,England,Weybridge,Europe
207597,Cedric Teuchert,182.0,right,Germany,Coburg,Europe
207715,Ibrahima Mbaye,188.0,right,Senegal,Gudiawaye,Africa
207742,Tom Lockyer,185.0,right,Wales,Cardiff,Europe
207877,Ruslan Malinovskyi,181.0,left,Ukraine,Zhytomyr,Europe
207917,Alberto Moreno,171.0,left,Spain,Sevilla,Europe
207929,Dele Alli,188.0,right,England,Milton Keynes,Europe
208167,Dawid Kownacki,186.0,right,Poland,Gorzw Wielkopolski,Europe
209212,Solly March,180.0,left,England,Eastbourne,Europe
209781,Oumar Niasse,182.0,right,Senegal,Dakar,Africa
210143,Álex Gallar,178.0,left,Spain,Sabadell,Europe
210178,Pablo Marí,193.0,left,Spain,Almussafes,Europe
211072,Paulinho,188.0,left,Portugal,Barcelos,Europe
211251,Darwin Machís,171.0,right,Venezuela,Tucupita,South America
211389,Helibelton Palacios,181.0,right,Colombia,Santander de Quilichao,South America
211474,Ali Abdi,183.0,left,Tunisia,Sfax,Africa
212391,Roger Martí,179.0,right,Spain,Torrent,Europe
212723,Djibril Sow,184.0,right,Switzerland,Zrich,Europe
212804,Florian Tardieu,181.0,right,France,Istres,Europe
212829,Jack O'Connell,190.0,left,England,Liverpool,Europe
212847,Adam Webster,190.0,right,England,West Wittering,Europe
212923,Paulinho,166.0,left,Brazil,Ceilndia,South America
213260,Rubén García,172.0,left,Spain,Xtiva,Europe
213605,Vitinho,180.0,right,Brazil,Rio de Janeiro,South America
213614,Jhon Chancellor,194.0,right,Venezuela,Puerto Ordaz,South America
213670,Lucas Torró,190.0,right,Spain,Cocentaina,Europe
213751,Sebastian Schonlau,188.0,both,Germany,Warburg,Europe
213854,Cedric Gondo,187.0,right,Cote d'Ivoire,Divo,
214070,Ewerton,181.0,right,Unknown,So Paulo,
214532,Pierrick Capelle,181.0,left,France,Lesquin,Europe
214666,Connor Roberts,175.0,right,Wales,Neath,Europe
214775,Óliver Torres,175.0,right,Spain,Navalmoral de la Mata,Europe
214928,Kean Bryan,185.0,left,England,Manchester,Europe
215118,Calum Chambers,182.0,right,England,Petersfield,Europe
215599,Lukas Klostermann,189.0,right,Germany,Gevelsberg,Europe
215616,Erick Pulgar,187.0,right,Chile,Antofagasta,South America
215977,Adrien Thomasson,175.0,right,France,Bourg-Saint-Maurice,Europe
216179,Stefano Sensi,168.0,right,Italy,Urbino,Europe
216181,Almamy Touré,183.0,right,Unknown,Bamako,
216464,Carlos Fernández,185.0,left,Spain,Castilleja de Guzmn,Europe
216499,Fouad Chafik,183.0,right,France,Pierrelatte,Europe
216804,Joakim Nilsson,187.0,left,Sweden,Hrnsand,Europe
216870,Nacho Vidal,180.0,right,Spain,El Campello,Europe
216872,Francesco Zampano,177.0,right,Italy,Genova,Europe
217115,Neal Maupay,171.0,right,France,Versailles,Europe
217144,Aleix Febas,172.0,right,Spain,Lleida,Europe
218067,Jacopo Petriccione,176.0,right,Italy,Gorizia,Europe
218087,Ben Osborn,176.0,left,England,Derby,Europe
220878,Issiaga Sylla,180.0,left,Guinea,Conakry,Africa
221025,André Gomes,190.0,right,Portugal,Grij,Europe
221150,Djené,178.0,right,Togo,Lome Dapaong,Africa
221151,Jodel Dossou,171.0,right,Benin,Dassa-Zoum,Africa
221309,Óscar Plano,179.0,both,Spain,Mstoles,Europe
221311,Iván Sánchez,169.0,left,Spain,Jan,Europe
221315,Kevin Vázquez,175.0,right,Spain,Nigrn,Europe
221316,Lucas Vázquez,173.0,right,Spain,A Corua,Europe
221611,Paulo Otávio,173.0,left,Brazil,Ourinhos,South America
222859,Florent Mollet,175.0,right,France,Fontaine-ls-Dijon,Europe
223572,Kai Pröger,177.0,right,Germany,Wilhelmshaven,Europe
223725,Munir El Haddadi,177.0,left,Spain,El Escorial,Europe
223967,Konrad Laimer,180.0,right,Austria,Salzburg,Europe
223974,Stefan Posch,190.0,right,Austria,Judenburg,Europe
223979,Xaver Schlager,174.0,left,Austria,Linz,Europe
225015,Carlos Akapo,179.0,right,Spain,Elche,Europe
225083,N'Golo Kanté,171.0,right,Unknown,Paris,
225122,Gonçalo Guedes,179.0,right,Portugal,Benavente,Europe
225161,Rúben Neves,180.0,right,Portugal,Santa Maria da Feira,Europe
225452,Patrick Roberts,167.0,left,England,Kingston-upon-Thames,Europe
225462,José Mari,182.0,right,Spain,Rota (Cdiz),Europe
225593,Pere Milla,180.0,left,Spain,Lleida,Europe
225657,Philipp Lienhart,189.0,right,Austria,Lilienfeld,Europe
225693,Fabinho,188.0,right,Brazil,Campinas,South America
225873,Karol Linetty,175.0,right,Poland,nin,Europe
226025,Luca Mazzitelli,184.0,right,Italy,Roma,Europe
226261,César de la Hoz,179.0,right,Spain,Orejo,Europe
226524,Morten Thorsby,188.0,right,Norway,Oslo,Europe
226973,Harrison Reed,181.0,right,England,Worthing,Europe
227081,Joaquín Correa,188.0,right,Argentina,Juan Bautista Alberdi,South America
227084,Benedikt Gimber,187.0,left,Germany,Buchen,Europe
227085,Jonas Hofmann,173.0,right,Germany,Bamberg,Europe
227961,Jaime Mata,186.0,right,Spain,Madrid,Europe
228761,Jony,179.0,left,Spain,Cangas de Narcea,Europe
228917,Jorge Miramón,175.0,right,Spain,Zaragoza,Europe
228948,Thilo Kehrer,186.0,both,Germany,Tbingen,Europe
229004,Moussa Dembélé,187.0,right,France,Pontoise,Europe
229005,Abdou Diallo,187.0,left,France,Tours,Europe
229006,Franck Honorat,180.0,right,France,Toulon,Europe
229804,Aritz Elustondo,180.0,right,Spain,Beasain,Europe
229853,Birama Touré,183.0,right,Mali,Kayes,Africa
230066,Adama Mbengue,182.0,left,Senegal,Rufisque,Africa
230784,Thomas Partey,185.0,right,Ghana,Odumase Krobo,Africa
230937,Fernandinho,174.0,left,Brazil,Limeira,South America
231025,Jordan Marié,177.0,right,France,Epinal,Europe
231289,Otávio,172.0,right,Brazil,Joo Pessoa,South America
231572,Nélson Semedo,177.0,right,Portugal,Lisboa,Europe
231586,Jannes Horn,186.0,left,Germany,Braunschweig,Europe
232320,Atakan Karazor,191.0,right,Germany,Essen,Europe
232418,Ondrej Duda,180.0,right,Slovakia,Snina,Europe
232454,Nadiem Amiri,180.0,right,Germany,Ludwigshafen am Rhein,Europe
232463,Luca Pfeiffer,196.0,right,Germany,Bad Mergentheim,Europe
232895,Zinedine Ferhat,180.0,right,Algeria,Bordj Menael,Africa
233124,Kortney Hause,191.0,left,England,Redbridge,Europe
233782,Aïssa Laïdouni,184.0,right,France,Montfermeil,Europe
234006,Keagan Dolly,170.0,left,South Africa,"Johannesburg, Gauteng",Africa
234029,Grischa Prömel,184.0,right,Germany,Stuttgart,Europe
234523,Antonio Sanabria,180.0,right,Paraguay,San Lorenzo,South America
234803,Andrew Robertson,178.0,left,Scotland,Glasgow,Europe
235412,Jawad El Yamiq,193.0,right,Morocco,Khouribga,Africa
235568,João Pedro,177.0,right,Portugal,Vermil,Europe
235931,Alessandro Deiola,190.0,right,Italy,San Gavino Monreale,Europe
236041,Alexis Blin,186.0,right,France,Le Mans,Europe
236045,Denis Bouanga,180.0,right,France,Le Mans,Europe
236490,Ola Aina,184.0,right,England,London,Europe
236953,Sam Byram,183.0,right,England,Thurrock,Europe
236981,Timo Hübers,190.0,right,Germany,Hildesheim,Europe
237164,Ihlas Bebou,185.0,right,Togo,Aledjo Kadara,Africa
237499,Aleksandar Sedlar,180.0,right,Jugoslawien (SFR),Novi Sad,
237617,Cristian Herrera,182.0,both,Spain,Las Palmas de Gran Canaria,Europe
237662,Breel Embolo,187.0,right,Cameroon,Yaound,Africa
237666,Silvan Hefti,183.0,right,Switzerland,Rorschach,Europe
238407,Alexander Sørloth,195.0,left,Norway,Trondheim,Europe
238626,Laurent Abergel,170.0,right,France,Marseille,Europe
238639,Steve Mounié,189.0,right,Benin,Parakou,Africa
238654,Jaime Báez,178.0,right,Uruguay,Montevideo,South America
238716,Théo Pellenard,182.0,left,Unknown,Lille,
238752,Keita Baldé,178.0,both,Spain,Arbcies,Europe
238868,Rubén Peña,170.0,right,Spain,vila,Europe
238977,Gabriele Moncini,183.0,right,Italy,Pistoia,Europe
238981,Vittorio Parigini,180.0,right,Italy,Moncalieri,Europe
239099,Pietro Ceccaroni,188.0,left,Italy,Sarzana,Europe
239962,Denis Vavro,189.0,right,Slovakia,Partiznske,Europe
240158,Francesco Vicari,190.0,right,Italy,Roma,Europe
240219,Lorenzo Venuti,179.0,right,Italy,Montevarchi,Europe
240274,Anderson Lucoqui,180.0,left,Germany,Zweibrcken,Europe
240306,Bruno Fernandes,179.0,right,Portugal,Maia,Europe
240360,Esteban Saveljich,187.0,right,Argentina,Tandil,South America
240897,Arturo Calabresi,186.0,right,Unknown,Roma,
240934,Filippo Bandinelli,180.0,left,Italy,Firenze,Europe
241076,Emmanuel Gyasi,181.0,right,Italy,Palermo,Europe
241229,Jordan Amavi,176.0,left,France,Toulon,Europe
241307,Finn Porath,180.0,right,Germany,Eutin,Europe
241527,Federico Bonazzoli,185.0,left,Italy,Manerbio,Europe
241641,Bernardo Silva,173.0,left,Portugal,Lisboa,Europe
241889,Antonio Barreca,180.0,left,Italy,Torino,Europe
242086,Patrik Schick,191.0,left,Czech Republic,Praha,Europe
242497,Pere Pons,177.0,right,Spain,Sant Mart Vell,Europe
242606,Josh Cullen,175.0,right,England,Westcliff-on-Sea,Europe
242631,Alex Iwobi,183.0,right,Nigeria,Lagos,Africa
242940,Edoardo Goldaniga,193.0,right,Italy,Milano,Europe
243028,Jan Bednarek,189.0,right,Poland,Supca,Europe
243541,Deyverson,187.0,left,Brazil,Santa Margarida,South America
243589,Josh Onomah,185.0,right,England,London,Europe
243606,Anastasios Donis,178.0,right,England,Blackburn,Europe
243714,Kingsley Coman,181.0,right,France,Paris,Europe
243737,Roli Pereira de Sa,178.0,right,France,Mantes-la-Jolie,Europe
243760,Álex Muñoz,187.0,left,Spain,Sant Joan d'Alacant,Europe
243856,Cedric Itten,189.0,right,Switzerland,Basel,Europe
243879,Charles Pickel,187.0,right,Switzerland,Solothurn,Europe
244338,Pelly Ruddock Mpanzu,175.0,right,England,London,Europe
244940,Salih Özcan,183.0,right,Germany,Kln,Europe
245056,Saša Lukić,182.0,right,Yugoslavia (Republic),abac,
245078,Nemanja Radonjić,185.0,both,Yugoslavia (Republic),Ni,
245537,Nabil Bentaleb,187.0,left,France,Lille,Europe
245744,Takuma Asano,173.0,right,Japan,"Komono, Mie",Asia
246277,Burgui,186.0,right,Spain,Burguillos del Cerro,Europe
246291,Diego Llorente,186.0,right,Spain,Madrid,Europe
246963,Carlton Morris,185.0,right,England,Cambridge,Europe
246968,Ayoze Pérez,178.0,right,Spain,Santa Cruz de Tenerife,Europe
247250,Rubén Alcaraz,180.0,right,Spain,Barcelona,Europe
247377,Kevin Bonifazi,187.0,right,Italy,Rieti,Europe
247459,Chadrac Akolo,172.0,right,Zaire,Kinshasa,
247555,Edimilson Fernandes,187.0,right,Switzerland,Sion,Europe
247652,Shon Weissman,174.0,right,Israel,Haifa,Asia
248732,Paweł Dawidowicz,189.0,both,Poland,Olsztyn,Europe
248999,Lucas Höler,184.0,right,Germany,Achim,Europe
249089,Lewis Cook,175.0,right,England,York,Europe
249126,Harry Winks,178.0,right,England,Hemel Hempstead,Europe
249157,Fredrik Jensen,183.0,right,Finland,Porvoo,Europe
249356,Jack Stacey,180.0,right,England,Ascot,Europe
249513,Diego Rico,183.0,left,Spain,Burgos,Europe
249565,Youri Tielemans,177.0,right,Belgium,Sint-Pieters-Leeuw,Europe
249636,Gautier Lloris,191.0,left,France,Nice,Europe
249730,Guillermo Maripán,193.0,right,Chile,Vitacura,South America
250013,Angelo Fulgini,182.0,right,Cote d'Ivoire,Abidjan,
250153,Pasquale Mazzocchi,183.0,right,Italy,Napoli,Europe
250426,Adam Armstrong,173.0,right,England,West Denton,Europe
250779,Brendan Chardonnet,181.0,right,France,Saint-Renan,Europe
250845,José María Giménez,185.0,right,Uruguay,Toledo,South America
251075,Zeki Çelik,180.0,right,Trkiye,Bursa,
251106,Enes Ünal,187.0,right,Trkiye,Bursa,
251302,Niklas Dorsch,178.0,right,Germany,Lichtenfels,Europe
251303,Johannes Eggestein,183.0,right,Germany,Hannover,Europe
251309,Dennis Geiger,173.0,right,Germany,Mosbach,Europe
251664,Ivan Toney,185.0,right,England,Northampton,Europe
251845,Sergi Canós,177.0,right,Spain,Nules,Europe
251876,Pablo Maffeo,172.0,right,Spain,Sant Joan Desp,Europe
251878,Aarón Martín,178.0,left,Spain,Montmel,Europe
251897,Asier Villalibre,182.0,left,Spain,Gernika,Europe
251912,Semi Ajayi,193.0,right,England,London,Europe
252345,Ken Sema,180.0,left,Sweden,Norrkping,Europe
252667,Fali,186.0,right,Spain,Valencia,Europe
252677,José Luis Morales,180.0,right,Spain,Madrid,Europe
253677,Tyrone Mings,196.0,left,England,Bath,Europe
253839,Álvaro Medrán,177.0,right,Spain,Dos Torres (Crdoba),Europe
254934,Jamilu Collins,183.0,left,Nigeria,Kaduna,Africa
255220,Romain Philippoteaux,170.0,Unknown,France,Apt,Europe
255284,Álex Granell,181.0,left,Spain,Girona,Europe
255488,Yeray Álvarez,182.0,right,Spain,Barakaldo,Europe
255501,Iñigo Lekue,180.0,right,Spain,Bilbao,Europe
255508,Iñaki Williams,186.0,right,Spain,Bilbao,Europe
255653,Santi Mina,181.0,right,Spain,Vigo,Europe
255729,Awer Mabil,178.0,right,Kenya,Kakuma,Africa
255731,Wes Burns,173.0,right,Wales,Cardiff,Europe
255755,Alex Telles,181.0,left,Unknown,Caxias do Sul,
255838,Patrick Ciurria,178.0,both,Italy,Sassuolo,Europe
255942,Nicolò Barella,175.0,right,Italy,Cagliari,Europe
256120,Wilfrid Kaptoum,174.0,right,Cameroon,Douala,Africa
256178,Joe Gomez,188.0,right,England,London,Europe
256361,Daniele Verde,168.0,left,Italy,Napoli,Europe
256429,Sergi Guardiola,185.0,left,Spain,Manacor,Europe
256448,Gianluca Mancini,190.0,right,Italy,Pontedera,Europe
256678,Filippo Romagna,186.0,right,Italy,Fano,Europe
256866,Carlos Salcedo,188.0,right,Mexico,Guadalajara,North America
257062,Álvaro García,167.0,both,Spain,Utrera,Europe
257097,Ben Davies,185.0,left,England,Barrow-in-Furness,Europe
257376,Domingos Duarte,192.0,right,Portugal,Cascais,Europe
257455,João Palhinha,190.0,right,Portugal,Lisboa,Europe
257462,Luka Jović,182.0,right,Yugoslavia (Republic),Loznica,
257751,Simone Bastoni,181.0,left,Italy,La Spezia,Europe
258004,Rúben Dias,187.0,right,Portugal,Amadora,Europe
258039,Aurélio Buta,172.0,right,Angola,Miconge,Africa
258254,Jemerson,184.0,right,Brazil,Jeremoabo,South America
258878,Tosin Adarabioyo,197.0,right,England,London,Europe
258883,Jonjoe Kenny,176.0,right,England,Liverpool,Europe
258889,Dominic Solanke,186.0,right,England,Basingstoke,Europe
258987,Carl Starfelt,187.0,right,Sweden,Stockholm,Europe
259461,Paulinho,178.0,right,Brazil,So Paulo,South America
259930,Gabriel Fernández,188.0,right,Uruguay,Montevideo,South America
260655,Eduard Löwen,188.0,right,Germany,Idar-Oberstein,Europe
260827,Joachim Andersen,192.0,right,Denmark,Frederiksberg,Europe
261504,Aleix García,173.0,right,Spain,Ulldecona,Europe
261905,Suat Serdar,184.0,right,Germany,Bingen,Europe
262226,Timothy Castagne,185.0,right,Belgium,Arlon,Europe
262365,Antonio Puertas,183.0,right,Spain,Benahadux,Europe
262523,Davide Calabria,176.0,right,Italy,Brescia,Europe
262608,Adama Traoré,178.0,left,Mali,Bamako,Africa
262939,Johan Mojica,185.0,left,Colombia,Santiago de Cali,South America
262980,Jefferson Lerma,179.0,right,Colombia,Cerrito,South America
263183,Roger Assalé,167.0,right,Cote d'Ivoire,Abengourou,
263236,Kevin Danso,190.0,right,Austria,Voitsberg,Europe
263727,Joan Jordán,185.0,right,Spain,Regencs,Europe
263856,Víctor Camarasa,183.0,right,Spain,Meliana,Europe
263918,Aleksandr Golovin,178.0,right,Russia,"Kaltan, Kemerovo Oblast",Europe
263951,Hamza Sakhi,176.0,right,Morocco,Rabat,Africa
264116,Gastón Pereiro,188.0,left,Uruguay,Montevideo,South America
264956,Jean-Kévin Augustin,179.0,right,France,Paris,Europe
265078,Patrick Cutrone,183.0,right,Italy,Como,Europe
266302,Sergej Milinković-Savić,191.0,right,Unknown,Lleida,
266359,Benjamin Bourigeaud,178.0,right,France,Calais,Europe
266795,Gonzalo Escalante,182.0,right,Argentina,Bella Vista,South America
266807,Ángel Correa,171.0,right,Argentina,Rosario,South America
267147,Cyrille Bayala,181.0,right,Burkina Faso,Ouagadougou,Africa
268176,Sergi Palencia,172.0,right,Spain,Badalona,Europe
268178,Arkadiusz Reca,187.0,left,Unknown,Chojnice,
268429,Sandi Lovrić,180.0,right,Austria,Lienz,Europe
268670,Gerard Gumbau,188.0,left,Spain,Campllong,Europe
270051,Andrei Girotto,186.0,right,Brazil,Bento Gonalves,South America
270171,Vitaly Janelt,184.0,left,Germany,Hamburg,Europe
270411,Saîf-Eddine Khaoui,180.0,left,France,Paris,Europe
270541,Serhou Guirassy,187.0,right,France,Arles,Europe
271988,Borja Fernández,178.0,right,Spain,Vigo,Europe
272278,Chris Führich,181.0,right,Germany,Castrop-Rauxel,Europe
272549,Tony Mauricio,169.0,left,France,Limoges,Europe
272622,Issa Diop,194.0,right,France,Toulouse,Europe
272812,Kingsley Ehizibue,189.0,right,Germany,Mnchen,Europe
272855,Paul Onuachu,201.0,right,Nigeria,Lagos,Africa
273438,Danilo Barbosa,183.0,right,Brazil,Simes Filho,South America
273669,Adrian Beck,186.0,right,Germany,Crailsheim,Europe
274461,Felix Passlack,170.0,right,Germany,Bottrop,Europe
274839,Wilfred Ndidi,183.0,right,Nigeria,Lagos,Africa
274862,Moses Simon,168.0,right,Nigeria,Jos,Africa
275249,Niklas Schmidt,184.0,both,Germany,Kassel,Europe
275303,Hans Hateboer,187.0,right,Netherlands,Beerta,Europe
275361,Karim Azamoum,178.0,right,France,Rognac,Europe
275423,Christian Gebauer,187.0,right,Austria,Innsbruck,Europe
275590,Kieffer Moore,196.0,right,England,Torquay,Europe
276111,David Costas,184.0,right,Spain,Vigo,Europe
276895,Steven Fortes,192.0,right,France,Marseille,Europe
276896,Samuel Gigot,187.0,right,France,Avignon,Europe
277033,David Brooks,173.0,left,England,Warrington,Europe
277111,Jorginho,171.0,right,Guinea-Bissau,Bissau,Africa
277114,Jason Denayer,184.0,right,Belgium,Jette,Europe
277167,Gian Marco Ferrari,189.0,left,Italy,Parma,Europe
277179,Angeliño,171.0,left,Spain,Coristanco,Europe
277533,Josan,176.0,right,Spain,Crevillente,Europe
277635,Rominigue Kouamé,177.0,left,Cote d'Ivoire,Lopou,
278166,Amari'i Bell,180.0,left,England,Burton upon Trent,Europe
278323,Alexander Fuchs,186.0,right,Germany,Mnchen,Europe
278332,Florian Neuhaus,185.0,right,Germany,Landsberg am Lech,Europe
278359,Borja Iglesias,187.0,right,Spain,Santiago de Compostela,Europe
278531,Sebastiano Luperto,191.0,left,Italy,Lecce,Europe
278837,Luis Rioja,176.0,left,Spain,Sevilla,Europe
279079,Lukas Mühl,189.0,right,Germany,Zwiesel,Europe
279455,Harry Wilson,173.0,left,Wales,Wrexham,Europe
279570,Daler Kuzyaev,182.0,right,Russia,"Naberezhnye Chelny, Tatarstan Republic",Europe
280387,Vincent Sierro,185.0,right,Switzerland,Sion,Europe
280730,Álvaro Odriozola,176.0,right,Spain,Donostia-San Sebastin,Europe
281319,Alberth Elis,185.0,right,Honduras,San Pedro Sula,North America
281404,Kenedy,180.0,left,Brazil,Santa Rita do Sapuca,South America
281755,Iván Alejo,186.0,right,Spain,Valladolid,Europe
281963,Lucas Hernández,184.0,left,France,Marseille,Europe
281989,Luis Milla,175.0,right,Spain,Madrid,Europe
282041,Presnel Kimpembe,183.0,left,France,Beaumont-sur-Oise,Europe
282058,Cheikh N'Doye,193.0,right,Senegal,Rufisque,Africa
282349,Timo Becker,190.0,right,Germany,Herten,Europe
282388,Giovanni Simeone,180.0,right,Argentina,Buenos Aires,South America
282406,Álvaro Jiménez,175.0,right,Spain,Crdoba,Europe
282429,Sergio Reguilón,178.0,left,Spain,Madrid,Europe
282577,Lukas Klünter,184.0,right,Germany,Euskirchen,Europe
282672,Benito Ramírez,179.0,left,Spain,La Aldea de San Nicols,Europe
282694,Augusto Solari,176.0,right,Argentina,Rosario,South America
282700,Enric Franquesa,175.0,left,Spain,Sant Cugat del Valls,Europe
282722,Álex Collado,177.0,left,Spain,Sabadell,Europe
282810,Carles Pérez,173.0,left,Spain,Granollers,Europe
282900,Pablo Martínez,182.0,left,France,Orange,Europe
283001,Noah Joel Sarenren Bazee,183.0,right,Unknown,Celle,
283127,Oualid El Hajjam,181.0,right,France,Chteauroux,Europe
283141,Blendi Idrizi,179.0,right,Germany,Bonn,Europe
283528,Ignacio Pussetto,180.0,right,Argentina,Caada Rosqun,South America
283871,Florian Dietz,190.0,right,Germany,Bad Neustadt an der Saale,Europe
283994,Ludovic Ajorque,196.0,left,Runion,Saint-Joseph,
284248,Paul Jaeckel,186.0,right,Germany,Eisenhttenstadt,Europe
284595,Tommaso Augello,180.0,left,Italy,Milano,Europe
284727,Jonathan Calleri,181.0,right,Argentina,Buenos Aires,South America
284732,Ramy Bensebaini,187.0,left,Algeria,Constantine,Africa
284737,Törles Knöll,184.0,right,Germany,Dieburg,Europe
284854,Carles Aleñá,180.0,left,Spain,Matar,Europe
285323,Baptiste Santamaria,183.0,right,France,Saint-Doulchard,Europe
285845,Ainsley Maitland-Niles,180.0,right,England,London,Europe
285951,Nathan de Medina,183.0,right,Belgium,Brssel,Europe
286297,Lorenzo Pellegrini,186.0,right,Italy,Roma,Europe
286384,Eric Bailly,187.0,right,Cote d'Ivoire,Bingerville,
286596,Emir Karic,184.0,left,Austria,Linz,Europe
286779,Jorge Meré,182.0,right,Spain,Oviedo,Europe
286949,Adam Masina,191.0,left,Morocco,Khouribga,Africa
287188,Dejan Ljubicic,187.0,right,Austria,Wien,Europe
287367,Luca Vignali,186.0,right,Italy,La Spezia,Europe
287635,Assane Dioussé,175.0,left,Senegal,Dakar,Africa
287717,Emanuele Ndoj,189.0,right,Italy,Catania,Europe
287875,Luca Fiordilino,178.0,right,Italy,Palermo,Europe
287876,Antonino La Gumina,182.0,right,Italy,Palermo,Europe
287920,Tim Skarke,181.0,right,Germany,Heidenheim an der Brenz,Europe
288225,Ludovic Blas,180.0,left,France,Colombes,Europe
288230,Ousmane Dembélé,178.0,both,France,Vernon,Europe
288255,Donny van de Beek,184.0,right,Netherlands,Nijkerkerveen,Europe
288340,Phillip Tietz,190.0,right,Germany,Braunschweig,Europe
289061,Alessandro Murgia,185.0,right,Italy,Roma,Europe
289167,Kamil Jóźwiak,176.0,right,Poland,Midzyrzecz,Europe
289182,Christopher Antwi-Adjei,174.0,right,Germany,Hagen,Europe
289236,Jon Bautista,180.0,right,Spain,Mahn,Europe
289255,Andoni Gorosabel,174.0,right,Spain,Arrasate,Europe
289257,Jon Guridi,179.0,left,Spain,Azpeitia,Europe
289286,Luca Sangalli,167.0,right,Spain,San Sebastin,Europe
289432,Dylan Batubinsika,185.0,right,France,Cergy-Pontoise,Europe
289446,Yerry Mina,195.0,right,Colombia,Guachen,South America
289592,Orel Mangala,178.0,right,Belgium,Brussel,Europe
289802,Rafael Ratão,183.0,right,Unknown,Cascavel,
289835,Jens Stage,187.0,right,Denmark,Hjbjerg,Europe
290017,Hassane Kamara,170.0,left,France,Saint-Denis,Europe
290273,Álvaro Tejero,174.0,both,Spain,Madrid,Europe
290532,Saïd Benrahma,172.0,right,Algeria,An Tmouchent,Africa
290561,Alexandre Mendy,184.0,right,France,Toulon,Europe
290587,Ellyes Skhiri,185.0,right,France,Lunel,Europe
290593,Sada Thioub,179.0,right,France,Nanterre,Europe
291417,Ferland Mendy,180.0,left,France,Meulan-en-Yvelines,Europe
292139,Sammie Szmodics,168.0,right,England,Colchester,Europe
292417,Demarai Gray,183.0,right,England,Birmingham,Europe
292534,Eric Smith,192.0,right,Sweden,Halmstad,Europe
292749,Fabinho,180.0,right,Portugal,Santa Maria da Feira,Europe
292808,Wout Faes,187.0,right,Belgium,Mol,Europe
292818,Jonathan Bamba,175.0,right,France,Alfortville,Europe
293194,Borna Sosa,187.0,left,Croatia,Zagreb,Europe
293200,Nikola Vlašić,179.0,right,Croatia,Split,Europe
293210,Amer Gojak,184.0,right,Bosnia-Herzegovina,Sarajevo,
293281,Jacob Bruun Larsen,183.0,right,Denmark,Lyngby,Europe
293385,Dani Olmo,179.0,right,Spain,Terrassa,Europe
293569,Josh Brownhill,179.0,right,England,Warrington,Europe
293592,Brandon Borrello,178.0,right,Australia,Adelaide,Oceania
293944,Habib Maïga,181.0,right,Cote d'Ivoire,Gagnoa,
294057,James Maddison,175.0,right,England,Coventry,Europe
294808,Franck Kessié,183.0,right,Cote d'Ivoire,Ouragahio,
294817,Thiago Silva,188.0,right,Brazil,Rio de Janeiro,South America
294873,Thiago Maia,179.0,left,Brazil,Boa Vista,South America
295060,Koji Miyoshi,167.0,left,Japan,"Kawasaki, Kanagawa",Asia
295065,Toni Moya,185.0,right,Spain,Mrida,Europe
295183,Răzvan Marin,178.0,right,Romania,Bucharest,Europe
295313,Taiwo Awoniyi,183.0,right,Nigeria,Ilorin,Africa
295330,Kelechi Iheanacho,185.0,left,Nigeria,Imo,Africa
295331,Isaac Success,182.0,right,Nigeria,Benin City,Africa
295622,Keidi Bare,174.0,right,Albania,Fier,Europe
296359,Félix Eboa Eboa,186.0,right,Cameroon,Douala,Africa
296397,Arne Maier,186.0,right,Germany,Ludwigsfelde,Europe
296422,Fodé Ballo-Touré,182.0,left,France,Conflans-Sainte-Honorine,Europe
296879,Steffen Tigges,194.0,left,Germany,Osnabrck,Europe
296986,Tyler Roberts,180.0,right,England,Gloucester,Europe
297070,Hamari Traoré,175.0,right,Mali,Bamako,Africa
297212,Joe Rodon,193.0,right,Wales,Swansea,Europe
298091,Harry Souttar,198.0,right,Scotland,Aberdeen,Europe
298410,João Pedro,185.0,right,Portugal,So Miguel,Europe
298575,Kike Barja,179.0,right,Spain,Noin,Europe
298583,Eray Cömert,183.0,right,Switzerland,Rheinfelden,Europe
298589,David García,186.0,both,Spain,Ibero,Europe
298635,Grigoris Kastanos,179.0,left,Cyprus,Sotira,Asia
298975,Pol Lirola,183.0,right,Spain,Mollet del Valls,Europe
298976,Borja Mayoral,182.0,right,Spain,Parla,Europe
300532,Pontus Almqvist,183.0,left,Sweden,Nykping,Europe
300716,Kieran Tierney,180.0,left,Isle of Man,Douglas,
301236,Francesco Cassata,183.0,right,Italy,Sarzana,Europe
302215,Naby Keïta,172.0,right,Guinea,Conakry,Africa
302371,Toni Martínez,187.0,right,Spain,Barrio del Progreso,Europe
303116,Gaetano Castrovilli,187.0,right,Italy,Canosa di Puglia,Europe
303254,Fikayo Tomori,185.0,right,Canada,"Calgary, Alberta",North America
305274,Fred Onyedinma,185.0,right,Nigeria,Lagos,Africa
306024,Dominic Calvert-Lewin,189.0,right,England,Sheffield,Europe
306191,Jason Berthomier,177.0,left,France,Montluon,Europe
306382,Benjamin Tetteh,193.0,right,Ghana,Accra,Africa
307183,Sirlord Conteh,178.0,right,Germany,Hamburg,Europe
307519,Fede San Emeterio,176.0,right,Spain,Sierra de Ibio,Europe
308133,Ado Onaiwu,180.0,right,Japan,"Kamikawa, Saitama",Asia
308279,Rolando Mandragora,183.0,left,Italy,Napoli,Europe
309110,Brais Méndez,184.0,left,Spain,Mos,Europe
309400,Kai Havertz,193.0,left,Germany,Aachen,Europe
309944,Tyronne Ebuehi,187.0,right,Netherlands,Haarlem,Europe
310458,Giangiacomo Magnani,192.0,right,Italy,Correggio,Europe
310527,Paulo Azzi,188.0,right,Brazil,Bragana Paulista,South America
311044,Alfonso Espino,172.0,left,Uruguay,San Jacinto,South America
312314,Otávio,173.0,right,Brazil,Macei,South America
312731,Diego Moreno,186.0,right,Colombia,Apartad,South America
313477,Paolo Ghiglione,191.0,right,Italy,Voghera,Europe
314183,Karlan Grant,183.0,right,England,London,Europe
314210,Tom Davies,180.0,right,England,Liverpool,Europe
314288,Lukas Nmecha,185.0,right,Germany,Hamburg,Europe
314353,Trent Alexander-Arnold,175.0,right,England,Liverpool,Europe
314678,Brahim Díaz,170.0,both,Spain,Mlaga,Europe
314875,Jarrod Bowen,176.0,left,England,Leominster,Europe
314912,Jérôme Hergault,185.0,right,France,Montmorency,Europe
314940,Dimitri Liénard,181.0,left,France,Belfort,Europe
314965,Pedro Pereira,185.0,right,Portugal,Vendas Novas,Europe
315063,Nahitan Nández,172.0,right,Uruguay,Punta del Este,South America
315110,Karl Toko Ekambi,182.0,right,France,Paris,Europe
315131,Timothy Fosu-Mensah,185.0,right,Netherlands,Amsterdam,Europe
315145,Azor Matusiwa,173.0,right,Netherlands,Hilversum,Europe
315289,Myrto Uzuni,178.0,right,Albania,Berat,Europe
315332,Aymen Barkok,189.0,right,Germany,Frankfurt am Main,Europe
315762,Luca de la Torre,177.0,right,United States,"San Diego, California",North America
315779,Christian Pulisic,177.0,right,United States,"Hershey, Pennsylvania",North America
315843,Alessandro Semprini,183.0,right,Italy,Brescia,Europe
315853,Alessandro Bastoni,190.0,left,Italy,Casalmaggiore,Europe
315862,Filippo Melegoni,186.0,right,Italy,Bergamo,Europe
315865,Andrea Pinamonti,185.0,right,Italy,Cles,Europe
315867,Gianluca Scamacca,195.0,right,Italy,Roma,Europe
315969,Scott McTominay,191.0,right,England,Lancaster,Europe
316125,Ben Chilwell,180.0,left,England,Milton Keynes,Europe
316137,Moussa Doumbia,173.0,right,Cote d'Ivoire,Bouak,
316575,Moritz-Broni Kwarteng,175.0,both,Germany,Stuttgart,Europe
316889,Hirving Lozano,175.0,right,Mexico,Mexico City,North America
316934,Nikola Moro,184.0,right,Croatia,Split,Europe
318204,David Raum,181.0,left,Germany,Nrnberg,Europe
318523,Romain Perraud,173.0,left,France,Toulouse,Europe
319160,Jakub Jankto,184.0,left,Czech Republic,Praha,Europe
319301,Daniel James,171.0,right,England,Beverley,Europe
319745,Dani Ceballos,179.0,right,Spain,Utrera,Europe
319900,Elijah Adebayo,193.0,Unknown,England,London,Europe
320271,Toni Lato,171.0,left,Spain,La Pobla de Vallbona,Europe
320411,Philip Billing,193.0,left,Denmark,Copenhagen,Europe
321070,Hannes Wolf,179.0,left,Austria,Graz,Europe
321528,Denzel Dumfries,188.0,right,Netherlands,Rotterdam,Europe
322305,Jean-Victor Makengo,177.0,left,France,tampes,Europe
322655,Flavius Daniliuc,188.0,right,Austria,Wien,Europe
322985,Gustavo Hamer,169.0,right,Brazil,Itajai,South America
323147,Enrico Brignola,168.0,left,Italy,Caserta,Europe
323169,Sergio García,182.0,Unknown,Spain,Rota,Europe
323831,Rafael Borré,174.0,right,Colombia,Barranquilla,South America
323872,Andrés Cubas,166.0,right,Argentina,Aristbulo del Valle,South America
323954,Walace,188.0,right,Brazil,Salvador,South America
324223,James Bree,178.0,right,England,Wakefield,Europe
324278,Christoph Baumgartner,180.0,right,Austria,Horn,Europe
324282,Fabio Depaoli,182.0,right,Italy,Riva del Garda,Europe
324358,Ollie Watkins,180.0,right,England,Torquay,Europe
324377,Youssef Maleh,179.0,left,Italy,Castel San Pietro Terme,Europe
324804,Yann Karamoh,184.0,right,Cote d'Ivoire,Abidjan,
324811,Arnaud Nordin,170.0,both,France,Paris,Europe
325993,Oliver Abildgaard,192.0,left,Denmark,Aalborg,Europe
326029,Donyell Malen,176.0,right,Netherlands,Wieringen,Europe
326300,Jeff Reine-Adélaïde,184.0,right,France,Champigny-sur-Marne,Europe
326330,Frenkie de Jong,181.0,right,Netherlands,Arkel,Europe
326416,Dani Calvo,193.0,right,Spain,Huesca,Europe
327126,Anuar,173.0,right,Spain,Ceuta,Europe
327863,Akim Zedadka,173.0,right,France,Pertuis,Europe
328658,Kristoffer Ajer,198.0,right,Norway,Rlingen,Europe
329373,Carlo Boukhalfa,186.0,left,Germany,Freiburg im Breisgau,Europe
330208,Alessandro Vogliacco,186.0,right,Italy,Acquaviva delle Fonti,Europe
330223,Hendrik Weydandt,195.0,right,Germany,Gehrden,Europe
330659,Justin Kluivert,172.0,both,Netherlands,Zaandam,Europe
331362,Benedikt Pichler,188.0,right,Austria,Salzburg,Europe
331389,Andrés Tello,180.0,right,Colombia,Medelln,South America
331496,Valery Fernández,182.0,right,Spain,L'Escala,Europe
331505,Óscar Mingueza,184.0,right,Spain,Santa Perptua de Mogoda,Europe
331560,Takehiro Tomiyasu,188.0,right,Japan,"Fukuoka, Fukuoka",Asia
331726,Tammy Abraham,194.0,right,England,London,Europe
332560,Deiver Machado,180.0,left,Colombia,Tad,South America
332697,Weston McKennie,185.0,right,United States,"Little Elm, Texas",North America
332705,Tyler Adams,175.0,right,United States,"Wappingers Falls, New York",North America
332889,Valentin Rongier,172.0,right,France,Mcon,Europe
333014,Sander Berge,195.0,right,Norway,Brum,Europe
333241,Joelinton,186.0,right,Brazil,Aliana,South America
333361,Chumi,183.0,right,Spain,Laracha,Europe
333383,Bonke Innocent,178.0,right,Nigeria,Kaduna,Africa
333516,Sebastian Vasiliadis,177.0,right,Germany,Auenwald,Europe
333647,Jonathan Burkardt,183.0,right,Germany,Darmstadt,Europe
334186,Fabian Kunze,191.0,right,Germany,Bielefeld,Europe
334213,Lukas Daschner,185.0,both,Germany,Duisburg,Europe
334221,Amos Pieper,192.0,right,Germany,Ldinghausen,Europe
334222,Lucas Boyé,183.0,right,Argentina,San Gregorio,South America
334526,Denis Zakaria,190.0,right,Switzerland,Genf,Europe
334557,Chiquinho,175.0,right,Portugal,Santo Tirso,Europe
334835,Toma Bašić,190.0,left,Croatia,Zagreb,Europe
335103,Linton Maina,180.0,right,Germany,Berlin,Europe
335147,Junior Sambia,185.0,right,France,Lyon,Europe
335721,Ben White,186.0,right,England,Poole,Europe
336125,Mërgim Vojvoda,187.0,right,Germany,Hof (Saale),Europe
336747,Jorge Pombo,177.0,right,Spain,Zaragoza,Europe
336960,Giuseppe Pezzella,187.0,left,Italy,Napoli,Europe
337036,Florent Muslija,172.0,right,Germany,Achern,Europe
337066,Toni Villa,172.0,right,Spain,Lorqu,Europe
337333,Alex Král,186.0,right,Slovakia,Koice,Europe
337381,Andrea Cistana,185.0,right,Italy,Brescia,Europe
337715,Umar Sadiq,191.0,right,Nigeria,Kaduna,Africa
337716,Claud Adjapong,180.0,right,Italy,Modena,Europe
337725,Christian Kouamé,185.0,right,Cote d'Ivoire,Abidjan,
337798,Abdu Conté,183.0,Unknown,Guinea-Bissau,Bissau,Africa
337811,Francesco Gelli,173.0,right,Italy,Livorno,Europe
337922,Esteban Burgos,191.0,right,Argentina,Salta,South America
337946,Jairo Izquierdo,165.0,left,Spain,Santa Cruz de Tenerife,Europe
338032,Deyovaisio Zeefuik,177.0,right,Netherlands,Amsterdam,Europe
338285,Unai Núñez,186.0,right,Spain,Portugalete,Europe
338425,Álex Berenguer,175.0,right,Spain,Baraain,Europe
338629,Sebastiaan Bornauw,191.0,right,Belgium,Wemmel,Europe
338635,Hannes Delcroix,183.0,left,Haiti,Grande Hatte,
338668,Senne Lynen,185.0,right,Belgium,Antwerpen,Europe
339314,Deniz Undav,179.0,both,Germany,Varel,Europe
339808,Theo Hernández,184.0,left,France,Marseille,Europe
339816,Tete Morente,184.0,right,Spain,La Lnea de la Concepcin,Europe
340070,Simone Edera,174.0,left,Italy,Torino,Europe
340151,Andrea Favilli,191.0,right,Italy,Pisa,Europe
340205,Gorka Guruzeta,188.0,right,Spain,Donostia-San Sebastin,Europe
340321,Josh Dasilva,184.0,left,England,London,Europe
340322,Nathan Tella,173.0,right,England,Stevenage,Europe
340324,Eddie Nketiah,175.0,right,England,London,Europe
340328,Stephy Mavididi,182.0,right,England,Derby,Europe
340329,Joe Willock,186.0,right,England,London,Europe
340339,Jorge Sáenz,188.0,right,Spain,Santa Cruz de Tenerife,Europe
340376,Abel Ruiz,182.0,right,Spain,Almussafes,Europe
340394,Abdelhamid Sabiri,186.0,right,Morocco,Goulmima,Africa
340456,Noussair Mazraoui,183.0,right,Netherlands,Leiderdorp,Europe
340459,Dani de Wit,184.0,right,Netherlands,Hoorn,Europe
340707,Leonardo Sernicola,187.0,right,Italy,Civita Castellana,Europe
340853,Javi Sánchez,189.0,right,Spain,Getafe,Europe
340867,Jaime Seoane,177.0,right,Spain,Madrid,Europe
340950,Diogo Jota,178.0,right,Portugal,Porto,Europe
341051,Kyle Walker-Peters,173.0,right,England,London,Europe
341092,Federico Chiesa,175.0,right,Italy,Genova,Europe
341110,Franco Cervi,166.0,left,Argentina,San Lorenzo,South America
341227,Juan Miranda,185.0,left,Spain,Olivares,Europe
341278,Iván Martín,178.0,left,Spain,Bilbao,Europe
341317,Oliver Burke,188.0,right,Scotland,Kirkcaldy,Europe
341501,Hamza Choudhury,178.0,right,England,Loughborough,Europe
341705,Gerson,184.0,left,Unknown,Rio de Janeiro,
341710,William,176.0,right,Brazil,Pelotas,South America
342024,João Pedro,179.0,right,Brazil,Presidente Prudente,South America
342039,Yannik Keitel,186.0,both,Germany,Breisach am Rhein,Europe
342048,Grady Diangana,180.0,left,DR Congo,Lubumbashi,Africa
342209,Kévin N'Doram,184.0,right,France,Saint-Sbastien-sur-Loire,Europe
342226,Irvin Cardona,185.0,right,France,Nmes,Europe
342229,Kylian Mbappé,178.0,right,France,Paris,Europe
342385,Guido Rodríguez,185.0,right,Argentina,Senz Pea,South America
343052,Nicolas Pépé,183.0,left,France,Mantes-la-Jolie,Europe
343463,Cyle Larin,188.0,right,Canada,"Brampton, Ontario",North America
343475,Ben Godfrey,184.0,right,England,York,Europe
343488,João Gomes,190.0,right,Portugal,Castelo Branco,Europe
343537,Artem Dovbyk,189.0,left,Ukraine,Cherkasy,Europe
343945,Niccolò Zanellato,187.0,right,Italy,Milano,Europe
344009,Nathan Broadhead,178.0,right,Wales,Bangor,Europe
344069,Anton Stach,194.0,right,Germany,Buchholz in der Nordheide,Europe
344072,Kelvin Amian,180.0,right,France,Toulouse,Europe
344381,Christopher Nkunku,177.0,right,France,Lagny-sur-Marne,Europe
344575,Antonin Bobichon,178.0,right,France,Bagnols-sur-Cze,Europe
344598,Dan-Axel Zagadou,196.0,left,France,Crteil,Europe
344599,Yassine Benrahou,172.0,left,France,Le Blanc-Mesnil,Europe
344605,Boubakary Soumaré,188.0,right,France,Noisy-le-Sec,Europe
344695,Dayot Upamecano,186.0,right,France,vreux,Europe
344830,Tahith Chong,185.0,left,Netherlands Antilles,Willemstad,
344888,Habib Diallo,186.0,right,Unknown,This,
344892,Gauthier Hein,170.0,left,France,Thionville,Europe
345041,Vlatko Stojanovski,186.0,right,Macedonia,Delcevo,
345189,Luka Lochoshvili,192.0,left,Georgia,Tiflis,Asia
345458,Sebastian Walukiewicz,188.0,right,Poland,Gorzw Wielkopolski,Europe
345590,Jens Odgaard,188.0,left,Denmark,Hillerd,Europe
346018,Jamal Lewis,178.0,left,England,Luton,Europe
346289,Mouctar Diakhaby,192.0,right,France,Vendme,Europe
346314,Trevoh Chalobah,192.0,right,Sierra Leone,Freetown,Africa
346332,Nassim Boujellab,182.0,both,Germany,Hagen,Europe
346478,Japhet Tanganga,184.0,right,England,London,Europe
346499,Danel Sinani,185.0,left,Yugoslavia (Republic),Belgrad,
346561,Luca Ranieri,187.0,left,Italy,La Spezia,Europe
346567,Luca Pellegrini,178.0,left,Italy,Roma,Europe
346707,Sean Longstaff,187.0,right,England,Newcastle upon Tyne,Europe
346766,Guilherme Arana,176.0,left,Brazil,So Paulo,South America
346849,Christoph Klarer,191.0,right,Austria,Bheimkirchen,Europe
346853,Romano Schmid,168.0,right,Austria,Graz,Europe
346890,Noah Okafor,185.0,right,Switzerland,Binningen,Europe
346918,Paulinho,173.0,Unknown,Brazil,Belo Horizonte,South America
347253,Dany Mota,180.0,right,Luxembourg,Niederkorn,Europe
347595,Clément Depres,188.0,right,France,Nmes,Europe
348026,Nordi Mukiele,187.0,right,France,Montreuil,Europe
348791,Junya Ito,176.0,right,Japan,"Yokosuka, Kanagawa",Asia
348795,Giovani Lo Celso,177.0,left,Argentina,Rosario,South America
349066,Alexander Isak,192.0,right,Sweden,Solna,Europe
349433,Fabian Nürnberger,181.0,left,Germany,Hamburg,Europe
349503,Conor Chaplin,168.0,left,England,Worthing,Europe
349599,Pervis Estupiñán,175.0,left,Ecuador,Esmeraldas,South America
349701,Antonee Robinson,183.0,left,England,Milton Keynes,Europe
349836,Diego González,185.0,right,Spain,Chiclana de la Frontera (Cdiz),Europe
349856,Son,178.0,right,Spain,Sevilla,Europe
351749,Kalvin Phillips,179.0,right,England,Leeds,Europe
351755,Darnell Furlong,183.0,right,England,Luton,Europe
351816,Ismaël Bennacer,175.0,left,France,Arles,Europe
351843,Yoann Salmier,188.0,right,France,Villiers-le-Bel,Europe
351955,Federico Baschirotto,187.0,right,Italy,Isola della Scala,Europe
353032,Omar Alderete,188.0,left,Paraguay,Asuncin,South America
353366,Benjamin Pavard,186.0,right,France,Maubeuge,Europe
353399,Romain Del Castillo,172.0,left,France,Lyon,Europe
353404,Gaëtan Perrin,169.0,right,France,Lyon,Europe
353796,Giulio Maggiore,184.0,right,Italy,Genova,Europe
353892,Hiroki Ito,188.0,left,Japan,"Hamamatsu, Shizuoka",Asia
353948,Lucas Tousart,184.0,right,France,Arras,Europe
354666,Shamar Nicholson,192.0,right,Jamaica,Kingston,North America
354726,Florian Sotoca,187.0,right,France,Narbonne,Europe
354909,Giorgio Altare,190.0,right,Italy,Bergamo,Europe
355335,Adrián Diéguez,188.0,left,Spain,Madrid,Europe
355627,Sergio Akieme,175.0,left,Spain,Madrid,Europe
355628,Igor Zubeldia,181.0,right,Spain,Azkoitia,Europe
355816,Ko Itakura,188.0,right,Japan,"Yokohama, Kanagawa",Asia
355861,Arnaut Danjuma,178.0,right,Nigeria,Lagos,Africa
355915,Cristian Romero,185.0,right,Argentina,Crdoba,South America
356118,Suleiman Abdullahi,185.0,right,Nigeria,Kaduna,Africa
356141,Daichi Kamada,180.0,right,Japan,"Iyo, Ehime",Asia
356197,Alfonso Pedraza,184.0,left,Spain,San Sebastin de los Ballesteros,Europe
357072,Faitout Maouassa,170.0,left,France,Villepinte,Europe
357119,Ibrahima Konaté,194.0,right,France,Paris,Europe
357147,Diogo Dalot,183.0,right,Portugal,Braga,Europe
357156,Diogo Leite,190.0,left,Portugal,Porto,Europe
357158,Rúben Vinagre,174.0,left,Portugal,Charneca da Caparica,Europe
357164,Rafael Leão,188.0,right,Portugal,Almada,Europe
357498,Dušan Vlahović,190.0,left,Yugoslavia (Republic),Belgrad,
357662,Declan Rice,188.0,right,England,London,Europe
357796,Domagoj Bradarić,178.0,left,Croatia,Split,Europe
357884,Fernando Calero,184.0,right,Spain,Boecillo (Valladolid),Europe
357885,Pablo Fornals,178.0,right,Spain,Castell de la Plana,Europe
358008,Gianluca Gaetano,183.0,right,Italy,Cimitile,Europe
358032,Cyril Ngonge,180.0,left,Belgium,Ukkel,Europe
358115,Luis Pérez,173.0,right,Spain,Utrera,Europe
358165,Yordan Osorio,189.0,right,Venezuela,Barinas,South America
358166,Eldor Shomurodov,190.0,right,Uzbekistan,"Jarkurgan, Surxondaryo Region",Asia
358250,Joseph Aidoo,181.0,right,Ghana,Tema,Africa
358421,Jakob Johansson,181.0,right,Unknown,Unknown,
358515,Jean-Philippe Krasso,187.0,left,Germany,Stuttgart,Europe
358870,Dennis Jastrzembski,180.0,left,Germany,Rendsburg,Europe
360518,Teun Koopmeiners,184.0,left,Netherlands,Castricum,Europe
361068,Jurgen Ekkelenkamp,188.0,right,Netherlands,Zeist,Europe
361093,Sven Botman,195.0,left,Netherlands,Badhoevedorp,Europe
361238,Rubén García,180.0,right,Spain,Elche,Europe
361254,Rafa Mir,191.0,right,Spain,Cartagena,Europe
361260,Ozan Kabak,187.0,right,Trkiye,Ankara,
361914,Nayef Aguerd,190.0,left,Morocco,Knitra,Africa
362108,Gabriel Gudmundsson,180.0,left,Sweden,Malm,Europe
362842,Arthur Melo,172.0,right,Brazil,Goinia,South America
363205,Gabriel Jesus,175.0,right,Brazil,So Paulo,South America
364133,Pietro Pellegri,189.0,right,Italy,Genova,Europe
364135,Moise Kean,183.0,right,Italy,Vercelli,Europe
364245,Jordan Teze,183.0,right,Netherlands,Groningen,Europe
364258,Bernardo,186.0,left,Brazil,So Paulo,South America
364405,Adama Traoré,178.0,left,Mali,Bamako,Africa
364409,Gabriel Osho,185.0,right,England,Reading,Europe
364525,Bevic Moussiti-Oko,184.0,right,Unknown,Brazzaville,
364827,Cédric Kipré,193.0,right,France,Paris,Europe
364857,Falaye Sacko,180.0,right,Mali,Bamako,Africa
365108,Dan Ndoye,184.0,right,Switzerland,Nyon,Europe
365172,Patson Daka,183.0,right,Zambia,Chingola,Africa
366045,Ablie Jallow,166.0,left,The Gambia,Bundung,
366930,Sergio Gómez,171.0,left,Spain,Badalona,Europe
367466,Thierry Correia,176.0,right,Portugal,Amadora,Europe
367992,Jesper Karlsson,179.0,right,Sweden,Falkenberg,Europe
368559,Ádám Nagy,178.0,right,Hungary,Budapest,Europe
368887,Loïs Openda,177.0,right,Belgium,Lige,Europe
368891,Arthur Theate,185.0,left,Belgium,Lige,Europe
369081,Federico Valverde,182.0,right,Uruguay,Montevideo,South America
369567,Sasa Kalajdzic,200.0,right,Austria,Wien,Europe
370683,Andreas Hanche-Olsen,185.0,right,Norway,Bod,Europe
370691,Francis Guerrero,175.0,right,Spain,Con,Europe
370789,Julian Ryerson,183.0,right,Norway,Lyngdal,Europe
370791,Pablo Rosario,185.0,right,Netherlands,Amsterdam,Europe
370846,Timothy Weah,183.0,right,United States,"New York City, New York",North America
371436,Francisco Sierralta,192.0,right,Chile,Las Condes,South America
371554,Kevin Spadanuda,177.0,right,Unknown,Blach,
371814,Nathaniel Phillips,190.0,right,England,Bolton,Europe
371851,Jaka Bijol,190.0,right,Slovenia,Vuzenica,Europe
372246,Carlos Soler,180.0,right,Spain,Valencia,Europe
372670,Paulinho,176.0,right,Portugal,So Joo da Madeira,Europe
372711,Amine Harit,180.0,right,France,Pontoise,Europe
372712,Ibrahima Sissoko,193.0,right,France,Meaux,Europe
372713,Florian Ayé,184.0,right,France,Paris,Europe
372809,Petko Hristov,191.0,right,Bulgaria,Sofia,Europe
373373,Lucas Martínez Quarta,183.0,right,Argentina,Mar del Plata,South America
373899,Jacopo Segre,185.0,right,Italy,Torino,Europe
374040,Vincent Marchetti,181.0,left,France,Ajaccio,Europe
374139,Junior Firpo,184.0,left,Unknown,Santo Domingo de Guzmn,
375391,Joel Asoro,176.0,right,Sweden,Haninge,Europe
375885,Ibrahim Sangaré,191.0,right,Cote d'Ivoire,Abidjan,
377219,Selim Amallah,185.0,right,Belgium,Hautrage,Europe
377393,Pierre Lees-Melou,185.0,right,France,Langon,Europe
378139,Aitor Ruibal,176.0,right,Spain,Sallent de Llobregat,Europe
378293,Yangel Herrera,184.0,right,Venezuela,"La Guaira, Vargas",South America
378954,Joris Gnagnon,182.0,right,France,Bondy,Europe
378965,Cheick Traoré,174.0,right,France,Paris,Europe
379807,Lyanco,187.0,right,Brazil,Vitria,South America
379877,Luis Henrique,184.0,right,Brazil,Vila Velha,South America
380350,Igor,188.0,left,Brazil,Bom Sucesso,South America
380598,Santi Comesaña,188.0,both,Spain,Vigo,Europe
381187,Emmanuel Sabbi,178.0,right,Italy,Vicenza,Europe
381362,Wesley Moraes,191.0,right,Brazil,Juiz de Fora,South America
381753,Ilia Gruev,185.0,left,Bulgaria,Sofia,Europe
381950,Alexis Saelemaekers,180.0,right,Belgium,Berchem-Sainte-Agathe,Europe
381967,Albert Sambi Lokonga,183.0,right,Belgium,Verviers,Europe
382571,Francesco Forte,190.0,Unknown,Italy,Pozzuoli,Europe
384060,Tino Kadewere,183.0,right,Zimbabwe,Harare,Africa
384553,Luca Kilian,192.0,right,Germany,Witten,Europe
384593,Alexis Claude-Maurice,176.0,right,France,Noisy-le-Grand,Europe
384745,Tobias Raschl,177.0,right,Germany,Dsseldorf,Europe
384859,Fabien Centonze,182.0,right,France,Voiron,Europe
385105,Gabriel Suazo,178.0,left,Chile,San Bernardo,South America
385271,Allan,172.0,left,Brazil,Porto Alegre,South America
385394,Alberto Dossena,195.0,right,Italy,Brescia,Europe
386047,Axel Disasi,191.0,right,France,Gonesse,Europe
386057,Julien Laporte,185.0,right,France,Aurillac,Europe
386315,Nathaël Julan,196.0,right,France,Montvilliers,Europe
386446,Alessandro Buongiorno,190.0,left,Italy,Torino,Europe
386552,Lassana Coulibaly,183.0,right,Mali,Bamako,Africa
386755,Gianluca Frabotta,187.0,left,Italy,Roma,Europe
387047,Danilho Doekhi,190.0,right,Netherlands,Rotterdam,Europe
387106,Lovro Majer,178.0,left,Croatia,Zagreb,Europe
387234,Szymon Żurkowski,185.0,right,Poland,Tychy,Europe
387626,Leon Bailey,178.0,left,Jamaica,Kingston,North America
388160,Fraser Hornby,195.0,right,England,Northampton,Europe
388165,Yoane Wissa,176.0,right,France,Villeneuve-Saint-George,Europe
388198,Nico Schlotterbeck,191.0,left,Germany,Waiblingen,Europe
388294,Omar Traoré,187.0,right,Germany,Osnabrck,Europe
388382,Assan Ceesay,188.0,left,The Gambia,Banjul,
388409,Philipp Sander,186.0,both,Germany,Rostock,Europe
388795,Oumar Gonzalez,186.0,right,Cameroon,Douala,Africa
389324,Fernandinho,169.0,left,Unknown,Unknown,
389837,Nicolò Casale,191.0,right,Italy,Negrar,Europe
390160,Salvatore Esposito,178.0,right,Italy,Castellammare di Stabia,Europe
391004,Jonas Wind,190.0,right,Denmark,Hvidovre,Europe
391192,Jean-Claude Billong,192.0,right,France,Mantes-la-Jolie,Europe
391376,Lamine Fomba,188.0,right,France,Rosny-sous-Bois,Europe
391719,Domingos Quina,173.0,right,Guinea-Bissau,Bissau,Africa
391780,Derrick Köhn,180.0,left,Germany,Hamburg,Europe
392085,Nicolò Zaniolo,190.0,left,Italy,Massa,Europe
392163,Noah Weißhaupt,181.0,right,Germany,Rostock,Europe
392516,Antonino Gallo,183.0,left,Italy,Palermo,Europe
392538,Tommaso Pobega,188.0,left,Italy,Trieste,Europe
392545,Frank Tsadjout,190.0,left,Italy,Perugia,Europe
392569,Gabriele Zappa,187.0,right,Italy,Monza,Europe
392591,Chiedozie Ogbene,181.0,right,Nigeria,Lagos,Africa
392710,Lennard Maloney,188.0,right,Germany,Berlin,Europe
392763,Ian Poveda,167.0,left,England,London,Europe
392765,Emile Smith Rowe,182.0,right,England,London,Europe
392768,Callum Hudson-Odoi,178.0,right,England,London,Europe
392770,Angel Gomes,166.0,right,England,London,Europe
392771,Ethan Ampadu,182.0,right,England,Exeter,Europe
392775,Ryan Sessegnon,178.0,left,England,London,Europe
392810,Casimir Ninga,186.0,right,Chad,Mandoul,Africa
392959,Andrea Colpani,184.0,left,Italy,Brescia,Europe
392966,Nadir Zortea,187.0,right,Italy,Feltre,Europe
393238,Zakaria Aboukhlal,179.0,both,Netherlands,Rotterdam,Europe
393323,Brenden Aaronson,177.0,right,United States,"Medford, New Jersey",North America
393325,Josh Sargent,185.0,right,United States,"O'Fallon, Missouri",North America
393512,Felix Agu,180.0,right,Germany,Osnabrck,Europe
393904,Filippo Delli Carri,191.0,left,Italy,Torino,Europe
394033,Stefan Schimmer,185.0,right,Germany,Wertingen,Europe
394285,Víctor Campuzano,174.0,left,Spain,Barcelona,Europe
394300,Davide Frattesi,178.0,right,Italy,Roma,Europe
394327,Boubacar Kamara,184.0,right,France,Marseille,Europe
394346,Emanuel Vignato,175.0,right,Italy,Negrar,Europe
394694,Sergio Ruiz,176.0,right,Spain,Astillero,Europe
395236,Yacine Adli,186.0,right,France,Vitry-sur-Seine,Europe
395516,Moussa Diaby,170.0,left,France,Paris,Europe
395693,Houssem Aouar,175.0,right,France,Lyon,Europe
395695,Elisha Owusu,182.0,right,France,Montreuil,Europe
396174,Jimmy Dunne,191.0,right,Ireland,Drogheda,
396334,Joaquín Muñoz,172.0,both,Spain,Mlaga,Europe
397033,Sandro Tonali,181.0,right,Italy,Lodi,Europe
397171,Gideon Mensah,178.0,left,Ghana,Accra,Africa
397225,Alessandro Zanoli,188.0,right,Italy,Carpi,Europe
397486,Dennis Man,183.0,left,Romania,Vladimirescu,Europe
398030,Giuseppe Caso,172.0,right,Italy,Torre Annunziata,Europe
398065,Harvey Barnes,182.0,right,England,Burnley,Europe
398073,Achraf Hakimi,181.0,right,Spain,Madrid,Europe
398163,Gonzalo Villar,181.0,right,Spain,Murcia,Europe
398402,Sam Surridge,190.0,right,England,Slough,Europe
399776,Pau Torres,192.0,left,Spain,Villarreal,Europe
399887,Esteban Rolón,175.0,right,Argentina,Posadas,South America
400485,Adam Ounas,172.0,left,France,Chambray-ls-Tours,Europe
400931,Ibrahima Diallo,181.0,left,Guinea,Tliml,Africa
401173,Jadon Sancho,180.0,right,England,London,Europe
401320,Dara O'Shea,189.0,right,Ireland,Dublin,
401356,Edson Álvarez,190.0,right,Mexico,Tlalnepantla,North America
401527,Rogério,178.0,left,Brazil,Nobres,South America
401529,Dodô,166.0,right,Brazil,Taubat,South America
401530,Éder Militão,186.0,right,Brazil,Sertozinho,South America
401571,Tomás Conechny,176.0,left,Argentina,Comodoro Rivadavia,South America
401578,Exequiel Palacios,178.0,right,Argentina,Famaill,South America
401922,Samuel Chukwueze,172.0,left,Nigeria,Umuahia,Africa
402008,Amadou Haidara,178.0,right,Mali,Bamako,Africa
402117,Jules Keita,168.0,right,Guinea,Conakry,Africa
402733,Gonzalo Montiel,175.0,right,Argentina,Gonzlez Catn,South America
403898,Jordan Beyer,187.0,right,Germany,Kempen,Europe
404842,Vitaliy Mykolenko,180.0,left,Ukraine,Cherkasy,Europe
405385,Yukinari Sugawara,179.0,right,Japan,"Toyokawa, Aichi",Asia
405393,Soichiro Kozuki,180.0,right,Japan,"Uji, Kyoto",Asia
405397,Keito Nakamura,180.0,right,Japan,"Abiko, Chiba",Asia
405398,Takefusa Kubo,173.0,left,Japan,"Kawasaki, Kanagawa",Asia
405670,Yannik Engelhardt,184.0,right,Germany,Gttingen,Europe
405687,Tom Krauß,182.0,right,Germany,Leipzig,Europe
405885,Giacomo Raspadori,172.0,right,Italy,Bentivoglio,Europe
406008,Yan Valery,185.0,right,France,Champigny-sur-Marne,Europe
406040,Ademola Lookman,174.0,right,England,London,Europe
406042,Dennis Johnsen,185.0,right,Norway,Skien,Europe
406625,Lautaro Martínez,174.0,right,Argentina,Baha Blanca,South America
406635,Phil Foden,171.0,left,England,Stockport,Europe
406638,Oliver Skipp,175.0,right,England,Welwyn Garden City,Europe
406640,Felix Nmecha,190.0,right,Germany,Hamburg,Europe
406806,Emil Bohinen,189.0,left,England,Derby,Europe
406973,Moritz Broschinski,190.0,right,Germany,Finsterwalde,Europe
407265,Luca Zanimacchia,178.0,right,Italy,Desio,Europe
408471,Javi Puado,177.0,right,Spain,Barcelona,Europe
409153,Teddy Teuma,176.0,left,France,Toulon,Europe
409517,Yorbe Vertessen,174.0,right,Belgium,Tienen,Europe
410059,Bakaye Dibassy,183.0,left,France,Paris,Europe
410185,Ronaël Pierre-Gabriel,177.0,right,France,Paris,Europe
410425,Yves Bissouma,182.0,right,Cote d'Ivoire,Issia,
410708,Pascal Struijk,190.0,left,Belgium,Deurne,Europe
411975,Jules Koundé,180.0,right,France,Paris,Europe
412045,Pol Lozano,176.0,right,Spain,Sant Quirze del Valls,Europe
412092,Gaëtan Paquiez,182.0,right,France,Valras,Europe
412095,Ihsan Sacko,183.0,right,France,Alfortville,Europe
412363,Rodrygo,174.0,right,Brazil,Osasco,South America
412366,Brenner,175.0,right,Brazil,Cuiab,South America
412513,Thomas Henry,191.0,right,France,Argenteuil,Europe
412660,Keinan Davis,189.0,left,England,Stevenage,Europe
412671,Quentin Boisgard,174.0,right,France,Toulouse,Europe
412932,Myron Boadu,181.0,right,Netherlands,Amsterdam,Europe
413032,Ibrahima Diallo,179.0,right,France,Tours,Europe
413039,Bryan Mbeumo,171.0,left,France,Avallon,Europe
413112,Aurélien Tchouaméni,188.0,right,France,Rouen,Europe
413220,James Justin,183.0,both,England,Luton,Europe
413262,Dani Raba,185.0,left,Spain,Santander,Europe
413403,Ezri Konsa,183.0,right,England,London,Europe
413507,Nikola Milenković,195.0,right,Yugoslavia (Republic),Belgrade,
413565,Jhon Lucumí,187.0,left,Colombia,Cali,South America
413843,Keven Schlotterbeck,188.0,left,Germany,Weinstadt,Europe
415912,Konstantinos Mavropanos,194.0,right,Greece,Athens,Europe
415970,Joe Worrall,190.0,right,England,Nottingham,Europe
416380,Ragnar Ache,183.0,right,Germany,Frankfurt am Main,Europe
416386,Abdou Harroui,182.0,both,Netherlands,Leiden,Europe
417346,Jack Harrison,175.0,left,England,Stoke-on-Trent,Europe
418543,Perr Schuurs,191.0,right,Netherlands,Nieuwstadt,Europe
418559,Erik Botheim,185.0,right,Norway,Oslo,Europe
418560,Erling Haaland,195.0,left,England,Leeds,Europe
418571,Hamza Rafia,181.0,right,Tunisia,Kalaat Senan,Africa
418658,Charles Abi,189.0,left,France,Clermont-Ferrand,Europe
418659,Amine Gouiri,181.0,right,France,Bourgoin-Jallieu,Europe
418662,Florian Chabrolle,171.0,right,Unknown,Montmorency,
420002,Jean-Philippe Mateta,192.0,right,France,Sevran,Europe
420210,Lutsharel Geertruida,184.0,right,Netherlands,Rotterdam,Europe
421637,Frank Onyeka,183.0,right,Nigeria,Abuya,Africa
421726,Keita Endo,175.0,right,Japan,"Yokohama, Kanagawa",Asia
422355,Jens Petter Hauge,184.0,right,Norway,Bod,Europe
422380,Bernard Tekpetey,172.0,right,Ghana,Accra,Africa
422460,Dani Gómez,178.0,right,Spain,Alcorcn,Europe
422466,Javi Hernández,180.0,left,Spain,Jerez de la Frontera,Europe
422715,Arial Mendy,180.0,left,Senegal,Ziguinchor,Africa
422850,Ghislain Konan,176.0,left,Cote d'Ivoire,Abidjan,
423436,Santiago Ascacíbar,168.0,right,Argentina,La Plata,South America
423443,Álex Centelles,185.0,left,Spain,Valencia,Europe
423444,Fran Beltrán,165.0,right,Spain,Madrid,Europe
423744,Billy Gilmour,170.0,right,Scotland,Irvine,Europe
424015,Nathan Patterson,189.0,right,Scotland,Glasgow,Europe
424042,Nahuel Molina,175.0,right,Argentina,Embalse,South America
424051,Samuel Kalu,177.0,right,Nigeria,Abia State,Africa
424204,Alphonso Davies,183.0,left,Ghana,Buduburam,Africa
424709,Cheick Timite,180.0,right,Cote d'Ivoire,Abidjan,
424784,Luis Suárez,181.0,right,Colombia,Santa Marta,South America
425400,Farid El Melali,168.0,both,Algeria,Blida,Africa
425902,Ryan Yates,190.0,right,England,Nottingham,Europe
425918,Jakub Kiwior,189.0,left,Poland,Tychy,Europe
427161,Lebo Mothiba,182.0,right,South Africa,"Johannesburg, Gauteng",Africa
427572,Zuriko Davitashvili,175.0,right,Georgia,Tiflis,Asia
428563,Lewis Ferguson,181.0,right,Scotland,Hamilton,Europe
428791,Paulinho,177.0,right,Brazil,Rio de Janeiro,South America
428954,Stéphane Diarra,173.0,left,Unknown,Abidjan,
429014,Morgan Gibbs-White,171.0,right,England,Stafford,Europe
429874,Ansgar Knauff,180.0,right,Germany,Gttingen,Europe
429901,Paul Akouokou,181.0,right,Cote d'Ivoire,Abidjan,
429983,Jørgen Strand Larsen,193.0,right,Norway,Halden,Europe
430280,Hans Nicolussi Caviglia,184.0,right,Italy,Aosta,Europe
431755,Dejan Kulusevski,186.0,left,Sweden,Stockholm,Europe
431811,Ola Solbakken,189.0,left,Norway,Oslo,Europe
432090,Nicolò Fagioli,178.0,right,Italy,Piacenza,Europe
432281,Márton Dárdai,188.0,left,Germany,Berlin,Europe
432772,Samuel Grandsir,170.0,right,France,Evreux,Europe
432895,Pedro,185.0,right,Brazil,Rio de Janeiro,South America
432982,Andreas Skov Olsen,187.0,left,Denmark,Hillerd,Europe
433177,Bukayo Saka,178.0,left,England,London,Europe
433183,Tommy Doyle,172.0,right,England,Manchester,Europe
433188,Curtis Jones,185.0,right,England,Liverpool,Europe
433584,Alessio Zerbin,182.0,right,Italy,Novara,Europe
433984,Sam Beukema,188.0,right,Netherlands,Deventer,Europe
434358,Sofiane Alakouch,175.0,right,France,Nmes,Europe
434433,Nikola Krstović,185.0,right,Yugoslavia (Republic),Golubovac,
434675,Cody Gakpo,193.0,right,Netherlands,Eindhoven,Europe
434676,Ronaldo Vieira,178.0,right,Guinea-Bissau,Bissau,Africa
435228,Ardian Ismajli,187.0,right,Yugoslavia (Republic),Majance,
435338,Gabriel Magalhães,190.0,left,Brazil,So Paulo,South America
435485,Luiz Araújo,175.0,left,Brazil,Taquaritinga,South America
435648,Joshua Zirkzee,193.0,right,Netherlands,Schiedam,Europe
435772,Charles De Ketelaere,192.0,left,Belgium,Brugge,Europe
435796,Kilian Fischer,182.0,both,Germany,Miltenberg,Europe
436585,Delano Burgzorg,186.0,right,Netherlands,Amsterdam,Europe
438001,Santiago Bueno,190.0,right,Uruguay,Montevideo,South America
438315,Andreas Müller,173.0,right,Germany,Sinsheim,Europe
439914,John Yeboah,170.0,left,Germany,Hamburg,Europe
441170,Valentin Rosier,175.0,right,France,Montauban,Europe
441385,Gonzalo Maroni,170.0,right,Argentina,Crdoba,South America
441515,Daniel Boloca,185.0,right,Italy,Chieri,Europe
442248,Ethan Pinnock,194.0,left,England,London,Europe
442552,Houboulang Mendes,185.0,right,France,Courcouronnes,Europe
442703,Ylber Ramadani,185.0,right,Germany,Starnberg,Europe
442805,Iddrisu Baba,182.0,right,Ghana,Accra,Africa
442816,Fran Gámez,174.0,right,Spain,Puerto de Sagunto,Europe
443331,Patrick Osterhage,186.0,left,Germany,Gttingen,Europe
443710,Angelo Stiller,183.0,left,Germany,Mnchen,Europe
444523,Lucas Paquetá,180.0,left,Brazil,Paquet,South America
445126,Emanuele Valeri,180.0,left,Italy,Roma,Europe
445939,Omar Marmoush,183.0,right,Egypt,Kairo,Africa
447052,Peru Nolaskoain,186.0,right,Spain,Zumaia,Europe
447661,Douglas Luiz,177.0,right,Brazil,Rio de Janeiro,South America
448028,Kevin Sessa,175.0,right,Germany,Stuttgart,Europe
448177,Jessic Ngankam,184.0,right,Germany,Berlin,Europe
448258,Josha Vagnoman,190.0,right,Germany,Hamburg,Europe
448344,Óscar Melendo,167.0,left,Spain,Barcelona,Europe
448628,Javi Galán,172.0,left,Spain,Badajoz,Europe
448844,Carlos Neva,174.0,left,Spain,El Puerto de Santa Mara,Europe
448854,Emmanuel Dennis,175.0,right,Nigeria,Abuja,Africa
449151,Junior Messias,174.0,left,Brazil,Belo Horizonte,South America
449496,Álvaro Aguado,175.0,right,Spain,Jan,Europe
450050,Jean-Ricner Bellegarde,172.0,right,France,Colombes,Europe
450417,Dylan Bronn,185.0,right,France,Cannes,Europe
450826,Callum Wilson,189.0,left,Unknown,Unknown,
451276,Dominik Szoboszlai,187.0,right,Hungary,Szkesfehrvr,Europe
451801,Abdul Mumin,188.0,right,Ghana,Accra,Africa
452477,Junior Adamu,183.0,right,Nigeria,Kano,Africa
453016,Anthony Caci,184.0,right,France,Forbach,Europe
453376,Joseph Okumu,190.0,right,Kenya,Kisumu,Africa
453594,Adama Diakhaby,184.0,left,France,Ajaccio,Europe
453824,Josh Maja,181.0,right,England,London,Europe
453870,Benedict Hollerbach,181.0,right,Germany,Starnberg,Europe
454238,Tomás Alarcón,176.0,right,Chile,Rancagua,South America
454863,András Schäfer,178.0,right,Hungary,Szombathely,Europe
455181,Jorge de Frutos,173.0,right,Spain,Navares de Enmedio,Europe
455349,Jon Morcillo,183.0,left,Spain,Amorebieta-Etxano,Europe
455661,Nick Woltemade,198.0,right,Germany,Bremen,Europe
456080,Karim Aribi,192.0,right,Algeria,Rghaa,Africa
456492,Faride Alidou,186.0,right,Germany,Hamburg,Europe
457221,Lucas Robertone,169.0,right,Argentina,Concordia,South America
457422,Samuele Mulattieri,183.0,right,Italy,La Spezia,Europe
457673,Gabriel Strefezza,168.0,right,Brazil,So Paulo,South America
457736,Tijjani Noslin,178.0,right,Netherlands,Amsterdam,Europe
457931,Luiz Felipe,187.0,right,Brazil,Colina,South America
458178,Jack Taylor,185.0,right,England,London,Europe
458777,Giacomo Quagliata,180.0,left,Italy,Palermo,Europe
459151,Nicolò Cambiaghi,173.0,right,Italy,Monza,Europe
459658,Andrea Cambiaso,182.0,both,Italy,Genova,Europe
460245,Moritz Jenz,190.0,right,Germany,Berlin,Europe
460651,Antoine Makoumbou,187.0,right,France,Paris,Europe
460939,Tijjani Reijnders,185.0,right,Netherlands,Zwolle,Europe
461019,Samuele Birindelli,176.0,right,Italy,Pisa,Europe
461617,Rodrigo Riquelme,174.0,right,Spain,Madrid,Europe
461790,Louis Mafouta,181.0,Unknown,France,Beaumont-sur-Oise,Europe
461833,Caleb Okoli,191.0,right,Italy,Vicenza,Europe
461883,Calvin Bassey,185.0,left,Italy,Aosta,Europe
461906,João Moutinho,183.0,left,Portugal,Lisbon,Europe
462250,João Félix,181.0,right,Portugal,Viseu,Europe
462348,Mostafa Mohamed,185.0,right,Egypt,Giza,Africa
462823,Gustav Isaksen,181.0,left,Denmark,Hjerk,Europe
463603,Benoît Badiashile,194.0,left,France,Limoges,Europe
463605,Bafodé Diakité,184.0,right,France,Toulouse,Europe
463613,Yann Gboho,178.0,right,Cote d'Ivoire,Man,
463618,Khéphren Thuram,192.0,right,Italy,Reggio Emilia,Europe
463620,Willem Geubbels,185.0,right,France,Villeurbanne,Europe
464598,Casper Tengstedt,184.0,right,Denmark,Herning,Europe
465717,Jayden Bogle,178.0,right,England,Reading,Europe
465967,Ander Guevara,180.0,right,Spain,Vitoria-Gasteiz,Europe
466268,Juan Brunetta,178.0,right,Argentina,Laboulaye,South America
466298,Santiago Cáseres,179.0,right,Argentina,Parque Leloir,South America
466602,Karamoko Dembélé,167.0,left,England,London,Europe
466794,Eric García,182.0,right,Spain,Barcelona,Europe
466801,Sergi Altimira,188.0,right,Spain,Cardedeu,Europe
466807,Adrià Altimira,170.0,right,Spain,Cardedeu,Europe
466810,Ansu Fati,178.0,right,Guinea-Bissau,Bissau,Africa
467623,Lyle Foster,185.0,right,South Africa,"Soweto, Gauteng",Africa
467632,Cristian Cásseres Jr.,176.0,right,Venezuela,Caracas,South America
467720,Youssoufa Moukoko,179.0,left,Cameroon,Yaound,Africa
467940,Vitinho,175.0,right,Brazil,Guaraulhos,South America
467992,Samuele Ricci,181.0,right,Italy,Pontedera,Europe
468002,Ben Johnson,184.0,right,England,London,Europe
468066,Jens Cajuste,188.0,right,Sweden,Gteborg,Europe
468198,Joe Aribo,183.0,left,England,London,Europe
468249,Vitinho,174.0,right,Brazil,Belo Horizonte,South America
469050,Nathan Collins,193.0,right,Ireland,Leixlip,
469211,Liberato Cacace,183.0,left,New Zealand,Wellington,Oceania
469669,Yvan Neyou,180.0,right,Cameroon,Douala,Africa
469822,David Neres,176.0,left,Brazil,So Paulo,South America
469949,Noah Katterbach,180.0,left,Germany,Simmerath,Europe
469958,Jacob Brown,178.0,right,England,Halifax,Europe
470607,Brennan Johnson,186.0,right,England,Nottingham,Europe
470618,Denis Genreau,175.0,right,France,Paris,Europe
470794,Ivan Ilić,186.0,left,Yugoslavia (Republic),Ni,
470815,Niklas Tauer,183.0,right,Germany,Mainz,Europe
471474,Javi Martínez,181.0,right,Spain,lvega,Europe
472249,Jan Thielmann,178.0,right,Germany,Fhren,Europe
473050,Kevin Schade,185.0,right,Germany,Potsdam,Europe
474662,Hugo Magnetti,180.0,right,France,Marseille,Europe
474701,Crysencio Summerville,174.0,right,Netherlands,Rotterdam,Europe
474800,Facundo Medina,184.0,left,Argentina,Villa Fiorito,South America
475188,Kiernan Dewsbury-Hall,176.0,left,England,Shepshed,Europe
475411,Wesley Fofana,185.0,right,France,Marseille,Europe
475416,Sorba Thomas,185.0,right,England,London,Europe
476219,Bojan Miovski,189.0,left,Macedonia,tip,
476237,Steven Alzate,180.0,right,England,London,Europe
476836,Aron Dønnum,178.0,left,Norway,Eidsvoll,Europe
477109,Bryan Lasme,194.0,right,France,Montauban,Europe
477238,Sergio Arribas,,right,Spain,Legans,Europe
477758,Aaron Wan-Bissaka,183.0,right,England,London,Europe
478573,Ryan Gravenberch,190.0,right,Netherlands,Amsterdam,Europe
479999,Eberechi Eze,178.0,right,England,London,Europe
480116,Lloyd Kelly,189.0,left,England,Bristol,Europe
480692,Luis Díaz,180.0,right,Colombia,Barrancas,South America
480762,Lisandro Martínez,175.0,left,Argentina,Gualeguay,South America
480763,Juan Foyth,187.0,right,Argentina,La Plata,South America
480987,Chris Mepham,190.0,right,England,London,Europe
481513,Koffi Kouao,173.0,right,Cote d'Ivoire,Abidjan,
481834,Andrea Carboni,187.0,left,Italy,Sorgono,Europe
484547,Jeremie Frimpong,172.0,right,Netherlands,Amsterdam,Europe
484888,Ibrahim Sissoko,192.0,right,France,Crteil,Europe
484988,Logan Costa,190.0,right,France,Saint-Denis,Europe
485583,Ki-Jana Hoever,183.0,right,Netherlands,Amsterdam,Europe
485585,Ian Maatsen,178.0,left,Netherlands,Vlaardingen,Europe
485706,Amadou Onana,195.0,right,Senegal,Dakar,Africa
485960,Lilian Brassier,186.0,left,France,Argenteuil,Europe
485963,Pape Gueye,189.0,left,France,Montreuil,Europe
485965,Nicolas Cozza,178.0,left,France,Ganges,Europe
486078,Charles,187.0,right,Brazil,Santiago,South America
486624,Musa Barrow,184.0,right,The Gambia,Banjul,
487465,Pedro Neto,174.0,left,Portugal,Viana do Castelo,Europe
487469,Vitinha,172.0,right,Portugal,Vila das Aves,Europe
487474,Francisco Conceição,170.0,left,Portugal,Coimbra,Europe
487688,Alberto Soro,173.0,left,Spain,Ejea de los Caballeros,Europe
487843,Lorenzo Colombo,183.0,left,Italy,Vimercate,Europe
487850,Oladapo Afolayan,180.0,right,England,London,Europe
487969,Randal Kolo Muani,187.0,right,France,Bondy,Europe
488362,Conor Gallagher,182.0,right,England,Epsom,Europe
488626,Jesús Areso,182.0,right,Spain,Cascante,Europe
488656,Siriki Dembélé,173.0,right,Cote d'Ivoire,Ouragahio,
489611,Filippo Ranocchia,186.0,both,Italy,Perugia,Europe
490223,Ibrahima Koné,190.0,left,Mali,Bamako,Africa
490307,Enock Mwepu,184.0,right,Zambia,Chambishi,Africa
490384,Koni De Winter,191.0,right,Belgium,Antwerpen,Europe
490417,Ibrahima Niane,187.0,right,Senegal,M'bour,Africa
490426,Krépin Diatta,175.0,right,Senegal,Dakar,Africa
491296,Anass Zaroury,176.0,right,Belgium,Mechelen,Europe
493003,Daniel Muñoz,181.0,right,Colombia,Amalfi,South America
494236,Andy Pelmard,180.0,right,France,Nice,Europe
494880,Jorge Cuenca,190.0,left,Spain,Madrid,Europe
495600,Álvaro García,184.0,left,Spain,Albacete,Europe
495621,Antonio Blanco,176.0,right,Spain,Montalbn,Europe
495625,Víctor Chust,184.0,both,Spain,Valencia,Europe
495629,Hugo Guillamón,178.0,right,Spain,Donostia-San Sebastin,Europe
495666,William Saliba,192.0,right,France,Bondy,Europe
495667,Lucas Da Cunha,174.0,left,France,Roanne,Europe
496094,Karim Adeyemi,180.0,left,Germany,Mnchen,Europe
496706,Montassar Talbi,190.0,right,France,Paris,Europe
496745,Emil Holm,191.0,right,Sweden,Gteborg,Europe
496857,Edon Zhegrova,180.0,left,Germany,Herford,Europe
497291,Nicolás Domínguez,179.0,right,Argentina,Haedo,South America
500054,David Jurásek,183.0,left,Czech Republic,Doln Nm,Europe
500067,Chidera Ejuke,176.0,right,Nigeria,Zaria,Africa
500689,Evann Guessand,188.0,right,France,Ajaccio,Europe
501418,Adrià Pedrosa,172.0,left,Spain,Barcelona,Europe
502670,Khvicha Kvaratskhelia,183.0,both,Georgia,Tiflis,Asia
503075,Isak Hien,191.0,right,Sweden,Kista,Europe
503160,Paul Nebel,169.0,both,Germany,Bad Nauheim,Europe
503680,Neco Williams,183.0,right,Wales,Wrexham,Europe
503733,Anthony Gordon,183.0,right,England,Liverpool,Europe
503743,Morgan Rogers,187.0,right,England,Halesowen,Europe
503749,Jacob Ramsey,180.0,right,England,Birmingham,Europe
503770,Folarin Balogun,178.0,right,United States,"New York City, New York",North America
503866,Albert Grønbaek,181.0,right,Denmark,Risskov,Europe
503871,Morten Frendrup,178.0,right,Denmark,Holbk,Europe
503881,Aster Vranckx,183.0,right,Belgium,Erps-Kwerps,Europe
503977,Taylor Harwood-Bellis,188.0,right,England,Stockport,Europe
503980,Joe Gelhardt,179.0,left,England,Liverpool,Europe
503987,Noni Madueke,182.0,left,England,London,Europe
503991,Yunus Musah,178.0,right,United States,"New York City, New York",North America
504148,Tariq Lamptey,163.0,right,England,London,Europe
504153,Joe Scally,184.0,right,United States,"Lake Grove, New York",North America
504209,Gianluca Busio,172.0,right,United States,"Greensboro, North Carolina",North America
504849,Kaoru Mitoma,178.0,right,Japan,"Kawasaki, Kanagawa",Asia
505194,Luke Thomas,181.0,left,England,Syston,Europe
505219,James Garner,182.0,right,England,Birkenhead,Europe
505653,Fábio Silva,185.0,right,Portugal,Porto,Europe
505674,Sergio Camello,182.0,right,Spain,Madrid,Europe
506009,Amine Bassi,173.0,right,France,Bezons,Europe
506189,Flynn Downes,178.0,right,England,Brentwood,Europe
506248,Edu Expósito,178.0,right,Spain,Barcelona,Europe
507341,Fabian Rieder,179.0,left,Switzerland,Bern,Europe
507344,Becir Omeragic,187.0,right,Switzerland,Genf,Europe
507345,Leonidas Stergiou,181.0,right,Switzerland,Wattwil,Europe
507486,Simon Sohm,188.0,right,Switzerland,Zrich,Europe
507700,Brandon Williams,180.0,right,England,Crumpsall,Europe
508941,Dylan Chambost,177.0,left,France,Annecy,Europe
509022,Federico Gatti,190.0,right,Italy,Rivoli,Europe
512352,Lasse Rosenboom,190.0,right,Germany,Aurich,Europe
512356,Jorginho,173.0,left,Portugal,Guimares,Europe
512385,Luis Sinisterra,172.0,right,Colombia,Santander de Quilichao,South America
513031,Antonio Sánchez,179.0,right,Spain,Palma de Mallorca,Europe
513245,Jesper Lindstrøm,182.0,right,Denmark,Taastrup,Europe
517518,Arthur,190.0,right,Brazil,Belo Horizonte,South America
517753,Óscar Valentín,177.0,right,Spain,Ajofrn,Europe
517842,Aihen Muñoz,175.0,left,Spain,Etxauri,Europe
518505,Jamie Leweling,185.0,both,Germany,Nrnberg,Europe
518644,Largie Ramazani,168.0,right,Belgium,Berchem-Sainte-Agathe,Europe
519731,Danilo,174.0,right,Brazil,So Paulo,South America
520454,Nino,188.0,right,Brazil,Recife,South America
520462,Rômulo,185.0,right,Brazil,Cascavel,South America
520468,Iago,181.0,left,Brazil,Monte Azul Paulista,South America
520492,Paulinho,178.0,left,Brazil,So Paulo,South America
520530,Fali Candé,184.0,left,Guinea-Bissau,Bissau,Africa
520624,Bruno Guimarães,182.0,right,Brazil,Rio de Janeiro,South America
520947,Santiago Arzamendia,172.0,left,Argentina,"Wanda, Misiones",South America
521407,Walid Cheddira,187.0,right,Italy,Loreto,Europe
522223,Connor Metcalfe,183.0,left,Australia,"Newcastle, NSW",Oceania
523318,Anastasios Douvikas,186.0,right,Greece,Athens,Europe
524010,Oier Zarraga,175.0,right,Spain,Getxo,Europe
524285,Luca Netz,184.0,left,Germany,Berlin,Europe
524925,Modibo Sagnan,187.0,left,France,Saint-Denis,Europe
525287,Carlos Vinícius,190.0,left,Brazil,Bom Jesus das Selvas,South America
525578,Pathé Ciss,186.0,right,Senegal,Dakar,Africa
525704,Nicolò Rovella,179.0,right,Italy,Segrate,Europe
526466,Elias Saad,185.0,right,Germany,Hamburg,Europe
527698,Kike Pérez,184.0,left,Spain,Toledo,Europe
530902,Abdoulaye Touré,,Unknown,France,Clamart,Europe
531065,Oussama El Azzouzi,189.0,right,Netherlands,Veenendaal,Europe
531277,Andrés Martín,178.0,left,Spain,Aguadulce,Europe
531824,Kike Hermoso,190.0,right,Spain,Madrid,Europe
531829,Dani Escriche,178.0,right,Spain,Burriana,Europe
531949,Ignatius Ganago,176.0,right,Cameroon,Douala,Africa
532040,Giuseppe Di Serio,182.0,right,Italy,Trento,Europe
532178,Sam Greenwood,180.0,right,England,Sunderland,Europe
532539,Lee Buchanan,179.0,left,England,Mansfield,Europe
532776,Amine Adli,180.0,left,France,Bziers,Europe
532937,Johan Vásquez,185.0,left,Mexico,Navojoa,North America
533295,Patrick Wimmer,182.0,right,Austria,Tulln,Europe
533568,Nahuel Tenaglia,181.0,right,Argentina,Saladillo,South America
533662,Cameron Archer,175.0,right,England,Walsall,Europe
533738,Jonathan David,178.0,both,United States,"Brooklyn, New York",North America
533916,Shandon Baptiste,180.0,right,England,Reading,Europe
534033,Alexis Mac Allister,176.0,right,Argentina,Santa Rosa,South America
534084,Niccolò Pierozzi,184.0,right,Italy,Firenze,Europe
534379,Pejiño,178.0,left,Spain,Barbate (Cdiz),Europe
534473,Paulinho,175.0,right,Brazil,Rio de Janeiro,South America
534700,Jamie Shackleton,168.0,right,Unknown,Leeds,
535834,Eliot Matazo,170.0,right,Belgium,Woluwe-Saint-Lambert,Europe
535955,Nuno Tavares,183.0,left,Portugal,Lisboa,Europe
536030,Arnau Puigmal,173.0,right,Spain,Barcelona,Europe
536482,Junior Dina Ebimbe,184.0,right,France,Stains,Europe
536508,Han-Noah Massengo,178.0,right,France,Villepinte,Europe
536835,Amad Diallo,173.0,left,Cote d'Ivoire,Abidjan,
537127,Théo Sainte-Luce,176.0,left,France,Chauny,Europe
537382,Bryan Gil,175.0,left,Spain,Barbate,Europe
537762,Sergio Arribas,174.0,left,Spain,Madrid,Europe
538810,Chris Ramos,190.0,right,Spain,Cdiz,Europe
538874,Terem Moffi,188.0,left,Nigeria,Calabar,Africa
538918,Sebastiano Esposito,183.0,right,Italy,Castellammare di Stabia,Europe
538964,Thijs Dallinga,190.0,right,Netherlands,Groningen,Europe
538971,Naouirou Ahamada,183.0,right,France,Marseille,Europe
538974,Janis Antiste,183.0,right,Unknown,Toulouse,
538977,Georginio Rutter,182.0,left,France,Plescop,Europe
538996,Tanguy Nianzou,191.0,right,France,Paris,Europe
539065,Alexis Beka Beka,178.0,right,France,Paris,Europe
539134,Daniel Maldini,188.0,right,Italy,Milano,Europe
539232,Jessy Deminguet,178.0,left,France,Caen,Europe
540536,Carlos Vicente,179.0,right,Spain,Zaragoza,Europe
540664,Dilane Bakwa,180.0,left,France,Crteil,Europe
541231,Sepp van den Berg,192.0,right,Netherlands,Zwolle,Europe
543382,Mohamed Camara,173.0,right,Mali,Bamako,Africa
543387,Cheick Doucouré,180.0,right,Mali,Bamako,Africa
543499,Mohammed Kudus,177.0,left,Ghana,Accra,Africa
543537,Seydouba Cissé,178.0,right,Guinea,Dabola,Africa
543771,Kristjan Asllani,175.0,right,Albania,Elbasan,Europe
544106,Óscar Gil,175.0,right,Spain,Elche,Europe
544149,David Zima,192.0,right,Czech Republic,Olomouc,Europe
544895,Paulinho,171.0,right,Brazil,Gama,South America
545520,Kelyan Guessoum,176.0,right,France,Als,Europe
545538,Lameck Banda,169.0,right,Zambia,Lusaka,Africa
545647,Sergio Carreira,170.0,right,Spain,Vigo,Europe
546212,Diego Costa,184.0,right,Brazil,Campo Grande,South America
546213,Tuta,185.0,right,Brazil,"So Paulo, Sao Paulo",South America
546543,Darwin Núñez,187.0,right,Uruguay,Artigas,South America
546880,Brandon Soppy,180.0,right,France,Aubervilliers,Europe
546926,Jay Idzes,190.0,right,Netherlands,Mierlo,Europe
547985,Fabiano Parisi,178.0,left,Italy,Solofra,Europe
548348,Kiliann Sildillia,186.0,right,France,Metz,Europe
548470,Teden Mengi,186.0,right,England,Manchester,Europe
548650,Osman Bukari,170.0,both,Ghana,Accra,Africa
548716,Yoël Armougom,175.0,left,Runion,Saint-Denis,
550108,Nicola Zalewski,175.0,right,Italy,Tivoli,Europe
550116,Ilario Monterisi,190.0,right,Italy,Trani,Europe
550495,Fernando,176.0,right,Brazil,Belo Horizonte,South America
550550,Gonçalo Ramos,185.0,right,Portugal,Olho,Europe
550580,Shuto Machino,185.0,right,Japan,"Iga, Mie",Asia
551752,Demba Seck,190.0,left,Senegal,Gudiawaye,Africa
552425,Jon Moncayola,182.0,right,Spain,Garinoain,Europe
552472,Nahuel Estévez,181.0,right,Argentina,Buenos Aires,South America
552912,Bruno Méndez,180.0,right,Uruguay,Montevideo,South America
553285,Tim Lemperle,189.0,right,Germany,Frankfurt am Main,Europe
553875,Pedro Porro,173.0,right,Spain,Don Benito,Europe
553905,Kerim Calhanoglu,183.0,left,Germany,Mannheim,Europe
554251,Yasser Larouci,176.0,left,Algeria,El Oued,Africa
555076,Romain Faivre,180.0,left,France,Asnires-sur-Seine,Europe
555143,Arsen Zakharyan,183.0,right,Russia,Samara,Europe
556385,Destiny Udogie,188.0,left,Italy,Verona,Europe
557610,Isaac Lihadji,177.0,left,France,Marseille,Europe
557613,Quentin Merlin,174.0,left,France,Nantes,Europe
557939,Neto Borges,185.0,left,Brazil,Saubara,South America
559328,Emanuel Emegha,196.0,right,Netherlands,Den Haag,Europe
559794,Jack Clarke,181.0,right,England,York,Europe
559979,Abdel Abqar,188.0,right,Morocco,Settat,Africa
560483,Randy Nteka,189.0,left,France,Paris,Europe
560593,Hicham Boudaoui,175.0,right,Algeria,Bchar,Africa
560694,Lewis O'Brien,173.0,left,England,Colchester,Europe
560725,Abdoul Kader Bamba,177.0,right,France,Sarcelles,Europe
562049,Edoardo Bove,181.0,right,Italy,Roma,Europe
563812,Christian Oliva,178.0,right,Uruguay,Ciudad del Plata,South America
563963,Mohammed Salisu,188.0,left,Ghana,Kumasi,Africa
564545,Edmond Tapsoba,194.0,right,Burkina Faso,Ouagadougou,Africa
564785,Kristian Thorstvedt,189.0,left,Norway,Stavanger,Europe
565232,André Silva,181.0,left,Brazil,Taboo da Serra,South America
565822,Harvey Elliott,170.0,left,England,London,Europe
566574,Kirian Rodríguez,178.0,right,Spain,Santa Cruz de Tenerife,Europe
566823,Achraf Dari,188.0,right,Morocco,Casablanca,Africa
566931,Xavi Simons,179.0,right,Netherlands,Amsterdam,Europe
567129,Josh Doig,189.0,left,Scotland,Edinburgh,Europe
567309,Naatan Skyttä,174.0,left,Finland,Yljrvi,Europe
567576,Elliot Anderson,179.0,right,England,Whitley Bay,Europe
568005,Jeremy Sarmiento,178.0,right,Spain,Madrid,Europe
568149,Alberto Moreno,175.0,right,Spain,Madrid,Europe
568158,Javi López,183.0,left,Spain,Santa Cruz de Tenerife,Europe
568177,Cole Palmer,185.0,left,England,Manchester,Europe
568333,Adam Obert,188.0,left,Slovakia,Bratislava,Europe
568535,Theo Corbeanu,190.0,left,Canada,"Hamilton, Ontario",North America
568559,Radu Drăgușin,191.0,right,Romania,Bucharest,Europe
568693,Pape Matar Sarr,184.0,right,Senegal,Thiaroye,Africa
568698,Issa Soumaré,182.0,right,Senegal,Podor,Africa
568701,Lamine Gueye,178.0,Unknown,Senegal,M'bour,Africa
568702,Papa Ndiaga Yade,185.0,left,Senegal,Saint-Louis,Africa
568835,Pablo Martínez,182.0,right,Spain,Madrid,Europe
569031,Umut Tohumcu,175.0,right,Germany,Offenburg,Europe
569033,Armindo Sieb,175.0,both,Germany,Halle (Saale),Europe
569140,Lassine Sinayoko,186.0,right,Mali,Bamako,Africa
569366,Enzo Millot,175.0,left,France,Luc,Europe
569385,Adil Aouchiche,181.0,right,Unknown,Le Blanc-Mesnil,
569387,Valentin Gendrey,179.0,right,France,La Garenne-Colombes,Europe
569388,Clément Vidal,181.0,right,France,Montpellier,Europe
569389,Sofiane Diop,175.0,right,France,Tours,Europe
569390,Julien Ponceau,170.0,right,Angola,Catumbela,Africa
569598,Youssouf Fofana,185.0,right,France,Paris,Europe
571020,Oihan Sancet,188.0,right,Spain,Pamplona,Europe
571604,Giorgio Scalvini,194.0,right,Italy,Chiari,Europe
571607,Fabio Miretti,180.0,right,Italy,Pinerolo,Europe
571743,Armando Broja,191.0,right,England,Slough,Europe
572265,Lorenzo Lucca,201.0,right,Italy,Moncalieri,Europe
572326,Christopher Wooh,191.0,right,France,Louvres,Europe
573775,Hugo Duro,177.0,left,Spain,Getafe,Europe
573907,Luiz Felipe,198.0,left,Brazil,Rio Grande,South America
574495,Kristoffer Askildsen,190.0,right,Norway,Oslo,Europe
574671,Strahinja Pavlović,194.0,left,Yugoslavia (Republic),abac,
575693,Ibrahim Cissoko,188.0,right,Netherlands,Nijmegen,Europe
575998,Leonardo Balerdi,187.0,right,Argentina,Villa Mercedes,South America
576121,Josh Wilson-Esbrand,176.0,left,England,London,Europe
576314,Jan Paul van Hecke,189.0,right,Netherlands,Arnemuiden,Europe
577486,Gastón Álvarez,184.0,left,Uruguay,Melo,South America
578539,Chris Richards,188.0,right,United States,"Birmingham, Alabama",North America
578872,Jean Lucas,179.0,right,Brazil,Rio de Janeiro,South America
579263,Augustine Boakye,178.0,left,Ghana,Bompata,Africa
579928,Sebastian Nanasi,178.0,right,Sweden,Kristianstad,Europe
580195,Jamal Musiala,184.0,right,Germany,Stuttgart,Europe
580560,Jon Pacheco,184.0,left,Spain,Elizondo,Europe
580657,Osame Sahraoui,170.0,right,Norway,Oslo,Europe
581357,Jan Schöppner,190.0,right,Germany,Homberg (Efze),Europe
581672,Samuel Iling-Junior,182.0,left,England,London,Europe
581678,Jude Bellingham,186.0,right,England,Stourbridge,Europe
581781,Enzo Loiodice,177.0,left,France,Paris,Europe
583189,Anthony Elanga,178.0,right,Sweden,Hyllie,Europe
583255,Antoine Semenyo,185.0,right,England,London,Europe
584769,Dwight McNeil,183.0,left,England,Rochdale,Europe
585700,Juan Cruz,180.0,left,Argentina,Quilmes,South America
585949,Pierre Kalulu,182.0,right,France,Lyon,Europe
585959,Arnaud Kalimuendo,175.0,right,France,Suresnes,Europe
585973,Johann Lepenant,176.0,right,France,Granville,Europe
585982,Carlos Augusto,184.0,left,Brazil,Campinas,South America
586853,Vitinha,178.0,right,Portugal,Cabeceiras de Basto,Europe
587458,Kevin Agudelo,178.0,left,Colombia,Puerto Caicedo,South America
588426,Saúl Coco,187.0,right,Spain,Lanzarote,Europe
589737,Kelvin Yeboah,185.0,right,Ghana,Accra,Africa
590690,Víctor García,180.0,right,Spain,Valencia,Europe
591193,Niels Nkounkou,180.0,left,France,Pontoise,Europe
591914,Warren Tchimbembé,180.0,left,France,Gonesse,Europe
591916,Aitor Paredes,185.0,right,Spain,Bilbao,Europe
591949,Aaron Hickey,185.0,both,Scotland,Glasgow,Europe
592534,Nicolai Remberg,188.0,right,Germany,Rheine,Europe
592735,Gonzalo Plata,178.0,left,Unknown,Guayaquil,
592979,Himad Abdelli,185.0,right,France,Montivilliers,Europe
594997,Yohann Magnin,183.0,right,France,Clermont-Ferrand,Europe
595809,Beto,194.0,right,Portugal,Lisboa,Europe
596122,Pep Chavarría,174.0,left,Spain,Figueres,Europe
596153,Justin Njinmah,185.0,right,Germany,Hamburg,Europe
596240,Senou Coulibaly,193.0,right,France,Pontoise,Europe
596446,Leif Davis,182.0,left,England,Newcastle,Europe
596813,Dickson Abiama,184.0,right,Nigeria,Lagos,Africa
596881,Florian Flick,190.0,both,Germany,Mannheim,Europe
597000,Eric Martel,188.0,right,Germany,Straubing,Europe
597432,Leopold Querfeld,190.0,right,Austria,Wien,Europe
597659,Charlie Cresswell,190.0,right,England,Preston,Europe
598577,Florian Wirtz,177.0,right,Germany,Pulheim,Europe
598765,Brian Ocampo,172.0,right,Uruguay,Florida,South America
602105,Antony,172.0,left,Brazil,So Paulo,South America
602124,Alessandro Bianco,173.0,right,Italy,Torino,Europe
605184,Jean-Clair Todibo,190.0,right,French Guiana,Cayenne,
605268,Igor Matanovic,194.0,right,Germany,Hamburg,Europe
605893,Lucas Ribeiro,190.0,right,Brazil,Salvador,South America
606119,Phil Harres,193.0,right,Germany,Datteln,Europe
606450,Gaoussou Traoré,178.0,right,France,Amiens,Europe
607034,Akor Adams,190.0,right,Nigeria,Kogi State,Africa
607226,Loum Tchaouna,180.0,left,Chad,N'Djamena,Africa
607854,Éderson,183.0,right,Brazil,Campo Grande,South America
608175,Alfie Doughty,183.0,left,England,London,Europe
609556,William Osula,191.0,right,Denmark,Aarhus,Europe
610431,Wahid Faghir,186.0,right,Denmark,Vejle,Europe
610849,Liam Delap,186.0,right,England,Winchester,Europe
613393,Gaetano Oristanio,174.0,left,Italy,Vallo della Lucania,Europe
614258,Levi Colwill,187.0,left,England,Southampton,Europe
614742,Drissa Camara,179.0,right,Cote d'Ivoire,Abobo,
615350,Cenk Özkacar,190.0,left,Trkiye,Izmir,
616341,Nuno Mendes,183.0,left,Portugal,Lisboa,Europe
616344,Tiago Tomás,180.0,right,Portugal,Cascais,Europe
616369,Ander Barrenetxea,175.0,right,Spain,Donostia-San Sebastin,Europe
617021,Ben Old,173.0,left,New Zealand,Auckland,Oceania
617074,Ilaix Moriba,185.0,right,Guinea,Conakry,Africa
617081,Diego López,172.0,right,Spain,Turn,Europe
618425,Tanguy Coulibaly,179.0,left,France,Svres,Europe
618472,Castello Lukeba,184.0,left,France,Lyon,Europe
618813,Carlos Martín,180.0,right,Spain,Madrid,Europe
619461,Mohamed Bamba,185.0,Unknown,Cote d'Ivoire,Bouak,
620313,Lucas Gourna-Douath,185.0,right,France,Villeneuve-Saint-Georges,Europe
620477,Kaio Jorge,182.0,right,Brazil,Olinda,South America
620598,Ameen Al-Dakhil,187.0,right,Iraq,Baghdad,
621193,Kasey McAteer,177.0,right,England,Northampton,Europe
623040,Yayah Kallon,175.0,left,Sierra Leone,Koidu-Sefadu,Africa
623521,Juanmi Latasa,192.0,left,Spain,Madrid,Europe
623570,Iliman Ndiaye,180.0,right,France,Rouen,Europe
624037,Joris Chotard,179.0,right,France,Orange,Europe
624258,Conor Bradley,181.0,right,Northern Ireland,Castlederg,Europe
625047,Beñat Prados,180.0,right,Spain,Pamplona,Europe
626724,João Pedro,182.0,right,Brazil,Ribeiro Preto,South America
626913,Boulaye Dia,180.0,right,France,Oyonnax,Europe
627224,Gabriel Silva,177.0,right,Brazil,Ribeiro Preto,South America
627228,Yan Couto,168.0,right,Brazil,Curitiba,South America
627248,Lewis Dobbin,175.0,right,England,Stoke,Europe
627626,Wilfried Gnonto,170.0,right,Italy,Verbania,Europe
628366,Lucas Beltrán,176.0,right,Argentina,Crdoba,South America
628451,Roméo Lavia,181.0,right,Belgium,Brussels,Europe
631007,Filippo Terracciano,186.0,right,Italy,Verona,Europe
631221,Isma Ruiz,180.0,right,Spain,Gjar,Europe
632349,Jarell Quansah,190.0,right,England,Warrington,Europe
632741,Iker Losada,175.0,right,Spain,Catoira,Europe
633454,Alexander Bernhardsson,185.0,left,Sweden,Gteborg,Europe
633530,Jordan Zemura,173.0,left,England,London,Europe
633668,Giovanni Fabbian,186.0,right,Italy,Camposampiero,Europe
633992,Enzo Le Fée,173.0,right,France,Lorient,Europe
634105,Alberto Marí,183.0,right,Spain,Alicante,Europe
634122,Diego Moreno,177.0,right,Spain,Cintrunigo,Europe
634131,Aimar Oroz,177.0,right,Spain,Pamplona,Europe
634431,Beñat Turrientes,181.0,right,Spain,Beasain,Europe
635346,Diego Moreno,175.0,left,Spain,Villa del Ro,Europe
636688,Alejandro Balde,175.0,left,Spain,Barcelona,Europe
638589,Ángel Algobia,188.0,right,Spain,Velilla de San Antonio,Europe
638793,Tajon Buchanan,183.0,right,Canada,"Brampton, Ontario",North America
640428,Eduardo Camavinga,182.0,left,Angola,Cabinda,Africa
641537,Tommaso Baldanzi,170.0,left,Italy,Poggibonsi,Europe
643574,Kaishu Sano,176.0,right,Japan,"Tsuyama, Okayama",Asia
644401,Keane Lewis-Potter,170.0,right,England,Hull,Europe
644563,Bryan Soumaré,180.0,left,France,Saint-Quentin,Europe
644676,Bruno Amione,187.0,left,Argentina,Calchaqu,South America
644771,Odilon Kossounou,191.0,right,Cote d'Ivoire,Abidjan,
645774,Eren Dinkçi,188.0,right,Germany,Bremen,Europe
646402,Abner,181.0,left,Brazil,Presidente Prudente,South America
646658,Aaron Ramsey,181.0,right,England,Birmingham,Europe
646733,Jim Allevinah,172.0,right,France,Agen,Europe
646740,Gavi,173.0,right,Spain,Los Palacios y Villafranca,Europe
646750,Cristhian Mosquera,191.0,right,Spain,Alicante,Europe
648046,Evan Ferguson,188.0,right,Ireland,"Bettystown, Meath",
648195,Enzo Fernández,178.0,right,Argentina,San Martn,South America
648779,Wilfried Singo,190.0,right,Cote d'Ivoire,Grand-Brby,
649016,El Bilal Touré,185.0,both,Cote d'Ivoire,Adjam,
649020,Boubacar Traoré,183.0,right,Mali,Bamako,Africa
649023,Formose Mendy,191.0,right,Senegal,Dakar,Africa
649033,Dion Lopy,184.0,right,Senegal,Bambilor,Africa
649317,Jhon Durán,185.0,left,Colombia,Medelln,South America
649452,Issa Kaboré,180.0,right,Burkina Faso,Bobo-Dioulasso,Africa
650104,Zinédine Ould Khaled,195.0,right,France,Alfortville,Europe
650966,Samuele Vignato,172.0,right,Italy,Fumane,Europe
650993,Filippo Missori,182.0,right,Italy,Roma,Europe
651269,Armin Gigovic,187.0,right,Sweden,Lund,Europe
651569,Daniel Mosquera,180.0,right,Colombia,Quibd,South America
652275,Hákon Arnar Haraldsson,178.0,right,Iceland,Akranes,Europe
654415,Alan Virginius,180.0,right,France,Soisy-sous-Montmorency,Europe
654539,Adrien Truffert,176.0,left,Belgium,Lige,Europe
654982,Bilal El Khannouss,180.0,right,Belgium,Strombeek-Bever,Europe
654991,Samuel Mbangula,179.0,right,Belgium,Bruxelles,Europe
655006,Diego Moreira,179.0,left,Belgium,Lige,Europe
655012,Lucas Stassin,183.0,right,Belgium,Braine-le-Comte,Europe
655488,Gabriel Martinelli,178.0,right,Brazil,Guarulhos,South America
656441,Jean Onana,189.0,right,Cameroon,Yaound,Africa
656681,Victor Boniface,190.0,right,Nigeria,Akure,Africa
658536,Simon Adingra,175.0,right,Cote d'Ivoire,Abobo,
659459,Carney Chukwuemeka,188.0,right,Austria,Eisenstadt,Europe
659516,Warren Bondo,177.0,right,France,vry,Europe
659542,Elye Wahi,181.0,right,France,Courcouronnes,Europe
659813,Piero Hincapié,184.0,left,Ecuador,Esmeraldas,South America
660342,Gabriel Charpentier,188.0,right,Congo,Pointe Noire,Africa
660860,Diego Coppola,193.0,right,Italy,Bussolengo,Europe
660867,Julio Enciso,173.0,right,Paraguay,Caaguaz,South America
661053,Jarrad Branthwaite,195.0,left,England,Carlisle,Europe
661145,Jon Aramburu,176.0,right,Venezuela,Caracas,South America
661171,Willian Pacho,187.0,left,Ecuador,Quinind,South America
661207,Oscar Bobb,175.0,left,Norway,Oslo,Europe
661284,Fabinho,186.0,right,Brazil,Rio de Janeiro,South America
662261,Rafa Marín,191.0,right,Spain,Guadajoz,Europe
663244,Jota Silva,179.0,right,Portugal,Gondomar,Europe
666234,Mohamed Simakan,187.0,right,France,Marseille,Europe
666547,Zito Luvumbo,171.0,left,Angola,Luanda,Africa
667121,Rodrigo Gomes,175.0,right,Portugal,Pvoa de Varzim,Europe
667287,Yasin Ayari,172.0,right,Sweden,Solna,Europe
667517,Jordan James,182.0,right,England,Hereford,Europe
667967,Yassine Kechta,174.0,left,France,Paris,Europe
668276,Hugo Novoa,182.0,right,Spain,Bertamirns,Europe
668547,Máximo Perrone,177.0,left,Argentina,Buenos Aires,South America
669380,Konstantinos Koulierakis,188.0,left,Greece,Chania,Europe
670096,Tanner Tessmann,188.0,right,United States,"Birmingham, Alabama",North America
670681,João Neves,174.0,right,Portugal,Tavira,Europe
670710,André Gomes,182.0,left,Portugal,Ponte de Lima,Europe
670858,Lewis Hall,179.0,left,England,Slough,Europe
670882,Jamie Gittens,178.0,right,England,London,Europe
670965,Vitinho,181.0,right,Brazil,So Jos dos Campo,South America
671594,Kamory Doumbia,170.0,right,Mali,Bamako,Africa
671915,Enzo Barrenechea,186.0,right,Argentina,Villa Mara,South America
672803,Bertuğ Yıldırım,191.0,right,Trkiye,Istanbul,
673071,Oscar Vilhelmsson,188.0,left,Sweden,sa,Europe
674612,Youssouf Ndayishimiye,183.0,right,Burundi,Bujumbura,Africa
674806,Santiago Pierotti,189.0,right,Argentina,Pilar,South America
676042,Juanlu Sánchez,186.0,right,Spain,Montequinto,Europe
678406,Sergi Cardona,186.0,both,Spain,Lloret de Mar,Europe
678441,Daniele Montevago,184.0,right,Italy,Palermo,Europe
678479,Denis Huseinbasic,184.0,right,Germany,Erbach (Odenwald),Europe
683840,Pedri,174.0,right,Spain,Tegueste,Europe
683895,Emmanuel Agbadou,192.0,right,Cote d'Ivoire,Abidjan,
684210,Jaidon Anthony,183.0,right,England,London,Europe
687609,Isaac Romero,183.0,left,Spain,Lebrija,Europe
687626,Moisés Caicedo,178.0,right,Ecuador,Santo Domingo,South America
688707,Salis Abdul Samed,179.0,right,Ghana,Accra,Africa
689505,Johnny Cardoso,186.0,right,United States,"Denville, New Jersey",North America
690799,Anthony Rouault,186.0,right,France,Villeneuve-sur-Lot,Europe
691316,Luis Henrique,181.0,right,Brazil,Joo Pessoa,South America
691482,Jacopo Fazzini,178.0,right,Italy,Massa,Europe
691786,Morgan Guilavogui,189.0,right,France,Ollioules,Europe
691892,Nathaniel Brown,180.0,left,Germany,Amberg,Europe
692070,Clemens Riedel,186.0,right,Germany,Wlfersheim,Europe
692734,Linus Gechter,190.0,right,Germany,Berlin,Europe
692737,Aljoscha Kemlein,187.0,right,Germany,Berlin,Europe
693095,Jacob Greaves,193.0,left,England,Cottingham,Europe
694509,Moussa Diarra,185.0,left,France,Stains,Europe
694928,Samuel Lino,177.0,right,Brazil,Santo Andr,South America
695454,Chiquinho,179.0,right,Portugal,Cascais,Europe
697714,Fabinho,181.0,right,Portugal,Lisboa,Europe
698110,Lorenzo Malagrida,174.0,right,Italy,Pietra Ligure,Europe
698259,Thomas Kristensen,198.0,right,Denmark,Aarhus,Europe
699442,Kacper Urbanski,183.0,right,Poland,Gdask,Europe
700106,Brajan Gruda,178.0,left,Germany,Speyer,Europe
700646,André Silva,183.0,left,Portugal,gueda,Europe
701819,Daniele Ghilardi,189.0,right,Italy,Lucca,Europe
707242,Badredine Bouanani,177.0,left,France,Lille,Europe
707274,César Tárrega,194.0,right,Spain,Aldaia,Europe
708072,Nicolò Savona,192.0,right,Italy,Aosta,Europe
708265,Bradley Barcola,182.0,right,France,Lyon,Europe
709187,Nico Williams,181.0,right,Spain,Pamplona,Europe
709372,Carlos Romero,,left,Spain,Torrent,Europe
709969,Ilias Akhomach,175.0,left,Spain,Hostalets de Pierola,Europe
710004,Peter Federico,180.0,left,Spain,Madrid,Europe
710131,Diego Llorente,180.0,right,Spain,Almera,Europe
710677,Iker Muñoz,180.0,right,Spain,Villafranca,Europe
711337,Evanilson,183.0,both,Brazil,Fortaleza,South America
711517,Kevin Paredes,175.0,left,United States,"South Riding, Virginia",North America
711544,Jake O'Brien,197.0,right,Ireland,Cork,
711969,Lorenz Assignon,181.0,right,France,Grasse,Europe
711976,Andy Diouf,187.0,left,France,Neuilly-sur-Seine,Europe
711996,Warmed Omari,188.0,right,Mayotte,Bandraboua,
711999,Lesley Ugochukwu,190.0,right,France,Rennes,Europe
713644,Bryan Zaragoza,164.0,right,Spain,Mlaga,Europe
713787,Jhoanner Chávez,182.0,left,Ecuador,Francisco de Orellana,South America
716276,Yerson Mosquera,188.0,right,Colombia,Apartad,South America
717118,Darlin Yongwa,177.0,left,Cameroon,Douala,Africa
718312,Hamzat Ojediran,179.0,right,Nigeria,Lagos,Africa
719646,Bernardo,196.0,left,Brazil,Rio de Janeiro,South America
720038,Pablo Torre,173.0,right,Spain,Soto de la Marina,Europe
724106,Luca Lipani,185.0,right,Italy,Genova,Europe
724520,Abde Ezzalzouli,177.0,right,Morocco,Bni Mellal,Africa
724783,Tawanda Chirewa,181.0,right,England,Chelmsford,Europe
725242,Luca D'Andrea,173.0,left,Italy,Ponticelli,Europe
728733,Brooke Norton-Cuffy,181.0,right,England,London,Europe
729814,Georges Mikautadze,176.0,right,France,Lyon,Europe
730893,Tyrick Mitchell,181.0,left,England,London,Europe
732507,Agustín Martegani,182.0,left,Argentina,Rojas,South America
733576,Alberto Moleiro,171.0,right,Spain,Santa Cruz de Tenerife,Europe
735568,Natan,188.0,left,Brazil,Itapecerica da Serra,South America
735570,João Gomes,176.0,right,Brazil,Rio de Janeiro,South America
735571,Rodrigo Muniz,186.0,right,Brazil,So Domingos do Prata,South America
737781,Jérémy Le Douaron,189.0,left,France,Ploufragan,Europe
739769,Ilan Kebbal,169.0,left,France,Marseille,Europe
740674,Issouf Sissokho,174.0,right,Mali,Bamako,Africa
741238,Omari Hutchinson,174.0,left,England,Redhill,Europe
741292,Iker Bravo,182.0,right,Spain,Sant Cugat del Valls,Europe
742201,Giuliano Simeone,173.0,right,Italy,Roma,Europe
743387,Stanis Idumbo,171.0,right,France,Melun,Europe
743498,Wilson Odobert,182.0,right,France,Meaux,Europe
743500,William Mikelbrencis,176.0,right,France,Forbach,Europe
743589,Kaiky,182.0,right,Brazil,Santos,South America
743598,Ângelo,180.0,left,Brazil,Braslia,South America
743600,Andrey Santos,180.0,right,Brazil,Rio de Janeiro,South America
744149,Adam Wharton,182.0,left,England,Blackburn,Europe
745181,Soungoutou Magassa,190.0,right,France,Stains,Europe
745191,Ramón Sosa,179.0,right,Paraguay,Maracan,South America
745461,Luca Koleosho,175.0,right,United States,"Norwalk, Connecticut",North America
746695,Kamaldeen Sulemana,175.0,right,Ghana,Techiman,Africa
746739,Andre Brooks,180.0,left,England,Sheffield,Europe
746891,Cristian Volpato,187.0,left,Australia,Camperdown,Oceania
746910,Mohamed Amoura,170.0,right,Algeria,Tahir,Africa
747009,Justin Devenny,184.0,left,Unknown,Unknown,
748319,Carlos Alcaraz,176.0,right,Argentina,La Plata,South America
748382,Amin Sarr,188.0,right,Sweden,Malm,Europe
749552,Alieu Fadera,182.0,right,The Gambia,Bakau,
750903,Jaouen Hadjam,185.0,left,France,Paris,Europe
750904,Tom Louchet,178.0,both,France,Manosque,Europe
763079,Abdukodir Khusanov,186.0,right,Uzbekistan,Tashkent,Asia
763182,Josué Casimir,178.0,right,Guadeloupe,Baie-Mahault,
764859,Williot Swedberg,187.0,right,Sweden,Stockholm,Europe
766412,Théo Le Bris,170.0,right,France,Rennes,Europe
766583,Kike Salas,188.0,left,Spain,Sevilla,Europe
768380,Arouna Sangante,189.0,right,Senegal,Mbao,Africa
769063,Luka Romero,169.0,left,Mexico,Victoria de Durango,North America
770895,Ismaël Boura,173.0,left,Mayotte,Bandrele,
775605,Pablo Barrios,181.0,right,Spain,Madrid,Europe
776798,Abdallah Sima,188.0,right,Senegal,Dakar,Africa
776890,Nicolas Jackson,187.0,right,The Gambia,Banjul,
782630,Khalil Fayad,172.0,right,France,Montpellier,Europe
783094,Benjamin Bouchouari,165.0,right,Belgium,Borgerhout,Europe
785353,Pablo Ibáñez,179.0,right,Spain,Pamplona,Europe
786436,Ismaël Doukouré,183.0,right,France,Lille,Europe
787151,Lukas Ullrich,180.0,left,Germany,Berlin,Europe
787232,David Datro Fofana,182.0,right,Cote d'Ivoire,Ouragahio,
787912,El Chadaille Bitshiabu,196.0,left,France,Villeneuve-Saint-Georges,Europe
789082,Vanderson,173.0,right,Brazil,Rondonpolis,South America
789252,Bence Dárdai,189.0,right,Germany,Berlin,Europe
790992,Alfie Gilchrist,183.0,right,England,London,Europe
792380,Aleksandar Pavlovic,188.0,both,Germany,Mnchen,Europe
794349,Julien Le Cardinal,184.0,right,France,Saint-Brieuc,Europe
795431,Tio Cipot,184.0,right,Unknown,Murska Sobota,
798043,Tom Rothe,193.0,left,Germany,Rendsburg,Europe
798404,Alidu Seidu,173.0,right,Ghana,Accra,Africa
798687,Antony,185.0,right,Unknown,Unknown,
798929,Gvidas Gineitis,191.0,left,Lithuania,Maeikiai,Europe
800176,André,176.0,right,Brazil,Ibirataia,South America
801754,Yanis Cimignani,176.0,left,Unknown,Lyon,
802747,Siriné Doucouré,193.0,right,France,Nogent-sur-Marne,Europe
804812,Anthony Oyono,184.0,right,France,Lille,Europe
805908,Bradley Locko,180.0,left,France,Ivry-sur-Seine,Europe
806168,Paul Joly,182.0,right,France,Orlans,Europe
806793,Clément Akpa,181.0,left,France,Meudon,Europe
807165,Bamo Meïté,184.0,right,Cote d'Ivoire,Kani,
807688,Yassin Belkhdim,175.0,right,France,Meulan-en-Yvelines,Europe
807689,Frank Magri,178.0,right,France,Agen,Europe
808509,Danilo,177.0,left,Brazil,Salvador,South America
809498,Luca Kerber,184.0,right,Germany,Dillingen (Saar),Europe
810092,Warren Zaïre-Emery,178.0,right,France,Montreuil,Europe
810093,Ayman Kari,176.0,right,France,Ivry-sur-Seine,Europe
810411,Pablo Pagis,180.0,both,France,Montbliard,Europe
810895,Eliesse Ben Seghir,178.0,right,France,Saint-Tropez,Europe
811779,Alejandro Garnacho,180.0,right,Spain,Madrid,Europe
813137,Niccolò Pisilli,180.0,right,Italy,Roma,Europe
814446,Luca Marianucci,186.0,right,Italy,Livorno,Europe
816308,Panos Katseris,187.0,right,Greece,Athens,Europe
816580,Tiago Santos,175.0,right,Portugal,Lisboa,Europe
816585,Can Uzun,186.0,right,Germany,Regensburg,Europe
818495,Otávio,188.0,left,Brazil,So Paulo,South America
820241,Damion Downs,192.0,right,Germany,Werneck,Europe
820374,Kobbie Mainoo,180.0,right,England,Stockport,Europe
822458,Bamba Dieng,178.0,right,Senegal,Pikine,Africa
822959,Tom Bischof,176.0,left,Germany,Amorbach,Europe
823231,Dango Ouattara,177.0,left,Burkina Faso,Ouagadougou,Africa
827734,Ange-Yoan Bonny,189.0,right,France,Aubervilliers,Europe
830108,Julián Malatini,191.0,right,Argentina,Crdoba,South America
830265,Lohann Doucet,180.0,right,France,Nantes,Europe
831161,Lautaro Blanco,176.0,left,Argentina,Rosario (SFE),South America
834470,Dani Rodríguez,170.0,left,Spain,Astigarraga,Europe
834752,Unai Gómez,183.0,left,Spain,Bermeo,Europe
834898,Vitinho,178.0,Unknown,Unknown,Unknown,
842338,Enzo Tchato,182.0,right,France,Montpellier,Europe
842425,Sacha Delaye,171.0,right,France,Rennes,Europe
842718,Paulinho,186.0,right,Portugal,Braga,Europe
845654,Kenan Yıldız,187.0,both,Germany,Regensburg,Europe
846310,Oscar Højlund,187.0,right,Denmark,Kbenhavn,Europe
847279,Oumar Diakité,185.0,right,Cote d'Ivoire,Bingerville,
848509,Jackson Tchatchoua,180.0,right,Belgium,Ixelles,Europe
849410,Valentín Barco,170.0,left,Argentina,25 de Mayo,South America
849520,Santiago Castro,179.0,right,Argentina,Buenos Aires,South America
852024,Bénie Traoré,172.0,right,Cote d'Ivoire,Bouak,
854853,Tom Davies,,Unknown,Unknown,Unknown,
855056,Taïryk Arconte,181.0,Unknown,Guadeloupe,Les Abymes,
855134,Skelly Alvero,202.0,right,France,Stains,Europe
855256,Alex Scott,178.0,right,Guernsey,Guernsey,
855308,Arthur Atta,189.0,right,France,Rennes,Europe
860056,Aïman Maurer,173.0,right,France,Neuilly-sur-Seine,Europe
861410,Arda Güler,175.0,left,Trkiye,Ankara,
861981,Alan Matturro,189.0,left,Uruguay,Montevideo,South America
864799,Stefan Bajcetic,185.0,right,Spain,Vigo,Europe
866655,Tyler Dibling,178.0,left,England,Exeter,Europe
867688,Jack Hinshelwood,182.0,right,England,Worthing,Europe
872171,Lucas Beraldo,186.0,left,Brazil,Piracicaba,South America
872184,Tadeo Allende,183.0,right,Argentina,Mina Clavero,South America
872380,Felix Afena-Gyan,175.0,right,Ghana,Sunyani,Africa
873981,Diego González,177.0,left,Paraguay,Alto Paran,South America
874066,Oliver Arblaster,180.0,right,England,Sheffield,Europe
876440,João Pedro,186.0,left,Brazil,Indaiatuba,South America
876631,Habib Diarra,178.0,right,Senegal,Gudiawaye,Africa
884072,Jeffinho,176.0,right,Brazil,Volta Redonda,South America
889683,Rogério,170.0,right,Unknown,Seixal,
890290,Dean Huijsen,197.0,both,Netherlands,Amsterdam,Europe
891091,Diego López,,Unknown,Unknown,Unknown,
891998,Antoine Mendy,187.0,right,France,Marseille,Europe
892221,Hugo Sotelo,180.0,right,Spain,Vigo,Europe
892929,Hugo Álvarez,176.0,right,Spain,Ourense,Europe
892973,Lovro Zvonarek,180.0,right,Croatia,akovec,Europe
893675,Amir Richardson,197.0,left,France,Nice,Europe
894914,Antonio Nusa,183.0,right,Norway,Langhus,Europe
900909,Paul Wanner,185.0,left,Austria,Dornbirn,Europe
901019,Neil El Aynaoui,185.0,right,France,Nancy,Europe
903666,Ethan Mbappé,180.0,left,France,Montreuil,Europe
903693,Senny Mayulu,183.0,both,France,Le Blanc-Mesnil,Europe
904662,Louis Mouton,180.0,right,France,Saint-Priest-en-Jarez,Europe
905997,Pablo Durán,176.0,right,Spain,Tomio,Europe
907813,Pablo Marín,178.0,right,Spain,Logroo,Europe
911328,Mohamed Kaba,185.0,right,France,Orlans,Europe
913495,Emran Soglo,178.0,left,France,Crteil,Europe
914562,Désiré Doué,181.0,right,France,Angers,Europe
916920,Shavy Babicka,179.0,right,Gabon,Libreville,Africa
917375,Antoine Hainaut,187.0,right,France,Boulogne,Europe
918969,Lamine Camara,173.0,right,Senegal,Diouloulou,Africa
919620,Joseph Nduquidi,187.0,Unknown,France,Metz,Europe
922693,Archie Gray,187.0,right,England,Durham,Europe
922769,Lewis Miley,189.0,right,England,Stanley,Europe
923831,Leny Yoro,190.0,right,France,Saint-Maurice,Europe
924800,Axel Camblan,169.0,right,France,Brest,Europe
926952,Patrick Dorgu,185.0,left,Denmark,Kbenhavn,Europe
928323,Ibrahim Salah,186.0,right,Belgium,Saint-Josse-ten-Noode,Europe
931838,Hugo Larsson,187.0,right,Sweden,Svarte,Europe
937941,Thierno Barry,195.0,right,France,Lyon,Europe
937958,Lamine Yamal,180.0,left,Spain,Esplugues de Llobregat,Europe
943837,Vitor Roque,174.0,right,Brazil,Timteo,South America
944570,Vasilije Adžić,185.0,right,Serbia and Montenegro,Niki,
947360,Kassoum Ouattara,176.0,left,France,Paris,Europe
947431,David López,195.0,Unknown,Spain,Palma de Mallorca,Europe
948275,Álvaro Rodríguez,193.0,left,Spain,Palams,Europe
953901,Santiago Mouriño,186.0,right,Uruguay,Montevideo,South America
955070,Ernest Nuamah,178.0,left,Ghana,Kumasi,Africa
955357,Eli Junior Kroupi,179.0,right,France,Lorient,Europe
957874,Rômulo,193.0,right,Brazil,Marialva,South America
971570,Endrick,173.0,left,Brazil,Taguatinga,South America
973085,Carlos Baleba,179.0,left,Cameroon,Douala,Africa
973703,Brenner,171.0,right,Brazil,Taubat,South America
977464,Arthur,174.0,right,Brazil,Belo Horizonte,South America
980576,Amine Salama,192.0,right,France,Paris,Europe
982267,Ibrahim Sulemana,180.0,right,Ghana,Sunyani,Africa
982393,Lucas Mincarelli,179.0,left,France,Saint-Martin d'Hres,Europe
983989,Facundo Buonanotte,174.0,left,Argentina,Prez,South America
1004741,Pedro,170.0,right,Brazil,So Paulo,South America
1004834,George Ilenikhena,185.0,left,Nigeria,Lagos,Africa
1005240,Christian Mawissa,184.0,left,France,Saint-Jean-de-Verges,Europe
1005649,Murillo,180.0,left,Brazil,So Paulo,South America
1011200,Junior Mwanga,184.0,both,France,Lyon,Europe
1012534,Yankuba Minteh,180.0,left,The Gambia,Bakoteh,
1018259,Gift Orban,178.0,right,Nigeria,Benue,Africa
1028162,Antoine Joujou,189.0,right,France,Mantes-la-Jolie,Europe
1033005,Coba da Costa,,right,Spain,La Mojonera,Europe
1047097,Yoram Zague,168.0,right,France,Paris,Europe
1058368,Francesco Camarda,184.0,right,Italy,Milano,Europe
1061282,Assane Diao,185.0,right,Senegal,Ndongane,Africa
1063553,Pau Cabanes,179.0,right,Spain,Burriana,Europe
1064403,Álvaro García,192.0,Unknown,Spain,Alicante,Europe
1064871,Joaquín Panichelli,187.0,right,Argentina,Crdoba,South America
1068110,Rabby Nzingoula,183.0,right,France,Lille,Europe
1071956,Emmanuel Biumla,185.0,right,Cote d'Ivoire,Yopougon,
1074917,Jonathan Silva,,Unknown,Brazil,Taboo da Serra,South America
1076815,Javi Rodríguez,178.0,right,Spain,Poio,Europe
1081219,Othmane Maamma,182.0,both,France,Als,Europe
1083070,Alisson,183.0,left,Brazil,Cachoeirinha,South America
1089202,Moïse Bombito,190.0,right,Canada,"Montreal, Quebec",North America
1097139,Ayyoub Bouaddi,186.0,right,France,Senlis,Europe
1099726,Papa Amadou Diallo,182.0,right,Senegal,Saint-Louis,Africa
1111776,Ibou Sané,179.0,right,Senegal,Digoune,Africa
1178474,Amadou Koné,,left,Mali,Bamako,Africa
1178475,Mohamed Bamba,188.0,left,Cote d'Ivoire,Vavoua,
1185888,Ibrahim Mbaye,,right,France,Trappes,Europe
1255616,Alberto Risco,,Unknown,Spain,Crdoba,Europe
