,fact_id,player_id,club_id,season_id,position_id,market_id,transfer_id,gamesplayed_id,age_id,Goals,Assists,xG,Progressive_Passes,Progressive_Carries,Passes_Completed,Key_Passes,Tackles,Interceptions,Clearances,Blocks,Red_Cards,Dribblers_Challenged,Goals_per90,Assists_per90,xG_per90,Dribblers_Tackled,Goals_Assists,Errors,Aerials_Won,Through_Balls,Carries_into_Final_Third,Shot_Creating_Actions,Non_Penalty_xG,Shots_per90
0,1,532,111,1,3,2,,1,24,5,2,3.1,26,7,186,10,10,1,7,14,0,7,0.65,0.26,0.4,4,7,0,36,6,11,23,3.1,3.38
1,2,3333,21,1,8,5,,2,17,5,4,3.4,164,38,1313,44,43,18,30,40,1,41,0.25,0.2,0.17,15,9,0,19,6,43,85,1.1,1.06
2,3,3333,21,2,8,16,,3,18,2,2,2.2,71,18,682,10,16,7,17,12,0,26,0.19,0.19,0.21,6,4,1,13,3,17,28,0.6,0.96
3,4,3333,21,3,8,20,,4,19,0,1,0.4,100,21,779,13,26,14,16,30,0,33,0.0,0.08,0.03,11,1,1,24,1,25,27,0.4,1.01
4,5,3333,21,4,8,23,,5,20,0,1,0.4,73,9,646,22,28,17,20,19,0,29,0.0,0.11,0.04,12,1,0,13,2,9,40,0.4,1.06
5,6,3333,21,5,8,3,,6,21,0,1,0.4,70,21,563,13,26,12,15,14,0,34,0.0,0.1,0.04,15,1,0,13,2,17,36,0.4,0.69
6,7,3333,25,6,7,17,2128,7,22,0,2,0.3,69,11,492,16,20,8,16,9,0,14,0.0,0.23,0.03,9,2,0,6,4,6,24,0.3,0.58
7,8,3455,51,2,3,33,,8,22,10,5,10.6,63,17,424,26,5,5,21,4,0,13,0.66,0.33,0.7,1,15,0,79,6,21,59,8.3,4.16
8,9,3455,51,3,3,80,,9,23,15,2,16.2,61,31,380,20,5,6,27,5,1,6,0.9,0.12,0.98,3,17,1,83,5,27,65,11.9,4.52
9,10,3455,51,4,3,14,,10,24,8,2,7.2,50,13,304,23,0,3,9,2,0,2,0.71,0.18,0.64,0,10,0,44,3,14,47,6.4,4.43
10,11,4018,59,1,2,13,,11,19,0,1,0.9,187,50,1229,22,62,60,48,27,0,66,0.0,0.03,0.03,24,1,2,28,3,38,66,0.9,0.83
11,12,4018,59,2,2,30,,12,20,1,0,0.5,77,7,667,10,33,58,27,19,0,43,0.05,0.0,0.02,15,1,0,31,1,15,35,0.5,0.74
12,13,5017,111,1,1,28,,13,17,0,0,0.4,197,45,1669,12,34,39,140,42,1,51,0.0,0.0,0.01,22,0,2,47,1,19,36,0.4,0.27
13,14,5017,111,2,1,3,,14,18,0,0,1.1,133,33,1355,5,27,49,85,37,1,26,0.0,0.0,0.05,11,0,0,31,0,19,22,1.1,0.64
14,15,5303,82,1,5,2,,15,20,3,0,0.9,5,4,40,2,0,0,3,0,0,2,1.97,0.0,0.59,0,3,0,6,1,7,6,0.9,5.91
15,16,5348,99,2,2,46,,16,24,0,0,0.2,31,7,213,2,12,1,3,6,0,12,0.0,0.0,0.04,7,0,0,2,0,2,8,0.2,1.57
16,17,5672,127,1,2,2,,17,20,1,1,0.8,150,15,924,17,41,37,35,37,0,44,0.04,0.04,0.03,17,2,0,23,1,11,45,0.8,1.03
17,18,5928,125,1,3,34,,18,24,4,1,5.5,13,12,139,12,4,2,8,8,0,4,0.38,0.09,0.52,3,5,0,25,1,7,29,3.9,2.36
18,19,5947,5,1,2,33,,19,20,1,1,1.5,115,16,811,16,16,26,33,18,0,14,0.07,0.07,0.11,3,2,0,9,4,19,38,1.5,0.35
19,20,6636,57,2,1,23,,20,18,0,0,0.2,46,8,517,2,14,17,33,8,0,19,0.0,0.0,0.03,8,0,1,19,0,10,11,0.2,0.58
20,21,7101,122,1,2,44,,21,20,1,0,0.2,49,7,253,6,16,3,1,5,0,9,0.16,0.0,0.03,6,1,2,8,0,8,19,0.2,0.98
21,22,7663,80,1,5,2,,22,22,6,0,3.2,85,85,779,45,10,14,31,13,0,7,0.32,0.0,0.17,3,6,1,14,0,59,84,3.2,1.22
22,23,7663,80,2,4,3,,23,23,8,3,6.0,140,90,919,61,14,15,22,10,0,11,0.35,0.13,0.26,4,11,1,18,4,69,116,3.7,1.35
23,24,7663,80,3,5,82,,24,24,2,6,0.6,77,46,606,32,9,17,11,8,0,12,0.14,0.42,0.04,4,8,0,13,1,43,54,0.6,0.7
24,25,7663,80,4,5,17,,25,25,0,1,2.0,28,31,212,14,6,3,10,5,0,8,0.0,0.19,0.38,3,1,0,3,0,20,33,2.0,1.91
25,26,7663,80,5,4,17,,26,26,0,2,0.7,26,23,258,21,3,4,5,7,0,3,0.0,0.36,0.13,1,2,0,1,4,16,29,0.7,1.45
26,27,7971,39,1,5,33,,27,17,8,2,10.1,87,77,509,30,21,6,25,23,0,24,0.31,0.08,0.39,6,10,0,38,9,74,74,7.7,1.71
27,28,7971,39,2,5,23,,28,18,1,0,1.1,7,2,27,1,1,0,1,2,0,2,0.62,0.0,0.65,0,1,0,2,1,2,0,1.1,3.08
28,29,8198,68,1,3,4,,29,18,21,8,22.2,130,145,915,47,10,6,32,7,0,11,0.7,0.27,0.74,1,29,0,32,3,106,145,17.5,5.73
29,30,8198,68,2,3,51,,30,19,31,5,28.6,118,167,1052,51,14,6,21,10,0,20,0.96,0.15,0.88,4,36,1,36,2,126,148,18.4,6.02
30,31,8198,68,3,3,55,,31,20,29,2,27.7,117,154,838,36,6,5,15,11,0,15,0.93,0.06,0.89,3,31,1,21,3,124,122,21.4,5.14
31,32,8198,60,5,3,43,,32,22,1,0,1.9,12,9,121,6,2,1,9,0,0,2,0.17,0.0,0.32,1,1,0,15,2,6,10,1.9,4.29
32,33,8806,13,2,2,11,,33,17,0,3,0.5,116,11,636,23,11,7,3,8,1,29,0.0,0.29,0.05,6,3,0,15,8,13,47,0.5,0.97
33,34,8806,13,3,4,20,,34,18,2,3,3.2,115,10,634,25,20,13,3,11,0,22,0.21,0.31,0.33,9,5,0,7,2,6,59,1.6,0.82
34,35,10003,57,1,1,23,,35,19,3,0,1.8,43,6,725,3,27,32,109,24,2,7,0.14,0.0,0.08,6,3,1,93,0,6,14,1.8,0.65
35,36,10003,57,2,1,3,,36,20,0,0,0.5,3,1,218,0,4,7,19,5,0,3,0.0,0.0,0.11,0,0,0,19,0,0,6,0.5,0.83
36,37,10503,104,2,1,29,,37,18,1,0,1.5,68,13,704,6,20,24,63,22,1,20,0.07,0.0,0.11,10,1,0,38,0,0,15,0.7,0.82
37,38,11111,43,1,7,5,,38,12,2,1,2.4,65,13,985,6,41,42,149,36,0,44,0.07,0.03,0.08,19,3,2,67,1,21,26,2.4,0.89
38,39,11111,43,3,1,106,,39,14,0,0,1.0,25,19,423,0,12,8,42,7,0,11,0.0,0.0,0.13,7,0,1,22,0,14,4,1.0,0.5
39,40,11268,107,1,2,46,,40,21,3,0,0.7,51,15,230,6,38,13,19,20,0,38,0.26,0.0,0.06,12,3,0,70,0,8,26,0.7,1.02
40,41,12249,87,1,2,5,,41,15,3,5,2.8,318,50,1823,53,71,28,28,26,2,70,0.1,0.17,0.09,20,8,0,11,6,33,136,1.2,1.01
41,42,12249,87,2,2,16,,42,16,3,7,3.2,363,66,1959,59,43,15,5,19,0,70,0.11,0.25,0.11,21,10,0,16,9,60,132,1.6,1.38
42,43,12282,129,6,1,23,2178,43,18,1,2,1.7,209,48,2304,17,47,21,113,37,0,47,0.03,0.06,0.05,29,3,0,39,0,30,48,1.7,0.51
43,44,12282,129,7,1,23,,44,19,0,1,0.2,141,35,1123,6,21,14,38,17,0,17,0.0,0.08,0.01,12,1,1,10,2,40,21,0.2,0.31
44,45,12384,78,2,8,3,,45,18,1,1,0.8,54,19,1142,5,23,43,72,20,0,39,0.04,0.04,0.03,11,2,1,35,1,17,24,0.8,0.89
45,46,12563,27,1,5,2,,46,20,4,2,3.2,51,34,272,21,14,1,3,7,0,8,0.32,0.16,0.26,2,6,0,9,8,31,53,3.2,2.17
46,47,12563,27,2,5,29,,47,21,9,1,5.4,80,44,441,22,12,0,5,4,1,25,0.48,0.05,0.29,3,10,1,15,1,30,72,5.4,1.98
47,48,12563,27,3,5,107,,48,22,7,3,4.2,44,23,337,14,9,2,7,6,0,10,0.45,0.19,0.27,4,10,1,16,0,16,34,3.4,1.22
48,49,12563,27,4,5,2,,49,23,0,1,0.5,25,9,167,10,2,2,0,3,0,9,0.0,0.11,0.06,0,1,0,6,4,10,20,0.5,0.64
49,50,13507,22,1,1,41,,50,18,0,0,0.1,17,6,208,4,8,2,8,2,0,6,0.0,0.0,0.02,4,0,0,2,0,6,10,0.1,0.48
50,51,13572,85,2,10,23,,51,21,0,0,0.1,0,0,552,1,1,0,16,1,0,3,0.0,0.0,0.0,1,0,2,9,0,0,4,0.1,0.03
51,52,13573,100,1,1,28,,52,18,0,2,0.1,69,18,590,10,25,19,73,15,0,24,0.0,0.15,0.01,12,2,1,47,0,14,26,0.1,0.22
52,53,14086,60,1,1,9,,53,18,2,2,0.5,155,71,1369,39,52,55,74,36,1,39,0.07,0.07,0.02,20,4,0,20,2,35,77,0.5,0.42
53,54,14086,54,3,1,108,,54,20,1,4,1.3,42,31,542,29,15,6,31,13,0,13,0.06,0.25,0.08,3,5,0,3,0,16,44,1.2,0.95
54,55,14086,48,4,6,13,1067,55,21,0,2,0.4,45,27,492,13,18,13,25,10,0,16,0.0,0.14,0.03,11,2,1,6,0,16,31,0.4,0.72
55,56,14086,48,5,1,13,,56,22,1,0,0.5,107,29,897,14,50,21,65,25,0,50,0.04,0.0,0.02,37,1,0,13,2,20,40,0.5,0.66
56,57,14086,22,6,7,27,2129,57,23,0,0,0.6,82,40,723,21,53,22,50,24,1,54,0.0,0.0,0.02,30,0,3,19,2,24,58,0.6,0.51
57,58,14086,22,7,1,2,,58,24,1,3,0.2,73,15,469,16,43,18,43,6,1,41,0.07,0.23,0.02,26,4,0,5,2,20,30,0.2,0.37
58,59,14221,56,1,2,9,,59,16,1,1,0.8,18,21,227,7,26,10,18,24,0,14,0.07,0.07,0.06,6,2,0,1,1,5,20,0.8,0.3
59,60,14221,56,4,4,79,,60,19,2,0,1.1,19,38,252,9,33,9,14,26,0,34,0.12,0.0,0.06,10,2,0,7,0,10,33,1.1,0.7
60,61,14533,121,1,2,23,,61,16,0,1,0.3,117,13,924,41,63,41,54,21,0,60,0.0,0.04,0.01,34,1,0,33,1,14,70,0.3,0.52
61,62,14942,23,1,1,13,,62,21,0,3,0.5,130,44,1234,45,24,18,66,24,1,14,0.0,0.13,0.02,9,3,0,29,2,33,79,0.5,0.43
62,63,15773,56,1,1,17,,63,18,0,0,0.3,68,19,526,7,32,31,68,25,0,21,0.0,0.0,0.02,12,0,1,32,0,21,20,0.3,0.65
63,64,15773,56,2,1,17,,64,19,0,1,0.3,70,23,604,10,49,30,73,24,0,37,0.0,0.05,0.02,24,1,0,36,3,20,22,0.3,0.52
64,65,15799,43,1,4,9,,65,18,4,10,4.4,255,69,1415,71,69,28,17,35,0,69,0.14,0.34,0.15,24,14,1,9,8,50,136,2.1,0.95
65,66,15799,43,2,2,14,,66,19,11,9,8.7,232,55,1407,71,48,19,16,23,0,57,0.4,0.33,0.32,20,20,2,11,8,57,148,2.4,1.51
66,67,15951,90,1,8,6,,67,20,1,7,1.8,163,41,1316,33,42,8,11,18,0,38,0.06,0.39,0.1,13,8,0,11,21,47,60,1.8,1.5
67,68,15951,24,4,1,63,,68,23,1,3,0.3,72,33,915,22,30,11,10,10,1,26,0.08,0.25,0.02,14,4,2,9,6,35,34,0.3,0.41
68,69,15956,87,1,6,6,,69,17,1,5,1.5,184,170,1366,41,28,29,62,23,0,24,0.03,0.17,0.05,16,6,0,15,3,96,87,1.5,1.06
69,70,15956,87,2,1,14,,70,18,0,7,0.3,244,203,2041,62,27,31,70,20,0,32,0.0,0.19,0.01,15,7,0,15,4,113,111,0.3,0.29
70,71,15956,87,3,1,108,,71,19,0,6,1.1,152,108,1668,64,27,37,62,10,0,22,0.0,0.19,0.04,15,6,1,20,1,66,102,1.1,0.48
71,72,15956,87,4,1,23,,72,20,0,3,0.4,117,58,1095,35,18,17,26,15,0,17,0.0,0.15,0.02,9,3,1,13,0,28,62,0.4,0.5
72,73,15956,87,5,6,23,,73,21,0,0,0.3,99,46,1000,26,19,22,52,18,0,22,0.0,0.0,0.01,11,0,1,15,2,33,60,0.3,0.45
73,74,15956,87,6,1,23,,74,22,0,2,0.1,103,54,922,22,37,22,48,15,1,40,0.0,0.09,0.01,22,2,0,10,1,39,49,0.1,0.31
74,75,15956,87,7,5,28,,75,24,1,0,0.5,23,13,203,10,5,4,6,1,0,3,0.21,0.0,0.11,0,1,0,5,0,7,15,0.5,0.64
75,76,16136,75,1,1,3,,76,19,1,1,1.8,81,10,2198,6,54,38,156,56,0,41,0.03,0.03,0.05,24,2,2,75,1,5,21,1.8,0.59
76,77,16136,75,2,1,17,,77,20,1,0,1.7,89,8,1492,7,34,26,79,27,0,25,0.05,0.0,0.08,17,1,0,51,5,2,22,1.7,0.86
77,78,16136,75,3,1,30,,78,21,2,1,0.9,27,3,628,2,10,10,20,6,0,7,0.23,0.12,0.1,3,3,0,21,0,2,8,0.9,0.81
78,79,16136,75,4,1,13,,79,22,0,0,0.5,131,13,2175,6,42,49,96,43,3,33,0.0,0.0,0.01,23,0,1,50,0,10,27,0.5,0.38
79,80,16136,75,5,1,30,,80,23,1,2,1.5,160,12,2376,12,70,47,125,52,0,59,0.03,0.05,0.04,36,3,2,74,4,11,34,1.5,0.63
80,81,16136,75,6,1,27,,81,24,1,1,0.9,185,13,2540,13,62,37,77,43,1,52,0.03,0.03,0.03,38,2,2,55,4,20,51,0.9,0.47
81,82,16306,19,1,2,7,,82,11,3,0,2.6,111,15,1431,14,86,41,56,52,1,94,0.12,0.0,0.1,38,3,3,83,1,32,54,2.6,1.56
82,83,16306,19,2,2,55,,83,12,4,3,4.2,201,16,1817,13,96,68,72,53,0,99,0.12,0.09,0.12,39,7,0,100,7,40,68,4.2,1.31
83,84,16306,19,3,2,15,,84,13,6,4,6.2,135,20,1630,25,84,70,62,50,1,73,0.19,0.12,0.19,33,10,0,97,1,28,55,6.2,1.43
84,85,16306,19,4,2,31,,85,14,1,3,2.5,162,23,1695,26,79,38,65,65,0,67,0.04,0.11,0.09,30,4,3,101,9,23,65,2.5,1.44
85,86,16306,60,6,8,7,,86,16,1,2,3.5,112,12,1165,16,83,18,71,74,0,106,0.05,0.09,0.16,51,3,1,42,4,22,41,3.5,1.77
86,87,16306,60,7,2,11,,87,17,1,0,1.0,40,3,393,14,35,7,27,20,0,35,0.12,0.0,0.11,17,1,3,16,5,7,36,1.0,1.81
87,88,16311,107,1,3,17,,88,15,7,4,8.5,53,15,296,28,14,4,20,16,0,13,0.34,0.2,0.42,2,11,0,52,5,8,54,7.7,2.85
88,89,16311,107,2,3,17,,89,16,15,0,10.8,58,13,434,22,11,2,33,12,0,18,0.55,0.0,0.4,3,15,0,48,3,14,63,7.7,2.53
89,90,16631,51,1,1,23,,90,16,0,0,0.1,88,27,763,7,34,18,50,19,0,22,0.0,0.0,0.01,14,0,0,13,0,13,23,0.1,0.07
90,91,16831,44,2,1,27,,91,17,0,0,0.2,16,8,180,2,6,9,12,8,0,13,0.0,0.0,0.04,3,0,0,8,0,5,8,0.2,0.84
91,92,16873,11,3,1,44,,92,21,1,1,0.4,83,20,1125,5,34,35,55,23,1,28,0.05,0.05,0.02,19,2,1,35,0,18,13,0.4,0.24
92,93,16922,67,1,3,38,,93,16,4,1,3.8,24,7,249,16,5,3,13,7,0,4,0.38,0.1,0.37,1,5,0,20,2,4,29,2.3,2.59
93,94,16922,70,2,3,25,,94,17,1,0,1.3,19,3,152,7,3,1,7,3,0,8,0.15,0.0,0.19,2,1,0,20,0,5,21,1.3,2.7
94,95,16922,39,4,4,28,,95,19,0,0,0.3,35,0,256,7,6,6,11,7,0,9,0.0,0.0,0.03,3,0,0,26,2,4,19,0.3,1.29
95,96,18644,17,3,3,82,621,96,19,8,4,5.7,44,18,322,20,11,3,19,7,1,11,0.33,0.16,0.23,5,12,0,126,5,13,46,5.7,1.97
96,97,18644,17,4,3,74,,97,20,7,2,7.3,50,20,321,22,5,2,23,11,0,6,0.29,0.08,0.3,3,9,0,114,4,13,47,4.9,2.67
97,98,18644,17,5,3,17,,98,21,1,2,1.8,17,4,106,10,5,0,8,4,0,2,0.12,0.24,0.21,2,3,0,31,3,5,21,1.8,2.62
98,99,18900,12,1,5,20,,99,16,7,2,7.0,112,121,749,36,15,4,0,9,0,16,0.31,0.09,0.31,7,9,0,5,9,104,104,4.6,2.26
99,100,18900,10,3,4,9,,100,18,2,4,2.3,87,81,719,31,11,2,0,3,0,9,0.11,0.21,0.12,2,6,0,4,4,72,81,2.3,1.74
100,101,18900,31,4,5,9,,101,19,0,1,0.3,14,12,132,6,4,0,1,3,0,4,0.0,0.29,0.07,2,1,0,0,1,13,13,0.3,0.86
101,102,18909,10,1,3,28,,102,17,7,3,7.0,72,26,511,35,14,4,29,14,0,24,0.25,0.11,0.25,4,10,0,49,5,26,61,6.2,1.84
102,103,18909,10,2,3,28,,103,18,7,1,5.2,15,9,258,18,12,6,12,8,0,13,0.41,0.06,0.31,3,8,0,33,1,5,32,4.5,1.59
103,104,18909,10,3,3,82,,104,19,1,2,1.8,7,3,124,2,7,1,3,2,0,1,0.16,0.32,0.28,1,3,0,30,1,3,5,1.0,1.89
104,105,18909,10,4,5,79,,105,20,2,1,2.2,7,2,64,11,2,1,2,0,0,2,0.8,0.4,0.89,0,3,0,6,0,4,18,0.7,3.19
105,106,18918,39,1,2,14,,106,16,0,1,0.5,57,14,494,8,26,20,14,10,0,22,0.0,0.09,0.04,5,1,0,12,1,18,20,0.5,0.45
106,107,18922,19,1,3,8,,107,15,21,6,17.7,135,110,985,48,24,8,25,16,0,17,0.64,0.18,0.54,2,27,0,43,6,67,117,15.3,3.08
107,108,18922,19,2,3,7,,108,16,21,8,20.3,173,110,1108,59,18,7,30,16,0,16,0.6,0.23,0.58,2,29,1,29,9,55,121,16.3,3.41
108,109,18922,19,3,3,50,,109,17,23,9,18.5,114,107,1029,38,8,8,24,9,0,15,0.72,0.28,0.58,5,32,0,26,4,66,98,17.7,3.79
109,110,18922,19,4,3,26,,110,18,27,12,23.7,177,88,1043,62,11,4,13,10,0,9,0.94,0.42,0.83,2,39,0,18,6,66,128,15.1,4.06
110,111,18922,19,5,3,43,,111,19,19,3,21.5,138,72,924,48,9,2,5,11,0,11,0.84,0.13,0.95,2,22,0,14,9,43,102,14.9,4.37
111,112,18934,66,1,2,33,,112,16,3,0,3.9,125,16,962,32,42,23,24,13,1,62,0.17,0.0,0.22,19,3,0,12,0,16,53,0.8,0.9
112,113,18934,66,2,2,28,,113,17,2,2,1.7,157,31,1083,50,33,12,20,17,0,47,0.1,0.1,0.08,14,4,1,25,0,16,84,1.7,1.44
113,114,18934,66,3,2,82,,114,18,3,3,3.3,265,22,1700,43,54,38,39,31,0,90,0.1,0.1,0.11,30,6,0,21,2,19,81,0.9,0.7
114,115,18934,66,4,2,13,,115,19,7,2,5.7,165,8,1165,28,58,36,29,38,0,68,0.29,0.08,0.23,31,9,0,26,1,22,52,0.9,0.49
115,116,18944,24,1,1,7,,116,16,4,2,3.3,127,32,2196,6,42,36,154,41,0,37,0.11,0.06,0.09,24,6,5,116,0,28,23,3.3,0.51
116,117,18944,24,2,1,22,,117,17,1,0,2.4,169,29,2470,5,32,36,157,39,0,26,0.03,0.0,0.07,16,1,0,127,1,25,13,2.4,0.41
117,118,18944,24,3,1,11,,118,18,0,0,0.8,67,9,1170,2,16,26,46,9,0,12,0.0,0.0,0.05,9,0,0,61,0,8,5,0.8,0.55
118,119,18944,24,4,1,5,,119,19,1,0,1.6,132,25,1514,5,22,34,86,19,1,14,0.04,0.0,0.07,11,1,1,80,2,8,24,1.6,0.82
119,120,19112,32,1,4,3,,120,17,0,5,2.5,134,33,715,17,61,31,41,30,0,50,0.0,0.22,0.11,16,5,1,36,4,31,50,2.5,1.29
120,121,19112,44,2,2,17,,121,18,3,2,2.4,109,23,743,27,53,54,50,46,0,73,0.11,0.07,0.09,22,5,0,33,2,27,68,2.4,1.29
121,122,19305,65,1,1,28,,122,17,1,1,0.5,151,50,1478,28,45,19,90,37,0,53,0.03,0.03,0.02,31,2,0,25,0,35,53,0.5,0.26
122,123,19305,65,2,1,3,,123,18,2,2,1.2,62,18,795,22,26,20,45,27,0,31,0.11,0.11,0.06,12,4,0,15,0,14,33,1.2,0.48
123,124,19305,65,3,1,74,,124,19,1,1,1.0,47,6,548,8,12,14,23,18,0,12,0.07,0.07,0.07,4,2,0,14,0,9,18,1.0,0.5
124,125,19354,32,1,2,17,,125,16,0,0,0.5,38,12,474,15,15,9,19,8,0,15,0.0,0.0,0.04,6,0,0,11,0,6,26,0.5,0.88
125,126,19447,69,2,5,30,,126,19,4,0,4.0,6,2,49,4,1,1,4,2,0,4,1.17,0.0,1.18,0,4,0,8,0,1,6,1.7,2.93
126,127,19819,65,1,3,14,,127,18,2,1,2.1,24,16,178,16,8,1,0,5,0,7,0.33,0.17,0.35,2,3,0,3,0,15,26,2.1,1.82
127,128,19819,65,2,4,28,,128,19,0,0,1.1,4,1,36,4,0,0,0,2,0,2,0.0,0.0,1.55,0,0,0,0,0,3,10,1.1,11.25
128,129,20005,91,1,4,10,,129,15,7,11,8.4,238,239,1492,109,19,16,4,21,0,30,0.22,0.34,0.26,6,18,0,9,16,186,225,8.4,3.26
129,130,20005,91,2,4,37,,130,16,7,16,7.8,276,241,1566,101,27,17,6,24,0,45,0.22,0.51,0.25,13,23,1,4,15,192,199,7.8,3.01
130,131,20005,91,3,4,47,622,131,17,4,2,2.5,70,32,354,19,3,1,1,8,0,8,0.54,0.27,0.34,2,6,0,0,1,23,37,2.5,3.92
131,132,20005,87,4,5,21,,132,18,5,1,2.0,105,91,832,23,19,7,12,15,0,35,0.25,0.05,0.1,9,6,2,10,3,88,59,2.0,1.72
132,133,20005,87,5,5,6,,133,19,1,1,1.4,82,34,450,14,6,4,5,8,0,10,0.08,0.08,0.12,2,2,0,3,2,36,46,1.4,1.86
133,134,20007,64,1,1,9,,134,18,0,1,0.2,103,31,852,7,47,48,96,39,0,44,0.0,0.04,0.01,17,1,3,47,0,15,22,0.2,0.3
134,135,20081,7,1,2,17,,135,16,1,0,0.8,72,3,704,4,74,53,16,45,1,65,0.04,0.0,0.03,23,1,0,34,0,5,13,0.8,0.16
135,136,20463,103,1,5,28,,136,8,0,0,1.5,12,17,144,8,9,2,5,8,0,8,0.0,0.0,0.21,2,0,0,13,0,8,15,1.5,2.0
136,137,20463,84,3,5,3,,137,10,1,1,1.7,9,9,124,8,4,2,2,4,0,5,0.16,0.16,0.26,0,2,0,5,0,6,27,1.7,3.26
137,138,20463,84,4,5,82,,138,11,1,0,1.0,11,4,85,2,9,1,0,5,0,6,0.35,0.0,0.35,3,1,0,3,0,3,8,1.0,2.47
138,139,20506,80,1,8,9,,139,16,0,4,1.4,151,57,1453,31,24,28,28,27,0,47,0.0,0.15,0.06,11,4,1,15,7,59,71,1.4,1.0
139,140,20506,80,2,2,9,,140,17,0,3,1.0,113,29,887,26,30,18,22,15,0,41,0.0,0.13,0.04,15,3,1,13,1,33,57,1.0,0.53
140,141,20506,80,3,2,108,,141,18,1,0,0.3,88,26,654,8,25,18,19,13,0,25,0.07,0.0,0.02,10,1,0,23,1,26,26,0.3,0.75
141,142,20506,80,4,2,40,,142,19,0,1,0.9,95,13,798,10,30,21,29,18,0,34,0.0,0.06,0.06,13,1,1,12,1,10,33,0.9,0.97
142,143,20506,80,5,2,17,,143,20,1,1,0.3,72,14,739,12,41,23,29,14,0,43,0.07,0.07,0.02,18,2,0,17,3,16,32,0.3,0.52
143,144,20778,107,2,2,29,,144,18,0,0,0.8,74,4,574,8,42,25,39,34,0,46,0.0,0.0,0.04,14,0,0,33,0,7,25,0.8,0.4
144,145,21725,79,1,1,10,,145,17,2,2,0.8,110,71,1254,15,66,44,47,18,0,58,0.09,0.09,0.04,32,4,0,18,0,62,30,0.8,0.44
145,146,21763,67,1,1,30,,146,19,1,0,0.5,47,10,711,0,23,23,70,8,0,16,0.07,0.0,0.03,13,1,0,30,0,7,5,0.5,0.13
146,147,21905,38,1,2,13,,147,18,1,0,0.8,19,4,386,6,65,18,26,29,0,44,0.07,0.0,0.06,18,1,0,24,0,1,16,0.8,0.6
147,148,21905,27,2,2,13,,148,19,0,0,0.2,38,5,365,0,34,9,16,25,1,32,0.0,0.0,0.02,8,0,0,12,0,6,14,0.2,0.41
148,149,21905,27,3,2,27,,149,20,0,0,0.5,23,5,162,2,21,9,13,13,1,26,0.0,0.0,0.05,9,0,0,12,0,4,7,0.5,0.4
149,150,22068,86,1,4,14,,150,20,6,3,3.9,91,112,600,21,15,7,1,9,0,10,0.46,0.23,0.3,4,9,0,1,0,61,57,3.9,1.99
150,151,22068,70,2,3,14,,151,21,3,3,2.6,109,99,614,35,20,3,3,9,0,20,0.19,0.19,0.16,4,6,0,6,5,71,78,2.6,1.53
151,152,22068,70,3,3,108,,152,22,2,6,2.6,109,96,768,35,24,3,1,11,1,29,0.08,0.25,0.11,5,8,0,6,6,69,83,2.6,0.88
152,153,22068,73,4,4,23,,153,23,0,2,0.9,71,65,510,30,17,3,1,12,1,13,0.0,0.13,0.06,8,2,0,4,0,48,62,0.9,0.76
153,154,22140,40,1,1,29,,154,20,0,0,0.3,77,18,850,4,33,24,78,19,0,36,0.0,0.0,0.02,16,0,2,30,0,20,17,0.3,0.37
154,155,22210,110,1,2,13,,155,18,2,1,3.0,65,17,432,10,42,18,39,19,0,26,0.1,0.05,0.15,9,3,0,19,0,12,22,3.0,0.82
155,156,22328,42,1,3,3,,156,20,26,8,21.9,66,24,598,37,14,8,17,32,0,15,0.73,0.23,0.62,2,34,0,23,1,17,97,14.7,3.69
156,157,22328,42,2,3,28,,157,21,11,3,12.9,50,21,355,37,9,8,15,13,0,30,0.44,0.12,0.51,2,14,0,30,7,11,76,7.4,3.76
157,158,22328,42,3,3,82,,158,22,13,1,11.8,46,20,362,19,12,7,10,14,0,19,0.53,0.04,0.48,2,14,0,34,0,13,48,9.4,3.23
158,159,22328,42,4,3,13,,159,23,4,2,4.3,39,17,320,19,6,3,12,14,0,15,0.22,0.11,0.23,2,6,0,18,3,12,49,3.5,3.08
159,160,22328,42,5,3,13,,160,24,1,1,2.8,25,5,159,7,2,0,9,5,0,7,0.11,0.11,0.31,1,2,0,9,2,4,23,2.8,4.05
160,161,22386,82,1,1,13,,161,18,2,2,2.3,169,22,1264,9,75,67,106,35,1,65,0.05,0.05,0.06,38,4,1,76,2,8,26,2.3,0.41
161,162,22386,82,2,1,61,,162,19,0,1,1.2,87,21,747,3,37,47,66,8,0,38,0.0,0.05,0.06,18,1,1,49,0,8,21,1.2,0.42
162,163,22386,82,3,1,29,,163,20,2,0,1.3,101,26,1314,4,59,69,144,50,0,70,0.05,0.0,0.03,36,2,3,71,0,6,19,1.3,0.36
163,164,22390,35,1,1,14,,164,17,1,1,1.4,102,15,1388,9,53,44,118,37,0,33,0.03,0.03,0.05,20,2,2,91,1,10,19,1.4,0.43
164,165,23960,12,2,1,46,,165,20,1,0,1.3,61,16,858,8,15,17,59,21,0,20,0.05,0.0,0.07,9,1,1,36,1,12,22,1.3,0.65
165,166,23960,3,3,1,29,,166,21,0,0,0.4,50,22,1056,7,31,44,81,26,0,39,0.0,0.0,0.02,20,0,1,42,0,13,19,0.4,0.22
166,167,25488,54,1,5,70,,167,16,1,0,2.0,17,41,203,17,1,4,9,0,0,8,0.18,0.0,0.35,1,1,0,1,0,22,31,2.0,3.76
167,168,25488,54,2,1,9,,168,17,5,7,2.3,104,80,1041,47,11,14,33,26,0,29,0.23,0.32,0.1,7,12,1,5,0,39,89,2.3,1.9
168,169,25488,42,3,2,67,623,169,18,5,8,4.9,196,122,1093,63,28,9,27,24,0,53,0.18,0.29,0.18,21,13,1,3,2,80,118,3.4,1.98
169,170,25488,42,3,2,67,624,169,18,5,8,4.9,196,122,1093,63,28,9,27,24,0,53,0.18,0.29,0.18,21,13,1,3,2,80,118,3.4,1.98
170,171,25488,42,4,4,28,1110,170,19,7,10,5.8,201,105,1296,78,27,33,19,23,1,55,0.2,0.29,0.17,19,17,0,2,11,97,139,4.2,2.08
171,172,25488,73,5,8,28,1525,171,20,7,4,3.7,135,71,1165,57,17,17,32,7,1,38,0.23,0.13,0.12,11,11,0,2,5,50,99,3.7,1.52
172,173,25488,73,5,8,28,1526,171,20,7,4,3.7,135,71,1165,57,17,17,32,7,1,38,0.23,0.13,0.12,11,11,0,2,5,50,99,3.7,1.52
173,174,25488,73,6,4,17,2054,172,21,6,6,4.9,149,67,1019,60,18,7,23,9,0,25,0.2,0.2,0.16,9,12,0,0,4,48,119,4.1,2.09
174,175,25557,19,1,1,7,,173,17,6,1,7.1,135,27,1777,8,41,37,90,29,1,39,0.22,0.04,0.26,22,7,2,59,3,22,29,3.2,0.95
175,176,25557,19,2,1,26,,174,18,11,0,10.2,166,21,1963,5,46,49,102,22,0,42,0.33,0.0,0.3,20,11,4,67,1,18,23,5.4,0.99
176,177,25557,19,3,1,109,,175,19,2,0,4.2,98,21,1019,4,15,19,39,9,0,10,0.14,0.0,0.3,6,2,1,30,0,5,10,2.6,1.06
177,178,25557,90,4,1,24,835,176,20,2,0,1.8,61,8,776,1,12,8,27,4,1,15,0.22,0.0,0.2,8,2,0,14,0,7,7,1.8,1.35
178,179,25557,90,5,1,6,,177,21,2,1,1.7,163,15,2394,4,34,34,93,29,1,44,0.07,0.03,0.06,23,3,3,55,2,20,21,1.7,0.63
179,180,25557,87,6,1,52,2252,178,22,3,0,1.9,81,11,1356,4,45,41,156,35,1,40,0.11,0.0,0.07,27,3,0,80,1,10,21,1.9,1.0
180,181,26066,113,1,1,2,,179,18,0,0,1.3,75,10,644,1,23,18,65,10,0,23,0.0,0.0,0.07,17,0,2,62,0,6,9,1.3,0.91
181,182,26066,113,2,1,13,,180,19,1,0,0.3,14,2,174,1,3,4,23,2,0,4,0.2,0.0,0.07,1,1,2,21,1,1,1,0.3,0.79
182,183,26105,23,1,4,14,,181,16,0,0,0.5,20,14,189,9,5,4,3,5,0,8,0.0,0.0,0.12,4,0,0,0,1,7,14,0.5,2.8
183,184,26148,120,1,8,1,,182,22,0,0,0.1,2,0,12,2,1,0,1,0,0,1,0.0,0.0,0.31,1,0,0,1,0,2,1,0.1,7.3
184,185,26399,18,1,3,18,,183,15,21,8,18.1,76,81,661,34,17,9,3,15,0,9,0.77,0.29,0.66,5,29,0,17,6,60,91,16.5,4.25
185,186,26399,18,2,3,66,,184,16,16,3,14.5,34,35,286,18,7,3,2,9,0,8,0.99,0.19,0.9,1,19,0,3,1,26,57,12.1,4.52
186,187,26399,18,3,3,110,,185,17,4,1,3.5,12,12,140,7,4,2,0,2,0,11,0.64,0.16,0.56,2,5,0,2,0,10,18,1.9,2.74
187,188,26485,86,1,1,65,,186,14,0,2,0.6,168,10,1426,11,21,25,49,8,0,22,0.0,0.11,0.03,10,2,0,30,4,18,30,0.6,0.74
188,189,26485,86,3,1,5,,187,16,1,1,0.4,184,8,1775,5,26,40,63,24,0,32,0.04,0.04,0.01,14,2,1,42,1,18,20,0.4,0.34
189,190,26485,34,4,1,41,954,188,17,0,1,0.3,85,4,991,8,20,20,73,20,0,17,0.0,0.06,0.02,9,1,0,18,2,1,23,0.3,0.28
190,191,27374,80,1,1,6,,189,13,1,0,1.1,67,34,1130,2,48,41,57,21,0,34,0.05,0.0,0.06,18,1,0,32,1,34,16,1.1,0.46
191,192,27374,80,2,1,41,,190,14,1,0,0.3,30,15,772,1,23,21,57,15,0,14,0.08,0.0,0.02,9,1,0,31,1,11,11,0.3,0.38
192,193,27389,20,1,3,11,1,191,16,6,1,8.8,36,53,332,25,14,5,3,12,0,6,0.33,0.06,0.49,1,7,0,11,2,28,52,8.8,2.01
193,194,27389,20,2,3,21,,192,17,6,2,5.3,26,44,324,12,17,5,5,10,0,21,0.34,0.11,0.3,5,8,0,6,0,19,28,4.5,1.02
194,195,27389,20,3,3,38,,193,18,4,1,3.8,19,7,206,5,7,0,3,10,0,11,0.33,0.08,0.32,3,5,0,10,0,8,16,3.8,1.34
195,196,27389,14,4,3,33,836,194,19,11,3,13.3,62,69,628,28,19,6,1,22,0,18,0.42,0.11,0.5,6,14,0,10,3,43,67,10.9,2.45
196,197,27389,14,5,3,3,,195,20,10,0,8.2,69,48,591,25,20,9,0,10,1,28,0.43,0.0,0.35,8,10,0,12,8,51,58,6.5,1.89
197,198,27389,14,6,5,74,,196,21,4,2,3.4,44,26,373,24,10,3,7,9,0,17,0.27,0.13,0.23,2,6,0,4,4,25,52,1.9,1.81
198,199,27511,29,2,1,20,,197,18,0,1,1.6,48,5,857,3,15,18,114,34,0,15,0.0,0.04,0.06,7,1,1,84,0,7,12,1.6,0.87
199,200,27511,29,3,1,14,,198,19,1,1,0.7,46,3,615,8,13,13,88,27,0,11,0.05,0.05,0.04,7,2,0,69,0,0,15,0.7,0.55
200,201,28003,24,1,3,12,,199,16,36,13,23.8,328,153,1504,89,12,3,1,10,0,17,1.19,0.43,0.79,1,49,0,7,70,168,243,19.9,5.47
201,202,28003,24,2,3,96,,200,17,25,21,19.4,323,220,1675,88,21,7,1,9,0,21,0.78,0.66,0.61,3,46,0,10,36,203,232,15.4,4.81
202,203,28003,24,3,5,111,,201,18,30,9,22.1,335,215,1954,77,18,6,0,12,0,17,0.89,0.27,0.66,6,39,2,7,20,222,241,17.8,5.69
203,204,28003,90,4,5,15,,202,19,6,14,10.0,291,113,1400,63,10,4,0,5,0,13,0.25,0.59,0.42,3,20,0,4,28,120,156,10.0,3.72
204,205,28003,90,5,5,8,,203,20,16,16,15.5,300,114,1641,93,26,2,0,11,0,27,0.51,0.51,0.49,11,32,0,1,58,126,197,15.5,4.09
205,206,28335,75,1,1,13,,204,19,1,0,0.5,83,10,528,3,29,14,32,21,0,27,0.1,0.0,0.05,16,1,0,9,0,10,11,0.5,0.41
206,207,28335,101,2,1,2,,205,20,1,1,0.1,51,12,433,12,24,18,29,8,0,37,0.11,0.11,0.01,14,2,0,10,0,10,19,0.1,0.32
207,208,28947,32,1,2,41,,206,16,2,4,1.2,92,24,663,29,50,29,22,23,0,43,0.11,0.21,0.06,19,6,1,13,1,21,54,1.2,0.69
208,209,28947,32,3,2,74,,207,18,4,2,3.3,119,55,661,42,21,8,12,16,0,23,0.21,0.1,0.17,8,6,0,10,2,41,79,3.3,1.56
209,210,28947,81,4,4,62,,208,19,1,1,0.8,13,7,112,4,8,3,3,3,0,5,0.21,0.21,0.17,1,2,0,3,2,4,13,0.8,1.65
210,211,28984,124,1,1,13,,209,18,4,1,4.0,48,6,385,4,74,82,181,72,0,55,0.15,0.04,0.14,31,5,3,93,1,5,18,4.0,0.8
211,212,29124,98,1,3,13,,210,22,2,0,3.3,15,8,146,8,4,0,4,2,0,7,0.19,0.0,0.32,1,2,0,52,0,5,19,1.8,1.62
212,213,29260,68,1,1,41,,211,18,1,1,1.5,91,21,1145,8,24,30,96,22,0,8,0.05,0.05,0.07,5,2,1,50,0,13,28,1.5,0.59
213,214,29260,68,2,1,32,,212,19,1,0,0.2,3,6,97,0,3,1,9,2,0,1,0.45,0.0,0.09,1,1,0,4,0,1,3,0.2,0.45
214,215,29401,68,1,2,72,,213,16,2,1,3.0,25,9,307,6,10,5,6,8,0,9,0.25,0.13,0.38,5,3,0,5,1,10,13,3.0,2.17
215,216,29401,68,2,2,16,,214,17,0,1,1.2,23,6,283,8,14,3,13,12,0,19,0.0,0.13,0.16,4,1,0,4,2,9,19,1.2,1.59
216,217,29434,35,2,2,3,,215,18,0,1,0.5,59,11,410,8,29,22,7,10,0,25,0.0,0.1,0.05,14,1,1,8,2,15,21,0.5,1.15
217,218,29594,110,3,3,112,,216,20,1,2,1.6,9,3,150,12,2,2,8,3,0,8,0.15,0.29,0.23,1,3,0,45,1,4,18,1.6,2.05
218,219,29605,122,1,3,59,,217,18,5,2,5.9,20,8,227,15,8,3,9,4,0,7,0.28,0.11,0.32,3,7,0,101,1,8,32,4.3,2.84
219,220,29605,138,5,3,34,,218,22,8,0,5.5,10,5,120,10,6,2,10,7,0,7,0.68,0.0,0.47,4,8,0,35,2,11,24,2.3,2.38
220,221,29962,23,1,2,71,,219,16,0,0,0.5,14,7,132,1,2,3,5,3,0,3,0.0,0.0,0.12,1,0,0,8,0,5,5,0.5,1.28
221,222,29962,106,2,2,2,,220,17,2,0,1.9,96,21,545,3,21,11,21,11,1,25,0.1,0.0,0.09,6,2,0,22,2,14,25,1.9,0.87
222,223,29975,100,1,2,28,,221,16,0,0,0.3,89,3,731,10,11,10,34,20,0,13,0.0,0.0,0.02,3,0,1,19,2,11,23,0.3,0.56
223,224,29993,9,1,1,16,,222,14,0,0,0.9,94,12,1515,3,40,52,98,31,0,30,0.0,0.0,0.04,18,0,0,73,0,7,14,0.9,0.63
224,225,29993,9,2,1,21,,223,15,2,1,1.7,91,4,2333,4,53,67,88,42,0,48,0.07,0.03,0.06,23,3,2,109,1,6,14,1.7,0.56
225,226,29993,9,3,1,25,,224,16,0,0,0.2,42,1,916,5,17,21,41,20,0,20,0.0,0.0,0.01,7,0,1,33,0,1,12,0.2,0.23
226,227,30059,9,1,8,47,,225,14,1,4,1.1,95,16,773,14,43,21,26,26,0,35,0.07,0.26,0.07,18,5,0,35,1,24,30,1.1,1.06
227,228,30059,9,2,7,21,,226,15,2,1,0.9,109,38,907,18,42,24,30,32,0,38,0.13,0.07,0.06,19,3,0,24,0,36,36,0.9,0.98
228,229,30638,114,1,3,44,,227,21,3,1,2.2,18,14,184,5,13,2,6,6,0,7,0.28,0.09,0.2,1,4,0,22,0,9,17,2.2,2.21
229,230,30638,114,2,3,44,,228,22,1,0,1.3,16,12,201,9,8,5,1,9,0,13,0.1,0.0,0.13,0,1,0,30,1,10,28,1.3,1.72
230,231,30677,15,1,1,14,,229,17,0,0,1.6,44,4,793,5,37,33,102,31,2,27,0.0,0.0,0.08,17,0,1,70,0,4,15,1.6,0.81
231,232,31041,65,1,6,52,,230,15,1,0,1.1,43,20,448,4,13,10,16,8,0,8,0.09,0.0,0.09,6,1,0,8,0,18,13,1.1,0.27
232,233,31599,134,6,8,44,,231,21,0,1,0.4,46,15,462,13,24,14,21,16,0,22,0.0,0.07,0.03,13,1,0,12,0,12,27,0.4,0.5
233,234,31909,19,1,2,15,,232,13,0,4,1.4,269,56,1980,64,51,14,13,25,0,57,0.0,0.16,0.06,14,4,1,20,5,61,117,1.4,1.22
234,235,31909,19,2,2,55,,233,14,4,5,3.3,298,61,2224,61,56,23,15,27,0,70,0.14,0.17,0.11,18,9,0,12,4,61,121,3.3,1.93
235,236,31909,19,3,2,113,,234,15,3,10,2.3,269,43,1934,67,42,15,10,26,0,44,0.13,0.43,0.1,11,13,3,12,8,57,120,2.3,1.45
236,237,31909,19,4,2,8,,235,16,1,3,2.2,277,40,2068,51,34,12,13,16,0,36,0.04,0.13,0.09,14,4,1,8,4,46,88,2.2,1.97
237,238,31909,19,5,2,11,,236,17,2,4,1.4,319,51,2255,55,51,24,11,23,1,69,0.08,0.17,0.06,23,6,0,7,4,41,103,1.4,1.29
238,239,31909,19,6,2,10,,237,18,1,8,1.6,290,32,2291,62,53,17,11,22,0,59,0.04,0.34,0.07,24,9,1,8,6,51,100,1.6,1.48
239,240,32113,16,1,1,57,172,238,11,4,1,2.9,165,55,1452,11,76,88,149,52,0,53,0.11,0.03,0.08,33,5,2,111,0,29,34,2.9,0.69
240,241,32113,16,2,1,16,,239,12,1,0,1.7,111,34,1115,16,42,71,121,44,2,35,0.03,0.0,0.06,17,1,1,76,0,31,36,1.7,0.4
241,242,32113,16,3,1,11,,240,13,2,0,1.5,103,35,973,5,30,53,62,22,0,33,0.09,0.0,0.07,13,2,0,48,0,22,35,1.5,0.76
242,243,32113,135,5,1,23,1239,241,15,1,0,2.1,96,22,1389,15,73,50,87,29,0,45,0.04,0.0,0.08,29,1,1,40,1,10,26,2.1,0.58
243,244,32113,135,5,1,23,1240,241,15,1,0,2.1,96,22,1389,15,73,50,87,29,0,45,0.04,0.0,0.08,29,1,1,40,1,10,26,2.1,0.58
244,245,32113,135,6,1,23,2055,242,16,0,0,0.7,59,15,1122,7,27,27,49,20,0,27,0.0,0.0,0.04,16,0,1,19,0,7,18,0.7,0.27
245,246,32113,135,7,1,28,,243,17,0,1,0.2,46,10,673,7,23,23,37,21,0,22,0.0,0.07,0.01,10,1,0,21,2,12,12,0.2,0.3
246,247,32711,65,1,9,52,,244,12,3,2,1.5,43,42,393,25,20,6,12,6,0,17,0.25,0.17,0.12,6,5,0,7,0,21,42,1.5,1.58
247,248,32711,65,2,5,52,,245,13,6,6,6.9,35,38,367,27,24,11,8,21,0,16,0.37,0.37,0.42,5,12,0,10,2,22,54,6.9,2.48
248,249,32711,65,3,5,114,,246,14,0,3,2.3,24,23,235,22,9,10,8,16,0,14,0.0,0.31,0.24,2,3,0,4,1,9,45,2.3,1.95
249,250,32711,65,4,6,9,,247,15,0,4,1.1,19,19,254,18,15,6,8,10,0,24,0.0,0.48,0.13,9,4,0,4,2,11,36,1.1,1.55
250,251,32711,65,5,5,147,,248,16,1,0,0.4,6,7,85,4,6,2,1,2,0,4,0.55,0.0,0.19,2,1,0,2,1,8,6,0.4,3.29
251,252,33218,23,1,2,17,,249,17,0,2,0.6,149,24,1064,31,54,26,41,28,0,63,0.0,0.11,0.03,28,2,0,16,5,25,60,0.6,1.02
252,253,33218,23,2,2,30,,250,18,0,4,0.4,144,17,991,43,37,20,29,28,1,40,0.0,0.23,0.02,16,4,0,9,1,18,74,0.4,0.39
253,254,33218,119,3,2,30,,251,19,0,0,0.6,90,14,628,16,26,12,9,10,1,28,0.0,0.0,0.06,12,0,0,9,0,7,41,0.6,1.45
254,255,33571,16,1,1,14,,252,15,2,4,2.8,102,59,782,28,15,22,69,53,0,24,0.07,0.15,0.11,7,6,2,73,0,37,60,2.8,1.08
255,256,33571,16,2,1,14,,253,16,0,0,2.3,82,49,698,19,15,19,72,20,0,27,0.0,0.0,0.09,11,0,0,59,0,24,35,2.3,0.88
256,257,33571,58,3,1,80,628,254,17,2,0,2.1,104,28,954,13,34,30,62,37,0,37,0.08,0.0,0.09,16,2,3,49,0,21,26,2.1,0.46
257,258,33571,58,4,1,17,,255,18,3,2,1.8,121,47,990,21,23,26,52,25,0,31,0.12,0.08,0.07,9,5,0,75,0,29,46,1.8,0.63
258,259,33571,58,5,1,17,,256,19,1,0,0.6,31,18,330,6,3,3,20,6,0,7,0.13,0.0,0.09,3,1,0,14,1,12,11,0.6,0.67
259,260,33713,22,1,5,11,,257,14,5,2,5.7,52,50,433,21,27,22,8,17,0,22,0.21,0.08,0.24,10,7,0,14,1,33,57,5.7,1.83
260,261,33713,22,2,4,10,,258,15,2,3,3.1,34,34,263,19,13,8,1,13,0,15,0.14,0.21,0.22,3,5,0,7,5,23,41,3.1,2.17
261,262,33713,37,5,5,40,,259,18,2,2,2.2,14,21,180,15,13,9,7,8,0,27,0.16,0.16,0.18,8,4,0,9,1,12,28,2.2,1.59
262,263,33923,68,1,2,43,,260,16,3,2,1.4,157,23,1091,23,59,26,21,33,0,36,0.11,0.07,0.05,20,5,1,24,2,26,66,1.4,0.71
263,264,33923,68,2,2,42,,261,17,0,2,0.9,95,22,951,19,48,22,16,35,0,34,0.0,0.08,0.04,13,2,0,25,2,14,54,0.9,0.56
264,265,34322,41,1,1,11,148,262,15,1,2,0.8,43,14,1244,5,42,26,112,34,0,28,0.04,0.08,0.03,15,3,1,54,1,8,13,0.8,0.45
265,266,34322,41,2,1,11,,263,16,2,0,1.1,27,5,914,2,25,17,68,30,0,21,0.11,0.0,0.06,10,2,1,58,1,3,6,1.1,0.37
266,267,34322,80,6,1,13,,264,20,0,0,0.3,13,1,507,1,21,6,60,15,0,17,0.0,0.0,0.02,13,0,0,25,0,0,5,0.3,0.16
267,268,34344,51,1,1,28,,265,16,0,0,0.2,39,6,586,4,23,8,59,18,0,10,0.0,0.0,0.02,9,0,0,30,0,6,6,0.2,0.26
268,269,34344,27,2,1,3,,266,17,1,0,0.8,38,9,814,6,23,24,75,29,0,16,0.05,0.0,0.04,8,1,0,58,0,4,13,0.8,0.63
269,270,34344,27,3,1,82,,267,18,0,0,0.2,10,2,429,1,18,15,56,15,0,14,0.0,0.0,0.02,10,0,0,27,0,1,4,0.2,0.28
270,271,34691,56,1,1,23,,268,17,0,0,0.1,10,8,105,1,4,4,14,3,0,4,0.0,0.0,0.02,1,0,0,4,0,5,3,0.1,0.39
271,272,34787,9,2,2,33,,269,16,2,2,2.0,77,9,1013,17,42,20,16,37,0,42,0.1,0.1,0.1,18,4,1,20,2,11,34,2.0,0.85
272,273,34787,9,3,2,112,,270,17,2,0,1.0,51,3,557,5,43,12,10,12,0,31,0.17,0.0,0.08,16,2,1,22,2,8,20,1.0,0.59
273,274,35047,63,1,2,10,149,271,14,4,1,2.5,221,55,2248,16,47,47,49,33,0,28,0.13,0.03,0.08,17,5,0,47,2,48,56,2.5,1.13
274,275,35047,63,2,2,50,,272,15,4,5,2.6,148,26,1690,15,28,31,19,26,0,33,0.16,0.2,0.1,14,9,1,21,3,28,32,2.6,1.24
275,276,35047,63,3,2,115,,273,16,0,0,0.6,72,10,745,4,18,22,13,13,0,16,0.0,0.0,0.05,8,0,0,16,2,16,21,0.6,0.96
276,277,35047,63,4,8,5,,274,17,2,0,0.8,86,10,1217,6,42,27,38,24,0,30,0.09,0.0,0.04,18,2,0,31,1,11,25,0.8,0.37
277,278,35047,79,6,1,9,,275,19,2,0,1.0,89,17,1687,3,35,16,119,40,0,24,0.06,0.0,0.03,17,2,0,55,0,16,16,1.0,0.23
278,279,35416,108,2,3,17,,276,16,2,2,8.0,43,29,461,17,41,3,23,14,0,20,0.1,0.1,0.4,5,4,0,85,2,18,42,8.0,2.28
279,280,35416,108,3,5,82,,277,17,8,1,6.9,94,42,697,17,33,2,25,19,0,31,0.3,0.04,0.26,13,9,0,88,1,36,58,6.9,2.67
280,281,35564,88,1,3,20,,278,18,1,4,3.4,10,3,148,14,4,1,10,7,0,3,0.13,0.52,0.44,2,5,0,53,1,1,21,3.4,3.11
281,282,35564,89,2,3,33,,279,19,3,1,4.8,7,5,124,10,0,1,3,4,0,1,0.54,0.18,0.85,0,4,0,27,0,4,20,4.8,5.93
282,283,35743,110,1,3,3,,280,16,2,0,3.6,17,20,189,10,5,2,19,9,0,11,0.15,0.0,0.28,1,2,0,22,0,11,29,2.1,1.37
283,284,35747,114,1,2,73,,281,17,0,0,0.6,171,71,1254,27,58,46,46,44,0,49,0.0,0.0,0.02,25,0,0,67,0,75,68,0.6,0.49
284,285,35747,114,2,2,3,,282,18,1,0,0.7,153,31,1219,17,42,54,62,42,0,43,0.03,0.0,0.02,13,1,1,55,1,26,46,0.7,0.39
285,286,35939,20,1,1,16,,283,16,2,0,1.6,82,16,896,4,20,16,140,30,0,18,0.08,0.0,0.07,9,2,0,70,1,10,12,1.6,0.55
286,287,36207,111,2,4,17,,284,17,0,0,0.3,20,9,110,4,9,1,1,3,0,12,0.0,0.0,0.08,3,0,0,4,0,7,11,0.3,1.85
287,288,36284,30,2,3,33,,285,16,3,1,6.1,9,9,100,7,8,2,14,14,0,13,0.33,0.11,0.68,3,4,0,36,0,3,17,6.1,3.87
288,289,36284,112,5,3,13,,286,19,5,0,6.3,19,5,212,22,15,6,9,6,0,14,0.25,0.0,0.31,3,5,0,71,1,2,57,5.5,2.12
289,290,37304,37,1,5,20,,287,16,5,1,4.6,18,13,198,12,15,7,18,10,0,16,0.35,0.07,0.33,3,6,0,72,0,10,30,4.6,2.12
290,291,37304,37,2,3,25,,288,17,2,2,4.8,20,23,210,20,19,4,16,12,0,19,0.13,0.13,0.31,7,4,0,111,0,12,35,4.8,2.13
291,292,37304,37,4,3,17,,289,19,1,0,0.9,3,5,43,2,9,0,2,4,0,1,0.29,0.0,0.25,1,1,0,24,0,3,5,0.9,2.63
292,293,37647,49,1,4,42,,290,16,4,6,5.6,119,55,842,83,11,8,8,14,0,22,0.19,0.28,0.26,5,10,0,4,19,55,137,3.2,1.75
293,294,37647,49,2,5,84,,291,17,9,4,6.4,128,95,766,87,22,8,12,8,1,26,0.42,0.19,0.3,10,13,0,8,16,66,146,4.1,2.8
294,295,37647,49,3,5,41,,292,18,7,10,5.9,150,78,1027,66,27,8,10,19,2,40,0.26,0.37,0.22,17,17,0,4,6,51,116,5.1,1.64
295,296,37647,49,4,5,25,,293,19,12,10,10.6,187,76,1241,99,16,9,3,9,0,31,0.42,0.35,0.37,7,22,0,3,20,86,191,5.1,2.12
296,297,37647,49,5,4,9,,294,20,4,3,3.0,71,22,386,31,6,0,4,4,0,11,0.43,0.32,0.33,3,7,0,5,7,17,53,2.2,2.91
297,298,37666,24,1,2,22,,295,16,3,7,3.4,104,17,1342,22,78,29,23,46,0,69,0.14,0.33,0.16,30,10,1,39,5,34,49,3.4,1.12
298,299,37666,24,2,2,10,,296,17,8,2,5.2,82,21,1090,23,63,17,16,31,0,58,0.43,0.11,0.28,24,10,1,32,2,34,47,5.2,1.35
299,300,37666,54,3,2,39,,297,18,1,1,2.4,94,18,645,10,27,29,11,23,0,41,0.08,0.08,0.19,12,2,0,19,2,12,30,2.4,1.66
300,301,37666,54,4,2,6,,298,19,1,1,2.0,53,11,498,12,26,7,7,13,0,26,0.12,0.12,0.24,9,2,1,10,4,8,33,2.0,2.19
301,302,37712,87,1,1,17,,299,14,1,1,0.5,65,14,802,5,35,31,104,19,0,20,0.04,0.04,0.02,12,2,1,58,1,9,21,0.5,0.38
302,303,37834,6,1,3,28,,300,14,8,2,8.2,35,21,267,19,16,5,5,9,0,8,0.53,0.13,0.54,1,10,0,23,2,9,50,7.4,2.69
303,304,37834,6,2,3,23,,301,15,9,2,5.5,31,13,312,23,17,4,2,9,0,11,0.58,0.13,0.35,2,11,0,27,3,10,44,4.7,1.86
304,305,37834,6,3,3,6,,302,16,8,0,5.5,18,6,185,12,10,4,2,7,0,8,0.78,0.0,0.53,1,8,0,26,0,7,28,4.7,2.91
305,306,37917,105,1,4,3,,303,16,4,0,2.9,45,32,210,17,8,4,1,4,0,5,0.37,0.0,0.27,0,4,0,7,1,22,35,2.1,2.33
306,307,38094,124,1,1,17,,304,16,0,0,0.0,33,1,274,2,39,18,60,18,0,27,0.0,0.0,0.0,15,0,0,30,0,2,12,0.0,0.06
307,308,38145,85,1,1,17,,305,16,0,0,0.7,41,3,731,5,35,26,120,23,0,32,0.0,0.0,0.03,16,0,2,61,0,2,14,0.7,0.33
308,309,38410,112,1,6,32,,306,15,7,3,6.5,155,107,1101,58,93,50,72,66,0,103,0.23,0.1,0.21,44,10,1,39,2,75,113,1.8,1.44
309,310,38410,112,2,4,38,,307,16,2,2,3.4,105,66,626,40,58,25,39,67,0,74,0.08,0.08,0.13,27,4,0,58,3,47,89,2.6,1.69
310,311,38410,59,3,4,14,,308,17,6,4,4.8,114,64,795,51,71,38,41,45,0,92,0.2,0.14,0.16,29,10,0,30,2,62,95,2.4,1.25
311,312,38410,59,4,7,23,,309,18,4,2,4.3,77,52,629,23,46,18,33,36,0,72,0.18,0.09,0.19,27,6,0,30,1,44,65,1.9,1.48
312,313,38410,59,5,7,30,,310,19,1,0,0.4,16,7,107,4,8,3,2,3,0,5,0.31,0.0,0.12,4,1,0,5,0,5,10,0.4,1.86
313,314,38607,67,1,5,33,173,311,9,2,2,3.2,29,38,318,10,10,5,5,12,0,7,0.17,0.17,0.27,4,4,0,4,0,25,28,3.2,2.09
314,315,38607,114,2,3,52,400,312,10,2,0,2.1,21,29,255,18,11,3,2,9,0,15,0.17,0.0,0.18,3,2,1,7,1,14,50,2.1,2.08
315,316,38607,40,4,5,108,992,313,12,5,0,2.3,45,27,249,14,16,9,11,17,0,23,0.33,0.0,0.15,9,5,0,2,3,14,41,2.3,1.71
316,317,38607,40,4,5,108,993,313,12,5,0,2.3,45,27,249,14,16,9,11,17,0,23,0.33,0.0,0.15,9,5,0,2,3,14,41,2.3,1.71
317,318,38607,40,4,5,108,994,313,12,5,0,2.3,45,27,249,14,16,9,11,17,0,23,0.33,0.0,0.15,9,5,0,2,3,14,41,2.3,1.71
318,319,38607,115,5,5,3,1527,314,13,2,2,3.3,60,50,340,25,28,8,14,16,0,19,0.09,0.09,0.14,9,4,0,7,7,27,49,3.3,1.73
319,320,39025,62,1,2,52,,315,13,0,3,2.9,126,22,825,23,41,20,31,49,0,61,0.0,0.14,0.14,20,3,0,31,6,24,61,2.9,1.88
320,321,39025,62,2,2,14,,316,14,0,2,1.1,72,12,495,20,33,17,24,22,0,49,0.0,0.13,0.07,16,2,0,24,1,13,35,1.1,1.11
321,322,39025,62,3,2,80,,317,15,0,2,2.1,67,10,518,24,43,27,23,39,0,70,0.0,0.1,0.11,23,2,0,28,1,7,49,2.1,1.1
322,323,39025,112,5,2,27,,318,17,0,1,0.9,33,11,310,4,17,5,15,16,0,17,0.0,0.11,0.1,5,1,0,14,2,3,15,0.9,1.69
323,324,39094,111,1,1,28,,319,15,0,0,1.2,79,30,858,5,24,20,79,17,0,14,0.0,0.0,0.07,7,0,1,41,0,8,11,1.2,0.64
324,325,39106,8,1,3,23,,320,15,6,3,9.6,30,12,299,27,19,4,8,8,0,11,0.33,0.17,0.53,4,9,0,46,0,16,60,9.6,3.65
325,326,39106,62,2,3,23,,321,16,1,1,4.5,23,10,181,14,8,2,14,9,0,11,0.08,0.08,0.36,1,2,0,59,1,6,32,4.5,2.35
326,327,39106,62,3,3,82,,322,17,1,0,2.4,20,5,113,6,7,2,4,4,0,8,0.12,0.0,0.29,2,1,0,25,2,2,15,2.4,1.72
327,328,39106,62,4,3,61,,323,18,1,0,1.3,2,0,40,4,3,0,0,2,0,2,0.35,0.0,0.46,0,1,0,8,0,3,6,1.3,3.12
328,329,39152,13,1,3,16,,324,17,15,2,15.2,47,22,513,18,34,3,23,11,0,27,0.53,0.07,0.53,8,17,2,92,6,20,46,12.0,3.17
329,330,39152,50,4,3,28,1021,325,20,6,0,4.9,15,8,132,5,2,2,11,4,0,4,0.64,0.0,0.53,1,6,0,27,0,6,17,4.9,3.54
330,331,39152,50,5,5,3,,326,21,2,0,2.9,14,2,123,3,4,2,10,5,0,8,0.29,0.0,0.42,1,2,0,23,0,5,10,2.1,2.92
331,332,39152,50,6,9,3,,327,22,1,0,2.7,7,7,92,4,7,3,4,2,0,3,0.22,0.0,0.6,1,1,0,14,1,4,13,2.0,3.54
332,333,39153,55,1,3,55,,328,15,5,0,4.9,17,12,244,15,10,1,5,4,0,11,0.41,0.0,0.4,2,5,0,7,5,11,33,4.9,3.82
333,334,39153,68,2,3,65,,329,16,8,4,9.7,55,45,523,38,13,6,14,12,0,31,0.39,0.19,0.47,4,12,0,7,3,28,90,9.7,3.62
334,335,39381,19,1,3,18,,330,14,8,3,9.1,62,73,567,18,16,11,13,19,0,20,0.4,0.15,0.46,6,11,0,37,2,44,51,8.3,3.78
335,336,39381,19,2,5,31,,331,15,2,2,4.0,35,48,363,12,9,6,9,8,1,14,0.17,0.17,0.33,3,4,0,28,0,39,36,4.0,2.81
336,337,39381,88,3,3,50,,332,16,11,2,5.8,43,31,285,21,17,8,16,13,0,14,1.08,0.2,0.57,7,13,0,23,2,21,47,5.8,3.72
337,338,39381,19,4,3,11,,333,17,1,0,1.2,8,6,45,2,2,2,1,2,0,4,0.32,0.0,0.39,1,1,0,7,0,3,2,1.2,4.82
338,339,39426,121,1,4,23,,334,15,3,0,2.4,21,19,184,13,18,1,7,9,0,27,0.3,0.0,0.24,8,3,0,3,0,18,24,2.4,2.0
339,340,39690,122,1,4,30,,335,15,0,1,0.2,16,5,92,8,11,7,3,2,0,6,0.0,0.36,0.09,3,1,0,6,1,6,14,0.2,2.14
340,341,39828,110,1,2,2,,336,15,3,2,3.0,93,30,569,20,64,36,50,40,0,53,0.1,0.07,0.1,19,5,1,22,0,30,47,3.0,0.65
341,342,39828,110,2,2,13,,337,16,1,2,1.6,44,15,399,15,43,17,32,26,0,45,0.05,0.11,0.09,16,3,0,17,1,15,23,1.6,0.91
342,343,39909,3,3,4,2,,338,19,0,0,0.9,16,9,72,2,6,1,2,2,0,3,0.0,0.0,0.41,3,0,0,1,0,5,9,0.9,2.25
343,344,40074,7,3,8,112,,339,16,1,0,1.3,77,14,692,5,33,30,51,30,0,42,0.06,0.0,0.07,21,1,2,28,1,10,20,1.3,0.74
344,345,40372,54,1,2,6,,340,18,0,1,0.5,132,33,1107,20,22,16,27,11,0,30,0.0,0.07,0.04,8,1,2,3,1,32,53,0.5,0.88
345,346,40372,54,2,2,28,,341,19,2,0,1.8,68,31,480,10,18,8,9,12,0,24,0.19,0.0,0.18,6,2,0,6,0,24,24,1.8,1.06
346,347,40433,60,1,5,31,,342,14,1,3,1.5,50,37,290,21,17,9,2,7,0,13,0.1,0.31,0.15,5,4,0,7,6,23,45,1.5,1.74
347,348,40433,54,2,3,22,494,343,15,4,8,4.3,62,22,288,33,9,3,1,7,1,13,0.39,0.78,0.42,5,12,0,5,3,15,68,3.5,2.05
348,349,40433,54,2,3,22,495,343,15,4,8,4.3,62,22,288,33,9,3,1,7,1,13,0.39,0.78,0.42,5,12,0,5,3,15,68,3.5,2.05
349,350,40433,54,3,3,11,578,344,16,7,5,6.4,62,28,398,33,14,7,1,11,0,18,0.55,0.39,0.5,5,12,1,9,6,20,79,5.6,2.2
350,351,40433,54,4,3,32,,345,17,5,2,4.3,76,22,348,20,9,2,3,4,0,11,0.51,0.2,0.44,2,7,0,10,5,14,53,4.3,3.37
351,352,40433,49,5,5,33,1528,346,18,14,3,12.6,127,42,681,55,27,5,6,14,0,24,0.47,0.1,0.42,3,17,0,35,14,24,116,10.2,2.12
352,353,40433,54,6,5,14,2253,347,19,2,5,3.2,53,16,276,18,7,1,3,4,0,4,0.24,0.59,0.38,1,7,0,8,5,16,35,2.5,2.01
353,354,40605,126,1,1,59,,348,14,0,2,0.2,62,34,503,24,44,13,58,17,0,40,0.0,0.14,0.02,22,2,0,22,0,30,39,0.2,0.55
354,355,40611,37,1,1,11,,349,13,1,0,1.2,94,49,786,22,46,28,51,27,0,31,0.04,0.0,0.05,16,1,0,37,2,34,53,1.2,0.67
355,356,40611,37,2,1,16,,350,14,1,1,1.7,130,78,1250,30,47,37,31,27,1,58,0.03,0.03,0.06,26,2,1,58,2,38,73,1.7,0.59
356,357,40611,37,3,1,116,,351,15,0,1,0.4,101,46,1186,14,60,30,41,19,0,48,0.0,0.03,0.01,30,1,1,37,0,41,43,0.4,0.28
357,358,40613,56,1,2,21,,352,14,1,2,1.4,99,21,1083,18,51,29,82,39,0,46,0.03,0.05,0.04,18,3,2,51,3,25,50,1.4,0.46
358,359,40613,56,2,2,16,,353,15,0,0,2.0,67,13,725,12,35,28,49,34,0,62,0.0,0.0,0.07,12,0,0,54,2,22,31,2.0,0.62
359,360,40613,56,4,2,6,,354,17,1,0,0.7,46,12,423,6,20,17,29,17,0,20,0.05,0.0,0.04,7,1,1,26,0,7,11,0.7,0.38
360,361,40660,67,1,3,2,,355,18,2,0,3.2,6,7,115,8,2,4,7,4,0,3,0.3,0.0,0.49,0,2,0,7,1,6,19,3.2,2.24
361,362,40888,98,1,2,9,,356,16,1,2,0.5,138,14,1026,32,47,24,11,18,0,59,0.04,0.09,0.02,19,3,0,20,2,17,66,0.5,0.66
362,363,40888,98,2,2,14,,357,17,0,0,0.1,18,2,162,10,6,4,6,6,0,13,0.0,0.0,0.03,2,0,0,4,0,3,14,0.1,1.14
363,364,41414,6,1,2,41,,358,16,0,2,0.6,170,18,1221,30,91,52,43,27,0,79,0.0,0.09,0.03,38,2,3,40,5,20,53,0.6,0.68
364,365,41414,6,2,2,21,,359,17,0,1,0.5,124,18,978,19,60,47,34,29,1,72,0.0,0.05,0.02,28,1,1,38,2,16,42,0.5,0.5
365,366,41414,6,3,2,6,,360,18,0,0,0.4,163,23,1274,7,68,57,21,21,0,86,0.0,0.0,0.02,30,0,0,47,1,25,36,0.4,0.51
366,367,41416,29,1,2,6,,361,15,3,6,4.1,142,42,1135,31,84,39,55,64,0,78,0.09,0.18,0.12,30,9,0,47,4,27,73,4.1,1.0
367,368,41416,29,2,2,25,,362,16,0,3,2.0,174,54,1166,34,88,60,56,69,0,106,0.0,0.09,0.06,37,3,0,43,4,42,70,2.0,0.82
368,369,41416,29,4,2,23,,363,18,0,3,0.3,84,29,773,16,33,30,27,23,0,44,0.0,0.19,0.02,16,3,0,22,3,26,35,0.3,0.56
369,370,41541,33,4,3,30,,364,15,2,0,0.8,10,9,112,12,2,2,1,4,0,2,0.52,0.0,0.21,0,2,0,14,0,7,19,0.8,2.86
370,371,42033,111,1,8,3,,365,14,0,0,0.2,57,8,453,4,23,34,45,35,0,28,0.0,0.0,0.01,10,0,1,27,0,4,13,0.2,0.58
371,372,42072,137,6,2,2,,366,19,3,2,3.6,44,15,413,28,20,9,12,16,0,24,0.2,0.13,0.24,8,5,0,13,1,12,57,1.2,1.2
372,373,42412,57,2,1,41,,367,16,1,1,3.7,157,31,2178,8,48,57,174,33,1,39,0.03,0.03,0.1,28,2,4,126,1,13,35,3.7,0.61
373,374,42412,57,3,1,5,,368,17,2,2,1.7,96,7,1592,10,25,46,98,8,0,20,0.07,0.07,0.06,14,4,1,92,1,5,19,1.7,0.29
374,375,42412,57,4,1,25,,369,18,1,1,0.6,49,1,846,4,24,20,59,17,0,22,0.07,0.07,0.04,14,2,0,48,1,3,10,0.6,0.2
375,376,42783,59,1,5,23,,370,12,4,4,2.9,29,41,299,30,64,27,32,28,0,53,0.18,0.18,0.13,22,8,0,54,0,24,51,2.9,1.62
376,377,42783,59,2,5,33,,371,13,1,0,2.6,9,15,98,9,15,13,14,23,1,21,0.13,0.0,0.34,5,1,0,27,1,11,19,1.9,1.92
377,378,42783,59,3,5,3,,372,14,8,3,5.0,29,22,247,18,31,14,24,35,0,44,0.35,0.13,0.22,9,11,0,68,2,15,30,5.0,1.9
378,379,42783,59,4,4,40,,373,15,5,2,2.9,31,25,232,19,36,15,43,38,0,50,0.21,0.09,0.12,17,7,0,58,0,17,36,2.9,1.93
379,380,42783,59,5,5,3,,374,16,2,0,0.4,8,3,33,1,9,4,14,9,0,12,0.46,0.0,0.09,8,2,0,13,0,5,3,0.4,1.61
380,381,42920,77,2,2,13,,375,14,0,1,0.4,112,13,584,9,27,25,10,15,1,27,0.0,0.08,0.03,9,1,0,8,3,17,25,0.4,1.01
381,382,42936,94,1,3,32,,376,14,10,3,7.2,30,13,349,21,29,13,34,28,0,24,0.47,0.14,0.34,4,13,0,88,0,13,45,5.6,2.19
382,383,42936,94,2,5,20,,377,15,11,2,8.9,34,12,327,34,19,10,67,32,0,28,0.41,0.07,0.33,10,13,0,86,2,10,59,8.1,2.0
383,384,42936,94,3,3,38,,378,16,8,0,6.3,16,4,154,10,11,9,28,25,0,21,0.55,0.0,0.44,3,8,0,31,1,3,26,5.5,2.21
384,385,42936,94,4,3,14,,379,17,5,1,2.5,9,4,83,7,5,2,17,7,0,13,0.78,0.16,0.39,1,6,0,23,0,4,12,2.5,2.17
385,386,42936,94,5,3,17,,380,18,1,0,1.2,5,1,33,1,6,1,6,11,0,5,0.32,0.0,0.39,2,1,0,14,0,1,5,1.2,2.92
386,387,43003,41,1,1,47,,381,17,1,3,1.3,87,32,1146,11,35,31,62,28,0,25,0.05,0.15,0.06,15,4,0,36,0,25,36,1.3,0.34
387,388,43003,96,3,1,108,,382,19,1,1,1.2,71,24,976,11,31,31,43,14,0,20,0.04,0.04,0.05,7,2,0,32,0,26,27,1.2,0.52
388,389,43256,10,3,1,30,,383,17,2,2,1.5,88,17,1502,8,35,52,123,33,1,21,0.07,0.07,0.05,16,4,1,67,0,10,17,1.5,0.38
389,390,43530,21,1,4,26,,384,15,0,0,0.3,30,18,251,9,16,5,4,10,0,12,0.0,0.0,0.05,5,0,0,8,1,9,24,0.3,0.96
390,391,43530,21,2,4,16,,385,16,1,1,0.8,23,9,229,4,19,5,3,7,0,21,0.24,0.24,0.18,6,2,0,4,1,11,8,0.8,1.18
391,392,43530,25,3,4,78,629,386,17,1,1,1.6,109,33,792,25,28,15,13,18,0,39,0.06,0.06,0.09,8,2,0,10,2,15,56,1.6,1.24
392,393,43530,25,4,2,6,,387,18,0,1,1.1,76,17,836,8,34,16,13,16,0,41,0.0,0.06,0.06,12,1,1,15,1,21,28,1.1,1.1
393,394,43530,25,5,4,3,,388,19,2,1,0.9,33,10,262,14,9,2,1,6,0,7,0.25,0.12,0.11,0,3,0,8,0,4,22,0.9,1.0
394,395,43530,25,6,4,74,,389,20,0,1,0.8,39,9,451,15,8,3,1,2,0,4,0.0,0.11,0.09,0,1,0,3,3,12,28,0.8,1.16
395,396,43763,101,1,1,25,,390,14,1,1,1.1,60,20,515,12,49,17,56,21,0,33,0.07,0.07,0.08,25,2,0,21,3,15,28,1.1,0.86
396,397,43763,56,2,7,9,,391,15,0,4,0.5,50,21,699,18,54,28,60,30,0,69,0.0,0.19,0.02,28,4,1,32,3,30,26,0.5,0.67
397,398,43763,56,3,7,14,,392,16,0,1,0.2,37,14,449,5,30,12,34,30,0,39,0.0,0.07,0.01,19,1,0,13,0,13,19,0.2,0.28
398,399,43984,62,1,1,23,,393,15,3,5,3.1,98,47,947,40,27,26,58,30,0,33,0.12,0.2,0.13,18,8,0,22,1,46,67,0.7,0.61
399,400,43984,62,2,1,28,,394,16,2,4,2.0,77,43,662,55,40,14,58,16,0,34,0.11,0.21,0.1,15,6,0,23,0,35,93,1.2,1.16
400,401,43984,62,3,6,3,,395,17,2,1,2.0,64,21,531,27,19,14,33,18,0,31,0.13,0.06,0.12,12,3,0,9,1,16,44,0.4,0.5
401,402,44045,35,1,7,3,,396,14,1,1,1.8,56,51,540,14,46,14,28,22,0,36,0.06,0.06,0.11,20,2,0,28,0,33,30,1.8,1.21
402,403,44065,53,1,2,17,,397,16,3,1,1.8,113,39,988,29,50,26,34,42,0,50,0.13,0.04,0.08,17,4,2,21,5,36,79,1.8,1.34
403,404,44065,53,2,2,23,,398,17,1,0,1.7,18,5,161,11,10,2,5,3,0,11,0.19,0.0,0.33,5,1,0,8,2,6,22,1.7,1.33
404,405,44136,27,1,1,14,,399,16,2,4,1.8,181,72,1282,48,111,70,142,40,1,83,0.06,0.12,0.05,57,6,0,44,3,71,88,1.1,0.88
405,406,44136,27,2,1,14,,400,17,8,0,8.3,104,28,970,22,53,53,81,25,0,56,0.35,0.0,0.36,24,8,1,23,1,23,37,0.4,0.61
406,407,44136,27,3,1,112,,401,18,1,0,0.9,83,39,872,6,43,44,51,27,0,39,0.05,0.0,0.05,22,1,0,20,0,19,20,0.1,0.26
407,408,44412,43,2,4,30,,402,20,0,0,0.3,16,2,257,0,4,1,7,4,0,1,0.0,0.0,0.12,1,0,0,3,0,3,4,0.3,0.34
408,409,44421,139,5,1,44,,403,20,1,0,1.0,31,3,607,0,13,15,91,20,1,12,0.05,0.0,0.05,8,1,1,38,0,1,3,1.0,0.15
409,410,44466,7,1,2,23,150,404,12,0,0,0.5,55,13,445,18,31,19,14,17,0,35,0.0,0.0,0.05,16,0,0,16,5,13,31,0.5,0.39
410,411,44466,7,1,2,23,151,404,12,0,0,0.5,55,13,445,18,31,19,14,17,0,35,0.0,0.0,0.05,16,0,0,16,5,13,31,0.5,0.39
411,412,44466,7,2,2,23,327,405,13,3,3,0.7,129,37,1006,23,58,34,13,32,0,59,0.14,0.14,0.03,17,6,0,22,0,30,59,0.7,0.6
412,413,44466,7,3,2,14,,406,14,1,0,0.1,112,36,877,19,44,47,18,30,0,46,0.06,0.0,0.0,14,1,0,20,0,31,44,0.1,0.17
413,414,44466,7,4,2,14,,407,15,1,0,0.8,54,10,336,12,15,13,8,11,0,17,0.12,0.0,0.1,5,1,0,9,1,7,31,0.8,0.71
414,415,44466,7,5,2,28,,408,16,4,1,0.9,105,23,711,12,38,16,12,18,0,45,0.25,0.06,0.06,14,5,0,12,4,16,32,0.9,0.57
415,416,44686,84,3,2,2,,409,20,1,0,1.4,100,28,730,12,26,33,72,18,0,27,0.04,0.0,0.06,9,1,0,30,1,14,24,1.4,0.32
416,417,44741,25,1,2,48,,410,15,1,1,0.4,32,16,194,4,28,15,25,17,0,21,0.1,0.1,0.04,5,2,0,15,1,12,9,0.4,0.48
417,418,44948,38,3,5,59,,411,15,1,1,1.5,20,8,150,8,9,2,0,7,0,7,0.16,0.16,0.25,3,2,0,4,1,8,15,1.5,1.79
418,419,44948,38,4,5,59,,412,16,2,1,1.1,3,2,18,1,0,0,1,1,0,1,3.1,1.55,1.75,0,3,0,0,0,2,4,1.1,4.66
419,420,44983,100,1,2,23,,413,13,2,1,1.9,116,7,776,11,57,20,46,33,0,53,0.1,0.05,0.1,28,3,1,33,3,18,28,1.9,1.09
420,421,44983,100,2,2,33,,414,14,3,1,2.9,55,10,407,10,26,20,26,31,0,27,0.21,0.07,0.21,6,4,0,21,1,10,24,2.9,0.93
421,422,44983,85,4,2,87,,415,16,1,0,0.2,4,2,55,1,2,0,3,2,0,6,0.54,0.0,0.12,2,1,0,5,0,1,2,0.2,1.08
422,423,45121,31,1,3,20,,416,16,7,2,6.4,18,18,169,8,2,2,17,3,0,3,0.52,0.15,0.48,0,9,1,36,1,4,24,4.9,2.39
423,424,45121,31,2,3,23,,417,17,7,0,4.6,20,19,168,8,4,0,7,1,0,4,0.65,0.0,0.43,0,7,0,12,1,13,31,4.6,2.62
424,425,45314,5,1,1,47,,418,16,5,0,2.5,100,19,1208,6,28,53,171,45,0,25,0.16,0.0,0.08,12,5,2,112,2,7,21,2.5,0.96
425,426,45314,5,2,1,6,,419,17,1,0,0.5,36,9,587,1,19,19,52,8,1,11,0.07,0.0,0.04,6,1,0,33,0,4,8,0.5,0.3
426,427,45314,5,3,1,108,,420,18,1,0,0.2,20,4,272,1,3,7,18,3,0,4,0.22,0.0,0.04,3,1,1,17,1,9,3,0.2,0.67
427,428,45314,73,4,1,30,1111,421,19,1,0,1.5,40,19,512,8,17,27,67,21,1,12,0.06,0.0,0.09,9,1,1,54,1,16,17,1.5,1.0
428,429,45314,73,5,1,27,,422,20,1,0,0.7,40,13,410,3,15,28,61,9,1,11,0.08,0.0,0.06,4,1,0,36,0,11,12,0.7,0.92
429,430,45314,73,6,1,29,,423,21,1,0,0.4,27,2,440,3,18,17,99,22,1,14,0.07,0.0,0.03,8,1,1,50,0,0,9,0.4,0.53
430,431,45319,87,1,1,9,,424,16,2,1,1.8,52,5,640,2,35,26,75,24,0,36,0.1,0.05,0.09,18,3,1,46,0,8,11,1.8,0.57
431,432,45383,77,2,3,33,,425,16,2,0,3.1,50,58,350,26,7,4,8,6,0,19,0.12,0.0,0.19,2,2,0,43,0,38,52,2.3,1.06
432,433,45383,77,3,5,62,,426,17,1,1,1.4,23,12,137,4,3,0,3,3,0,5,0.19,0.19,0.27,1,2,0,17,0,11,16,1.4,1.87
433,434,45389,69,2,5,87,,427,15,8,0,6.7,7,8,166,6,2,1,10,3,0,8,0.56,0.0,0.47,0,8,0,28,0,1,23,5.2,2.09
434,435,45389,69,3,3,62,,428,16,0,0,1.4,7,10,81,4,1,0,5,1,0,3,0.0,0.0,0.3,0,0,0,25,0,4,14,1.4,1.62
435,436,45403,131,5,5,28,1394,429,17,0,0,1.0,11,3,53,1,5,0,7,6,0,4,0.0,0.0,0.3,2,0,0,14,0,3,3,0.3,0.85
436,437,45403,132,6,3,40,,430,18,5,0,3.1,23,14,197,8,15,2,11,8,1,9,0.41,0.0,0.25,6,5,0,44,0,10,27,3.1,2.61
437,438,45403,132,7,3,13,,431,20,0,0,1.1,6,2,76,1,6,1,4,2,0,5,0.0,0.0,0.2,3,0,0,16,0,2,5,1.1,1.25
438,439,45565,40,1,1,3,,432,16,0,1,0.3,39,26,271,7,13,16,25,19,0,17,0.0,0.12,0.04,7,1,1,10,0,20,11,0.3,0.6
439,440,45567,110,1,3,60,,433,15,0,0,0.4,23,27,227,9,30,11,11,8,0,17,0.0,0.0,0.03,9,0,1,16,1,22,24,0.4,0.34
440,441,45581,125,1,2,14,,434,12,1,0,1.0,19,10,245,5,22,14,15,12,0,17,0.14,0.0,0.14,7,1,0,12,0,6,17,1.0,1.37
441,442,45581,73,4,8,27,,435,15,0,1,1.3,20,10,275,14,23,10,7,17,0,12,0.0,0.08,0.1,5,1,0,16,0,12,21,1.3,0.79
442,443,45599,32,1,1,9,,436,14,2,2,0.5,105,70,991,28,51,31,55,29,1,42,0.09,0.09,0.02,25,4,1,23,0,53,55,0.5,0.34
443,444,45662,32,1,4,3,,437,13,0,0,1.7,24,34,295,19,17,12,16,17,0,21,0.0,0.0,0.12,6,0,0,15,1,23,46,1.7,2.09
444,445,45662,39,2,5,13,,438,14,0,0,0.1,4,5,53,3,6,7,7,8,0,8,0.0,0.0,0.04,3,0,1,5,0,2,5,0.1,0.85
445,446,45693,25,1,3,23,,439,19,13,1,11.4,41,12,353,12,17,2,17,20,0,20,0.47,0.04,0.41,4,14,1,170,0,14,35,8.1,1.79
446,447,45693,25,2,3,23,,440,20,1,1,2.4,15,6,104,3,5,1,12,6,0,9,0.11,0.11,0.27,2,2,0,37,0,4,12,2.4,2.03
447,448,46001,88,1,4,11,,441,13,0,3,0.9,97,79,1197,25,36,16,25,31,0,29,0.0,0.12,0.04,15,3,2,23,0,58,50,0.9,0.58
448,449,46001,88,2,2,26,,442,14,2,1,2.2,96,72,1135,16,39,27,43,19,0,48,0.07,0.04,0.08,20,3,2,26,3,39,37,2.2,0.55
449,450,46001,88,3,2,11,,443,15,0,0,0.2,57,32,679,4,22,23,25,11,0,20,0.0,0.0,0.01,8,0,0,16,0,30,17,0.2,0.17
450,451,46001,85,4,2,47,1027,444,16,2,1,3.8,116,51,922,37,53,30,64,42,0,42,0.06,0.03,0.11,28,3,0,64,5,35,75,3.7,0.7
451,452,46001,71,5,2,9,1340,445,17,2,0,2.4,105,33,628,17,26,16,17,22,0,18,0.09,0.0,0.11,12,2,0,24,0,30,35,2.4,0.8
452,453,46001,71,6,2,28,,446,18,0,0,1.3,74,30,547,14,27,12,31,8,0,25,0.0,0.0,0.06,12,0,0,14,3,25,36,1.3,0.49
453,454,46156,5,1,1,5,,447,17,8,2,5.0,165,105,1599,58,38,41,82,23,1,34,0.25,0.06,0.15,21,10,2,38,1,70,114,2.6,1.24
454,455,46156,5,2,1,20,,448,18,7,3,6.7,111,86,1445,56,37,31,57,20,0,37,0.23,0.1,0.22,20,10,0,42,5,46,115,3.5,2.24
455,456,46156,54,3,1,38,,449,19,0,1,0.1,41,14,310,6,4,7,8,2,0,2,0.0,0.23,0.03,1,1,0,11,0,14,15,0.1,1.38
456,457,46413,47,2,3,62,240,450,13,13,2,11.1,33,34,372,13,31,8,29,21,0,29,0.42,0.07,0.36,7,15,0,153,0,28,53,9.5,1.76
457,458,46413,77,3,3,32,588,451,14,11,0,9.2,29,14,238,9,20,2,17,17,0,15,0.61,0.0,0.51,4,11,1,134,0,15,26,9.2,2.6
458,459,46413,77,3,3,32,589,451,14,11,0,9.2,29,14,238,9,20,2,17,17,0,15,0.61,0.0,0.51,4,11,1,134,0,15,26,9.2,2.6
459,460,46413,77,4,3,25,837,452,15,8,2,8.3,23,19,204,10,24,3,16,22,0,19,0.41,0.1,0.43,6,10,0,106,2,12,28,6.8,2.23
460,461,46413,77,5,3,6,,453,16,8,0,7.6,23,23,194,10,19,5,19,10,0,10,0.4,0.0,0.38,2,8,0,97,1,16,34,7.6,2.9
461,462,46413,77,6,3,6,,454,17,17,2,14.2,42,21,241,12,21,5,18,19,0,14,0.63,0.07,0.53,5,19,0,158,1,12,42,11.1,2.7
462,463,46413,77,7,3,9,,455,18,10,1,7.2,15,12,122,9,10,1,12,12,0,5,0.66,0.07,0.47,2,11,0,71,1,9,25,4.2,2.49
463,464,46552,13,1,1,11,,456,15,1,0,1.4,107,30,1366,2,32,61,200,25,0,32,0.03,0.0,0.04,16,1,1,95,1,8,11,1.4,0.48
464,465,46552,118,3,1,106,,457,17,2,1,3.4,67,3,1148,4,44,62,153,37,1,53,0.06,0.03,0.1,25,3,0,87,0,6,18,3.4,0.81
465,466,46741,55,1,1,49,,458,16,3,2,2.6,247,54,2317,17,41,35,149,33,0,28,0.08,0.06,0.07,21,5,1,82,42,49,45,2.6,0.95
466,467,46741,41,2,1,11,,459,17,2,1,1.6,106,21,1537,4,28,32,133,42,2,24,0.06,0.03,0.05,13,3,2,51,12,13,12,1.6,0.74
467,468,46741,41,3,1,5,,460,18,1,0,0.9,68,22,836,2,12,16,50,16,1,4,0.06,0.0,0.06,4,1,2,35,3,15,14,0.9,0.97
468,469,46972,78,2,3,14,,461,14,11,3,11.2,22,46,424,30,12,6,7,13,0,23,0.34,0.09,0.35,1,14,0,5,1,24,63,9.7,2.43
469,470,46972,78,4,3,25,,462,16,11,3,11.4,34,62,399,27,23,4,3,21,0,29,0.3,0.08,0.32,6,14,0,15,2,27,63,9.1,1.88
470,471,47085,125,1,1,17,,463,15,1,0,0.3,25,7,305,2,9,13,34,5,0,10,0.12,0.0,0.04,7,1,0,16,0,7,6,0.3,0.49
471,472,47085,114,2,1,27,,464,16,0,1,0.8,66,31,776,9,26,30,65,32,1,21,0.0,0.05,0.04,10,1,1,27,0,18,20,0.8,0.51
472,473,47285,65,1,5,33,,465,15,0,2,0.8,29,18,207,14,12,3,1,3,0,11,0.0,0.33,0.13,3,2,0,0,0,11,31,0.8,2.45
473,474,47893,103,2,2,48,,466,15,0,0,0.6,74,15,874,9,68,29,23,21,0,60,0.0,0.0,0.03,22,0,0,20,0,11,29,0.6,0.89
474,475,48002,64,1,1,21,,467,15,1,1,1.8,43,6,665,4,31,35,101,29,0,23,0.05,0.05,0.09,14,2,0,79,1,5,16,1.8,0.67
475,476,48002,64,2,1,20,,468,16,2,0,1.8,50,5,745,2,38,27,134,50,0,32,0.06,0.0,0.06,18,2,1,102,1,5,11,1.8,0.42
476,477,48002,64,3,1,38,,469,17,3,0,1.7,36,7,830,4,26,30,119,25,0,17,0.11,0.0,0.06,9,3,0,63,0,4,12,1.7,0.47
477,478,48002,64,4,1,23,,470,18,1,0,0.3,14,2,405,0,7,11,29,5,0,7,0.1,0.0,0.03,3,1,0,27,0,0,3,0.3,0.29
478,479,48066,64,1,3,41,,471,14,0,0,2.2,9,1,83,4,4,1,8,3,0,4,0.0,0.0,0.43,1,0,0,46,0,2,12,2.2,2.73
479,480,48066,83,2,3,20,,472,15,0,4,1.2,17,4,129,12,5,2,24,2,0,8,0.0,0.57,0.17,2,4,1,89,0,5,19,1.2,2.28
480,481,48066,83,3,3,108,,473,16,1,0,0.8,12,2,85,2,3,0,14,1,0,8,0.23,0.0,0.19,1,1,0,52,0,1,10,0.8,3.21
481,482,48081,104,2,1,2,,474,16,1,2,1.0,45,5,495,11,26,25,92,16,0,42,0.07,0.13,0.07,20,3,0,40,2,5,19,1.0,0.59
482,483,48280,90,1,3,55,,475,16,18,5,14.5,16,16,272,13,11,6,16,11,0,13,0.97,0.27,0.78,3,23,0,4,3,10,35,10.6,2.53
483,484,48280,90,2,3,8,,476,17,4,1,8.7,13,3,114,10,5,1,2,7,0,3,0.6,0.15,1.29,0,5,0,4,1,1,22,7.9,4.02
484,485,48280,60,3,3,11,,477,18,10,3,8.0,30,5,264,14,12,6,11,2,0,13,0.65,0.2,0.52,2,13,0,10,2,4,31,8.0,2.23
485,486,48280,60,4,3,25,,478,19,2,1,3.4,9,2,176,7,4,2,8,6,0,8,0.23,0.12,0.4,2,3,0,7,0,5,11,3.4,2.11
486,487,48280,20,5,3,14,,479,20,5,2,6.0,20,8,263,12,7,2,11,10,0,15,0.31,0.12,0.37,3,7,0,20,4,7,24,3.6,1.93
487,488,48298,65,1,5,10,,480,14,3,1,2.3,85,20,624,22,21,14,13,22,0,15,0.18,0.06,0.14,3,4,0,19,4,17,65,2.3,2.03
488,489,48298,65,2,4,41,,481,15,9,3,7.2,63,15,607,27,27,10,7,18,0,28,0.57,0.19,0.45,10,12,0,20,4,5,69,5.6,1.95
489,490,48298,65,3,4,38,,482,16,14,8,10.1,116,22,846,45,24,13,14,26,0,32,0.64,0.37,0.46,7,22,0,26,7,17,85,4.6,2.25
490,491,48298,65,4,4,6,,483,17,4,5,6.3,87,14,665,30,23,10,14,28,0,33,0.22,0.28,0.35,9,9,0,13,7,17,64,4.7,2.27
491,492,48298,65,5,5,28,,484,18,8,7,5.0,77,22,624,40,24,11,19,24,0,28,0.42,0.36,0.26,10,15,0,9,6,21,81,5.0,2.6
492,493,49239,112,1,3,41,,485,14,4,0,5.9,22,23,190,10,11,2,10,5,0,8,0.24,0.0,0.35,3,4,0,33,0,16,36,5.9,2.6
493,494,49239,112,2,3,67,,486,15,0,1,3.9,26,16,197,8,7,4,10,12,0,15,0.0,0.07,0.28,4,1,0,28,1,11,28,3.9,2.55
494,495,49275,42,1,2,28,,487,14,0,0,0.9,129,39,1428,18,61,53,62,42,0,68,0.0,0.0,0.03,37,0,1,56,1,51,56,0.9,0.51
495,496,49275,42,2,2,9,,488,15,0,2,1.5,137,45,991,23,51,33,46,35,0,68,0.0,0.08,0.05,24,2,1,35,2,30,63,1.5,0.6
496,497,49275,42,3,2,108,,489,16,2,1,0.9,95,22,878,11,56,49,35,31,0,65,0.08,0.04,0.04,23,3,0,34,0,18,26,0.9,0.55
497,498,49275,42,4,2,23,,490,17,1,0,0.9,62,10,589,7,43,29,25,27,1,56,0.05,0.0,0.05,26,1,0,24,2,11,19,0.9,0.77
498,499,49275,11,5,2,13,,491,18,0,2,2.9,80,15,606,10,37,26,36,24,1,45,0.0,0.1,0.15,19,2,0,36,1,24,35,2.9,0.99
499,500,49499,21,1,2,43,,492,12,3,0,3.0,168,47,1620,25,41,21,24,21,0,27,0.1,0.0,0.1,14,3,0,32,5,46,57,3.0,0.99
500,501,49499,21,2,2,8,,493,13,4,0,2.6,137,74,1492,18,38,17,34,18,0,40,0.12,0.0,0.08,10,4,3,30,0,67,55,2.6,1.1
501,502,49499,21,3,2,7,,494,14,2,0,2.6,133,62,1644,21,23,26,18,18,0,31,0.06,0.0,0.08,7,2,1,39,1,60,68,2.6,0.95
502,503,49499,90,4,2,22,,495,15,1,3,2.0,59,13,669,12,15,9,7,13,0,19,0.05,0.16,0.11,11,4,0,11,2,19,26,2.0,1.2
503,504,49499,5,5,2,42,,496,16,2,0,2.2,18,16,169,8,4,2,3,7,0,2,0.23,0.0,0.26,0,2,0,13,0,11,20,2.2,2.34
504,505,49501,128,1,5,33,,497,11,0,0,0.9,22,29,220,5,22,4,10,16,0,25,0.0,0.0,0.07,9,0,0,23,0,19,13,0.9,1.07
505,506,49542,108,2,3,3,,498,18,3,2,3.8,22,18,158,14,6,1,2,2,1,6,0.26,0.17,0.33,1,5,0,19,0,9,31,3.8,1.37
506,507,49542,108,3,3,82,,499,19,3,0,3.0,11,9,85,4,5,0,2,2,0,9,0.37,0.0,0.37,2,3,0,11,1,5,6,1.5,0.86
507,508,49723,7,2,7,14,,500,14,5,1,2.0,46,25,281,12,22,13,21,9,0,16,0.37,0.07,0.15,9,6,0,38,0,18,27,2.0,1.48
508,509,49723,7,3,1,112,,501,15,1,0,0.8,19,14,148,4,4,3,5,5,0,4,0.21,0.0,0.16,1,1,0,6,0,6,6,0.8,1.25
509,510,49723,7,4,1,17,,502,16,0,0,0.5,40,16,352,10,18,19,28,10,0,24,0.0,0.0,0.04,11,0,1,14,0,16,19,0.5,0.97
510,511,49755,25,1,2,6,,503,14,1,1,0.3,151,16,1136,18,83,46,47,33,1,74,0.04,0.04,0.01,28,2,0,26,1,18,41,0.3,0.4
511,512,49755,25,2,2,6,,504,15,0,1,0.6,160,9,1440,20,73,58,42,31,0,75,0.0,0.04,0.02,25,1,2,19,3,30,50,0.6,0.68
512,513,50174,88,1,1,43,,505,13,0,3,0.7,99,83,843,26,49,24,28,24,0,32,0.0,0.15,0.04,20,3,3,26,2,64,60,0.7,0.75
513,514,50174,85,4,1,14,,506,16,0,0,0.2,33,12,227,5,16,14,11,8,0,24,0.0,0.0,0.03,10,0,1,4,4,8,15,0.2,0.52
514,515,50201,29,1,3,42,,507,12,1,1,3.4,13,6,136,9,5,0,14,7,0,4,0.11,0.11,0.37,1,2,0,89,0,5,16,3.4,2.87
515,516,50201,29,2,3,16,,508,13,2,1,5.1,28,22,184,19,9,4,28,11,1,10,0.14,0.07,0.36,0,3,1,143,2,8,42,5.1,2.93
516,517,50201,29,3,3,116,,509,14,10,1,8.3,36,14,339,15,15,4,39,17,1,9,0.5,0.05,0.41,2,11,0,204,0,10,40,8.3,3.52
517,518,50201,29,4,3,21,,510,15,4,1,4.9,24,15,196,13,3,2,33,7,0,6,0.31,0.08,0.38,2,5,0,85,2,8,23,4.9,3.07
518,519,50202,55,1,3,36,,511,12,16,15,10.5,249,276,1581,97,14,13,6,10,0,17,0.49,0.46,0.32,5,31,1,19,13,177,221,7.4,2.74
519,520,50202,19,2,5,96,,512,13,1,3,2.1,59,86,500,21,7,6,0,5,0,15,0.08,0.25,0.17,3,4,0,6,2,50,55,2.1,1.59
520,521,50202,19,3,5,36,,513,14,3,2,1.2,20,25,298,6,3,3,0,3,0,3,0.51,0.34,0.21,0,5,0,2,1,16,18,1.2,1.69
521,522,50202,19,4,5,8,,514,15,0,1,1.0,34,41,359,27,6,2,0,3,0,7,0.0,0.13,0.13,3,1,0,1,1,25,53,1.0,1.51
522,523,50362,18,1,1,41,,515,13,0,1,0.1,59,20,700,3,23,13,19,3,1,23,0.0,0.12,0.01,12,1,1,9,0,25,14,0.1,0.5
523,524,50512,30,2,3,21,,516,16,4,1,4.3,16,10,126,3,10,0,19,5,0,10,0.32,0.08,0.34,1,5,0,68,2,6,14,4.3,2.77
524,525,50512,30,4,3,3,,517,18,20,4,18.0,29,11,289,20,10,4,29,11,0,18,0.69,0.14,0.62,3,24,0,93,0,7,39,17.2,3.66
525,526,50512,63,5,3,23,,518,19,2,1,4.3,8,3,73,7,4,2,22,7,0,5,0.22,0.11,0.48,2,3,0,33,0,1,12,4.3,2.55
526,527,50617,73,4,1,30,,519,16,0,0,0.4,53,8,432,2,13,9,49,15,1,11,0.0,0.0,0.04,8,0,0,30,0,4,11,0.4,0.87
527,528,51046,96,1,1,14,,520,15,1,0,0.6,94,27,1037,4,16,31,73,34,0,17,0.05,0.0,0.03,9,1,0,37,0,4,13,0.6,0.28
528,529,51118,49,1,1,9,,521,17,1,1,1.6,44,11,703,6,14,18,52,14,0,12,0.06,0.06,0.1,8,2,3,59,0,2,10,1.6,0.89
529,530,51118,46,4,1,46,,522,20,3,0,0.8,24,5,443,2,10,16,43,17,0,8,0.23,0.0,0.06,7,3,0,18,0,4,5,0.8,0.38
530,531,51118,46,5,1,2,,523,21,0,1,0.7,35,4,615,3,19,25,75,23,0,32,0.0,0.06,0.04,17,1,3,29,0,7,9,0.7,0.51
531,532,51152,116,1,3,20,40,524,8,11,3,14.1,62,28,745,31,19,6,53,22,0,15,0.3,0.08,0.39,5,14,0,235,4,30,90,13.3,3.57
532,533,51152,116,3,3,26,,525,10,3,3,6.2,27,10,284,23,7,3,8,12,0,8,0.19,0.19,0.4,2,6,0,71,2,9,44,4.6,3.66
533,534,51152,116,5,3,11,,526,12,14,1,14.9,44,24,299,16,14,3,20,22,0,12,0.63,0.04,0.67,5,15,1,100,4,15,55,8.6,3.81
534,535,51186,27,1,1,29,,527,20,0,0,0.3,4,1,158,1,7,7,39,8,0,2,0.0,0.0,0.05,0,0,1,9,0,0,3,0.3,0.5
535,536,51325,126,1,1,13,,528,14,2,0,1.2,113,18,992,3,39,26,141,29,0,38,0.09,0.0,0.05,31,2,0,59,0,5,20,1.2,0.7
536,537,51510,97,1,3,3,,529,16,8,3,8.1,37,42,221,20,16,8,8,15,0,26,0.4,0.15,0.4,6,11,0,26,4,21,46,8.1,3.32
537,538,51510,97,2,3,23,,530,17,10,3,7.5,22,31,182,18,14,3,10,10,0,18,0.64,0.19,0.48,2,13,0,28,5,13,35,6.6,3.33
538,539,51510,97,3,5,32,,531,18,5,0,5.7,15,23,198,6,7,2,8,7,0,16,0.33,0.0,0.37,1,5,0,22,2,14,31,4.1,2.36
539,540,51510,47,4,5,14,,532,19,4,2,3.9,27,23,187,13,15,3,13,15,0,21,0.23,0.12,0.23,4,6,0,19,2,15,32,3.9,1.69
540,541,51510,47,5,5,3,,533,20,1,0,2.8,6,4,59,3,1,1,1,3,0,2,0.23,0.0,0.63,0,1,0,10,0,3,5,2.8,2.97
541,542,51663,129,1,1,13,,534,14,1,1,1.0,47,13,686,5,32,36,120,21,0,23,0.05,0.05,0.05,15,2,0,84,0,7,14,1.0,0.72
542,543,51667,109,1,1,13,,535,14,0,0,1.3,75,28,1195,4,51,46,173,31,0,48,0.0,0.0,0.04,22,0,2,63,1,14,13,1.3,0.17
543,544,51667,109,2,1,3,,536,15,2,0,1.7,69,21,1106,3,33,61,112,30,0,35,0.06,0.0,0.05,13,2,2,46,1,14,18,1.6,0.28
544,545,52348,8,1,1,20,,537,14,0,0,0.7,32,6,416,0,29,21,35,16,0,18,0.0,0.0,0.08,14,0,0,24,1,7,6,0.7,1.0
545,546,52348,8,2,1,25,,538,15,1,4,2.0,128,23,1367,8,42,30,98,18,2,45,0.04,0.17,0.09,23,5,2,61,4,14,23,2.0,1.13
546,547,52348,8,4,1,3,,539,17,1,0,1.1,22,5,230,0,9,9,7,2,0,5,0.24,0.0,0.26,3,1,0,14,0,3,5,1.1,1.92
547,548,52495,108,3,7,112,,540,17,0,1,0.7,82,38,939,11,69,49,105,36,0,67,0.0,0.03,0.03,41,1,1,54,0,32,25,0.7,0.35
548,549,53400,30,2,4,14,,541,14,3,4,1.9,64,50,483,27,34,26,11,11,0,32,0.17,0.23,0.11,8,7,0,17,3,31,66,1.9,1.13
549,550,53400,30,3,4,108,,542,15,2,1,2.1,56,33,414,16,36,14,15,5,0,30,0.15,0.07,0.15,12,3,0,9,1,20,34,2.1,0.88
550,551,53400,112,5,4,13,,543,17,4,3,2.4,52,17,325,19,25,8,12,18,1,22,0.26,0.2,0.16,9,7,0,22,2,17,46,2.4,1.05
551,552,53418,93,1,2,10,,544,12,2,5,1.8,195,84,1238,47,41,33,22,32,0,28,0.09,0.21,0.08,8,7,0,16,8,55,96,1.8,1.45
552,553,53418,93,2,2,42,,545,13,2,2,0.3,50,14,458,9,17,16,6,7,0,23,0.27,0.27,0.04,7,4,0,2,4,13,20,0.3,0.67
553,554,53418,93,3,2,70,,546,14,0,1,1.1,117,25,1252,15,38,29,14,20,0,35,0.0,0.05,0.05,18,1,0,14,2,37,53,1.1,0.65
554,555,53418,93,4,2,24,,547,15,0,1,0.4,147,39,1372,16,41,24,17,24,0,42,0.0,0.05,0.02,10,1,0,8,3,31,40,0.4,0.38
555,556,53418,93,5,2,6,,548,16,2,2,1.1,80,23,791,12,21,22,11,26,0,27,0.13,0.13,0.07,6,4,0,7,6,23,41,1.1,0.46
556,557,53418,93,6,2,33,,549,17,1,0,0.2,88,28,931,15,19,11,14,19,0,21,0.07,0.0,0.01,10,1,1,3,3,27,38,0.2,0.4
557,558,53418,93,7,2,33,,550,19,1,0,0.6,58,8,544,12,11,12,12,11,0,13,0.12,0.0,0.07,7,1,0,2,4,18,27,0.6,0.59
558,559,53437,112,1,6,25,,551,14,1,5,0.4,67,63,808,45,41,24,24,23,0,26,0.05,0.24,0.02,21,6,2,11,1,43,71,0.4,0.62
559,560,53437,112,2,1,14,,552,15,0,5,0.3,136,102,1355,42,72,37,68,35,0,62,0.0,0.15,0.01,36,5,0,27,0,72,74,0.3,0.27
560,561,53437,44,4,1,17,,553,17,0,1,0.3,47,21,402,16,24,12,21,10,0,13,0.0,0.1,0.03,10,1,0,10,0,13,36,0.3,0.48
561,562,53536,38,3,2,17,,554,14,3,0,0.9,80,48,749,9,52,22,15,22,0,54,0.15,0.0,0.04,25,3,1,11,1,45,35,0.9,1.09
562,563,53536,38,4,2,23,,555,15,1,0,1.2,86,35,532,15,35,13,23,17,0,50,0.05,0.0,0.06,19,1,1,6,2,29,48,1.2,1.25
563,564,53536,38,5,2,147,,556,16,1,0,2.2,77,45,485,15,29,12,9,19,0,39,0.07,0.0,0.16,14,1,1,8,0,31,44,2.2,1.86
564,565,53622,18,1,2,43,,557,12,6,3,4.1,205,82,1845,43,19,28,19,12,0,31,0.25,0.13,0.17,6,9,1,24,17,82,102,4.1,1.81
565,566,53622,18,3,2,7,,558,14,13,2,9.0,167,69,1583,40,25,20,9,13,0,39,0.58,0.09,0.4,10,15,0,11,4,69,88,7.4,2.31
566,567,54137,59,1,4,14,,559,15,1,1,2.2,31,29,267,14,12,5,10,16,0,11,0.09,0.09,0.2,3,2,0,55,0,25,36,2.2,2.86
567,568,54235,98,1,4,21,,560,10,7,3,7.1,179,64,1042,29,29,12,6,17,0,29,0.26,0.11,0.27,6,10,0,5,12,80,80,6.3,0.91
568,569,54235,98,2,5,16,,561,11,5,2,3.7,117,80,897,38,26,12,7,9,1,24,0.19,0.08,0.14,4,7,0,12,3,72,90,3.7,1.02
569,570,54235,98,3,4,24,,562,12,5,3,4.5,164,72,850,35,20,11,4,15,0,24,0.23,0.14,0.21,6,8,0,11,4,54,84,4.5,1.07
570,571,54235,98,4,2,24,,563,13,4,10,5.8,218,81,1235,107,32,17,8,20,0,40,0.13,0.32,0.19,12,14,1,5,8,73,186,3.4,1.23
571,572,54235,98,5,4,16,,564,14,0,3,3.0,154,50,890,47,21,4,2,10,0,17,0.0,0.16,0.16,6,3,0,3,6,55,108,3.0,1.49
572,573,54235,98,6,4,41,,565,15,2,0,1.7,43,18,345,13,5,0,0,4,0,3,0.3,0.0,0.26,1,2,0,1,4,13,25,1.7,1.97
573,574,54383,108,2,2,14,,566,12,5,2,3.1,139,48,842,39,36,24,26,25,0,64,0.18,0.07,0.11,22,7,0,13,3,43,84,3.1,1.11
574,575,54383,108,3,2,20,,567,13,0,2,0.6,151,54,971,33,51,28,12,26,0,83,0.0,0.07,0.02,26,2,1,12,2,48,72,0.6,0.59
575,576,54581,38,2,3,14,,568,14,3,1,3.7,36,12,278,17,10,4,12,13,0,21,0.22,0.07,0.27,6,4,0,26,0,10,34,3.7,2.52
576,577,54581,38,3,5,80,,569,15,2,2,4.7,13,2,131,13,6,1,7,5,0,13,0.26,0.26,0.6,2,4,0,13,1,9,26,4.7,3.21
577,578,54581,38,4,3,63,,570,16,1,0,0.8,10,5,44,4,0,0,4,0,0,3,0.48,0.0,0.38,0,1,0,3,0,2,4,0.8,2.39
578,579,54581,38,5,5,71,,571,17,2,1,1.6,19,1,116,2,7,2,10,6,0,11,0.28,0.14,0.23,5,3,0,12,6,1,7,1.6,1.97
579,580,54846,137,6,8,27,,572,18,0,2,0.6,87,11,720,17,47,24,29,22,1,37,0.0,0.1,0.03,20,2,0,9,3,12,45,0.6,0.54
580,581,54928,79,1,1,22,,573,17,3,1,2.6,60,12,844,3,52,45,141,22,0,42,0.11,0.04,0.09,20,4,2,83,1,11,13,2.6,0.5
581,582,54928,54,2,1,11,,574,18,1,1,0.9,101,32,943,10,38,45,60,17,0,32,0.06,0.06,0.05,18,2,1,58,2,28,25,0.9,0.61
582,583,54928,23,3,1,41,,575,19,1,0,0.8,91,23,1296,7,60,56,117,41,0,39,0.04,0.0,0.03,24,1,0,68,0,13,24,0.8,0.43
583,584,54984,5,1,5,11,,576,15,5,0,3.6,30,52,254,18,14,4,2,4,0,19,0.67,0.0,0.49,6,5,0,4,2,30,35,1.2,1.75
584,585,54984,5,2,5,16,,577,16,5,3,4.2,55,74,308,22,16,3,6,14,1,20,0.51,0.31,0.43,5,8,0,1,2,53,46,1.1,1.13
585,586,54984,73,4,4,28,,578,18,0,0,1.4,7,14,112,5,11,2,6,1,0,13,0.0,0.0,0.44,4,0,0,4,0,13,9,0.6,2.82
586,587,55099,94,1,2,14,,579,13,0,0,0.8,92,14,758,12,45,32,41,21,0,36,0.0,0.0,0.04,14,0,0,22,0,20,35,0.8,0.67
587,588,55099,94,2,2,14,,580,14,1,0,2.6,145,33,1277,16,65,71,59,58,0,64,0.03,0.0,0.09,22,1,3,56,1,29,57,2.6,0.84
588,589,55099,94,3,2,33,,581,15,1,3,1.5,122,26,1169,15,54,66,41,34,0,59,0.03,0.1,0.05,23,4,2,62,2,20,46,1.5,0.66
589,590,55099,94,4,2,23,,582,16,2,4,2.1,135,15,986,18,73,46,42,50,0,62,0.07,0.14,0.07,28,6,0,64,2,21,45,2.1,1.14
590,591,55099,94,5,2,28,,583,17,0,1,1.7,110,12,1149,5,66,58,49,40,1,61,0.0,0.03,0.06,27,1,0,69,1,11,40,1.7,0.67
591,592,55099,94,6,2,28,,584,18,1,1,0.7,94,14,985,9,63,31,45,30,1,49,0.04,0.04,0.03,22,2,0,49,0,11,32,0.7,0.62
592,593,55114,121,1,1,28,,585,13,0,0,0.1,65,25,618,6,42,46,47,16,1,43,0.0,0.0,0.01,20,0,0,10,0,14,21,0.1,0.23
593,594,55125,128,1,7,17,,586,14,0,2,0.6,64,46,767,20,34,23,56,21,0,33,0.0,0.09,0.03,12,2,0,23,0,37,39,0.6,0.79
594,595,55215,5,1,4,10,,587,14,3,0,2.7,62,35,327,18,10,3,5,7,0,16,0.45,0.0,0.4,4,3,0,3,2,31,45,2.7,2.86
595,596,55215,5,2,2,16,,588,15,0,1,2.0,50,25,234,5,14,5,5,4,0,12,0.0,0.18,0.34,5,1,0,0,2,11,24,2.0,2.8
596,597,55215,76,4,4,3,,589,17,0,0,0.5,35,16,216,11,7,4,2,5,1,12,0.0,0.0,0.08,3,0,0,4,3,11,24,0.5,1.37
597,598,55338,55,1,3,50,,590,14,3,6,4.2,141,143,1097,78,35,14,12,16,0,25,0.13,0.26,0.18,9,9,2,10,8,86,144,4.2,2.66
598,599,55338,55,2,5,7,,591,15,9,7,7.6,173,189,1247,75,45,20,7,15,0,43,0.31,0.24,0.26,14,16,0,10,5,105,167,4.5,2.32
599,600,55338,41,3,3,49,,592,16,1,5,1.9,78,51,625,32,13,8,8,13,0,16,0.06,0.32,0.12,6,6,0,9,2,36,66,1.9,1.28
600,601,55338,116,5,3,67,,593,18,5,5,3.4,113,97,712,51,13,9,9,13,0,25,0.21,0.21,0.14,7,10,0,8,4,69,105,3.4,1.74
601,602,55338,116,6,3,23,,594,19,4,2,5.1,153,92,932,44,18,9,12,13,0,21,0.18,0.09,0.22,3,6,1,9,8,71,111,3.6,1.89
602,603,55735,41,1,5,22,,595,14,6,4,5.0,107,68,655,29,28,16,13,34,0,22,0.33,0.22,0.28,6,10,0,21,5,40,73,5.0,2.69
603,604,55735,5,3,4,11,630,596,16,13,10,10.9,138,103,893,48,58,39,10,34,0,62,0.43,0.33,0.37,13,23,0,13,13,79,117,10.1,2.66
604,605,55735,5,4,4,16,,597,17,5,6,3.9,149,81,959,41,45,22,33,33,1,52,0.18,0.22,0.14,17,11,0,13,8,61,94,3.9,1.98
605,606,55735,54,5,2,20,1532,598,18,3,2,2.8,133,48,924,19,41,21,18,27,0,41,0.14,0.09,0.13,14,5,0,9,4,47,80,2.8,1.59
606,607,55735,54,6,2,6,,599,19,2,8,3.6,192,92,1453,40,62,29,43,23,0,49,0.06,0.26,0.12,24,10,0,15,8,77,116,3.6,1.26
607,608,55735,54,7,2,6,,600,20,1,3,1.1,97,34,696,13,23,11,16,10,0,21,0.07,0.21,0.07,10,4,0,10,4,29,51,1.1,0.82
608,609,55742,124,1,2,25,41,601,13,0,1,0.9,73,13,539,10,62,21,21,33,0,46,0.0,0.05,0.04,16,1,2,6,3,17,37,0.9,1.04
609,610,55769,54,1,1,5,,602,14,2,5,2.6,154,57,1619,34,69,27,39,25,0,57,0.07,0.17,0.09,24,7,0,28,4,49,72,2.6,0.56
610,611,55769,54,2,1,47,,603,15,4,0,1.7,67,21,757,7,30,14,25,15,0,33,0.26,0.0,0.11,16,4,0,25,1,15,22,1.7,0.45
611,612,55769,54,3,1,116,,604,16,3,0,1.3,35,5,431,3,15,4,15,9,0,15,0.39,0.0,0.16,6,3,0,10,0,5,9,1.3,1.03
612,613,55769,54,4,1,9,,605,17,1,1,2.0,47,8,642,2,30,8,20,21,0,22,0.09,0.09,0.18,11,2,0,18,1,11,11,2.0,1.26
613,614,55769,54,5,1,23,,606,18,0,2,0.3,34,8,493,7,25,10,17,12,1,27,0.0,0.25,0.03,15,2,0,8,0,7,17,0.3,0.37
614,615,55769,135,6,1,17,2056,607,19,0,0,0.7,61,12,979,4,57,14,31,22,1,41,0.0,0.0,0.04,28,0,0,27,1,8,14,0.7,0.82
615,616,55769,135,7,1,13,,608,21,0,0,0.2,5,1,140,2,9,2,7,5,0,7,0.0,0.0,0.06,3,0,0,3,0,1,2,0.2,0.91
616,617,55854,16,1,7,9,,609,16,3,2,1.4,93,96,574,35,50,15,31,21,0,30,0.15,0.1,0.07,15,5,0,3,3,60,66,1.4,1.94
617,618,55854,16,2,7,9,,610,17,4,4,1.9,66,90,571,33,37,14,20,23,0,34,0.2,0.2,0.09,19,8,4,9,0,43,59,1.9,1.48
618,619,55854,16,3,6,14,,611,18,1,6,1.9,66,91,674,36,48,16,38,21,0,38,0.05,0.28,0.09,24,7,0,7,0,58,72,1.1,0.79
619,620,55854,16,4,1,3,,612,19,0,3,0.3,41,24,285,17,20,6,10,9,0,13,0.0,0.39,0.04,10,3,0,3,2,10,29,0.3,0.91
620,621,56067,53,1,5,6,,613,14,1,0,1.4,28,25,185,13,21,2,8,15,0,16,0.12,0.0,0.17,8,1,0,10,2,15,31,1.4,1.82
621,622,56067,76,3,4,112,,614,16,0,0,0.5,10,8,92,3,8,2,1,5,0,12,0.0,0.0,0.13,3,0,0,1,0,3,9,0.5,1.0
622,623,56067,76,4,4,74,,615,17,0,0,0.2,2,4,75,4,9,2,3,5,0,8,0.0,0.0,0.05,3,0,0,7,0,7,6,0.2,1.15
623,624,56703,23,1,7,2,,616,19,0,2,0.1,80,58,813,15,34,14,54,18,0,33,0.0,0.09,0.01,14,2,0,15,0,31,45,0.1,0.14
624,625,56762,114,1,2,74,,617,16,0,4,0.6,125,45,1167,37,43,22,25,17,0,38,0.0,0.2,0.03,13,4,1,19,0,37,74,0.6,0.68
625,626,56762,118,3,2,30,,618,18,1,1,0.7,144,24,1091,25,37,32,29,19,1,47,0.04,0.04,0.03,19,2,2,12,3,21,57,0.7,0.44
626,627,56794,3,3,2,13,,619,18,1,0,0.9,122,21,1247,16,74,27,35,25,0,89,0.05,0.0,0.04,36,1,0,29,0,20,36,0.9,0.74
627,628,56820,127,1,1,13,,620,19,1,0,0.9,64,3,871,4,33,34,105,33,0,22,0.03,0.0,0.03,14,1,2,55,0,4,17,0.9,0.2
628,629,56830,38,2,1,13,,621,17,0,0,1.3,35,8,520,0,18,32,86,28,0,11,0.0,0.0,0.08,7,0,2,34,0,5,6,1.3,0.54
629,630,56912,40,1,3,27,,622,13,0,1,0.2,4,4,38,3,1,0,5,2,0,1,0.0,0.43,0.08,0,1,0,5,0,5,6,0.2,1.73
630,631,57051,112,1,2,16,,623,13,0,0,0.3,65,11,526,13,44,15,15,23,0,41,0.0,0.0,0.02,11,0,0,7,2,10,31,0.2,0.33
631,632,57051,8,2,8,39,,624,14,1,3,1.1,162,35,1202,55,73,27,38,26,0,75,0.03,0.1,0.04,28,4,0,18,6,33,105,1.1,0.82
632,633,57051,8,4,2,14,,625,16,3,1,2.1,44,5,305,6,22,11,8,8,0,21,0.35,0.12,0.25,11,4,1,6,0,2,16,2.1,1.63
633,634,57051,8,5,2,17,,626,17,0,1,0.2,42,7,330,14,26,11,13,27,0,27,0.0,0.11,0.02,13,1,0,7,0,5,23,0.2,0.57
634,635,57091,126,1,2,40,,627,13,4,1,7.9,78,25,617,21,46,33,49,43,0,47,0.14,0.03,0.27,21,5,0,99,4,20,61,4.8,1.19
635,636,57216,66,1,1,17,,628,16,3,1,3.6,66,18,936,4,27,42,120,27,1,24,0.1,0.03,0.12,9,4,2,31,0,9,18,3.6,0.51
636,637,57216,66,3,1,74,,629,18,3,3,1.5,83,11,1461,9,32,40,107,27,0,37,0.09,0.09,0.04,20,6,0,36,1,11,27,1.5,0.39
637,638,57216,66,4,1,17,,630,19,4,1,4.0,58,7,1561,9,28,44,122,25,0,28,0.11,0.03,0.11,13,5,1,47,0,10,20,4.0,0.7
638,639,57216,26,6,1,44,,631,21,2,0,0.8,32,1,674,2,19,30,86,33,0,21,0.08,0.0,0.03,8,2,0,23,0,2,8,0.8,0.41
639,640,57280,51,1,2,64,,632,13,3,1,2.9,40,32,327,10,6,7,8,3,0,7,0.42,0.14,0.4,2,4,0,9,1,23,36,2.9,3.76
640,641,57280,51,2,4,11,,633,14,3,5,3.3,75,35,570,26,16,7,10,8,0,17,0.2,0.34,0.22,5,8,0,10,3,30,78,3.3,2.96
641,642,57280,70,3,2,5,579,634,15,3,2,2.7,93,49,761,24,34,39,12,26,0,53,0.12,0.08,0.11,16,5,0,29,1,48,65,2.7,1.76
642,643,57280,70,4,2,14,,635,16,4,4,4.7,131,76,999,33,33,14,9,20,1,46,0.16,0.16,0.19,21,8,1,16,7,65,83,4.7,1.83
643,644,57280,70,5,2,23,,636,17,5,1,4.3,102,64,754,34,35,16,5,14,1,37,0.24,0.05,0.2,24,6,1,14,4,60,78,4.3,2.31
644,645,57280,70,6,2,28,,637,18,8,3,5.7,140,60,928,41,26,14,10,16,0,21,0.32,0.12,0.22,9,11,0,14,15,67,83,4.4,2.02
645,646,57370,12,1,1,33,,638,15,2,1,2.1,74,21,1247,4,41,39,152,42,0,24,0.06,0.03,0.07,18,3,0,76,0,16,20,2.1,0.44
646,647,57370,12,2,1,9,,639,16,1,2,0.4,60,20,1071,4,27,26,143,21,0,19,0.04,0.08,0.02,10,3,1,81,0,8,16,0.4,0.2
647,648,57370,12,3,1,14,,640,17,4,0,2.1,145,28,1784,5,22,44,99,17,1,18,0.14,0.0,0.07,12,4,1,75,0,20,20,2.1,0.78
648,649,57370,34,4,1,23,,641,18,0,0,0.3,59,12,786,2,13,22,53,15,1,9,0.0,0.0,0.03,5,0,1,35,1,6,9,0.3,0.96
649,650,57372,127,1,2,28,,642,14,3,1,1.9,58,19,367,13,41,11,7,10,0,41,0.23,0.08,0.14,20,4,0,30,0,16,22,1.9,1.36
650,651,57372,102,2,2,28,,643,15,2,1,1.3,91,14,531,15,49,15,19,20,0,45,0.13,0.07,0.09,16,3,0,66,1,10,31,1.3,1.01
651,652,57372,102,3,8,62,,644,16,1,2,1.2,76,23,795,19,47,20,30,20,1,49,0.05,0.1,0.06,16,3,4,36,0,7,40,1.2,0.67
652,653,57420,14,1,1,25,,645,14,1,1,0.7,91,33,914,5,21,33,66,18,0,9,0.04,0.04,0.03,6,2,3,55,0,11,15,0.7,0.29
653,654,57420,14,2,1,23,,646,15,1,0,0.7,49,15,598,4,31,25,47,8,0,17,0.06,0.0,0.04,12,1,1,35,1,3,8,0.7,0.49
654,655,57420,14,3,1,73,,647,16,1,0,0.8,30,10,385,1,9,15,36,4,0,8,0.09,0.0,0.07,5,1,0,21,0,4,7,0.8,0.69
655,656,57467,66,2,1,23,,648,16,1,2,0.7,41,2,1005,5,24,39,118,35,0,18,0.04,0.08,0.03,8,3,1,73,0,1,13,0.7,0.31
656,657,57467,66,3,1,112,,649,17,4,0,2.6,61,4,1420,3,47,50,138,35,1,35,0.12,0.0,0.08,20,4,0,97,1,1,18,2.6,0.42
657,658,57467,66,4,1,40,,650,18,2,0,2.0,93,4,1471,2,49,44,126,35,0,57,0.07,0.0,0.07,30,2,0,67,0,4,16,2.0,0.49
658,659,57482,139,5,1,44,,651,19,0,0,0.3,91,48,932,15,72,65,70,32,1,61,0.0,0.0,0.01,38,0,0,47,0,35,32,0.3,0.18
659,660,57500,55,1,1,22,,652,13,1,5,1.2,160,46,2494,25,105,43,91,63,0,67,0.03,0.13,0.03,38,6,3,68,2,64,67,1.2,0.45
660,661,57500,55,2,1,22,,653,14,2,6,2.4,193,59,2317,45,86,67,94,56,0,69,0.06,0.17,0.07,35,8,0,92,0,39,87,2.4,0.81
661,662,57500,55,3,1,75,,654,15,1,2,0.7,135,37,1787,27,53,28,62,30,1,37,0.04,0.08,0.03,19,3,2,55,3,35,50,0.7,0.45
662,663,57500,55,4,1,45,,655,16,1,2,0.9,138,49,1486,17,51,23,65,32,0,35,0.04,0.09,0.04,16,3,1,46,1,33,48,0.9,0.48
663,664,57500,55,5,1,21,,656,17,0,0,0.4,71,23,872,12,43,19,54,26,0,37,0.0,0.0,0.02,22,0,1,29,0,19,25,0.4,0.53
664,665,57500,79,6,1,9,2130,657,18,0,2,0.6,77,39,867,15,25,16,46,25,0,19,0.0,0.13,0.04,12,2,0,21,1,22,32,0.6,0.13
665,666,57598,104,2,2,83,,658,14,2,1,2.1,114,13,891,28,69,32,50,33,0,61,0.08,0.04,0.08,30,3,2,49,2,14,54,1.3,0.55
666,667,57598,137,6,7,2,,659,18,0,0,0.5,70,8,615,6,44,19,42,26,1,30,0.0,0.0,0.03,17,0,2,34,1,8,14,0.5,0.59
667,668,57825,97,1,3,2,,660,21,14,5,11.5,84,35,495,44,12,7,26,22,0,15,0.48,0.17,0.39,2,19,1,91,14,26,87,9.9,1.87
668,669,57825,97,2,3,13,,661,22,5,3,6.3,59,27,388,24,8,4,18,13,1,12,0.24,0.14,0.3,0,8,0,77,4,26,64,4.7,1.43
669,670,57825,36,3,3,82,,662,23,8,2,6.0,56,7,289,21,11,3,19,5,0,22,0.45,0.11,0.33,8,10,0,83,2,10,46,5.2,1.28
670,671,57825,36,4,3,17,,663,24,10,5,6.4,51,11,331,31,4,6,11,13,0,18,0.46,0.23,0.29,2,15,0,89,6,6,51,5.6,2.06
671,672,57842,128,1,1,23,,664,13,1,0,1.1,72,15,1288,2,61,70,138,69,1,47,0.03,0.0,0.03,27,1,4,136,0,5,15,1.1,0.36
672,673,57845,65,1,8,3,,665,13,0,4,0.9,121,17,1340,17,31,29,35,36,0,29,0.0,0.16,0.04,9,4,1,38,2,15,34,0.9,0.31
673,674,57845,59,3,2,33,,666,15,0,0,0.9,81,9,656,14,21,28,27,21,0,30,0.0,0.0,0.04,10,0,0,19,0,12,28,0.9,0.29
674,675,57845,59,4,8,23,,667,16,0,0,0.0,6,1,65,1,8,7,3,7,0,11,0.0,0.0,0.01,3,0,0,7,0,0,6,0.0,0.56
675,676,57935,17,3,3,17,,668,14,2,1,1.3,9,2,52,2,4,2,3,2,0,3,0.44,0.22,0.29,0,3,0,21,0,4,5,1.3,1.11
676,677,57995,32,1,4,25,,669,13,2,2,1.9,45,29,327,28,21,4,5,11,0,20,0.19,0.19,0.18,7,4,0,6,3,17,62,1.9,2.26
677,678,57995,32,3,4,3,,670,15,4,3,2.8,62,21,296,26,16,3,8,10,0,12,0.37,0.28,0.26,7,7,0,11,1,16,40,2.8,2.13
678,679,57995,32,4,4,40,,671,16,0,1,0.8,9,6,72,6,6,1,1,4,0,7,0.0,0.32,0.25,4,1,0,4,0,5,10,0.8,2.27
679,680,58124,59,1,3,13,,672,14,1,0,0.7,7,2,56,1,3,1,3,1,0,1,0.35,0.0,0.23,0,1,0,8,0,1,6,0.7,1.4
680,681,58178,7,1,1,9,,673,17,0,0,0.8,80,20,514,5,22,24,64,23,0,25,0.0,0.0,0.05,11,0,0,40,0,14,12,0.8,0.32
681,682,58178,7,2,1,28,,674,18,2,0,1.6,99,18,738,2,21,25,61,27,1,32,0.11,0.0,0.08,15,2,1,48,0,16,13,1.6,0.37
682,683,58178,7,3,1,74,,675,19,1,0,0.6,55,12,558,2,18,17,34,13,1,17,0.07,0.0,0.04,11,1,0,31,0,8,5,0.6,0.74
683,684,58330,36,2,1,74,,676,16,1,5,0.9,124,32,1027,29,74,48,94,53,0,60,0.03,0.16,0.03,31,6,1,67,0,32,52,0.9,0.5
684,685,58330,36,3,1,74,,677,17,0,2,0.4,32,8,258,8,21,16,39,14,0,19,0.0,0.22,0.05,10,2,0,17,0,10,11,0.4,0.54
685,686,58330,36,4,1,13,,678,18,1,0,0.8,37,5,508,3,23,17,71,19,0,25,0.06,0.0,0.05,12,1,1,29,0,8,13,0.8,0.78
686,687,58345,121,1,3,6,,679,14,3,1,2.3,8,9,97,1,7,3,4,9,1,10,0.44,0.15,0.34,3,4,0,22,0,5,8,1.5,1.78
687,688,58358,86,1,4,54,,680,13,6,9,9.3,141,56,923,61,42,9,12,46,0,38,0.23,0.34,0.35,10,15,0,48,5,39,110,9.3,2.38
688,689,58358,86,2,4,22,,681,14,8,21,8.7,164,75,1012,83,45,12,8,27,0,69,0.32,0.84,0.35,22,29,0,33,10,49,145,8.7,2.16
689,690,58358,86,3,2,117,,682,15,11,19,8.2,151,51,1113,93,49,21,18,43,0,73,0.37,0.64,0.27,24,30,1,51,4,56,141,7.4,1.68
690,691,58358,86,4,2,22,,683,16,8,18,10.5,155,46,1117,84,35,15,12,32,0,54,0.28,0.63,0.37,16,26,0,31,17,48,152,10.5,1.94
691,692,58358,86,5,5,42,,684,17,7,8,8.9,88,33,621,40,21,4,16,19,0,16,0.38,0.43,0.48,6,15,0,39,9,24,86,8.9,2.54
692,693,58358,86,6,4,5,,685,18,5,9,5.7,82,38,602,51,26,3,6,22,0,35,0.27,0.49,0.31,13,14,0,30,7,36,96,5.7,1.96
693,694,58358,86,7,4,20,,686,20,1,1,1.7,27,15,233,17,4,0,7,5,0,6,0.16,0.16,0.27,2,2,0,4,4,11,31,1.7,1.94
694,695,58396,111,3,8,2,,687,16,0,1,0.3,55,14,739,6,44,24,37,12,1,37,0.0,0.06,0.02,15,1,0,16,0,9,17,0.3,0.43
695,696,58396,111,5,2,2,,688,18,1,1,0.2,67,22,695,5,56,23,38,20,0,60,0.05,0.05,0.01,29,2,1,26,1,16,23,0.2,0.24
696,697,58396,111,6,7,2,,689,19,0,1,0.3,46,17,427,8,21,13,28,17,0,25,0.0,0.11,0.04,11,1,1,16,0,6,8,0.3,0.45
697,698,58500,107,1,2,13,,690,13,1,1,1.0,60,12,501,8,32,24,31,18,0,24,0.06,0.06,0.06,6,2,0,81,2,9,19,1.0,1.12
698,699,58500,107,2,2,3,,691,14,1,2,1.2,76,15,411,10,31,18,37,17,0,35,0.05,0.1,0.06,11,3,0,90,2,21,41,1.2,1.04
699,700,58799,47,2,2,34,,692,20,5,3,3.8,210,42,1428,59,27,29,17,17,1,30,0.18,0.11,0.13,9,8,1,11,4,33,113,1.5,1.09
700,701,58799,47,4,2,44,,693,22,5,3,4.8,132,30,813,27,18,14,11,12,0,17,0.3,0.18,0.29,6,8,0,2,4,21,58,1.7,1.31
701,702,58864,41,1,3,18,,694,14,22,5,22.5,70,82,524,33,21,8,22,26,0,28,0.73,0.17,0.74,8,27,0,32,3,45,60,18.5,2.94
702,703,58864,41,2,3,31,,695,15,22,3,14.7,81,98,614,26,31,14,16,39,1,51,0.63,0.09,0.42,12,25,0,33,7,47,69,13.2,2.61
703,704,58864,41,3,3,118,,696,16,10,3,10.2,66,65,499,22,12,7,17,18,0,20,0.39,0.12,0.39,3,13,0,34,1,29,48,8.6,2.12
704,705,58864,41,4,3,22,1028,697,17,4,1,5.9,26,21,137,9,11,0,4,12,0,10,0.35,0.09,0.51,3,5,0,25,2,9,22,4.2,2.86
705,706,58864,49,6,3,25,1718,698,19,17,8,20.5,58,68,444,27,22,9,26,30,0,26,0.58,0.27,0.7,7,25,0,26,3,34,75,17.3,3.84
706,707,58874,74,1,2,41,,699,13,0,0,0.4,43,3,236,2,15,18,12,7,0,7,0.0,0.0,0.07,3,0,0,30,3,2,9,0.4,1.17
707,708,58995,111,5,6,13,,700,15,2,5,1.3,73,28,1085,22,46,22,63,30,0,58,0.07,0.17,0.04,31,7,0,37,0,21,40,1.3,0.58
708,709,58995,111,6,1,17,,701,16,1,0,0.6,107,24,1553,6,37,24,102,39,1,33,0.03,0.0,0.02,18,1,0,44,1,11,25,0.6,0.17
709,710,59016,86,1,1,8,,702,11,3,3,3.2,190,87,1769,28,34,31,40,24,0,26,0.11,0.11,0.11,17,6,0,24,1,63,84,3.2,1.67
710,711,59016,86,2,1,54,,703,12,1,1,1.0,285,69,2263,19,30,29,40,19,0,25,0.04,0.04,0.03,16,2,0,21,5,28,46,1.0,0.68
711,712,59016,86,3,7,110,,704,13,2,4,1.2,242,56,1929,28,37,43,60,29,0,32,0.07,0.13,0.04,17,6,0,19,0,38,60,1.2,0.71
712,713,59016,19,4,1,54,955,705,14,2,3,1.6,154,40,1788,21,23,22,70,26,0,19,0.07,0.1,0.06,9,5,1,14,4,34,45,1.6,0.72
713,714,59016,19,5,1,54,,706,15,1,3,0.8,67,16,1042,16,15,14,37,18,0,15,0.05,0.15,0.04,9,4,1,11,4,24,27,0.8,0.69
714,715,59323,129,1,3,9,,707,16,19,0,14.1,30,12,343,14,23,4,39,13,0,20,0.63,0.0,0.47,5,19,0,114,0,14,49,10.4,2.37
715,716,59323,129,5,3,17,,708,20,9,0,9.7,10,2,122,7,13,2,5,10,0,14,0.74,0.0,0.8,5,9,0,21,0,1,18,5.0,2.39
716,717,59323,129,6,3,3,,709,21,9,3,9.6,5,3,84,10,14,5,13,9,0,7,1.01,0.34,1.08,4,12,0,25,1,1,16,9.6,3.81
717,718,59323,129,7,3,40,,710,23,4,1,4.4,1,1,26,3,2,3,2,2,0,2,1.28,0.32,1.4,1,5,0,5,0,0,7,2.9,3.19
718,719,59340,16,1,5,47,,711,13,6,4,5.3,88,76,717,50,13,3,2,14,0,16,0.33,0.22,0.3,3,10,0,5,6,51,107,5.3,3.18
719,720,59340,16,2,5,70,,712,14,0,0,0.1,6,2,57,1,0,0,0,1,0,1,0.0,0.0,0.13,0,0,0,0,0,0,3,0.1,2.65
720,721,59340,118,3,4,20,,713,15,1,1,0.4,26,16,159,13,4,0,1,4,0,6,0.25,0.25,0.11,1,2,0,1,1,11,28,0.4,2.77
721,722,59344,96,1,2,16,,714,13,1,1,0.5,144,24,1060,11,39,31,46,36,0,51,0.05,0.05,0.02,21,2,1,28,7,19,34,0.5,0.69
722,723,59344,96,5,2,23,,715,17,1,0,0.8,48,10,545,10,36,18,20,27,0,44,0.08,0.0,0.07,16,1,0,16,0,18,27,0.8,0.92
723,724,59375,96,1,2,23,,716,17,2,0,1.6,63,23,490,9,27,24,26,19,0,22,0.15,0.0,0.12,8,2,1,34,4,23,25,1.6,0.74
724,725,59551,36,2,2,13,,717,16,2,5,0.9,72,14,448,21,19,13,15,10,0,13,0.18,0.46,0.09,3,7,0,3,1,14,44,0.9,1.29
725,726,59551,36,3,2,74,,718,17,1,1,1.3,91,1,515,22,15,22,21,13,0,16,0.07,0.07,0.09,4,2,0,8,3,9,50,0.5,0.93
726,727,59551,36,4,2,74,,719,18,1,1,1.4,71,4,493,23,26,11,29,11,0,27,0.07,0.07,0.1,17,2,1,8,1,7,40,1.4,1.42
727,728,59606,85,1,1,14,,720,14,3,0,1.5,71,6,1046,1,50,38,184,42,0,37,0.09,0.0,0.04,21,3,4,86,0,4,7,1.5,0.38
728,729,59606,85,2,1,9,,721,15,0,0,0.2,61,2,742,2,41,25,136,19,0,24,0.0,0.0,0.01,10,0,1,67,1,3,9,0.2,0.07
729,730,59699,110,1,1,27,,722,16,0,0,0.7,89,14,1040,11,62,37,178,40,0,47,0.0,0.0,0.02,27,0,3,55,0,12,22,0.7,0.27
730,731,59699,110,2,1,13,,723,17,2,0,1.3,64,10,1197,3,49,35,140,37,0,42,0.06,0.0,0.04,26,2,2,48,2,7,22,1.3,0.29
731,732,59699,110,3,1,74,,724,18,0,0,0.1,57,7,645,0,22,11,42,9,1,26,0.0,0.0,0.01,13,0,1,12,0,7,6,0.1,0.23
732,733,60028,121,1,2,17,,725,13,0,1,0.6,10,9,71,6,10,2,1,4,0,4,0.0,0.45,0.26,2,1,0,1,0,4,13,0.6,2.67
733,734,60394,32,3,4,82,,726,12,1,2,0.3,42,13,283,18,7,6,7,9,0,7,0.21,0.43,0.06,3,3,0,4,0,8,29,0.3,1.5
734,735,60394,32,4,2,17,,727,13,1,0,0.3,28,8,215,8,7,1,0,6,0,3,0.27,0.0,0.07,3,1,0,1,2,7,19,0.3,1.6
735,736,60444,86,1,2,55,,728,12,2,6,1.9,310,49,2325,38,87,44,17,23,0,48,0.07,0.22,0.07,25,8,1,34,3,60,98,1.9,0.86
736,737,60444,86,2,2,31,,729,13,3,0,2.4,230,27,1632,20,45,45,13,12,0,33,0.15,0.0,0.12,12,3,1,35,4,35,60,2.4,0.91
737,738,60444,21,3,2,113,631,730,14,1,0,1.2,203,27,1545,30,61,30,14,26,0,49,0.05,0.0,0.06,17,1,0,31,3,58,81,1.2,1.07
738,739,60444,21,4,2,22,,731,15,1,4,1.9,214,24,1340,29,48,26,13,22,0,42,0.06,0.23,0.11,10,5,2,31,4,43,67,1.9,1.47
739,740,60444,21,5,2,11,,732,16,0,0,0.4,120,13,946,17,43,21,13,15,0,23,0.0,0.0,0.03,14,0,2,14,8,21,40,0.4,0.72
740,741,60525,61,2,5,30,,733,14,3,7,1.8,65,33,371,17,48,15,14,21,0,64,0.18,0.43,0.11,20,10,0,11,1,25,48,1.8,2.09
741,742,60540,49,1,3,41,,734,13,8,2,4.8,29,9,462,20,38,6,30,20,0,33,0.33,0.08,0.2,8,10,0,98,1,3,46,4.8,2.2
742,743,60540,49,2,3,20,,735,14,2,4,1.3,25,15,314,13,22,8,26,16,0,31,0.13,0.27,0.09,6,6,0,35,1,12,22,1.3,1.33
743,744,60540,49,3,5,14,,736,15,3,0,2.2,17,4,192,2,8,11,22,7,0,11,0.32,0.0,0.23,3,3,0,44,0,5,7,2.2,0.95
744,745,60540,82,4,3,23,,737,16,4,3,4.4,36,9,369,19,23,9,27,13,0,31,0.18,0.14,0.2,8,7,0,53,1,12,29,4.4,1.46
745,746,60540,82,5,5,28,,738,17,2,0,2.5,15,6,147,6,13,6,12,8,1,12,0.26,0.0,0.33,4,2,0,32,1,7,14,2.5,2.49
746,747,60578,123,1,2,17,,739,14,2,0,3.6,100,15,821,5,59,29,42,30,0,57,0.08,0.0,0.14,24,2,0,48,1,21,26,3.6,0.88
747,748,60583,31,2,1,28,,740,15,0,0,0.1,32,11,239,2,18,7,10,8,0,16,0.0,0.0,0.01,11,0,0,4,0,12,10,0.1,0.4
748,749,60583,31,3,1,3,,741,16,0,0,0.0,33,12,221,6,7,6,8,3,0,9,0.0,0.0,0.01,4,0,0,5,0,13,10,0.0,0.28
749,750,60632,111,1,1,28,,742,16,3,2,3.9,131,42,1354,21,53,69,100,33,0,51,0.1,0.06,0.13,22,5,0,104,2,59,60,3.9,0.9
750,751,60632,111,2,7,28,,743,17,2,2,1.5,86,32,1094,18,36,63,81,26,0,35,0.07,0.07,0.06,17,4,0,59,0,23,35,1.5,0.44
751,752,60632,111,3,1,62,,744,18,3,1,1.5,84,37,1160,20,61,58,98,33,0,64,0.09,0.03,0.05,28,4,1,62,0,23,45,1.5,0.56
752,753,60889,58,2,2,52,,745,16,0,0,0.2,102,19,998,10,43,34,31,24,1,43,0.0,0.0,0.01,16,0,2,28,3,12,33,0.2,0.25
753,754,60890,113,1,4,3,,746,17,3,5,7.2,134,92,957,48,44,19,4,17,0,42,0.1,0.16,0.24,9,8,0,27,5,77,151,6.4,2.54
754,755,60890,113,2,4,28,,747,18,8,7,8.0,106,82,742,47,29,20,2,9,1,52,0.3,0.26,0.3,14,15,0,15,2,70,101,4.0,1.39
755,756,60890,109,3,4,82,,748,19,6,2,6.0,77,67,572,32,33,15,9,18,0,55,0.25,0.08,0.25,12,8,0,8,1,54,68,2.8,1.09
756,757,60957,44,2,3,85,,749,13,2,2,2.2,10,2,50,11,2,1,1,2,1,3,0.55,0.55,0.59,1,4,0,17,0,1,14,0.6,2.45
757,758,60957,33,4,3,62,872,750,15,10,1,8.7,49,16,259,28,9,2,24,15,0,11,0.38,0.04,0.35,2,11,0,108,3,9,54,7.2,2.08
758,759,60957,112,5,3,73,1599,751,16,2,3,2.0,11,4,84,9,4,1,6,4,0,4,0.29,0.43,0.28,1,5,0,39,0,4,16,2.0,1.71
759,760,60957,137,6,3,30,2179,752,17,0,1,1.0,13,5,65,3,1,0,4,5,0,1,0.0,0.2,0.2,0,1,0,20,0,1,10,1.0,2.02
760,761,60957,137,6,3,30,2180,752,17,0,1,1.0,13,5,65,3,1,0,4,5,0,1,0.0,0.2,0.2,0,1,0,20,0,1,10,1.0,2.02
761,762,60990,124,1,1,23,,753,15,0,1,1.1,102,18,692,6,69,81,179,62,0,58,0.0,0.03,0.03,29,1,4,87,2,14,24,1.1,0.27
762,763,60990,99,3,1,73,,754,17,2,0,2.4,76,10,1666,1,52,57,165,50,0,40,0.05,0.0,0.06,29,2,3,125,0,6,11,2.4,0.82
763,764,61087,9,1,3,5,,755,13,5,4,3.3,46,49,332,26,13,10,8,13,1,19,0.43,0.34,0.28,3,9,0,1,2,37,45,3.3,3.58
764,765,61087,9,2,9,16,,756,14,4,6,6.4,43,106,470,25,19,10,4,16,0,28,0.25,0.38,0.4,9,10,0,2,3,60,57,6.4,3.41
765,766,61087,9,3,5,5,,757,15,0,0,1.8,25,42,291,16,12,12,4,12,0,17,0.0,0.0,0.2,4,0,0,2,0,27,35,1.8,3.16
766,767,61087,9,4,5,25,,758,16,3,2,2.0,17,24,200,9,9,9,4,5,0,13,0.4,0.26,0.27,3,5,0,0,2,18,28,2.0,3.69
767,768,61253,89,1,4,75,,759,16,3,10,5.7,135,54,1359,72,34,22,11,34,0,57,0.1,0.34,0.2,18,13,0,9,2,66,125,5.7,2.07
768,769,61253,89,2,5,11,,760,17,4,7,5.2,96,38,984,63,13,10,14,15,0,25,0.17,0.29,0.22,9,11,1,9,3,36,114,5.2,1.74
769,770,61253,70,3,5,5,580,761,18,0,1,0.4,25,13,210,5,10,4,5,4,0,9,0.0,0.14,0.06,5,1,0,9,0,14,13,0.4,1.36
770,771,61253,70,4,3,28,,762,19,1,2,1.8,71,31,484,21,15,3,1,6,0,31,0.07,0.14,0.12,13,3,1,8,2,17,47,1.8,1.18
771,772,61253,36,6,4,74,,763,21,0,1,1.3,35,10,286,16,13,5,10,7,0,22,0.0,0.11,0.15,8,1,0,7,0,10,33,1.3,1.34
772,773,61511,122,1,5,80,,764,13,7,4,6.9,101,59,596,58,33,8,16,28,0,50,0.26,0.15,0.25,8,11,0,19,4,48,126,4.6,2.71
773,774,61546,77,2,1,28,,765,17,1,0,0.1,50,14,450,4,24,22,46,18,2,20,0.07,0.0,0.0,11,1,0,33,0,11,12,0.1,0.21
774,775,61546,77,3,1,62,,766,18,1,1,0.5,33,12,385,5,25,25,26,11,1,20,0.07,0.07,0.04,11,2,0,31,0,11,24,0.5,0.95
775,776,61573,128,1,2,3,,767,14,0,1,0.3,147,10,1289,16,78,73,19,46,1,69,0.0,0.04,0.01,27,1,1,31,6,21,34,0.3,0.3
776,777,61592,29,1,1,25,,768,14,1,1,1.4,50,4,924,7,34,34,184,23,0,28,0.04,0.04,0.05,15,2,3,91,0,6,16,1.4,0.77
777,778,61592,29,2,1,20,,769,15,1,1,1.1,14,1,535,2,29,21,103,17,0,25,0.06,0.06,0.06,18,2,0,60,1,2,6,1.1,0.51
778,779,61592,29,4,1,23,,770,17,1,0,0.5,8,1,277,2,8,4,18,8,0,8,0.16,0.0,0.08,6,1,0,10,0,0,3,0.5,0.66
779,780,61592,29,5,1,17,,771,18,1,0,1.0,2,1,138,0,4,5,19,3,1,3,0.27,0.0,0.27,1,1,0,6,0,1,0,1.0,0.8
780,781,61637,119,3,3,86,,772,15,1,1,1.1,6,7,108,5,2,1,0,5,0,3,0.14,0.14,0.16,0,2,0,14,0,5,11,1.1,1.69
781,782,61653,48,2,2,38,,773,13,3,5,1.7,75,9,547,38,16,9,31,19,0,25,0.18,0.29,0.1,10,8,0,12,1,11,62,1.7,1.7
782,783,61757,125,1,2,74,,774,12,0,1,1.6,106,10,722,8,43,23,45,20,1,51,0.0,0.05,0.07,22,1,1,45,0,10,31,1.6,0.97
783,784,61812,98,1,6,16,73,775,13,2,2,1.2,137,90,1384,19,46,42,82,34,0,46,0.06,0.06,0.03,23,4,0,75,2,72,49,1.2,0.84
784,785,61812,98,2,1,11,,776,14,2,1,1.5,153,83,1324,29,48,30,73,26,0,40,0.06,0.03,0.05,21,3,1,54,1,73,58,1.5,1.11
785,786,61812,98,3,1,37,,777,15,1,3,0.9,98,55,909,17,24,11,29,14,0,24,0.05,0.16,0.05,10,4,0,24,1,41,42,0.9,0.86
786,787,61812,98,4,1,37,,778,16,1,2,0.4,64,33,487,7,25,13,25,19,0,14,0.09,0.18,0.03,7,3,0,21,0,27,17,0.4,0.71
787,788,61812,98,5,1,23,,779,17,1,1,1.3,179,59,1304,21,56,40,59,37,1,59,0.04,0.04,0.05,35,2,1,51,2,45,59,1.3,1.05
788,789,61812,98,6,1,3,,780,18,3,1,0.9,132,36,1078,14,33,20,62,28,0,33,0.14,0.05,0.04,19,4,0,33,0,31,36,0.7,0.84
789,790,61812,98,7,1,40,,781,19,0,0,0.3,76,21,603,6,17,13,35,13,0,17,0.0,0.0,0.02,9,0,1,15,0,18,13,0.3,0.71
790,791,61819,100,1,1,33,,782,16,1,0,0.4,83,40,799,11,25,20,56,14,0,22,0.06,0.0,0.03,13,1,2,29,1,32,34,0.4,0.68
791,792,61891,71,3,1,73,,783,15,0,1,0.3,71,24,675,11,62,37,49,29,1,61,0.0,0.06,0.02,35,1,0,39,1,19,27,0.3,0.42
792,793,61891,71,4,1,3,,784,16,0,2,1.0,64,26,618,10,61,35,31,29,1,74,0.0,0.11,0.05,36,2,1,30,1,25,28,1.0,0.59
793,794,61891,71,5,7,40,,785,17,0,0,0.2,11,4,87,4,4,3,11,2,1,6,0.0,0.0,0.08,4,0,0,4,0,6,10,0.2,1.21
794,795,62144,109,1,7,2,,786,15,2,1,1.0,71,56,644,23,35,18,31,21,0,42,0.1,0.05,0.05,18,3,0,12,1,49,49,1.0,0.39
795,796,62351,66,3,1,3,,787,15,0,0,0.1,53,19,650,8,27,19,34,7,0,28,0.0,0.0,0.0,19,0,0,10,1,13,21,0.1,0.07
796,797,62415,115,2,2,30,,788,13,0,2,0.8,144,40,926,24,52,35,32,27,1,56,0.0,0.09,0.04,20,2,2,42,1,22,68,0.8,1.21
797,798,62688,29,1,1,9,,789,16,0,1,0.2,11,3,193,2,6,5,46,16,0,7,0.0,0.14,0.03,3,1,0,26,0,0,5,0.2,0.81
798,799,62688,29,2,1,14,,790,17,0,1,0.8,28,1,475,5,8,14,67,9,0,14,0.0,0.07,0.06,8,1,0,39,0,4,10,0.8,0.57
799,800,62688,29,3,1,80,,791,18,1,0,0.3,34,2,521,1,6,18,59,16,0,11,0.07,0.0,0.02,4,1,1,51,0,0,5,0.3,0.27
800,801,62920,43,1,1,24,,792,14,0,0,0.5,101,21,1039,4,28,38,67,28,0,18,0.0,0.0,0.02,13,0,1,47,0,14,21,0.5,0.36
801,802,62920,80,3,1,14,,793,16,2,0,1.5,76,13,1121,2,11,44,85,17,0,13,0.08,0.0,0.06,4,2,0,65,1,8,6,1.5,0.17
802,803,62920,80,4,1,28,,794,17,0,0,0.9,54,5,778,6,11,29,71,18,0,9,0.0,0.0,0.05,6,0,1,46,0,6,11,0.9,0.44
803,804,62945,17,5,1,30,,795,18,0,0,0.3,95,10,1078,12,33,31,145,31,1,36,0.0,0.0,0.01,22,0,0,40,0,5,36,0.3,0.2
804,805,63040,77,2,2,74,,796,18,2,1,2.4,132,13,701,14,65,35,39,33,1,64,0.08,0.04,0.09,28,3,1,80,0,15,44,2.4,0.7
805,806,63040,77,3,2,119,,797,19,0,2,1.1,80,8,569,15,39,29,41,24,0,60,0.0,0.09,0.05,17,2,0,61,3,13,36,1.1,0.69
806,807,63040,77,4,2,71,,798,20,1,0,0.7,34,3,228,2,10,1,9,8,0,19,0.12,0.0,0.08,2,1,0,21,0,8,13,0.7,1.07
807,808,63200,56,1,3,14,,799,13,12,2,13.8,41,23,308,22,28,2,25,29,0,29,0.45,0.08,0.52,6,14,0,119,5,15,51,12.2,2.37
808,809,63200,56,2,3,41,,800,14,6,0,6.2,18,10,138,5,10,6,9,7,0,9,0.4,0.0,0.41,3,6,0,58,3,6,24,5.4,2.6
809,810,63200,56,3,3,20,,801,15,3,0,4.1,20,8,189,18,12,5,11,14,0,13,0.2,0.0,0.27,3,3,0,60,0,9,41,3.3,2.5
810,811,63200,56,4,3,9,,802,16,1,0,2.1,17,5,122,8,11,2,5,8,0,9,0.11,0.0,0.24,2,1,0,49,1,5,18,1.4,1.67
811,812,63290,53,1,2,14,,803,15,0,2,0.5,59,11,440,8,45,25,25,17,0,67,0.0,0.14,0.03,14,2,0,21,3,14,24,0.5,0.85
812,813,63290,53,2,2,23,,804,16,0,1,0.4,86,24,731,24,66,27,23,31,1,71,0.0,0.05,0.02,30,1,1,37,0,16,52,0.4,0.53
813,814,63494,85,1,2,20,,805,15,1,3,1.4,170,17,1480,10,91,85,96,50,1,87,0.03,0.09,0.04,33,4,1,63,5,27,42,1.4,0.55
814,815,63494,85,2,2,20,,806,16,0,3,0.8,132,16,1180,20,75,68,61,30,0,85,0.0,0.1,0.03,37,3,0,49,3,16,47,0.8,0.65
815,816,63494,43,3,2,114,632,807,17,1,0,0.3,58,10,686,3,20,20,23,7,1,18,0.08,0.0,0.03,8,1,0,23,1,11,10,0.3,0.61
816,817,63494,43,4,2,3,,808,18,1,1,0.5,134,44,1167,5,44,35,51,17,0,28,0.04,0.04,0.02,15,2,0,52,7,40,32,0.5,0.55
817,818,63494,43,5,2,23,,809,19,3,0,2.6,98,45,915,10,21,19,20,12,0,18,0.14,0.0,0.12,10,3,1,25,6,27,46,2.6,1.2
818,819,63494,43,6,2,23,,810,20,1,1,1.0,80,24,699,9,32,22,24,20,0,22,0.06,0.06,0.06,15,2,1,21,3,27,32,1.0,0.87
819,820,63531,54,1,1,24,,811,14,0,1,0.2,189,90,1927,32,44,40,46,21,0,51,0.0,0.03,0.01,29,1,1,19,1,83,87,0.2,0.3
820,821,63531,54,2,6,47,,812,15,0,1,0.1,26,25,298,11,10,9,13,8,0,14,0.0,0.14,0.02,6,1,0,4,0,16,20,0.1,0.42
821,822,63531,23,3,7,20,,813,16,0,0,0.1,6,4,95,0,4,4,2,5,0,3,0.0,0.0,0.03,2,0,1,2,0,5,3,0.1,0.8
822,823,63821,124,1,2,28,,814,14,1,1,2.0,85,10,600,16,51,38,55,40,0,84,0.04,0.04,0.08,23,2,1,44,4,16,44,2.0,0.79
823,824,64598,129,1,1,25,,815,14,1,1,2.1,49,0,1198,9,20,40,197,46,2,17,0.03,0.03,0.07,8,2,5,130,0,3,18,2.1,0.5
824,825,64598,53,2,1,6,463,816,15,3,0,2.3,56,6,827,4,24,24,108,19,1,28,0.12,0.0,0.09,16,3,2,115,0,4,6,2.3,0.88
825,826,64598,53,2,1,6,464,816,15,3,0,2.3,56,6,827,4,24,24,108,19,1,28,0.12,0.0,0.09,16,3,2,115,0,4,6,2.3,0.88
826,827,64598,129,5,1,17,,817,18,1,1,1.2,36,8,812,1,6,12,70,17,0,9,0.07,0.07,0.09,3,2,2,53,0,3,9,1.2,0.81
827,828,64793,23,1,3,21,,818,14,16,1,11.3,40,5,585,25,32,7,26,12,0,16,0.53,0.03,0.37,6,17,0,230,0,11,59,11.3,2.77
828,829,64793,23,3,3,6,,819,16,4,3,7.2,21,4,282,12,7,4,32,4,0,20,0.23,0.17,0.41,1,7,0,113,0,4,30,7.2,2.5
829,830,64793,23,4,3,14,,820,17,5,1,6.6,25,2,313,16,10,2,12,9,0,9,0.3,0.06,0.39,3,6,0,126,0,5,27,6.6,2.13
830,831,65230,24,2,2,8,,821,16,2,2,1.3,220,12,2317,22,80,44,24,36,0,71,0.07,0.07,0.05,41,4,2,38,13,41,61,1.3,0.36
831,832,65230,24,3,2,49,,822,17,0,5,0.3,254,25,2453,30,63,53,18,27,0,76,0.0,0.18,0.01,27,5,2,40,13,48,74,0.3,0.11
832,833,65230,24,4,2,41,,823,18,2,0,0.6,291,24,2430,33,93,45,31,44,0,83,0.06,0.0,0.02,46,2,0,57,13,33,92,0.6,0.39
833,834,65230,24,5,2,21,,824,19,0,4,0.4,254,26,1722,25,58,27,36,32,1,51,0.0,0.15,0.02,29,4,2,53,15,32,74,0.4,0.35
834,835,65318,43,1,1,21,,825,15,1,0,0.5,95,38,768,8,33,21,61,12,0,33,0.06,0.0,0.03,20,1,0,25,2,28,31,0.5,0.78
835,836,65318,20,2,1,14,465,826,16,0,1,0.1,54,36,671,8,27,24,52,11,1,28,0.0,0.06,0.01,14,1,1,16,1,33,19,0.1,0.19
836,837,65318,20,2,1,14,466,826,16,0,1,0.1,54,36,671,8,27,24,52,11,1,28,0.0,0.06,0.01,14,1,1,16,1,33,19,0.1,0.19
837,838,65318,47,4,1,3,838,827,18,0,4,0.8,68,39,724,20,35,23,55,22,1,31,0.0,0.2,0.04,23,4,0,25,2,33,46,0.8,0.54
838,839,65318,47,5,1,74,,828,19,0,1,1.0,74,60,854,31,50,22,44,13,0,51,0.0,0.03,0.04,29,1,1,30,0,38,58,1.0,0.38
839,840,65318,47,6,1,74,,829,20,0,1,0.3,50,34,615,19,38,16,35,14,0,29,0.0,0.05,0.02,18,1,0,13,0,22,42,0.3,0.32
840,841,65477,85,1,3,41,,830,15,9,5,9.5,87,23,508,43,24,7,29,22,1,32,0.32,0.18,0.34,7,14,0,202,6,19,76,8.7,2.23
841,842,65477,85,2,3,41,,831,16,10,2,10.5,81,12,386,29,19,11,27,13,0,29,0.4,0.08,0.42,6,12,0,195,1,15,64,5.8,1.58
842,843,65976,117,3,3,23,,832,16,2,0,1.2,11,8,56,5,2,2,7,2,0,1,0.32,0.0,0.19,0,2,0,11,0,3,12,1.2,2.09
843,844,66005,94,1,2,3,,833,13,0,0,0.2,19,6,319,2,20,14,15,11,0,19,0.0,0.0,0.03,6,0,0,5,0,4,8,0.2,0.8
844,845,66005,94,2,2,28,,834,14,0,0,0.5,27,8,280,4,16,7,16,18,0,19,0.0,0.0,0.07,10,0,2,9,0,4,10,0.5,0.54
845,846,66100,37,1,2,5,,835,11,1,0,0.9,147,19,878,8,81,52,44,43,0,77,0.04,0.0,0.04,32,1,1,47,1,18,31,0.9,0.42
846,847,66100,37,3,2,20,,836,13,1,1,0.5,91,25,1056,14,69,30,18,28,0,68,0.05,0.05,0.02,26,2,0,31,1,31,41,0.5,0.71
847,848,66100,37,4,2,25,,837,14,2,2,1.4,156,38,1377,37,77,51,43,39,0,73,0.06,0.06,0.04,28,4,0,67,7,45,74,1.4,0.75
848,849,66100,24,6,2,9,1989,838,16,0,1,0.7,66,12,717,8,34,10,18,12,0,24,0.0,0.1,0.07,13,1,0,14,4,25,17,0.7,0.96
849,850,66106,80,1,2,14,,839,12,7,2,7.0,181,113,1581,55,44,9,8,34,0,53,0.24,0.07,0.24,11,9,1,6,9,94,95,5.4,2.17
850,851,66106,80,2,4,16,,840,13,6,6,7.5,229,150,1888,80,25,13,16,30,0,28,0.17,0.17,0.21,7,12,0,6,6,100,155,4.3,1.37
851,852,66106,80,3,4,11,,841,14,8,6,5.3,200,102,1497,59,16,13,5,18,0,21,0.29,0.22,0.19,3,14,0,8,1,76,121,2.9,1.59
852,853,66106,80,4,5,11,,842,15,5,8,4.1,238,99,1551,65,24,10,12,16,0,35,0.16,0.26,0.13,10,13,0,11,22,80,134,4.1,1.74
853,854,66106,80,5,5,11,,843,16,4,3,4.3,143,82,1116,56,25,14,8,18,2,33,0.15,0.11,0.16,14,7,0,13,13,69,111,3.5,1.42
854,855,66333,48,2,1,23,,844,16,1,1,0.2,47,39,496,22,19,13,25,11,0,21,0.09,0.09,0.02,10,2,1,29,0,30,36,0.2,0.44
855,856,66333,48,3,1,3,,845,17,0,0,0.4,45,10,468,13,17,17,26,6,0,14,0.0,0.0,0.05,9,0,0,18,0,6,27,0.4,0.97
856,857,66360,23,2,4,29,,846,12,1,0,0.8,16,12,137,8,3,1,5,1,0,3,0.29,0.0,0.24,1,1,0,0,0,11,17,0.8,2.3
857,858,66736,95,2,1,6,,847,10,1,1,0.8,28,1,343,4,22,16,43,17,0,14,0.08,0.08,0.06,8,2,1,32,0,2,5,0.8,0.45
858,859,66736,119,3,1,106,,848,11,1,2,1.2,70,12,903,9,54,44,78,29,0,42,0.04,0.08,0.05,17,3,1,43,0,2,20,1.2,0.33
859,860,66736,76,5,1,28,,849,13,0,0,0.6,16,2,325,2,19,13,30,14,1,12,0.0,0.0,0.06,10,0,1,17,0,1,9,0.6,0.6
860,861,66934,29,1,2,5,42,850,13,0,2,1.1,86,19,622,14,59,16,33,29,0,33,0.0,0.09,0.05,9,2,0,62,1,13,34,1.1,0.95
861,862,66934,29,2,8,41,,851,14,1,1,2.7,64,12,636,10,67,43,58,35,0,48,0.04,0.04,0.1,26,2,1,89,1,19,28,2.7,0.85
862,863,66934,29,3,1,20,,852,15,1,0,0.7,32,6,992,8,58,32,125,42,0,43,0.03,0.0,0.02,25,1,2,82,0,2,15,0.7,0.2
863,864,66934,131,5,2,14,1630,853,17,1,0,0.4,19,7,185,7,29,10,24,14,0,13,0.1,0.0,0.04,9,1,0,18,0,4,10,0.4,0.61
864,865,66934,131,6,2,3,,854,18,0,0,0.3,5,0,47,1,8,2,10,4,0,4,0.0,0.0,0.12,1,0,0,10,0,1,8,0.3,2.12
865,866,67063,85,2,5,5,496,855,13,2,0,3.9,10,13,125,3,14,5,7,12,0,11,0.22,0.0,0.43,3,2,0,28,0,7,15,3.9,2.41
866,867,67063,25,3,3,25,596,856,14,6,1,6.6,25,21,209,22,12,7,13,17,0,19,0.35,0.06,0.39,7,7,0,21,1,11,53,5.8,1.98
867,868,67063,25,4,5,9,,857,15,6,2,6.6,23,22,213,18,14,5,18,18,0,10,0.37,0.12,0.4,3,8,0,47,0,12,38,6.6,2.62
868,869,67063,25,5,3,14,,858,16,6,3,9.4,49,31,373,30,15,5,20,24,0,11,0.29,0.15,0.46,4,9,0,32,6,18,65,9.4,3.01
869,870,67063,25,6,5,25,,859,17,5,1,5.3,44,32,423,22,35,9,17,12,0,17,0.27,0.05,0.28,10,6,1,16,4,16,71,5.3,2.18
870,871,67063,25,7,3,9,,860,19,6,2,5.6,29,10,214,12,11,4,8,11,0,10,0.49,0.16,0.45,3,8,0,11,0,15,29,5.6,2.83
871,872,67080,95,2,1,41,,861,14,1,2,1.3,56,6,771,9,21,37,131,24,1,30,0.03,0.07,0.04,16,3,1,64,0,5,20,1.3,0.34
872,873,67082,79,1,4,26,,862,13,0,1,0.9,37,39,249,8,17,10,6,8,0,19,0.0,0.12,0.11,6,1,0,5,3,27,29,0.9,0.96
873,874,67082,79,2,5,10,,863,14,3,2,2.8,54,58,431,14,15,10,9,9,0,17,0.22,0.15,0.2,5,5,0,16,6,51,38,2.8,1.17
874,875,67090,53,1,1,13,,864,14,0,2,1.9,119,76,1009,20,67,53,94,41,0,58,0.0,0.08,0.07,31,2,1,48,0,58,41,1.9,0.96
875,876,67090,53,2,1,14,,865,15,0,0,1.0,85,77,898,17,73,40,63,31,0,61,0.0,0.0,0.04,25,0,0,57,0,55,34,1.0,0.58
876,877,67252,72,1,1,28,,866,13,1,0,1.3,92,14,1090,9,58,43,131,42,0,41,0.03,0.0,0.04,25,1,1,119,1,11,26,1.3,0.44
877,878,67420,45,3,1,23,,867,13,0,0,1.7,224,110,2161,27,108,36,96,53,0,87,0.0,0.0,0.05,49,0,5,65,4,39,52,1.7,0.64
878,879,67420,45,4,1,9,,868,14,2,2,1.2,135,45,1224,12,74,28,52,46,1,97,0.08,0.08,0.05,51,4,1,34,5,23,33,1.2,0.75
879,880,67420,45,5,1,14,,869,15,2,1,3.2,77,28,786,12,66,26,52,34,0,85,0.09,0.04,0.14,42,3,2,47,0,20,40,3.2,1.05
880,881,67421,117,3,1,33,,870,14,3,1,2.5,44,2,647,7,27,38,159,50,0,23,0.1,0.03,0.09,11,4,1,105,0,3,14,2.5,0.49
881,882,67546,120,1,1,27,,871,12,3,3,2.5,74,19,788,12,63,50,158,39,2,51,0.1,0.1,0.08,32,6,0,69,0,18,36,2.5,0.61
882,883,67546,120,3,1,112,,872,14,1,0,2.6,99,39,1358,5,39,52,98,32,1,29,0.03,0.0,0.08,17,1,0,61,0,34,26,2.6,0.53
883,884,67548,92,1,2,17,,873,12,4,5,2.4,128,53,707,30,51,21,19,29,2,81,0.2,0.25,0.12,23,9,1,24,15,44,78,2.4,2.3
884,885,67548,92,2,2,23,,874,13,4,3,3.3,129,28,694,27,41,12,19,16,0,52,0.19,0.14,0.16,19,7,1,20,6,22,70,3.3,2.88
885,886,67548,92,3,2,108,,875,14,0,1,1.4,113,26,613,16,38,22,7,22,0,35,0.0,0.06,0.09,12,1,0,16,0,23,49,1.4,2.24
886,887,67548,36,4,4,33,,876,15,1,3,0.6,46,13,259,13,21,6,5,11,0,28,0.12,0.36,0.07,8,4,1,6,3,17,24,0.6,1.82
887,888,67639,11,3,3,29,,877,16,3,1,3.0,10,3,73,3,2,0,5,2,0,3,0.63,0.21,0.62,1,4,0,10,0,4,6,2.2,1.47
888,889,67808,129,1,4,28,,878,12,1,3,2.0,148,59,1085,36,39,38,17,23,1,44,0.03,0.1,0.07,22,4,0,20,21,62,78,2.0,1.1
889,890,67808,120,3,4,108,633,879,14,1,0,1.2,61,23,480,20,13,10,4,12,0,12,0.08,0.0,0.1,6,1,1,9,1,18,40,1.2,1.13
890,891,67808,129,5,4,17,,880,16,1,0,0.7,39,7,217,5,10,5,6,3,0,9,0.13,0.0,0.09,2,1,1,6,3,9,17,0.7,1.06
891,892,67823,120,1,8,17,,881,16,0,0,1.2,73,5,626,8,52,34,54,30,0,33,0.0,0.0,0.06,16,0,1,48,0,9,23,1.2,0.69
892,893,68290,90,1,4,12,,882,11,15,7,11.0,177,125,824,41,14,5,1,8,0,21,0.94,0.44,0.69,4,22,1,8,41,86,103,7.1,3.06
893,894,68290,90,2,4,12,,883,12,13,6,14.7,160,110,733,39,12,4,1,10,1,21,0.89,0.41,1.0,3,19,0,1,21,90,100,10.7,4.51
894,895,68290,90,3,4,120,,884,13,9,5,13.1,160,103,762,59,14,9,0,8,2,37,0.57,0.32,0.83,8,14,0,5,12,98,139,8.4,4.07
895,896,68290,90,4,5,53,,885,14,13,6,10.8,146,96,1033,61,29,4,2,9,0,36,0.63,0.29,0.53,12,19,1,5,20,99,127,7.7,2.43
896,897,68290,90,5,4,18,,886,15,13,11,8.1,161,69,1011,49,22,4,1,7,1,19,0.76,0.64,0.47,9,24,1,1,25,77,105,6.5,2.1
897,898,68306,114,1,3,33,,887,13,2,0,2.8,11,3,122,5,13,1,0,2,0,2,0.21,0.0,0.3,1,2,0,8,0,3,10,2.8,1.04
898,899,68390,22,1,1,16,,888,14,2,2,1.6,125,71,1228,23,44,26,86,14,0,30,0.07,0.07,0.06,19,4,0,44,0,48,49,1.6,0.53
899,900,68390,22,2,1,16,,889,15,0,1,0.9,77,49,827,9,42,24,43,21,1,25,0.0,0.05,0.05,19,1,1,29,0,38,27,0.9,0.39
900,901,68390,22,3,7,78,,890,16,0,3,0.9,49,31,620,19,39,13,37,22,0,30,0.0,0.17,0.05,21,3,2,9,0,28,34,0.9,0.67
901,902,68390,22,4,1,25,,891,17,1,0,1.2,96,40,914,13,61,32,80,30,0,51,0.03,0.0,0.04,33,1,2,25,0,30,47,1.2,0.27
902,903,68390,22,5,1,23,,892,18,1,0,0.4,61,13,597,4,35,22,58,14,0,29,0.05,0.0,0.02,19,1,2,18,0,10,21,0.4,0.38
903,904,68390,22,7,1,2,,893,21,0,0,0.6,6,0,36,0,1,0,2,2,0,2,0.0,0.0,0.47,1,0,0,1,0,1,1,0.6,0.84
904,905,68718,46,4,3,71,,894,19,4,0,4.9,15,16,237,21,5,3,8,3,0,3,0.25,0.0,0.31,1,4,0,25,0,6,33,4.9,1.73
905,906,68864,49,2,2,11,,895,14,2,3,1.8,93,21,823,12,39,17,24,16,0,49,0.13,0.19,0.12,20,5,0,28,3,17,28,1.0,0.64
906,907,69633,88,1,2,31,,896,11,8,12,5.4,212,78,1560,73,41,15,13,26,0,59,0.26,0.39,0.17,17,20,0,13,24,84,143,5.4,2.69
907,908,69633,88,2,4,19,324,897,12,2,2,1.9,74,28,563,24,19,12,16,10,0,24,0.16,0.16,0.15,7,4,0,6,5,22,44,1.9,2.13
908,909,69633,54,3,2,19,,898,13,3,0,1.4,86,28,863,30,12,9,13,16,0,20,0.19,0.0,0.09,7,3,1,8,0,34,59,1.4,1.95
909,910,69633,52,4,2,7,,899,14,1,4,1.3,82,21,478,30,13,9,14,9,0,17,0.1,0.38,0.12,8,5,0,5,4,16,57,1.3,2.11
910,911,69633,60,5,2,11,1631,900,15,1,8,5.0,164,23,1203,36,22,11,20,23,0,33,0.04,0.35,0.22,10,9,1,9,9,24,71,5.0,1.71
911,912,69633,60,6,2,42,,901,16,1,2,1.0,68,20,648,27,18,4,13,17,0,33,0.08,0.16,0.08,12,3,0,1,5,21,46,1.0,1.03
912,913,69660,129,1,1,17,,902,10,1,0,0.8,50,30,651,2,13,16,80,24,0,14,0.06,0.0,0.04,8,1,1,25,0,21,12,0.8,0.39
913,914,69751,24,1,1,7,,903,14,2,8,1.8,207,63,2279,47,42,60,76,24,0,48,0.06,0.24,0.05,20,10,1,16,9,59,84,1.8,0.39
914,915,69751,24,2,1,8,,904,15,2,5,1.4,150,42,1858,30,20,37,40,12,0,27,0.08,0.21,0.06,6,7,0,6,3,28,51,1.4,0.29
915,916,69751,24,3,6,7,,905,16,3,5,1.9,197,48,2479,52,45,49,48,21,0,52,0.09,0.15,0.06,24,8,0,4,0,44,96,1.9,0.8
916,917,69751,24,4,1,26,,906,17,2,10,1.5,291,47,2334,58,47,33,41,26,0,47,0.07,0.34,0.05,27,12,1,13,13,52,89,1.5,1.06
917,918,69751,24,5,1,21,,907,18,2,3,0.8,141,42,1217,38,25,11,23,12,1,28,0.13,0.19,0.05,12,5,0,8,4,27,59,0.8,0.82
918,919,70245,36,6,1,62,,908,15,1,1,1.4,83,8,1265,12,47,45,132,32,0,40,0.03,0.03,0.04,23,2,4,56,2,6,28,1.4,0.66
919,920,70285,59,1,1,28,,909,13,3,7,0.8,109,43,1104,46,44,43,70,22,0,28,0.11,0.25,0.03,16,10,2,28,0,32,84,0.8,0.61
920,921,70285,94,2,1,9,,910,14,5,1,3.3,128,51,1168,27,42,35,84,23,0,37,0.16,0.03,0.1,19,6,0,34,1,46,81,3.3,1.4
921,922,70285,94,3,8,14,,911,15,2,2,1.1,130,49,995,24,37,28,38,26,0,30,0.08,0.08,0.04,16,4,0,15,0,34,59,1.1,0.79
922,923,70285,94,4,1,33,,912,16,0,1,0.2,25,9,258,9,12,6,15,7,0,7,0.0,0.15,0.03,5,1,0,8,0,4,18,0.2,0.77
923,924,70411,27,1,6,40,,913,12,3,4,2.2,104,120,736,46,28,20,33,21,0,31,0.11,0.14,0.08,14,7,0,16,2,75,103,2.2,1.35
924,925,70411,69,2,1,23,401,914,13,3,7,2.3,172,143,1229,54,26,23,53,15,0,27,0.08,0.19,0.06,14,10,0,20,1,69,112,2.3,1.0
925,926,70411,69,3,7,9,,915,14,3,6,3.4,156,68,1002,35,29,20,29,17,0,42,0.11,0.22,0.12,20,9,0,17,0,53,66,3.4,1.15
926,927,70411,69,4,1,9,,916,15,1,7,2.9,174,101,1077,44,36,19,49,28,0,39,0.03,0.23,0.09,21,8,1,14,0,54,91,2.9,1.5
927,928,70411,69,5,8,14,,917,16,4,5,3.6,81,72,517,45,24,16,19,14,0,29,0.16,0.2,0.14,13,9,0,6,6,37,67,3.6,1.73
928,929,70411,69,6,5,28,,918,17,3,2,2.8,66,43,431,31,26,6,14,10,1,31,0.14,0.09,0.13,16,5,0,8,1,21,60,2.0,1.54
929,930,70411,69,7,5,17,,919,19,1,3,1.9,32,20,255,15,19,9,31,16,0,24,0.07,0.23,0.15,10,4,0,5,2,13,20,1.1,1.05
930,931,70689,115,2,5,17,,920,12,4,6,2.8,139,120,818,53,13,2,1,11,0,18,0.18,0.27,0.13,5,10,0,4,1,90,140,2.8,2.55
931,932,70934,87,1,9,6,,921,16,0,0,0.5,2,4,19,0,3,0,1,2,0,2,0.0,0.0,0.61,1,0,0,0,0,1,1,0.5,2.37
932,933,70934,87,2,3,3,,922,17,3,0,2.2,47,22,258,10,21,1,1,7,0,20,0.3,0.0,0.22,7,3,0,9,1,11,37,2.2,3.01
933,934,70934,15,3,4,82,,923,18,7,5,5.9,126,35,725,35,70,22,19,46,0,92,0.24,0.17,0.2,32,12,0,11,9,34,76,5.9,1.91
934,935,70934,15,4,2,17,,924,19,2,0,2.9,73,10,418,15,25,9,5,20,0,47,0.13,0.0,0.19,13,2,0,12,5,15,32,2.9,1.3
935,936,70950,83,1,2,9,,925,16,0,0,1.0,58,17,569,2,76,30,39,42,0,54,0.0,0.0,0.04,16,0,1,34,5,16,33,1.0,0.83
936,937,71019,122,1,1,62,,926,12,0,0,0.8,38,5,635,1,17,27,143,27,0,14,0.0,0.0,0.04,6,0,1,44,0,4,15,0.8,0.57
937,938,71204,109,1,1,29,,927,17,0,0,0.3,69,19,706,10,25,25,88,20,0,30,0.0,0.0,0.01,15,0,2,25,0,18,23,0.3,0.26
938,939,71548,113,1,1,3,,928,16,1,2,0.9,109,26,863,4,31,46,92,12,1,27,0.05,0.09,0.04,17,3,2,59,1,23,16,0.9,0.83
939,940,71548,113,2,1,3,,929,17,1,0,0.7,104,21,872,6,33,29,82,20,0,34,0.04,0.0,0.03,16,1,0,56,0,17,23,0.7,0.63
940,941,71548,113,3,1,82,,930,18,0,1,1.8,173,37,1459,10,45,69,73,36,0,54,0.0,0.03,0.06,27,1,1,68,0,26,44,1.8,0.87
941,942,71579,77,2,2,30,,931,16,2,1,1.0,68,10,424,15,15,12,6,7,0,22,0.17,0.08,0.08,8,3,0,6,2,6,35,1.0,1.58
942,943,71579,77,3,8,121,,932,17,0,0,0.3,76,6,460,14,20,15,8,12,1,16,0.0,0.0,0.02,10,0,1,11,0,5,31,0.3,0.53
943,944,71579,77,4,2,27,,933,18,1,0,0.1,18,8,96,8,3,0,3,1,0,4,0.27,0.0,0.03,2,1,0,2,1,4,11,0.1,1.07
944,945,71905,92,1,1,3,,934,16,4,0,1.9,65,28,696,12,44,40,54,18,1,56,0.2,0.0,0.09,26,4,1,24,1,21,26,1.9,0.59
945,946,71905,92,2,1,3,,935,17,1,0,0.9,48,27,462,7,25,13,19,9,0,30,0.09,0.0,0.08,14,1,0,17,0,13,20,0.9,0.82
946,947,71905,92,3,1,74,,936,18,0,0,0.4,39,10,363,5,24,14,27,13,0,27,0.0,0.0,0.05,14,0,0,15,0,7,7,0.4,0.97
947,948,71905,92,4,1,30,,937,19,1,0,0.6,8,1,57,2,3,2,7,1,0,4,0.76,0.0,0.48,3,1,0,4,0,1,3,0.6,0.76
948,949,71918,120,1,4,30,,938,15,1,3,2.8,72,114,647,51,36,24,14,27,0,64,0.04,0.12,0.11,11,4,2,7,4,44,101,2.8,1.42
949,950,71918,120,3,4,74,,939,17,2,4,1.8,113,68,701,73,25,25,15,21,0,49,0.07,0.14,0.06,8,6,0,9,0,47,121,1.8,0.93
950,951,72047,15,1,5,10,,940,15,20,6,11.9,89,81,731,57,16,16,5,14,0,20,0.8,0.24,0.48,4,26,0,24,7,61,113,7.9,2.56
951,952,72047,15,2,3,11,,941,16,14,3,14.6,125,106,991,54,29,22,7,16,0,45,0.39,0.08,0.4,12,17,0,29,9,87,109,9.0,2.12
952,953,72047,15,3,3,37,,942,17,14,13,12.4,144,93,983,62,11,16,21,25,0,23,0.44,0.41,0.39,2,27,0,16,9,48,119,8.5,1.41
953,954,72047,15,4,3,41,,943,18,18,5,14.1,108,112,968,57,14,11,19,23,0,24,0.52,0.15,0.41,4,23,0,22,11,47,120,10.2,2.48
954,955,72047,15,5,3,25,,944,19,12,3,11.0,162,80,936,83,8,7,23,10,0,22,0.38,0.09,0.35,3,15,0,31,15,58,141,8.7,2.35
955,956,72047,15,6,3,6,,945,20,9,10,11.5,161,84,949,90,11,10,8,23,1,15,0.3,0.33,0.38,1,19,0,7,20,61,172,7.5,2.46
956,957,72047,15,7,5,23,,946,22,6,3,5.6,90,38,424,22,11,6,4,13,1,16,0.45,0.22,0.42,8,9,0,6,13,28,44,3.2,2.54
957,958,72121,2,4,2,71,,947,18,0,1,0.8,227,17,2160,25,56,53,49,45,2,74,0.0,0.03,0.03,27,1,1,21,5,23,74,0.8,0.79
958,959,72121,2,5,2,30,,948,19,4,3,1.2,219,13,1743,28,62,36,25,37,0,111,0.14,0.1,0.04,38,7,1,10,3,30,69,1.2,0.66
959,960,72121,2,6,2,71,,949,20,0,0,0.3,168,21,1408,32,43,36,24,31,0,81,0.0,0.0,0.01,23,0,4,17,10,27,63,0.3,0.48
960,961,72441,91,1,1,39,,950,12,1,3,1.8,94,40,1054,13,27,33,54,28,1,24,0.05,0.15,0.09,16,4,1,27,3,28,38,1.8,1.34
961,962,72441,91,2,1,39,,951,13,2,6,3.1,166,36,1374,17,56,45,80,31,0,76,0.07,0.21,0.11,33,8,0,49,1,34,53,3.1,0.93
962,963,72441,91,3,1,16,,952,14,2,0,3.3,157,40,1394,15,51,33,66,37,0,48,0.07,0.0,0.12,26,2,0,46,1,36,45,3.3,1.03
963,964,72441,91,4,1,16,,953,15,1,1,1.1,90,12,772,8,38,26,35,23,0,39,0.06,0.06,0.07,24,2,0,38,3,22,26,1.1,0.75
964,965,72441,91,5,1,20,,954,16,2,1,2.8,148,21,1351,17,69,57,88,42,0,64,0.06,0.03,0.09,35,3,1,43,2,42,47,2.8,0.94
965,966,72479,12,1,2,3,,955,12,2,5,3.8,225,41,1424,56,44,29,34,28,0,61,0.07,0.17,0.13,21,7,1,18,10,28,108,2.9,1.62
966,967,72479,12,2,2,32,,956,13,1,0,0.7,47,18,333,12,21,7,16,7,0,40,0.11,0.0,0.08,11,1,0,10,2,10,31,0.7,0.75
967,968,72479,12,3,4,67,,957,14,4,3,2.6,90,17,717,25,20,5,3,7,0,31,0.33,0.25,0.22,7,7,0,8,2,23,53,1.8,2.17
968,969,72479,47,5,2,3,,958,16,0,0,0.2,40,4,256,12,20,6,7,9,0,20,0.0,0.0,0.03,10,0,0,3,0,5,18,0.2,0.38
969,970,72519,121,1,5,23,,959,10,3,1,2.5,24,25,228,12,13,4,6,2,0,8,0.23,0.08,0.19,5,4,0,25,1,22,22,2.5,1.37
970,971,72792,107,1,1,13,,960,11,0,3,1.3,116,54,997,26,57,36,85,25,0,59,0.0,0.1,0.04,26,3,1,49,1,37,66,1.3,0.9
971,972,72792,107,2,1,33,,961,12,1,1,0.6,100,34,871,24,46,27,55,23,0,45,0.04,0.04,0.03,22,2,1,34,1,24,48,0.6,0.61
972,973,72792,44,4,6,3,,962,14,3,6,3.4,80,19,770,29,24,18,29,26,0,38,0.13,0.26,0.14,15,9,1,24,1,21,54,3.4,1.17
973,974,72792,44,5,1,147,,963,15,0,2,1.1,50,14,496,22,21,9,28,17,0,31,0.0,0.14,0.08,13,2,0,21,0,8,47,1.1,1.38
974,975,73484,85,1,2,21,,964,13,1,0,0.2,17,6,175,1,17,5,11,4,0,22,0.19,0.0,0.04,6,1,0,4,0,6,7,0.2,0.75
975,976,73484,85,2,2,25,,965,14,1,0,2.1,49,13,369,15,28,10,15,13,0,36,0.09,0.0,0.19,9,1,0,9,0,14,34,2.1,1.58
976,977,73484,85,4,2,23,,966,16,0,2,0.7,64,8,479,20,37,18,19,23,0,33,0.0,0.11,0.04,18,2,3,14,1,13,36,0.7,0.67
977,978,73547,108,2,2,9,,967,13,1,1,1.5,258,7,1710,48,66,47,40,34,0,97,0.03,0.03,0.04,28,2,1,44,1,14,83,0.7,0.47
978,979,73547,108,3,2,20,,968,14,0,0,0.5,125,7,1205,31,49,36,51,29,0,72,0.0,0.0,0.02,21,0,1,15,1,11,53,0.5,0.45
979,980,73547,108,6,2,3,,969,17,1,0,1.1,73,3,634,17,41,21,39,24,0,47,0.06,0.0,0.07,20,1,0,14,2,5,32,0.3,0.87
980,981,73636,53,1,5,17,,970,14,1,2,1.2,28,39,171,14,13,5,13,14,0,27,0.11,0.23,0.14,6,3,0,14,2,24,27,1.2,1.7
981,982,73782,36,2,5,13,,971,18,0,0,0.4,12,1,51,2,6,1,1,2,0,3,0.0,0.0,0.17,2,0,0,15,0,1,6,0.4,2.39
982,983,73794,91,1,3,11,174,972,12,23,7,18.9,68,108,560,64,9,4,25,26,0,9,0.71,0.22,0.59,1,30,0,65,4,67,130,17.3,3.6
983,984,73794,91,1,3,11,175,972,12,23,7,18.9,68,108,560,64,9,4,25,26,0,9,0.71,0.22,0.59,1,30,0,65,4,67,130,17.3,3.6
984,985,73794,91,2,3,22,295,973,13,18,6,15.6,43,52,446,38,7,2,11,18,0,6,0.8,0.27,0.69,1,24,0,51,0,34,81,14.8,3.91
985,986,73794,91,2,3,22,296,973,13,18,6,15.6,43,52,446,38,7,2,11,18,0,6,0.8,0.27,0.69,1,24,0,51,0,34,81,14.8,3.91
986,987,73794,91,3,3,94,,974,14,15,9,15.2,48,88,614,42,12,6,19,19,0,13,0.57,0.34,0.57,4,24,0,48,0,46,105,14.4,3.71
987,988,73794,91,4,3,95,,975,15,10,4,13.5,47,66,407,39,6,3,5,8,0,8,0.52,0.21,0.71,4,14,0,46,3,40,86,11.2,4.08
988,989,73794,91,5,3,43,,976,16,2,2,3.9,40,35,281,17,8,4,17,6,0,5,0.13,0.13,0.25,3,4,1,42,0,20,46,3.9,2.65
989,990,73794,16,6,3,41,1754,977,17,12,4,10.9,52,74,492,27,18,7,26,20,0,12,0.37,0.12,0.34,3,16,0,129,1,54,75,10.9,3.09
990,991,73794,16,7,3,20,2628,978,18,3,0,3.4,7,6,87,9,7,2,7,2,0,3,0.46,0.0,0.52,0,3,0,20,0,4,20,3.4,3.22
991,992,73926,69,2,1,59,241,979,12,5,3,4.2,149,47,1214,33,67,36,115,50,0,67,0.14,0.08,0.12,30,8,0,34,1,45,67,4.2,1.17
992,993,73926,69,3,1,14,,980,13,4,7,3.1,132,26,1024,21,62,49,83,48,0,51,0.12,0.22,0.1,28,11,1,42,0,26,49,3.1,1.06
993,994,73926,69,4,1,25,,981,14,4,5,3.0,123,31,923,20,62,23,62,38,1,62,0.14,0.17,0.11,29,9,1,45,3,19,47,3.0,1.05
994,995,73926,69,5,1,9,,982,15,2,3,2.7,54,11,394,11,34,15,37,30,0,41,0.12,0.18,0.17,16,5,0,14,1,9,28,2.7,1.21
995,996,73926,69,6,1,23,2057,983,16,0,1,0.4,28,13,228,8,13,6,21,9,0,10,0.0,0.15,0.06,7,1,0,9,1,8,21,0.4,1.05
996,997,73926,69,6,1,23,2058,983,16,0,1,0.4,28,13,228,8,13,6,21,9,0,10,0.0,0.15,0.06,7,1,0,9,1,8,21,0.4,1.05
997,998,73943,118,3,1,44,,984,15,1,0,0.8,44,4,626,3,39,36,91,22,0,25,0.05,0.0,0.04,15,1,1,29,1,2,7,0.8,0.41
998,999,73943,115,5,1,59,,985,17,0,0,0.1,20,1,142,1,10,15,29,3,0,9,0.0,0.0,0.02,3,0,0,10,0,1,5,0.1,0.35
999,1000,74229,79,1,2,31,,986,11,3,5,1.5,174,24,1715,61,84,31,37,25,1,86,0.1,0.17,0.05,34,8,1,15,14,30,107,1.5,0.73
1000,1001,74229,79,2,2,31,,987,12,4,5,2.6,146,26,1430,57,70,29,28,33,0,89,0.13,0.17,0.09,29,9,2,24,15,41,104,2.6,0.77
1001,1002,74229,79,3,2,113,,988,13,1,2,2.0,250,39,2178,38,64,36,40,35,0,98,0.03,0.06,0.06,28,3,0,26,4,40,79,2.0,0.51
1002,1003,74229,79,4,2,55,,989,14,1,2,1.0,197,28,1505,26,55,24,31,21,0,63,0.04,0.07,0.03,26,3,1,12,7,40,67,1.0,0.43
1003,1004,74229,79,5,2,22,,990,15,0,3,0.7,175,15,1784,28,55,20,19,35,0,72,0.0,0.11,0.03,28,3,0,11,8,25,70,0.7,0.57
1004,1005,74229,79,6,2,37,,991,16,0,4,0.4,212,26,2037,26,66,16,34,37,0,79,0.0,0.14,0.02,36,4,1,15,14,32,57,0.4,0.36
1005,1006,74229,79,7,2,5,,992,17,1,1,1.0,61,11,754,7,30,13,20,15,0,29,0.08,0.08,0.08,17,2,0,8,1,13,25,1.0,0.55
1006,1007,74230,87,1,4,10,,993,11,12,13,12.0,191,100,1045,68,30,22,20,30,0,47,0.4,0.43,0.4,6,25,0,10,4,75,152,11.3,2.44
1007,1008,74230,90,2,5,7,467,994,12,4,3,3.2,73,41,525,19,12,10,5,19,0,25,0.31,0.23,0.25,4,7,0,3,8,34,40,3.2,2.55
1008,1009,74230,90,3,5,49,,995,13,6,4,5.3,66,44,470,25,15,5,8,9,0,38,0.41,0.27,0.36,10,10,0,4,5,36,50,5.3,2.52
1009,1010,74230,72,5,5,26,1451,996,15,1,0,3.1,41,17,252,11,12,2,4,7,0,15,0.12,0.0,0.36,6,1,0,3,2,15,31,3.1,2.35
1010,1011,74230,72,6,4,37,,997,16,4,7,5.5,109,41,684,51,20,10,9,17,0,36,0.21,0.36,0.28,12,11,0,7,9,52,87,3.9,2.27
1011,1012,74230,72,7,4,41,,998,17,1,0,1.4,12,4,60,3,5,2,2,3,0,5,0.5,0.0,0.71,3,1,1,1,0,1,5,1.4,1.99
1012,1013,74294,87,2,8,38,234,999,12,0,0,0.3,34,7,597,2,20,12,35,17,0,19,0.0,0.0,0.02,6,0,1,21,1,12,13,0.3,0.52
1013,1014,74294,87,3,8,67,,1000,13,0,0,0.3,26,4,731,2,23,24,24,10,0,10,0.0,0.0,0.02,4,0,2,14,1,9,6,0.3,0.78
1014,1015,74294,87,5,7,14,,1001,15,3,1,1.7,110,29,1445,5,43,34,102,39,0,33,0.1,0.03,0.06,20,4,1,47,1,37,30,1.7,1.23
1015,1016,74294,87,6,7,14,,1002,16,1,1,0.8,73,23,914,7,31,27,56,17,0,31,0.05,0.05,0.04,17,2,0,41,1,21,20,0.8,0.98
1016,1017,74294,87,7,8,33,,1003,18,0,1,0.3,38,7,653,7,26,18,42,15,0,13,0.0,0.07,0.02,10,1,0,29,0,3,18,0.3,0.6
1017,1018,74297,101,2,4,3,,1004,13,2,5,2.8,101,63,565,27,46,16,8,15,0,48,0.09,0.22,0.13,17,7,2,25,10,43,63,2.8,1.93
1018,1019,74297,84,3,4,80,,1005,14,11,5,11.1,147,48,819,50,38,17,4,24,0,44,0.41,0.19,0.42,8,16,0,21,8,46,93,4.0,1.62
1019,1020,74297,84,4,4,20,,1006,15,3,2,3.5,80,30,511,20,22,4,3,10,0,20,0.16,0.11,0.19,4,5,0,12,7,28,52,2.7,2.15
1020,1021,74448,115,2,1,74,,1007,15,0,0,1.2,73,63,843,16,24,32,62,28,0,30,0.0,0.0,0.06,15,0,1,22,0,44,44,1.2,0.57
1021,1022,74448,119,3,1,30,,1008,16,0,0,0.4,18,15,224,10,6,5,15,12,0,7,0.0,0.0,0.06,2,0,1,4,0,11,15,0.4,0.55
1022,1023,74709,123,1,1,30,,1009,14,0,1,0.1,23,21,425,2,18,28,49,14,0,17,0.0,0.08,0.01,11,1,1,16,0,15,10,0.1,0.24
1023,1024,74810,56,1,1,20,,1010,13,0,2,1.6,99,9,1134,8,55,48,235,59,0,44,0.0,0.05,0.04,35,2,4,148,1,6,27,1.6,0.55
1024,1025,74810,56,2,1,41,,1011,14,1,1,1.7,56,5,906,9,41,42,165,42,0,29,0.03,0.03,0.05,17,2,2,127,0,0,28,1.7,0.53
1025,1026,74810,56,3,1,20,,1012,15,2,0,2.3,54,0,802,5,32,43,148,54,0,29,0.07,0.0,0.08,14,2,2,108,0,1,13,2.3,0.74
1026,1027,74810,56,4,1,25,,1013,16,3,0,2.3,38,3,535,5,26,24,94,28,0,19,0.15,0.0,0.11,12,3,1,68,0,1,13,2.3,0.93
1027,1028,74810,52,5,1,28,1632,1014,17,3,1,3.1,84,8,1348,8,45,48,122,54,0,37,0.08,0.03,0.09,20,4,2,131,0,11,33,3.1,0.77
1028,1029,74810,52,6,1,3,,1015,18,2,0,1.5,49,11,511,6,26,13,63,21,1,22,0.14,0.0,0.1,17,2,1,35,0,4,14,1.5,0.71
1029,1030,74869,20,1,2,5,,1016,12,0,1,0.4,106,18,836,18,46,49,29,21,0,35,0.0,0.05,0.02,17,1,1,35,5,13,42,0.4,0.46
1030,1031,74869,20,2,2,70,,1017,13,0,0,0.4,85,14,897,6,37,38,25,19,1,38,0.0,0.0,0.02,16,0,0,24,0,17,25,0.4,0.43
1031,1032,74869,43,4,2,6,,1018,15,2,1,0.3,56,14,408,10,26,19,11,15,0,20,0.22,0.11,0.03,11,3,0,15,2,12,19,0.3,0.54
1032,1033,74869,43,5,2,9,,1019,16,1,0,1.0,29,11,265,6,18,9,7,8,0,7,0.12,0.0,0.12,7,1,0,6,1,11,9,1.0,0.84
1033,1034,74943,110,1,2,52,,1020,16,4,3,2.5,59,21,394,16,51,17,37,27,1,53,0.23,0.18,0.15,19,7,1,72,3,23,36,1.7,1.47
1034,1035,74943,110,2,4,28,,1021,17,6,3,4.8,63,27,495,19,43,29,36,21,1,61,0.28,0.14,0.23,14,9,0,80,3,37,53,3.3,2.14
1035,1036,74943,110,3,4,14,,1022,18,7,2,7.1,77,35,663,17,67,28,25,25,0,74,0.27,0.08,0.27,26,9,0,79,3,23,56,4.0,2.16
1036,1037,74943,85,4,2,23,,1023,19,1,1,3.2,60,21,485,10,59,27,46,30,1,73,0.05,0.05,0.15,27,2,2,56,1,20,42,3.2,2.16
1037,1038,75067,45,3,1,25,,1024,13,1,0,1.8,88,12,1415,0,68,61,70,39,1,59,0.04,0.0,0.08,37,1,1,94,0,8,17,1.8,0.62
1038,1039,75067,45,4,1,25,,1025,14,0,1,0.4,46,7,981,4,41,43,72,29,0,33,0.0,0.05,0.02,23,1,2,82,1,3,13,0.4,0.3
1039,1040,75067,45,5,1,25,,1026,15,1,0,1.0,47,3,620,5,38,34,57,16,0,36,0.06,0.0,0.06,23,1,3,56,0,3,16,1.0,0.63
1040,1041,75287,129,1,3,9,,1027,15,2,0,2.7,5,9,50,0,5,3,1,2,0,2,0.33,0.0,0.45,0,2,0,5,0,10,4,2.7,2.5
1041,1042,75446,113,2,7,3,,1028,16,2,3,2.8,91,28,659,20,41,24,21,13,0,63,0.11,0.17,0.16,30,5,0,24,2,19,43,2.0,0.79
1042,1043,75489,121,1,3,9,,1029,10,2,1,3.8,46,24,262,13,3,1,17,10,0,5,0.16,0.08,0.31,1,3,0,65,1,15,33,3.1,2.91
1043,1044,75489,111,2,3,20,388,1030,11,4,1,1.8,9,11,79,3,2,3,6,3,0,3,0.89,0.22,0.39,1,5,0,30,1,6,12,1.7,3.8
1044,1045,75489,111,3,3,52,,1031,12,6,0,5.0,22,9,151,5,7,3,13,10,0,13,0.62,0.0,0.52,1,6,0,54,0,4,19,3.5,3.39
1045,1046,75489,111,5,3,28,,1032,14,16,5,12.8,90,41,581,34,9,1,24,13,0,13,0.58,0.18,0.47,3,21,0,153,4,33,74,8.6,2.69
1046,1047,75489,111,6,3,47,1894,1033,15,0,0,0.5,9,2,48,2,1,0,1,2,0,1,0.0,0.0,0.23,1,0,0,12,0,1,7,0.5,2.5
1047,1048,75489,64,7,3,16,2486,1034,16,1,0,0.8,1,3,25,2,1,0,3,0,0,1,0.53,0.0,0.44,1,1,0,12,0,1,4,0.8,2.66
1048,1049,75615,68,1,5,7,,1035,12,1,0,0.7,31,47,266,21,10,4,2,8,1,9,0.14,0.0,0.11,4,1,0,0,0,38,39,0.7,2.9
1049,1050,75615,68,2,5,93,,1036,13,1,4,0.7,60,47,384,30,2,5,5,7,0,12,0.11,0.45,0.08,1,5,0,1,2,35,52,0.7,2.02
1050,1051,75820,120,1,2,29,,1037,17,0,0,0.5,21,8,166,0,2,4,2,4,0,4,0.0,0.0,0.14,1,0,0,4,0,2,6,0.5,0.78
1051,1052,75921,44,2,7,27,,1038,17,0,8,0.1,85,47,1085,67,71,51,88,31,0,54,0.0,0.25,0.0,32,8,1,43,1,41,98,0.1,0.16
1052,1053,75921,44,3,6,56,,1039,18,1,9,0.3,85,47,1092,59,50,50,99,32,0,54,0.03,0.31,0.01,28,10,0,30,2,51,93,0.3,0.28
1053,1054,75921,44,4,6,74,,1040,19,2,0,1.4,81,42,759,31,49,34,75,20,0,45,0.09,0.0,0.06,26,2,0,29,3,34,60,1.4,0.9
1054,1055,75921,44,5,1,59,,1041,20,0,6,0.7,65,34,649,35,31,25,48,14,0,31,0.0,0.3,0.04,20,6,0,23,0,12,59,0.7,0.7
1055,1056,75921,44,6,1,30,,1042,21,0,2,0.6,86,23,631,39,23,13,57,16,1,33,0.0,0.11,0.03,13,2,0,26,1,20,57,0.5,0.33
1056,1057,75921,44,7,7,27,,1043,22,0,0,0.2,27,8,226,16,19,8,27,5,0,25,0.0,0.0,0.02,16,0,0,9,1,1,25,0.2,0.82
1057,1058,75942,16,1,2,20,,1044,15,3,1,1.2,144,55,1081,28,75,42,71,35,0,68,0.1,0.03,0.04,31,4,1,80,1,44,81,1.2,1.09
1058,1059,75942,16,2,2,20,,1045,16,1,3,1.0,148,68,1052,28,56,36,62,20,0,65,0.03,0.1,0.03,23,4,0,54,0,42,52,1.0,0.53
1059,1060,75942,16,3,2,67,,1046,17,1,1,1.3,125,30,1141,14,68,31,44,32,1,71,0.03,0.03,0.04,36,2,0,48,2,29,39,1.3,0.7
1060,1061,75942,42,5,2,13,,1047,19,0,2,0.6,122,27,1018,21,56,30,18,37,1,61,0.0,0.07,0.02,29,2,0,35,2,28,39,0.6,0.39
1061,1062,76055,127,1,4,9,,1048,13,0,0,1.6,45,10,215,8,13,8,13,8,0,8,0.0,0.0,0.18,3,0,0,47,0,10,29,1.6,3.08
1062,1063,76163,87,1,2,5,,1049,14,3,4,4.1,171,79,870,29,51,23,27,25,1,66,0.12,0.16,0.16,23,7,1,60,9,60,72,4.1,1.78
1063,1064,76163,87,2,4,16,,1050,15,3,0,1.6,88,13,541,9,25,10,10,13,0,36,0.25,0.0,0.13,6,3,0,33,0,21,32,1.6,1.31
1064,1065,76163,87,3,5,78,,1051,16,1,0,0.2,13,0,94,2,5,1,1,2,0,5,0.55,0.0,0.09,1,1,0,10,0,3,4,0.2,1.65
1065,1066,76277,41,1,1,11,,1052,17,3,0,1.4,37,8,820,2,19,30,72,20,0,16,0.2,0.0,0.09,10,3,0,25,0,2,9,1.4,0.34
1066,1067,76277,10,3,1,14,,1053,19,0,2,1.6,53,1,1198,7,29,54,115,44,0,24,0.0,0.08,0.06,16,2,1,53,1,6,22,1.6,0.24
1067,1068,76285,92,1,6,29,,1054,13,1,2,1.3,67,57,645,15,17,14,42,20,0,21,0.05,0.1,0.07,10,3,0,7,0,29,33,1.3,0.71
1068,1069,76467,85,1,1,9,,1055,12,1,1,0.4,106,41,945,13,48,36,68,24,0,51,0.04,0.04,0.02,24,2,0,12,0,32,35,0.4,0.26
1069,1070,76467,85,2,1,9,,1056,13,0,0,0.1,85,49,988,18,68,36,49,16,0,80,0.0,0.0,0.01,43,0,0,13,0,36,37,0.1,0.2
1070,1071,76467,85,4,1,33,,1057,15,0,5,0.1,100,40,867,25,35,37,51,24,0,37,0.0,0.21,0.0,21,5,0,12,0,34,45,0.1,0.13
1071,1072,76746,97,1,1,28,,1058,15,0,3,0.5,153,45,1317,61,96,46,57,47,0,120,0.0,0.08,0.01,53,3,2,31,1,49,104,0.5,0.42
1072,1073,76746,97,2,1,33,,1059,16,1,4,0.9,176,29,997,33,62,27,41,25,0,72,0.03,0.14,0.03,38,5,0,35,2,34,85,0.9,0.73
1073,1074,76746,97,3,1,14,,1060,17,1,0,0.3,135,28,863,19,59,31,42,43,1,81,0.04,0.0,0.01,30,1,0,35,1,27,38,0.3,0.37
1074,1075,76746,97,4,1,3,,1061,18,0,3,0.4,116,33,997,46,74,31,30,46,0,91,0.0,0.1,0.01,42,3,0,25,1,41,80,0.4,0.46
1075,1076,76746,97,5,7,17,,1062,19,1,1,1.1,80,21,649,26,49,15,36,40,0,48,0.05,0.05,0.05,26,2,0,14,0,23,47,1.1,0.28
1076,1077,76746,97,6,1,13,1806,1063,20,0,2,0.3,58,20,436,17,36,10,31,13,1,45,0.0,0.14,0.02,26,2,0,9,0,11,33,0.3,0.28
1077,1078,77100,88,1,5,49,,1064,10,10,0,6.3,63,79,557,27,35,24,24,15,0,27,0.42,0.0,0.27,9,10,0,34,5,51,72,6.3,1.91
1078,1079,77100,88,2,5,7,,1065,11,4,4,5.6,69,79,575,34,57,15,27,29,0,58,0.16,0.16,0.23,16,8,0,58,9,63,90,5.6,2.25
1079,1080,77100,88,3,5,50,,1066,12,3,4,1.9,46,43,437,16,32,18,10,12,0,29,0.19,0.26,0.12,8,7,0,23,1,49,39,1.9,1.15
1080,1081,77100,88,4,5,26,,1067,13,2,6,2.7,99,48,567,34,25,18,19,19,0,35,0.1,0.3,0.14,8,8,0,48,8,61,67,2.7,1.88
1081,1082,77100,88,5,8,11,,1068,14,1,0,0.5,13,4,62,4,8,2,1,0,1,4,0.59,0.0,0.32,1,1,1,5,1,8,9,0.5,2.35
1082,1083,77108,94,1,4,17,,1069,15,2,2,1.5,54,22,349,20,33,19,23,29,0,28,0.14,0.14,0.1,14,4,1,18,2,13,40,1.5,1.6
1083,1084,77108,94,2,2,17,,1070,16,0,0,0.1,7,0,31,1,9,0,2,3,0,6,0.0,0.0,0.04,3,0,0,2,0,2,6,0.1,1.5
1084,1085,77760,88,1,2,43,,1071,12,1,0,1.0,28,13,265,2,13,7,11,9,0,12,0.17,0.0,0.17,6,1,0,14,0,7,8,1.0,1.22
1085,1086,77812,78,2,1,17,,1072,11,0,1,0.4,33,8,525,2,32,19,87,22,0,30,0.0,0.06,0.02,21,1,2,27,0,2,7,0.4,0.38
1086,1087,77812,78,4,1,3,,1073,13,0,0,0.0,4,1,46,0,6,1,4,0,0,4,0.0,0.0,0.03,3,0,0,2,0,0,1,0.0,1.15
1087,1088,77812,137,6,1,63,,1074,15,0,0,0.3,34,7,455,3,33,21,66,21,0,39,0.0,0.0,0.02,19,0,1,29,0,4,9,0.3,0.3
1088,1089,77826,15,1,4,6,,1075,13,1,2,1.5,40,18,301,17,14,3,9,9,1,8,0.13,0.25,0.19,3,3,0,7,2,23,32,1.5,1.38
1089,1090,77826,35,2,4,6,,1076,14,1,4,2.2,96,46,693,43,25,7,5,14,0,25,0.06,0.23,0.13,8,5,0,11,6,40,67,1.4,1.41
1090,1091,77826,35,3,4,33,,1077,15,0,1,2.1,49,20,344,22,9,5,5,3,0,8,0.0,0.14,0.29,4,1,0,4,2,25,48,0.5,1.52
1091,1092,77826,35,4,4,73,,1078,16,3,4,2.3,182,85,1233,53,27,10,5,17,0,29,0.12,0.16,0.09,12,7,0,12,10,77,96,1.5,1.08
1092,1093,78147,81,3,3,86,,1079,17,5,2,7.9,79,24,441,32,24,4,29,20,0,26,0.17,0.07,0.26,7,7,0,218,3,22,68,6.3,1.73
1093,1094,78147,81,4,3,13,,1080,18,3,1,4.6,43,13,232,15,7,0,31,17,1,10,0.19,0.06,0.29,2,4,0,114,0,7,27,3.0,2.35
1094,1095,78917,61,2,1,48,,1081,17,2,3,0.8,100,36,887,27,36,33,46,22,0,53,0.09,0.14,0.04,21,5,1,18,4,22,66,0.8,0.45
1095,1096,78917,61,3,1,30,,1082,18,0,3,0.4,56,28,455,22,16,9,10,12,0,25,0.0,0.28,0.04,11,3,0,8,0,8,31,0.4,0.47
1096,1097,78917,61,4,8,30,,1083,19,0,1,0.4,22,18,197,13,10,5,6,12,0,13,0.0,0.18,0.07,6,1,0,5,0,15,20,0.4,0.74
1097,1098,79377,121,1,8,33,212,1084,12,0,3,2.6,82,60,657,27,44,21,33,34,0,66,0.0,0.13,0.11,17,3,0,27,0,41,63,2.6,1.35
1098,1099,79377,44,4,2,73,935,1085,15,2,6,2.1,67,40,395,25,37,26,15,25,0,48,0.1,0.31,0.11,15,8,0,15,1,14,46,2.1,1.49
1099,1100,79377,32,5,2,28,1600,1086,16,0,2,0.3,30,16,243,8,16,8,6,13,0,16,0.0,0.24,0.03,4,2,0,6,0,10,22,0.3,0.6
1100,1101,79501,74,1,3,33,,1087,12,6,2,3.8,25,34,203,13,9,3,23,12,0,19,0.42,0.14,0.27,5,8,1,26,1,25,35,3.8,2.47
1101,1102,79501,74,2,3,5,,1088,13,3,1,3.2,16,11,133,9,4,1,3,3,0,11,0.35,0.12,0.37,1,4,0,20,1,6,25,3.2,2.81
1102,1103,79510,114,1,1,30,,1089,17,0,3,1.4,118,57,1312,17,75,55,144,34,2,56,0.0,0.11,0.05,29,3,0,61,1,40,40,1.4,0.57
1103,1104,79510,114,2,1,30,,1090,18,0,1,0.7,98,40,1023,16,53,46,91,30,0,53,0.0,0.04,0.03,22,1,2,42,0,30,36,0.7,0.46
1104,1105,79723,124,1,1,9,,1091,12,1,3,5.0,49,7,528,22,35,52,204,47,0,28,0.03,0.09,0.15,15,4,5,225,0,7,34,5.0,1.01
1105,1106,79960,68,1,1,8,,1092,12,1,2,1.5,163,104,1531,36,68,38,71,32,0,36,0.04,0.08,0.06,21,3,0,55,2,84,77,1.5,0.83
1106,1107,79960,68,2,1,65,,1093,13,1,3,0.8,151,91,1687,33,44,47,46,26,0,33,0.04,0.11,0.03,12,4,3,31,2,88,78,0.8,0.6
1107,1108,79960,68,3,1,7,,1094,14,2,1,1.6,130,69,1208,17,37,31,57,20,0,25,0.1,0.05,0.08,13,3,0,38,0,44,45,1.6,0.63
1108,1109,79960,68,4,1,11,,1095,15,0,1,0.9,80,68,918,23,27,27,40,17,0,25,0.0,0.05,0.04,11,1,0,31,0,32,42,0.9,0.46
1109,1110,79960,68,6,1,23,,1096,17,1,0,0.4,43,16,479,5,13,15,23,13,0,5,0.12,0.0,0.05,4,1,0,12,0,9,14,0.4,0.62
1110,1111,79967,33,4,3,63,,1097,15,3,2,1.8,7,7,116,7,4,4,2,3,0,3,0.45,0.3,0.27,1,5,0,6,0,4,9,1.8,1.66
1111,1112,79967,33,5,3,79,,1098,16,3,2,4.1,21,10,208,9,11,6,21,14,0,12,0.19,0.12,0.26,4,5,0,15,2,1,20,4.1,1.85
1112,1113,80173,99,1,5,13,,1099,17,0,0,0.6,31,16,169,6,11,8,2,8,1,13,0.0,0.0,0.1,5,0,1,0,0,12,14,0.6,1.67
1113,1114,80173,99,2,4,2,,1100,18,1,2,0.6,34,22,196,20,9,2,3,6,0,11,0.17,0.35,0.11,4,3,1,0,2,9,30,0.6,1.56
1114,1115,80173,99,3,5,107,,1101,19,0,2,1.3,54,23,375,26,15,9,3,6,1,26,0.0,0.16,0.1,9,2,0,2,0,15,36,1.3,0.8
1115,1116,80197,83,1,3,47,,1102,13,11,7,10.4,46,38,521,32,8,5,39,14,0,24,0.38,0.24,0.36,4,18,0,146,4,30,73,10.4,3.08
1116,1117,80197,22,4,3,6,,1103,16,1,1,1.8,9,5,117,8,6,0,10,5,1,14,0.11,0.11,0.21,4,2,0,38,0,4,18,1.8,2.39
1117,1118,80293,80,1,1,6,,1104,11,1,1,0.6,172,23,2407,16,52,41,71,39,0,29,0.03,0.03,0.02,12,2,2,53,1,38,39,0.6,0.18
1118,1119,80293,80,2,1,37,,1105,12,0,0,1.5,93,10,1628,7,33,38,93,29,0,28,0.0,0.0,0.05,18,0,0,59,2,12,17,1.5,0.38
1119,1120,80293,80,3,1,37,,1106,13,3,1,2.1,62,5,1387,4,30,39,90,21,2,16,0.11,0.04,0.08,10,4,0,41,0,5,9,2.1,0.3
1120,1121,80293,43,5,1,6,,1107,15,0,0,0.1,36,7,826,4,18,21,58,19,0,12,0.0,0.0,0.01,6,0,0,20,1,7,9,0.1,0.12
1121,1122,80293,31,7,1,40,2702,1108,18,0,0,0.1,39,7,505,2,16,6,21,13,0,13,0.0,0.0,0.01,9,0,0,6,0,9,13,0.1,0.21
1122,1123,80444,24,1,5,51,,1109,11,5,2,7.4,158,101,1241,32,16,12,8,21,0,22,0.22,0.09,0.33,7,7,0,6,9,92,91,7.4,3.03
1123,1124,80444,86,2,4,36,276,1110,12,8,6,8.6,151,57,691,30,21,6,0,9,0,13,0.51,0.38,0.55,2,14,0,4,10,41,81,7.8,3.64
1124,1125,80444,86,2,4,36,277,1110,12,8,6,8.6,151,57,691,30,21,6,0,9,0,13,0.51,0.38,0.55,2,14,0,4,10,41,81,7.8,3.64
1125,1126,80444,24,3,4,118,,1111,13,2,2,4.0,58,38,444,6,8,2,1,7,0,9,0.28,0.28,0.55,3,4,0,2,0,35,27,4.0,3.85
1126,1127,80444,48,4,4,8,839,1112,14,5,3,3.8,94,48,531,25,17,7,4,11,0,21,0.34,0.2,0.25,6,8,0,5,3,36,62,3.8,2.91
1127,1128,80444,48,4,4,8,840,1112,14,5,3,3.8,94,48,531,25,17,7,4,11,0,21,0.34,0.2,0.25,6,8,0,5,3,36,62,3.8,2.91
1128,1129,80444,48,5,4,11,1341,1113,15,1,0,1.4,48,18,288,8,19,4,2,11,0,15,0.11,0.0,0.16,9,1,0,3,5,28,24,1.4,2.4
1129,1130,81460,127,1,3,28,,1114,15,2,0,4.6,30,10,248,14,11,4,21,6,0,14,0.12,0.0,0.27,4,2,0,47,0,9,42,4.6,2.23
1130,1131,81460,102,2,3,3,,1115,16,2,0,1.4,6,5,96,9,5,4,5,2,0,3,0.31,0.0,0.21,1,2,0,12,0,2,19,1.4,2.77
1131,1132,81460,102,3,3,17,,1116,17,0,0,0.4,10,4,105,3,7,5,4,6,0,8,0.0,0.0,0.06,3,0,0,11,0,3,13,0.4,1.38
1132,1133,81512,85,1,1,25,,1117,12,0,0,1.5,25,1,407,2,25,38,111,21,1,23,0.0,0.0,0.08,10,0,0,60,0,0,2,1.5,0.45
1133,1134,81512,85,2,1,20,,1118,13,0,2,0.9,36,1,488,6,37,36,127,31,2,32,0.0,0.08,0.04,17,2,0,61,0,1,10,0.9,0.36
1134,1135,81512,38,6,1,13,1964,1119,17,1,1,1.2,22,7,257,2,10,12,56,15,0,11,0.1,0.1,0.12,2,2,0,26,0,3,5,1.2,0.73
1135,1136,81512,38,7,1,13,,1120,18,1,0,0.8,33,6,355,3,9,8,37,8,0,5,0.12,0.0,0.09,4,1,1,26,0,4,8,0.8,1.58
1136,1137,81698,59,1,4,27,,1121,12,0,0,0.0,2,2,36,2,5,7,5,1,0,2,0.0,0.0,0.01,2,0,1,1,0,3,3,0.0,0.3
1137,1138,81988,113,1,3,9,,1122,13,7,4,10.9,58,14,667,28,27,6,14,11,0,30,0.24,0.14,0.38,7,11,0,171,1,14,71,10.9,2.34
1138,1139,81988,113,2,3,32,,1123,14,1,4,3.0,30,4,370,11,17,9,12,16,0,21,0.05,0.19,0.15,4,5,0,112,1,7,30,3.0,1.35
1139,1140,81988,113,3,3,112,,1124,15,3,0,7.8,40,14,338,16,21,6,5,11,0,22,0.19,0.0,0.5,9,3,0,87,0,9,45,7.0,2.82
1140,1141,81999,83,1,3,14,,1125,13,2,0,1.6,8,4,130,1,14,3,15,5,0,9,0.3,0.0,0.24,4,2,0,43,1,3,6,1.6,2.57
1141,1142,81999,95,2,3,14,497,1126,14,11,2,11.7,79,13,506,15,26,13,46,36,0,32,0.36,0.06,0.38,4,13,0,307,0,18,67,11.0,2.78
1142,1143,81999,95,3,3,32,,1127,15,11,3,12.8,99,25,600,30,27,15,58,26,0,28,0.33,0.09,0.38,8,14,1,249,0,16,70,9.6,2.65
1143,1144,81999,95,4,3,14,,1128,16,14,4,12.9,108,27,657,35,16,7,45,21,0,25,0.4,0.12,0.37,7,18,0,281,5,19,83,7.4,2.59
1144,1145,81999,53,5,3,9,1478,1129,17,16,2,14.5,66,23,458,22,13,8,43,25,0,17,0.48,0.06,0.44,4,18,0,174,2,21,66,10.5,2.62
1145,1146,81999,19,6,3,6,1990,1130,18,10,2,11.6,20,15,260,12,6,6,11,11,0,7,0.53,0.11,0.62,0,12,0,41,2,8,31,10.0,3.25
1146,1147,81999,19,6,3,6,1991,1130,18,10,2,11.6,20,15,260,12,6,6,11,11,0,7,0.53,0.11,0.62,0,12,0,41,2,8,31,10.0,3.25
1147,1148,82009,9,1,3,42,,1131,11,14,9,13.8,93,65,675,43,33,6,33,17,0,27,0.45,0.29,0.44,13,23,0,34,5,32,90,13.8,2.78
1148,1149,82009,9,2,3,43,,1132,12,10,7,11.5,57,39,398,34,16,5,7,14,0,16,0.44,0.31,0.5,5,17,0,38,6,21,77,11.5,3.43
1149,1150,82009,13,3,5,49,634,1133,13,16,7,11.6,84,43,519,32,33,4,4,23,0,34,0.52,0.23,0.38,8,23,0,56,5,24,67,11.6,1.82
1150,1151,82009,13,4,4,43,,1134,14,9,9,7.4,102,31,416,34,24,3,9,20,0,31,0.33,0.33,0.27,6,18,0,29,13,22,69,6.6,1.85
1151,1152,82009,13,5,5,42,,1135,15,3,2,1.7,31,6,112,14,8,2,0,8,0,8,0.42,0.28,0.25,2,5,0,11,3,6,18,1.7,2.11
1152,1153,82009,44,6,5,41,1859,1136,16,3,4,5.3,48,14,258,20,22,6,12,8,2,20,0.2,0.27,0.36,8,7,0,23,3,9,47,2.9,2.21
1153,1154,82048,58,2,5,32,402,1137,12,4,3,9.9,96,80,716,44,34,11,9,21,0,59,0.16,0.12,0.39,15,7,0,11,7,47,116,6.7,3.01
1154,1155,82048,58,3,5,6,,1138,13,2,2,3.9,58,38,412,31,22,9,7,15,0,31,0.15,0.15,0.3,10,4,0,5,1,19,61,3.9,2.39
1155,1156,82048,58,4,5,77,,1139,14,2,3,3.5,22,21,236,16,13,4,2,1,0,15,0.2,0.3,0.35,3,5,0,7,4,20,37,3.5,2.41
1156,1157,82048,58,5,3,3,,1140,15,4,2,2.8,13,17,161,8,12,0,4,0,0,10,0.49,0.24,0.34,5,6,0,0,0,14,31,2.8,2.68
1157,1158,82048,115,6,5,17,,1141,16,2,2,2.8,36,15,207,17,11,4,5,7,0,16,0.23,0.23,0.33,5,4,2,9,1,10,44,2.8,2.7
1158,1159,82070,93,1,2,21,,1142,11,0,2,0.4,182,52,1214,26,75,26,15,36,0,67,0.0,0.09,0.02,33,2,0,27,6,35,65,0.4,0.44
1159,1160,82070,89,2,2,45,328,1143,12,1,0,0.4,76,20,717,9,18,8,9,9,0,23,0.1,0.0,0.04,8,1,0,3,0,27,23,0.4,0.4
1160,1161,82070,89,3,2,122,,1144,13,2,3,1.2,117,27,1110,20,56,11,15,14,0,63,0.11,0.17,0.07,23,5,1,5,2,31,34,1.2,0.79
1161,1162,82070,89,4,2,37,,1145,14,1,0,0.7,44,8,539,5,21,9,2,11,0,21,0.13,0.0,0.09,10,1,0,4,1,12,23,0.7,0.26
1162,1163,82097,65,1,2,5,,1146,12,2,1,1.0,72,15,652,9,41,21,23,19,0,40,0.16,0.08,0.08,15,3,0,15,2,9,18,1.0,0.63
1163,1164,82097,65,3,2,25,,1147,14,0,2,0.3,113,20,1123,10,55,34,39,32,0,58,0.0,0.09,0.01,28,2,0,19,1,10,40,0.3,0.4
1164,1165,82097,65,4,2,20,,1148,15,0,0,0.3,46,3,372,3,28,12,9,18,0,28,0.0,0.0,0.04,12,0,0,11,1,4,10,0.3,0.36
1165,1166,82097,65,5,2,28,,1149,16,0,0,0.4,79,26,1020,15,44,17,40,34,0,55,0.0,0.0,0.01,22,0,0,24,2,28,39,0.4,0.24
1166,1167,82350,62,1,1,6,,1150,11,0,0,1.6,129,24,960,21,31,54,122,31,0,34,0.0,0.0,0.06,15,0,1,92,2,17,46,1.6,0.68
1167,1168,82350,62,4,1,62,,1151,14,2,0,1.7,93,13,1180,10,54,41,112,26,0,63,0.06,0.0,0.05,30,2,1,107,0,9,23,1.7,0.69
1168,1169,82350,62,5,1,28,,1152,15,0,1,0.7,92,9,945,8,43,44,133,42,0,44,0.0,0.04,0.02,22,1,0,103,1,6,17,0.7,0.26
1169,1170,82350,62,6,1,3,,1153,16,0,0,0.2,23,0,297,1,8,6,30,7,0,8,0.0,0.0,0.03,4,0,0,24,0,1,5,0.2,0.54
1170,1171,82350,62,7,1,30,,1154,18,0,1,0.5,15,5,309,2,11,18,59,8,0,8,0.0,0.11,0.06,4,1,0,48,0,1,4,0.5,0.68
1171,1172,82442,55,1,3,11,,1155,16,2,4,4.6,9,3,178,18,3,3,7,6,0,4,0.21,0.43,0.49,1,6,0,37,0,3,30,4.6,3.4
1172,1173,82442,55,2,3,16,,1156,17,8,0,7.3,7,6,204,8,8,2,13,14,0,11,0.73,0.0,0.66,1,8,0,50,1,7,24,7.3,3.53
1173,1174,82442,55,3,3,25,,1157,18,4,0,4.2,5,0,157,6,4,5,10,4,0,7,0.48,0.0,0.51,1,4,0,23,0,1,15,4.2,3.49
1174,1175,82442,51,4,3,9,1029,1158,19,11,3,9.8,23,8,321,25,15,3,19,13,0,17,0.52,0.14,0.47,3,14,0,92,3,6,55,8.3,2.9
1175,1176,82442,51,5,3,33,,1159,20,13,5,12.7,36,12,351,24,8,3,23,11,1,10,0.55,0.21,0.53,2,18,0,101,1,10,50,10.4,3.24
1176,1177,82442,51,6,3,14,,1160,21,15,8,14.2,28,9,338,32,17,6,22,14,1,14,0.57,0.3,0.54,2,23,0,59,2,7,51,10.2,2.74
1177,1178,82503,77,2,1,71,,1161,15,3,0,2.2,60,4,760,3,35,34,137,24,0,19,0.1,0.0,0.08,15,3,2,93,0,3,11,2.2,0.41
1178,1179,82503,77,5,1,17,,1162,18,0,1,0.2,47,6,745,3,21,28,96,34,0,25,0.0,0.05,0.01,12,1,1,30,0,5,12,0.2,0.25
1179,1180,82873,25,1,4,21,,1163,12,3,3,4.4,110,26,661,54,27,13,23,20,0,36,0.14,0.14,0.21,11,6,0,18,2,29,85,2.8,1.06
1180,1181,82873,25,2,4,41,,1164,13,2,4,1.6,135,36,765,59,36,9,7,25,0,39,0.1,0.2,0.08,14,6,0,18,5,34,102,1.6,1.45
1181,1182,82873,25,3,8,78,,1165,14,3,8,4.9,165,57,1281,70,45,23,18,25,0,53,0.11,0.29,0.18,24,11,1,22,1,48,126,1.7,1.01
1182,1183,82873,25,4,8,25,,1166,15,2,4,2.9,149,39,1012,60,28,18,23,34,0,33,0.09,0.18,0.13,12,6,0,15,8,35,100,2.1,1.02
1183,1184,82873,25,5,8,6,,1167,16,9,8,5.4,255,62,1879,80,59,13,21,32,0,55,0.25,0.22,0.15,25,17,1,10,9,52,138,5.4,1.08
1184,1185,82873,25,6,8,20,,1168,17,4,10,6.5,302,83,2774,103,70,22,32,41,0,72,0.12,0.29,0.19,31,14,3,14,5,69,185,5.7,1.56
1185,1186,83002,49,1,1,33,,1169,13,1,4,0.4,100,37,1170,26,59,37,77,25,0,54,0.04,0.15,0.01,29,5,0,82,1,29,70,0.4,0.23
1186,1187,83002,49,3,1,25,,1170,15,0,1,0.6,109,38,1217,18,81,54,65,21,1,51,0.0,0.04,0.02,39,1,0,42,0,22,32,0.6,0.11
1187,1188,83132,66,1,1,3,,1171,14,1,1,0.8,130,45,1295,18,98,44,87,41,0,62,0.03,0.03,0.03,33,2,0,18,2,45,56,0.8,0.52
1188,1189,83132,66,2,1,28,,1172,15,0,0,0.3,120,30,1069,13,34,22,51,16,0,36,0.0,0.0,0.01,16,0,0,15,0,25,33,0.3,0.36
1189,1190,83132,66,3,1,87,,1173,16,0,0,0.2,123,37,1267,12,42,35,61,23,0,63,0.0,0.0,0.01,30,0,0,13,0,34,36,0.2,0.23
1190,1191,83877,40,1,3,76,,1174,13,4,4,4.9,37,50,264,21,11,0,4,7,0,10,0.3,0.3,0.37,3,8,0,3,4,26,41,4.9,2.72
1191,1192,83877,115,2,4,52,,1175,14,2,0,1.7,40,48,288,12,9,4,4,7,1,18,0.22,0.0,0.19,5,2,0,2,2,22,36,1.7,2.51
1192,1193,83877,11,3,3,33,,1176,15,4,2,3.2,67,47,530,32,9,13,3,12,0,21,0.24,0.12,0.19,4,6,0,8,1,21,59,3.2,1.9
1193,1194,84085,35,1,1,28,,1177,11,3,3,2.5,148,43,1631,14,34,53,118,25,0,45,0.08,0.08,0.07,20,6,2,44,0,22,37,2.5,0.48
1194,1195,84085,35,2,1,6,,1178,12,0,0,0.2,50,21,558,7,17,30,44,8,0,21,0.0,0.0,0.01,9,0,2,25,0,11,12,0.2,0.21
1195,1196,84085,35,3,1,106,,1179,13,0,0,0.8,89,12,1116,3,28,36,80,24,1,27,0.0,0.0,0.04,19,0,1,45,2,7,16,0.8,0.44
1196,1197,84085,35,4,1,14,,1180,14,2,3,1.4,102,38,1230,22,43,60,72,29,1,36,0.07,0.11,0.05,20,5,1,31,2,24,36,1.4,0.53
1197,1198,84150,30,2,1,60,,1181,14,1,1,1.7,83,30,1002,7,43,35,110,24,1,45,0.04,0.04,0.07,22,2,1,70,3,12,23,1.7,0.53
1198,1199,84150,30,3,1,87,,1182,15,1,0,1.8,103,21,1103,3,48,53,109,25,0,42,0.04,0.0,0.07,23,1,0,64,0,4,25,1.8,0.4
1199,1200,84301,12,1,2,6,,1183,12,3,1,3.0,185,52,1174,20,101,54,58,40,1,85,0.11,0.04,0.11,33,4,0,141,5,33,67,3.0,1.01
1200,1201,84301,31,2,2,41,351,1184,13,2,1,0.9,130,25,965,15,72,59,40,32,0,74,0.09,0.04,0.04,29,3,1,80,1,25,39,0.9,0.61
1201,1202,84301,31,3,2,20,,1185,14,0,1,1.6,200,28,1703,22,114,76,49,39,0,122,0.0,0.03,0.05,53,1,0,84,0,43,64,1.6,0.59
1202,1203,84301,31,4,2,24,,1186,15,2,1,1.4,178,38,1404,15,123,50,56,49,1,113,0.07,0.03,0.05,51,3,0,97,4,34,56,1.4,0.59
1203,1204,84301,31,5,2,5,,1187,16,1,1,1.6,309,41,1942,21,128,47,60,50,0,121,0.03,0.03,0.05,65,2,0,91,8,47,70,1.6,0.74
1204,1205,84301,31,6,2,21,,1188,17,4,0,2.6,180,19,1598,19,89,35,60,34,0,81,0.14,0.0,0.09,43,4,0,78,5,40,49,2.6,0.81
1205,1206,84301,31,7,2,20,,1189,19,0,1,0.9,86,12,674,9,36,18,25,18,0,41,0.0,0.08,0.07,23,1,0,45,0,12,23,0.9,0.7
1206,1207,84344,5,1,1,23,,1190,12,0,1,0.1,61,51,586,14,14,15,27,11,0,12,0.0,0.09,0.01,8,1,0,8,1,34,28,0.1,0.27
1207,1208,84344,5,2,1,9,,1191,13,0,0,0.1,30,17,360,1,11,11,13,2,0,17,0.0,0.0,0.01,6,0,0,9,0,11,7,0.1,0.29
1208,1209,84435,8,1,1,5,,1192,11,0,0,0.2,126,28,1658,6,24,33,103,28,0,32,0.0,0.0,0.01,12,0,3,37,0,10,27,0.2,0.15
1209,1210,84442,40,1,2,74,,1193,8,0,0,0.4,51,13,457,3,14,10,13,14,0,13,0.0,0.0,0.05,7,0,0,8,1,16,13,0.4,1.52
1210,1211,84467,34,1,1,46,,1194,13,0,1,0.1,63,48,591,11,31,15,30,19,1,24,0.0,0.09,0.01,17,1,2,17,2,30,33,0.1,0.18
1211,1212,84765,40,1,3,28,,1195,15,16,3,17.6,51,87,666,44,13,2,11,11,0,10,0.42,0.08,0.46,3,19,0,24,2,30,103,12.9,2.37
1212,1213,84765,67,2,3,14,403,1196,16,21,7,13.9,48,53,622,53,7,1,8,15,0,11,0.64,0.21,0.43,3,28,0,16,6,28,100,12.4,2.18
1213,1214,84765,67,3,3,67,,1197,17,11,5,9.9,29,12,317,16,0,1,3,4,0,2,0.58,0.27,0.53,0,16,0,11,2,7,45,7.6,2.12
1214,1215,84765,42,5,3,28,1533,1198,19,1,0,1.9,11,6,168,9,3,1,3,0,0,3,0.08,0.0,0.15,0,1,0,6,0,4,23,1.9,1.56
1215,1216,84765,42,5,3,28,1534,1198,19,1,0,1.9,11,6,168,9,3,1,3,0,0,3,0.08,0.0,0.15,0,1,0,6,0,4,23,1.9,1.56
1216,1217,84765,40,6,3,17,2059,1199,20,3,0,3.4,18,7,164,10,2,1,3,4,0,1,0.21,0.0,0.24,0,3,0,12,1,6,26,2.6,1.56
1217,1218,84766,73,4,2,27,,1200,16,0,0,0.4,56,5,426,4,17,22,25,16,0,25,0.0,0.0,0.03,9,0,0,15,2,7,16,0.4,1.0
1218,1219,84835,125,1,4,13,,1201,18,3,1,3.0,106,76,796,44,14,16,10,21,0,31,0.13,0.04,0.14,6,4,2,12,2,52,94,1.4,1.39
1219,1220,84921,122,1,1,13,,1202,14,0,0,0.9,36,9,528,4,20,14,103,31,0,10,0.0,0.0,0.05,6,0,0,47,1,3,14,0.9,0.32
1220,1221,85000,81,3,5,30,,1203,12,1,0,0.7,8,5,97,4,12,3,4,3,0,11,0.2,0.0,0.13,6,1,0,6,0,3,10,0.7,1.77
1221,1222,85177,29,3,1,20,635,1204,14,0,1,0.2,42,18,448,4,17,18,25,7,0,16,0.0,0.08,0.01,9,1,1,4,0,10,8,0.2,0.31
1222,1223,85177,29,4,1,14,,1205,15,0,1,0.1,36,14,561,6,21,15,32,7,0,20,0.0,0.07,0.01,10,1,0,10,1,9,12,0.1,0.2
1223,1224,85288,19,1,4,18,,1206,11,3,2,5.1,119,46,834,26,29,6,3,9,0,34,0.23,0.15,0.38,14,5,0,6,6,49,59,5.1,1.89
1224,1225,85288,19,2,5,55,,1207,12,1,2,2.1,96,48,727,23,13,7,4,9,0,14,0.08,0.15,0.16,5,3,1,6,6,39,50,2.1,1.75
1225,1226,85288,19,3,2,7,,1208,13,0,2,1.5,109,36,632,19,13,2,2,7,0,14,0.0,0.2,0.15,2,2,0,5,0,31,42,1.5,1.98
1226,1227,85288,19,4,4,11,,1209,14,1,0,0.7,42,16,238,10,9,2,1,1,0,12,0.27,0.0,0.2,5,1,0,4,4,11,22,0.7,2.45
1227,1228,85288,87,5,4,32,1270,1210,15,0,2,0.4,37,16,346,17,15,10,3,3,0,14,0.0,0.23,0.05,8,2,0,5,3,23,32,0.4,0.45
1228,1229,85288,80,6,2,9,,1211,16,8,5,8.3,216,100,1201,81,41,10,7,19,0,38,0.31,0.19,0.32,14,13,0,16,15,85,156,6.7,2.4
1229,1230,85295,50,4,1,13,901,1212,14,1,2,0.9,134,84,1350,44,45,39,64,24,1,31,0.03,0.06,0.02,19,3,0,23,1,48,94,0.9,0.43
1230,1231,85295,50,5,1,3,,1213,15,0,0,0.3,131,75,1422,32,52,25,72,26,0,30,0.0,0.0,0.01,18,0,1,29,1,51,66,0.3,0.17
1231,1232,85295,50,6,1,14,,1214,16,0,1,0.7,98,50,1116,24,44,29,66,27,0,39,0.0,0.03,0.02,22,1,1,30,2,29,51,0.7,0.34
1232,1233,85324,95,1,3,9,,1215,10,5,1,6.2,16,10,197,8,16,4,10,16,0,24,0.31,0.06,0.39,2,6,0,48,0,10,20,6.2,2.06
1233,1234,85370,24,1,7,7,,1216,11,0,7,0.5,104,66,1599,29,28,43,31,18,0,24,0.0,0.3,0.02,16,7,0,28,6,67,52,0.5,0.39
1234,1235,85370,24,2,7,8,,1217,12,1,2,0.6,151,78,1955,25,35,33,36,12,0,25,0.04,0.08,0.02,15,3,0,28,1,80,61,0.6,0.23
1235,1236,85370,24,3,6,7,,1218,13,1,2,0.3,51,23,795,13,9,10,20,12,0,13,0.1,0.19,0.03,7,3,0,10,0,15,18,0.3,0.48
1236,1237,85370,24,4,8,26,,1219,14,2,1,1.5,15,6,230,4,5,4,6,2,0,5,0.45,0.23,0.33,3,3,0,2,0,7,7,1.5,0.9
1237,1238,85370,24,5,7,25,,1220,15,4,1,2.4,97,47,850,10,22,11,16,15,0,18,0.28,0.07,0.17,7,5,0,7,1,32,29,2.4,1.24
1238,1239,85370,24,6,8,9,,1221,16,3,2,1.7,50,13,582,9,15,8,7,7,0,11,0.31,0.21,0.18,3,5,1,12,0,18,24,1.7,1.05
1239,1240,85370,144,7,2,28,2703,1222,17,0,1,0.7,33,8,399,15,13,9,13,6,0,6,0.0,0.15,0.1,5,1,0,7,1,13,23,0.7,0.87
1240,1241,85383,20,2,5,9,,1223,12,1,0,0.6,3,11,31,3,7,0,1,1,0,3,0.53,0.0,0.3,2,1,0,2,1,5,5,0.6,3.18
1241,1242,85383,17,5,4,3,,1224,15,3,2,4.9,46,45,444,24,55,24,20,33,0,56,0.11,0.07,0.18,23,5,1,60,1,41,53,4.9,1.2
1242,1243,85383,17,6,4,3,,1225,16,0,1,1.8,34,27,387,22,52,16,18,26,1,51,0.0,0.05,0.1,22,1,0,22,1,26,39,1.8,1.15
1243,1244,85393,118,3,2,82,,1226,15,5,2,3.8,41,10,333,19,16,9,7,10,0,28,0.43,0.17,0.33,6,7,0,6,2,6,33,0.6,1.22
1244,1245,85393,23,6,4,27,,1227,18,5,2,3.4,57,22,358,33,13,2,6,9,0,17,0.37,0.15,0.25,7,7,0,18,3,19,64,2.6,2.76
1245,1246,85393,23,7,4,30,,1228,20,1,0,0.5,25,13,134,12,5,2,2,1,0,4,0.19,0.0,0.1,0,1,0,5,1,10,30,0.5,1.88
1246,1247,85475,83,2,1,25,,1229,15,2,2,1.4,43,4,929,4,42,24,190,41,0,46,0.07,0.07,0.05,23,4,2,60,0,13,19,1.4,0.52
1247,1248,85475,83,3,1,67,,1230,16,0,0,0.3,32,1,715,7,29,17,147,41,0,21,0.0,0.0,0.01,17,0,0,48,0,0,15,0.3,0.17
1248,1249,85500,77,2,3,2,,1231,16,1,0,1.2,8,2,54,3,1,1,0,4,0,2,0.37,0.0,0.45,0,1,0,8,0,3,6,0.4,1.5
1249,1250,85585,26,2,1,30,,1232,17,2,0,2.3,28,1,783,1,30,31,116,31,0,32,0.09,0.0,0.1,19,2,0,46,0,2,9,2.3,0.3
1250,1251,85585,26,3,1,30,,1233,18,1,2,2.3,38,4,1033,7,58,80,146,36,2,54,0.03,0.06,0.07,31,3,1,57,0,4,16,2.3,0.38
1251,1252,85706,108,2,1,3,,1234,14,2,4,1.3,174,92,1383,34,81,35,71,27,0,96,0.05,0.11,0.04,42,6,3,31,2,63,77,1.3,0.59
1252,1253,85706,108,3,1,25,,1235,15,0,1,1.3,124,44,1108,17,59,22,81,41,0,58,0.0,0.03,0.04,33,1,1,35,0,20,39,1.3,0.53
1253,1254,85791,65,2,1,84,352,1236,11,1,3,1.7,123,88,1086,36,51,29,71,38,0,54,0.03,0.1,0.06,24,4,0,35,0,65,62,1.7,0.53
1254,1255,85791,65,3,1,109,,1237,12,2,2,1.8,136,79,1260,35,62,35,85,34,0,60,0.07,0.07,0.06,27,4,1,37,0,66,68,1.8,0.81
1255,1256,85791,65,4,1,109,,1238,13,1,2,0.7,58,23,544,12,19,14,31,24,0,28,0.06,0.12,0.05,12,3,0,14,0,14,37,0.7,0.73
1256,1257,85791,65,5,1,6,,1239,14,0,0,0.8,45,23,501,8,16,14,34,8,0,23,0.0,0.0,0.09,10,0,1,8,2,8,13,0.8,0.66
1257,1258,85822,44,2,1,13,,1240,13,0,0,1.5,12,0,228,5,16,16,39,11,0,17,0.0,0.0,0.16,7,0,0,37,1,0,7,1.5,0.64
1258,1259,85822,44,3,1,62,,1241,14,0,0,0.1,17,2,187,1,10,13,21,7,0,15,0.0,0.0,0.02,7,0,0,19,0,2,3,0.1,0.51
1259,1260,85867,8,1,1,14,,1242,10,1,5,2.3,103,166,1170,61,34,24,36,32,0,36,0.04,0.18,0.08,15,6,0,9,0,82,114,2.3,1.06
1260,1261,85867,63,2,7,26,,1243,11,1,0,0.4,32,24,382,3,11,9,9,14,0,13,0.15,0.0,0.06,8,1,0,2,0,14,11,0.4,0.91
1261,1262,85867,63,4,1,25,,1244,13,0,2,0.2,52,17,544,7,21,11,8,8,0,21,0.0,0.22,0.02,9,2,0,8,0,11,15,0.2,0.32
1262,1263,85906,7,1,6,23,,1245,10,2,4,3.6,88,76,850,33,61,32,67,51,0,42,0.06,0.12,0.11,18,6,0,53,0,54,61,3.6,0.59
1263,1264,85906,7,2,6,5,,1246,11,1,4,1.6,52,40,417,22,26,15,26,16,0,16,0.06,0.26,0.1,6,5,0,25,1,19,45,1.6,1.1
1264,1265,85906,62,5,1,147,1601,1247,14,0,2,0.5,62,32,372,11,20,9,26,22,0,20,0.0,0.15,0.04,12,2,0,18,0,19,32,0.5,0.51
1265,1266,85906,62,6,1,40,,1248,15,0,1,0.3,40,22,317,9,18,16,24,17,0,19,0.0,0.11,0.03,9,1,0,10,0,9,18,0.3,0.65
1266,1267,86079,110,1,3,59,,1249,15,1,2,2.2,34,40,325,18,30,15,11,19,0,23,0.05,0.11,0.12,8,3,0,14,2,26,55,2.2,2.03
1267,1268,86079,110,2,4,30,,1250,16,0,1,0.6,17,9,101,4,6,3,5,3,0,8,0.0,0.27,0.15,4,1,0,8,0,2,8,0.6,2.94
1268,1269,86202,55,1,1,43,,1251,10,1,0,2.5,174,21,2332,7,34,32,96,15,0,27,0.03,0.0,0.08,15,1,1,81,8,25,32,2.5,0.85
1269,1270,86202,55,2,1,8,,1252,11,2,0,0.9,99,11,1301,5,28,16,59,15,0,25,0.11,0.0,0.05,16,2,1,57,3,23,13,0.9,0.63
1270,1271,86202,55,3,1,7,,1253,12,1,0,1.3,71,24,1365,3,31,18,51,17,0,15,0.05,0.0,0.07,12,1,0,42,0,18,18,1.3,0.74
1271,1272,86202,55,4,1,26,,1254,13,3,0,2.3,188,54,2217,12,48,28,91,20,0,48,0.09,0.0,0.07,36,3,1,56,7,72,45,2.3,1.42
1272,1273,86202,19,5,1,7,1633,1255,14,1,0,1.8,59,21,1486,2,18,19,74,23,0,23,0.04,0.0,0.07,14,1,0,37,3,11,18,1.8,0.82
1273,1274,86202,19,6,1,50,,1256,15,1,0,1.5,88,17,1630,5,26,11,89,27,0,20,0.03,0.0,0.05,16,1,0,49,3,10,21,1.5,0.63
1274,1275,86202,19,7,1,26,,1257,16,0,0,1.2,61,12,1167,3,13,7,69,18,0,10,0.0,0.0,0.07,8,0,1,24,1,17,16,1.2,0.94
1275,1276,86759,18,1,2,43,,1258,17,6,8,7.8,270,118,1795,73,30,22,15,18,0,20,0.22,0.3,0.29,1,14,0,19,18,94,152,7.8,1.91
1276,1277,86759,18,2,2,11,,1259,18,6,10,6.4,203,82,1332,48,26,13,5,18,0,28,0.3,0.49,0.31,10,16,0,7,12,71,119,6.4,2.32
1277,1278,86759,96,3,2,5,,1260,19,2,5,2.4,141,52,720,28,19,13,8,14,0,21,0.13,0.32,0.16,8,7,2,11,7,45,70,2.4,1.29
1278,1279,86759,96,4,2,9,,1261,20,2,4,3.1,147,65,912,39,28,7,12,13,1,20,0.1,0.21,0.16,3,6,0,15,3,55,98,3.1,1.1
1279,1280,86759,96,5,2,14,,1262,21,2,5,3.8,162,70,983,35,36,15,16,17,0,19,0.09,0.23,0.17,11,7,0,10,9,68,77,3.8,1.39
1280,1281,86792,21,1,5,10,,1263,11,6,3,3.9,85,28,542,19,14,6,6,6,0,19,0.51,0.25,0.33,9,9,0,3,9,31,39,3.9,2.2
1281,1282,86792,21,2,5,26,,1264,12,1,0,0.5,18,1,89,3,1,0,0,0,0,1,0.49,0.0,0.25,0,1,0,3,0,0,5,0.5,1.95
1282,1283,86792,34,4,5,24,,1265,14,2,3,0.6,38,10,259,15,7,2,2,2,0,10,0.27,0.4,0.08,2,5,0,1,4,9,24,0.6,1.72
1283,1284,87672,100,1,4,52,,1266,13,2,3,3.1,58,35,405,15,12,2,15,8,0,7,0.17,0.26,0.27,3,5,0,10,4,24,39,2.3,2.88
1284,1285,87672,100,2,4,52,,1267,14,3,0,2.1,26,30,214,12,10,4,6,6,0,8,0.38,0.0,0.27,3,3,0,8,2,15,25,1.4,2.15
1285,1286,87884,89,1,1,5,,1268,12,1,1,0.6,105,69,1052,26,24,21,38,15,1,25,0.06,0.06,0.04,14,2,0,3,2,63,60,0.6,1.33
1286,1287,87884,89,2,1,5,,1269,13,0,2,1.1,154,70,1637,35,31,21,43,24,0,29,0.0,0.09,0.05,11,2,0,15,1,53,80,1.1,1.42
1287,1288,87884,89,3,1,5,,1270,14,0,2,0.9,67,37,1133,31,24,28,29,17,0,33,0.0,0.11,0.05,17,2,1,9,1,29,60,0.9,1.02
1288,1289,87884,89,4,1,41,,1271,15,0,5,1.6,150,67,2073,41,68,40,50,31,0,84,0.0,0.15,0.05,39,5,0,14,1,35,83,1.6,0.96
1289,1290,87884,89,5,1,20,,1272,16,0,6,0.6,153,52,1408,46,34,15,24,17,1,41,0.0,0.31,0.03,20,6,1,13,2,56,87,0.6,0.57
1290,1291,87884,89,6,1,20,,1273,17,0,2,0.1,90,33,860,26,27,15,19,17,1,21,0.0,0.15,0.01,14,2,0,10,2,21,41,0.1,0.37
1291,1292,88490,87,1,7,32,,1274,13,0,0,0.4,32,15,236,14,13,4,12,5,0,14,0.0,0.0,0.08,5,0,0,7,1,12,24,0.4,1.36
1292,1293,88490,95,2,2,14,,1275,14,2,4,2.8,84,59,617,43,21,23,18,14,0,37,0.08,0.17,0.12,8,6,0,10,1,41,79,2.8,0.96
1293,1294,88490,53,4,7,3,,1276,16,2,0,0.7,78,44,877,26,31,25,35,19,0,39,0.09,0.0,0.03,19,2,2,10,0,29,61,0.7,0.28
1294,1295,88490,53,5,4,3,,1277,17,0,3,0.1,23,16,279,15,11,15,14,21,1,22,0.0,0.26,0.01,4,3,0,3,1,5,25,0.1,0.26
1295,1296,88590,41,1,1,49,,1278,11,2,0,1.5,118,26,1465,6,62,58,168,34,0,40,0.07,0.0,0.05,31,2,1,122,4,22,12,1.5,0.62
1296,1297,88590,41,2,1,26,,1279,12,0,1,0.9,61,7,693,3,17,18,72,10,0,12,0.0,0.07,0.07,6,1,0,65,0,4,3,0.9,0.82
1297,1298,88590,92,4,1,25,,1280,14,1,0,0.1,18,4,287,0,9,15,40,6,0,9,0.14,0.0,0.02,5,1,0,24,0,1,4,0.1,0.55
1298,1299,88647,141,7,3,44,,1281,19,1,0,0.6,1,1,9,2,1,0,1,0,0,1,1.61,0.0,1.0,0,1,0,9,0,0,2,0.6,4.82
1299,1300,88680,135,5,1,13,,1282,16,2,0,1.1,63,12,1262,4,26,25,66,32,0,26,0.08,0.0,0.04,13,2,1,34,1,11,12,1.1,0.38
1300,1301,88680,135,6,1,17,,1283,17,1,1,0.5,56,10,1247,5,25,29,53,26,1,22,0.04,0.04,0.02,13,2,0,30,0,5,14,0.5,0.38
1301,1302,88680,135,7,1,63,,1284,18,0,0,0.2,11,3,242,0,5,2,17,4,0,5,0.0,0.0,0.05,2,0,0,8,0,2,1,0.2,0.45
1302,1303,88684,115,2,1,17,,1285,14,1,0,0.3,73,57,841,25,32,25,42,19,0,28,0.05,0.0,0.02,15,1,0,12,0,42,43,0.3,0.46
1303,1304,88684,135,5,1,27,,1286,17,1,0,0.4,21,4,273,1,4,4,11,3,2,6,0.21,0.0,0.08,3,1,0,4,0,6,4,0.4,0.43
1304,1305,88706,40,4,1,74,,1287,16,2,0,1.5,61,14,612,5,28,9,86,34,0,20,0.12,0.0,0.09,15,2,0,54,0,5,11,1.5,0.3
1305,1306,88755,18,1,2,53,,1288,12,2,2,1.4,109,50,635,36,22,3,2,13,0,21,0.18,0.18,0.13,7,4,1,6,10,41,75,1.4,2.86
1306,1307,88755,18,2,2,97,,1289,13,13,20,7.3,280,139,1665,136,45,18,24,26,0,66,0.42,0.64,0.24,18,33,2,17,32,114,233,5.8,3.13
1307,1308,88755,18,3,2,4,,1290,14,6,12,9.3,213,102,1078,77,34,9,10,26,0,48,0.27,0.54,0.42,13,18,0,4,13,88,148,6.9,3.47
1308,1309,88755,18,4,2,36,,1291,15,15,8,5.7,204,84,1170,87,32,6,16,32,0,37,0.61,0.33,0.23,12,23,0,11,20,85,152,5.7,3.19
1309,1310,88755,18,5,2,19,,1292,16,7,16,5.6,246,100,1192,96,28,9,10,27,0,39,0.26,0.6,0.21,14,23,0,13,28,81,176,5.6,2.42
1310,1311,88755,18,6,2,31,,1293,17,4,10,2.4,111,47,732,59,14,4,4,5,0,20,0.29,0.74,0.18,7,14,0,6,11,40,100,2.4,3.24
1311,1312,88755,18,7,2,8,,1294,18,2,2,2.1,73,20,404,25,5,3,2,3,0,8,0.29,0.29,0.3,1,4,1,1,6,21,51,2.1,3.59
1312,1313,89591,74,1,5,52,,1295,10,1,1,1.9,9,8,108,6,10,4,0,5,0,7,0.2,0.2,0.4,2,2,0,6,3,4,13,1.9,3.25
1313,1314,89591,74,2,4,28,,1296,11,0,1,2.4,17,27,142,13,24,3,5,10,1,19,0.0,0.13,0.32,7,1,0,5,2,16,20,2.4,2.55
1314,1315,89701,9,1,2,41,,1297,14,2,7,1.4,207,27,1457,30,48,25,27,31,0,66,0.1,0.33,0.07,21,9,1,12,2,27,72,1.4,1.09
1315,1316,89701,9,2,2,16,,1298,15,1,3,1.4,155,14,1385,23,56,22,21,27,0,74,0.04,0.13,0.06,27,4,1,14,2,22,46,1.4,0.68
1316,1317,89701,9,3,2,5,,1299,16,0,0,0.6,119,11,998,15,41,33,17,32,0,43,0.0,0.0,0.03,17,0,0,10,0,14,36,0.6,0.22
1317,1318,89701,9,4,2,21,,1300,17,1,4,1.6,96,6,916,17,45,33,21,24,0,52,0.06,0.23,0.09,22,5,0,7,7,12,41,1.6,0.57
1318,1319,89701,9,5,2,33,,1301,18,1,0,0.3,32,3,248,3,17,7,4,4,0,20,0.18,0.0,0.06,12,1,0,2,0,3,10,0.3,0.91
1319,1320,89733,17,3,2,33,,1302,12,4,1,3.3,104,26,692,23,19,22,15,14,0,30,0.18,0.05,0.15,8,5,0,21,0,21,51,1.8,0.37
1320,1321,89733,17,4,2,25,,1303,13,3,2,3.0,122,48,807,21,47,30,31,30,0,61,0.13,0.09,0.13,21,5,0,18,2,23,45,1.5,0.83
1321,1322,89733,17,5,4,6,,1304,14,3,0,2.7,69,19,602,17,13,8,19,14,0,14,0.17,0.0,0.15,4,3,0,12,2,21,39,1.9,0.91
1322,1323,89733,17,6,2,14,,1305,15,0,1,0.3,52,11,539,13,19,15,30,17,0,22,0.0,0.07,0.02,11,1,0,13,0,20,26,0.3,0.49
1323,1324,90836,100,1,1,25,,1306,12,1,1,1.3,106,25,1243,11,36,50,202,36,0,27,0.03,0.03,0.04,20,2,1,121,0,19,29,1.3,0.68
1324,1325,90836,100,2,1,41,,1307,13,1,0,0.7,73,7,1016,4,22,44,153,32,1,20,0.04,0.0,0.03,8,1,1,113,0,4,10,0.7,0.41
1325,1326,90964,124,1,1,3,,1308,13,0,1,0.5,86,28,639,14,50,60,93,30,0,38,0.0,0.03,0.02,22,1,0,34,2,19,34,0.5,0.34
1326,1327,91059,100,1,5,20,,1309,11,12,3,13.5,85,131,588,34,30,7,14,28,0,29,0.36,0.09,0.41,8,15,0,88,11,87,83,8.7,2.01
1327,1328,91059,100,2,5,11,,1310,12,6,4,6.5,46,60,369,30,16,8,9,20,0,16,0.27,0.18,0.29,4,10,0,59,4,47,61,4.1,1.03
1328,1329,91059,85,4,3,41,1030,1311,14,5,3,8.9,39,41,369,35,19,8,31,15,0,17,0.2,0.12,0.36,4,8,0,100,3,25,63,8.1,1.96
1329,1330,91317,56,1,2,14,,1312,13,2,7,1.9,175,16,1118,42,58,47,42,38,0,39,0.06,0.22,0.06,14,9,2,19,5,18,83,1.9,0.7
1330,1331,91317,56,2,2,25,,1313,14,2,6,1.1,177,22,1413,54,54,32,32,23,0,48,0.06,0.17,0.03,17,8,3,15,4,21,106,1.1,0.37
1331,1332,91317,56,3,2,67,,1314,15,3,3,1.2,231,21,1662,53,23,44,33,26,0,42,0.08,0.08,0.03,10,6,0,14,0,25,106,1.2,0.53
1332,1333,91317,56,4,2,9,,1315,16,0,3,0.6,130,12,871,33,21,30,16,21,0,31,0.0,0.12,0.02,10,3,1,9,7,12,64,0.6,0.55
1333,1334,91473,2,4,1,71,,1316,17,1,0,0.7,80,2,1264,2,31,37,89,41,0,31,0.04,0.0,0.02,17,1,0,67,2,4,9,0.7,0.26
1334,1335,91473,2,6,1,83,,1317,19,1,1,0.6,17,4,425,1,19,9,35,25,0,18,0.1,0.1,0.06,11,2,3,23,0,3,9,0.6,0.67
1335,1336,91763,45,3,2,17,,1318,20,0,2,1.1,70,33,299,6,5,0,0,2,0,16,0.0,0.42,0.23,5,2,1,0,1,19,29,1.1,3.16
1336,1337,91970,68,1,8,49,,1319,15,1,2,1.6,86,55,687,31,20,18,11,14,0,23,0.07,0.15,0.11,5,3,0,8,1,47,63,1.6,1.25
1337,1338,91970,68,2,6,10,,1320,16,2,5,1.2,174,129,2032,44,67,35,47,22,1,62,0.07,0.17,0.04,35,7,0,13,4,117,111,1.2,0.68
1338,1339,91970,68,3,7,109,,1321,17,2,10,2.3,132,93,1466,60,43,43,22,16,1,60,0.08,0.41,0.1,29,12,2,12,1,68,116,1.5,0.74
1339,1340,91970,68,4,7,37,,1322,18,4,3,1.7,169,93,1585,59,48,29,34,23,0,55,0.14,0.11,0.06,30,7,0,20,1,63,111,1.7,1.3
1340,1341,91970,68,5,6,20,,1323,19,1,3,1.4,92,48,1113,42,50,24,32,15,1,65,0.04,0.13,0.06,27,4,0,11,0,35,78,1.4,1.39
1341,1342,91970,91,7,7,17,2348,1324,21,0,2,0.3,14,16,117,6,1,1,3,3,0,6,0.0,0.83,0.12,1,2,0,4,0,13,11,0.3,2.5
1342,1343,92472,44,3,5,13,,1325,13,0,1,0.1,7,5,40,2,1,1,0,0,0,2,0.0,0.64,0.07,0,1,0,1,1,2,4,0.1,1.29
1343,1344,92572,29,1,1,9,,1326,13,1,0,0.6,18,6,183,2,12,10,35,2,0,10,0.16,0.0,0.09,3,1,0,18,0,4,8,0.6,0.33
1344,1345,92572,29,2,1,14,,1327,14,0,0,0.3,115,22,912,5,69,48,93,13,0,56,0.0,0.0,0.01,39,0,1,51,0,20,10,0.3,0.19
1345,1346,92572,29,3,1,108,,1328,15,0,1,0.1,83,20,793,7,43,41,87,27,0,42,0.0,0.04,0.0,24,1,2,48,0,23,19,0.1,0.08
1346,1347,92572,29,4,1,80,,1329,16,0,0,0.3,119,27,1372,6,44,32,107,24,0,57,0.0,0.0,0.01,30,0,1,58,0,24,18,0.3,0.36
1347,1348,92572,29,5,1,3,,1330,17,1,0,1.1,101,22,921,9,50,25,80,32,0,41,0.04,0.0,0.04,30,1,1,58,0,15,22,1.1,0.32
1348,1349,92693,49,2,3,84,,1331,14,11,0,9.6,39,14,328,20,12,3,23,15,0,18,0.47,0.0,0.41,3,11,1,50,4,8,43,8.8,2.57
1349,1350,92693,49,3,3,5,,1332,15,5,3,7.6,22,15,240,12,6,3,17,9,2,13,0.28,0.17,0.43,5,8,0,25,0,10,30,6.8,2.11
1350,1351,92947,53,4,1,33,841,1333,14,1,2,0.4,43,4,1161,4,33,40,125,33,1,27,0.03,0.07,0.01,18,3,2,39,0,2,16,0.4,0.26
1351,1352,93128,89,1,1,8,,1334,12,2,2,2.4,191,53,2239,8,61,40,144,55,1,36,0.06,0.06,0.07,19,4,0,75,2,39,41,2.4,0.55
1352,1353,93128,89,2,1,18,,1335,13,0,0,0.8,132,38,1551,10,51,31,61,28,1,28,0.0,0.0,0.03,17,0,1,48,0,17,27,0.8,0.6
1353,1354,93128,89,3,1,31,,1336,14,0,0,1.0,116,22,1566,5,36,29,64,46,1,32,0.0,0.0,0.04,19,0,2,40,1,21,17,1.0,0.45
1354,1355,93128,89,4,1,8,,1337,15,3,1,1.3,80,21,1429,11,39,29,90,41,1,38,0.11,0.04,0.05,25,4,1,48,1,12,19,1.3,0.37
1355,1356,93128,55,5,1,22,,1338,16,2,1,0.9,81,10,1275,7,45,29,77,30,1,40,0.1,0.05,0.05,26,3,0,33,0,8,21,0.9,0.55
1356,1357,93604,94,1,7,17,,1339,10,0,2,0.2,38,9,382,7,35,30,50,15,0,26,0.0,0.15,0.02,16,2,1,23,0,2,14,0.2,0.46
1357,1358,93604,94,2,1,28,,1340,11,0,0,0.1,8,4,76,0,1,1,6,2,0,5,0.0,0.0,0.04,1,0,0,3,0,4,1,0.1,0.86
1358,1359,93604,94,3,7,3,,1341,12,0,1,0.1,37,7,277,5,15,21,31,9,0,14,0.0,0.1,0.01,9,1,0,23,1,10,14,0.1,0.2
1359,1360,93604,94,4,7,17,,1342,13,2,0,1.5,89,20,898,14,62,44,70,24,0,49,0.08,0.0,0.06,28,2,0,39,0,28,38,1.5,0.5
1360,1361,93604,94,5,1,147,,1343,14,2,1,0.9,57,11,569,7,37,29,50,25,0,30,0.11,0.05,0.05,18,3,0,25,1,10,18,0.9,0.49
1361,1362,93604,94,6,1,23,,1344,15,1,0,0.6,70,13,805,4,50,37,57,36,0,42,0.05,0.0,0.03,26,1,1,35,2,14,14,0.6,0.39
1362,1363,93604,94,7,1,3,,1345,17,4,0,1.8,40,12,470,3,24,31,32,24,0,26,0.32,0.0,0.14,17,4,3,22,0,9,11,1.8,0.95
1363,1364,93678,61,2,5,17,,1346,15,4,5,7.1,100,24,637,31,36,7,33,19,0,35,0.17,0.22,0.31,10,9,1,43,4,28,69,5.5,2.14
1364,1365,93678,61,3,4,3,,1347,16,6,1,6.3,65,18,541,23,24,9,19,15,0,32,0.34,0.06,0.36,12,7,0,30,4,21,47,5.5,1.95
1365,1366,93678,140,5,5,63,,1348,18,1,0,0.6,11,2,79,3,2,0,5,2,0,4,0.35,0.0,0.21,0,1,0,3,0,3,9,0.6,2.48
1366,1367,93704,74,1,2,25,,1349,12,2,1,1.0,69,10,654,8,31,43,56,17,0,25,0.11,0.06,0.06,14,3,2,29,4,12,22,1.0,0.4
1367,1368,93704,74,2,8,5,,1350,13,0,1,1.3,96,13,815,9,41,45,64,35,1,30,0.0,0.04,0.06,10,1,2,63,3,7,31,1.3,1.05
1368,1369,93704,10,4,8,25,956,1351,15,1,1,1.5,76,11,676,13,39,36,23,16,0,29,0.07,0.07,0.1,14,2,0,13,2,10,31,1.5,0.61
1369,1370,93704,10,4,8,25,957,1351,15,1,1,1.5,76,11,676,13,39,36,23,16,0,29,0.07,0.07,0.1,14,2,0,13,2,10,31,1.5,0.61
1370,1371,93704,74,5,7,33,,1352,16,1,0,0.5,64,4,678,4,18,23,52,19,0,17,0.08,0.0,0.04,6,1,0,43,0,5,16,0.5,0.46
1371,1372,93707,94,1,7,52,,1353,10,0,5,1.2,89,97,1063,49,38,14,55,31,1,43,0.0,0.16,0.04,20,5,0,10,0,80,92,1.2,0.91
1372,1373,93707,94,2,1,21,,1354,11,2,8,1.3,119,113,1144,81,25,14,40,29,0,35,0.06,0.24,0.04,12,10,0,10,3,84,133,1.3,0.95
1373,1374,93707,94,3,7,78,,1355,12,3,3,1.0,115,67,1187,68,34,29,40,38,0,43,0.09,0.09,0.03,15,6,0,14,0,51,108,1.0,0.76
1374,1375,93707,94,4,7,21,,1356,13,2,9,0.8,120,57,1142,68,34,17,49,23,0,50,0.06,0.26,0.02,18,11,2,11,0,57,109,0.8,0.71
1375,1376,93707,94,5,7,5,,1357,14,1,4,1.2,77,43,996,59,29,16,41,22,0,43,0.03,0.13,0.04,13,5,0,13,1,33,101,1.2,0.88
1376,1377,93707,94,6,1,32,,1358,15,1,2,0.5,23,15,387,18,20,2,16,9,0,18,0.08,0.17,0.04,7,3,0,5,0,20,29,0.5,0.51
1377,1378,93707,94,7,1,9,,1359,16,1,0,0.5,27,12,536,17,12,7,27,13,0,17,0.07,0.0,0.03,8,1,0,3,1,14,32,0.3,0.84
1378,1379,93720,41,1,3,54,,1360,12,13,8,11.7,92,45,581,31,35,15,31,27,0,28,0.47,0.29,0.42,5,21,0,46,10,30,84,11.7,2.91
1379,1380,93720,41,2,3,31,,1361,13,10,4,8.1,49,21,391,24,31,7,15,14,0,24,0.48,0.19,0.39,9,14,0,26,3,9,68,8.1,2.5
1380,1381,93720,41,3,3,55,,1362,14,13,2,11.7,55,15,405,22,18,12,13,20,0,22,0.61,0.09,0.55,4,15,0,27,4,10,55,9.3,1.97
1381,1382,93720,41,4,3,22,,1363,15,4,7,8.4,52,19,343,29,27,5,6,12,0,21,0.2,0.35,0.42,7,11,0,21,5,15,71,6.0,2.17
1382,1383,93720,34,5,3,16,1634,1364,16,27,5,24.2,108,40,661,48,43,15,4,23,0,29,0.83,0.15,0.74,10,32,0,28,8,25,113,17.9,3.29
1383,1384,93720,34,6,3,24,,1365,17,19,2,11.4,61,22,397,21,19,8,9,22,1,17,0.75,0.08,0.45,5,21,0,27,8,20,56,9.8,2.35
1384,1385,93720,34,7,3,21,,1366,18,5,2,6.5,39,9,184,14,5,3,1,5,0,10,0.47,0.19,0.61,3,7,0,8,3,6,33,5.0,2.28
1385,1386,93726,82,1,8,28,,1367,14,2,0,1.4,103,28,794,23,53,22,23,22,0,43,0.1,0.0,0.07,24,2,1,22,1,29,54,1.4,1.16
1386,1387,93726,61,2,4,28,,1368,15,2,1,0.8,54,14,546,16,25,7,5,7,0,20,0.15,0.07,0.06,6,3,0,15,2,9,34,0.8,0.96
1387,1388,93726,61,3,2,87,,1369,16,0,0,0.8,69,10,926,7,46,47,17,25,1,40,0.0,0.0,0.04,17,0,2,22,0,13,24,0.8,0.27
1388,1389,93726,61,4,2,13,,1370,17,0,1,0.4,34,8,345,8,26,24,10,11,0,18,0.0,0.11,0.04,8,1,0,9,0,7,20,0.4,0.85
1389,1390,93795,53,2,5,6,,1371,13,1,0,1.3,12,5,69,4,9,2,5,4,0,10,0.16,0.0,0.2,3,1,0,23,0,3,8,1.3,1.1
1390,1391,93795,15,3,3,108,,1372,14,1,0,1.5,2,1,33,0,4,2,2,5,1,2,0.3,0.0,0.46,0,1,0,10,0,1,2,1.5,2.1
1391,1392,93827,112,1,5,60,71,1373,10,3,1,2.6,12,12,94,8,9,3,2,8,0,11,0.41,0.14,0.36,3,4,0,2,2,12,14,2.6,2.3
1392,1393,93827,107,2,5,33,389,1374,11,1,2,1.4,17,10,83,6,4,10,4,10,0,16,0.17,0.34,0.24,0,3,0,2,0,6,12,1.4,2.38
1393,1394,93827,107,2,5,33,390,1374,11,1,2,1.4,17,10,83,6,4,10,4,10,0,16,0.17,0.34,0.24,0,3,0,2,0,6,12,1.4,2.38
1394,1395,93827,112,3,9,3,,1375,12,0,0,1.1,10,6,74,2,5,5,1,13,0,7,0.0,0.0,0.23,1,0,1,5,0,6,10,0.3,1.5
1395,1396,93827,142,7,5,63,,1376,17,0,1,1.3,26,7,121,9,9,5,2,9,0,9,0.0,0.17,0.22,4,1,0,2,3,9,20,1.3,2.0
1396,1397,93841,104,2,5,56,,1377,12,3,2,2.9,28,18,269,14,17,8,4,12,0,27,0.22,0.15,0.22,7,5,0,18,2,16,32,2.7,1.41
1397,1398,93844,8,1,2,6,152,1378,9,1,3,2.6,53,48,356,22,37,13,7,22,0,32,0.08,0.25,0.22,8,4,0,6,1,36,53,2.6,1.94
1398,1399,93844,111,3,4,6,598,1379,11,4,1,4.3,42,40,459,17,58,13,10,29,0,51,0.24,0.06,0.26,16,5,0,10,0,29,51,3.6,2.5
1399,1400,93844,111,5,8,33,,1380,13,3,2,1.4,74,51,579,15,53,10,15,13,0,62,0.17,0.11,0.08,25,5,0,11,2,48,40,1.4,1.38
1400,1401,93844,111,6,2,80,,1381,14,1,2,2.2,85,61,665,26,42,13,6,18,0,39,0.06,0.11,0.13,15,3,0,6,7,51,46,2.2,1.77
1401,1402,93844,111,7,2,28,,1382,16,0,0,0.6,27,9,287,1,8,7,7,6,0,8,0.0,0.0,0.11,3,0,0,2,0,4,11,0.6,2.46
1402,1403,93922,7,2,6,3,,1383,12,0,0,0.6,15,10,145,4,13,3,11,11,0,17,0.0,0.0,0.11,9,0,0,7,0,11,13,0.6,2.47
1403,1404,93922,7,3,1,82,,1384,13,1,2,1.4,47,25,504,14,17,29,26,19,0,21,0.06,0.12,0.09,8,3,0,21,1,18,29,1.4,1.22
1404,1405,93935,87,1,6,32,,1385,13,0,1,1.4,107,40,753,11,43,24,52,22,1,35,0.0,0.06,0.08,18,1,0,22,2,30,33,1.4,1.57
1405,1406,93935,87,2,1,32,,1386,14,1,0,0.3,38,15,461,6,29,13,35,11,0,28,0.12,0.0,0.04,19,1,0,25,0,15,12,0.3,0.93
1406,1407,93935,87,3,1,106,,1387,15,1,0,0.2,22,8,340,6,12,9,7,5,0,12,0.16,0.0,0.04,6,1,0,8,1,15,11,0.2,0.96
1407,1408,93935,36,4,7,23,,1388,16,2,1,1.1,51,17,521,13,46,26,35,18,0,54,0.13,0.06,0.07,26,3,0,33,0,13,47,1.1,1.32
1408,1409,93935,109,5,1,40,,1389,17,1,0,1.5,40,17,528,16,33,26,46,26,0,35,0.06,0.0,0.09,15,1,0,24,0,16,35,1.5,1.69
1409,1410,94148,137,6,2,61,,1390,14,0,0,0.2,15,6,149,2,4,4,5,1,0,3,0.0,0.0,0.08,1,0,0,1,0,4,8,0.2,1.91
1410,1411,94529,5,1,5,11,,1391,10,11,3,7.6,96,104,691,37,27,20,9,11,0,24,0.47,0.13,0.32,9,14,0,21,5,59,90,7.6,2.99
1411,1412,94529,5,3,4,47,636,1392,12,1,1,1.3,22,27,186,17,4,3,2,3,0,9,0.16,0.16,0.21,2,2,0,2,2,17,30,1.3,2.52
1412,1413,94529,5,4,9,25,,1393,13,3,0,2.7,78,58,482,31,13,11,8,10,0,6,0.26,0.0,0.23,4,3,0,14,4,42,51,2.7,3.33
1413,1414,94529,5,5,7,6,,1394,14,7,2,5.5,66,58,665,27,21,15,11,11,0,22,0.41,0.12,0.33,6,9,0,16,5,41,72,5.5,2.48
1414,1415,94529,5,6,9,9,,1395,15,3,4,2.5,44,46,545,20,21,13,15,11,0,15,0.16,0.21,0.13,6,7,2,9,2,29,53,2.5,2.07
1415,1416,94529,5,7,7,9,,1396,17,2,3,1.7,28,27,249,10,9,4,5,2,0,5,0.27,0.41,0.23,3,5,0,4,4,26,26,1.7,2.19
1416,1417,94771,81,3,5,3,,1397,13,2,2,3.9,23,20,150,11,12,3,11,11,0,17,0.18,0.18,0.35,8,4,0,43,0,7,26,3.9,2.88
1417,1418,94771,44,4,5,87,,1398,14,2,1,2.4,18,15,145,10,14,2,7,9,0,14,0.2,0.1,0.25,6,3,0,35,2,6,24,2.4,3.37
1418,1419,94936,70,1,1,3,,1399,14,0,0,0.1,60,29,448,7,13,13,30,11,0,10,0.0,0.0,0.01,6,0,0,21,0,18,28,0.1,0.2
1419,1420,95336,102,1,1,58,,1400,20,2,0,0.5,18,8,478,0,22,14,70,17,0,16,0.12,0.0,0.03,11,2,0,28,0,2,5,0.5,0.24
1420,1421,95424,18,1,1,7,,1401,13,1,1,0.8,220,83,2327,24,40,36,58,19,0,38,0.03,0.03,0.03,24,2,2,45,4,79,65,0.8,0.68
1421,1422,95424,18,2,1,8,,1402,14,1,4,1.2,194,107,1901,18,28,28,42,15,0,29,0.04,0.15,0.05,12,5,1,30,1,92,53,1.2,0.53
1422,1423,95424,18,3,1,7,,1403,15,1,1,0.3,130,80,1709,7,29,14,28,19,0,24,0.05,0.05,0.01,16,2,0,27,1,67,33,0.3,0.46
1423,1424,95424,18,4,1,22,,1404,16,0,2,0.3,146,43,1478,11,15,14,16,14,0,17,0.0,0.1,0.01,8,2,1,19,2,36,45,0.3,0.41
1424,1425,95424,18,5,1,10,,1405,17,0,0,0.4,162,50,1661,6,13,18,22,12,0,24,0.0,0.0,0.02,4,0,0,23,4,40,25,0.4,0.23
1425,1426,95424,18,6,1,47,,1406,18,0,4,0.4,157,74,2128,25,38,27,40,19,0,39,0.0,0.13,0.01,19,4,1,25,6,67,62,0.4,0.52
1426,1427,95424,18,7,1,47,2530,1407,19,0,0,0.1,64,12,677,7,17,3,11,13,0,25,0.0,0.0,0.01,14,0,1,9,2,13,16,0.1,0.49
1427,1428,95424,18,7,1,47,2531,1407,19,0,0,0.1,64,12,677,7,17,3,11,13,0,25,0.0,0.0,0.01,14,0,1,9,2,13,16,0.1,0.49
1428,1429,95810,88,1,1,16,,1408,12,1,3,0.5,179,40,1526,49,67,23,77,38,0,62,0.04,0.12,0.02,37,4,2,29,3,35,92,0.5,0.32
1429,1430,95810,79,3,1,49,,1409,14,0,6,0.1,169,43,1406,34,61,40,58,22,0,52,0.0,0.22,0.0,26,6,1,40,4,38,75,0.1,0.11
1430,1431,95810,83,5,1,16,,1410,16,1,7,0.9,260,45,1995,110,71,43,84,45,0,90,0.03,0.19,0.02,46,8,2,49,16,46,178,0.9,0.38
1431,1432,95810,83,6,1,39,,1411,17,1,10,0.7,157,34,1624,65,57,24,57,41,0,77,0.04,0.4,0.03,37,11,3,31,1,37,101,0.7,0.32
1432,1433,95963,36,2,1,44,,1412,17,2,0,1.8,34,3,746,5,16,33,115,29,1,16,0.08,0.0,0.07,6,2,2,82,0,4,9,1.8,0.39
1433,1434,95963,36,3,1,30,,1413,18,3,1,2.3,45,5,717,1,24,38,130,28,1,23,0.1,0.03,0.08,11,4,1,83,2,1,12,2.3,0.44
1434,1435,95963,36,4,1,30,,1414,19,2,1,1.4,41,10,781,5,27,28,137,19,1,20,0.08,0.04,0.06,11,3,0,62,0,9,17,1.4,0.51
1435,1436,96341,60,1,3,19,,1415,10,12,0,10.5,55,44,359,21,8,2,19,12,0,10,0.51,0.0,0.44,2,12,0,92,5,19,56,10.5,2.32
1436,1437,96341,54,2,3,18,498,1416,11,23,2,19.0,76,48,554,53,13,1,28,14,0,10,0.69,0.06,0.57,3,25,0,92,3,35,115,14.3,2.81
1437,1438,96341,54,3,3,19,,1417,12,24,11,23.0,82,77,538,52,11,3,34,11,0,14,0.75,0.34,0.72,6,35,0,45,6,46,127,18.2,2.81
1438,1439,96341,55,4,3,36,1097,1418,13,8,0,6.6,19,29,231,24,2,0,20,11,0,5,0.45,0.0,0.38,1,8,0,51,2,15,50,5.8,2.38
1439,1440,96341,54,5,3,19,1342,1419,14,10,6,9.0,41,34,277,32,3,0,16,3,0,5,0.54,0.33,0.49,2,16,0,39,5,21,73,7.4,2.66
1440,1441,96341,54,5,3,19,1343,1419,14,10,6,9.0,41,34,277,32,3,0,16,3,0,5,0.54,0.33,0.49,2,16,0,39,5,21,73,7.4,2.66
1441,1442,96341,5,6,3,7,1755,1420,15,13,3,9.8,37,37,438,29,6,0,19,7,1,4,0.44,0.1,0.33,2,16,1,51,0,24,67,9.0,2.18
1442,1443,96341,5,6,3,7,1756,1420,15,13,3,9.8,37,37,438,29,6,0,19,7,1,4,0.44,0.1,0.33,2,16,1,51,0,24,67,9.0,2.18
1443,1444,96341,89,7,3,43,2349,1421,16,6,4,5.7,13,13,138,13,1,0,8,2,0,2,0.48,0.32,0.46,0,10,0,11,4,6,23,5.0,1.85
1444,1445,96718,98,1,6,6,,1422,14,1,2,1.3,107,58,1029,26,60,27,62,29,2,62,0.04,0.07,0.05,29,3,0,37,0,47,60,1.3,0.33
1445,1446,96718,98,6,1,40,,1423,19,1,5,0.6,143,51,1243,21,56,15,44,28,0,71,0.04,0.2,0.03,42,6,0,13,1,40,46,0.6,0.2
1446,1447,96806,42,1,1,3,,1424,11,0,1,0.3,123,54,965,19,38,20,47,11,0,41,0.0,0.06,0.02,23,1,2,11,3,34,38,0.3,0.47
1447,1448,96806,114,2,1,82,,1425,12,0,0,0.6,32,20,366,7,29,13,15,4,0,31,0.0,0.0,0.06,17,0,1,6,0,18,16,0.6,1.48
1448,1449,96806,11,4,2,2,,1426,14,1,0,0.1,41,7,407,7,22,14,11,6,0,30,0.1,0.0,0.01,13,1,0,4,0,8,19,0.1,0.41
1449,1450,96828,16,1,5,26,,1427,12,4,3,6.6,16,17,185,15,20,4,9,12,1,8,0.25,0.19,0.41,1,7,0,55,1,9,48,6.6,3.51
1450,1451,96828,16,2,3,41,,1428,13,6,1,5.8,22,10,204,12,15,9,13,11,0,10,0.33,0.05,0.32,3,7,1,64,1,15,29,5.8,2.63
1451,1452,96828,16,3,3,25,,1429,14,6,0,7.5,12,8,231,13,15,3,5,14,0,20,0.36,0.0,0.46,6,6,1,44,1,8,38,7.5,3.44
1452,1453,96828,16,4,9,23,,1430,15,0,0,1.0,3,2,31,0,2,0,3,3,0,1,0.0,0.0,0.71,1,0,0,10,0,4,2,1.0,5.58
1453,1454,98240,83,2,1,6,,1431,14,2,0,1.3,16,2,260,1,20,11,82,18,0,15,0.15,0.0,0.1,9,2,0,29,0,2,4,1.3,0.46
1454,1455,98240,83,3,1,106,,1432,15,1,0,0.7,35,9,657,2,24,29,104,27,0,13,0.05,0.0,0.03,6,1,1,69,0,4,7,0.7,0.38
1455,1456,98240,83,4,1,14,,1433,16,0,1,1.1,17,2,290,4,13,13,43,14,1,14,0.0,0.09,0.1,9,1,1,26,0,3,8,1.1,0.62
1456,1457,98249,95,1,4,33,,1434,15,2,0,2.2,20,21,187,4,9,4,3,5,0,18,0.22,0.0,0.24,5,2,0,4,4,13,16,2.2,1.74
1457,1458,98249,113,2,4,14,,1435,16,2,3,3.5,45,54,420,19,20,18,12,23,0,34,0.09,0.14,0.16,11,5,0,12,2,34,50,3.5,1.84
1458,1459,98249,113,3,4,112,,1436,17,1,0,2.4,55,59,353,14,13,12,7,19,0,12,0.05,0.0,0.12,3,1,0,6,1,22,43,2.4,1.83
1459,1460,98322,20,1,2,23,,1437,12,2,2,3.7,64,55,447,37,46,15,16,35,0,37,0.11,0.11,0.2,17,4,0,33,1,28,66,3.7,1.69
1460,1461,98322,20,2,4,6,,1438,13,1,2,3.4,33,29,231,6,16,7,10,15,0,17,0.1,0.19,0.33,3,3,0,11,1,20,25,3.4,2.14
1461,1462,98322,20,3,2,106,,1439,14,0,3,1.0,37,37,195,16,19,12,15,15,0,26,0.0,0.25,0.08,6,3,0,13,0,27,26,1.0,1.63
1462,1463,98322,20,4,4,14,,1440,15,0,1,0.9,19,14,104,3,14,9,9,9,0,15,0.0,0.16,0.14,6,1,0,5,1,9,16,0.9,1.6
1463,1464,98349,35,1,5,28,,1441,16,4,4,3.2,51,59,397,33,30,9,7,12,1,32,0.23,0.23,0.18,12,8,0,25,3,45,57,3.2,1.93
1464,1465,98349,35,2,5,28,,1442,17,6,1,4.1,35,15,182,18,12,0,4,12,1,12,0.62,0.1,0.42,2,7,0,14,3,16,41,4.1,2.08
1465,1466,98349,35,3,5,3,,1443,18,6,1,4.8,59,62,429,33,12,7,11,17,0,24,0.31,0.05,0.24,4,7,0,18,1,36,62,4.7,1.68
1466,1467,98349,35,4,5,17,,1444,19,2,1,2.9,23,27,215,14,10,4,1,8,0,13,0.2,0.1,0.29,2,3,0,4,2,19,33,2.9,2.34
1467,1468,98349,139,5,5,13,,1445,20,2,2,3.2,47,29,263,13,8,2,2,8,2,6,0.17,0.17,0.26,3,4,0,12,0,16,35,3.2,1.33
1468,1469,98596,95,1,3,9,,1446,11,2,1,1.4,12,8,103,9,4,1,6,4,0,4,0.29,0.14,0.2,0,3,0,16,0,1,14,1.4,1.43
1469,1470,98596,95,4,5,74,,1447,14,0,0,1.0,3,1,54,4,2,0,0,1,0,1,0.0,0.0,0.31,0,0,0,1,0,3,11,1.0,3.23
1470,1471,99180,58,1,3,3,,1448,12,8,3,8.6,36,16,329,37,18,9,30,20,0,23,0.35,0.13,0.37,2,11,0,156,1,8,71,8.6,3.31
1471,1472,99180,58,2,3,6,,1449,13,1,0,3.5,16,13,178,13,13,7,12,3,0,4,0.12,0.0,0.41,1,1,0,52,0,6,28,2.7,2.81
1472,1473,99180,58,4,9,17,,1450,15,1,0,0.6,3,0,17,1,2,0,0,0,0,1,1.34,0.0,0.83,1,1,0,8,0,0,3,0.6,2.69
1473,1474,99331,37,1,1,24,153,1451,10,0,0,0.7,62,14,661,5,53,35,174,35,0,45,0.0,0.0,0.03,28,0,1,85,3,10,14,0.7,0.62
1474,1475,99331,37,2,1,11,,1452,11,1,0,1.4,55,12,645,6,19,26,99,15,0,28,0.06,0.0,0.08,11,1,2,81,0,6,9,1.4,0.72
1475,1476,99331,37,3,1,16,,1453,12,3,0,1.5,82,14,1476,7,50,42,122,29,1,52,0.1,0.0,0.05,35,3,0,98,0,16,28,1.5,0.8
1476,1477,99343,60,1,2,43,,1454,13,2,3,1.3,93,21,862,15,54,37,25,38,0,61,0.13,0.19,0.08,21,5,1,5,3,18,39,1.3,1.35
1477,1478,99343,90,2,8,26,499,1455,14,1,1,0.3,44,7,454,8,19,6,4,10,0,14,0.16,0.16,0.05,5,2,0,2,0,12,20,0.3,0.99
1478,1479,99343,90,3,2,37,,1456,15,1,3,1.4,171,27,1580,24,53,31,22,31,0,77,0.05,0.15,0.07,30,4,1,8,8,31,54,1.4,1.02
1479,1480,99343,90,4,2,47,,1457,16,3,2,0.8,97,11,970,18,29,14,8,22,0,39,0.25,0.16,0.06,14,5,0,2,8,15,39,0.8,1.15
1480,1481,99343,98,5,2,41,1398,1458,17,0,1,0.5,40,8,376,11,18,11,12,12,1,18,0.0,0.13,0.07,6,1,0,7,6,8,23,0.5,1.29
1481,1482,99343,98,5,2,41,1399,1458,17,0,1,0.5,40,8,376,11,18,11,12,12,1,18,0.0,0.13,0.07,6,1,0,7,6,8,23,0.5,1.29
1482,1483,99343,98,6,2,23,,1459,18,0,3,0.7,94,11,643,12,44,15,18,16,0,36,0.0,0.26,0.06,20,3,1,14,4,21,30,0.7,1.22
1483,1484,99343,98,7,2,3,,1460,20,0,0,1.7,16,2,181,2,8,2,10,1,0,6,0.0,0.0,0.57,3,0,0,3,0,4,11,0.9,2.31
1484,1485,99353,129,1,5,9,,1461,11,9,2,7.9,85,98,480,33,33,8,5,16,0,43,0.29,0.06,0.25,12,11,0,24,4,64,82,7.1,1.15
1485,1486,99353,96,2,5,41,468,1462,12,7,7,6.0,56,67,434,34,32,13,5,28,0,33,0.26,0.26,0.23,13,14,0,19,2,45,69,5.3,1.5
1486,1487,99353,96,3,5,11,,1463,13,8,3,5.9,38,56,384,26,18,8,5,24,0,36,0.33,0.12,0.24,7,11,0,18,1,27,51,5.9,1.28
1487,1488,99353,96,4,5,11,,1464,14,1,2,2.9,41,44,353,18,16,7,8,21,0,19,0.06,0.11,0.16,3,3,0,14,3,19,37,2.1,1.36
1488,1489,99353,97,5,8,5,1271,1465,15,0,3,1.7,40,42,493,27,28,17,20,23,1,42,0.0,0.15,0.09,18,3,1,20,1,26,53,1.7,0.76
1489,1490,99353,97,5,8,5,1272,1465,15,0,3,1.7,40,42,493,27,28,17,20,23,1,42,0.0,0.15,0.09,18,3,1,20,1,26,53,1.7,0.76
1490,1491,99353,97,6,3,52,1807,1466,16,0,0,0.2,3,3,17,2,5,0,0,0,0,6,0.0,0.0,0.15,5,0,0,1,0,4,2,0.2,0.93
1491,1492,99353,97,6,3,52,1808,1466,16,0,0,0.2,3,3,17,2,5,0,0,0,0,6,0.0,0.0,0.15,5,0,0,1,0,4,2,0.2,0.93
1492,1493,99559,17,3,2,56,,1467,14,2,3,1.8,51,61,379,13,28,21,9,26,0,35,0.12,0.17,0.1,9,5,0,4,2,53,44,1.8,1.63
1493,1494,99559,17,4,2,13,,1468,15,0,1,0.9,53,32,272,12,19,9,4,15,0,20,0.0,0.12,0.1,6,1,0,2,2,21,29,0.9,1.97
1494,1495,100131,80,1,2,26,106,1469,11,0,5,0.5,199,47,1696,18,45,12,30,8,0,29,0.0,0.19,0.02,16,5,0,40,7,33,63,0.5,0.38
1495,1496,100131,80,2,2,26,,1470,12,0,0,0.6,68,9,553,9,7,4,8,7,1,14,0.0,0.0,0.06,4,0,1,19,0,13,17,0.6,0.61
1496,1497,100131,80,3,2,37,,1471,13,2,0,1.2,101,10,812,9,19,11,14,11,1,21,0.15,0.0,0.09,5,2,1,29,3,12,25,1.2,1.1
1497,1498,100131,80,4,2,11,,1472,14,2,3,3.1,163,39,1157,22,49,16,20,18,0,40,0.1,0.15,0.16,15,5,0,34,8,23,59,3.1,1.65
1498,1499,100131,80,5,2,37,,1473,15,3,1,3.1,203,46,1510,22,43,16,22,27,1,44,0.11,0.04,0.11,17,4,0,32,13,43,60,3.1,0.96
1499,1500,100131,80,6,2,24,,1474,16,1,3,0.4,58,12,560,10,20,8,9,8,0,16,0.13,0.4,0.05,10,4,1,8,0,14,18,0.4,1.06
1500,1501,100131,80,7,2,9,,1475,17,0,0,0.1,20,1,151,1,3,3,4,4,0,4,0.0,0.0,0.05,2,0,0,4,0,4,7,0.1,1.09
1501,1502,100986,90,1,1,16,,1476,11,3,3,2.5,81,62,802,20,44,19,29,13,0,35,0.17,0.17,0.14,21,6,0,34,4,47,39,2.5,1.06
1502,1503,100986,90,2,1,43,,1477,12,0,1,0.4,62,49,768,18,27,18,19,17,0,26,0.0,0.07,0.03,16,1,1,17,0,32,29,0.4,0.29
1503,1504,100986,63,3,1,75,637,1478,13,1,1,1.0,92,77,1007,15,30,18,29,16,0,29,0.06,0.06,0.06,20,2,2,14,0,55,28,1.0,0.73
1504,1505,100986,63,4,1,10,,1479,14,2,4,1.0,83,56,897,15,29,12,25,10,0,33,0.13,0.26,0.07,16,6,1,24,2,45,31,1.0,1.16
1505,1506,100986,63,6,1,9,2181,1480,16,0,0,0.5,33,21,399,4,5,4,22,8,0,13,0.0,0.0,0.08,3,0,0,7,0,13,11,0.5,1.23
1506,1507,100986,31,7,1,28,2397,1481,18,1,0,1.0,37,15,350,2,14,12,24,9,0,13,0.14,0.0,0.14,8,1,0,12,0,13,10,1.0,1.59
1507,1508,101213,64,1,2,21,,1482,11,0,1,0.6,65,11,432,6,41,12,18,27,0,43,0.0,0.08,0.05,18,1,0,15,2,9,18,0.6,1.2
1508,1509,101213,67,2,2,25,500,1483,12,1,1,1.7,90,16,965,16,46,21,31,24,0,40,0.05,0.05,0.09,19,2,1,23,0,21,35,1.7,1.18
1509,1510,101213,67,3,2,67,,1484,13,0,1,0.7,56,10,811,12,35,22,27,26,1,35,0.0,0.06,0.04,12,1,0,29,3,15,27,0.7,0.98
1510,1511,101922,23,1,1,71,,1485,17,1,1,0.8,44,5,973,6,33,23,108,36,0,31,0.04,0.04,0.03,18,2,0,48,0,4,11,0.8,0.36
1511,1512,101922,23,2,1,71,,1486,18,1,0,0.6,50,13,971,4,32,27,110,36,1,37,0.04,0.0,0.02,21,1,2,51,0,12,14,0.6,0.26
1512,1513,102423,97,1,1,27,146,1487,12,2,0,2.3,96,19,556,7,47,52,216,29,1,41,0.06,0.0,0.07,24,2,2,158,0,14,18,2.3,0.71
1513,1514,102423,53,4,1,9,,1488,15,2,0,1.1,107,5,1458,10,37,44,222,32,0,34,0.05,0.0,0.03,21,2,2,82,2,6,28,1.1,0.49
1514,1515,102423,53,5,1,14,,1489,16,0,1,2.3,95,13,959,14,46,43,114,37,2,43,0.0,0.03,0.08,28,1,2,62,1,9,35,2.3,0.78
1515,1516,102423,53,7,1,17,,1490,18,1,1,0.3,36,3,472,6,22,14,72,13,0,15,0.08,0.08,0.02,8,2,1,32,1,4,12,0.3,0.46
1516,1517,102744,71,3,1,82,,1491,14,0,1,0.9,68,39,648,27,55,38,40,28,0,60,0.0,0.04,0.04,33,1,1,24,0,30,45,0.9,0.91
1517,1518,102744,71,4,1,3,,1492,15,0,3,0.4,57,29,367,11,33,13,36,24,1,42,0.0,0.2,0.03,24,3,0,18,0,22,27,0.4,0.75
1518,1519,102744,71,5,1,40,,1493,16,0,1,0.2,29,21,257,5,16,14,21,9,0,22,0.0,0.11,0.02,11,1,0,12,0,10,15,0.2,0.57
1519,1520,102745,23,1,1,3,,1494,13,1,1,2.4,69,10,999,2,40,20,111,34,2,22,0.04,0.04,0.11,13,2,2,59,0,3,10,2.4,0.66
1520,1521,102745,23,2,1,28,,1495,14,2,0,0.4,24,3,403,2,22,23,66,23,0,11,0.14,0.0,0.03,6,2,2,37,0,8,8,0.4,0.36
1521,1522,102745,23,3,1,80,,1496,15,0,0,0.5,51,10,703,2,25,25,58,23,0,26,0.0,0.0,0.03,14,0,1,46,0,3,9,0.5,0.43
1522,1523,102745,23,4,1,3,,1497,16,1,1,0.4,35,3,671,2,23,25,54,21,0,27,0.06,0.06,0.02,16,2,0,40,0,6,10,0.4,0.37
1523,1524,103427,60,1,1,10,,1498,13,1,0,1.2,35,3,829,2,30,26,109,37,0,17,0.04,0.0,0.05,11,1,1,101,1,2,11,1.2,0.47
1524,1525,103427,5,2,1,11,501,1499,14,3,2,1.9,79,13,1308,10,25,56,126,44,0,13,0.11,0.07,0.07,10,5,2,94,0,13,30,1.7,0.67
1525,1526,103427,5,2,1,11,502,1499,14,3,2,1.9,79,13,1308,10,25,56,126,44,0,13,0.11,0.07,0.07,10,5,2,94,0,13,30,1.7,0.67
1526,1527,103427,5,3,1,37,638,1500,15,0,1,0.5,20,0,620,2,14,28,46,17,0,10,0.0,0.08,0.04,6,1,1,25,0,2,5,0.5,0.57
1527,1528,103427,5,4,1,16,,1501,16,3,0,2.4,39,4,932,2,36,26,92,32,0,25,0.13,0.0,0.1,18,3,1,49,0,3,8,2.4,0.43
1528,1529,103427,5,5,1,20,,1502,17,3,1,1.7,51,5,1173,6,26,43,123,51,0,21,0.1,0.03,0.05,13,4,0,71,1,7,16,1.7,0.54
1529,1530,103427,5,6,1,20,,1503,18,0,0,0.0,13,1,197,1,1,5,8,6,0,4,0.0,0.0,0.01,1,0,0,22,0,3,3,0.0,0.23
1530,1531,103565,35,1,5,41,74,1504,12,13,6,12.4,120,80,725,69,41,11,5,27,1,49,0.42,0.19,0.4,17,19,0,13,4,53,154,9.2,2.88
1531,1532,103565,35,2,5,37,,1505,13,3,2,3.8,36,39,220,19,17,4,0,11,0,27,0.23,0.16,0.3,9,5,0,6,2,28,39,3.0,3.45
1532,1533,103565,35,3,3,21,,1506,14,7,1,4.8,56,37,252,20,24,4,11,10,1,24,0.53,0.08,0.36,12,8,0,4,0,28,41,2.4,2.21
1533,1534,103565,35,4,5,9,,1507,15,10,0,7.7,77,63,426,31,33,12,7,21,0,34,0.4,0.0,0.31,9,10,0,12,7,38,82,4.6,2.79
1534,1535,103565,82,5,5,14,1400,1508,16,4,1,4.1,49,40,344,19,26,9,20,17,1,25,0.22,0.06,0.23,6,5,0,18,3,17,42,4.1,2.09
1535,1536,103565,82,6,3,28,,1509,17,1,0,3.3,33,27,227,10,24,3,7,10,0,35,0.08,0.0,0.26,14,1,0,9,3,22,26,3.3,3.34
1536,1537,103565,82,7,5,3,,1510,18,1,1,1.2,19,13,137,13,15,4,4,5,0,10,0.14,0.14,0.17,4,2,0,3,0,11,25,1.2,2.37
1537,1538,103890,50,1,1,17,,1511,13,1,3,1.1,90,51,957,16,52,19,60,22,2,31,0.04,0.11,0.04,21,4,1,24,1,32,50,1.1,0.64
1538,1539,106270,111,1,3,14,154,1512,10,0,1,0.4,27,19,131,6,6,3,5,4,0,6,0.0,0.24,0.1,3,1,0,7,0,9,14,0.4,1.93
1539,1540,106270,30,2,5,23,,1513,11,5,6,4.2,91,54,444,46,21,13,11,26,0,33,0.29,0.35,0.24,15,11,0,7,1,36,70,3.4,2.31
1540,1541,106270,30,3,4,112,,1514,12,1,0,0.5,27,10,131,10,4,3,3,7,0,8,0.2,0.0,0.09,2,1,0,3,0,7,20,0.5,1.81
1541,1542,106270,30,4,4,14,,1515,13,4,4,3.5,145,63,636,47,41,32,24,27,1,51,0.16,0.16,0.14,23,8,0,10,4,54,97,3.5,1.47
1542,1543,106270,30,5,4,33,,1516,14,6,10,6.0,159,64,759,70,21,32,30,27,1,26,0.23,0.38,0.23,8,16,1,9,8,54,127,3.6,1.96
1543,1544,106270,30,6,4,9,,1517,15,5,4,5.0,124,40,770,53,28,13,23,20,0,39,0.2,0.16,0.2,17,9,1,12,3,39,98,1.0,0.94
1544,1545,106405,59,1,1,20,,1518,12,0,2,0.7,127,25,933,8,42,56,71,44,0,39,0.0,0.09,0.03,24,2,1,45,1,15,21,0.7,0.34
1545,1546,106405,59,3,1,78,,1519,14,1,0,0.3,131,27,1262,13,36,69,149,37,0,33,0.03,0.0,0.01,16,1,2,52,2,26,30,0.3,0.22
1546,1547,106405,59,4,1,21,,1520,15,2,0,2.0,80,19,861,8,50,49,116,35,0,36,0.07,0.0,0.07,22,2,0,43,2,13,26,1.2,0.38
1547,1548,106405,59,5,1,33,,1521,16,0,1,1.4,80,18,1036,12,42,50,141,41,0,49,0.0,0.03,0.05,24,1,2,81,7,12,35,1.4,0.48
1548,1549,106405,59,6,1,23,,1522,17,1,0,1.3,143,33,1147,15,35,35,108,44,0,25,0.03,0.0,0.05,16,1,0,52,3,24,37,1.3,0.8
1549,1550,106872,107,1,2,13,72,1523,9,1,7,2.4,179,42,1204,54,63,31,19,32,0,67,0.04,0.3,0.1,30,8,1,4,8,43,108,2.4,1.4
1550,1551,106872,107,2,2,14,,1524,10,0,4,0.8,101,21,777,26,21,26,7,24,0,24,0.0,0.28,0.06,6,4,1,4,2,18,66,0.8,1.56
1551,1552,106872,62,3,4,14,,1525,11,3,0,1.8,38,22,274,11,12,6,4,5,0,16,0.5,0.0,0.3,5,3,0,2,1,15,25,1.8,1.51
1552,1553,106872,62,4,2,23,,1526,12,1,1,1.4,51,10,244,14,10,5,1,6,0,10,0.21,0.21,0.29,4,2,1,2,1,9,33,1.4,3.44
1553,1554,106872,33,5,2,82,1602,1527,13,5,3,4.4,214,43,1114,68,84,26,21,27,0,94,0.17,0.1,0.15,31,8,1,11,9,40,138,2.1,1.56
1554,1555,106872,33,6,2,23,,1528,14,7,10,6.2,283,81,1363,127,49,19,18,46,0,63,0.24,0.34,0.21,25,17,0,8,16,72,231,3.1,2.4
1555,1556,106872,65,7,4,14,2487,1529,16,2,2,2.0,58,19,400,37,16,6,13,13,0,20,0.26,0.26,0.26,8,4,1,2,4,17,67,1.3,1.55
1556,1557,108354,29,1,3,25,43,1530,11,1,2,2.9,19,31,207,16,38,7,6,16,0,20,0.08,0.15,0.22,6,3,0,32,2,9,33,2.9,2.06
1557,1558,108354,29,2,3,20,503,1531,12,9,2,7.5,60,77,673,30,48,15,21,29,0,49,0.26,0.06,0.21,17,11,0,77,2,54,81,7.5,1.66
1558,1559,108354,29,3,5,38,,1532,13,1,3,2.2,35,58,519,13,38,16,12,28,0,44,0.04,0.13,0.09,16,4,0,29,1,32,39,2.2,1.12
1559,1560,108354,29,4,3,20,,1533,14,3,3,3.1,51,98,576,23,47,15,15,33,0,31,0.13,0.13,0.14,17,6,0,32,8,49,61,3.1,1.56
1560,1561,108354,29,5,5,6,,1534,15,4,3,3.2,63,83,676,31,66,15,31,35,0,53,0.13,0.1,0.1,21,7,0,50,5,50,78,3.2,1.06
1561,1562,108354,29,6,5,9,,1535,16,4,7,3.9,63,74,681,25,65,16,15,43,1,42,0.14,0.25,0.14,21,11,0,33,4,55,72,3.9,1.7
1562,1563,108537,30,2,8,84,,1536,14,4,2,1.9,128,25,1014,26,76,46,38,44,0,75,0.15,0.07,0.07,24,6,1,68,4,19,63,1.8,1.11
1563,1564,108537,30,3,4,124,,1537,15,3,1,3.1,60,8,438,18,34,19,20,24,0,35,0.21,0.07,0.22,15,4,1,54,0,7,43,3.1,1.88
1564,1565,108537,30,4,1,9,,1538,16,0,6,1.1,134,64,1225,37,76,50,68,59,0,74,0.0,0.21,0.04,29,6,1,48,2,38,67,1.1,0.63
1565,1566,108537,30,5,1,33,,1539,17,0,2,1.7,129,54,1378,32,112,39,74,61,0,113,0.0,0.06,0.05,66,2,1,56,1,44,74,1.7,0.8
1566,1567,108650,111,1,5,52,,1540,13,3,2,3.4,65,19,360,16,23,7,8,15,0,22,0.2,0.13,0.23,7,5,0,29,5,20,39,3.4,1.81
1567,1568,108650,111,2,5,9,,1541,14,8,2,6.9,80,29,474,29,29,6,13,10,0,29,0.39,0.1,0.33,3,10,1,64,4,29,70,6.9,2.19
1568,1569,108650,111,3,4,52,,1542,15,0,1,0.5,30,14,165,10,12,5,7,6,0,9,0.0,0.12,0.06,2,1,0,22,1,7,26,0.5,1.18
1569,1570,108725,56,1,3,5,,1543,11,10,2,8.8,25,13,390,20,12,3,26,17,0,17,0.35,0.07,0.31,5,12,0,129,4,8,48,8.8,2.05
1570,1571,108725,56,2,3,10,,1544,12,14,1,15.7,16,13,290,22,7,4,18,15,0,15,0.52,0.04,0.58,5,15,0,117,1,12,53,14.9,2.36
1571,1572,108725,56,3,3,109,,1545,13,12,3,13.0,20,17,425,21,12,1,21,14,0,18,0.39,0.1,0.43,5,15,0,153,0,13,60,11.4,2.23
1572,1573,108725,56,4,3,20,1031,1546,14,3,0,4.2,23,5,178,9,7,0,3,13,0,10,0.2,0.0,0.28,3,3,0,92,0,2,21,4.2,1.98
1573,1574,108725,83,5,3,41,1344,1547,15,2,0,1.8,4,1,66,3,5,1,7,2,0,5,0.4,0.0,0.37,3,2,0,23,0,1,5,1.0,1.61
1574,1575,108725,83,5,3,41,1345,1547,15,2,0,1.8,4,1,66,3,5,1,7,2,0,5,0.4,0.0,0.37,3,2,0,23,0,1,5,1.0,1.61
1575,1576,108725,131,6,3,20,2131,1548,16,14,1,11.9,30,16,278,22,7,1,26,11,0,9,0.7,0.05,0.59,3,15,0,72,1,10,44,11.9,2.38
1576,1577,108725,131,7,3,25,,1549,18,10,0,6.5,13,10,136,6,1,4,12,5,0,5,0.68,0.0,0.44,1,10,0,44,0,6,15,4.9,1.97
1577,1578,109110,122,1,1,13,,1550,13,0,0,0.4,76,15,431,2,27,31,37,17,0,14,0.0,0.0,0.03,6,0,0,16,1,4,16,0.4,0.27
1578,1579,109751,78,2,5,23,,1551,11,1,2,2.2,22,72,247,19,27,19,10,12,0,31,0.07,0.13,0.15,9,3,0,6,0,25,45,2.2,1.89
1579,1580,110036,94,1,1,32,155,1552,9,1,1,0.8,137,47,1361,8,41,45,214,45,0,32,0.03,0.03,0.02,18,2,0,61,3,25,35,0.8,0.29
1580,1581,110036,94,2,1,32,,1553,10,0,1,0.2,100,27,1112,4,47,41,131,38,0,43,0.0,0.04,0.01,17,1,1,35,3,21,24,0.2,0.15
1581,1582,110036,94,3,1,20,,1554,11,0,0,0.2,78,11,833,3,22,35,49,10,0,19,0.0,0.0,0.01,10,0,0,24,0,8,11,0.2,0.2
1582,1583,110036,33,5,1,28,1603,1555,13,0,0,0.3,21,3,269,3,13,12,34,11,0,17,0.0,0.0,0.04,6,0,0,18,0,5,8,0.3,0.45
1583,1584,110036,33,5,1,28,1604,1555,13,0,0,0.3,21,3,269,3,13,12,34,11,0,17,0.0,0.0,0.04,6,0,0,18,0,5,8,0.3,0.45
1584,1585,110338,11,3,2,125,,1556,17,0,0,0.1,2,0,38,0,3,0,2,2,0,4,0.0,0.0,0.06,2,0,0,5,0,3,1,0.1,0.8
1585,1586,111038,71,5,7,3,,1557,15,0,0,0.4,39,15,339,4,21,10,16,13,0,27,0.0,0.0,0.05,10,0,0,16,0,13,11,0.4,0.57
1586,1587,111039,8,1,5,67,,1558,11,16,3,12.3,30,63,323,30,13,3,14,6,0,16,0.77,0.14,0.59,4,19,0,48,2,29,77,12.3,4.25
1587,1588,111039,8,2,5,16,,1559,12,0,0,1.3,5,4,45,5,0,0,2,0,0,1,0.0,0.0,0.43,0,0,0,5,2,1,11,1.3,3.35
1588,1589,111039,8,3,5,5,,1560,13,0,1,1.5,8,9,104,7,3,1,3,1,0,2,0.0,0.15,0.23,0,1,0,5,2,5,20,1.5,1.81
1589,1590,111039,39,4,3,9,,1561,14,5,2,3.7,34,35,327,22,9,5,16,9,0,8,0.28,0.11,0.21,4,7,0,38,1,14,53,3.0,1.71
1590,1591,111048,99,1,5,28,,1562,11,2,0,3.5,45,6,309,11,17,12,14,15,0,19,0.13,0.0,0.22,6,2,0,62,0,6,33,3.5,2.82
1591,1592,111048,99,2,4,28,,1563,12,0,0,0.3,8,3,51,0,2,2,4,2,0,4,0.0,0.0,0.14,0,0,0,1,1,6,8,0.3,2.69
1592,1593,111051,57,2,2,20,,1564,12,0,0,0.0,13,1,192,3,7,6,6,4,0,5,0.0,0.0,0.01,4,0,0,5,0,6,9,0.0,0.31
1593,1594,111051,57,3,2,67,,1565,13,0,1,0.1,66,16,886,5,26,14,8,12,0,20,0.0,0.06,0.0,7,1,0,8,0,13,22,0.1,0.25
1594,1595,111051,57,4,2,20,,1566,14,0,0,0.0,36,9,593,1,12,11,11,7,0,17,0.0,0.0,0.0,6,0,1,5,0,12,5,0.0,0.09
1595,1596,111051,57,5,2,14,,1567,15,1,0,0.1,28,2,362,2,13,13,2,20,0,15,0.12,0.0,0.02,8,1,0,4,1,5,9,0.1,0.24
1596,1597,111051,84,6,2,28,,1568,16,0,1,0.2,84,21,577,9,29,14,14,11,0,20,0.0,0.09,0.02,16,1,1,10,3,30,23,0.2,0.6
1597,1598,111057,14,3,4,59,,1569,13,0,0,1.7,0,3,17,2,0,0,0,0,0,2,0.0,0.0,1.19,0,0,0,2,0,0,2,1.7,4.32
1598,1599,111058,82,2,6,33,,1570,12,2,0,0.6,82,44,808,12,62,17,44,20,0,67,0.09,0.0,0.03,30,2,0,31,0,43,43,0.5,0.62
1599,1600,111058,82,3,1,14,,1571,13,1,1,0.2,52,34,469,9,50,17,34,15,0,48,0.07,0.07,0.02,27,2,0,7,0,22,27,0.2,0.44
1600,1601,111058,82,4,1,23,,1572,14,1,3,0.5,78,68,846,16,56,34,60,21,0,65,0.04,0.12,0.02,32,4,1,42,2,45,49,0.5,0.69
1601,1602,111078,93,1,4,26,,1573,11,4,7,4.8,84,40,406,39,12,3,6,16,0,16,0.29,0.5,0.35,5,11,0,8,4,40,70,2.5,1.95
1602,1603,111078,93,2,2,26,,1574,12,5,2,3.6,74,44,414,27,16,5,3,15,0,26,0.39,0.16,0.28,6,7,0,9,12,27,53,2.0,1.89
1603,1604,111078,93,3,5,126,,1575,13,7,4,6.1,71,36,468,36,11,11,4,10,0,27,0.41,0.23,0.36,5,11,0,8,3,31,80,3.7,1.87
1604,1605,111078,93,4,2,11,,1576,14,6,2,8.0,80,39,624,24,21,2,2,18,0,22,0.32,0.11,0.42,7,8,1,9,11,40,56,4.8,2.0
1605,1606,111078,93,5,4,39,,1577,15,6,4,4.9,67,20,422,18,16,3,7,25,0,20,0.36,0.24,0.3,6,10,0,12,3,29,39,3.3,1.28
1606,1607,111078,93,6,4,25,2182,1578,16,2,1,1.4,22,8,163,6,7,0,5,7,0,12,0.39,0.19,0.27,5,3,0,2,0,3,16,0.6,2.13
1607,1608,111195,25,3,1,20,639,1579,13,1,1,1.1,136,39,1166,22,67,33,64,24,0,57,0.04,0.04,0.04,29,2,0,42,0,25,51,1.1,0.55
1608,1609,111195,25,4,1,9,,1580,14,1,1,0.7,124,25,1439,17,74,45,89,46,0,53,0.03,0.03,0.02,21,2,0,55,3,24,44,0.7,0.38
1609,1610,111195,25,5,1,41,,1581,15,1,1,1.8,153,43,1261,10,62,19,51,27,0,57,0.04,0.04,0.07,37,2,0,26,1,32,36,1.8,0.62
1610,1611,111195,25,6,1,41,,1582,16,1,1,0.4,85,24,758,4,54,18,57,17,0,58,0.06,0.06,0.02,39,2,1,28,2,17,18,0.4,0.28
1611,1612,111196,54,1,1,7,123,1583,11,2,0,1.6,93,15,1534,6,25,25,95,32,0,15,0.07,0.0,0.06,8,2,1,50,1,3,16,1.6,0.64
1612,1613,111196,54,2,1,8,,1584,12,4,3,2.0,94,21,1530,10,33,52,121,34,0,27,0.13,0.1,0.06,14,7,1,62,0,12,27,2.0,0.64
1613,1614,111196,54,3,1,113,,1585,13,1,0,1.2,94,19,1842,6,28,41,95,24,0,24,0.03,0.0,0.04,15,1,0,64,1,9,12,1.2,0.4
1614,1615,111196,54,4,1,8,,1586,14,0,0,2.6,72,15,1439,0,38,32,52,17,0,17,0.0,0.0,0.1,12,0,0,68,0,6,14,2.6,0.75
1615,1616,111196,54,5,1,22,,1587,15,1,0,2.2,55,13,1078,1,28,40,80,18,0,14,0.05,0.0,0.1,8,1,0,82,1,2,13,2.2,0.93
1616,1617,111196,54,6,1,41,,1588,16,1,0,0.6,43,6,932,2,18,24,51,22,0,15,0.06,0.0,0.03,8,1,0,46,0,5,9,0.6,0.57
1617,1618,111196,54,7,1,25,,1589,17,1,0,0.3,40,6,578,1,8,6,29,7,0,5,0.13,0.0,0.04,3,1,0,25,1,5,8,0.3,0.63
1618,1619,111266,33,4,2,35,,1590,20,2,0,2.2,96,14,960,16,65,70,53,32,0,69,0.06,0.0,0.07,34,2,1,114,0,8,45,2.2,1.04
1619,1620,111266,33,5,2,2,,1591,21,2,2,1.9,93,13,650,14,76,37,67,39,1,77,0.07,0.07,0.06,38,4,0,92,4,14,41,1.9,0.89
1620,1621,111266,33,6,2,2,,1592,22,1,2,2.3,100,11,649,19,63,25,51,37,0,51,0.03,0.07,0.08,23,3,0,82,2,11,43,2.3,0.98
1621,1622,111347,42,1,1,9,176,1593,13,1,0,0.9,91,7,1054,1,31,24,92,27,0,19,0.05,0.0,0.05,15,1,0,40,0,4,13,0.9,0.38
1622,1623,111347,42,1,1,9,177,1593,13,1,0,0.9,91,7,1054,1,31,24,92,27,0,19,0.05,0.0,0.05,15,1,0,40,0,4,13,0.9,0.38
1623,1624,111347,42,2,1,25,404,1594,14,0,0,0.2,32,3,305,0,13,4,23,10,0,10,0.0,0.0,0.03,4,0,0,13,0,4,5,0.2,0.64
1624,1625,111347,42,2,1,25,405,1594,14,0,0,0.2,32,3,305,0,13,4,23,10,0,10,0.0,0.0,0.03,4,0,0,13,0,4,5,0.2,0.64
1625,1626,111347,42,3,1,33,552,1595,15,1,0,2.0,42,2,742,0,33,25,94,21,0,21,0.05,0.0,0.1,10,1,1,42,0,1,5,2.0,0.66
1626,1627,111347,40,4,1,3,1068,1596,16,0,0,0.4,43,7,463,6,17,19,28,14,0,13,0.0,0.0,0.04,6,0,2,28,1,1,14,0.4,0.72
1627,1628,111422,116,5,3,23,,1597,15,0,3,0.5,24,39,155,13,17,1,8,14,0,18,0.0,0.35,0.06,9,3,0,2,0,14,24,0.5,1.06
1628,1629,111455,41,1,8,22,,1598,10,4,2,2.0,258,37,1981,40,52,36,56,35,0,59,0.14,0.07,0.07,24,6,3,50,5,28,80,2.0,1.04
1629,1630,111455,41,2,2,65,,1599,11,1,2,0.5,237,38,1695,16,45,21,59,32,0,55,0.03,0.07,0.02,25,3,3,45,4,28,44,0.5,0.38
1630,1631,111455,41,3,8,75,,1600,12,1,2,0.9,276,41,2011,17,50,24,38,23,1,58,0.04,0.07,0.03,30,3,3,39,3,40,50,0.9,0.75
1631,1632,111455,41,4,8,42,,1601,13,1,2,1.4,230,39,1367,32,32,21,31,21,1,41,0.04,0.08,0.05,16,3,0,27,8,29,87,1.4,1.04
1632,1633,111455,41,5,2,11,,1602,14,7,7,4.7,196,42,1382,47,34,15,45,28,0,41,0.21,0.21,0.14,16,14,1,37,6,38,110,4.7,1.2
1633,1634,111455,9,6,2,11,2132,1603,15,3,0,1.8,392,60,3020,41,29,19,42,29,0,30,0.1,0.0,0.06,9,3,0,26,12,67,121,1.8,1.44
1634,1635,111455,9,7,2,11,,1604,17,2,5,0.5,172,16,1280,30,18,3,15,12,0,17,0.13,0.33,0.03,9,7,0,18,5,28,64,0.5,0.8
1635,1636,111508,105,1,6,52,44,1605,15,1,1,0.3,46,22,471,26,32,20,35,7,1,17,0.05,0.05,0.01,12,2,0,23,0,24,33,0.3,0.26
1636,1637,111508,105,1,6,52,45,1605,15,1,1,0.3,46,22,471,26,32,20,35,7,1,17,0.05,0.05,0.01,12,2,0,23,0,24,33,0.3,0.26
1637,1638,111508,97,2,7,23,469,1606,16,2,0,0.9,64,49,572,10,45,14,50,24,2,37,0.07,0.0,0.04,20,2,1,36,0,35,23,0.9,0.48
1638,1639,111508,97,3,8,14,,1607,17,0,2,1.0,59,35,577,17,38,22,42,16,1,30,0.0,0.08,0.04,15,2,0,51,0,34,34,1.0,0.39
1639,1640,111508,97,7,7,2,,1608,21,1,1,0.5,17,4,198,4,10,2,14,2,0,10,0.16,0.16,0.08,8,2,0,5,0,9,10,0.5,1.28
1640,1641,111528,14,1,4,2,,1609,17,5,2,1.5,45,50,342,14,22,10,17,21,0,22,0.43,0.17,0.12,7,7,0,13,0,33,31,1.5,1.19
1641,1642,111621,105,1,8,34,,1610,8,0,0,0.4,3,1,47,2,3,2,2,2,0,3,0.0,0.0,0.17,1,0,0,5,0,5,5,0.4,0.93
1642,1643,111881,107,1,4,30,,1611,11,1,2,2.1,30,26,181,13,18,8,13,15,0,26,0.1,0.2,0.21,9,3,1,4,0,11,31,2.1,2.76
1643,1644,111961,51,1,5,22,,1612,9,7,10,4.2,215,138,1329,96,28,16,3,26,1,41,0.21,0.3,0.13,10,17,0,4,9,100,196,4.2,2.83
1644,1645,111961,51,2,5,65,297,1613,10,1,2,1.1,96,49,564,41,7,8,3,5,0,10,0.07,0.13,0.07,2,3,0,0,6,39,87,1.1,2.05
1645,1646,111961,51,2,5,65,298,1613,10,1,2,1.1,96,49,564,41,7,8,3,5,0,10,0.07,0.13,0.07,2,3,0,0,6,39,87,1.1,2.05
1646,1647,111961,87,3,3,42,553,1614,11,3,4,2.1,170,69,977,44,20,8,8,12,0,41,0.12,0.16,0.09,10,7,0,4,5,64,108,2.1,1.95
1647,1648,111961,87,4,3,45,,1615,12,0,1,0.3,18,9,140,4,4,0,0,4,0,13,0.0,0.23,0.08,3,1,0,0,3,5,13,0.3,1.41
1648,1649,111961,87,5,4,41,,1616,13,2,4,1.1,86,27,444,28,16,2,3,7,0,22,0.17,0.34,0.1,10,6,0,3,6,27,64,1.1,2.03
1649,1650,111961,87,6,4,6,,1617,14,1,4,1.4,110,41,702,42,24,5,4,9,1,28,0.06,0.24,0.08,8,5,0,8,2,39,91,1.4,1.54
1650,1651,111961,87,7,5,14,,1618,16,0,0,0.2,11,6,73,6,1,0,0,0,0,4,0.0,0.0,0.14,1,0,0,1,1,7,13,0.2,3.17
1651,1652,112988,41,2,8,5,406,1619,12,1,0,0.0,11,6,96,1,8,3,4,3,0,3,0.36,0.0,0.01,1,1,0,2,0,6,5,0.0,0.36
1652,1653,112988,41,2,8,5,407,1619,12,1,0,0.0,11,6,96,1,8,3,4,3,0,3,0.36,0.0,0.01,1,1,0,2,0,6,5,0.0,0.36
1653,1654,112988,41,3,1,20,640,1620,13,0,1,0.3,46,21,349,6,12,8,16,6,0,21,0.0,0.12,0.03,6,1,1,7,0,10,15,0.3,0.84
1654,1655,112988,41,4,1,6,,1621,14,1,1,0.6,84,17,873,18,38,16,31,18,0,25,0.06,0.06,0.03,16,2,1,12,1,22,37,0.6,0.73
1655,1656,113133,70,1,1,47,178,1622,12,2,1,3.0,84,16,1404,6,56,60,159,42,0,51,0.06,0.03,0.09,31,3,1,120,0,9,23,2.9,0.82
1656,1657,113133,70,2,1,10,,1623,13,3,1,3.1,55,7,1013,8,36,55,134,31,0,32,0.1,0.03,0.1,14,4,1,82,1,8,22,3.1,1.08
1657,1658,113133,70,3,1,109,,1624,14,1,0,1.3,46,2,1000,3,34,36,109,26,0,32,0.03,0.0,0.04,18,1,1,66,0,6,10,1.3,0.52
1658,1659,113133,80,4,1,41,1069,1625,15,1,0,1.3,22,2,898,0,21,39,106,29,1,29,0.05,0.0,0.06,16,1,0,58,0,2,6,1.3,0.86
1659,1660,113133,80,6,1,9,,1626,17,1,0,2.0,64,5,1277,4,34,31,150,31,0,38,0.03,0.0,0.07,23,1,0,84,1,7,15,2.0,0.75
1660,1661,113707,35,1,4,9,75,1627,13,8,4,9.9,279,224,1744,59,88,19,5,39,1,87,0.24,0.12,0.3,30,12,3,15,10,158,137,9.1,2.43
1661,1662,113707,31,5,4,38,1401,1628,17,7,10,8.3,230,113,1397,100,64,17,7,41,0,64,0.25,0.36,0.3,29,17,1,9,11,92,181,8.3,1.5
1662,1663,113707,31,6,5,9,,1629,18,2,2,5.2,106,72,732,32,54,5,5,32,0,54,0.12,0.12,0.32,20,4,0,7,3,52,76,5.2,2.01
1663,1664,113707,31,7,4,33,,1630,19,0,2,1.1,32,18,272,11,17,6,1,4,0,16,0.0,0.39,0.22,10,2,0,1,0,11,26,1.1,2.13
1664,1665,114060,120,1,3,35,,1631,16,5,1,4.7,26,15,209,15,21,8,32,17,0,19,0.29,0.06,0.28,3,6,0,96,5,19,40,4.7,1.87
1665,1666,114060,77,2,3,23,,1632,17,3,0,2.9,16,5,128,9,9,4,8,10,1,4,0.31,0.0,0.3,0,3,0,87,0,7,21,2.9,2.15
1666,1667,114060,77,3,3,74,,1633,18,0,2,1.8,31,5,146,7,6,1,9,5,0,14,0.0,0.22,0.2,2,2,0,73,0,4,16,1.8,1.56
1667,1668,114093,124,1,1,14,,1634,12,0,0,0.1,24,4,157,5,18,17,16,9,0,16,0.0,0.0,0.01,9,0,1,4,0,4,9,0.1,0.29
1668,1669,115333,129,1,1,28,,1635,12,0,0,1.7,91,18,1277,5,48,57,138,31,0,45,0.0,0.0,0.05,24,0,0,106,0,3,14,1.7,0.68
1669,1670,115333,129,5,1,17,,1636,16,1,0,0.5,38,8,753,3,19,10,60,12,0,17,0.06,0.0,0.03,11,1,1,18,0,2,15,0.5,0.32
1670,1671,117432,44,4,3,59,936,1637,15,2,2,2.4,16,9,125,8,3,3,7,3,0,4,0.36,0.36,0.44,0,4,0,45,0,2,21,2.4,2.89
1671,1672,117432,44,5,3,59,,1638,16,8,1,4.8,71,11,283,21,11,5,25,18,0,18,0.47,0.06,0.28,4,9,0,176,2,8,49,4.8,2.05
1672,1673,117432,74,6,3,17,1895,1639,17,1,1,1.6,17,7,112,8,2,3,6,9,0,2,0.15,0.15,0.23,0,2,0,32,1,3,18,1.6,1.61
1673,1674,117432,74,7,3,23,,1640,18,1,0,1.3,1,1,24,0,1,0,1,0,0,1,0.82,0.0,1.03,0,1,0,9,0,0,3,1.3,4.91
1674,1675,117996,60,1,1,10,,1641,11,0,1,0.4,35,11,702,3,19,23,67,16,0,13,0.0,0.07,0.03,8,1,3,46,0,8,4,0.4,0.36
1675,1676,117996,60,2,1,11,,1642,12,0,0,0.1,7,2,82,0,2,2,9,2,0,1,0.0,0.0,0.09,1,0,1,13,0,1,0,0.1,1.33
1676,1677,118196,107,1,6,48,,1643,9,1,2,0.5,57,44,424,35,17,11,32,13,0,16,0.06,0.13,0.03,6,3,1,3,1,24,51,0.5,0.56
1677,1678,118196,107,2,6,90,,1644,10,0,0,0.5,22,17,165,14,11,3,0,3,0,10,0.0,0.0,0.06,5,0,0,0,2,10,25,0.5,1.13
1678,1679,118278,1,1,2,13,,1645,12,2,2,1.0,148,25,1165,48,106,72,39,44,0,72,0.06,0.06,0.03,28,4,1,10,6,22,79,1.0,0.61
1679,1680,118278,1,2,2,14,,1646,13,1,3,0.9,112,17,841,42,71,36,36,23,0,49,0.04,0.13,0.04,19,4,0,11,2,17,71,0.9,0.88
1680,1681,118278,1,3,2,14,,1647,14,0,3,1.2,101,11,843,23,92,43,29,43,0,74,0.0,0.11,0.04,26,3,1,15,3,13,36,1.2,0.78
1681,1682,118278,46,5,2,33,,1648,16,4,2,1.5,95,18,875,22,82,41,24,31,0,71,0.15,0.07,0.06,27,6,0,16,5,21,41,1.5,1.0
1682,1683,118284,82,2,2,14,353,1649,12,0,0,0.4,97,32,594,22,22,10,10,9,1,44,0.0,0.0,0.03,13,0,0,10,1,22,55,0.4,0.86
1683,1684,118284,82,3,2,80,,1650,13,0,3,0.1,192,36,1396,22,58,8,18,30,0,103,0.0,0.1,0.0,31,3,1,20,2,32,65,0.1,0.14
1684,1685,118284,82,4,2,33,,1651,14,0,2,0.3,290,78,2136,30,55,30,35,21,1,87,0.0,0.06,0.01,29,2,0,17,4,48,89,0.3,0.43
1685,1686,118284,82,5,2,9,,1652,15,1,2,0.8,209,37,1695,31,55,26,21,22,1,89,0.03,0.07,0.03,30,3,0,17,7,47,71,0.8,0.46
1686,1687,118284,82,6,2,9,,1653,16,1,1,0.6,173,37,1101,28,36,13,23,19,0,67,0.04,0.04,0.03,20,2,0,10,5,43,67,0.6,0.4
1687,1688,118284,82,7,2,52,,1654,17,0,1,0.1,56,7,454,7,21,4,7,7,0,17,0.0,0.11,0.01,10,1,0,8,0,3,17,0.1,0.8
1688,1689,118397,112,1,8,9,,1655,9,1,0,1.2,35,43,380,13,26,9,12,14,0,29,0.09,0.0,0.11,12,1,0,5,1,37,27,1.2,1.61
1689,1690,118397,112,2,2,9,,1656,10,0,1,1.1,50,34,542,11,29,26,8,17,0,33,0.0,0.06,0.07,12,1,0,8,0,26,34,1.1,0.94
1690,1691,118397,112,3,5,14,,1657,11,0,0,0.5,22,19,279,4,11,6,6,15,0,6,0.0,0.0,0.04,1,0,0,6,0,16,15,0.5,0.96
1691,1692,118397,81,4,2,28,,1658,12,1,0,2.0,96,57,821,44,40,30,21,31,1,30,0.04,0.0,0.07,14,1,1,22,1,40,91,2.0,1.31
1692,1693,118689,5,2,1,16,408,1659,11,1,2,1.1,63,104,797,22,24,20,41,13,0,21,0.06,0.12,0.06,12,3,0,14,0,67,55,1.1,0.81
1693,1694,118689,5,3,1,109,,1660,12,2,4,1.7,105,147,957,33,12,25,31,16,0,20,0.08,0.17,0.08,8,6,0,10,2,86,71,1.7,0.93
1694,1695,118689,5,5,1,11,,1661,14,1,4,1.0,63,107,750,21,15,9,25,13,0,23,0.05,0.22,0.06,8,5,0,9,4,52,46,1.0,0.54
1695,1696,118689,5,6,1,41,,1662,15,1,2,0.2,52,108,663,27,15,3,15,8,0,18,0.07,0.14,0.02,8,3,0,6,3,61,44,0.2,0.55
1696,1697,118732,1,1,3,3,,1663,15,5,3,5.8,27,28,250,22,20,4,19,11,0,15,0.23,0.14,0.26,3,8,0,74,0,12,34,5.8,1.96
1697,1698,118847,9,1,2,9,,1664,9,0,2,1.4,53,16,404,9,42,15,17,25,0,35,0.0,0.18,0.13,14,2,1,12,1,15,25,1.4,1.39
1698,1699,118847,7,2,2,14,391,1665,10,0,3,1.7,93,31,636,19,44,30,16,31,1,53,0.0,0.19,0.1,18,3,0,19,0,26,50,1.7,1.74
1699,1700,118847,62,4,2,67,958,1666,12,0,3,1.3,100,15,621,10,40,35,22,21,2,42,0.0,0.17,0.07,16,3,0,26,2,13,46,1.3,1.0
1700,1701,118847,62,5,2,9,1605,1667,13,3,0,2.3,144,17,865,16,59,34,26,46,0,61,0.12,0.0,0.09,29,3,1,35,4,15,54,2.3,1.53
1701,1702,118847,62,6,7,33,,1668,14,1,0,1.6,99,19,876,15,65,43,58,27,1,57,0.04,0.0,0.07,36,1,0,42,0,10,28,1.6,1.03
1702,1703,118847,62,7,1,23,,1669,15,0,0,0.4,50,14,538,6,31,24,72,23,0,27,0.0,0.0,0.03,16,0,0,18,1,7,19,0.4,0.65
1703,1704,118850,33,5,1,9,1463,1670,15,0,0,1.4,53,3,731,8,31,57,139,34,0,28,0.0,0.0,0.05,16,0,0,138,1,4,22,1.4,0.62
1704,1705,118850,33,6,1,23,2183,1671,16,1,0,1.3,44,5,473,4,19,31,130,41,0,17,0.05,0.0,0.06,10,1,0,133,0,3,12,1.3,0.77
1705,1706,119037,33,5,3,3,1670,1672,14,8,2,8.8,71,7,433,27,18,6,48,20,0,12,0.27,0.07,0.3,5,10,0,214,1,8,59,8.8,1.78
1706,1707,119037,33,6,3,80,,1673,15,4,2,4.8,36,7,266,19,10,4,17,11,0,7,0.23,0.11,0.27,4,6,0,111,1,6,51,4.8,2.23
1707,1708,119037,33,7,3,40,,1674,16,1,2,2.1,24,5,204,14,10,1,17,5,0,7,0.09,0.17,0.18,4,3,0,76,2,7,25,2.1,1.57
1708,1709,119085,10,2,1,33,,1675,12,1,0,0.8,119,50,1098,17,40,29,58,14,0,43,0.05,0.0,0.04,16,1,1,32,0,36,31,0.8,0.57
1709,1710,119085,10,3,1,108,,1676,13,0,0,0.5,120,57,1515,15,42,42,70,33,1,48,0.0,0.0,0.02,22,0,0,43,0,36,34,0.5,0.27
1710,1711,119115,58,1,3,77,,1677,12,0,1,1.3,11,8,114,5,8,1,5,4,0,3,0.0,0.13,0.17,2,1,0,18,0,7,15,1.3,2.05
1711,1712,119164,125,1,1,52,,1678,14,0,0,0.1,8,6,61,2,3,2,8,1,0,3,0.0,0.0,0.03,2,0,0,5,0,8,6,0.1,1.26
1712,1713,119164,25,2,1,23,,1679,15,0,0,0.2,9,15,121,0,4,7,14,3,0,8,0.0,0.0,0.06,2,0,0,6,0,13,7,0.2,1.0
1713,1714,119228,70,1,3,16,4,1680,12,6,0,3.5,33,56,234,19,19,3,1,10,0,18,0.37,0.0,0.22,6,6,0,15,6,40,46,3.5,2.87
1714,1715,119228,70,1,3,16,5,1680,12,6,0,3.5,33,56,234,19,19,3,1,10,0,18,0.37,0.0,0.22,6,6,0,15,6,40,46,3.5,2.87
1715,1716,119228,91,2,3,41,299,1681,13,18,1,12.7,55,67,360,36,15,4,0,12,0,14,1.29,0.07,0.91,3,19,0,29,3,31,86,7.2,5.0
1716,1717,119228,91,3,3,16,,1682,14,22,7,15.5,83,70,496,47,20,7,4,17,0,26,1.38,0.44,0.97,9,29,0,25,2,35,103,13.1,5.26
1717,1718,119228,91,4,5,72,,1683,15,9,8,7.1,86,57,541,60,15,4,5,12,0,19,0.53,0.47,0.42,3,17,0,30,4,45,121,5.6,3.22
1718,1719,119228,91,5,5,11,,1684,16,3,3,2.8,71,53,354,37,9,2,2,9,2,16,0.25,0.25,0.24,5,6,0,11,8,38,67,2.0,2.77
1719,1720,119228,91,6,5,20,1757,1685,17,2,1,1.5,24,19,170,15,3,1,0,4,0,1,0.44,0.22,0.34,1,3,0,6,1,16,29,1.5,5.06
1720,1721,119234,62,1,5,2,,1686,11,7,3,5.6,17,36,151,21,23,9,13,14,0,12,0.54,0.23,0.43,4,10,0,43,2,17,44,5.6,3.02
1721,1722,119234,62,2,3,17,,1687,12,4,6,5.0,29,41,208,31,27,7,11,20,0,13,0.21,0.31,0.26,5,10,0,53,1,29,67,5.0,2.14
1722,1723,119234,62,3,5,33,,1688,13,4,0,6.2,36,54,246,18,31,5,12,20,0,23,0.2,0.0,0.3,14,4,0,60,0,24,49,6.2,2.64
1723,1724,119234,62,4,3,33,,1689,14,5,8,8.2,51,82,333,40,18,7,8,27,0,22,0.19,0.3,0.31,7,13,0,58,1,34,92,8.2,2.48
1724,1725,119234,62,5,5,33,,1690,15,10,2,8.2,48,72,343,33,19,2,7,19,0,21,0.35,0.07,0.29,4,12,0,56,2,39,85,8.2,2.41
1725,1726,119234,62,6,5,33,,1691,16,1,3,2.3,27,26,205,16,17,2,7,18,0,11,0.06,0.18,0.14,6,4,0,33,3,18,51,2.3,1.99
1726,1727,119235,43,1,3,5,,1692,16,6,1,4.6,24,21,185,23,4,8,5,4,0,5,0.43,0.07,0.33,0,7,0,21,2,17,44,3.8,2.13
1727,1728,119235,43,2,3,9,,1693,17,2,1,3.4,6,8,99,5,5,0,7,4,0,6,0.26,0.13,0.45,2,3,0,13,0,6,15,3.4,2.35
1728,1729,119235,43,3,3,112,,1694,18,5,0,3.2,14,11,105,5,9,3,2,5,0,5,0.57,0.0,0.36,3,5,0,9,2,11,14,3.2,2.29
1729,1730,119235,36,4,3,40,,1695,19,0,1,0.9,10,7,62,7,4,1,5,5,0,3,0.0,0.18,0.15,0,1,0,8,1,4,13,0.9,1.58
1730,1731,119269,25,1,1,20,,1696,11,5,1,3.1,35,1,987,7,35,36,244,57,1,25,0.15,0.03,0.09,14,6,3,187,0,4,24,3.1,1.08
1731,1732,119269,25,2,1,5,,1697,12,1,0,1.2,29,4,521,2,18,21,72,13,0,17,0.07,0.0,0.09,6,1,0,67,0,6,7,1.2,0.51
1732,1733,119269,25,4,1,25,,1698,14,1,0,1.0,41,3,906,4,15,16,76,24,0,14,0.06,0.0,0.06,8,1,1,65,0,7,9,1.0,1.38
1733,1734,119277,74,1,2,38,,1699,9,2,2,3.5,95,74,776,26,52,30,34,35,0,43,0.07,0.07,0.13,16,4,0,25,1,51,67,3.5,1.32
1734,1735,119277,74,2,2,57,,1700,10,2,0,2.0,42,19,293,6,28,12,9,11,0,21,0.22,0.0,0.21,8,2,0,11,1,13,20,2.0,1.2
1735,1736,119277,74,3,4,124,,1701,11,2,4,3.9,74,51,540,25,52,21,30,34,0,52,0.09,0.19,0.18,21,6,0,31,1,29,45,3.9,1.44
1736,1737,119277,74,4,8,32,,1702,12,1,3,2.2,90,42,592,11,42,25,25,24,0,36,0.06,0.17,0.12,22,4,1,26,4,33,37,2.2,0.8
1737,1738,119277,74,5,2,67,,1703,13,6,4,5.7,82,12,503,20,29,7,24,26,0,30,0.29,0.19,0.28,12,10,0,22,2,11,45,5.7,1.3
1738,1739,119277,74,6,8,25,,1704,14,2,1,1.9,49,17,585,14,31,7,35,15,0,32,0.11,0.06,0.11,9,3,0,28,2,14,35,1.9,1.05
1739,1740,119277,74,7,8,14,,1705,15,1,1,0.3,21,7,131,1,10,7,15,11,1,8,0.19,0.19,0.05,4,2,0,13,0,3,7,0.3,0.96
1740,1741,119296,68,1,2,49,46,1706,9,4,1,2.7,90,48,886,19,64,28,36,43,0,40,0.2,0.05,0.13,24,5,2,39,6,40,46,1.9,1.54
1741,1742,119296,68,2,2,7,409,1707,10,0,0,1.2,13,11,143,3,10,2,3,4,0,10,0.0,0.0,0.37,3,0,0,2,1,4,8,1.2,2.22
1742,1743,119296,68,2,2,7,410,1707,10,0,0,1.2,13,11,143,3,10,2,3,4,0,10,0.0,0.0,0.37,3,0,0,2,1,4,8,1.2,2.22
1743,1744,119296,63,3,7,75,641,1708,11,1,4,1.0,133,53,1552,17,43,48,52,35,0,37,0.04,0.17,0.04,20,5,0,44,1,44,41,1.0,0.72
1744,1745,119296,63,4,7,72,,1709,12,5,1,3.3,119,31,1223,6,36,36,40,26,0,30,0.27,0.05,0.18,15,6,2,31,1,26,16,0.2,0.37
1745,1746,119296,63,5,2,37,,1710,13,2,1,1.6,99,34,1153,20,57,25,39,16,0,43,0.09,0.05,0.08,22,3,1,31,2,26,46,0.8,0.71
1746,1747,119296,63,6,8,24,,1711,14,2,2,2.2,110,35,1286,20,63,22,41,30,0,48,0.09,0.09,0.1,28,4,2,29,4,16,44,0.6,0.69
1747,1748,119369,122,1,5,81,,1712,16,1,0,1.0,9,2,40,6,3,0,0,0,0,2,0.44,0.0,0.43,0,1,0,4,0,7,10,1.0,4.85
1748,1749,120095,92,1,2,23,,1713,10,4,9,1.8,215,87,1617,58,65,48,46,51,0,86,0.11,0.25,0.05,27,13,1,41,1,54,111,1.8,0.64
1749,1750,120095,92,2,2,16,,1714,11,2,7,2.4,258,137,1643,73,38,44,42,30,1,53,0.06,0.2,0.07,13,9,2,40,7,86,143,2.4,1.25
1750,1751,120095,92,3,2,5,,1715,12,1,2,1.5,74,26,398,14,14,13,4,2,0,14,0.12,0.24,0.18,5,3,0,4,1,23,29,0.7,1.44
1751,1752,120095,92,4,2,42,,1716,13,2,2,1.5,133,37,715,24,27,21,19,13,1,32,0.13,0.13,0.09,12,4,1,17,3,30,42,0.6,0.76
1752,1753,120095,136,7,2,3,,1717,16,0,2,0.1,50,4,457,8,13,15,12,2,0,11,0.0,0.25,0.01,7,2,1,10,2,7,21,0.1,0.38
1753,1754,120189,134,6,4,27,1980,1718,14,3,1,1.9,22,12,125,8,14,1,3,9,1,25,0.41,0.14,0.26,5,4,0,6,4,11,23,1.9,1.92
1754,1755,120443,79,1,1,41,,1719,11,1,1,0.4,84,39,787,14,48,34,43,14,0,31,0.05,0.05,0.02,20,2,0,41,0,45,37,0.4,0.46
1755,1756,120443,79,2,1,10,,1720,12,0,1,0.5,45,27,482,11,36,19,20,12,0,18,0.0,0.08,0.05,10,1,1,21,0,19,23,0.5,0.5
1756,1757,120443,36,4,1,32,,1721,14,1,0,0.7,11,5,153,5,12,5,10,8,0,9,0.2,0.0,0.15,4,1,0,9,0,6,9,0.7,0.61
1757,1758,120651,3,3,1,17,,1722,15,0,0,0.3,88,42,982,20,42,44,44,27,0,49,0.0,0.0,0.01,18,0,0,20,2,29,44,0.3,0.31
1758,1759,120651,3,4,1,74,,1723,16,1,1,1.4,166,62,1448,26,61,37,50,18,0,62,0.03,0.03,0.04,37,2,0,11,3,49,69,1.4,0.79
1759,1760,120651,3,5,1,13,,1724,17,0,0,1.2,178,69,1702,14,75,41,105,29,0,62,0.0,0.0,0.03,45,0,1,30,2,57,38,1.2,0.46
1760,1761,120651,3,6,7,13,,1725,18,1,1,0.1,22,9,252,9,5,3,10,11,0,8,0.17,0.17,0.02,4,2,0,2,1,10,13,0.1,0.67
1761,1762,120705,120,3,4,107,,1726,14,0,1,0.6,16,5,76,4,5,1,1,7,0,15,0.0,0.31,0.18,2,1,0,3,1,7,13,0.6,1.55
1762,1763,121257,45,4,2,28,,1727,14,0,1,0.5,80,19,695,13,53,19,12,17,0,54,0.0,0.06,0.03,21,1,2,11,6,12,35,0.5,0.82
1763,1764,121324,108,2,1,67,,1728,11,2,0,2.7,66,6,1040,1,44,58,171,39,1,45,0.06,0.0,0.08,25,2,4,133,0,1,11,2.7,0.76
1764,1765,121385,78,2,1,23,,1729,12,0,0,0.6,17,0,545,0,24,31,77,25,0,14,0.0,0.0,0.04,8,0,1,43,0,2,1,0.6,0.57
1765,1766,121385,78,4,1,80,,1730,14,1,0,2.1,27,2,1089,6,44,56,176,56,0,35,0.03,0.0,0.07,18,1,2,102,1,5,14,2.1,0.62
1766,1767,121402,119,3,2,3,,1731,13,0,1,0.6,67,24,662,14,19,6,15,15,0,38,0.0,0.07,0.04,11,1,0,10,0,20,31,0.6,0.74
1767,1768,121477,85,2,1,6,525,1732,14,2,0,3.0,63,4,741,5,29,34,116,41,0,31,0.08,0.0,0.11,17,2,0,100,1,0,13,3.0,0.99
1768,1769,121477,64,4,1,9,1032,1733,16,2,2,3.0,54,4,1035,4,29,29,139,59,1,25,0.07,0.07,0.1,14,4,0,93,0,4,18,3.0,0.82
1769,1770,121477,64,5,1,23,1635,1734,17,0,0,0.5,18,0,245,1,11,6,26,9,0,7,0.0,0.0,0.06,5,0,0,14,0,5,12,0.5,0.75
1770,1771,121477,72,6,1,3,,1735,18,1,1,1.5,49,1,1104,9,30,16,120,51,0,34,0.04,0.04,0.06,22,2,1,63,2,7,12,1.5,0.65
1771,1772,121477,72,7,1,3,,1736,19,0,0,0.5,19,6,446,2,14,9,48,14,0,14,0.0,0.0,0.05,11,0,1,21,1,1,6,0.5,0.4
1772,1773,121686,33,4,1,27,,1737,16,1,0,0.1,74,34,694,13,59,32,35,22,0,61,0.05,0.0,0.0,30,1,1,20,1,22,37,0.1,0.26
1773,1774,121686,33,5,1,71,,1738,17,0,0,0.2,56,10,458,9,42,16,34,20,0,31,0.0,0.0,0.01,21,0,1,12,1,9,28,0.2,0.49
1774,1775,121686,33,6,1,27,,1739,18,0,1,0.1,33,12,350,10,24,15,34,20,0,33,0.0,0.08,0.01,14,1,1,12,0,11,20,0.1,0.45
1775,1776,121686,33,7,1,2,,1740,20,1,0,0.2,4,2,46,3,1,0,2,0,0,2,0.74,0.0,0.12,1,1,0,0,1,1,6,0.2,2.98
1776,1777,121985,5,1,1,47,,1741,12,1,0,0.7,44,3,770,1,37,16,41,20,0,30,0.06,0.0,0.04,17,1,0,21,0,4,10,0.7,0.06
1777,1778,121985,89,4,1,3,1112,1742,15,1,0,0.3,36,1,740,4,25,9,34,21,0,18,0.07,0.0,0.02,12,1,0,29,0,2,9,0.3,0.28
1778,1779,121985,89,6,1,33,,1743,17,1,0,1.3,82,6,1547,5,42,23,67,23,0,33,0.04,0.0,0.06,23,1,1,47,0,5,13,1.3,0.34
1779,1780,122043,79,2,2,42,,1744,14,0,2,0.8,92,20,671,21,31,17,13,16,0,32,0.0,0.16,0.06,13,2,2,28,3,21,49,0.8,1.12
1780,1781,122043,79,3,2,37,,1745,15,0,1,0.3,48,4,594,6,12,14,8,7,0,13,0.0,0.13,0.04,7,1,0,15,1,9,16,0.3,0.92
1781,1782,122043,79,4,2,20,,1746,16,0,0,0.4,60,14,560,10,16,12,16,13,0,20,0.0,0.0,0.04,7,0,0,23,3,12,21,0.4,0.84
1782,1783,122116,10,1,5,25,,1747,12,3,3,2.3,46,58,332,24,28,10,21,23,0,29,0.21,0.21,0.16,8,6,1,30,2,37,48,2.3,2.27
1783,1784,122116,10,2,4,14,,1748,13,6,4,5.0,88,80,688,46,35,6,19,15,0,56,0.27,0.18,0.22,18,10,0,41,3,65,98,4.3,2.03
1784,1785,122116,10,3,5,67,,1749,14,1,2,3.8,74,41,451,32,19,13,7,15,0,42,0.06,0.11,0.21,9,3,0,25,0,25,79,3.8,2.12
1785,1786,122116,26,4,5,9,,1750,15,5,2,2.8,47,55,398,27,17,5,11,12,0,19,0.23,0.09,0.13,3,7,0,47,2,43,68,2.8,1.87
1786,1787,122153,60,1,2,51,,1751,10,13,9,15.0,295,100,1728,54,47,18,39,30,0,43,0.39,0.27,0.45,17,22,0,58,15,76,167,7.1,2.84
1787,1788,122153,60,2,2,51,,1752,11,1,3,2.4,111,27,885,30,20,7,10,12,0,16,0.07,0.22,0.18,8,4,2,29,10,20,61,1.6,1.57
1788,1789,122153,60,3,4,15,,1753,12,3,3,2.8,139,46,1112,26,36,26,37,24,0,33,0.14,0.14,0.13,11,6,0,55,4,33,72,2.8,1.47
1789,1790,122153,60,4,4,55,,1754,13,1,9,2.6,117,34,736,24,13,13,16,11,1,28,0.07,0.6,0.18,6,10,0,35,8,26,57,2.6,2.13
1790,1791,122153,68,5,4,113,1636,1755,14,0,0,0.3,4,5,48,2,0,0,2,0,0,1,0.0,0.0,0.27,0,0,0,7,1,2,8,0.3,4.05
1791,1792,122155,96,1,3,5,,1756,11,11,5,11.7,60,18,569,36,5,1,27,11,1,7,0.42,0.19,0.44,2,16,0,42,8,21,65,6.5,1.83
1792,1793,122155,96,2,3,43,,1757,12,11,1,10.7,41,16,402,19,5,1,16,10,0,8,0.49,0.04,0.48,2,12,0,41,4,16,47,10.7,2.64
1793,1794,122155,72,3,3,75,642,1758,13,1,0,1.6,15,12,244,12,2,1,12,6,0,4,0.08,0.0,0.13,1,1,0,26,1,7,27,1.6,1.54
1794,1795,122155,72,3,3,75,643,1758,13,1,0,1.6,15,12,244,12,2,1,12,6,0,4,0.08,0.0,0.13,1,1,0,26,1,7,27,1.6,1.54
1795,1796,122155,80,4,3,11,842,1759,14,8,4,6.1,38,18,418,22,15,3,16,10,0,8,0.45,0.22,0.34,2,12,0,22,5,12,54,3.7,1.8
1796,1797,122155,80,4,3,11,843,1759,14,8,4,6.1,38,18,418,22,15,3,16,10,0,8,0.45,0.22,0.34,2,12,0,22,5,12,54,3.7,1.8
1797,1798,122155,80,5,3,5,1479,1760,15,2,1,2.9,14,6,206,8,9,1,15,4,0,9,0.25,0.12,0.36,4,3,0,16,1,9,12,2.2,2.46
1798,1799,122155,80,6,3,25,,1761,16,10,5,5.7,32,8,429,27,7,2,15,8,1,5,0.46,0.23,0.26,2,15,0,31,0,8,42,5.7,2.19
1799,1800,122797,82,1,3,9,76,1762,11,14,7,15.2,102,79,716,57,34,4,7,28,0,34,0.4,0.2,0.44,8,21,0,127,7,34,114,12.8,3.35
1800,1801,122797,82,1,3,9,77,1762,11,14,7,15.2,102,79,716,57,34,4,7,28,0,34,0.4,0.2,0.44,8,21,0,127,7,34,114,12.8,3.35
1801,1802,122797,82,2,3,84,354,1763,12,9,3,11.4,69,50,451,38,28,3,10,21,0,27,0.36,0.12,0.45,7,12,0,75,5,29,86,9.9,3.24
1802,1803,122797,82,3,3,116,,1764,13,15,9,12.8,70,48,530,54,12,4,34,11,0,18,0.54,0.33,0.46,8,24,0,135,3,28,95,12.0,3.26
1803,1804,122797,75,4,3,16,884,1765,14,16,2,14.6,54,24,402,31,15,9,14,13,0,12,0.59,0.07,0.54,7,18,0,94,6,25,65,12.2,3.49
1804,1805,122797,75,5,3,47,1402,1766,15,6,1,5.4,19,7,139,11,2,1,7,0,0,2,0.69,0.12,0.62,1,7,0,28,1,7,21,3.0,2.65
1805,1806,122797,75,5,3,47,1403,1766,15,6,1,5.4,19,7,139,11,2,1,7,0,0,2,0.69,0.12,0.62,1,7,0,28,1,7,21,3.0,2.65
1806,1807,122840,132,6,7,17,1707,1767,17,0,3,1.3,64,30,481,13,37,16,17,12,0,30,0.0,0.17,0.08,18,3,0,8,0,36,39,1.3,1.04
1807,1808,122840,132,7,6,59,,1768,18,0,0,0.5,29,20,255,4,19,14,19,6,0,22,0.0,0.0,0.06,14,0,0,6,0,7,11,0.5,0.8
1808,1809,123275,116,1,4,16,,1769,12,1,1,1.1,169,60,1244,40,37,10,13,21,0,16,0.04,0.04,0.05,12,2,1,9,7,55,80,1.1,0.98
1809,1810,123275,116,3,2,16,,1770,14,1,1,0.5,72,22,560,17,9,0,3,6,0,4,0.12,0.12,0.06,1,2,0,4,1,15,38,0.5,1.42
1810,1811,123275,116,5,2,9,,1771,16,2,0,1.5,92,34,632,12,17,5,3,18,0,10,0.18,0.0,0.13,7,2,0,8,2,27,45,1.5,1.91
1811,1812,123275,116,6,2,3,,1772,17,1,4,1.1,145,35,1126,26,24,13,6,16,0,25,0.06,0.24,0.07,13,5,0,14,2,42,71,1.1,1.03
1812,1813,123275,116,7,2,3,,1773,18,1,0,0.1,34,5,232,6,5,4,1,3,1,2,0.36,0.0,0.02,1,1,1,3,0,9,17,0.1,0.71
1813,1814,123551,143,7,2,59,,1774,18,1,1,0.3,72,7,729,13,37,17,26,16,0,37,0.06,0.06,0.02,15,2,2,8,1,18,27,0.3,0.44
1814,1815,123742,42,1,2,41,,1775,12,4,4,1.8,70,24,650,33,38,8,27,28,1,31,0.23,0.23,0.1,11,8,0,29,5,27,61,1.8,1.54
1815,1816,123742,42,2,4,41,,1776,13,7,2,5.9,76,55,464,34,32,11,10,28,0,30,0.45,0.13,0.38,8,9,0,33,4,38,88,3.5,2.39
1816,1817,123742,42,3,5,38,,1777,14,0,4,0.8,58,16,350,22,31,4,13,19,0,27,0.0,0.37,0.08,8,4,0,26,1,20,51,0.8,1.21
1817,1818,124002,115,2,1,29,,1778,13,1,0,0.4,18,9,324,5,23,10,25,14,0,29,0.12,0.0,0.05,12,1,0,8,0,6,13,0.4,0.7
1818,1819,124028,31,5,1,33,1392,1779,17,2,1,1.2,95,40,938,20,41,21,39,25,0,32,0.1,0.05,0.06,17,3,0,36,1,45,42,1.2,0.66
1819,1820,124028,31,6,1,28,,1780,18,1,1,0.3,114,74,1262,10,72,32,77,33,0,60,0.04,0.04,0.01,31,2,0,42,0,58,32,0.3,0.26
1820,1821,124410,59,1,7,33,,1781,9,4,1,1.5,72,14,1029,8,56,80,95,44,0,36,0.14,0.03,0.05,18,5,1,60,1,9,40,1.5,0.48
1821,1822,124517,126,1,4,61,,1782,9,0,1,0.8,20,10,308,24,16,3,22,14,0,23,0.0,0.08,0.06,7,1,1,11,0,12,42,0.8,1.37
1822,1823,124555,70,1,1,9,179,1783,10,1,4,1.4,119,76,1359,62,52,44,113,40,0,38,0.03,0.11,0.04,18,5,0,39,0,71,100,1.4,0.93
1823,1824,124555,54,2,1,41,411,1784,11,2,6,0.6,45,46,633,31,22,13,41,21,0,24,0.11,0.34,0.03,10,8,0,4,0,24,58,0.6,0.51
1824,1825,124555,54,2,1,41,412,1784,11,2,6,0.6,45,46,633,31,22,13,41,21,0,24,0.11,0.34,0.03,10,8,0,4,0,24,58,0.6,0.51
1825,1826,124555,70,3,1,78,,1785,12,1,5,1.9,117,91,1175,49,42,27,56,23,0,45,0.03,0.16,0.06,27,6,3,9,0,52,92,1.9,0.8
1826,1827,124555,70,4,1,21,,1786,13,4,1,3.1,171,61,2080,72,37,19,31,28,1,53,0.11,0.03,0.09,22,5,1,4,0,52,126,1.5,1.03
1827,1828,124555,70,5,1,41,,1787,14,2,4,1.8,161,69,1433,82,65,14,42,32,0,65,0.07,0.14,0.07,32,6,1,19,0,51,132,1.1,0.85
1828,1829,124555,70,6,1,9,,1788,15,2,5,1.6,129,55,1388,46,47,14,43,30,0,52,0.08,0.19,0.06,28,7,0,8,0,55,77,0.8,0.61
1829,1830,124715,89,1,1,20,,1789,11,0,0,0.1,53,6,812,4,20,28,56,16,0,12,0.0,0.0,0.01,6,0,1,25,0,6,18,0.1,0.13
1830,1831,124715,89,2,1,45,,1790,12,1,1,0.4,61,13,1291,8,35,30,64,19,1,21,0.05,0.05,0.02,10,2,1,41,0,6,17,0.4,0.2
1831,1832,124715,89,3,1,122,,1791,13,0,0,0.6,40,10,886,3,18,21,49,15,0,18,0.0,0.0,0.04,9,0,3,35,0,4,11,0.6,0.37
1832,1833,124732,74,1,1,5,,1792,10,3,2,2.6,135,27,1499,4,29,37,135,28,0,27,0.1,0.07,0.09,13,5,3,77,0,5,22,2.6,0.66
1833,1834,124732,74,2,1,16,,1793,11,0,1,1.2,81,14,1008,6,38,41,93,31,0,49,0.0,0.04,0.05,24,1,0,74,0,1,14,1.2,0.53
1834,1835,124732,74,3,1,5,,1794,12,2,0,1.6,144,28,1612,6,47,55,134,35,0,54,0.06,0.0,0.05,30,2,0,97,0,13,26,1.6,0.62
1835,1836,124732,74,4,1,5,,1795,13,1,1,0.7,130,22,1443,7,47,41,125,33,0,60,0.03,0.03,0.02,36,2,1,67,1,17,20,0.7,0.38
1836,1837,124732,8,6,1,23,,1796,15,2,0,2.6,61,5,740,3,28,27,109,29,1,30,0.12,0.0,0.15,15,2,1,45,0,2,9,2.6,0.64
1837,1838,124769,119,3,1,86,,1797,15,0,0,0.4,33,4,891,0,25,26,56,22,0,21,0.0,0.0,0.02,13,0,1,20,0,2,4,0.4,0.23
1838,1839,125020,91,1,1,32,,1798,13,1,1,1.9,63,5,1168,6,49,68,79,34,1,38,0.04,0.04,0.08,23,2,0,59,0,4,20,1.9,0.32
1839,1840,125020,91,2,1,41,,1799,14,2,1,3.2,77,9,1162,6,81,61,74,39,0,54,0.07,0.04,0.12,28,3,2,83,0,4,22,3.2,0.58
1840,1841,125020,91,3,1,20,,1800,15,1,2,0.3,136,16,1273,9,67,79,60,30,0,48,0.04,0.07,0.01,24,3,2,59,0,12,16,0.3,0.15
1841,1842,125020,91,4,1,41,,1801,16,1,0,2.1,113,15,1349,5,78,100,80,43,0,50,0.03,0.0,0.07,32,1,2,105,0,14,20,2.1,0.47
1842,1843,125020,91,5,1,32,,1802,17,1,0,0.5,29,3,428,2,23,28,20,11,0,19,0.12,0.0,0.06,11,1,0,24,0,1,9,0.5,0.71
1843,1844,125020,23,7,1,71,2629,1803,19,1,0,0.5,8,0,156,0,5,6,8,4,0,3,0.32,0.0,0.15,2,1,0,4,0,0,3,0.5,0.32
1844,1845,125165,87,4,9,43,923,1804,13,2,4,1.6,54,37,466,26,12,8,6,4,0,6,0.16,0.31,0.12,3,6,0,7,1,19,49,1.6,0.93
1845,1846,125165,87,5,3,10,,1805,14,1,0,0.5,3,3,33,3,1,1,1,0,0,1,0.81,0.0,0.37,0,1,0,0,0,3,5,0.5,0.81
1846,1847,125314,52,4,1,52,,1806,15,3,1,3.0,67,4,1218,5,40,52,187,37,0,34,0.08,0.03,0.08,22,4,0,102,1,5,14,3.0,0.6
1847,1848,125314,52,5,1,25,,1807,16,1,0,0.3,14,1,257,0,5,9,38,13,0,5,0.12,0.0,0.04,3,1,0,24,1,1,2,0.3,0.5
1848,1849,125409,124,1,4,28,,1808,11,4,1,2.3,19,46,169,19,34,13,20,17,0,26,0.37,0.09,0.21,12,5,0,23,1,28,40,1.5,1.74
1849,1850,125614,8,2,5,17,224,1809,11,5,1,5.9,16,19,128,6,11,2,4,8,0,21,0.6,0.12,0.71,3,6,0,12,0,9,21,5.9,2.53
1850,1851,125614,8,3,5,9,,1810,12,2,3,2.1,17,20,103,11,9,6,1,2,0,14,0.38,0.56,0.4,7,5,0,11,0,16,22,2.1,4.32
1851,1852,125614,8,4,5,33,959,1811,13,1,0,0.7,9,9,73,4,8,1,2,4,0,11,0.27,0.0,0.18,3,1,0,3,0,3,11,0.7,0.82
1852,1853,125614,8,4,5,33,960,1811,13,1,0,0.7,9,9,73,4,8,1,2,4,0,11,0.27,0.0,0.18,3,1,0,3,0,3,11,0.7,0.82
1853,1854,125614,30,5,5,33,1371,1812,14,1,2,3.4,24,12,123,8,14,4,5,12,0,17,0.14,0.28,0.47,7,3,0,12,1,8,22,3.4,2.93
1854,1855,125614,30,6,5,3,,1813,15,1,2,4.1,18,15,132,12,14,5,7,16,0,11,0.11,0.22,0.46,6,3,0,14,0,9,31,4.1,3.48
1855,1856,125685,130,6,8,29,,1814,16,2,1,1.0,8,1,64,2,7,0,3,6,0,3,0.56,0.28,0.28,2,3,0,7,0,2,6,1.0,2.23
1856,1857,125781,79,1,5,36,,1815,12,15,8,13.9,136,87,1123,73,31,12,21,18,0,28,0.42,0.23,0.39,8,23,0,41,22,75,134,11.6,3.1
1857,1858,125781,24,2,3,97,470,1816,13,9,4,7.2,83,40,924,32,33,12,20,22,0,34,0.32,0.14,0.26,9,13,1,29,7,33,60,7.2,1.94
1858,1859,125781,24,3,5,127,,1817,14,13,7,12.1,104,41,1168,42,37,12,11,20,0,40,0.45,0.24,0.42,12,20,0,18,3,47,95,10.5,2.38
1859,1860,125781,79,5,5,22,1480,1818,16,15,16,12.3,171,99,1236,84,49,24,31,34,0,66,0.47,0.5,0.39,20,31,0,28,16,66,162,12.3,3.49
1860,1861,125781,79,6,5,26,1992,1819,17,16,6,12.3,118,43,1062,43,33,10,23,34,0,41,0.54,0.2,0.42,15,22,1,14,13,36,107,9.3,2.55
1861,1862,125781,79,7,5,26,,1820,18,7,4,4.1,84,28,566,28,16,5,13,11,0,17,0.47,0.27,0.28,5,11,1,8,7,25,47,3.3,1.56
1862,1863,126281,62,1,1,23,,1821,9,1,1,0.9,46,12,420,2,29,41,59,26,0,28,0.09,0.09,0.08,19,2,2,44,0,10,19,0.9,1.06
1863,1864,126281,62,2,1,28,,1822,10,0,0,0.5,37,9,327,4,26,23,60,20,0,27,0.0,0.0,0.05,16,0,1,37,0,1,10,0.5,0.89
1864,1865,126281,62,3,1,13,,1823,11,1,0,0.5,51,7,536,6,32,41,91,26,0,31,0.07,0.0,0.03,18,1,2,46,0,4,14,0.5,0.46
1865,1866,126281,62,4,1,17,,1824,12,3,1,2.8,74,5,895,10,52,51,95,31,1,46,0.13,0.04,0.12,29,4,1,67,1,6,27,2.8,1.0
1866,1867,126414,51,1,4,42,,1825,9,3,6,5.2,210,126,1504,84,52,28,19,27,0,46,0.09,0.19,0.16,23,9,0,21,5,94,161,5.2,3.18
1867,1868,126414,51,2,4,11,,1826,10,9,9,7.8,166,102,1270,70,42,26,26,26,0,35,0.3,0.3,0.26,12,18,1,27,8,110,142,7.0,3.33
1868,1869,126414,51,3,4,109,,1827,11,4,9,4.8,175,88,1240,98,26,15,24,21,0,28,0.14,0.31,0.16,7,13,1,17,4,70,176,4.0,2.82
1869,1870,126414,54,4,2,22,1095,1828,12,7,12,5.9,184,75,1480,88,41,25,12,29,0,40,0.25,0.44,0.22,11,19,0,10,7,50,173,3.5,2.25
1870,1871,126414,54,5,2,22,,1829,13,3,6,3.1,172,46,1396,70,48,25,13,30,0,43,0.11,0.23,0.12,16,9,1,14,5,55,131,2.3,2.09
1871,1872,126414,54,6,2,7,,1830,14,13,3,10.1,186,45,2045,52,66,24,22,29,0,49,0.46,0.11,0.36,32,16,0,26,4,65,107,2.3,1.83
1872,1873,126414,54,7,2,65,,1831,15,3,2,2.8,76,16,637,16,23,5,7,3,0,21,0.34,0.23,0.32,12,5,0,5,2,24,46,0.5,2.05
1873,1874,126534,112,1,1,37,,1832,12,2,0,1.6,97,25,1281,6,54,68,146,44,0,46,0.07,0.0,0.06,27,2,3,118,0,8,24,1.6,0.65
1874,1875,126534,112,2,1,16,,1833,13,2,1,0.9,52,11,584,2,16,21,50,19,0,19,0.16,0.08,0.07,11,3,0,63,0,3,5,0.9,0.72
1875,1876,126534,112,3,1,78,,1834,14,0,0,0.4,29,11,556,4,17,25,66,25,0,23,0.0,0.0,0.03,13,0,0,66,0,3,13,0.4,0.59
1876,1877,126540,24,3,1,50,,1835,11,0,0,0.2,24,6,579,1,5,9,15,11,0,2,0.0,0.0,0.02,1,0,0,14,0,0,6,0.2,0.28
1877,1878,126557,84,5,1,52,,1836,14,1,3,0.8,233,41,1875,13,62,38,83,40,0,53,0.03,0.1,0.03,31,4,0,47,4,68,49,0.8,0.16
1878,1879,126557,84,6,1,9,,1837,15,1,0,0.3,177,21,1181,5,32,37,61,30,1,35,0.04,0.0,0.01,19,1,0,55,1,50,31,0.3,0.21
1879,1880,126557,84,7,1,52,,1838,17,0,0,0.3,52,6,371,4,18,12,26,9,0,19,0.0,0.0,0.03,10,0,0,30,1,9,11,0.3,0.84
1880,1881,126600,78,2,2,17,,1839,12,1,1,1.4,173,46,1362,24,44,38,67,32,0,42,0.03,0.03,0.04,14,2,2,92,9,31,69,1.4,0.91
1881,1882,126600,78,4,2,23,,1840,14,1,0,1.8,99,32,786,10,42,34,54,29,0,59,0.03,0.0,0.06,17,1,0,68,4,25,41,1.8,1.1
1882,1883,126664,22,1,1,37,6,1841,10,4,4,1.3,167,82,1478,71,71,60,116,43,1,45,0.12,0.12,0.04,28,8,0,87,0,59,111,1.3,1.03
1883,1884,126664,22,2,1,43,,1842,11,0,7,1.5,134,69,1371,72,73,42,108,39,0,68,0.0,0.21,0.04,33,7,0,112,2,54,125,1.5,0.86
1884,1885,126664,48,4,1,22,1033,1843,13,0,4,0.5,48,34,629,30,13,23,40,15,0,19,0.0,0.28,0.04,9,4,0,23,1,28,53,0.5,0.64
1885,1886,126664,48,5,1,26,,1844,14,1,0,0.4,57,29,696,18,30,18,45,18,0,33,0.06,0.0,0.02,20,1,0,26,0,14,29,0.4,0.48
1886,1887,126664,48,6,1,45,,1845,15,1,3,1.1,77,42,1015,37,47,26,67,20,0,44,0.04,0.11,0.04,25,4,0,42,0,19,74,1.1,0.75
1887,1888,126664,48,7,1,5,,1846,16,0,2,0.5,24,12,518,23,33,19,42,13,0,34,0.0,0.14,0.04,22,2,1,13,1,9,36,0.5,0.5
1888,1889,126673,58,4,1,33,826,1847,14,0,0,0.9,61,16,930,1,15,34,95,22,2,9,0.0,0.0,0.03,4,0,0,45,1,20,12,0.9,0.32
1889,1890,126673,58,5,1,14,,1848,15,0,0,0.3,50,7,996,1,25,15,75,18,1,7,0.0,0.0,0.02,5,0,1,31,0,5,7,0.3,0.1
1890,1891,126683,1,1,2,13,,1849,12,1,3,0.4,93,7,464,27,27,11,5,16,0,24,0.07,0.2,0.03,7,4,0,7,8,11,48,0.4,0.54
1891,1892,126683,1,2,2,3,,1850,13,0,1,0.4,51,1,267,12,10,6,1,6,0,12,0.0,0.1,0.04,2,1,0,2,5,3,30,0.4,0.91
1892,1893,126683,46,4,4,63,,1851,15,2,4,0.8,61,5,413,24,23,9,3,7,0,18,0.17,0.33,0.07,10,6,0,4,4,11,40,0.8,1.67
1893,1894,126683,46,5,2,17,,1852,16,0,0,0.2,6,1,55,4,1,0,0,0,0,2,0.0,0.0,0.16,0,0,0,1,0,1,8,0.2,2.73
1894,1895,126699,26,3,2,82,,1853,14,0,0,0.6,40,8,449,4,35,42,11,9,0,18,0.0,0.0,0.06,10,0,0,12,1,8,12,0.6,0.59
1895,1896,126699,26,4,2,17,,1854,15,1,0,0.9,96,12,920,15,86,51,38,33,1,46,0.04,0.0,0.03,20,1,0,22,2,25,37,0.9,0.55
1896,1897,126716,63,1,3,10,,1855,9,18,0,9.5,17,12,213,15,3,6,7,5,0,6,1.34,0.0,0.71,0,18,0,12,8,9,40,8.8,3.79
1897,1898,126716,43,2,3,92,,1856,10,4,1,3.7,15,13,179,9,3,2,10,4,0,7,0.39,0.1,0.36,1,5,0,6,2,7,17,3.7,2.53
1898,1899,126716,43,3,3,22,,1857,11,6,4,9.0,13,12,193,15,6,9,6,8,0,7,0.35,0.23,0.53,3,10,0,13,1,3,27,7.5,2.04
1899,1900,126716,43,4,3,26,,1858,12,1,3,3.9,10,4,123,7,9,6,1,7,0,5,0.11,0.34,0.45,1,4,0,10,2,3,15,3.9,2.06
1900,1901,126719,90,1,7,5,156,1859,10,1,2,0.8,73,50,1042,20,47,20,41,19,1,46,0.05,0.1,0.04,22,3,1,16,3,28,46,0.8,0.25
1901,1902,126719,90,2,7,16,,1860,11,0,4,0.4,63,44,1007,14,42,10,26,13,0,51,0.0,0.26,0.03,20,4,0,9,0,36,27,0.4,0.39
1902,1903,126719,90,4,7,37,,1861,13,0,0,0.1,30,20,628,5,24,8,16,8,0,18,0.0,0.0,0.01,13,0,0,8,1,11,10,0.1,0.09
1903,1904,126719,90,5,7,5,,1862,14,1,4,0.9,38,24,969,21,32,9,22,11,0,39,0.05,0.22,0.05,21,5,1,6,0,21,37,0.9,0.38
1904,1905,126719,43,7,7,9,2339,1863,16,0,1,0.3,8,4,101,4,9,1,4,3,0,5,0.0,0.42,0.12,4,1,0,5,0,3,8,0.3,0.85
1905,1906,126719,43,7,7,9,2340,1863,16,0,1,0.3,8,4,101,4,9,1,4,3,0,5,0.0,0.42,0.12,4,1,0,5,0,3,8,0.3,0.85
1906,1907,126729,6,1,1,40,,1864,10,0,0,1.2,58,25,578,8,19,12,29,14,0,15,0.0,0.0,0.1,8,0,1,11,2,19,18,1.2,1.24
1907,1908,126729,6,4,1,38,,1865,13,1,1,0.9,52,5,1353,6,21,12,44,22,1,20,0.05,0.05,0.05,9,2,2,17,1,3,13,0.9,0.33
1908,1909,126729,6,5,1,67,,1866,14,0,0,0.1,27,0,947,2,17,11,53,17,0,16,0.0,0.0,0.01,11,0,1,8,0,0,6,0.1,0.13
1909,1910,126737,96,1,5,32,,1867,10,5,2,6.6,21,27,295,10,21,16,13,12,1,22,0.3,0.12,0.39,8,7,0,19,2,12,31,6.6,2.54
1910,1911,126737,80,2,5,20,471,1868,11,1,0,1.5,2,3,42,1,4,0,0,1,1,4,0.34,0.0,0.52,1,1,0,4,0,5,2,1.5,2.39
1911,1912,126737,80,3,5,14,,1869,12,2,0,2.4,6,6,116,2,13,2,4,4,0,18,0.3,0.0,0.36,4,2,0,12,0,6,7,2.4,2.09
1912,1913,126737,80,4,3,28,,1870,13,16,4,11.1,38,26,393,19,39,9,10,24,0,49,0.68,0.17,0.47,19,20,1,32,2,21,42,11.1,2.32
1913,1914,126737,80,5,3,16,,1871,14,4,0,3.7,15,10,207,4,14,4,4,10,0,31,0.39,0.0,0.36,7,4,0,9,3,16,20,3.7,1.75
1914,1915,126737,17,6,3,5,1993,1872,15,3,1,2.5,12,7,181,11,9,6,3,6,0,9,0.31,0.1,0.26,2,4,0,8,2,8,20,2.5,1.44
1915,1916,126737,17,6,3,5,1994,1872,15,3,1,2.5,12,7,181,11,9,6,3,6,0,9,0.31,0.1,0.26,2,4,0,8,2,8,20,2.5,1.44
1916,1917,126737,17,6,3,5,1995,1872,15,3,1,2.5,12,7,181,11,9,6,3,6,0,9,0.31,0.1,0.26,2,4,0,8,2,8,20,2.5,1.44
1917,1918,126737,80,7,5,6,2704,1873,16,0,0,0.6,3,4,49,3,7,1,4,4,0,6,0.0,0.0,0.26,4,0,0,5,0,1,4,0.6,1.8
1918,1919,126737,80,7,5,6,2705,1873,16,0,0,0.6,3,4,49,3,7,1,4,4,0,6,0.0,0.0,0.26,4,0,0,5,0,1,4,0.6,1.8
1919,1920,126751,47,4,2,3,,1874,12,0,0,0.4,105,14,616,11,40,20,21,16,0,30,0.0,0.0,0.03,14,0,0,18,5,24,29,0.4,0.52
1920,1921,126751,47,5,2,3,,1875,13,0,1,0.3,127,20,1016,20,54,30,19,26,0,52,0.0,0.04,0.01,20,1,0,20,5,13,46,0.3,0.37
1921,1922,126751,98,6,2,23,1996,1876,14,1,1,0.3,147,26,993,26,49,12,17,18,0,49,0.04,0.04,0.01,24,2,0,22,8,29,56,0.3,0.47
1922,1923,127032,88,1,1,11,,1877,10,0,2,0.1,26,11,253,6,20,7,20,8,0,15,0.0,0.32,0.02,8,2,0,12,0,11,12,0.1,0.64
1923,1924,127032,88,2,1,10,,1878,11,1,5,0.5,93,66,1263,33,93,47,98,38,1,69,0.03,0.17,0.02,39,6,2,70,0,54,50,0.5,0.43
1924,1925,127032,88,3,1,37,,1879,12,2,3,1.1,59,28,772,18,55,19,44,28,0,40,0.11,0.17,0.06,15,5,3,36,1,16,38,1.1,0.84
1925,1926,127032,43,4,1,11,,1880,13,0,1,0.8,59,21,623,6,14,11,25,14,0,7,0.0,0.09,0.07,4,1,0,21,0,8,16,0.8,0.98
1926,1927,127032,131,5,1,41,,1881,14,1,0,0.8,71,37,667,10,64,29,75,34,0,33,0.05,0.0,0.04,23,1,0,46,1,26,26,0.8,0.42
1927,1928,127032,131,6,7,20,2133,1882,15,0,2,0.2,47,10,348,4,20,9,36,10,0,11,0.0,0.22,0.02,5,2,1,30,1,15,15,0.2,0.65
1928,1929,127048,49,4,3,5,1178,1883,15,4,0,2.6,9,7,50,7,2,0,1,2,0,3,1.01,0.0,0.65,0,4,0,7,0,3,13,2.6,4.8
1929,1930,127076,74,1,1,9,78,1884,10,3,4,1.7,113,92,1018,30,42,31,54,50,0,30,0.11,0.15,0.06,20,7,0,24,1,58,57,1.7,0.73
1930,1931,127076,74,2,1,16,,1885,11,1,1,1.0,61,77,774,23,48,30,58,33,0,29,0.04,0.04,0.04,15,2,0,18,0,54,51,1.0,0.72
1931,1932,127076,74,3,1,37,,1886,12,0,2,0.8,43,35,498,15,24,19,28,10,0,20,0.0,0.15,0.06,11,2,0,10,0,24,24,0.8,0.81
1932,1933,127076,74,4,1,21,,1887,13,1,0,1.0,64,42,675,15,14,14,34,24,0,16,0.05,0.0,0.05,10,1,2,13,0,24,35,1.0,0.61
1933,1934,127076,44,6,1,23,,1888,15,0,1,0.3,38,10,263,8,16,5,26,13,0,12,0.0,0.12,0.04,8,1,0,9,0,9,20,0.3,0.84
1934,1935,127108,83,1,1,25,,1889,12,0,0,0.4,33,9,433,6,25,21,49,16,0,24,0.0,0.0,0.04,11,0,0,31,3,5,13,0.4,0.6
1935,1936,127108,83,2,1,20,,1890,13,2,0,1.2,7,1,148,1,8,10,15,6,0,7,0.41,0.0,0.24,4,2,2,8,0,3,1,1.2,0.81
1936,1937,127108,95,3,1,106,644,1891,14,1,1,2.4,66,5,1130,7,43,51,149,38,0,35,0.03,0.03,0.07,21,2,1,96,0,11,22,2.4,0.69
1937,1938,127108,95,3,1,106,645,1891,14,1,1,2.4,66,5,1130,7,43,51,149,38,0,35,0.03,0.03,0.07,21,2,1,96,0,11,22,2.4,0.69
1938,1939,127108,95,4,1,154,,1892,15,0,0,1.5,74,6,908,5,33,31,158,30,1,20,0.0,0.0,0.05,12,0,0,71,1,3,12,1.5,0.73
1939,1940,127108,50,5,1,3,1481,1893,16,4,0,2.8,80,8,1110,8,28,15,123,24,3,25,0.14,0.0,0.1,17,4,0,59,1,9,20,2.8,1.44
1940,1941,127108,50,5,1,3,1482,1893,16,4,0,2.8,80,8,1110,8,28,15,123,24,3,25,0.14,0.0,0.1,17,4,0,59,1,9,20,2.8,1.44
1941,1942,127108,50,6,1,14,1809,1894,17,3,1,3.3,114,15,1636,9,39,23,155,33,0,30,0.08,0.03,0.09,19,4,1,80,1,6,44,3.3,1.81
1942,1943,127108,50,7,1,23,,1895,18,0,2,1.0,61,16,707,7,26,13,83,21,0,18,0.0,0.11,0.06,10,2,0,40,0,6,14,1.0,1.39
1943,1944,127142,14,1,2,23,,1896,13,3,1,3.9,153,46,1346,22,46,30,42,30,0,33,0.13,0.04,0.17,17,4,0,17,1,43,44,1.5,0.74
1944,1945,127142,12,4,2,28,,1897,16,1,1,1.2,132,8,1533,9,35,22,28,17,0,53,0.04,0.04,0.05,19,2,1,20,4,16,38,1.2,0.9
1945,1946,127142,61,6,2,17,2254,1898,18,0,1,1.2,105,28,839,15,43,9,28,16,0,36,0.0,0.07,0.09,21,1,2,25,0,23,25,1.2,0.75
1946,1947,127142,61,7,2,13,,1899,19,1,0,0.3,19,8,240,3,11,6,11,3,0,10,0.2,0.0,0.07,5,1,1,5,0,5,8,0.3,0.39
1947,1948,127156,102,1,2,28,,1900,11,6,14,5.6,244,61,1235,85,95,64,53,32,1,116,0.19,0.44,0.17,43,20,2,44,6,53,156,2.4,1.98
1948,1949,127156,82,2,2,5,355,1901,12,6,2,2.7,126,28,707,28,52,35,21,10,0,77,0.35,0.12,0.16,25,8,1,22,1,27,69,1.1,1.71
1949,1950,127156,82,3,2,78,,1902,13,5,5,5.9,171,46,864,63,49,38,15,28,1,73,0.21,0.21,0.25,22,10,0,18,3,45,145,2.8,2.16
1950,1951,127156,82,4,2,39,,1903,14,8,7,7.1,183,59,1070,60,46,25,12,23,2,59,0.3,0.26,0.26,21,15,1,13,11,50,127,3.9,2.87
1951,1952,127156,82,5,2,5,,1904,15,12,4,8.6,205,48,1185,56,46,30,12,30,3,70,0.42,0.14,0.3,23,16,1,12,6,63,130,3.8,2.05
1952,1953,127156,82,6,2,41,,1905,16,9,6,9.1,224,39,1306,91,37,33,28,36,1,63,0.29,0.2,0.29,14,15,1,21,10,59,184,3.6,2.44
1953,1954,127156,82,7,2,21,,1906,18,1,3,2.3,85,11,531,30,14,10,9,4,1,25,0.08,0.24,0.19,11,4,2,13,7,15,63,1.6,1.95
1954,1955,127182,101,1,2,23,,1907,12,0,1,0.6,199,25,1137,32,76,36,77,46,0,63,0.0,0.03,0.02,26,1,1,48,5,44,76,0.6,0.54
1955,1956,127182,101,2,2,33,,1908,13,0,0,0.6,85,12,545,10,26,10,25,11,0,26,0.0,0.0,0.04,9,0,3,23,5,17,23,0.6,0.73
1956,1957,127182,3,3,2,3,,1909,14,2,0,1.2,89,14,524,11,28,13,21,10,0,41,0.16,0.0,0.09,15,2,1,13,0,13,31,1.2,1.72
1957,1958,127182,3,4,2,3,,1910,15,3,2,1.5,160,27,997,32,41,22,51,21,0,57,0.12,0.08,0.06,20,5,1,35,4,32,67,1.5,1.44
1958,1959,127187,85,1,2,5,,1911,10,5,6,6.2,202,58,1622,38,71,34,55,31,0,57,0.15,0.18,0.18,19,11,5,40,5,49,83,6.2,1.53
1959,1960,127187,85,2,2,26,,1912,11,4,2,5.2,161,69,1320,38,64,31,32,46,0,57,0.11,0.06,0.15,16,6,0,55,0,68,95,5.2,1.74
1960,1961,127187,22,3,2,11,646,1913,12,2,3,2.3,104,34,1141,21,52,39,31,24,0,43,0.07,0.11,0.09,14,5,1,38,3,41,50,2.3,0.66
1961,1962,127187,22,4,2,26,,1914,13,2,4,2.2,113,33,864,19,75,28,32,33,0,71,0.07,0.14,0.08,32,6,0,35,3,28,57,2.2,1.21
1962,1963,127187,22,5,2,42,,1915,14,5,2,2.4,38,23,430,22,31,13,11,26,1,37,0.29,0.12,0.14,12,7,0,13,1,16,45,2.4,1.17
1963,1964,127187,22,6,5,5,,1916,15,7,1,8.8,97,55,683,34,43,15,19,23,0,46,0.24,0.03,0.3,18,8,0,24,1,37,67,8.8,1.61
1964,1965,127187,22,7,2,41,,1917,16,0,0,0.6,32,16,344,14,21,5,10,17,0,13,0.0,0.0,0.05,6,0,0,17,0,9,26,0.6,0.59
1965,1966,127189,20,1,2,26,7,1918,10,1,1,2.2,87,14,628,6,47,27,22,20,0,27,0.07,0.07,0.16,12,2,2,24,4,16,24,2.2,1.59
1966,1967,127189,20,2,2,43,,1919,11,1,1,1.1,98,21,935,6,63,57,36,25,0,51,0.05,0.05,0.05,19,2,2,40,3,14,20,1.1,0.95
1967,1968,127189,20,3,2,126,647,1920,12,0,0,0.1,18,5,161,0,16,8,8,6,0,19,0.0,0.0,0.02,7,0,0,7,0,4,5,0.1,0.82
1968,1969,127189,79,4,8,16,,1921,13,1,2,0.4,76,11,854,11,74,44,24,16,2,49,0.05,0.1,0.02,21,3,0,38,2,11,25,0.4,0.72
1969,1970,127189,49,6,2,10,1810,1922,15,0,0,0.4,93,7,832,11,48,30,25,21,0,32,0.0,0.0,0.02,13,0,0,17,2,13,27,0.4,0.49
1970,1971,127194,103,1,3,13,,1923,10,3,0,7.9,14,8,164,11,4,3,15,3,0,4,0.22,0.0,0.57,2,3,0,63,0,4,37,7.1,3.26
1971,1972,127194,103,2,3,28,,1924,11,3,1,3.3,8,4,112,8,6,7,14,4,0,2,0.3,0.1,0.33,1,4,0,55,1,2,18,2.5,2.47
1972,1973,127573,62,3,7,30,,1925,11,1,2,0.5,39,24,344,16,36,24,33,26,0,38,0.05,0.11,0.03,19,3,0,9,0,19,34,0.5,0.38
1973,1974,127573,62,6,1,23,2227,1926,14,1,2,1.4,73,50,652,22,34,17,47,27,1,33,0.05,0.09,0.06,16,3,0,18,0,32,56,1.4,1.08
1974,1975,127573,62,7,1,40,,1927,15,0,3,0.9,48,37,457,13,25,15,30,18,0,19,0.0,0.2,0.06,7,3,0,9,1,27,42,0.9,0.94
1975,1976,127837,98,1,3,23,,1928,13,0,2,0.4,23,7,197,17,6,2,8,8,0,9,0.0,0.31,0.07,4,2,0,6,2,10,26,0.4,1.4
1976,1977,127837,98,2,3,14,,1929,14,0,0,1.2,16,14,201,15,5,3,6,4,0,8,0.0,0.0,0.15,3,0,0,1,0,7,29,1.2,1.81
1977,1978,128220,6,1,4,42,,1930,10,4,5,4.2,200,100,1115,76,53,10,10,23,1,55,0.18,0.23,0.19,21,9,0,14,12,112,154,3.4,3.03
1978,1979,128220,6,2,2,43,,1931,11,6,15,6.6,371,203,1793,106,50,21,9,32,0,82,0.17,0.43,0.19,27,21,1,7,28,171,225,5.8,2.8
1979,1980,128220,6,3,2,54,,1932,12,9,2,5.1,301,143,1493,80,43,13,11,41,0,73,0.31,0.07,0.18,15,11,1,10,9,124,157,5.0,2.37
1980,1981,128220,6,4,2,65,,1933,13,5,9,3.3,223,84,1626,65,29,13,7,32,0,52,0.19,0.34,0.12,8,14,0,6,18,89,120,3.3,1.8
1981,1982,128220,6,5,2,49,,1934,14,6,7,4.4,248,73,1640,66,49,9,4,35,0,72,0.22,0.26,0.16,23,13,0,8,14,76,115,2.7,1.66
1982,1983,128220,6,6,2,10,,1935,15,5,7,4.7,212,83,1303,64,35,7,13,34,0,53,0.19,0.27,0.18,15,12,0,10,14,62,118,4.7,2.18
1983,1984,128295,50,1,1,13,,1936,18,0,0,0.0,54,23,485,6,14,17,41,22,0,22,0.0,0.0,0.0,7,0,0,20,0,14,18,0.0,0.08
1984,1985,128900,85,1,2,9,,1937,8,0,0,0.1,8,0,85,1,3,5,7,2,0,7,0.0,0.0,0.03,2,0,0,4,0,2,6,0.1,0.67
1985,1986,128901,72,3,1,109,,1938,12,1,0,1.0,67,4,1638,3,35,27,134,40,0,35,0.03,0.0,0.03,19,1,2,40,0,5,13,1.0,0.19
1986,1987,128901,72,4,1,42,,1939,13,4,0,2.8,35,6,1514,3,31,28,140,46,0,28,0.11,0.0,0.07,16,4,0,32,2,3,8,2.8,0.32
1987,1988,128901,22,5,1,26,1637,1940,14,1,1,0.8,43,4,1025,4,14,14,88,21,0,15,0.04,0.04,0.04,7,2,3,25,1,4,16,0.8,0.17
1988,1989,128901,22,5,1,26,1638,1940,14,1,1,0.8,43,4,1025,4,14,14,88,21,0,15,0.04,0.04,0.04,7,2,3,25,1,4,16,0.8,0.17
1989,1990,128904,78,4,1,9,,1941,13,0,0,1.4,68,11,1117,3,23,27,139,36,1,12,0.0,0.0,0.05,7,0,2,52,0,8,14,1.4,0.29
1990,1991,128909,108,6,1,71,,1942,14,1,1,1.2,63,8,894,12,43,33,132,49,0,39,0.03,0.03,0.04,25,2,2,69,1,6,23,1.2,0.44
1991,1992,129078,37,1,4,10,,1943,9,6,4,7.6,129,174,871,52,45,20,23,54,0,41,0.17,0.11,0.21,14,10,1,25,6,99,135,7.6,2.04
1992,1993,129078,37,2,4,11,,1944,10,4,4,5.1,104,126,763,36,49,16,16,39,0,57,0.13,0.13,0.17,21,8,0,17,4,81,98,5.1,1.92
1993,1994,129078,37,3,4,37,,1945,11,2,3,3.1,75,70,570,29,30,11,9,24,0,24,0.1,0.16,0.16,8,5,0,10,1,47,63,3.1,2.33
1994,1995,129078,37,4,4,10,,1946,12,1,5,1.7,95,71,510,34,22,8,16,21,0,30,0.05,0.25,0.08,7,6,0,13,7,46,73,1.7,1.28
1995,1996,129476,85,1,5,24,8,1947,9,10,5,8.0,67,100,568,30,11,14,3,16,0,26,0.44,0.22,0.35,4,15,0,3,8,70,87,8.0,2.61
1996,1997,129476,85,2,3,10,,1948,10,4,5,6.3,63,123,598,44,33,25,6,10,0,59,0.17,0.21,0.27,12,9,0,1,3,80,104,5.5,2.7
1997,1998,129476,38,3,5,11,648,1949,11,1,1,1.4,27,34,166,7,2,3,0,2,0,12,0.15,0.15,0.21,2,2,0,0,2,11,20,1.4,2.56
1998,1999,129476,38,3,5,11,649,1949,11,1,1,1.4,27,34,166,7,2,3,0,2,0,12,0.15,0.15,0.21,2,2,0,0,2,11,20,1.4,2.56
1999,2000,129476,38,3,5,11,650,1949,11,1,1,1.4,27,34,166,7,2,3,0,2,0,12,0.15,0.15,0.21,2,2,0,0,2,11,20,1.4,2.56
2000,2001,129476,38,4,5,41,,1950,12,13,5,6.9,154,154,756,83,11,9,4,14,0,29,0.45,0.17,0.24,7,18,0,2,7,79,149,6.1,2.65
2001,2002,129476,38,5,3,16,,1951,13,2,6,5.1,82,72,443,48,8,2,1,8,0,15,0.15,0.45,0.38,5,8,0,1,1,39,82,5.1,3.27
2002,2003,129627,37,1,3,5,,1952,14,2,2,3.6,5,6,116,9,13,2,13,12,0,11,0.18,0.18,0.33,6,4,0,42,0,1,23,3.3,2.84
2003,2004,129674,67,2,1,14,539,1953,9,1,2,0.6,111,84,1247,28,37,18,58,23,0,35,0.04,0.08,0.03,18,3,1,6,0,59,44,0.6,0.33
2004,2005,129674,67,3,1,33,651,1954,10,0,2,0.2,67,32,791,14,21,13,28,15,0,27,0.0,0.12,0.01,12,2,0,4,0,19,28,0.2,0.3
2005,2006,129674,67,4,1,9,1113,1955,11,0,1,0.1,53,36,741,12,18,12,41,12,0,20,0.0,0.06,0.0,13,1,0,9,0,19,35,0.1,0.19
2006,2007,129674,67,6,1,52,,1956,13,0,5,0.6,79,35,775,18,13,16,49,17,0,15,0.0,0.22,0.02,9,5,1,9,0,24,38,0.6,0.52
2007,2008,129693,97,1,4,17,,1957,11,0,0,0.2,14,7,82,3,7,3,4,2,0,6,0.0,0.0,0.04,3,0,0,4,2,5,10,0.2,1.39
2008,2009,130360,89,1,4,11,124,1958,11,3,3,2.7,37,32,294,13,16,4,3,6,0,16,0.38,0.38,0.35,8,6,0,2,3,29,40,1.9,2.43
2009,2010,130360,16,2,4,64,413,1959,12,2,6,3.7,90,58,633,47,19,7,1,14,0,38,0.09,0.26,0.16,9,8,0,15,5,46,101,3.7,2.3
2010,2011,130360,16,2,4,64,414,1959,12,2,6,3.7,90,58,633,47,19,7,1,14,0,38,0.09,0.26,0.16,9,8,0,15,5,46,101,3.7,2.3
2011,2012,130360,16,3,4,37,581,1960,13,1,5,3.5,68,52,491,53,19,8,2,8,0,19,0.06,0.28,0.2,6,6,2,4,3,41,91,3.5,2.22
2012,2013,130360,69,5,4,9,1535,1961,15,5,0,2.6,46,34,270,20,15,0,2,8,0,17,0.41,0.0,0.21,6,5,0,9,5,23,47,1.8,2.38
2013,2014,130360,69,5,4,9,1536,1961,15,5,0,2.6,46,34,270,20,15,0,2,8,0,17,0.41,0.0,0.21,6,5,0,9,5,23,47,1.8,2.38
2014,2015,130365,5,1,6,43,,1962,12,3,2,2.2,154,66,1137,42,38,46,58,27,1,37,0.12,0.08,0.09,17,5,0,15,2,46,94,2.2,1.44
2015,2016,130365,5,2,6,26,415,1963,13,0,1,0.5,80,31,551,12,14,16,19,9,0,20,0.0,0.09,0.04,7,1,0,12,2,30,30,0.5,1.26
2016,2017,130365,5,2,6,26,416,1963,13,0,1,0.5,80,31,551,12,14,16,19,9,0,20,0.0,0.09,0.04,7,1,0,12,2,30,30,0.5,1.26
2017,2018,130365,90,3,1,37,652,1964,14,2,1,2.2,63,27,815,18,24,17,25,7,0,29,0.12,0.06,0.13,12,3,0,13,0,20,28,2.2,1.23
2018,2019,130365,90,3,1,37,653,1964,14,2,1,2.2,63,27,815,18,24,17,25,7,0,29,0.12,0.06,0.13,12,3,0,13,0,20,28,2.2,1.23
2019,2020,130365,51,4,6,16,885,1965,15,2,0,0.7,68,30,646,11,28,27,10,9,0,32,0.16,0.0,0.06,14,2,1,9,4,16,34,0.7,1.72
2020,2021,130365,51,4,6,16,886,1965,15,2,0,0.7,68,30,646,11,28,27,10,9,0,32,0.16,0.0,0.06,14,2,1,9,4,16,34,0.7,1.72
2021,2022,130365,51,5,1,67,1537,1966,16,0,0,0.8,10,1,130,6,6,4,2,1,0,7,0.0,0.0,0.34,4,0,0,1,0,1,9,0.8,2.22
2022,2023,130365,51,6,1,3,,1967,17,1,4,1.7,106,29,1055,45,43,20,25,16,0,48,0.05,0.21,0.09,26,5,1,7,1,28,85,1.7,1.66
2023,2024,130394,27,1,3,25,180,1968,13,1,0,2.5,4,5,50,4,2,1,2,2,0,5,0.22,0.0,0.56,1,1,0,23,0,2,11,2.5,5.35
2024,2025,130394,27,1,3,25,181,1968,13,1,0,2.5,4,5,50,4,2,1,2,2,0,5,0.22,0.0,0.56,1,1,0,23,0,2,11,2.5,5.35
2025,2026,130394,115,2,3,9,417,1969,14,11,0,9.8,22,19,243,22,15,1,14,2,1,16,0.55,0.0,0.5,5,11,0,53,1,13,52,8.2,2.98
2026,2027,130394,118,3,3,106,654,1970,15,8,2,9.7,44,42,320,33,22,5,16,18,0,25,0.28,0.07,0.34,6,10,0,34,1,27,72,8.8,2.63
2027,2028,130394,23,6,3,134,,1971,18,3,1,4.8,4,8,120,19,1,2,5,2,0,10,0.22,0.07,0.36,1,4,0,21,0,6,34,4.1,2.54
2028,2029,130485,106,2,3,80,,1972,13,7,2,6.8,52,28,296,14,17,5,1,7,0,18,0.37,0.11,0.36,6,9,0,12,1,19,48,5.2,2.14
2029,2030,130765,37,1,2,3,,1973,11,3,2,2.0,86,40,492,29,28,12,12,14,0,42,0.19,0.13,0.12,8,5,0,17,0,36,61,2.0,2.01
2030,2031,130765,37,2,2,20,,1974,12,5,3,2.8,71,45,464,18,32,11,23,22,0,38,0.26,0.16,0.15,9,8,1,13,2,34,60,2.8,2.41
2031,2032,130765,37,3,2,38,,1975,13,4,5,2.7,144,109,1021,35,60,24,19,26,0,75,0.13,0.16,0.09,27,9,0,8,2,75,91,2.7,1.79
2032,2033,130765,37,4,2,38,,1976,14,2,0,2.5,83,63,590,25,27,8,15,10,0,23,0.12,0.0,0.15,9,2,0,3,3,50,54,2.5,2.32
2033,2034,130765,37,5,4,6,,1977,15,2,1,2.4,75,61,531,18,32,10,9,18,0,39,0.13,0.06,0.15,14,3,2,6,3,45,50,2.4,1.47
2034,2035,131075,6,1,1,41,182,1978,15,3,1,3.4,135,39,1560,10,40,61,169,50,1,16,0.08,0.03,0.09,12,4,1,96,0,26,31,3.4,0.49
2035,2036,131075,6,2,1,5,,1979,16,2,2,2.4,150,57,1844,8,59,42,109,40,0,20,0.06,0.06,0.07,14,4,1,56,3,22,37,2.4,0.46
2036,2037,131075,6,4,1,41,,1980,18,4,0,2.4,119,31,1837,5,25,34,92,37,1,19,0.14,0.0,0.09,12,4,0,69,1,19,17,2.4,0.53
2037,2038,131075,54,5,1,9,1241,1981,19,0,2,1.0,100,39,1455,16,33,41,85,25,0,27,0.0,0.07,0.04,20,2,2,78,1,33,37,1.0,0.67
2038,2039,131075,54,6,1,14,2060,1982,20,3,1,1.6,87,21,1615,7,22,32,77,20,0,14,0.11,0.04,0.06,11,4,1,70,0,11,22,1.6,0.57
2039,2040,131075,54,7,1,33,,1983,21,0,1,0.3,29,5,555,3,6,15,28,6,0,3,0.0,0.13,0.04,2,1,0,24,0,8,7,0.3,0.4
2040,2041,131102,15,3,1,38,,1984,13,2,0,0.8,53,4,1438,3,45,36,100,29,1,44,0.07,0.0,0.03,24,2,2,86,0,8,13,0.8,0.3
2041,2042,131102,15,4,1,6,,1985,14,0,0,0.5,46,9,621,1,15,17,37,11,1,13,0.0,0.0,0.04,9,0,0,31,0,6,6,0.5,0.48
2042,2043,131109,110,2,2,80,,1986,11,0,2,0.3,65,19,557,12,47,27,19,33,0,46,0.0,0.12,0.02,19,2,2,8,2,18,32,0.3,0.62
2043,2044,131109,110,3,2,3,,1987,12,1,1,1.2,111,22,925,26,35,45,34,33,0,44,0.06,0.06,0.06,11,2,0,8,3,24,57,1.2,1.0
2044,2045,131225,34,5,1,37,1196,1988,14,1,3,2.4,156,38,1587,24,91,57,47,45,0,78,0.03,0.09,0.07,50,4,0,42,0,44,59,1.9,0.69
2045,2046,131225,34,6,1,21,,1989,15,3,1,2.6,105,32,999,18,54,28,43,25,1,49,0.13,0.04,0.11,22,4,0,20,3,27,42,2.6,0.64
2046,2047,131225,34,7,1,20,,1990,17,2,0,1.3,41,13,445,2,27,17,21,11,0,20,0.25,0.0,0.16,15,2,0,18,0,7,9,1.3,1.65
2047,2048,131248,122,1,5,23,,1991,11,0,3,0.6,23,37,199,11,15,3,2,2,0,17,0.0,0.3,0.06,3,3,1,2,1,26,32,0.6,1.41
2048,2049,131667,36,2,2,30,,1992,11,2,0,2.4,43,16,303,6,11,19,11,8,0,19,0.13,0.0,0.16,7,2,1,18,0,11,22,2.4,1.32
2049,2050,131827,61,4,1,23,,1993,12,0,0,0.1,30,11,355,2,28,16,21,12,0,24,0.0,0.0,0.01,14,0,0,12,1,8,5,0.1,0.41
2050,2051,131978,55,1,2,26,,1994,9,3,5,4.0,90,32,877,22,15,9,17,8,0,14,0.22,0.36,0.29,4,8,2,19,4,35,55,4.0,2.96
2051,2052,131978,55,2,2,49,,1995,10,1,4,2.7,64,46,555,24,16,7,7,7,0,18,0.08,0.33,0.22,5,5,0,12,6,24,52,2.7,3.26
2052,2053,131978,55,4,4,11,,1996,12,1,0,1.0,14,14,106,8,0,1,0,1,0,1,0.5,0.0,0.49,0,1,0,6,1,10,18,1.0,4.53
2053,2054,131978,75,5,4,5,,1997,13,4,2,4.3,48,30,391,31,16,8,6,7,0,13,0.37,0.19,0.42,7,6,0,4,1,30,51,4.3,3.56
2054,2055,131978,130,6,2,21,1860,1998,14,5,4,4.1,163,48,1218,44,47,25,51,25,0,48,0.17,0.14,0.14,11,9,2,42,4,49,104,4.1,2.27
2055,2056,131978,48,7,2,20,2371,1999,16,2,1,1.5,25,11,248,7,9,5,4,7,0,10,0.4,0.2,0.31,7,3,0,4,0,8,13,1.5,2.41
2056,2057,132098,88,1,3,4,,2000,10,17,4,14.4,80,59,419,30,10,1,14,16,0,14,0.63,0.15,0.54,1,21,0,47,10,47,86,11.3,3.64
2057,2058,132098,88,2,3,96,,2001,11,18,2,12.5,76,46,380,27,18,6,30,17,0,17,0.63,0.07,0.43,4,20,0,72,13,24,61,10.9,2.75
2058,2059,132098,88,3,3,4,,2002,12,23,14,20.1,132,75,652,49,22,11,40,28,0,26,0.67,0.41,0.59,8,37,0,75,6,50,127,16.9,3.88
2059,2060,132098,88,4,3,4,,2003,13,17,9,18.6,143,87,637,49,15,3,39,26,0,18,0.47,0.25,0.52,7,26,0,75,22,57,128,15.4,3.59
2060,2061,132098,88,5,3,51,,2004,14,30,3,21.4,180,60,642,57,15,2,18,27,0,21,0.79,0.08,0.57,7,33,0,66,20,50,131,16.7,3.28
2061,2062,132098,86,6,3,51,2134,2005,15,36,8,30.6,102,36,474,31,13,6,14,12,0,18,1.14,0.25,0.97,6,44,0,30,13,25,83,26.7,4.47
2062,2063,132098,86,7,3,36,,2006,16,14,6,10.3,39,14,233,20,2,0,5,3,0,2,1.2,0.52,0.88,0,20,0,11,10,9,49,6.4,3.87
2063,2064,133731,134,6,1,3,,2007,13,2,0,3.2,122,33,1289,3,85,49,158,66,0,74,0.06,0.0,0.09,38,2,1,119,0,15,26,3.2,0.85
2064,2065,133731,134,7,1,28,,2008,15,0,0,0.5,43,10,517,3,31,32,73,30,0,29,0.0,0.0,0.03,18,0,0,48,0,3,12,0.5,0.53
2065,2066,133964,89,1,5,55,,2009,12,10,6,9.9,133,76,1087,64,14,8,3,7,1,18,0.43,0.26,0.43,6,16,0,3,8,69,133,8.3,5.12
2066,2067,133964,89,2,5,66,,2010,13,8,6,12.5,156,146,1448,86,21,30,4,13,0,35,0.26,0.19,0.4,6,14,1,4,12,123,171,8.6,3.72
2067,2068,133964,89,3,3,113,,2011,14,19,8,15.6,192,138,1486,63,26,37,6,30,1,72,0.6,0.25,0.49,13,27,1,2,10,95,164,9.3,4.27
2068,2069,133964,89,4,3,113,,2012,15,11,8,15.3,150,104,1208,63,23,20,3,30,0,44,0.43,0.31,0.6,8,19,1,5,16,78,120,4.9,3.18
2069,2070,134270,25,3,1,14,,2013,13,1,0,1.5,87,34,954,10,50,31,75,30,0,53,0.04,0.0,0.07,27,1,0,95,0,22,25,1.5,0.74
2070,2071,134270,83,5,1,25,,2014,15,1,0,2.1,118,29,1361,16,60,32,120,42,0,67,0.03,0.0,0.06,34,1,2,84,0,22,40,2.1,0.61
2071,2072,134270,83,6,1,41,,2015,16,2,2,3.1,75,14,1351,10,61,37,124,55,0,61,0.07,0.07,0.1,26,4,1,101,1,7,27,3.1,0.76
2072,2073,134270,83,7,1,20,,2016,17,0,0,0.7,19,0,809,2,17,11,70,15,0,20,0.0,0.0,0.04,11,0,1,52,0,2,8,0.7,0.62
2073,2074,134294,37,1,3,20,47,2017,11,7,3,9.4,56,21,281,28,30,5,9,30,0,28,0.38,0.16,0.51,11,10,0,19,5,10,61,7.0,2.89
2074,2075,134294,37,1,3,20,48,2017,11,7,3,9.4,56,21,281,28,30,5,9,30,0,28,0.38,0.16,0.51,11,10,0,19,5,10,61,7.0,2.89
2075,2076,134294,37,2,3,16,504,2018,12,22,2,16.2,75,50,410,35,42,9,30,62,0,67,0.71,0.06,0.52,13,24,1,45,1,33,100,14.7,2.92
2076,2077,134294,37,3,3,42,,2019,13,12,4,8.5,52,37,337,22,22,3,27,39,0,28,0.5,0.17,0.35,12,16,1,23,3,25,59,6.9,2.28
2077,2078,134294,48,4,3,42,1034,2020,14,7,6,7.1,39,24,251,15,23,6,22,31,0,37,0.33,0.28,0.34,13,13,0,27,3,15,32,6.3,2.28
2078,2079,134294,64,5,3,11,1639,2021,15,2,2,3.0,12,9,92,6,9,3,5,8,0,14,0.23,0.23,0.35,5,4,0,9,3,8,12,3.0,1.74
2079,2080,134294,64,6,3,5,,2022,16,1,0,1.3,8,7,76,5,6,3,7,4,0,13,0.22,0.0,0.28,4,1,0,3,0,2,17,1.3,2.67
2080,2081,134294,64,7,3,20,,2023,17,1,1,2.1,3,5,42,4,2,1,2,0,0,2,0.5,0.5,1.03,1,2,0,8,1,0,10,2.1,5.5
2081,2082,134369,115,2,2,44,,2024,14,1,0,1.1,28,24,277,5,22,11,19,13,0,28,0.09,0.0,0.1,8,1,0,21,0,21,16,1.1,1.03
2082,2083,134425,18,1,3,15,,2025,8,17,9,13.7,87,155,1107,66,32,17,4,28,0,25,0.55,0.29,0.44,9,26,0,15,6,93,145,13.7,2.5
2083,2084,134425,18,2,3,98,,2026,9,20,1,18.2,100,151,984,48,27,15,4,16,0,28,0.68,0.03,0.62,6,21,0,22,10,69,125,16.4,3.29
2084,2085,134425,18,3,3,120,,2027,10,10,7,11.0,67,129,966,37,21,15,4,15,0,12,0.35,0.25,0.39,5,17,0,9,0,73,107,10.2,2.45
2085,2086,134425,18,4,3,36,,2028,11,13,5,14.0,65,108,714,42,23,12,3,12,0,23,0.55,0.21,0.59,10,18,0,4,4,54,93,11.5,2.28
2086,2087,134425,55,5,5,31,1640,2029,12,6,3,6.2,59,81,514,34,18,2,5,17,0,14,0.29,0.14,0.29,8,9,0,5,6,56,68,6.2,2.0
2087,2088,134425,55,6,5,55,,2030,13,8,4,6.5,78,120,538,30,21,13,9,13,0,26,0.36,0.18,0.29,12,12,1,2,11,51,85,6.5,2.32
2088,2089,134883,16,1,2,41,,2031,11,4,1,2.4,143,50,954,44,65,34,32,30,0,44,0.15,0.04,0.09,16,5,0,25,3,41,84,2.4,1.59
2089,2090,134883,16,2,2,41,,2032,12,0,2,0.7,72,20,576,18,43,25,25,20,0,40,0.0,0.14,0.05,13,2,0,9,1,13,41,0.7,0.49
2090,2091,134883,16,3,2,32,,2033,13,0,0,0.3,25,7,163,9,12,9,5,2,0,10,0.0,0.0,0.06,6,0,0,7,2,5,14,0.3,1.14
2091,2092,134936,80,1,5,32,,2034,10,2,0,3.3,15,22,146,7,7,1,1,8,0,8,0.23,0.0,0.38,2,2,0,3,1,10,20,3.3,2.2
2092,2093,134936,42,5,3,23,,2035,14,1,1,0.3,1,1,47,2,2,1,2,3,0,1,0.43,0.43,0.13,0,2,0,2,0,4,7,0.3,1.29
2093,2094,134983,115,2,3,13,,2036,13,2,0,3.9,10,3,85,6,1,7,11,3,0,5,0.33,0.0,0.63,1,2,0,33,0,4,14,3.9,3.42
2094,2095,135343,83,1,1,23,9,2037,11,4,1,1.9,72,26,687,11,60,67,145,40,0,50,0.18,0.05,0.08,24,5,2,62,4,24,32,1.9,1.13
2095,2096,135343,83,2,7,25,,2038,12,2,0,1.4,53,20,590,4,39,47,74,35,0,40,0.11,0.0,0.08,19,2,2,33,1,16,25,1.4,1.08
2096,2097,135343,83,3,1,47,,2039,13,1,0,1.3,41,6,468,0,13,27,52,19,1,19,0.07,0.0,0.09,7,1,1,16,0,9,9,0.5,0.79
2097,2098,135343,83,4,1,5,,2040,14,2,2,1.2,59,20,698,9,16,32,95,27,0,16,0.08,0.08,0.05,8,4,2,45,1,15,31,1.2,0.88
2098,2099,135343,83,5,1,25,,2041,15,1,3,4.9,139,27,1423,19,47,52,139,34,0,39,0.03,0.08,0.14,24,4,0,112,7,26,59,4.9,1.57
2099,2100,135343,83,6,1,41,,2042,16,4,1,2.5,133,28,1762,10,42,36,133,50,0,40,0.12,0.03,0.07,18,5,1,69,6,42,47,2.5,1.03
2100,2101,135343,83,7,1,41,,2043,18,2,0,1.1,50,9,779,1,13,21,51,20,1,12,0.14,0.0,0.08,3,2,0,19,3,12,11,1.1,0.98
2101,2102,135492,10,1,1,9,,2044,10,0,1,0.6,75,75,999,19,46,26,42,19,0,46,0.0,0.05,0.03,25,1,0,18,1,50,36,0.6,0.57
2102,2103,135492,10,2,1,41,,2045,11,0,1,0.2,41,25,471,12,18,18,23,8,0,22,0.0,0.1,0.02,6,1,0,13,3,18,24,0.2,0.49
2103,2104,135492,10,3,1,20,,2046,12,1,2,0.6,162,84,1636,25,47,49,57,31,0,45,0.03,0.06,0.02,27,3,2,25,1,55,68,0.6,0.4
2104,2105,135492,80,4,1,38,1145,2047,13,0,1,0.1,30,24,414,7,12,13,16,11,0,13,0.0,0.11,0.01,7,1,1,10,0,23,12,0.1,0.46
2105,2106,135492,80,5,1,23,,2048,14,1,1,0.5,72,41,780,12,45,19,52,35,0,33,0.05,0.05,0.02,22,2,1,5,0,36,33,0.5,0.64
2106,2107,135617,31,1,2,21,,2049,11,0,5,1.5,231,39,1742,62,85,68,49,44,0,71,0.0,0.15,0.04,39,5,0,24,6,47,112,1.5,0.94
2107,2108,135617,34,2,2,42,,2050,12,0,6,1.2,129,14,1004,23,43,46,36,21,1,45,0.0,0.3,0.06,21,6,0,13,5,21,44,1.2,1.29
2108,2109,135617,34,3,2,11,,2051,13,0,1,1.0,179,20,1299,24,37,39,21,33,1,38,0.0,0.04,0.04,18,1,2,25,2,19,60,1.0,0.92
2109,2110,135617,34,4,8,10,,2052,14,1,1,0.7,112,8,1374,15,36,34,56,24,1,30,0.05,0.05,0.03,12,2,1,26,6,18,36,0.7,0.77
2110,2111,135617,34,5,8,41,,2053,15,1,1,0.7,170,10,1445,10,48,47,51,28,0,40,0.04,0.04,0.03,30,2,4,34,6,22,28,0.7,0.61
2111,2112,136133,73,4,2,44,,2054,13,1,0,0.2,19,5,199,11,14,8,12,13,0,23,0.16,0.0,0.02,10,1,0,3,0,3,17,0.2,0.32
2112,2113,136501,124,1,2,35,,2055,10,1,0,0.5,5,15,66,6,12,3,5,3,0,8,0.24,0.0,0.13,7,1,0,3,0,8,12,0.5,1.2
2113,2114,137841,99,1,4,13,,2056,13,0,0,0.7,134,44,835,15,52,47,35,45,1,67,0.0,0.0,0.02,25,0,0,13,3,42,40,0.7,0.68
2114,2115,137841,99,2,2,3,,2057,14,1,1,0.4,94,24,702,12,43,36,14,23,0,61,0.05,0.05,0.02,21,2,2,8,5,27,35,0.4,0.58
2115,2116,138055,61,2,2,30,,2058,10,0,0,0.7,77,18,730,9,44,53,21,25,0,28,0.0,0.0,0.03,10,0,2,13,1,16,25,0.7,0.35
2116,2117,138055,61,4,2,28,,2059,12,0,0,0.1,98,15,826,15,46,48,30,26,0,39,0.0,0.0,0.0,18,0,1,21,0,16,34,0.1,0.16
2117,2118,138055,61,5,2,14,,2060,13,2,0,1.3,129,19,1033,10,80,52,21,32,0,85,0.07,0.0,0.04,44,2,3,20,1,25,39,0.5,0.3
2118,2119,138584,122,1,1,17,,2061,8,0,0,0.2,27,6,305,1,10,11,42,11,0,6,0.0,0.0,0.02,5,0,0,25,0,2,8,0.2,0.34
2119,2120,138803,97,1,2,17,,2062,13,1,4,1.9,134,34,594,23,26,17,9,14,1,29,0.05,0.18,0.08,9,5,0,4,11,44,66,1.9,0.41
2120,2121,138803,97,2,2,14,,2063,14,0,2,0.2,25,2,120,8,11,2,3,2,0,12,0.0,0.48,0.04,4,2,0,2,3,5,18,0.2,0.72
2121,2122,138803,133,5,4,3,,2064,17,2,1,0.7,74,16,365,13,13,7,8,7,0,16,0.25,0.12,0.09,3,3,0,5,6,23,26,0.7,0.62
2122,2123,138935,113,3,8,74,,2065,13,0,0,0.4,49,9,531,6,42,22,24,22,0,22,0.0,0.0,0.02,8,0,2,45,0,11,19,0.4,0.34
2123,2124,139208,21,1,1,8,,2066,12,4,2,3.1,174,20,2730,6,38,40,201,29,0,14,0.11,0.05,0.08,14,6,1,175,0,21,31,3.1,0.82
2124,2125,139208,21,2,1,51,,2067,13,5,1,2.9,170,21,2919,7,23,40,166,20,0,13,0.13,0.03,0.08,6,6,2,188,7,19,35,2.9,0.82
2125,2126,139208,21,4,1,31,,2068,15,3,1,2.0,145,11,2376,9,16,31,109,21,0,16,0.09,0.03,0.06,11,4,0,117,6,4,31,2.0,1.03
2126,2127,139208,21,5,1,54,,2069,16,3,1,2.6,127,10,2345,7,27,31,138,24,0,19,0.1,0.03,0.08,8,4,3,98,1,14,22,2.6,0.95
2127,2128,139208,21,6,1,65,,2070,17,2,2,2.8,200,32,2640,11,40,39,144,47,1,14,0.06,0.06,0.08,12,4,0,140,0,19,59,2.8,1.27
2128,2129,139208,21,7,1,43,,2071,18,1,1,0.9,62,4,1145,5,17,30,70,12,0,11,0.06,0.06,0.06,6,2,2,49,0,7,18,0.9,0.62
2129,2130,139279,71,1,1,33,,2072,15,2,0,1.3,90,22,807,5,77,34,114,30,0,69,0.08,0.0,0.05,40,2,0,47,1,16,21,1.3,0.79
2130,2131,139279,71,2,1,28,,2073,16,0,0,1.3,68,15,896,2,47,40,77,18,0,55,0.0,0.0,0.06,31,0,1,44,0,14,21,1.3,0.67
2131,2132,139279,71,3,1,3,,2074,17,2,0,1.9,104,20,1032,5,58,37,155,44,1,72,0.06,0.0,0.06,38,2,1,60,0,13,8,1.9,0.45
2132,2133,139279,71,4,1,3,,2075,18,1,0,0.4,72,16,906,4,51,53,116,40,1,59,0.04,0.0,0.02,34,1,1,45,0,9,13,0.4,0.29
2133,2134,139279,71,5,1,17,,2076,19,1,0,1.2,86,8,977,4,69,30,131,35,1,70,0.04,0.0,0.05,42,1,2,35,0,8,10,1.2,0.37
2134,2135,139279,71,6,1,59,,2077,20,0,1,0.1,55,6,620,3,34,26,111,37,0,35,0.0,0.06,0.01,19,1,0,30,0,6,9,0.1,0.23
2135,2136,139279,71,7,1,27,,2078,22,0,1,0.0,19,2,307,2,22,12,59,12,0,23,0.0,0.11,0.0,13,1,1,13,0,1,6,0.0,0.22
2136,2137,140191,64,1,1,14,113,2079,10,1,0,0.5,31,30,391,3,38,13,49,15,0,32,0.08,0.0,0.04,21,1,1,20,0,19,14,0.5,0.41
2137,2138,140191,64,3,6,9,,2080,12,1,1,0.3,20,11,205,12,9,11,20,6,0,7,0.16,0.16,0.04,3,2,0,6,1,8,21,0.3,0.63
2138,2139,140559,122,1,2,82,,2081,12,0,0,0.4,129,30,996,19,42,30,41,23,0,27,0.0,0.0,0.02,16,0,0,11,1,16,52,0.4,0.44
2139,2140,140757,27,1,2,14,,2082,10,1,3,3.6,122,81,897,39,60,19,16,30,0,39,0.04,0.11,0.13,11,4,1,15,5,68,88,3.6,1.14
2140,2141,140757,69,3,2,108,,2083,12,0,2,1.0,35,19,252,14,15,2,0,5,0,14,0.0,0.29,0.15,6,2,0,2,2,19,19,1.0,1.17
2141,2142,140757,69,4,2,3,,2084,13,1,1,0.4,68,16,383,10,7,5,11,13,1,15,0.12,0.12,0.04,4,2,0,8,0,12,26,0.4,1.17
2142,2143,140776,79,2,4,49,535,2085,10,1,2,1.2,21,23,166,11,11,5,2,9,0,21,0.14,0.29,0.17,7,3,0,2,0,18,25,1.2,2.42
2143,2144,140776,79,2,4,49,536,2085,10,1,2,1.2,21,23,166,11,11,5,2,9,0,21,0.14,0.29,0.17,7,3,0,2,0,18,25,1.2,2.42
2144,2145,140776,79,3,7,126,655,2086,11,6,10,5.2,86,146,743,47,27,17,16,24,0,34,0.25,0.41,0.21,15,16,1,2,6,85,94,5.2,1.78
2145,2146,140776,79,4,5,43,,2087,12,6,6,5.3,84,141,947,54,34,19,12,26,0,44,0.21,0.21,0.18,19,12,2,8,8,80,122,3.8,1.67
2146,2147,140776,79,5,7,7,,2088,13,7,3,8.0,84,146,863,47,35,12,19,23,0,54,0.27,0.12,0.31,23,10,0,5,4,58,97,7.2,2.56
2147,2148,140776,79,6,1,26,1811,2089,14,0,1,0.1,6,9,65,4,4,1,6,2,0,7,0.0,0.41,0.03,2,1,0,0,0,5,7,0.1,0.81
2148,2149,141050,90,3,8,75,656,2090,13,2,1,1.5,82,10,1090,5,21,29,33,14,0,14,0.13,0.06,0.09,6,3,4,28,2,11,18,1.5,1.07
2149,2150,141050,90,3,8,75,657,2090,13,2,1,1.5,82,10,1090,5,21,29,33,14,0,14,0.13,0.06,0.09,6,3,4,28,2,11,18,1.5,1.07
2150,2151,141050,90,4,2,11,1104,2091,14,5,0,3.2,111,18,1464,6,33,37,29,19,0,28,0.22,0.0,0.14,14,5,1,31,3,21,25,3.2,0.84
2151,2152,141050,90,5,7,24,,2092,15,2,0,2.3,154,26,1950,4,32,36,59,26,0,26,0.07,0.0,0.09,19,2,1,34,1,35,23,2.3,0.82
2152,2153,141050,90,6,1,41,,2093,16,0,0,1.4,148,28,2089,0,22,23,100,29,0,17,0.0,0.0,0.06,9,0,1,46,1,23,14,1.4,0.45
2153,2154,141660,60,1,5,26,,2094,10,4,2,4.7,55,41,664,17,29,10,9,18,0,28,0.22,0.11,0.25,7,6,1,5,3,51,59,3.9,1.68
2154,2155,141660,60,2,4,7,,2095,11,1,0,1.9,45,28,350,20,15,3,0,5,0,18,0.1,0.0,0.18,5,1,0,2,4,23,41,1.9,2.12
2155,2156,141660,64,3,4,42,,2096,12,9,4,4.5,75,59,546,18,12,4,0,7,0,14,0.57,0.25,0.29,5,13,0,0,1,48,63,2.8,2.53
2156,2157,141660,60,4,5,16,,2097,13,2,0,0.6,13,9,128,8,9,0,1,4,0,6,0.49,0.0,0.16,2,2,0,0,2,5,16,0.6,1.96
2157,2158,141660,131,5,5,10,,2098,14,0,0,1.0,33,11,236,11,4,5,4,11,0,7,0.0,0.0,0.1,1,0,0,1,1,12,25,1.0,0.98
2158,2159,141834,80,1,6,6,,2099,11,4,6,2.9,56,85,763,27,32,16,17,19,0,35,0.23,0.34,0.17,17,10,1,4,1,35,49,2.9,2.06
2159,2160,141834,80,2,4,41,,2100,12,2,0,1.9,35,32,293,6,8,4,0,5,0,8,0.23,0.0,0.22,4,2,0,3,0,18,24,1.9,2.29
2160,2161,141834,80,3,5,106,,2101,13,5,3,2.7,42,51,388,20,16,11,8,14,1,22,0.35,0.21,0.19,4,8,0,6,2,26,44,2.7,2.46
2161,2162,141834,80,4,3,32,,2102,14,2,2,1.7,25,31,273,16,17,10,6,9,0,31,0.22,0.22,0.19,13,4,0,5,0,19,31,1.7,3.19
2162,2163,142021,53,1,2,39,10,2103,9,4,2,2.9,169,53,1010,37,60,22,30,18,1,69,0.13,0.07,0.1,25,6,0,17,13,42,86,2.9,1.83
2163,2164,142021,53,2,2,41,,2104,10,2,1,3.4,125,34,805,31,47,24,23,30,0,58,0.07,0.03,0.12,17,3,1,26,4,38,84,3.4,1.76
2164,2165,142021,53,4,2,6,,2105,12,3,9,2.6,221,94,1427,37,45,26,32,16,0,54,0.09,0.26,0.07,18,12,1,12,8,75,92,2.6,1.27
2165,2166,142021,53,5,2,21,,2106,13,6,3,3.5,233,111,1181,73,69,24,23,34,0,73,0.16,0.08,0.09,29,9,0,12,14,95,150,3.5,1.06
2166,2167,142021,47,6,2,37,1812,2107,14,2,5,2.2,132,56,725,51,39,16,16,20,0,31,0.08,0.21,0.09,12,7,0,8,10,51,91,2.2,1.34
2167,2168,142021,47,7,4,6,,2108,16,0,1,1.2,56,23,410,25,24,7,13,8,0,20,0.0,0.07,0.09,9,1,1,7,3,31,47,1.2,1.11
2168,2169,142027,109,1,2,27,,2109,10,0,0,0.1,3,2,49,2,1,2,0,0,0,1,0.0,0.0,0.06,0,0,0,1,0,3,5,0.1,1.69
2169,2170,142027,109,2,4,71,,2110,11,1,0,0.7,13,50,276,14,24,5,0,8,0,22,0.09,0.0,0.07,12,1,0,11,0,27,27,0.7,1.68
2170,2171,142027,109,3,7,86,,2111,12,0,5,0.5,53,73,549,30,19,11,8,6,0,26,0.0,0.37,0.04,9,5,0,9,0,46,54,0.5,1.05
2171,2172,142031,112,2,2,20,,2112,11,0,1,0.5,80,6,1119,10,42,62,40,46,0,57,0.0,0.04,0.02,21,1,0,58,3,9,21,0.5,0.44
2172,2173,142031,112,3,2,39,,2113,12,1,1,0.4,69,10,725,5,41,37,32,40,0,54,0.05,0.05,0.02,21,2,1,27,1,8,16,0.4,0.51
2173,2174,142031,76,4,2,32,961,2114,13,0,0,0.5,92,12,1051,7,46,48,52,42,0,60,0.0,0.0,0.02,24,0,2,42,2,6,14,0.5,0.43
2174,2175,142031,76,5,8,14,,2115,14,0,1,0.4,116,27,1091,20,53,45,54,51,0,64,0.0,0.04,0.02,31,1,1,27,0,21,42,0.4,0.33
2175,2176,142031,47,7,2,13,,2116,16,0,0,0.2,34,6,345,2,15,25,37,16,0,16,0.0,0.0,0.02,9,0,2,20,0,6,4,0.2,0.3
2176,2177,142281,62,1,3,3,,2117,12,4,0,4.2,16,9,116,12,2,1,10,7,0,2,0.49,0.0,0.51,1,4,0,42,2,13,24,4.2,3.31
2177,2178,142281,44,2,5,17,,2118,13,3,2,2.6,22,12,154,11,8,3,10,0,0,6,0.28,0.19,0.25,1,5,0,61,0,9,23,2.6,1.71
2178,2179,142310,72,1,1,9,114,2119,12,4,0,3.6,136,29,1392,11,85,72,177,55,1,56,0.11,0.0,0.1,34,4,6,136,2,18,29,3.6,0.68
2179,2180,142310,72,2,1,5,,2120,13,0,1,0.4,48,4,798,7,57,39,108,28,1,43,0.0,0.05,0.02,25,1,3,86,0,4,13,0.4,0.23
2180,2181,142310,72,3,1,10,,2121,14,1,1,1.1,44,5,855,3,33,32,84,18,0,24,0.05,0.05,0.05,13,2,1,55,0,8,12,1.1,0.72
2181,2182,142310,72,4,1,24,,2122,15,0,0,0.2,20,6,468,1,25,14,35,14,0,15,0.0,0.0,0.02,8,0,0,20,0,7,3,0.2,0.2
2182,2183,142310,131,5,1,6,1641,2123,16,0,1,0.0,12,1,194,1,13,12,45,13,0,13,0.0,0.13,0.01,8,1,0,15,0,1,5,0.0,0.26
2183,2184,142310,131,6,1,28,,2124,17,2,1,1.5,32,4,503,9,46,25,90,32,1,40,0.13,0.06,0.09,22,3,0,57,1,2,16,1.5,0.88
2184,2185,144028,25,2,5,37,457,2125,9,5,3,5.0,95,68,562,42,22,9,8,16,0,38,0.22,0.13,0.23,6,8,0,2,2,39,90,5.0,1.83
2185,2186,144028,25,3,4,47,,2126,10,5,5,4.6,142,73,816,50,33,26,7,34,0,36,0.17,0.17,0.16,10,10,1,4,0,50,110,4.6,2.0
2186,2187,144028,25,4,5,16,,2127,11,8,3,6.7,154,97,898,47,34,15,10,33,0,31,0.26,0.1,0.21,4,11,0,9,8,52,113,5.9,2.34
2187,2188,144028,41,5,3,11,1642,2128,12,1,10,1.8,57,36,347,22,12,6,3,18,0,18,0.1,0.97,0.18,6,11,1,1,6,16,34,1.8,1.64
2188,2189,144028,41,6,5,22,,2129,13,12,1,7.9,76,66,494,24,27,8,6,27,0,25,0.65,0.05,0.43,9,13,0,5,8,43,65,7.9,3.27
2189,2190,144028,41,7,3,22,,2130,15,3,1,3.0,43,31,226,16,14,7,10,12,1,17,0.29,0.1,0.29,7,4,0,2,5,23,35,3.0,2.16
2190,2191,144143,42,1,1,20,,2131,11,0,2,0.3,150,51,1298,11,46,31,76,22,1,51,0.0,0.08,0.01,24,2,0,15,2,30,33,0.3,0.37
2191,2192,144143,42,2,1,41,,2132,12,0,0,0.4,117,49,1038,9,53,35,88,38,0,52,0.0,0.0,0.01,26,0,1,35,0,38,40,0.4,0.6
2192,2193,144143,42,3,1,38,,2133,13,1,0,0.2,103,42,1203,8,66,42,88,40,0,73,0.03,0.0,0.01,41,1,0,28,0,36,37,0.2,0.1
2193,2194,144143,40,6,1,3,1758,2134,16,0,1,0.1,69,15,673,8,41,21,52,22,0,40,0.0,0.05,0.0,24,1,0,23,0,10,19,0.1,0.15
2194,2195,144143,40,6,1,3,1759,2134,16,0,1,0.1,69,15,673,8,41,21,52,22,0,40,0.0,0.05,0.0,24,1,0,23,0,10,19,0.1,0.15
2195,2196,145115,1,3,2,14,,2135,12,0,3,1.0,130,48,827,25,40,25,21,14,0,47,0.0,0.16,0.06,11,3,1,9,0,31,57,1.0,1.15
2196,2197,145466,116,5,1,2,,2136,19,1,0,0.3,142,28,1662,3,30,41,116,45,0,26,0.03,0.0,0.01,13,1,3,48,0,13,24,0.3,0.09
2197,2198,145466,116,6,1,13,,2137,20,1,0,1.0,65,11,944,0,20,25,61,23,1,18,0.06,0.0,0.06,9,1,2,25,0,6,10,1.0,0.06
2198,2199,145769,80,1,5,9,,2138,14,0,1,0.6,3,6,79,6,4,2,6,4,0,8,0.0,0.14,0.08,2,1,0,3,0,6,13,0.6,1.83
2199,2200,145769,92,2,3,23,,2139,15,1,0,3.0,9,7,53,2,3,1,2,3,0,4,0.13,0.0,0.4,2,1,0,11,0,1,8,3.0,2.95
2200,2201,145769,92,3,3,112,,2140,16,2,0,2.5,11,6,96,6,6,3,2,4,0,8,0.24,0.0,0.3,2,2,0,10,0,6,15,2.5,2.29
2201,2202,145769,109,5,3,74,,2141,18,6,1,3.9,22,21,138,12,6,0,4,6,1,6,0.4,0.07,0.26,3,7,0,18,0,16,26,2.3,1.75
2202,2203,146310,32,3,2,82,658,2142,12,3,3,2.6,187,35,1526,26,65,51,59,53,0,71,0.09,0.09,0.08,29,6,0,67,4,31,74,2.6,0.85
2203,2204,146310,32,4,2,20,,2143,13,4,2,5.0,165,34,1264,22,73,30,64,43,0,72,0.12,0.06,0.16,31,6,0,75,8,29,63,4.8,1.4
2204,2205,146310,32,5,2,20,,2144,14,5,4,3.8,171,32,1170,46,70,26,63,44,0,85,0.15,0.12,0.12,38,9,0,74,7,38,84,3.8,1.39
2205,2206,146310,21,6,2,38,2184,2145,15,1,0,0.5,101,10,1157,16,48,20,31,24,0,61,0.05,0.0,0.03,20,1,3,31,5,21,54,0.5,0.52
2206,2207,146509,117,3,1,13,,2146,12,0,2,1.1,113,37,883,23,44,36,55,38,0,49,0.0,0.08,0.04,30,2,2,42,0,22,46,1.1,0.44
2207,2208,146690,108,2,1,13,,2147,11,2,3,0.6,103,97,1143,23,62,34,83,26,0,47,0.05,0.08,0.02,27,5,3,38,0,63,71,0.6,0.34
2208,2209,146690,108,3,1,6,,2148,12,0,2,1.2,75,68,888,18,47,25,70,26,0,50,0.0,0.06,0.04,21,2,1,26,1,47,35,1.2,0.42
2209,2210,146752,42,1,5,32,,2149,10,6,2,2.2,37,37,352,14,15,4,3,7,0,12,0.52,0.17,0.19,5,8,0,1,4,34,33,2.2,2.62
2210,2211,146752,42,2,5,41,418,2150,11,3,0,1.2,29,21,177,9,9,7,1,5,1,13,0.4,0.0,0.16,4,3,0,0,2,19,29,1.2,3.1
2211,2212,146752,42,2,5,41,419,2150,11,3,0,1.2,29,21,177,9,9,7,1,5,1,13,0.4,0.0,0.16,4,3,0,0,2,19,29,1.2,3.1
2212,2213,146752,118,3,4,38,659,2151,12,5,6,4.0,65,65,507,35,16,18,8,19,1,31,0.24,0.29,0.19,6,11,0,3,2,40,85,3.2,2.27
2213,2214,146752,118,3,4,38,660,2151,12,5,6,4.0,65,65,507,35,16,18,8,19,1,31,0.24,0.29,0.19,6,11,0,3,2,40,85,3.2,2.27
2214,2215,146752,69,4,4,6,1114,2152,13,12,7,7.1,164,117,960,63,43,4,7,32,0,51,0.39,0.23,0.23,17,19,0,8,12,76,142,5.5,2.14
2215,2216,146752,69,4,4,6,1115,2152,13,12,7,7.1,164,117,960,63,43,4,7,32,0,51,0.39,0.23,0.23,17,19,0,8,12,76,142,5.5,2.14
2216,2217,146752,135,5,4,41,1242,2153,14,5,2,5.0,92,100,853,29,16,8,3,22,0,26,0.18,0.07,0.18,8,7,0,6,5,50,78,4.2,1.84
2217,2218,146752,135,5,4,41,1243,2153,14,5,2,5.0,92,100,853,29,16,8,3,22,0,26,0.18,0.07,0.18,8,7,0,6,5,50,78,4.2,1.84
2218,2219,146752,135,5,4,41,1244,2153,14,5,2,5.0,92,100,853,29,16,8,3,22,0,26,0.18,0.07,0.18,8,7,0,6,5,50,78,4.2,1.84
2219,2220,146752,135,7,2,14,,2154,16,1,1,1.4,38,19,241,17,10,3,1,7,0,5,0.13,0.13,0.18,2,2,1,2,2,16,37,0.6,1.29
2220,2221,146795,100,1,4,9,,2155,9,7,14,4.7,142,119,1013,92,19,22,33,23,0,32,0.2,0.4,0.13,10,21,0,9,6,73,149,4.7,1.45
2221,2222,146795,100,2,4,10,,2156,10,1,4,3.7,100,99,658,44,12,15,24,15,0,22,0.04,0.17,0.16,7,5,0,6,2,63,82,3.7,1.18
2222,2223,146795,83,3,5,42,597,2157,11,0,2,0.9,18,21,240,26,4,6,7,1,1,5,0.0,0.19,0.09,2,2,0,5,0,14,37,0.9,1.26
2223,2224,146795,83,4,5,5,,2158,12,2,3,2.7,34,35,334,25,10,11,11,11,0,13,0.12,0.18,0.16,5,5,0,5,1,23,56,2.7,1.47
2224,2225,146795,83,5,3,41,,2159,13,0,0,0.3,9,8,85,5,2,0,3,3,0,5,0.0,0.0,0.09,2,0,0,0,0,7,8,0.3,1.73
2225,2226,146795,37,7,9,23,2515,2160,15,0,0,0.0,8,10,76,2,6,1,9,1,1,6,0.0,0.0,0.01,4,0,0,2,0,5,5,0.0,0.3
2226,2227,146854,87,1,3,26,,2161,12,18,9,18.0,100,72,570,44,18,11,2,18,0,12,0.58,0.29,0.58,2,27,0,39,9,57,94,16.4,2.37
2227,2228,146854,13,2,3,7,472,2162,13,18,4,14.4,102,71,591,45,22,4,1,12,0,19,0.75,0.17,0.6,8,22,0,12,12,46,90,12.0,2.54
2228,2229,146854,13,3,3,8,,2163,14,20,7,19.6,109,61,651,41,18,13,3,16,0,13,0.69,0.24,0.68,3,27,0,40,7,38,95,10.2,2.35
2229,2230,146854,13,4,3,22,,2164,15,25,5,18.0,73,59,496,32,18,0,1,12,0,15,0.89,0.18,0.64,6,30,0,21,8,23,71,11.7,2.28
2230,2231,146854,13,5,3,26,,2165,16,19,6,17.4,75,48,449,25,16,4,0,15,0,13,0.81,0.26,0.74,4,25,0,15,1,32,56,12.7,2.81
2231,2232,146854,13,6,3,16,,2166,17,16,2,12.4,96,52,555,37,4,8,1,18,0,11,0.62,0.08,0.48,1,18,0,15,12,31,74,11.6,2.45
2232,2233,147038,81,3,1,74,,2167,11,0,1,0.5,87,28,1022,16,42,42,96,30,0,40,0.0,0.03,0.02,27,1,0,46,0,23,40,0.5,0.2
2233,2234,147485,30,2,2,14,,2168,9,1,1,1.0,29,23,209,11,15,3,2,10,0,14,0.14,0.14,0.15,5,2,0,9,1,16,30,1.0,1.3
2234,2235,147485,30,4,4,3,,2169,11,1,2,1.3,37,28,205,10,16,3,3,17,0,20,0.14,0.28,0.17,11,3,0,3,0,17,27,1.3,1.93
2235,2236,147573,44,2,3,48,,2170,13,12,1,11.9,54,34,463,23,20,5,36,19,0,19,0.4,0.03,0.4,4,13,0,243,0,29,58,10.3,2.11
2236,2237,147573,30,3,3,6,,2171,14,3,0,6.2,20,6,168,6,3,2,9,10,0,8,0.24,0.0,0.49,1,3,0,79,0,7,14,5.4,3.12
2237,2238,147573,30,4,3,67,,2172,15,3,1,4.5,14,10,147,12,11,3,14,8,0,9,0.21,0.07,0.32,3,4,0,53,0,4,20,4.5,2.51
2238,2239,148153,25,1,1,25,,2173,11,2,1,1.8,63,16,1246,11,42,46,196,49,1,39,0.06,0.03,0.05,17,3,5,119,2,11,21,1.8,0.57
2239,2240,148153,25,2,1,5,,2174,12,3,3,4.5,110,18,1991,14,40,55,125,55,0,34,0.08,0.08,0.13,15,6,2,97,1,16,34,4.5,0.86
2240,2241,148153,25,3,1,37,,2175,13,5,0,2.2,82,27,2000,10,30,32,106,29,2,23,0.15,0.0,0.07,16,5,0,78,0,15,26,2.2,0.98
2241,2242,148153,25,4,1,26,,2176,14,1,0,1.3,83,14,1726,3,10,27,113,32,1,11,0.03,0.0,0.05,5,1,3,81,0,7,20,1.3,0.66
2242,2243,148153,25,5,1,11,,2177,15,1,0,1.7,158,19,2911,9,30,34,81,37,0,41,0.03,0.0,0.05,18,1,1,68,4,21,32,1.7,0.61
2243,2244,148153,25,6,1,37,,2178,16,3,1,3.1,152,33,2977,13,27,31,90,49,1,36,0.09,0.03,0.1,13,4,1,57,2,18,48,3.1,1.04
2244,2245,148153,25,7,1,5,,2179,18,0,0,0.7,77,9,939,5,8,9,34,14,0,3,0.0,0.0,0.05,2,0,0,31,1,10,12,0.7,0.75
2245,2246,148262,56,1,4,20,,2180,11,3,0,1.8,63,18,503,12,24,12,31,20,0,32,0.13,0.0,0.08,9,3,0,17,4,20,39,1.8,0.83
2246,2247,148262,56,2,2,41,,2181,12,2,2,1.7,40,24,424,14,18,20,20,21,0,27,0.09,0.09,0.08,7,4,0,25,1,19,38,1.7,1.03
2247,2248,148262,83,3,2,21,661,2182,13,2,1,1.1,37,7,433,6,8,19,18,14,1,13,0.13,0.06,0.07,1,3,0,11,0,12,20,1.1,0.63
2248,2249,148262,83,4,2,21,1035,2183,14,1,0,0.1,0,1,27,1,1,0,1,0,0,1,1.25,0.0,0.11,1,1,0,1,0,0,1,0.1,1.25
2249,2250,148262,83,4,2,21,1036,2183,14,1,0,0.1,0,1,27,1,1,0,1,0,0,1,1.25,0.0,0.11,1,1,0,1,0,0,1,0.1,1.25
2250,2251,148367,52,4,2,33,,2184,12,3,4,3.8,169,17,1337,29,109,64,58,48,0,101,0.09,0.12,0.11,52,7,1,50,6,22,58,3.8,0.8
2251,2252,148367,52,5,2,41,,2185,13,1,3,1.6,73,4,608,12,52,34,41,32,0,48,0.05,0.15,0.08,18,4,2,18,2,11,32,1.6,0.97
2252,2253,148367,52,6,2,37,,2186,14,2,1,3.5,161,15,1199,24,81,54,50,48,0,87,0.07,0.04,0.12,32,3,0,40,8,27,63,3.5,1.26
2253,2254,148367,52,7,2,10,,2187,15,1,2,1.8,63,6,508,8,42,19,29,20,1,36,0.08,0.16,0.14,26,3,1,15,2,7,21,1.8,1.25
2254,2255,148368,21,1,3,41,,2188,8,3,1,2.2,7,16,77,3,6,0,2,2,0,4,0.73,0.24,0.53,1,4,0,4,0,10,11,2.2,3.15
2255,2256,148368,21,2,3,11,,2189,9,4,1,1.8,12,37,143,8,12,4,5,2,0,9,0.5,0.13,0.22,4,5,0,18,0,18,20,1.8,1.76
2256,2257,148368,21,3,3,37,,2190,10,0,0,1.1,5,5,47,2,3,1,2,5,0,3,0.0,0.0,0.54,1,0,0,3,0,6,3,1.1,3.39
2257,2258,148368,21,4,3,37,,2191,11,3,0,1.5,2,3,28,0,0,1,2,1,0,2,2.03,0.0,1.02,0,3,0,2,0,1,3,1.5,6.77
2258,2259,148368,51,5,3,5,1643,2192,12,2,1,2.1,18,24,128,11,10,0,13,6,0,10,0.18,0.09,0.19,5,3,0,15,1,18,24,2.1,2.54
2259,2260,148455,21,1,3,15,,2193,11,22,8,20.2,127,131,846,68,21,5,6,9,0,16,0.61,0.22,0.56,5,30,0,10,19,91,160,17.9,3.71
2260,2261,148455,21,2,3,96,,2194,12,19,10,19.0,91,105,767,60,16,8,2,3,0,22,0.59,0.31,0.59,5,29,1,15,13,51,136,16.6,4.04
2261,2262,148455,21,3,3,4,,2195,13,22,5,19.3,136,111,1067,55,18,1,10,10,0,16,0.64,0.15,0.56,7,27,1,18,10,71,134,14.6,3.51
2262,2263,148455,21,4,3,53,,2196,14,23,13,22.7,122,125,875,62,17,6,5,7,0,19,0.75,0.42,0.74,6,36,0,7,18,57,141,17.8,4.33
2263,2264,148455,21,5,3,51,,2197,15,19,12,21.6,149,120,902,65,21,6,4,21,0,26,0.52,0.33,0.59,10,31,0,8,14,66,140,18.5,3.31
2264,2265,148455,21,6,3,31,,2198,16,18,10,21.2,147,98,737,66,17,2,1,19,0,21,0.64,0.36,0.75,6,28,0,6,18,54,139,15.5,3.8
2265,2266,148455,21,7,3,54,,2199,17,15,11,13.0,56,57,332,30,9,4,4,1,0,4,0.96,0.71,0.83,3,26,0,2,6,25,70,9.8,3.47
2266,2267,148928,79,1,8,31,,2200,8,4,1,5.0,120,56,1232,15,83,42,86,57,0,81,0.12,0.03,0.15,32,5,1,93,4,43,46,4.1,1.57
2267,2268,148928,79,2,8,51,,2201,9,6,0,4.7,165,41,1391,15,95,55,68,58,0,88,0.18,0.0,0.14,39,6,1,117,4,40,55,3.1,1.23
2268,2269,148928,79,3,8,123,,2202,10,2,1,2.8,82,19,976,23,57,19,43,35,0,59,0.09,0.04,0.12,30,3,0,61,3,19,37,1.9,1.42
2269,2270,148928,79,5,8,49,,2203,12,3,1,2.4,34,12,408,5,42,15,29,27,0,37,0.25,0.08,0.2,22,4,0,41,2,10,22,2.4,1.72
2270,2271,148928,79,6,2,41,,2204,13,1,4,1.5,34,21,549,14,64,14,56,36,1,49,0.07,0.26,0.1,30,5,0,47,2,17,31,1.5,1.05
2271,2272,148928,87,7,2,32,2438,2205,15,0,3,0.9,25,2,181,9,11,7,9,8,1,8,0.0,0.58,0.18,2,3,0,7,2,8,17,0.9,2.52
2272,2273,148928,87,7,2,32,2439,2205,15,0,3,0.9,25,2,181,9,11,7,9,8,1,8,0.0,0.58,0.18,2,3,0,7,2,8,17,0.9,2.52
2273,2274,149231,76,3,8,86,,2206,15,6,3,4.3,97,82,892,46,46,16,14,22,0,64,0.23,0.11,0.16,25,9,0,10,0,51,79,1.9,0.56
2274,2275,149231,76,4,2,17,,2207,16,5,6,2.8,135,64,802,40,44,7,20,9,0,57,0.2,0.24,0.11,14,11,0,6,5,43,92,2.0,0.68
2275,2276,149231,76,5,4,3,,2208,17,3,2,2.3,139,53,631,28,15,5,8,9,0,38,0.16,0.11,0.12,4,5,0,3,7,37,66,1.5,0.68
2276,2277,149716,72,1,5,41,,2209,9,3,1,2.2,25,42,246,19,5,4,5,12,0,14,0.39,0.13,0.29,1,4,0,9,1,18,33,2.2,1.69
2277,2278,149716,116,3,3,41,,2210,11,3,0,6.4,63,68,589,43,23,19,14,25,0,34,0.11,0.0,0.23,12,3,0,48,0,40,85,4.8,1.64
2278,2279,149716,31,6,3,147,1714,2211,14,1,1,1.3,23,18,207,12,10,5,6,9,0,20,0.12,0.12,0.15,7,2,0,15,0,14,18,1.3,1.29
2279,2280,149928,140,5,1,3,,2212,13,3,1,3.1,73,7,1099,4,41,53,193,57,0,38,0.08,0.03,0.09,19,4,0,76,1,11,19,2.3,0.5
2280,2281,149928,140,7,1,3,,2213,16,1,0,2.0,16,0,372,1,27,9,71,29,0,22,0.08,0.0,0.16,13,1,1,31,0,1,3,0.4,0.56
2281,2282,152963,94,1,5,52,,2214,12,4,1,4.6,18,11,120,10,7,6,10,12,0,5,0.37,0.09,0.43,0,5,0,14,0,10,24,4.6,2.88
2282,2283,152963,59,2,5,33,,2215,13,13,6,13.9,52,42,351,29,21,8,38,21,0,21,0.43,0.2,0.46,4,19,0,46,3,21,73,12.4,2.51
2283,2284,152963,59,3,3,41,,2216,14,5,4,6.0,31,18,214,13,7,10,18,8,1,10,0.26,0.21,0.31,0,9,0,27,2,19,29,6.0,2.44
2284,2285,152963,59,4,3,6,,2217,15,5,3,5.0,19,15,153,15,6,4,7,9,0,13,0.39,0.23,0.39,4,8,0,21,3,9,32,5.0,2.16
2285,2286,152963,59,5,5,73,,2218,16,4,1,2.9,18,1,118,5,10,1,9,16,0,7,0.4,0.1,0.28,4,5,0,29,2,5,15,2.9,2.77
2286,2287,153084,86,1,2,7,157,2219,8,8,4,6.3,112,58,1022,18,41,26,14,25,0,38,0.36,0.18,0.28,14,12,1,37,1,38,50,6.3,2.45
2287,2288,153084,86,2,2,8,,2220,9,6,5,5.5,110,29,789,21,28,24,8,18,0,32,0.36,0.3,0.33,10,11,0,30,1,32,61,5.5,2.32
2288,2289,153084,86,3,2,7,,2221,10,5,5,3.7,137,45,920,19,37,44,11,30,0,39,0.26,0.26,0.19,16,10,0,32,0,26,53,3.7,2.22
2289,2290,153084,86,4,2,31,,2222,11,3,3,4.1,98,25,708,28,25,17,23,11,0,26,0.19,0.19,0.26,11,6,2,31,5,21,68,4.1,2.9
2290,2291,153084,86,5,2,66,,2223,12,3,2,4.7,114,42,826,21,43,30,32,40,0,48,0.16,0.1,0.25,27,5,0,46,4,32,49,4.7,2.08
2291,2292,153084,86,6,2,65,,2224,13,6,7,5.0,176,66,1559,32,41,31,42,44,0,54,0.24,0.28,0.2,24,13,1,36,9,56,71,5.0,2.25
2292,2293,153084,86,7,8,43,,2225,14,1,1,1.0,46,20,412,7,8,5,6,10,0,8,0.19,0.19,0.18,3,2,0,11,5,17,15,1.0,2.12
2293,2294,153238,136,6,4,17,,2226,18,2,1,2.3,65,26,456,17,6,0,1,0,0,9,0.29,0.15,0.33,1,3,0,1,2,21,30,0.7,1.75
2294,2295,153427,50,4,3,30,,2227,16,1,2,1.7,10,54,208,15,6,3,6,18,0,16,0.1,0.21,0.17,4,3,0,8,2,46,39,1.7,5.19
2295,2296,153427,50,6,4,30,,2228,18,2,0,1.4,6,17,63,3,2,0,0,1,0,5,0.85,0.0,0.61,1,2,0,1,0,10,8,0.7,6.37
2296,2297,153555,44,3,2,13,,2229,14,0,0,0.5,20,3,165,0,20,5,8,13,0,19,0.0,0.0,0.05,8,0,0,15,0,4,6,0.5,0.4
2297,2298,153661,112,5,7,79,,2230,11,0,3,0.6,28,20,308,20,8,8,19,14,0,7,0.0,0.32,0.07,2,3,0,8,1,7,29,0.6,1.29
2298,2299,154147,141,7,1,17,,2231,15,0,0,0.3,61,14,675,5,19,13,59,15,0,15,0.0,0.0,0.02,10,0,3,16,0,5,14,0.3,0.13
2299,2300,154171,14,1,4,13,,2232,16,1,2,1.6,24,9,169,6,21,6,9,1,0,11,0.13,0.27,0.22,4,3,0,22,2,6,13,1.6,2.55
2300,2301,154171,14,2,4,30,,2233,17,0,0,0.5,6,3,43,1,1,2,3,2,0,3,0.0,0.0,0.18,1,0,0,11,0,1,4,0.5,1.38
2301,2302,154199,99,1,7,3,,2234,15,0,0,0.8,118,46,1371,4,81,87,110,37,1,75,0.0,0.0,0.03,34,0,1,51,0,26,24,0.8,0.42
2302,2303,154199,99,3,8,62,,2235,17,0,0,0.6,66,5,684,4,36,29,33,17,0,37,0.0,0.0,0.03,11,0,1,22,0,5,18,0.6,0.5
2303,2304,154209,1,1,1,60,,2236,13,0,0,0.5,10,6,82,1,12,6,13,4,1,7,0.0,0.0,0.13,5,0,0,2,1,3,3,0.5,0.29
2304,2305,154396,33,4,1,17,,2237,14,0,1,0.4,132,79,1237,19,109,62,65,63,0,84,0.0,0.04,0.01,56,1,2,47,2,60,60,0.4,0.46
2305,2306,155423,17,4,1,59,,2238,13,1,0,0.7,22,5,335,4,31,15,62,22,0,29,0.06,0.0,0.05,19,1,0,29,0,1,8,0.7,0.19
2306,2307,156501,121,1,1,5,,2239,16,2,0,1.1,24,7,371,0,23,35,71,17,1,17,0.16,0.0,0.09,9,2,0,30,0,1,4,1.1,0.82
2307,2308,156501,79,2,1,45,235,2240,15,1,0,1.9,35,4,709,4,27,40,130,18,0,24,0.04,0.0,0.08,14,1,0,92,0,4,14,1.9,0.81
2308,2309,156501,79,3,1,50,,2241,16,0,0,1.5,36,5,889,4,29,36,128,30,0,23,0.0,0.0,0.07,18,0,2,75,0,2,11,1.5,0.53
2309,2310,156501,79,4,1,11,,2242,17,2,1,0.7,32,5,632,5,20,28,77,17,1,18,0.12,0.06,0.04,8,3,0,45,0,3,11,0.7,0.66
2310,2311,156779,32,1,4,23,,2243,8,1,1,1.2,33,27,231,18,5,14,4,16,1,7,0.11,0.11,0.13,1,2,0,7,3,23,34,1.2,2.83
2311,2312,156779,107,2,4,23,,2244,9,6,4,4.6,90,108,618,39,40,16,20,23,0,39,0.24,0.16,0.18,15,10,1,14,2,65,100,4.6,2.43
2312,2313,156779,32,3,8,67,,2245,10,0,2,0.5,13,25,98,5,3,3,4,3,0,3,0.0,0.58,0.15,0,2,0,6,0,11,11,0.5,3.45
2313,2314,156779,32,4,5,52,,2246,11,0,0,0.3,10,4,87,9,2,4,0,3,0,2,0.0,0.0,0.1,1,0,0,2,0,1,17,0.3,3.28
2314,2315,156808,105,1,1,30,,2247,11,0,1,0.3,89,26,717,9,41,53,110,31,1,33,0.0,0.04,0.01,17,1,2,53,0,20,33,0.3,0.27
2315,2316,156808,105,2,1,14,,2248,12,0,1,0.5,109,22,904,16,66,65,77,30,0,53,0.0,0.03,0.02,32,1,0,79,1,23,37,0.5,0.2
2316,2317,157491,127,1,1,17,,2249,9,0,0,0.2,63,49,595,10,37,24,30,18,0,28,0.0,0.0,0.01,16,0,0,7,0,31,27,0.2,0.21
2317,2318,157495,18,1,1,7,,2250,9,0,5,0.2,70,48,674,11,16,10,18,13,0,17,0.0,0.5,0.02,9,5,0,8,2,28,24,0.2,0.7
2318,2319,157495,18,2,1,7,,2251,10,0,2,0.4,87,60,1107,20,18,16,21,10,0,27,0.0,0.12,0.02,9,2,3,15,0,58,41,0.4,0.6
2319,2320,157495,18,3,1,49,,2252,11,2,1,0.3,29,13,540,5,13,5,14,12,0,21,0.19,0.09,0.03,5,3,1,8,0,12,19,0.3,0.57
2320,2321,157495,3,6,1,23,2322,2253,14,2,1,1.1,34,26,318,16,3,7,20,8,0,5,0.25,0.13,0.14,1,3,0,4,0,28,23,1.1,1.65
2321,2322,157509,22,1,1,16,50,2254,8,2,2,1.5,105,23,1221,6,32,54,126,27,1,11,0.07,0.07,0.05,4,4,2,98,0,17,18,1.5,0.65
2322,2323,157509,22,1,1,16,51,2254,8,2,2,1.5,105,23,1221,6,32,54,126,27,1,11,0.07,0.07,0.05,4,4,2,98,0,17,18,1.5,0.65
2323,2324,157509,55,2,1,26,,2255,9,0,0,1.2,108,16,1844,1,23,58,116,22,0,16,0.0,0.0,0.04,9,0,2,105,0,12,15,1.2,0.58
2324,2325,157509,55,3,1,49,,2256,10,5,0,2.0,74,14,1616,4,16,28,93,13,0,8,0.22,0.0,0.09,4,5,0,84,0,16,14,2.0,1.2
2325,2326,157509,64,4,1,50,1037,2257,11,1,0,1.1,33,11,875,2,11,34,132,31,0,7,0.04,0.0,0.05,4,1,0,50,0,6,9,1.1,0.26
2326,2327,157509,64,5,1,43,,2258,12,2,0,2.2,31,3,701,1,9,30,120,17,0,8,0.09,0.0,0.1,5,2,1,55,0,1,9,2.2,0.86
2327,2328,157509,64,6,1,49,,2259,13,3,0,1.8,53,7,962,4,23,29,160,38,0,16,0.1,0.0,0.06,10,3,0,58,1,5,13,1.8,0.51
2328,2329,157635,93,1,3,41,,2260,9,15,3,12.0,64,52,477,33,20,7,28,33,0,25,0.55,0.11,0.44,3,18,0,142,6,38,77,11.7,2.39
2329,2330,157635,93,2,3,43,,2261,10,5,6,6.1,28,23,223,17,14,4,15,12,0,21,0.37,0.44,0.45,4,11,0,35,2,14,40,6.1,2.43
2330,2331,157635,93,3,3,43,,2262,11,5,4,4.6,37,24,316,14,10,6,13,16,0,17,0.33,0.27,0.31,1,9,0,39,1,13,41,4.6,2.99
2331,2332,157635,93,4,5,26,,2263,12,6,0,5.5,30,14,212,8,13,3,9,13,0,13,0.5,0.0,0.46,3,6,0,28,5,10,30,5.5,2.34
2332,2333,157635,93,5,3,24,,2264,13,2,1,1.3,7,10,69,8,6,0,5,3,0,5,0.44,0.22,0.29,2,3,0,27,3,3,13,1.3,2.85
2333,2334,157635,93,6,3,25,,2265,14,5,2,5.7,16,11,207,13,13,4,15,13,0,14,0.37,0.15,0.43,4,7,0,19,3,10,37,5.7,2.14
2334,2335,157635,93,7,5,6,,2266,15,0,0,0.4,4,2,36,2,5,0,4,4,0,6,0.0,0.0,0.17,3,0,0,13,0,3,4,0.4,0.91
2335,2336,157672,64,3,1,82,662,2267,12,0,7,1.3,128,70,1196,45,73,41,102,41,0,89,0.0,0.21,0.04,52,7,1,50,0,38,83,1.3,0.44
2336,2337,157672,64,4,1,41,,2268,13,0,4,0.8,113,51,990,21,45,22,64,31,1,36,0.0,0.16,0.03,18,4,1,33,0,38,51,0.8,0.45
2337,2338,157672,64,6,1,21,,2269,15,0,7,0.3,119,68,1154,33,64,43,97,49,1,75,0.0,0.2,0.01,38,7,0,40,2,35,77,0.3,0.23
2338,2339,158623,116,1,7,23,,2270,10,0,1,0.4,81,70,870,17,43,29,96,25,0,41,0.0,0.05,0.02,18,1,1,56,0,40,40,0.4,0.55
2339,2340,158704,17,3,2,86,,2271,15,0,0,0.3,22,0,180,2,18,14,13,12,0,26,0.0,0.0,0.03,10,0,0,22,0,2,10,0.3,0.56
2340,2341,158764,45,3,8,23,,2272,14,8,2,4.2,233,95,1830,26,74,44,52,41,0,88,0.21,0.05,0.11,30,10,1,32,3,68,89,4.2,1.27
2341,2342,158764,45,4,7,23,,2273,15,1,1,1.9,170,82,1306,31,93,57,63,45,0,105,0.03,0.03,0.06,56,2,2,32,7,53,74,1.9,0.92
2342,2343,158791,92,1,1,40,,2274,14,1,1,0.9,44,9,384,4,25,20,77,21,1,19,0.06,0.06,0.06,15,2,0,20,1,3,14,0.9,0.37
2343,2344,158791,92,2,1,28,,2275,15,1,1,0.6,78,19,849,10,32,34,132,24,0,18,0.04,0.04,0.02,11,2,1,34,2,12,16,0.6,0.23
2344,2345,158795,97,2,8,17,,2276,14,3,0,0.6,49,4,252,4,9,18,23,8,0,16,0.29,0.0,0.06,5,3,0,42,0,3,21,0.6,1.81
2345,2346,158795,97,3,8,82,,2277,15,0,0,0.6,70,7,393,12,13,19,32,5,1,21,0.0,0.0,0.04,9,0,1,41,0,9,19,0.6,1.1
2346,2347,158863,98,1,1,26,,2278,12,0,0,2.1,116,37,1138,7,53,69,144,24,0,37,0.0,0.0,0.07,23,0,0,91,5,19,15,2.1,0.78
2347,2348,158863,98,2,1,50,,2279,13,1,1,2.3,132,36,1200,10,48,39,140,28,0,47,0.03,0.03,0.07,27,2,0,112,0,31,32,2.3,0.82
2348,2349,158863,98,3,1,117,,2280,14,1,0,1.1,125,31,1208,6,22,28,96,17,1,27,0.04,0.0,0.04,9,1,0,69,1,20,20,1.1,0.64
2349,2350,158863,98,4,1,26,,2281,15,3,0,2.0,78,29,952,4,28,39,143,22,2,23,0.12,0.0,0.08,14,3,0,69,0,10,19,2.0,1.04
2350,2351,158863,24,6,1,41,1999,2282,17,0,0,0.4,97,33,1001,1,10,11,50,13,0,8,0.0,0.0,0.03,6,0,0,33,3,22,14,0.4,0.56
2351,2352,159372,64,1,4,43,183,2283,10,9,4,5.5,191,201,1325,64,89,41,18,71,0,101,0.27,0.12,0.16,31,13,1,9,22,158,139,5.5,1.72
2352,2353,159372,64,2,4,7,,2284,11,1,4,2.5,100,106,727,25,46,22,11,19,0,47,0.06,0.24,0.15,11,5,0,6,5,72,67,2.5,1.38
2353,2354,159372,6,4,3,10,924,2285,13,6,8,6.2,123,142,1118,50,71,20,16,65,0,99,0.19,0.25,0.19,27,14,0,11,5,101,115,6.2,1.37
2354,2355,159372,6,5,3,47,,2286,14,9,2,6.0,114,83,1093,47,80,31,27,58,0,88,0.27,0.06,0.18,31,11,0,14,4,62,99,6.0,1.25
2355,2356,159372,6,6,5,16,,2287,15,5,6,4.4,126,108,1012,42,78,27,23,45,0,90,0.16,0.19,0.14,34,11,0,15,5,62,92,4.4,1.4
2356,2357,159471,86,1,5,10,,2288,8,10,5,9.4,69,101,685,27,36,11,3,18,0,30,0.51,0.26,0.48,5,15,0,7,5,71,78,9.4,3.37
2357,2358,159471,86,2,5,65,,2289,9,12,10,13.1,92,118,886,53,36,16,2,17,0,29,0.49,0.41,0.54,9,22,1,7,4,75,106,13.1,3.9
2358,2359,159471,86,3,5,51,,2290,10,10,2,8.0,93,82,671,39,39,26,3,17,0,32,0.55,0.11,0.44,12,12,0,8,1,60,92,8.0,3.23
2359,2360,159471,86,4,9,31,,2291,11,14,5,8.5,127,100,1063,48,47,14,3,26,0,57,0.58,0.21,0.35,22,19,0,7,15,77,111,8.5,2.8
2360,2361,159471,86,5,5,66,,2292,12,14,5,11.2,82,74,693,36,35,11,5,24,0,43,0.65,0.23,0.52,17,19,1,11,4,50,88,10.4,3.76
2361,2362,159471,86,6,5,54,,2293,13,3,1,2.4,23,23,180,9,8,3,2,5,0,13,0.62,0.21,0.51,2,4,0,3,3,9,19,2.4,3.54
2362,2363,159471,86,7,5,7,,2294,14,2,2,2.3,27,24,236,8,7,4,3,4,0,7,0.36,0.36,0.43,3,4,0,1,1,10,23,2.3,3.46
2363,2364,159844,44,2,7,35,,2295,9,0,3,0.7,79,48,836,24,63,43,65,46,0,49,0.0,0.12,0.03,26,3,0,46,0,43,60,0.7,0.56
2364,2365,159844,44,3,6,80,,2296,10,0,3,1.0,94,46,937,20,74,35,50,34,0,71,0.0,0.12,0.04,35,3,0,31,1,31,48,1.0,0.64
2365,2366,159844,7,5,1,14,,2297,12,0,2,0.6,63,30,621,24,29,21,34,16,0,37,0.0,0.14,0.04,16,2,0,14,0,24,41,0.6,0.84
2366,2367,159883,106,2,3,13,,2298,12,7,3,8.1,45,36,313,20,17,5,22,10,0,22,0.34,0.15,0.4,6,10,0,60,5,28,69,6.6,2.98
2367,2368,159883,42,3,3,112,,2299,13,1,0,0.4,3,3,32,3,1,1,1,4,0,2,0.53,0.0,0.21,0,1,0,5,0,1,6,0.4,2.12
2368,2369,160182,113,1,1,1,,2300,13,1,1,0.7,195,78,1386,56,66,41,113,24,0,56,0.03,0.03,0.02,31,2,1,49,2,81,92,0.7,0.71
2369,2370,160182,77,4,1,155,,2301,16,1,1,0.2,98,22,590,8,20,10,21,6,1,14,0.08,0.08,0.02,9,2,0,10,0,25,20,0.2,0.91
2370,2371,160241,8,3,1,106,,2302,10,1,0,0.1,56,10,600,2,18,13,32,28,0,14,0.08,0.0,0.01,8,1,2,21,0,4,7,0.1,0.15
2371,2372,160241,8,4,6,6,,2303,11,2,2,1.2,87,36,691,11,33,20,29,32,0,28,0.12,0.12,0.07,16,4,2,17,0,17,32,1.2,0.71
2372,2373,160241,8,5,1,6,,2304,12,0,0,0.6,85,17,814,5,75,24,70,45,0,45,0.0,0.0,0.03,32,0,1,57,1,13,17,0.6,0.37
2373,2374,160438,41,3,2,100,,2305,13,1,0,0.4,99,17,944,4,14,24,20,11,0,28,0.06,0.0,0.02,7,1,2,7,0,15,19,0.4,0.52
2374,2375,160438,41,4,2,41,,2306,14,0,2,0.2,43,5,528,9,16,14,13,7,0,12,0.0,0.22,0.02,7,2,0,6,1,4,17,0.2,0.89
2375,2376,160560,118,3,1,63,,2307,15,3,1,0.4,59,49,670,14,36,20,42,15,0,36,0.17,0.06,0.02,17,4,1,13,0,33,39,0.4,0.75
2376,2377,160561,115,2,1,30,,2308,16,3,0,1.7,82,7,1349,3,29,36,169,48,1,32,0.09,0.0,0.05,14,3,5,61,0,6,14,1.7,0.4
2377,2378,160968,30,4,1,30,,2309,11,0,5,0.5,203,60,1126,34,57,39,39,44,0,86,0.0,0.19,0.02,42,5,0,29,0,55,75,0.5,0.45
2378,2379,160968,30,5,1,23,,2310,12,1,0,0.4,149,48,938,19,64,26,57,34,0,82,0.04,0.0,0.02,42,1,0,30,1,39,52,0.4,0.37
2379,2380,160968,30,6,1,23,,2311,13,0,1,0.2,70,27,502,5,27,7,29,19,0,34,0.0,0.08,0.02,17,1,0,14,0,22,27,0.2,0.62
2380,2381,161056,86,1,7,54,,2312,8,2,13,2.2,252,128,2583,82,46,34,41,35,0,54,0.06,0.38,0.07,25,15,3,24,3,103,162,2.2,0.74
2381,2382,161056,86,2,8,31,,2313,9,4,7,1.2,310,57,2435,75,52,29,29,38,0,55,0.13,0.22,0.04,22,11,0,26,11,54,145,1.2,0.83
2382,2383,161056,86,3,2,128,,2314,10,4,10,2.3,288,54,1778,66,40,36,19,25,0,53,0.16,0.41,0.1,10,14,0,19,7,53,126,2.3,1.52
2383,2384,161056,86,4,2,51,,2315,11,3,9,2.3,292,43,2177,80,39,52,29,34,0,58,0.11,0.33,0.08,18,12,1,16,20,43,155,2.3,0.98
2384,2385,161056,86,5,2,15,,2316,12,5,6,2.2,315,42,2333,84,78,41,39,36,1,72,0.16,0.19,0.07,38,11,2,16,29,31,142,1.4,0.87
2385,2386,161056,86,6,8,18,,2317,13,1,6,1.1,229,56,1951,72,45,14,28,32,1,39,0.04,0.25,0.05,26,7,1,5,11,66,128,1.1,1.03
2386,2387,161056,86,7,8,55,,2318,14,1,4,0.9,178,28,1624,35,25,10,14,7,0,25,0.07,0.27,0.06,17,5,2,5,14,46,71,0.9,1.2
2387,2388,161060,104,2,3,29,,2319,10,5,2,4.6,14,32,203,9,15,6,2,12,0,13,0.3,0.12,0.27,1,7,0,18,3,21,27,4.6,1.36
2388,2389,161204,4,4,2,13,,2320,11,0,0,0.6,44,29,322,10,9,7,10,10,0,8,0.0,0.0,0.05,2,0,0,5,0,27,31,0.6,1.62
2389,2390,161267,47,2,2,44,,2321,12,0,0,0.1,9,3,80,3,2,0,2,2,0,5,0.0,0.0,0.04,2,0,0,1,0,2,7,0.1,0.6
2390,2391,161869,13,1,7,64,,2322,11,0,2,1.3,133,58,1050,30,50,30,51,25,0,48,0.0,0.09,0.05,26,2,0,30,2,42,67,1.3,0.78
2391,2392,161869,22,2,7,16,356,2323,12,0,4,0.4,86,61,924,19,83,40,41,19,0,72,0.0,0.2,0.02,43,4,0,28,5,43,45,0.4,0.59
2392,2393,161869,22,2,7,16,357,2323,12,0,4,0.4,86,61,924,19,83,40,41,19,0,72,0.0,0.2,0.02,43,4,0,28,5,43,45,0.4,0.59
2393,2394,161869,13,3,1,78,,2324,13,0,2,0.2,137,51,1525,25,58,50,37,20,0,52,0.0,0.09,0.01,37,2,2,25,2,31,55,0.2,0.23
2394,2395,161869,13,4,1,25,,2325,14,0,0,0.2,68,26,588,6,24,16,13,10,0,24,0.0,0.0,0.02,9,0,0,14,2,17,16,0.2,0.38
2395,2396,162029,83,1,1,9,,2326,9,0,3,0.1,29,26,340,9,27,17,58,9,0,14,0.0,0.25,0.0,9,3,0,19,1,29,28,0.1,0.16
2396,2397,162029,83,4,1,23,,2327,12,1,2,0.3,22,6,308,4,39,10,32,15,0,36,0.07,0.14,0.02,21,3,0,16,0,11,13,0.3,0.29
2397,2398,162056,120,1,2,33,,2328,9,2,1,5.1,95,24,619,22,26,2,23,14,0,48,0.13,0.07,0.34,11,3,0,24,1,28,43,3.5,1.34
2398,2399,162056,92,2,2,14,475,2329,10,2,1,3.1,51,11,459,11,20,9,15,12,0,27,0.15,0.07,0.23,7,3,1,27,2,13,21,2.3,1.24
2399,2400,162056,92,3,4,108,,2330,11,7,1,3.7,112,32,920,21,24,18,22,14,0,39,0.34,0.05,0.18,10,8,1,40,1,25,49,3.7,1.31
2400,2401,162056,92,4,2,9,,2331,12,7,2,4.2,84,19,657,16,29,7,22,21,0,36,0.37,0.11,0.22,16,9,0,25,5,17,34,2.6,1.06
2401,2402,162056,133,5,2,14,1483,2332,13,4,3,3.0,97,31,652,19,32,7,19,23,0,39,0.19,0.15,0.15,11,7,1,14,1,28,53,2.3,1.12
2402,2403,162056,133,6,4,14,,2333,14,1,1,2.0,49,23,381,11,14,4,11,12,0,19,0.08,0.08,0.16,7,2,0,19,0,11,35,2.0,1.14
2403,2404,162074,36,2,5,59,,2334,9,3,1,1.8,33,50,296,20,16,7,2,12,0,16,0.22,0.07,0.13,9,4,0,6,0,33,46,1.0,1.18
2404,2405,162434,39,1,1,16,,2335,8,1,0,0.8,76,21,864,3,34,37,141,45,0,24,0.05,0.0,0.04,9,1,1,55,0,9,11,0.8,0.53
2405,2406,162434,39,2,1,11,,2336,9,1,0,0.7,52,11,728,4,36,21,97,27,0,21,0.05,0.0,0.04,9,1,2,31,1,6,15,0.7,0.52
2406,2407,162434,39,3,7,37,,2337,10,0,0,1.1,113,23,1295,7,49,42,101,43,0,31,0.0,0.0,0.03,13,0,0,67,0,12,10,1.1,0.35
2407,2408,162434,39,4,1,41,,2338,11,1,0,0.8,59,11,829,4,28,36,122,27,0,17,0.04,0.0,0.04,12,1,2,49,1,6,12,0.8,0.49
2408,2409,162434,111,5,1,32,1316,2339,12,0,0,0.2,65,9,1027,4,56,37,110,24,0,42,0.0,0.0,0.01,27,0,0,45,1,6,11,0.2,0.13
2409,2410,162434,111,6,1,67,,2340,13,2,0,0.2,37,5,475,0,26,19,61,14,0,18,0.17,0.0,0.02,12,2,1,29,0,3,9,0.2,0.33
2410,2411,162434,111,7,1,67,,2341,14,0,1,0.3,23,2,389,1,15,15,49,21,0,9,0.0,0.11,0.03,6,1,0,16,0,0,5,0.3,0.66
2411,2412,162961,69,2,4,33,,2342,10,3,2,5.8,88,55,523,29,25,13,9,5,0,23,0.15,0.1,0.3,9,5,0,25,9,60,52,4.3,1.98
2412,2413,162961,42,3,5,108,,2343,11,3,3,1.9,70,32,371,19,11,9,3,14,0,19,0.27,0.27,0.17,4,6,0,18,1,23,43,1.9,2.16
2413,2414,162961,42,4,4,33,,2344,12,0,0,0.8,34,12,149,8,7,0,5,7,0,9,0.0,0.0,0.17,4,0,0,6,0,17,22,0.8,2.36
2414,2415,162961,42,5,2,28,,2345,13,0,0,0.6,45,16,282,13,14,9,3,9,0,17,0.0,0.0,0.08,8,0,0,12,3,13,30,0.6,1.86
2415,2416,163086,20,1,1,38,,2346,10,1,0,0.5,75,66,779,5,32,27,64,27,0,26,0.05,0.0,0.02,13,1,1,26,1,57,28,0.5,0.58
2416,2417,163086,20,4,1,73,,2347,13,1,0,0.2,14,5,95,2,14,1,11,3,0,7,0.28,0.0,0.04,5,1,0,2,0,8,7,0.2,0.84
2417,2418,163216,106,2,2,28,,2348,10,1,1,2.3,93,30,494,20,64,25,49,41,0,49,0.04,0.04,0.1,30,2,0,28,1,27,47,2.3,1.05
2418,2419,163222,42,1,5,41,184,2349,12,11,3,8.1,51,44,662,25,40,3,9,15,0,21,0.42,0.12,0.31,9,14,0,21,5,40,82,8.1,1.81
2419,2420,163222,42,1,5,41,185,2349,12,11,3,8.1,51,44,662,25,40,3,9,15,0,21,0.42,0.12,0.31,9,14,0,21,5,40,82,8.1,1.81
2420,2421,163222,42,1,5,41,186,2349,12,11,3,8.1,51,44,662,25,40,3,9,15,0,21,0.42,0.12,0.31,9,14,0,21,5,40,82,8.1,1.81
2421,2422,163222,67,2,5,5,420,2350,13,3,3,3.1,25,27,299,10,12,3,5,9,0,15,0.28,0.28,0.29,4,6,0,10,0,20,30,2.3,1.84
2422,2423,163222,67,2,5,5,421,2350,13,3,3,3.1,25,27,299,10,12,3,5,9,0,15,0.28,0.28,0.29,4,6,0,10,0,20,30,2.3,1.84
2423,2424,163222,67,3,4,78,663,2351,14,3,3,2.1,51,23,360,19,13,7,5,9,0,13,0.2,0.2,0.14,5,6,0,13,0,23,37,2.1,1.48
2424,2425,163222,67,4,3,6,,2352,15,2,2,4.0,30,26,330,23,15,4,11,11,0,16,0.13,0.13,0.26,6,4,0,9,6,19,48,4.0,1.78
2425,2426,163222,67,5,3,23,,2353,16,2,1,3.5,10,11,211,9,9,2,5,11,0,13,0.15,0.08,0.27,4,3,0,6,1,12,16,3.5,1.23
2426,2427,163222,67,6,5,17,,2354,17,1,2,1.0,17,7,187,8,17,3,9,10,0,15,0.12,0.24,0.12,7,3,0,6,0,7,19,1.0,1.43
2427,2428,163532,100,1,7,9,,2355,12,1,1,0.5,98,87,863,11,46,31,68,26,1,41,0.04,0.04,0.02,19,2,1,28,0,69,44,0.5,0.3
2428,2429,163532,100,2,1,25,,2356,13,0,1,0.8,93,75,827,10,47,25,64,27,0,50,0.0,0.04,0.03,23,1,1,34,0,52,31,0.8,0.18
2429,2430,163532,100,5,1,17,,2357,16,0,1,0.5,83,28,953,16,49,25,81,30,0,60,0.0,0.03,0.02,29,1,1,29,0,21,29,0.5,0.15
2430,2431,163582,119,3,8,86,,2358,13,1,4,0.7,97,34,842,23,39,17,41,30,0,45,0.04,0.16,0.03,29,5,0,21,0,27,46,0.7,0.58
2431,2432,163744,37,1,1,9,,2359,9,1,0,1.0,54,11,601,5,25,37,96,25,0,28,0.05,0.0,0.05,16,1,2,55,0,8,15,1.0,0.37
2432,2433,163744,37,2,1,20,,2360,10,1,3,1.0,81,17,933,8,44,31,120,38,1,46,0.04,0.11,0.04,24,4,2,49,2,8,17,1.0,0.22
2433,2434,163744,37,3,1,67,,2361,11,0,0,0.8,65,17,860,6,34,28,64,25,0,38,0.0,0.0,0.05,17,0,2,20,0,10,17,0.8,0.35
2434,2435,164055,15,1,1,17,,2362,9,0,3,0.5,64,47,831,16,55,35,63,27,0,46,0.0,0.15,0.02,28,3,1,25,1,42,35,0.5,0.31
2435,2436,164108,106,2,1,87,,2363,11,0,0,0.3,54,32,406,15,18,17,48,13,0,16,0.0,0.0,0.02,9,0,1,11,0,20,34,0.3,0.71
2436,2437,164230,127,1,4,3,,2364,12,3,1,3.1,91,66,603,43,32,19,4,12,0,19,0.16,0.05,0.17,5,4,0,19,0,47,82,3.1,1.51
2437,2438,164771,70,1,2,10,,2365,10,5,3,5.9,293,69,1528,77,64,46,54,33,1,52,0.15,0.09,0.18,21,8,2,25,4,50,138,1.2,0.98
2438,2439,164771,5,2,2,11,422,2366,11,6,0,4.9,207,50,1441,41,36,18,31,35,0,43,0.21,0.0,0.17,14,6,1,7,2,55,85,1.0,0.82
2439,2440,164771,5,2,2,11,423,2366,11,6,0,4.9,207,50,1441,41,36,18,31,35,0,43,0.21,0.0,0.17,14,6,1,7,2,55,85,1.0,0.82
2440,2441,164771,5,3,2,11,664,2367,12,10,2,8.1,144,45,1071,25,20,14,21,14,0,33,0.44,0.09,0.37,9,12,3,12,1,33,68,4.1,1.53
2441,2442,164771,5,4,2,22,,2368,13,4,8,4.6,164,49,1215,55,34,27,22,12,0,39,0.16,0.31,0.18,15,12,1,16,2,32,108,3.1,1.05
2442,2443,164771,49,5,2,42,1245,2369,14,4,3,3.9,248,59,1834,36,56,36,40,22,0,53,0.13,0.09,0.12,25,7,2,20,7,62,82,3.1,0.94
2443,2444,164771,49,6,2,37,,2370,15,1,2,2.9,194,53,1049,48,38,13,25,20,0,39,0.04,0.08,0.12,18,3,0,9,6,54,94,2.9,1.48
2444,2445,164771,34,7,2,16,2588,2371,16,1,0,0.9,61,21,392,9,12,1,11,9,0,19,0.11,0.0,0.1,6,1,0,3,1,10,24,0.9,1.1
2445,2446,165007,15,2,4,5,505,2372,10,1,5,2.0,117,93,658,42,22,14,12,9,0,37,0.06,0.28,0.11,10,6,1,5,5,62,64,1.2,0.99
2446,2447,165007,15,3,2,78,,2373,11,0,9,1.1,204,82,1650,46,64,22,15,30,0,94,0.0,0.28,0.03,21,9,2,13,7,80,89,1.1,0.5
2447,2448,165007,15,4,2,41,,2374,12,4,6,2.2,216,100,1639,46,61,16,11,32,0,82,0.13,0.19,0.07,25,10,0,13,19,100,100,2.2,0.7
2448,2449,165007,53,5,4,41,1484,2375,13,0,0,0.5,43,26,331,16,26,5,4,11,0,45,0.0,0.0,0.05,13,0,0,4,2,20,34,0.5,0.38
2449,2450,165007,43,7,8,17,,2376,15,0,1,0.5,8,8,69,5,3,1,1,2,0,3,0.0,0.38,0.19,2,1,0,1,0,6,12,0.5,1.13
2450,2451,165513,91,1,1,13,,2377,10,1,2,1.0,37,5,946,6,32,34,96,21,0,29,0.05,0.1,0.05,13,3,0,51,0,8,16,1.0,0.5
2451,2452,165513,91,2,1,32,,2378,11,2,1,2.0,93,13,1615,12,42,49,92,21,0,39,0.06,0.03,0.07,22,3,0,104,0,28,31,2.0,0.68
2452,2453,165513,91,3,1,16,,2379,12,0,3,1.7,150,42,1568,21,41,62,89,34,0,34,0.0,0.1,0.06,17,3,1,76,0,52,40,1.7,0.69
2453,2454,165513,91,4,1,42,,2380,13,1,1,1.9,100,19,1192,13,43,31,56,21,0,46,0.04,0.04,0.07,29,2,0,57,0,19,23,1.9,0.72
2454,2455,165513,91,7,1,41,,2381,16,0,0,1.3,56,10,608,4,29,23,42,15,0,18,0.0,0.0,0.1,15,0,1,39,0,13,13,1.3,0.8
2455,2456,165531,110,1,2,3,,2382,11,0,0,0.1,6,0,36,0,1,3,2,1,0,1,0.0,0.0,0.07,0,0,0,1,0,0,1,0.1,2.0
2456,2457,165722,110,1,3,40,,2383,13,0,1,1.4,8,26,67,4,2,3,5,6,0,5,0.0,0.13,0.18,1,1,0,2,0,16,9,1.4,1.67
2457,2458,165793,21,2,5,9,358,2384,9,0,0,0.8,4,8,96,1,3,0,3,3,0,10,0.0,0.0,0.3,2,0,0,2,0,2,3,0.8,2.89
2458,2459,165793,37,3,2,41,665,2385,10,2,0,1.5,15,19,183,5,7,4,9,13,0,19,0.25,0.0,0.18,2,2,0,6,0,16,15,1.5,1.65
2459,2460,165793,37,3,2,41,666,2385,10,2,0,1.5,15,19,183,5,7,4,9,13,0,19,0.25,0.0,0.18,2,2,0,6,0,16,15,1.5,1.65
2460,2461,165793,21,4,5,5,,2386,11,3,0,1.6,5,2,58,2,3,1,2,2,0,8,1.45,0.0,0.79,2,3,0,1,1,1,8,1.6,3.39
2461,2462,165793,13,5,4,5,1644,2387,12,1,3,1.9,28,26,168,10,15,6,4,14,0,35,0.12,0.37,0.23,7,4,0,7,0,12,27,1.9,2.73
2462,2463,165793,13,6,2,20,,2388,13,9,6,5.9,97,48,646,34,34,11,8,29,0,54,0.38,0.26,0.25,16,15,0,6,12,44,74,5.9,2.55
2463,2464,165793,13,7,4,16,,2389,14,1,1,3.2,43,19,200,20,11,4,8,9,0,13,0.09,0.09,0.3,3,2,0,10,9,12,37,3.2,2.33
2464,2465,165873,125,1,1,17,,2390,9,0,0,0.8,106,30,1007,11,30,65,129,29,2,21,0.0,0.0,0.03,8,0,0,53,0,14,25,0.8,0.33
2465,2466,165873,109,2,1,3,,2391,10,0,0,0.0,15,3,140,1,12,8,12,5,0,9,0.0,0.0,0.01,7,0,0,7,0,2,6,0.0,0.2
2466,2467,165873,118,3,1,74,,2392,11,0,2,0.8,80,23,1095,13,31,48,94,39,0,35,0.0,0.07,0.03,21,2,4,22,0,22,29,0.8,0.44
2467,2468,166237,90,1,2,11,170,2393,9,0,2,0.6,112,10,1179,18,34,14,20,17,0,30,0.0,0.14,0.04,13,2,2,10,8,9,34,0.6,1.01
2468,2469,166237,90,2,2,7,,2394,10,0,0,0.6,106,10,875,5,22,15,7,7,0,29,0.0,0.0,0.06,13,0,0,7,1,15,28,0.6,1.99
2469,2470,166237,90,3,2,11,,2395,11,1,2,1.1,144,22,1331,11,30,17,13,17,1,39,0.07,0.14,0.08,19,3,1,10,2,24,33,1.1,1.66
2470,2471,166237,90,4,2,11,,2396,12,1,2,0.4,55,6,896,7,23,10,5,10,0,24,0.11,0.21,0.04,12,3,2,5,1,8,19,0.4,0.86
2471,2472,166237,5,6,2,5,1760,2397,14,3,5,3.3,214,36,1880,27,57,29,43,26,1,77,0.1,0.17,0.11,33,8,1,14,3,36,80,1.0,0.99
2472,2473,166237,5,7,2,20,,2398,15,1,1,1.0,28,3,327,8,10,8,5,4,0,7,0.23,0.23,0.22,4,2,1,1,2,7,18,0.2,1.37
2473,2474,166240,25,1,5,57,,2399,9,2,0,2.7,15,17,249,13,15,9,13,8,0,7,0.15,0.0,0.2,3,2,0,23,0,11,31,2.7,1.97
2474,2475,166601,86,1,1,22,,2400,7,2,0,1.5,198,31,2385,6,28,40,83,23,0,25,0.07,0.0,0.05,18,2,0,81,1,30,33,1.5,0.68
2475,2476,166601,86,2,1,55,,2401,8,0,1,0.6,34,5,566,2,10,8,22,8,0,5,0.0,0.14,0.08,4,1,1,15,1,5,6,0.6,0.84
2476,2477,166601,86,3,1,113,,2402,9,1,0,1.0,129,36,1203,7,32,21,36,24,0,21,0.06,0.0,0.06,13,1,1,25,0,30,26,1.0,1.2
2477,2478,166601,86,4,1,92,,2403,10,1,2,1.3,140,31,1586,10,29,28,49,16,0,24,0.05,0.1,0.07,18,3,0,40,1,21,28,1.3,0.78
2478,2479,166601,63,5,1,22,1606,2404,11,2,3,2.2,137,37,1677,17,25,17,53,28,0,23,0.08,0.13,0.09,14,5,0,32,1,36,41,2.2,1.4
2479,2480,166601,63,6,1,22,,2405,12,1,0,0.4,83,19,1401,5,18,25,58,25,0,16,0.06,0.0,0.03,11,1,2,22,0,13,17,0.4,0.42
2480,2481,166601,63,7,1,16,,2406,14,0,0,0.5,23,3,435,1,5,1,26,3,0,5,0.0,0.0,0.09,4,0,0,9,0,1,5,0.5,0.92
2481,2482,166677,47,4,1,2,,2407,12,1,0,1.8,65,31,654,19,33,28,63,17,0,23,0.04,0.0,0.07,12,1,0,21,1,33,45,1.0,0.78
2482,2483,166677,53,5,1,28,1485,2408,13,1,7,0.6,80,48,688,34,47,22,67,26,0,26,0.04,0.26,0.02,17,8,0,17,0,19,53,0.6,0.56
2483,2484,166677,53,7,1,23,,2409,15,0,1,0.2,30,16,250,12,12,7,19,6,0,12,0.0,0.11,0.02,4,1,0,2,0,7,18,0.2,0.55
2484,2485,167329,65,1,3,16,79,2410,10,12,4,10.4,63,65,450,33,14,3,15,17,0,22,0.43,0.14,0.38,5,16,2,36,1,27,78,10.3,2.98
2485,2486,167329,65,2,3,43,,2411,11,10,10,12.1,70,61,519,39,16,9,7,21,2,28,0.42,0.42,0.51,8,20,0,28,10,39,88,11.3,3.19
2486,2487,167329,65,3,3,75,,2412,12,6,1,5.7,75,55,495,28,19,5,7,1,0,20,0.3,0.05,0.29,5,7,0,27,4,28,76,5.7,3.09
2487,2488,167329,65,4,4,43,,2413,13,10,6,8.0,133,52,561,55,18,4,9,9,0,20,0.43,0.26,0.36,7,16,0,14,20,34,105,5.7,2.57
2488,2489,167329,65,5,3,16,,2414,14,2,9,5.0,94,41,529,32,16,12,14,23,0,26,0.1,0.46,0.25,8,11,0,14,14,32,67,3.4,1.37
2489,2490,167329,65,6,5,41,,2415,15,7,4,7.0,115,56,541,36,17,2,6,11,0,15,0.33,0.19,0.33,7,11,0,15,13,44,77,6.2,2.68
2490,2491,167329,65,7,4,25,,2416,16,6,1,4.0,65,32,317,14,4,2,3,5,0,5,0.52,0.09,0.35,2,7,1,7,12,22,40,4.0,1.92
2491,2492,167444,122,1,7,63,,2417,10,2,0,2.7,36,20,316,9,25,19,17,19,0,23,0.16,0.0,0.21,8,2,1,37,0,24,33,2.7,2.24
2492,2493,167472,140,5,2,17,,2418,16,0,0,0.6,49,17,384,11,22,15,6,6,0,13,0.0,0.0,0.05,7,0,1,12,2,11,29,0.6,1.5
2493,2494,167491,106,2,1,13,,2419,11,0,3,0.5,215,103,1412,41,83,58,107,40,0,106,0.0,0.09,0.02,50,3,0,34,2,78,72,0.5,0.37
2494,2495,167491,27,4,1,87,995,2420,13,0,0,0.1,14,11,96,2,6,3,12,5,0,9,0.0,0.0,0.04,3,0,0,3,0,4,6,0.1,0.52
2495,2496,167491,27,4,1,87,996,2420,13,0,0,0.1,14,11,96,2,6,3,12,5,0,9,0.0,0.0,0.04,3,0,0,3,0,4,6,0.1,0.52
2496,2497,167491,27,6,1,74,,2421,15,0,1,0.8,88,69,611,20,50,23,35,27,0,46,0.0,0.04,0.03,15,1,0,16,1,44,59,0.8,0.33
2497,2498,167796,23,1,8,9,,2422,10,1,1,2.0,61,37,634,20,46,15,38,28,1,43,0.05,0.05,0.11,13,2,0,46,1,31,49,2.0,1.06
2498,2499,167796,23,2,7,9,,2423,11,1,1,1.5,64,34,683,14,41,10,58,18,0,46,0.07,0.07,0.1,23,2,0,29,1,30,31,1.5,0.87
2499,2500,168933,101,1,2,63,,2424,9,4,2,4.3,88,45,1033,30,39,23,23,29,2,39,0.16,0.08,0.17,9,6,1,29,3,33,61,4.3,1.2
2500,2501,168959,92,2,2,23,,2425,11,1,0,0.1,96,17,837,5,43,23,24,21,0,46,0.05,0.0,0.0,15,1,0,42,0,14,22,0.1,0.05
2501,2502,168959,92,4,2,23,,2426,13,0,0,0.3,25,9,384,7,25,22,16,16,0,20,0.0,0.0,0.03,8,0,2,18,0,11,17,0.3,0.37
2502,2503,168989,62,4,1,14,1096,2427,13,4,5,2.4,117,51,1060,21,60,43,59,44,0,61,0.12,0.15,0.07,36,9,2,34,1,35,61,2.4,0.68
2503,2504,168989,62,5,1,9,,2428,14,2,2,2.5,54,14,597,15,26,31,28,22,0,39,0.11,0.11,0.13,20,4,0,17,0,9,41,2.5,1.01
2504,2505,168989,62,6,1,33,,2429,15,1,3,1.4,54,31,490,16,23,16,37,18,0,28,0.07,0.22,0.1,17,4,0,19,0,16,30,1.4,1.01
2505,2506,169555,124,1,5,13,,2430,8,4,1,5.5,68,13,272,23,21,8,29,23,0,26,0.18,0.05,0.25,5,5,0,200,2,10,44,5.5,1.85
2506,2507,169801,130,6,5,74,,2431,13,1,1,1.4,6,7,110,9,16,1,14,7,0,16,0.21,0.21,0.3,9,2,0,10,0,7,17,1.4,3.37
2507,2508,169880,40,1,6,17,,2432,9,5,3,3.6,241,83,1681,39,66,36,93,34,0,44,0.14,0.08,0.1,24,8,3,37,4,72,82,3.3,0.57
2508,2509,169880,89,2,1,21,424,2433,10,3,3,3.2,204,67,1979,30,59,28,54,27,0,61,0.09,0.09,0.1,32,6,0,59,0,44,76,3.2,0.61
2509,2510,169880,89,3,1,11,,2434,11,3,6,3.8,259,104,2228,48,79,35,64,37,0,75,0.08,0.17,0.11,43,9,1,55,2,59,116,3.8,0.78
2510,2511,169880,89,4,1,75,,2435,12,1,4,1.1,196,66,2008,34,58,38,46,28,0,58,0.03,0.13,0.03,33,5,1,44,3,47,68,1.1,0.6
2511,2512,169880,89,5,1,26,,2436,13,3,4,2.7,256,73,2272,47,60,30,60,30,0,49,0.08,0.11,0.07,25,7,0,41,5,62,111,2.7,0.86
2512,2513,169880,89,6,1,26,,2437,14,1,6,3.1,304,95,2314,51,58,24,45,43,0,68,0.03,0.17,0.09,32,7,0,27,6,63,126,3.1,1.03
2513,2514,169880,89,7,1,10,,2438,16,3,1,2.3,110,25,828,25,38,17,43,6,0,34,0.18,0.06,0.13,24,4,1,25,1,17,44,2.3,0.65
2514,2515,170321,83,1,1,33,,2439,11,0,0,0.3,68,10,625,4,34,37,133,25,0,32,0.0,0.0,0.01,19,0,0,58,0,8,26,0.3,0.41
2515,2516,170321,83,2,1,9,,2440,12,0,0,0.1,31,7,359,4,27,23,69,23,0,27,0.0,0.0,0.0,21,0,0,28,0,9,7,0.1,0.15
2516,2517,170321,83,3,1,67,,2441,13,1,0,0.3,29,2,423,4,16,16,74,12,0,21,0.07,0.0,0.02,13,1,0,39,0,2,8,0.3,0.22
2517,2518,170472,97,1,8,3,80,2442,10,3,2,1.1,39,30,276,15,29,20,38,23,0,22,0.15,0.1,0.05,11,5,0,24,0,31,28,1.1,0.65
2518,2519,170472,97,1,8,3,81,2442,10,3,2,1.1,39,30,276,15,29,20,38,23,0,22,0.15,0.1,0.05,11,5,0,24,0,31,28,1.1,0.65
2519,2520,170472,36,3,1,3,667,2443,12,0,4,0.8,63,49,817,10,35,26,60,24,0,26,0.0,0.14,0.03,15,4,0,20,0,35,39,0.8,0.27
2520,2521,170472,20,6,7,28,,2444,15,0,0,0.6,72,42,766,14,39,16,49,10,0,26,0.0,0.0,0.03,18,0,1,10,1,32,27,0.6,0.34
2521,2522,170472,20,7,1,28,,2445,16,0,0,0.2,26,14,360,2,26,4,23,9,0,20,0.0,0.0,0.02,13,0,1,6,0,15,13,0.2,0.69
2522,2523,170527,93,1,3,55,,2446,7,16,7,17.5,59,104,609,36,18,3,7,18,0,16,0.57,0.25,0.63,3,23,0,9,2,53,91,16.7,3.8
2523,2524,170527,93,2,3,66,,2447,8,28,8,21.2,102,156,756,53,20,5,2,16,0,16,0.9,0.26,0.68,3,36,0,8,2,61,122,18.9,3.86
2524,2525,170527,55,3,5,15,599,2448,9,6,8,11.4,69,103,629,36,20,8,8,23,0,43,0.21,0.28,0.39,7,14,0,10,1,49,89,11.4,2.73
2525,2526,170527,55,4,5,66,,2449,10,4,1,6.8,18,46,297,8,8,2,4,9,0,20,0.28,0.07,0.48,2,5,0,6,3,17,30,6.8,3.16
2526,2527,170527,93,5,5,104,1346,2450,11,9,3,9.1,51,65,505,20,10,7,5,12,0,12,0.42,0.14,0.42,4,12,0,5,4,20,54,9.1,2.83
2527,2528,170527,88,7,5,45,2532,2451,13,0,3,1.0,23,36,125,9,3,1,6,10,0,10,0.0,0.66,0.21,2,3,0,0,2,21,14,1.0,1.76
2528,2529,170961,26,2,1,13,,2452,12,0,0,0.3,47,66,473,12,25,15,28,17,0,21,0.0,0.0,0.02,12,0,0,6,0,55,24,0.3,0.5
2529,2530,170961,26,3,6,74,,2453,13,3,2,1.7,43,98,601,12,32,24,30,22,0,35,0.15,0.1,0.09,20,5,1,8,0,69,29,1.7,0.91
2530,2531,170961,26,4,1,40,,2454,14,1,2,1.0,73,110,849,28,48,27,31,20,0,42,0.04,0.08,0.04,22,3,0,7,3,74,50,1.0,0.7
2531,2532,170961,14,5,7,3,1404,2455,15,0,2,0.4,21,38,356,9,28,16,9,8,0,26,0.0,0.17,0.03,13,2,0,11,1,27,23,0.4,0.51
2532,2533,170961,14,6,7,74,,2456,16,1,1,1.7,52,63,638,26,38,17,51,18,0,42,0.04,0.04,0.07,20,2,0,17,2,45,49,1.7,0.53
2533,2534,170966,2,5,7,3,1373,2457,14,1,1,0.6,24,22,174,3,6,9,8,10,0,4,0.12,0.12,0.07,3,2,0,2,0,14,10,0.6,1.45
2534,2535,170966,2,6,4,17,,2458,15,0,0,0.2,10,14,70,3,1,0,1,1,0,3,0.0,0.0,0.1,1,0,0,1,0,9,7,0.2,2.66
2535,2536,171209,4,4,3,3,,2459,13,9,5,9.1,87,51,524,35,46,11,3,27,0,72,0.29,0.16,0.29,21,14,1,16,5,43,80,5.1,1.94
2536,2537,171362,120,1,1,28,,2460,9,0,0,0.1,15,3,192,1,23,12,40,2,0,15,0.0,0.0,0.01,8,0,0,25,0,1,2,0.1,0.23
2537,2538,171399,42,1,1,14,,2461,8,0,5,0.4,203,66,1499,31,83,41,99,50,0,54,0.0,0.15,0.01,41,5,0,41,0,49,58,0.4,0.49
2538,2539,171399,42,2,1,25,,2462,9,0,0,0.6,95,52,674,17,40,27,58,22,1,41,0.0,0.0,0.03,21,0,0,32,0,32,50,0.6,0.32
2539,2540,171399,16,3,1,114,,2463,10,0,0,0.4,26,15,231,3,9,12,24,11,0,5,0.0,0.0,0.07,3,0,0,10,0,11,14,0.4,0.79
2540,2541,171399,42,4,1,33,,2464,11,1,0,0.1,32,20,303,6,22,7,20,17,0,13,0.09,0.0,0.01,8,1,1,11,1,11,13,0.1,0.27
2541,2542,173504,56,1,1,6,,2465,10,3,1,3.3,105,4,792,6,71,42,240,72,0,50,0.09,0.03,0.1,29,4,2,164,0,4,27,3.3,0.64
2542,2543,173504,56,2,1,10,,2466,11,2,2,2.1,83,2,960,15,66,63,204,63,0,54,0.05,0.05,0.06,31,4,4,196,0,4,33,2.1,0.55
2543,2544,173504,56,3,1,11,,2467,12,1,0,3.4,83,4,889,12,66,44,163,54,0,49,0.03,0.0,0.09,25,1,1,165,0,7,29,3.4,0.61
2544,2545,173504,56,4,1,26,,2468,13,1,2,2.5,97,3,816,10,65,48,186,75,0,47,0.03,0.06,0.07,33,3,4,153,1,6,28,2.5,0.64
2545,2546,173504,22,5,1,42,1645,2469,14,1,1,3.1,106,13,1322,15,51,51,201,99,0,39,0.03,0.03,0.08,20,2,3,120,3,3,23,3.1,0.84
2546,2547,173504,22,6,1,10,,2470,15,1,1,2.6,130,15,1195,22,61,56,191,82,0,48,0.03,0.03,0.07,27,2,2,140,1,12,44,2.6,0.66
2547,2548,173504,22,7,1,47,,2471,17,0,0,0.7,31,2,481,9,36,15,92,27,0,28,0.0,0.0,0.05,17,0,2,48,0,4,22,0.7,0.57
2548,2549,173859,55,1,1,11,,2472,11,0,0,0.1,3,5,74,1,0,3,5,0,0,1,0.0,0.0,0.06,0,0,0,3,0,2,3,0.1,1.41
2549,2550,173859,27,3,1,5,668,2473,13,4,2,2.6,38,88,859,12,33,18,41,17,0,30,0.18,0.09,0.11,15,6,0,14,0,47,50,2.6,1.8
2550,2551,173859,27,3,1,5,669,2473,13,4,2,2.6,38,88,859,12,33,18,41,17,0,30,0.18,0.09,0.11,15,6,0,14,0,47,50,2.6,1.8
2551,2552,173859,91,4,1,20,1070,2474,14,1,5,2.1,99,94,1238,33,32,12,22,32,0,37,0.04,0.19,0.08,19,6,0,5,1,61,72,2.1,1.42
2552,2553,173859,91,5,1,21,,2475,15,4,2,1.5,55,48,771,15,34,9,16,23,0,22,0.24,0.12,0.09,15,6,0,2,0,39,39,1.5,1.53
2553,2554,173859,91,6,1,25,,2476,16,2,1,2.2,78,67,881,17,30,5,19,29,0,34,0.1,0.05,0.11,16,3,0,9,0,33,49,2.2,1.78
2554,2555,173859,91,7,1,6,,2477,17,2,2,0.6,40,23,349,11,6,2,7,9,0,13,0.23,0.23,0.07,6,4,0,2,1,9,23,0.6,1.86
2555,2556,173900,72,1,5,41,,2478,9,1,2,2.4,37,67,364,17,18,9,6,15,0,23,0.07,0.13,0.16,7,3,0,10,3,47,38,2.4,1.68
2556,2557,173900,45,3,4,41,,2479,11,3,3,2.2,28,47,242,8,25,3,5,11,0,32,0.23,0.23,0.17,11,6,1,4,1,17,19,2.2,1.25
2557,2558,174094,49,1,2,10,,2480,8,5,3,2.3,147,72,1089,22,70,42,8,40,0,77,0.19,0.11,0.08,21,8,1,23,9,71,67,2.3,1.35
2558,2559,174094,49,2,2,26,,2481,9,5,4,3.8,89,96,719,31,60,23,9,39,0,52,0.21,0.17,0.16,13,9,0,13,3,69,83,3.8,1.62
2559,2560,174094,75,6,2,6,2255,2482,13,2,3,3.3,75,57,630,43,26,20,16,34,0,31,0.09,0.14,0.15,12,5,0,8,4,51,74,3.3,1.88
2560,2561,174094,75,6,2,6,2256,2482,13,2,3,3.3,75,57,630,43,26,20,16,34,0,31,0.09,0.14,0.15,12,5,0,8,4,51,74,3.3,1.88
2561,2562,174196,14,1,6,23,,2483,11,5,9,3.1,189,132,1666,61,78,28,62,26,0,53,0.15,0.26,0.09,30,14,2,24,7,114,103,1.3,0.62
2562,2563,174196,14,2,7,24,,2484,12,2,1,3.2,97,94,1009,30,29,20,40,14,0,27,0.09,0.04,0.14,11,3,1,16,2,69,60,1.6,0.75
2563,2564,174196,14,3,1,78,670,2485,13,3,2,2.7,88,48,806,28,22,23,33,12,0,22,0.15,0.1,0.13,11,5,1,19,1,46,56,0.4,0.39
2564,2565,174196,61,5,1,23,1607,2486,15,0,2,0.4,61,24,660,24,36,21,28,15,0,38,0.0,0.13,0.02,22,2,0,8,2,22,40,0.4,0.76
2565,2566,174196,61,6,1,17,,2487,16,2,3,0.5,200,45,1713,35,78,28,75,27,0,56,0.06,0.09,0.01,30,5,1,7,0,51,98,0.5,0.42
2566,2567,174196,61,7,1,23,,2488,18,2,1,2.0,49,23,582,13,33,11,26,18,0,36,0.17,0.08,0.17,23,3,0,2,1,16,23,0.4,0.25
2567,2568,174304,140,5,5,44,,2489,21,0,1,0.1,8,2,41,3,2,0,5,3,0,2,0.0,0.8,0.07,1,1,0,7,0,2,5,0.1,3.19
2568,2569,175014,61,4,4,40,,2490,14,3,2,2.8,42,36,271,18,2,7,4,5,0,9,0.33,0.22,0.31,2,5,0,5,4,29,36,1.9,1.75
2569,2570,175014,139,5,4,3,,2491,15,6,3,6.2,55,32,328,21,18,5,4,10,0,20,0.47,0.23,0.48,8,9,0,7,5,24,47,1.8,2.11
2570,2571,175323,92,2,1,13,,2492,15,0,0,0.6,9,3,196,0,12,6,29,7,0,4,0.0,0.0,0.12,3,0,0,10,0,0,4,0.6,0.74
2571,2572,175323,92,3,1,129,,2493,16,1,0,0.8,52,6,1028,4,22,36,97,23,0,18,0.04,0.0,0.03,10,1,1,71,1,5,13,0.8,0.31
2572,2573,175323,92,4,1,71,,2494,17,2,0,1.2,44,1,807,3,18,24,102,18,0,23,0.1,0.0,0.06,8,2,0,67,0,0,9,1.2,0.96
2573,2574,175449,120,1,2,3,12,2495,9,2,7,2.1,180,52,1210,51,42,28,27,27,0,46,0.06,0.21,0.06,11,9,0,21,2,45,103,2.1,0.74
2574,2575,175449,43,2,5,9,278,2496,10,5,4,3.2,93,66,911,28,30,25,23,22,0,33,0.19,0.16,0.12,11,9,0,13,2,40,78,3.2,1.4
2575,2576,175449,43,3,4,106,,2497,11,4,0,3.8,116,71,1091,31,21,11,16,20,0,35,0.14,0.0,0.13,14,4,0,7,3,57,66,3.0,0.77
2576,2577,175449,43,4,4,20,,2498,12,2,2,2.6,71,26,474,19,15,6,6,5,0,17,0.14,0.14,0.18,5,4,0,11,4,20,42,2.6,0.91
2577,2578,175449,77,5,4,20,1486,2499,13,3,2,1.8,184,37,1314,53,26,10,5,15,0,32,0.11,0.07,0.06,15,5,1,7,1,48,94,1.8,0.7
2578,2579,175449,77,6,4,41,,2500,14,3,0,1.7,127,36,953,24,30,11,22,15,0,24,0.13,0.0,0.08,9,3,0,13,0,25,60,1.7,0.85
2579,2580,175639,84,3,1,17,618,2501,12,3,6,1.7,113,102,988,51,43,45,46,24,0,38,0.11,0.21,0.06,17,9,0,18,0,69,99,1.7,1.21
2580,2581,175639,84,4,1,3,,2502,13,5,11,3.0,140,110,1243,74,63,73,51,43,0,55,0.15,0.33,0.09,22,16,0,16,4,77,142,3.0,1.18
2581,2582,175639,49,5,1,5,1296,2503,14,2,9,4.2,121,83,1091,49,46,31,40,29,0,52,0.07,0.31,0.15,23,11,2,10,8,51,101,4.2,1.67
2582,2583,175639,49,6,1,24,,2504,15,3,4,1.3,137,59,1153,46,47,36,46,17,1,49,0.13,0.17,0.06,26,7,0,12,1,62,76,1.3,1.22
2583,2584,175639,75,7,7,5,2589,2505,17,1,3,0.7,39,25,344,15,27,19,30,12,0,26,0.11,0.32,0.07,16,4,0,6,1,14,30,0.7,0.95
2584,2585,175722,88,1,8,7,,2506,9,3,0,1.0,95,18,923,8,26,21,46,27,0,47,0.18,0.0,0.06,19,3,1,35,5,19,22,1.0,0.54
2585,2586,175722,88,2,7,7,,2507,10,0,2,0.9,37,4,738,7,21,21,65,14,0,20,0.0,0.13,0.06,10,2,0,66,3,5,13,0.9,0.54
2586,2587,175722,88,3,1,26,,2508,11,0,0,1.2,65,21,1493,6,23,23,123,37,0,18,0.0,0.0,0.04,11,0,3,85,1,7,24,1.2,0.5
2587,2588,175722,88,4,1,26,,2509,12,0,0,1.2,103,13,2056,7,15,27,142,37,0,14,0.0,0.0,0.04,7,0,1,70,5,13,30,1.2,0.38
2588,2589,175722,88,5,1,49,,2510,13,2,1,1.6,87,9,1708,7,30,35,112,41,0,19,0.06,0.03,0.05,9,3,2,80,2,9,29,1.6,0.54
2589,2590,176140,95,2,1,3,,2511,10,2,0,1.0,40,2,671,2,22,32,116,23,1,29,0.08,0.0,0.04,13,2,0,87,0,2,3,1.0,0.25
2590,2591,176140,95,3,1,82,,2512,11,1,0,0.6,3,1,127,3,5,7,23,2,0,4,0.19,0.0,0.11,3,1,1,14,0,1,4,0.6,0.77
2591,2592,176140,133,5,1,3,,2513,13,0,1,1.0,52,6,1197,6,30,31,203,46,1,25,0.0,0.03,0.03,18,1,1,79,2,8,21,1.0,0.54
2592,2593,176553,18,1,1,26,,2514,9,3,3,3.0,294,94,2804,13,42,39,98,16,0,34,0.09,0.09,0.09,22,6,2,76,0,81,40,3.0,0.77
2593,2594,176553,18,2,1,18,,2515,10,1,0,0.5,112,23,1067,3,13,20,26,6,0,9,0.08,0.0,0.04,4,1,1,24,0,18,12,0.5,0.33
2594,2595,176553,18,3,1,55,,2516,11,0,0,0.8,99,28,1169,4,13,11,28,12,0,11,0.0,0.0,0.05,7,0,0,41,0,14,11,0.8,0.4
2595,2596,176553,18,4,1,8,,2517,12,4,0,4.9,271,51,2782,9,33,20,64,15,1,20,0.13,0.0,0.16,14,4,2,52,4,49,40,4.9,1.11
2596,2597,176553,18,5,1,65,,2518,13,0,0,0.5,85,30,892,5,11,3,30,10,0,11,0.0,0.0,0.04,7,0,1,24,1,44,17,0.5,0.91
2597,2598,177046,95,1,1,13,,2519,7,0,0,0.7,105,34,814,25,72,57,130,46,1,64,0.0,0.0,0.02,34,0,1,51,0,31,55,0.7,0.75
2598,2599,177046,95,2,1,9,,2520,8,0,1,1.1,107,29,912,13,61,47,71,30,0,60,0.0,0.03,0.04,34,1,0,55,0,24,40,1.1,0.64
2599,2600,177046,95,3,1,106,,2521,9,1,1,1.4,111,27,938,29,55,66,72,44,1,52,0.04,0.04,0.05,23,2,0,45,1,21,62,1.4,0.5
2600,2601,177046,95,4,1,52,,2522,10,0,4,0.4,85,35,897,22,76,57,82,40,1,85,0.0,0.14,0.01,43,4,0,54,1,31,58,0.4,0.31
2601,2602,177046,95,6,1,28,,2523,12,2,1,0.7,81,16,566,17,39,23,69,21,0,31,0.1,0.05,0.03,21,3,0,27,0,15,32,0.7,0.72
2602,2603,177065,25,1,3,14,,2524,10,3,0,2.5,4,13,113,2,10,3,12,9,0,6,0.31,0.0,0.25,1,3,0,36,0,11,13,2.5,1.94
2603,2604,177065,17,4,3,3,,2525,13,0,0,0.2,2,0,25,3,1,0,1,2,0,1,0.0,0.0,0.12,0,0,0,7,0,1,4,0.2,1.53
2604,2605,177452,47,2,3,2,,2526,11,0,0,1.5,5,1,46,1,1,0,1,1,0,1,0.0,0.0,0.49,0,0,0,12,0,4,4,0.7,3.23
2605,2606,177452,47,4,3,30,,2527,13,3,0,1.5,17,4,104,10,2,1,6,5,0,5,0.42,0.0,0.21,1,3,0,31,0,5,18,1.5,2.53
2606,2607,177452,47,6,5,74,,2528,15,6,1,3.2,26,9,132,14,6,2,12,6,0,5,0.43,0.07,0.23,3,7,0,39,5,9,23,3.2,2.34
2607,2608,177467,43,1,3,5,13,2529,11,8,1,12.0,88,44,539,38,22,9,39,23,0,27,0.31,0.04,0.47,8,9,0,59,5,32,73,11.2,2.72
2608,2609,177467,43,2,5,70,,2530,12,18,5,15.3,105,55,735,49,19,10,51,19,0,46,0.59,0.16,0.5,5,23,0,53,9,43,97,13.7,2.85
2609,2610,177467,43,3,3,37,,2531,13,23,7,18.9,132,49,757,44,24,15,26,17,0,34,0.77,0.24,0.63,7,30,0,62,19,54,100,11.1,2.93
2610,2611,177467,43,4,3,43,,2532,14,9,3,7.4,67,29,309,30,5,6,14,6,0,7,0.68,0.23,0.56,1,12,0,18,10,20,47,5.8,2.72
2611,2612,177467,43,5,3,7,,2533,15,7,3,9.0,68,21,353,19,11,5,10,6,0,6,0.51,0.22,0.66,3,10,0,19,5,20,48,7.5,3.0
2612,2613,177467,43,6,3,43,,2534,16,10,6,9.7,155,48,779,53,25,9,24,24,0,25,0.41,0.24,0.39,11,16,0,27,10,41,100,7.3,2.44
2613,2614,177467,43,7,3,24,,2535,17,2,1,2.8,23,2,118,8,5,2,1,0,0,5,0.48,0.24,0.66,3,3,0,8,0,3,20,1.2,4.08
2614,2615,177476,100,1,1,16,,2536,8,4,0,3.4,98,20,1491,7,66,32,241,51,0,35,0.11,0.0,0.09,22,4,0,86,1,18,24,3.4,0.66
2615,2616,177476,100,2,1,49,,2537,9,2,2,3.0,81,12,1079,7,31,36,152,40,0,23,0.07,0.07,0.11,14,4,0,60,1,5,14,3.0,0.9
2616,2617,177476,18,3,1,49,671,2538,10,1,0,0.3,52,12,709,1,10,9,23,2,0,4,0.11,0.0,0.03,3,1,0,24,0,22,5,0.3,0.34
2617,2618,177476,18,4,1,22,,2539,11,2,0,0.7,57,12,796,2,16,8,23,7,0,8,0.2,0.0,0.07,6,2,0,37,1,12,5,0.7,0.49
2618,2619,177476,18,5,1,26,,2540,12,1,0,1.6,140,25,1639,9,26,20,48,20,0,15,0.05,0.0,0.07,11,1,0,36,1,19,24,1.6,0.43
2619,2620,177476,18,6,1,22,,2541,13,2,2,2.5,116,24,1716,10,26,14,54,17,0,20,0.09,0.09,0.11,13,4,0,46,1,43,36,2.5,0.88
2620,2621,177779,94,1,4,9,,2542,9,1,3,1.3,105,30,842,46,71,36,49,31,1,75,0.04,0.12,0.05,30,4,0,52,2,23,91,1.3,1.0
2621,2622,177779,94,2,4,57,,2543,10,2,2,0.6,76,19,739,17,26,25,23,25,1,45,0.1,0.1,0.03,12,4,0,35,1,23,51,0.6,0.68
2622,2623,177779,94,3,4,20,,2544,11,0,0,0.9,19,8,164,2,7,7,9,4,0,15,0.0,0.0,0.17,3,0,0,6,0,12,12,0.9,1.85
2623,2624,177779,94,4,2,20,,2545,12,3,0,1.1,31,4,244,1,14,16,11,11,0,19,0.33,0.0,0.12,7,3,0,16,0,8,7,1.1,1.54
2624,2625,177779,44,5,2,33,1608,2546,13,5,1,3.3,78,21,489,23,29,14,25,35,0,48,0.21,0.04,0.13,17,6,0,38,4,15,60,3.3,1.32
2625,2626,177779,44,6,8,25,,2547,14,1,1,0.9,47,10,412,10,36,12,18,21,0,45,0.07,0.07,0.07,22,2,0,20,0,9,28,0.8,1.11
2626,2627,177779,44,7,7,14,,2548,15,0,0,0.2,21,2,160,0,10,1,8,2,0,18,0.0,0.0,0.03,10,0,0,4,1,2,10,0.2,0.76
2627,2628,177843,67,1,5,11,,2549,8,8,4,8.9,141,106,948,59,38,27,24,31,1,73,0.25,0.13,0.28,15,12,0,23,10,85,144,8.1,3.91
2628,2629,177843,67,2,3,11,,2550,9,14,10,10.7,132,78,876,60,32,33,27,31,1,59,0.51,0.36,0.39,13,24,0,17,12,67,119,8.4,4.22
2629,2630,177843,67,3,3,130,,2551,10,17,7,15.0,164,101,984,58,42,26,34,23,0,62,0.62,0.25,0.55,21,24,0,12,7,59,151,8.7,3.82
2630,2631,177843,67,4,3,22,,2552,11,15,14,11.3,183,77,996,82,32,31,23,39,0,57,0.48,0.45,0.36,15,29,0,18,15,67,170,6.5,3.32
2631,2632,177843,67,5,3,22,,2553,12,12,7,11.4,114,57,614,45,23,19,18,13,0,40,0.58,0.34,0.55,9,19,0,13,6,29,105,5.1,3.62
2632,2633,177843,67,6,3,10,,2554,13,9,3,6.5,83,38,409,27,17,13,9,17,0,21,0.57,0.19,0.41,2,12,0,9,8,26,64,2.6,2.89
2633,2634,177847,96,1,5,41,,2555,8,1,3,2.4,54,72,369,30,11,6,6,7,0,13,0.07,0.22,0.17,3,4,0,3,3,44,69,2.4,2.3
2634,2635,177847,96,2,5,16,,2556,9,3,3,1.9,57,62,316,23,8,7,2,9,0,16,0.23,0.23,0.15,3,6,0,4,4,35,60,1.9,1.85
2635,2636,177847,96,3,5,78,,2557,10,4,5,5.0,67,45,397,23,9,3,4,7,0,8,0.36,0.44,0.44,3,9,0,8,2,39,54,2.6,2.57
2636,2637,177847,96,4,5,41,,2558,11,3,0,4.1,80,65,486,34,17,12,15,15,0,24,0.17,0.0,0.23,9,3,0,10,5,61,78,2.5,2.22
2637,2638,177847,87,6,5,25,,2559,13,0,0,0.6,9,1,70,2,3,1,0,2,0,1,0.0,0.0,0.28,0,0,0,3,0,3,6,0.6,2.8
2638,2639,177847,136,7,4,3,2707,2560,14,0,1,0.3,18,12,115,8,4,0,2,3,0,3,0.0,0.3,0.09,2,1,0,1,5,3,17,0.3,2.09
2639,2640,177847,136,7,4,3,2708,2560,14,0,1,0.3,18,12,115,8,4,0,2,3,0,3,0.0,0.3,0.09,2,1,0,1,5,3,17,0.3,2.09
2640,2641,177907,57,1,1,16,,2561,10,3,0,2.4,190,53,1499,11,31,36,155,32,1,17,0.1,0.0,0.08,11,3,4,118,2,41,45,2.4,1.04
2641,2642,177907,60,2,1,8,506,2562,11,1,1,2.1,171,69,2192,16,37,72,159,31,0,34,0.03,0.03,0.06,18,2,0,173,1,37,39,2.1,0.82
2642,2643,177907,60,3,1,118,,2563,12,2,1,2.3,194,42,1958,7,29,60,122,28,0,29,0.06,0.03,0.07,18,3,4,135,0,41,38,2.2,1.06
2643,2644,177907,60,4,1,7,,2564,13,1,0,1.9,115,22,1353,4,34,32,101,36,1,31,0.04,0.0,0.07,19,1,3,75,0,15,24,1.9,0.82
2644,2645,177907,60,6,1,26,,2565,15,2,2,2.0,73,20,917,6,24,25,83,33,0,22,0.11,0.11,0.11,12,4,1,69,0,13,24,2.0,1.09
2645,2646,178187,50,1,5,13,,2566,10,0,0,0.2,5,4,22,3,1,0,0,1,0,3,0.0,0.0,0.16,0,0,0,6,0,3,4,0.2,1.93
2646,2647,178313,13,1,2,23,82,2567,9,0,1,0.8,64,36,463,8,20,17,12,7,0,16,0.0,0.08,0.07,8,1,0,22,4,24,28,0.8,1.09
2647,2648,178313,35,2,2,25,359,2568,10,1,1,0.7,34,14,260,5,16,15,10,6,1,9,0.14,0.14,0.1,3,2,0,10,1,9,13,0.7,1.43
2648,2649,178313,35,2,2,25,360,2568,10,1,1,0.7,34,14,260,5,16,15,10,6,1,9,0.14,0.14,0.1,3,2,0,10,1,9,13,0.7,1.43
2649,2650,178313,14,4,2,14,1146,2569,12,1,1,1.9,38,16,339,6,16,19,7,8,0,19,0.09,0.09,0.17,5,2,0,14,1,11,23,1.9,1.52
2650,2651,178313,14,4,2,14,1147,2569,12,1,1,1.9,38,16,339,6,16,19,7,8,0,19,0.09,0.09,0.17,5,2,0,14,1,11,23,1.9,1.52
2651,2652,178313,14,5,2,23,1405,2570,13,3,1,1.2,50,25,447,9,34,24,15,25,1,31,0.21,0.07,0.08,12,4,0,26,3,18,28,1.2,1.45
2652,2653,178313,66,7,2,13,2406,2571,15,2,0,1.3,43,11,379,5,34,24,13,21,0,27,0.16,0.0,0.1,15,2,0,19,0,2,18,1.3,1.64
2653,2654,178459,39,1,3,5,,2572,8,3,5,5.2,22,43,275,19,5,1,7,11,0,9,0.16,0.26,0.27,2,8,0,105,1,24,48,5.2,2.28
2654,2655,178459,39,2,3,11,329,2573,9,1,1,2.0,14,16,138,5,6,1,11,7,0,7,0.09,0.09,0.18,4,2,0,73,0,14,18,2.0,1.78
2655,2656,178459,111,3,3,20,672,2574,10,3,1,3.7,15,10,112,8,3,1,7,3,0,6,0.33,0.11,0.41,0,4,0,64,0,2,20,2.9,2.99
2656,2657,178459,39,4,3,9,,2575,11,4,0,4.2,13,10,134,7,5,1,11,6,0,3,0.36,0.0,0.38,1,4,0,58,1,8,16,3.4,2.15
2657,2658,178459,39,5,3,40,1609,2576,12,1,1,1.2,5,3,41,4,2,1,5,3,0,1,0.32,0.32,0.39,0,2,0,22,0,4,8,0.4,1.6
2658,2659,178459,30,6,3,28,,2577,13,6,0,4.8,17,9,144,11,4,0,20,5,0,2,0.43,0.0,0.34,0,6,0,67,0,3,28,4.8,2.35
2659,2660,179635,32,3,2,3,,2578,10,3,1,3.5,93,69,550,28,22,15,2,18,0,25,0.18,0.06,0.21,6,4,0,4,3,60,57,2.7,1.13
2660,2661,179635,32,4,4,3,,2579,11,2,1,2.8,46,33,377,9,20,3,2,12,0,26,0.19,0.09,0.26,11,3,0,10,1,30,29,2.8,2.7
2661,2662,179635,33,5,2,28,1317,2580,12,3,7,1.4,63,19,394,27,31,6,6,22,0,40,0.21,0.48,0.1,12,10,0,7,2,18,44,1.4,1.17
2662,2663,179635,33,6,4,28,,2581,13,0,0,0.5,21,7,156,9,9,7,3,3,0,6,0.0,0.0,0.11,2,0,0,2,0,10,19,0.5,1.4
2663,2664,180337,9,4,5,26,1106,2582,11,1,1,2.9,18,8,79,6,3,0,8,2,0,5,0.25,0.25,0.74,0,2,0,7,3,4,13,2.9,2.76
2664,2665,180337,9,5,5,42,,2583,12,4,1,3.5,32,11,162,14,6,2,14,4,0,7,0.39,0.1,0.34,1,5,0,22,2,8,33,3.5,2.72
2665,2666,180337,5,6,5,5,2185,2584,13,3,0,2.9,14,5,108,8,8,3,6,4,0,8,0.46,0.0,0.44,4,3,1,13,1,9,18,2.9,2.46
2666,2667,180337,5,6,5,5,2186,2584,13,3,0,2.9,14,5,108,8,8,3,6,4,0,8,0.46,0.0,0.44,4,3,1,13,1,9,18,2.9,2.46
2667,2668,181136,89,1,2,50,,2585,9,6,2,5.5,249,134,1789,59,41,20,18,30,0,34,0.19,0.06,0.17,13,8,0,16,6,133,133,5.5,2.5
2668,2669,181136,89,2,2,7,,2586,10,2,4,4.1,282,134,1721,52,26,21,15,28,0,30,0.06,0.12,0.13,12,6,0,15,4,134,145,4.1,2.4
2669,2670,181136,89,3,2,50,,2587,11,8,10,5.3,154,93,1031,56,18,18,12,23,0,20,0.29,0.36,0.19,7,18,0,4,3,76,117,5.3,2.14
2670,2671,181136,89,4,2,158,,2588,12,6,5,3.4,128,50,954,50,19,8,4,13,0,21,0.26,0.22,0.15,6,11,0,3,4,47,92,3.4,1.86
2671,2672,181136,89,5,2,7,,2589,13,3,8,3.5,128,62,1300,84,17,14,7,16,0,25,0.12,0.31,0.14,12,11,0,4,2,75,135,3.5,2.09
2672,2673,181136,89,6,2,22,,2590,14,3,2,2.6,131,38,1037,48,23,9,15,12,0,24,0.14,0.09,0.12,12,5,0,6,5,50,91,1.8,1.36
2673,2674,181136,54,7,2,26,2350,2591,15,2,1,2.1,27,8,246,7,8,0,1,1,0,8,0.54,0.27,0.58,3,3,0,2,2,11,17,0.6,1.63
2674,2675,181378,82,2,3,41,,2592,10,6,5,8.3,77,69,428,24,21,7,32,21,0,38,0.24,0.2,0.33,9,11,1,113,2,58,71,8.3,2.57
2675,2676,181378,82,3,5,20,,2593,11,16,8,11.4,71,81,575,37,43,16,25,29,0,60,0.44,0.22,0.31,16,24,1,134,1,60,85,11.2,2.74
2676,2677,181378,82,4,3,47,887,2594,12,3,0,1.6,7,7,57,4,2,5,5,3,0,4,0.79,0.0,0.43,2,3,0,17,1,5,10,1.6,3.7
2677,2678,181378,75,5,3,10,1406,2595,13,13,3,11.8,53,54,471,44,45,9,13,27,0,40,0.47,0.11,0.42,18,16,0,48,3,40,76,11.0,2.66
2678,2679,181378,75,6,5,37,,2596,14,5,2,7.7,46,33,366,27,18,6,8,20,0,30,0.24,0.09,0.36,11,7,1,32,0,24,52,6.1,2.93
2679,2680,181378,75,7,3,41,,2597,15,3,2,2.8,9,10,81,2,6,2,3,5,0,10,0.69,0.46,0.64,4,5,0,9,1,4,9,2.0,4.16
2680,2681,181547,7,1,3,3,107,2598,8,3,1,2.5,6,7,59,4,3,0,1,8,0,2,0.69,0.23,0.57,1,4,0,18,2,4,12,2.5,4.38
2681,2682,181547,7,2,3,6,,2599,9,7,3,8.1,38,26,195,22,9,1,11,9,0,13,0.49,0.21,0.57,3,10,0,49,1,17,42,7.4,3.51
2682,2683,181547,112,3,3,5,673,2600,10,1,1,1.6,11,12,98,3,8,1,3,4,0,16,0.12,0.12,0.19,4,2,0,19,2,13,14,1.6,2.64
2683,2684,181547,112,3,3,5,674,2600,10,1,1,1.6,11,12,98,3,8,1,3,4,0,16,0.12,0.12,0.19,4,2,0,19,2,13,14,1.6,2.64
2684,2685,181547,7,4,3,32,,2601,11,3,0,3.5,18,7,99,6,4,1,4,2,0,3,0.52,0.0,0.61,1,3,0,18,0,4,14,1.9,4.71
2685,2686,181547,15,5,5,33,1318,2602,12,2,0,1.9,11,7,98,6,8,0,4,9,1,7,0.27,0.0,0.26,2,2,0,29,1,5,18,1.9,4.08
2686,2687,181547,33,6,5,28,1813,2603,13,3,1,3.0,21,9,111,9,8,0,7,5,0,6,0.42,0.14,0.41,3,4,0,20,1,6,30,3.0,5.26
2687,2688,181547,33,6,5,28,1814,2603,13,3,1,3.0,21,9,111,9,8,0,7,5,0,6,0.42,0.14,0.41,3,4,0,20,1,6,30,3.0,5.26
2688,2689,181579,37,1,8,16,,2604,8,7,0,3.4,61,15,613,46,36,27,59,30,0,43,0.32,0.0,0.16,14,7,0,21,0,19,72,2.7,1.39
2689,2690,181579,37,2,8,10,,2605,9,5,3,7.3,170,17,1444,62,92,60,75,48,0,94,0.13,0.08,0.19,39,8,1,69,2,36,116,4.8,1.42
2690,2691,181579,37,3,2,109,,2606,10,8,7,5.7,189,34,2173,60,75,42,60,36,0,70,0.21,0.18,0.15,29,15,0,47,1,46,105,2.5,1.03
2691,2692,181579,37,4,2,49,,2607,11,10,5,5.4,189,21,1657,71,41,40,45,43,1,70,0.28,0.14,0.15,19,15,1,27,5,29,132,2.2,1.43
2692,2693,181579,37,5,2,50,,2608,12,9,4,5.7,189,19,1716,74,65,55,48,30,0,61,0.24,0.11,0.15,21,13,0,44,2,27,127,2.5,1.07
2693,2694,181579,64,6,2,93,1719,2609,13,7,7,6.0,144,18,1386,64,45,38,49,31,0,44,0.21,0.21,0.18,18,14,0,26,2,26,116,4.4,1.26
2694,2695,181768,110,2,2,33,517,2610,10,0,4,1.3,104,40,762,29,61,50,51,53,0,112,0.0,0.15,0.05,30,4,1,36,1,41,69,1.3,1.3
2695,2696,181768,110,2,2,33,518,2610,10,0,4,1.3,104,40,762,29,61,50,51,53,0,112,0.0,0.15,0.05,30,4,1,36,1,41,69,1.3,1.3
2696,2697,181768,110,3,2,108,675,2611,11,7,3,3.4,116,51,845,36,51,31,40,35,0,66,0.29,0.12,0.14,29,10,1,29,1,38,72,2.6,1.32
2697,2698,181768,27,4,4,38,1116,2612,12,0,0,0.6,17,7,171,2,20,13,5,17,0,32,0.0,0.0,0.08,13,0,1,13,0,8,7,0.6,1.32
2698,2699,181768,110,7,2,3,,2613,15,1,1,0.9,39,15,214,13,16,4,2,10,0,19,0.16,0.16,0.15,8,2,1,8,1,18,18,0.1,0.94
2699,2700,181778,80,1,9,11,,2614,4,0,0,0.2,13,7,155,4,9,7,12,6,0,10,0.0,0.0,0.05,3,0,0,3,0,6,7,0.2,0.85
2700,2701,181778,80,2,1,16,,2615,5,3,6,1.8,108,90,1265,28,74,31,57,30,0,79,0.1,0.19,0.06,36,9,1,63,3,67,59,1.8,0.82
2701,2702,181778,80,3,1,75,,2616,6,1,4,1.5,132,91,1533,33,91,61,102,33,1,78,0.03,0.12,0.05,43,5,2,58,0,63,70,1.5,0.33
2702,2703,181778,88,5,1,24,1407,2617,8,2,1,1.7,80,47,848,9,54,18,75,17,1,40,0.1,0.05,0.09,27,3,0,28,2,32,36,1.7,0.88
2703,2704,181778,88,6,1,5,,2618,9,1,0,0.2,57,21,937,3,36,20,50,23,0,43,0.08,0.0,0.02,21,1,1,15,1,19,21,0.2,0.47
2704,2705,181778,51,7,1,5,,2619,10,0,0,0.3,50,15,662,13,32,13,43,8,0,32,0.0,0.0,0.02,15,0,0,23,0,17,27,0.3,0.56
2705,2706,182574,62,1,2,28,,2620,9,4,7,2.6,117,45,652,31,51,37,13,59,0,44,0.17,0.3,0.11,16,11,0,23,7,29,83,2.6,1.95
2706,2707,182574,62,2,2,6,,2621,10,4,5,3.7,128,56,690,36,63,26,6,38,0,57,0.16,0.2,0.15,20,9,0,18,11,40,88,3.7,1.43
2707,2708,182574,62,3,4,106,,2622,11,2,4,2.6,109,33,559,33,42,33,14,37,0,47,0.09,0.17,0.11,17,6,0,16,7,28,73,2.6,1.26
2708,2709,182574,62,4,2,52,,2623,12,2,2,1.0,119,17,695,26,40,25,11,41,0,53,0.1,0.1,0.05,22,4,0,7,4,14,62,1.0,1.2
2709,2710,182574,39,5,2,14,,2624,13,0,0,0.5,61,4,303,13,30,14,10,25,0,25,0.0,0.0,0.05,8,0,0,5,4,5,24,0.5,0.43
2710,2711,182579,39,1,1,41,,2625,8,0,0,0.6,76,6,1031,2,36,34,88,24,1,18,0.0,0.0,0.03,12,0,0,48,0,7,7,0.6,0.3
2711,2712,182579,39,2,1,16,,2626,9,1,0,0.6,45,15,626,3,16,18,44,23,0,6,0.07,0.0,0.05,3,1,0,23,0,8,10,0.6,0.36
2712,2713,182579,87,5,1,9,,2627,12,1,1,0.8,50,13,642,4,11,10,24,12,0,5,0.08,0.08,0.06,4,2,0,22,0,10,14,0.8,0.61
2713,2714,182712,68,1,1,26,125,2628,9,1,3,1.7,143,109,1251,34,43,15,48,14,0,49,0.05,0.14,0.08,27,4,0,21,3,65,84,1.7,1.14
2714,2715,182712,18,2,1,54,425,2629,10,0,0,0.6,105,42,1015,17,40,21,18,9,0,40,0.0,0.0,0.04,24,0,0,19,0,50,52,0.6,1.12
2715,2716,182712,18,3,7,65,,2630,11,2,3,1.6,200,80,1815,42,68,41,33,23,1,83,0.08,0.12,0.06,43,5,2,30,6,74,82,1.6,1.37
2716,2717,182712,18,4,1,8,,2631,12,1,7,4.0,357,125,2809,39,83,59,45,25,0,91,0.03,0.2,0.11,46,8,1,57,21,129,126,4.0,2.26
2717,2718,182712,18,5,1,66,1646,2632,13,2,1,0.8,106,73,1036,12,29,19,9,7,1,24,0.14,0.07,0.06,17,3,1,27,2,40,39,0.8,1.2
2718,2719,182712,18,5,1,66,1647,2632,13,2,1,0.8,106,73,1036,12,29,19,9,7,1,24,0.14,0.07,0.06,17,3,1,27,2,40,39,0.8,1.2
2719,2720,182712,24,6,1,55,1896,2633,14,2,4,1.6,141,106,1533,35,64,29,59,35,0,58,0.07,0.14,0.06,38,6,1,24,6,58,79,1.6,1.15
2720,2721,182712,24,6,1,55,1897,2633,14,2,4,1.6,141,106,1533,35,64,29,59,35,0,58,0.07,0.14,0.06,38,6,1,24,6,58,79,1.6,1.15
2721,2722,182875,61,2,1,30,,2634,9,1,0,0.5,66,8,856,4,18,33,87,20,1,18,0.05,0.0,0.03,9,1,1,62,1,9,10,0.5,0.15
2722,2723,182875,71,3,1,112,676,2635,10,1,0,2.0,50,8,651,4,32,42,79,25,0,31,0.05,0.0,0.09,18,1,0,52,0,4,8,2.0,0.37
2723,2724,182875,71,4,1,28,,2636,11,1,0,1.2,95,9,1036,6,45,30,73,38,0,35,0.04,0.0,0.04,25,1,0,56,1,10,17,1.2,0.57
2724,2725,182875,71,5,1,14,,2637,12,0,0,0.7,120,19,1130,5,43,58,90,35,0,36,0.0,0.0,0.03,22,0,0,77,0,22,23,0.7,0.32
2725,2726,182875,71,6,1,33,,2638,13,2,0,0.6,100,24,1147,10,34,32,81,19,0,29,0.07,0.0,0.02,18,2,0,51,1,22,25,0.6,0.37
2726,2727,182889,75,1,2,41,,2639,8,4,1,5.2,197,29,1683,62,40,11,15,20,1,43,0.15,0.04,0.2,15,5,0,10,7,18,109,3.6,1.94
2727,2728,182889,75,2,2,24,,2640,9,7,3,6.5,156,24,1126,37,17,19,16,8,1,27,0.36,0.15,0.33,7,10,3,14,1,19,85,2.6,2.69
2728,2729,182889,110,3,2,109,,2641,10,0,0,0.3,20,4,248,4,9,5,6,13,0,4,0.0,0.0,0.06,2,0,1,5,0,3,16,0.3,1.32
2729,2730,182889,71,4,2,6,,2642,11,2,3,0.8,96,8,750,31,33,10,14,16,0,32,0.12,0.18,0.05,13,5,2,5,3,14,61,0.8,1.21
2730,2731,182893,38,1,2,78,,2643,8,2,4,3.1,62,67,971,37,25,29,18,20,0,36,0.07,0.14,0.11,6,6,3,15,3,53,102,3.1,2.01
2731,2732,182893,38,2,2,47,,2644,9,3,7,3.4,102,71,922,49,17,17,19,20,0,35,0.12,0.28,0.13,9,10,0,7,4,55,93,3.4,1.84
2732,2733,182893,84,3,2,78,677,2645,10,2,3,2.9,120,75,1049,24,16,34,23,16,0,26,0.08,0.12,0.11,4,5,1,22,0,58,60,2.9,1.56
2733,2734,182893,84,4,2,5,,2646,11,8,1,6.4,178,131,1574,40,27,26,17,24,0,58,0.21,0.03,0.17,12,9,1,15,2,95,118,6.4,2.6
2734,2735,182893,84,5,2,11,,2647,12,7,5,9.3,165,117,1590,35,28,19,14,17,0,39,0.21,0.15,0.27,15,12,0,22,5,95,94,7.7,2.4
2735,2736,182904,24,1,1,16,14,2648,8,1,0,0.9,49,6,1024,0,47,21,70,30,1,36,0.05,0.0,0.04,22,1,0,44,3,6,4,0.9,0.28
2736,2737,182904,24,2,1,8,,2649,9,2,1,0.8,125,25,1985,6,44,35,79,29,2,32,0.07,0.04,0.03,16,3,1,59,1,19,14,0.8,0.37
2737,2738,182904,24,3,1,113,,2650,10,1,0,1.8,181,33,2130,9,36,33,71,26,2,28,0.04,0.0,0.07,19,1,1,59,1,45,27,1.8,0.4
2738,2739,182904,24,4,1,7,,2651,11,0,1,0.2,80,19,743,2,20,13,21,7,0,13,0.0,0.11,0.02,8,1,0,16,2,8,9,0.2,0.22
2739,2740,182904,88,5,1,5,1487,2652,12,0,2,1.0,85,33,1270,6,38,18,68,26,0,34,0.0,0.09,0.04,16,2,2,43,5,27,23,1.0,0.58
2740,2741,182904,88,5,1,5,1488,2652,12,0,2,1.0,85,33,1270,6,38,18,68,26,0,34,0.0,0.09,0.04,16,2,2,43,5,27,23,1.0,0.58
2741,2742,182904,48,6,1,41,2135,2653,13,0,1,0.9,51,26,822,2,13,7,47,19,0,13,0.0,0.08,0.07,7,1,1,15,0,18,15,0.9,0.62
2742,2743,182904,79,7,1,41,2372,2654,14,1,0,1.4,37,8,454,2,8,11,41,9,0,3,0.12,0.0,0.16,2,1,0,20,0,9,9,1.4,0.61
2743,2744,182904,79,7,1,41,2373,2654,14,1,0,1.4,37,8,454,2,8,11,41,9,0,3,0.12,0.0,0.16,2,1,0,20,0,9,9,1.4,0.61
2744,2745,182913,90,1,2,65,,2655,8,2,1,1.5,122,47,980,6,35,10,20,9,0,12,0.17,0.08,0.13,9,3,0,20,4,33,28,1.5,0.59
2745,2746,182913,68,2,2,22,340,2656,9,1,1,1.5,87,56,996,14,47,32,19,36,1,41,0.05,0.05,0.07,15,2,0,23,2,40,53,1.5,0.94
2746,2747,182913,68,3,2,117,,2657,10,4,2,2.7,122,69,1297,10,72,43,29,32,1,60,0.16,0.08,0.11,28,6,1,37,1,62,51,2.7,1.28
2747,2748,182913,68,4,2,43,,2658,11,0,2,2.1,99,65,862,21,64,20,41,34,0,34,0.0,0.08,0.08,15,2,1,49,0,37,45,2.1,1.02
2748,2749,182913,68,5,2,10,,2659,12,8,4,6.2,133,72,971,31,65,26,44,37,0,57,0.26,0.13,0.2,30,12,1,50,2,69,82,5.8,1.57
2749,2750,182913,68,6,2,43,,2660,13,5,3,3.5,120,72,996,26,58,25,34,26,0,45,0.17,0.1,0.12,30,8,0,54,3,59,64,3.4,1.29
2750,2751,182913,49,7,2,22,,2661,14,1,1,1.0,47,26,416,6,20,10,14,9,0,14,0.12,0.12,0.12,10,2,0,12,3,15,16,1.0,1.51
2751,2752,182916,99,1,5,23,,2662,8,4,1,5.1,78,68,426,26,25,9,9,9,0,20,0.16,0.04,0.2,5,5,0,19,2,39,66,4.3,2.32
2752,2753,182916,103,2,4,6,361,2663,9,2,1,3.3,50,43,334,12,20,9,8,6,0,13,0.16,0.08,0.26,2,3,0,13,1,23,38,3.3,1.94
2753,2754,182916,84,4,5,17,1170,2664,11,5,0,4.3,32,21,164,14,10,2,0,4,0,9,0.69,0.0,0.6,1,5,0,6,0,17,28,4.3,3.58
2754,2755,182916,84,5,5,28,,2665,12,5,0,3.3,26,19,155,7,4,1,2,4,0,6,0.7,0.0,0.46,2,5,0,5,1,12,23,3.3,3.77
2755,2756,182916,84,6,5,3,,2666,13,7,1,5.7,26,18,193,12,8,4,3,4,0,9,0.62,0.09,0.5,2,8,0,8,2,15,38,5.7,3.97
2756,2757,182916,84,7,5,14,,2667,14,1,0,2.0,12,5,81,4,3,0,1,0,0,2,0.24,0.0,0.47,1,1,0,3,0,4,14,2.0,2.13
2757,2758,183031,119,3,1,108,678,2668,12,1,0,0.3,56,17,606,4,39,28,73,35,0,20,0.06,0.0,0.02,10,1,0,27,0,13,9,0.3,0.24
2758,2759,183031,119,3,1,108,679,2668,12,1,0,0.3,56,17,606,4,39,28,73,35,0,20,0.06,0.0,0.02,10,1,0,27,0,13,9,0.3,0.24
2759,2760,183031,16,4,1,40,,2669,13,0,0,0.6,57,18,690,3,48,34,60,20,1,18,0.0,0.0,0.03,14,0,0,45,0,16,15,0.6,0.52
2760,2761,183031,16,5,1,23,,2670,14,1,0,0.9,83,11,1249,2,50,34,72,29,0,32,0.04,0.0,0.04,18,1,0,47,1,10,18,0.9,0.3
2761,2762,183288,60,1,1,16,,2671,8,1,4,1.4,158,90,1661,33,55,21,93,42,0,47,0.03,0.14,0.05,28,5,2,48,2,77,75,1.4,0.73
2762,2763,183288,60,2,1,26,,2672,9,0,0,0.7,122,60,1125,20,34,24,56,26,0,33,0.0,0.0,0.03,19,0,1,30,1,47,47,0.7,0.57
2763,2764,183288,60,3,1,70,,2673,10,1,5,0.6,147,110,1650,72,44,20,44,34,0,36,0.03,0.17,0.02,21,6,2,38,0,87,115,0.6,0.37
2764,2765,183288,60,4,1,26,,2674,11,0,3,0.1,82,48,944,39,21,9,22,22,0,21,0.0,0.17,0.01,12,3,2,20,3,42,69,0.1,0.34
2765,2766,183288,60,5,1,93,,2675,12,1,2,1.1,140,53,1757,34,55,36,55,51,0,46,0.04,0.07,0.04,32,3,2,46,2,44,67,1.1,0.49
2766,2767,183293,100,5,2,33,1374,2676,12,0,1,0.1,33,12,385,8,20,9,7,14,0,21,0.0,0.09,0.01,7,1,0,1,4,12,24,0.1,0.27
2767,2768,183299,108,2,5,33,,2677,9,1,1,1.6,10,12,120,4,6,7,3,3,0,7,0.13,0.13,0.21,2,2,0,4,0,6,10,1.6,1.6
2768,2769,183299,117,3,5,25,,2678,10,5,0,3.1,27,36,299,16,7,7,8,9,0,19,0.29,0.0,0.18,3,5,0,18,0,11,46,3.1,1.79
2769,2770,183302,100,5,2,28,,2679,12,0,0,0.0,5,2,108,0,7,2,6,4,0,3,0.0,0.0,0.01,1,0,0,2,0,0,2,0.0,0.63
2770,2771,183318,83,1,1,25,,2680,9,0,1,0.6,53,5,848,3,32,39,218,43,0,14,0.0,0.03,0.02,11,1,3,92,2,5,12,0.6,0.36
2771,2772,183318,83,2,1,16,,2681,10,1,0,0.5,21,3,676,2,14,28,116,23,0,9,0.04,0.0,0.02,4,1,1,73,0,5,10,0.5,0.39
2772,2773,183318,83,3,1,109,,2682,11,2,0,1.3,22,4,498,3,14,12,86,27,0,6,0.11,0.0,0.07,3,2,0,46,0,0,9,1.3,0.83
2773,2774,183318,83,4,1,47,,2683,12,1,0,0.9,18,0,516,4,15,22,121,38,0,12,0.04,0.0,0.04,4,1,1,89,0,2,10,0.9,0.74
2774,2775,183318,83,6,1,52,,2684,14,1,0,0.7,31,8,669,2,14,5,42,17,0,11,0.08,0.0,0.06,6,1,0,47,0,6,8,0.7,0.5
2775,2776,183334,45,3,3,20,,2685,11,17,7,18.2,31,32,394,30,21,10,37,14,0,27,0.5,0.21,0.54,8,24,0,47,2,16,65,16.6,3.1
2776,2777,183334,45,4,3,10,,2686,12,2,2,3.0,12,8,88,5,1,2,8,8,0,3,0.32,0.32,0.48,0,4,0,5,1,4,13,3.0,3.22
2777,2778,183334,45,5,3,37,,2687,13,4,2,8.5,23,17,229,12,9,5,13,12,0,20,0.24,0.12,0.51,4,6,0,36,1,17,27,6.9,2.85
2778,2779,183647,43,1,1,32,,2688,13,1,2,1.2,144,30,1209,9,49,37,177,34,2,35,0.03,0.06,0.04,25,3,2,79,0,17,25,1.2,0.43
2779,2780,183647,49,2,1,1,,2689,14,0,0,1.0,43,9,757,3,19,18,65,7,1,13,0.0,0.0,0.05,9,0,0,35,1,7,14,1.0,0.72
2780,2781,183647,49,3,1,38,,2690,15,2,3,1.3,122,25,1708,5,26,33,119,30,0,31,0.06,0.1,0.04,19,5,1,46,1,5,17,1.3,0.51
2781,2782,183720,48,2,5,32,526,2691,9,4,4,6.2,47,65,390,30,20,13,16,10,0,26,0.18,0.18,0.27,8,8,1,31,1,57,58,5.4,2.24
2782,2783,183720,48,3,3,20,,2692,10,10,0,8.4,47,50,432,26,16,6,11,11,0,23,0.56,0.0,0.47,7,10,0,28,0,38,65,5.3,3.35
2783,2784,183780,4,4,2,3,,2693,11,0,3,0.5,118,28,857,21,50,19,30,27,0,56,0.0,0.13,0.02,26,3,1,30,4,25,55,0.5,0.47
2784,2785,183780,44,5,2,73,,2694,12,1,3,1.2,49,13,223,10,17,6,7,6,0,18,0.13,0.39,0.16,8,4,0,13,4,10,21,1.2,1.95
2785,2786,183841,40,4,1,156,1160,2695,10,1,1,0.6,174,94,1337,35,96,27,65,39,1,114,0.03,0.03,0.02,59,2,1,14,4,72,79,0.6,0.36
2786,2787,183841,40,4,1,156,1161,2695,10,1,1,0.6,174,94,1337,35,96,27,65,39,1,114,0.03,0.03,0.02,59,2,1,14,4,72,79,0.6,0.36
2787,2788,183841,40,5,1,23,1538,2696,11,0,1,0.3,91,50,821,19,42,11,55,17,0,43,0.0,0.06,0.02,26,1,0,4,3,27,49,0.3,0.59
2788,2789,184129,130,6,2,59,,2697,14,1,1,1.0,51,21,369,12,30,11,15,24,0,39,0.07,0.07,0.07,11,2,1,18,1,20,29,1.0,1.17
2789,2790,184491,99,1,4,33,,2698,11,3,4,5.2,119,107,658,72,56,11,9,18,0,46,0.12,0.16,0.21,15,7,0,8,11,97,158,4.4,2.44
2790,2791,184528,101,1,1,17,187,2699,8,1,1,0.7,102,53,1040,16,55,23,94,27,0,65,0.03,0.03,0.02,32,2,4,42,0,27,33,0.7,0.3
2791,2792,184528,101,1,1,17,188,2699,8,1,1,0.7,102,53,1040,16,55,23,94,27,0,65,0.03,0.03,0.02,32,2,4,42,0,27,33,0.7,0.3
2792,2793,184528,83,3,1,14,,2700,10,1,0,0.3,28,12,416,6,19,15,52,15,0,25,0.07,0.0,0.02,12,1,2,25,0,10,14,0.3,0.49
2793,2794,184528,83,4,1,14,,2701,11,0,1,0.3,50,29,551,6,37,25,56,16,0,36,0.0,0.06,0.02,27,1,0,22,0,21,19,0.3,0.33
2794,2795,184573,60,1,1,26,,2702,9,1,1,0.7,83,14,1339,5,40,24,121,21,0,23,0.03,0.03,0.02,13,2,3,68,1,9,13,0.7,0.28
2795,2796,184573,60,2,1,22,,2703,10,1,0,0.3,111,16,1824,4,29,26,129,25,0,20,0.03,0.0,0.01,17,1,0,96,2,17,18,0.3,0.17
2796,2797,184573,60,3,1,49,,2704,11,1,1,0.6,92,18,1686,6,22,30,95,22,0,24,0.03,0.03,0.02,12,2,1,64,1,18,15,0.6,0.14
2797,2798,184573,60,4,1,75,,2705,12,0,2,0.2,72,14,1215,4,16,25,96,26,0,14,0.0,0.08,0.01,9,2,0,52,4,17,13,0.2,0.11
2798,2799,184573,60,6,1,10,,2706,14,1,1,0.8,40,17,826,8,15,12,40,18,0,13,0.07,0.07,0.05,5,2,1,17,2,14,19,0.8,0.41
2799,2800,184672,105,1,3,6,,2707,12,6,1,9.1,55,6,410,21,25,8,25,12,0,19,0.27,0.05,0.41,6,7,0,209,2,9,55,6.7,2.53
2800,2801,184672,105,2,3,41,,2708,13,1,2,5.2,29,8,225,11,13,3,22,9,0,14,0.07,0.15,0.39,2,3,0,126,0,5,30,5.1,2.75
2801,2802,184672,76,3,3,106,,2709,14,3,2,2.5,31,9,216,8,9,4,14,2,0,8,0.27,0.18,0.22,2,5,0,83,0,14,15,2.5,2.34
2802,2803,184672,76,4,3,28,,2710,15,2,0,2.6,13,5,208,6,7,1,27,9,0,13,0.15,0.0,0.2,3,2,0,80,0,11,22,2.6,1.77
2803,2804,184779,76,3,1,107,,2711,16,0,2,1.6,63,10,1335,6,34,52,113,40,0,28,0.0,0.06,0.05,16,2,0,58,1,4,15,1.6,0.34
2804,2805,184892,49,1,5,49,,2712,10,16,8,11.3,119,141,891,47,42,8,4,19,1,35,0.55,0.28,0.39,16,24,0,19,14,92,110,9.8,3.41
2805,2806,184892,49,3,5,50,,2713,12,8,8,9.0,163,112,987,56,40,14,11,26,0,54,0.26,0.26,0.3,20,16,0,12,5,77,100,7.4,2.27
2806,2807,184892,38,5,5,5,1370,2714,14,0,0,0.7,24,19,144,10,2,2,2,5,0,13,0.0,0.0,0.11,2,0,0,7,3,19,24,0.7,1.65
2807,2808,184892,38,6,3,32,,2715,15,5,3,4.7,69,71,385,38,7,3,2,9,0,13,0.26,0.16,0.25,4,8,0,10,2,53,71,3.9,2.47
2808,2809,184892,38,7,5,23,,2716,16,5,2,4.5,43,43,267,17,12,5,6,5,0,15,0.45,0.18,0.4,7,7,0,2,2,33,40,2.8,2.05
2809,2810,184894,67,1,2,41,,2717,10,4,4,1.1,109,45,680,32,33,15,18,20,1,48,0.19,0.19,0.05,19,8,0,15,10,32,63,1.1,1.22
2810,2811,184894,70,2,2,45,426,2718,11,1,1,0.6,54,23,341,6,12,5,12,4,0,19,0.1,0.1,0.06,2,2,0,3,2,19,20,0.6,1.52
2811,2812,184894,70,2,2,45,427,2718,11,1,1,0.6,54,23,341,6,12,5,12,4,0,19,0.1,0.1,0.06,2,2,0,3,2,19,20,0.6,1.52
2812,2813,184894,70,4,2,41,,2719,13,2,2,0.9,129,29,740,26,34,10,7,32,0,32,0.09,0.09,0.04,11,4,0,9,4,27,50,0.9,0.51
2813,2814,184894,70,5,2,41,,2720,14,1,0,0.5,70,18,421,14,18,8,6,9,0,21,0.08,0.0,0.04,10,1,0,9,4,16,39,0.5,0.73
2814,2815,184894,70,6,2,9,,2721,15,2,5,1.5,133,23,800,36,35,11,13,27,0,35,0.1,0.24,0.07,15,7,0,29,5,26,60,1.5,1.1
2815,2816,184894,28,7,2,14,2630,2722,16,0,0,0.7,44,7,364,7,14,8,6,4,0,12,0.0,0.0,0.08,4,0,0,10,4,12,22,0.7,1.25
2816,2817,184922,82,1,1,61,,2723,12,2,0,1.1,87,52,766,24,44,38,60,26,0,38,0.08,0.0,0.05,20,2,0,13,0,44,46,1.1,0.51
2817,2818,184922,82,3,1,80,,2724,14,1,1,0.3,29,6,231,3,13,8,26,3,0,15,0.16,0.16,0.05,9,2,1,6,0,5,5,0.3,0.16
2818,2819,184922,82,4,1,73,,2725,15,1,0,0.3,18,11,256,2,13,6,17,5,0,15,0.14,0.0,0.03,9,1,0,4,0,6,12,0.3,0.82
2819,2820,184935,71,1,3,23,,2726,11,8,2,9.5,31,32,232,21,15,4,22,8,1,11,0.41,0.1,0.49,4,10,0,141,2,19,46,8.7,2.83
2820,2821,184935,71,2,3,9,,2727,12,4,0,6.1,21,23,185,13,11,6,32,3,0,5,0.22,0.0,0.34,3,4,0,98,1,12,28,6.1,2.67
2821,2822,184935,71,3,3,14,,2728,13,3,1,2.6,20,6,155,10,3,2,12,3,0,8,0.28,0.09,0.24,2,4,0,91,0,8,19,1.8,1.65
2822,2823,184935,71,4,3,28,,2729,14,5,0,4.7,13,5,111,9,5,0,11,2,0,4,0.53,0.0,0.5,0,5,0,77,0,4,15,4.7,2.75
2823,2824,185077,8,1,4,32,158,2730,10,1,2,1.5,22,15,123,10,6,2,5,2,0,5,0.27,0.54,0.4,0,3,0,2,0,10,20,0.7,3.76
2824,2825,185077,8,1,4,32,159,2730,10,1,2,1.5,22,15,123,10,6,2,5,2,0,5,0.27,0.54,0.4,0,3,0,2,0,10,20,0.7,3.76
2825,2826,185077,8,1,4,32,160,2730,10,1,2,1.5,22,15,123,10,6,2,5,2,0,5,0.27,0.54,0.4,0,3,0,2,0,10,20,0.7,3.76
2826,2827,185077,94,3,4,67,,2731,12,9,10,8.1,135,68,838,65,18,27,18,13,0,34,0.35,0.39,0.31,14,19,1,12,4,56,127,4.9,2.1
2827,2828,185077,94,4,4,41,,2732,13,9,7,8.7,147,54,1043,66,27,13,28,12,0,26,0.29,0.23,0.28,9,16,0,17,7,52,141,4.0,2.01
2828,2829,185077,94,5,4,5,,2733,14,15,5,10.3,128,65,977,55,29,19,19,18,0,31,0.56,0.19,0.39,13,20,0,16,5,44,131,3.9,2.17
2829,2830,185077,94,6,4,5,,2734,15,8,8,7.7,115,54,971,56,31,15,20,22,0,31,0.31,0.31,0.3,14,16,0,12,7,33,98,3.0,1.63
2830,2831,185077,94,7,5,21,,2735,16,4,7,4.0,64,28,615,32,8,2,8,9,0,16,0.33,0.57,0.33,2,11,0,6,7,15,65,2.4,3.17
2831,2832,185699,126,1,1,63,,2736,9,0,2,2.0,111,85,1225,37,62,38,57,23,1,71,0.0,0.07,0.06,33,2,0,34,2,55,81,1.2,0.88
2832,2833,186368,39,1,6,32,129,2737,7,3,6,2.1,127,73,1179,55,46,44,65,52,0,53,0.1,0.2,0.07,21,9,0,20,0,65,101,2.1,0.66
2833,2834,186368,65,3,6,16,680,2738,9,2,0,2.3,30,33,431,17,17,15,20,18,0,19,0.15,0.0,0.16,12,2,0,16,0,28,34,2.3,1.09
2834,2835,186368,65,3,6,16,681,2738,9,2,0,2.3,30,33,431,17,17,15,20,18,0,19,0.15,0.0,0.16,12,2,0,16,0,28,34,2.3,1.09
2835,2836,186368,16,5,1,6,1452,2739,11,0,3,0.4,74,44,674,29,10,3,29,16,0,14,0.0,0.2,0.03,6,3,0,14,0,25,51,0.4,0.46
2836,2837,186368,16,5,1,6,1453,2739,11,0,3,0.4,74,44,674,29,10,3,29,16,0,14,0.0,0.2,0.03,6,3,0,14,0,25,51,0.4,0.46
2837,2838,186368,16,6,7,9,2061,2740,12,0,4,1.7,94,53,839,34,18,8,29,14,0,19,0.0,0.18,0.08,13,4,0,14,1,29,58,1.7,0.77
2838,2839,186368,16,7,1,33,,2741,13,0,4,0.6,37,16,484,15,17,3,17,11,0,14,0.0,0.34,0.05,10,4,1,8,0,13,20,0.6,0.67
2839,2840,186399,15,4,5,28,,2742,17,2,2,3.4,23,14,170,12,12,6,9,15,0,12,0.16,0.16,0.27,2,4,0,48,2,5,25,3.4,2.35
2840,2841,186477,33,4,1,35,,2743,11,0,0,0.3,24,31,236,4,20,14,18,10,0,20,0.0,0.0,0.03,12,0,0,10,0,17,15,0.3,0.74
2841,2842,186590,18,1,1,7,,2744,9,0,0,0.3,118,44,1663,5,16,14,64,15,0,9,0.0,0.0,0.02,4,0,1,59,0,18,18,0.3,0.26
2842,2843,186590,18,2,1,55,,2745,10,0,0,0.4,83,22,977,2,16,9,32,5,0,5,0.0,0.0,0.03,3,0,2,44,0,24,13,0.4,0.48
2843,2844,186590,18,3,1,65,,2746,11,4,0,1.8,101,38,1620,2,21,18,56,23,1,14,0.19,0.0,0.08,9,4,1,38,0,40,18,1.8,0.7
2844,2845,186590,18,4,1,43,,2747,12,1,0,0.9,63,28,911,4,5,11,27,3,0,3,0.08,0.0,0.07,2,1,1,47,0,23,13,0.9,0.72
2845,2846,186590,18,5,7,49,,2748,13,2,2,1.0,101,28,1453,8,23,9,40,17,0,10,0.1,0.1,0.05,7,4,0,33,1,32,16,1.0,0.54
2846,2847,186590,18,6,7,7,,2749,14,1,0,1.0,57,16,781,6,2,10,21,11,0,3,0.08,0.0,0.09,0,1,0,14,0,24,23,1.0,0.34
2847,2848,186862,76,4,1,40,,2750,13,1,0,1.3,42,12,949,3,36,28,110,38,0,24,0.04,0.0,0.05,15,1,3,61,0,3,7,1.3,0.39
2848,2849,186862,76,5,1,3,,2751,14,0,0,0.6,42,6,587,1,33,17,63,22,1,24,0.0,0.0,0.03,15,0,1,46,1,6,12,0.6,0.54
2849,2850,186988,104,2,3,86,,2752,14,5,1,5.6,25,27,231,22,14,7,7,13,0,20,0.33,0.07,0.37,3,6,0,31,1,20,38,5.6,2.75
2850,2851,186988,44,4,3,30,937,2753,16,3,1,1.5,7,9,66,5,10,1,1,3,0,8,0.8,0.27,0.39,2,4,0,13,1,4,12,1.5,2.4
2851,2852,186988,44,5,5,74,,2754,17,3,1,1.7,12,9,100,7,9,0,4,5,0,8,0.55,0.18,0.3,4,4,0,25,2,3,13,0.9,2.73
2852,2853,186988,59,6,5,59,2187,2755,18,2,1,2.4,14,6,97,10,7,0,4,1,0,7,0.31,0.15,0.37,2,3,0,18,2,3,16,0.8,1.85
2853,2854,187384,138,5,4,30,,2756,14,1,0,3.3,39,35,304,17,25,14,7,11,0,26,0.09,0.0,0.3,12,1,0,6,1,29,60,2.5,3.86
2854,2855,187491,32,1,1,41,,2757,7,1,0,0.3,43,5,707,5,33,26,100,31,0,19,0.06,0.0,0.02,11,1,0,45,0,7,9,0.3,0.28
2855,2856,187491,44,4,1,33,,2758,10,1,2,1.5,103,7,950,8,59,37,58,27,0,47,0.04,0.08,0.06,31,3,0,53,0,4,29,1.5,0.54
2856,2857,187492,9,1,4,22,,2759,7,7,11,8.0,198,107,1443,86,27,17,12,27,0,43,0.24,0.37,0.27,7,18,1,28,6,78,176,8.0,2.19
2857,2858,187492,63,2,4,65,330,2760,8,3,7,3.6,188,59,1370,39,48,16,10,35,0,55,0.12,0.29,0.15,25,10,1,21,12,61,84,3.6,1.35
2858,2859,187492,63,3,5,7,,2761,9,3,2,2.2,102,39,776,31,27,17,7,25,0,43,0.18,0.12,0.14,12,5,1,7,1,24,76,2.2,1.32
2859,2860,187492,63,4,4,43,,2762,10,9,8,4.9,126,66,1022,44,37,24,14,19,0,54,0.39,0.35,0.21,17,17,1,15,7,50,97,4.9,1.47
2860,2861,187492,63,5,4,26,,2763,11,9,8,5.2,119,67,1053,73,29,15,9,23,0,43,0.34,0.3,0.19,12,17,1,9,6,42,133,5.2,1.58
2861,2862,187492,63,6,4,7,,2764,12,7,11,4.4,116,74,1054,80,17,8,18,20,0,27,0.28,0.45,0.18,10,18,0,9,6,58,133,4.4,1.34
2862,2863,187492,63,7,2,7,,2765,13,2,4,2.9,71,32,425,28,10,4,7,6,0,18,0.18,0.37,0.27,7,6,0,4,8,29,47,2.9,2.03
2863,2864,187587,7,1,5,57,130,2766,9,9,4,9.2,59,88,293,32,22,8,3,18,1,12,0.41,0.18,0.42,5,13,0,37,7,49,88,9.2,2.78
2864,2865,187587,51,3,3,75,682,2767,11,11,4,5.9,52,43,290,36,26,7,17,21,1,37,0.56,0.2,0.3,8,15,0,23,2,17,69,5.6,2.18
2865,2866,187587,51,3,3,75,683,2767,11,11,4,5.9,52,43,290,36,26,7,17,21,1,37,0.56,0.2,0.3,8,15,0,23,2,17,69,5.6,2.18
2866,2867,187587,51,4,3,50,,2768,12,2,2,2.4,38,36,182,29,14,3,3,14,0,20,0.2,0.2,0.24,7,4,1,13,1,16,51,2.4,3.03
2867,2868,187587,51,5,5,42,,2769,13,3,2,3.5,29,17,187,13,10,1,5,6,0,11,0.28,0.18,0.32,3,5,0,12,4,10,34,3.5,2.48
2868,2869,187587,115,7,5,108,2398,2770,16,1,0,1.5,21,11,110,15,8,0,3,3,0,7,0.18,0.0,0.28,2,1,0,17,2,7,22,1.5,1.65
2869,2870,188077,100,5,4,21,,2771,12,1,1,2.7,71,39,521,30,34,26,20,16,0,50,0.05,0.05,0.13,14,2,0,16,6,34,66,2.7,1.62
2870,2871,188077,100,6,2,41,,2772,13,0,5,2.3,167,60,988,55,86,52,53,52,0,92,0.0,0.15,0.07,39,5,1,21,17,58,117,2.3,1.33
2871,2872,188077,100,7,2,5,,2773,14,1,1,0.8,83,19,436,22,24,13,29,23,0,27,0.08,0.08,0.06,12,2,1,8,3,21,50,0.8,1.27
2872,2873,188157,97,1,2,40,,2774,9,0,2,0.0,25,4,112,7,15,8,5,13,0,14,0.0,0.4,0.01,5,2,0,7,0,7,13,0.0,0.2
2873,2874,188838,97,1,1,30,,2775,13,0,1,0.7,29,4,365,3,23,22,110,13,1,18,0.0,0.05,0.04,9,1,0,51,0,2,9,0.7,0.37
2874,2875,188838,109,3,1,74,,2776,15,1,0,0.3,31,5,602,1,26,37,112,22,0,31,0.04,0.0,0.01,17,1,1,54,0,3,7,0.3,0.2
2875,2876,188888,44,2,4,48,488,2777,9,0,2,0.2,5,17,77,8,2,0,1,1,0,3,0.0,0.33,0.03,1,2,0,2,0,5,16,0.2,1.0
2876,2877,188888,44,3,5,13,,2778,10,3,3,1.5,22,61,202,18,5,6,7,4,0,5,0.24,0.24,0.12,3,6,0,7,0,30,38,1.5,2.52
2877,2878,188888,44,4,5,23,,2779,11,4,6,2.4,58,82,374,41,9,2,4,11,0,18,0.2,0.31,0.12,6,10,0,11,3,54,72,2.4,1.89
2878,2879,188888,44,5,3,14,,2780,12,11,7,6.5,44,105,387,44,15,3,7,13,0,11,0.39,0.25,0.23,2,18,1,16,1,48,90,6.5,2.36
2879,2880,188888,96,6,5,45,2188,2781,13,2,2,1.4,13,28,154,8,2,1,0,3,0,1,0.23,0.23,0.17,0,4,0,5,0,9,19,1.4,2.45
2880,2881,188888,96,7,5,41,,2782,14,1,0,1.6,16,29,120,6,2,1,8,4,0,2,0.13,0.0,0.21,0,1,0,7,0,9,13,1.6,2.22
2881,2882,188915,102,3,1,13,,2783,10,0,0,0.2,21,6,287,5,4,6,30,5,0,6,0.0,0.0,0.02,4,0,1,13,0,2,8,0.2,0.25
2882,2883,189441,49,1,5,32,,2784,9,4,8,5.7,54,85,692,31,80,29,30,40,0,80,0.13,0.27,0.19,34,12,0,39,5,62,68,5.7,2.06
2883,2884,189441,87,2,5,16,362,2785,10,14,3,12.7,93,131,711,24,54,22,27,33,1,72,0.46,0.1,0.42,30,17,0,30,0,71,75,8.8,2.59
2884,2885,189441,87,3,3,7,,2786,11,5,4,11.2,98,104,736,33,36,19,30,33,0,37,0.17,0.14,0.38,13,9,1,31,1,64,81,7.3,2.19
2885,2886,189441,87,4,3,65,,2787,12,6,4,5.9,80,68,656,18,45,9,24,35,0,55,0.25,0.17,0.25,23,10,1,27,0,42,51,5.9,2.16
2886,2887,189441,87,5,5,26,1489,2788,13,4,0,4.5,37,33,333,13,22,8,5,17,0,31,0.31,0.0,0.35,8,4,0,30,0,27,30,2.1,2.09
2887,2888,189441,87,5,5,26,1490,2788,13,4,0,4.5,37,33,333,13,22,8,5,17,0,31,0.31,0.0,0.35,8,4,0,30,0,27,30,2.1,2.09
2888,2889,189441,87,6,5,5,,2789,14,4,3,5.4,124,117,837,36,66,21,29,34,0,58,0.13,0.09,0.17,29,7,0,63,2,77,99,4.6,1.97
2889,2890,189441,87,7,3,21,,2790,15,0,1,0.2,7,5,65,3,3,0,2,2,0,2,0.0,0.51,0.08,1,1,0,3,0,4,7,0.2,2.06
2890,2891,189458,50,1,1,13,,2791,9,0,2,1.0,42,5,386,7,49,47,106,29,0,34,0.0,0.14,0.07,20,2,1,41,1,5,18,1.0,0.56
2891,2892,190289,104,2,8,17,392,2792,9,1,0,1.1,25,59,278,12,24,6,8,21,1,37,0.08,0.0,0.1,15,1,0,2,1,38,24,1.1,2.03
2892,2893,190289,104,2,8,17,393,2792,9,1,0,1.1,25,59,278,12,24,6,8,21,1,37,0.08,0.0,0.1,15,1,0,2,1,38,24,1.1,2.03
2893,2894,190289,33,4,5,13,,2793,11,5,4,3.7,43,81,227,27,15,8,6,26,0,22,0.24,0.2,0.19,6,9,0,5,4,56,61,3.7,2.25
2894,2895,190289,33,5,5,52,,2794,12,1,1,2.4,8,37,155,10,14,2,4,15,0,21,0.1,0.1,0.23,12,2,0,14,1,22,22,2.4,2.86
2895,2896,190289,137,6,4,33,1898,2795,13,0,0,0.6,18,13,113,5,8,2,4,7,0,10,0.0,0.0,0.14,7,0,1,5,0,11,19,0.6,3.21
2896,2897,190289,137,6,4,33,1899,2795,13,0,0,0.6,18,13,113,5,8,2,4,7,0,10,0.0,0.0,0.14,7,0,1,5,0,11,19,0.6,3.21
2897,2898,190289,137,6,4,33,1900,2795,13,0,0,0.6,18,13,113,5,8,2,4,7,0,10,0.0,0.0,0.14,7,0,1,5,0,11,19,0.6,3.21
2898,2899,190289,33,7,6,17,,2796,14,0,0,0.6,11,18,79,0,7,7,5,5,0,9,0.0,0.0,0.15,4,0,0,3,0,11,7,0.6,0.52
2899,2900,190338,102,1,1,23,,2797,8,2,2,3.1,75,14,1060,8,46,70,184,51,1,50,0.06,0.06,0.09,27,4,1,74,1,11,21,3.1,0.62
2900,2901,190338,102,2,1,9,,2798,9,1,0,2.0,48,15,720,3,29,39,80,22,2,34,0.05,0.0,0.1,17,1,0,39,0,12,13,2.0,0.93
2901,2902,190338,102,3,1,108,,2799,10,0,0,0.4,57,9,722,4,12,33,57,19,0,19,0.0,0.0,0.03,9,0,2,24,0,3,9,0.4,0.37
2902,2903,190393,86,2,2,7,,2800,9,1,2,1.3,87,13,493,13,9,4,2,9,0,9,0.14,0.28,0.18,1,3,1,8,2,11,35,1.3,2.12
2903,2904,190393,86,3,2,50,,2801,10,1,0,2.2,68,12,480,8,19,6,8,15,1,29,0.12,0.0,0.25,9,1,0,14,0,11,21,2.2,1.38
2904,2905,190393,86,4,2,26,,2802,11,2,1,2.1,97,10,477,16,11,9,10,5,0,17,0.26,0.13,0.27,7,3,0,12,7,11,28,2.1,2.18
2905,2906,190393,34,5,2,16,1610,2803,12,1,2,1.7,230,32,1710,32,44,24,23,25,0,66,0.04,0.09,0.08,25,3,1,35,11,43,83,1.7,1.33
2906,2907,190393,34,6,2,24,,2804,13,2,1,3.2,153,30,1059,26,33,10,18,26,0,33,0.1,0.05,0.17,14,3,0,37,7,43,52,2.4,1.96
2907,2908,190393,34,7,2,9,,2805,15,1,1,1.6,71,10,477,16,24,9,16,18,0,23,0.09,0.09,0.15,9,2,1,23,2,15,42,1.6,1.98
2908,2909,190685,49,1,7,33,,2806,11,1,1,1.4,99,111,1159,30,67,39,56,28,1,42,0.04,0.04,0.05,26,2,1,35,2,67,70,1.4,0.76
2909,2910,190685,49,2,6,6,,2807,12,1,3,2.4,93,103,1092,14,60,32,38,17,0,53,0.04,0.12,0.1,30,4,0,41,0,81,48,2.4,1.16
2910,2911,190685,86,6,1,3,,2808,16,0,0,0.2,2,3,92,0,2,0,1,3,0,2,0.0,0.0,0.19,2,0,0,1,0,2,0,0.2,0.85
2911,2912,190780,71,1,3,25,,2809,12,12,2,6.5,26,15,235,23,7,2,20,8,0,8,0.79,0.13,0.43,1,14,0,42,2,7,39,4.9,2.24
2912,2913,190786,102,3,10,23,,2810,14,0,0,0.1,0,1,1080,3,2,1,9,1,0,4,0.0,0.0,0.0,2,0,2,8,0,0,9,0.1,0.05
2913,2914,191217,41,1,1,22,,2811,8,0,5,0.9,88,48,794,8,15,20,37,17,0,13,0.0,0.29,0.05,6,5,3,21,6,28,37,0.9,1.06
2914,2915,191217,41,2,7,7,,2812,9,1,0,0.4,58,34,575,3,20,19,27,20,0,29,0.08,0.0,0.03,11,1,1,13,0,24,16,0.4,0.54
2915,2916,191217,41,3,7,50,,2813,10,1,2,0.8,108,46,1080,20,29,33,33,26,0,41,0.04,0.09,0.03,12,3,0,31,2,32,46,0.8,0.65
2916,2917,191217,80,4,1,26,1038,2814,11,0,2,0.5,75,43,804,26,52,23,57,11,1,44,0.0,0.09,0.02,31,2,1,27,1,32,47,0.5,0.45
2917,2918,191217,80,4,1,26,1039,2814,11,0,2,0.5,75,43,804,26,52,23,57,11,1,44,0.0,0.09,0.02,31,2,1,27,1,32,47,0.5,0.45
2918,2919,191217,80,7,1,9,,2815,14,0,1,0.2,24,3,248,7,12,6,18,4,0,16,0.0,0.17,0.03,9,1,0,6,2,4,11,0.2,0.17
2919,2920,191359,134,6,4,27,,2816,12,0,1,0.3,12,12,118,9,4,2,2,2,0,3,0.0,0.28,0.08,2,1,0,5,0,6,17,0.3,2.2
2920,2921,191891,89,1,3,11,,2817,9,17,3,13.9,57,30,491,37,19,3,15,7,0,20,0.64,0.11,0.52,1,20,0,43,2,28,70,13.9,4.17
2921,2922,191891,89,2,3,22,,2818,10,11,0,9.8,35,14,384,21,12,2,12,11,0,11,0.57,0.0,0.5,3,11,0,35,1,16,50,9.8,3.5
2922,2923,191891,49,3,3,50,684,2819,11,9,1,7.4,24,15,228,8,14,2,9,5,0,12,0.66,0.07,0.55,2,10,0,26,0,8,28,5.1,3.17
2923,2924,191891,49,4,3,42,1101,2820,12,7,2,8.2,25,15,299,15,9,3,10,9,0,18,0.44,0.13,0.52,4,9,1,21,2,8,24,7.4,3.37
2924,2925,191891,68,6,3,20,2062,2821,14,4,1,5.1,22,12,215,15,9,5,3,7,1,5,0.39,0.1,0.5,3,5,0,24,3,8,37,5.1,3.62
2925,2926,192009,98,1,2,3,,2822,7,0,0,0.2,31,13,218,2,7,1,2,10,0,12,0.0,0.0,0.06,2,0,0,2,0,5,5,0.2,1.1
2926,2927,192009,98,2,2,17,,2823,8,1,4,0.9,112,25,1008,34,30,18,12,13,0,41,0.05,0.2,0.05,10,5,1,22,0,28,59,0.9,1.41
2927,2928,192009,98,3,2,112,,2824,9,3,0,1.1,97,25,850,18,27,18,9,20,0,29,0.19,0.0,0.07,10,3,1,7,0,29,50,1.1,1.58
2928,2929,192009,50,4,2,41,844,2825,10,0,0,1.1,68,16,690,24,19,10,8,7,0,33,0.0,0.0,0.09,10,0,1,8,2,19,53,1.1,1.47
2929,2930,192009,50,4,2,41,845,2825,10,0,0,1.1,68,16,690,24,19,10,8,7,0,33,0.0,0.0,0.09,10,0,1,8,2,19,53,1.1,1.47
2930,2931,192009,50,5,2,9,1273,2826,11,1,2,1.3,98,17,745,21,32,15,6,12,0,37,0.07,0.14,0.09,13,3,1,7,0,18,48,1.3,1.87
2931,2932,192009,50,6,2,14,,2827,12,1,2,1.1,116,32,1184,31,48,16,15,24,0,53,0.04,0.09,0.05,21,3,2,16,3,24,58,1.1,1.37
2932,2933,192009,50,7,2,23,,2828,14,3,0,1.0,46,7,432,7,10,13,8,8,1,12,0.33,0.0,0.11,4,3,0,5,2,8,21,1.0,1.23
2933,2934,192169,134,7,1,3,,2829,13,0,1,0.2,42,25,418,10,26,11,40,20,0,20,0.0,0.07,0.02,13,1,0,12,0,8,25,0.2,0.5
2934,2935,192492,101,1,1,71,,2830,9,0,1,0.4,56,17,634,4,33,46,107,11,1,25,0.0,0.05,0.02,16,1,0,61,1,12,13,0.4,0.55
2935,2936,192492,101,2,1,23,363,2831,10,0,1,0.1,28,2,407,3,3,9,29,4,0,5,0.0,0.11,0.01,3,1,0,13,0,3,7,0.1,0.32
2936,2937,192492,101,2,1,23,364,2831,10,0,1,0.1,28,2,407,3,3,9,29,4,0,5,0.0,0.11,0.01,3,1,0,13,0,3,7,0.1,0.32
2937,2938,192557,141,7,2,3,,2832,16,0,4,1.3,63,12,366,20,32,25,40,13,0,24,0.0,0.27,0.09,11,4,0,40,5,16,33,1.1,1.13
2938,2939,192565,18,1,3,18,,2833,7,10,10,6.7,67,84,735,40,24,8,2,21,0,23,0.48,0.48,0.32,2,20,0,10,7,45,87,6.7,2.7
2939,2940,192565,86,3,5,15,685,2834,9,6,9,5.4,84,73,594,33,18,9,8,23,0,30,0.3,0.45,0.27,13,15,1,8,1,54,79,5.4,2.84
2940,2941,192565,86,4,5,55,,2835,10,7,7,11.4,117,80,821,49,28,12,2,18,0,24,0.32,0.32,0.52,9,14,1,2,6,68,112,11.4,4.05
2941,2942,192565,86,5,4,55,,2836,11,8,7,8.5,134,77,880,35,38,3,1,11,0,36,0.36,0.31,0.38,18,15,2,6,9,69,93,8.5,3.49
2942,2943,192565,86,6,3,66,,2837,12,8,11,10.9,113,121,878,72,15,7,3,12,0,19,0.34,0.46,0.46,4,19,0,3,8,85,143,10.9,3.07
2943,2944,192565,86,7,3,31,,2838,13,3,1,3.5,22,24,277,11,8,2,1,3,0,3,0.48,0.16,0.55,1,4,0,1,0,13,27,3.5,3.82
2944,2945,192616,49,6,1,3,1885,2839,12,0,0,0.5,52,21,449,8,21,7,13,8,0,20,0.0,0.0,0.05,13,0,2,17,0,18,18,0.5,1.09
2945,2946,192616,49,7,1,14,,2840,13,1,1,0.4,14,10,201,4,9,2,8,3,0,10,0.23,0.23,0.08,3,2,0,9,0,3,10,0.4,1.14
2946,2947,192635,65,1,1,16,,2841,6,2,1,1.4,118,53,1932,3,41,47,135,30,0,33,0.07,0.03,0.05,23,3,6,80,1,19,21,1.4,0.48
2947,2948,192635,65,2,1,22,,2842,7,1,0,0.8,70,28,1598,1,45,62,112,32,0,38,0.03,0.0,0.03,19,1,0,81,0,13,9,0.8,0.31
2948,2949,192635,65,3,1,49,,2843,8,3,1,1.7,69,10,1734,3,49,65,123,38,0,37,0.11,0.04,0.06,25,4,0,75,0,9,12,1.7,0.43
2949,2950,192635,65,4,1,50,,2844,9,1,0,1.1,73,13,1615,4,40,34,83,33,1,36,0.04,0.0,0.04,22,1,1,72,0,8,15,1.1,0.48
2950,2951,192635,65,5,1,10,,2845,10,3,0,2.6,83,20,1967,5,46,35,149,31,0,41,0.1,0.0,0.08,27,3,3,71,2,19,17,2.6,0.57
2951,2952,192635,65,6,1,10,,2846,11,2,1,1.6,109,37,1500,3,33,43,150,40,0,24,0.07,0.04,0.06,18,3,2,72,2,19,22,1.6,0.65
2952,2953,192638,40,4,2,40,997,2847,10,0,2,0.3,57,8,351,13,35,9,17,24,0,39,0.0,0.18,0.03,17,2,1,5,1,9,32,0.3,0.63
2953,2954,192638,40,5,2,23,,2848,11,1,1,1.2,36,10,304,9,27,8,27,16,0,24,0.08,0.08,0.09,12,2,0,6,0,13,19,1.2,0.62
2954,2955,192735,15,1,2,32,,2849,8,0,1,0.9,118,46,1257,18,30,26,18,15,0,32,0.0,0.04,0.03,9,1,1,9,0,42,58,0.9,0.4
2955,2956,192735,89,4,2,39,,2850,11,1,0,0.1,93,25,1327,15,39,12,13,9,0,36,0.05,0.0,0.01,14,1,1,8,2,35,38,0.1,0.11
2956,2957,192735,89,5,2,16,,2851,12,1,1,0.6,172,51,2163,17,83,23,16,29,0,73,0.03,0.03,0.02,43,2,0,12,0,68,70,0.6,0.32
2957,2958,192735,89,6,2,93,,2852,13,0,1,0.6,188,29,2081,23,61,30,29,30,0,60,0.0,0.03,0.02,24,1,0,11,4,47,88,0.6,0.38
2958,2959,192736,105,1,5,17,,2853,11,0,0,1.5,6,3,67,2,1,0,4,1,0,1,0.0,0.0,0.45,1,0,0,15,2,2,7,1.5,3.36
2959,2960,193004,121,1,1,41,,2854,7,1,0,1.8,96,35,1444,5,49,69,169,56,0,50,0.03,0.0,0.05,22,1,3,83,0,20,27,1.8,0.68
2960,2961,193004,32,3,1,25,619,2855,9,0,1,1.3,116,24,1835,9,31,47,114,28,0,31,0.0,0.03,0.04,12,1,0,50,1,16,31,1.3,0.4
2961,2962,193004,32,4,1,25,,2856,10,2,1,2.1,108,26,1541,7,40,32,116,27,1,32,0.07,0.03,0.07,19,3,1,62,1,14,37,2.1,0.83
2962,2963,193004,32,5,1,6,,2857,11,1,2,1.6,135,56,1629,10,49,38,123,44,0,51,0.03,0.06,0.05,27,3,2,55,4,34,39,1.6,0.74
2963,2964,193004,32,6,1,52,,2858,12,0,3,1.7,172,38,2330,9,39,40,150,33,0,42,0.0,0.09,0.05,23,3,1,79,6,19,39,1.7,0.87
2964,2965,193033,94,1,3,3,,2859,7,0,0,0.7,5,2,42,1,4,0,7,3,0,3,0.0,0.0,0.31,1,0,0,7,1,5,5,0.7,2.25
2965,2966,193033,134,6,3,23,,2860,12,12,3,13.9,73,40,516,27,21,12,58,32,0,25,0.38,0.09,0.44,7,15,0,179,2,37,71,12.3,2.54
2966,2967,193033,65,7,3,6,2562,2861,14,9,4,7.3,27,21,222,16,14,7,26,20,0,20,0.61,0.27,0.5,5,13,0,58,4,9,44,6.5,2.93
2967,2968,193098,50,1,1,30,,2862,10,1,1,1.1,117,176,1152,31,63,41,97,35,0,53,0.03,0.03,0.03,29,2,0,28,2,98,77,1.1,0.72
2968,2969,193098,80,2,1,5,476,2863,11,0,4,2.7,83,122,993,25,37,23,47,21,0,32,0.0,0.16,0.11,12,4,1,19,0,73,61,2.7,0.95
2969,2970,193098,80,3,1,67,,2864,12,0,2,0.9,65,61,897,17,42,35,48,18,0,43,0.0,0.1,0.05,20,2,0,23,1,36,35,0.9,0.55
2970,2971,193098,80,4,1,21,,2865,13,5,3,3.8,97,93,1016,21,76,34,82,28,1,60,0.19,0.11,0.14,33,8,1,24,0,59,56,3.8,1.01
2971,2972,193098,48,5,1,5,1274,2866,14,0,3,0.6,37,65,581,22,23,7,37,18,0,36,0.0,0.2,0.04,13,3,2,9,1,29,34,0.6,0.88
2972,2973,193098,48,6,1,16,,2867,15,2,0,1.1,24,32,428,11,18,13,37,11,0,19,0.17,0.0,0.1,12,2,0,4,0,20,22,1.1,0.7
2973,2974,193116,48,2,2,33,,2868,9,3,3,3.9,113,38,600,37,53,25,18,25,0,62,0.12,0.12,0.15,18,6,0,19,3,28,92,3.9,2.14
2974,2975,193116,48,3,2,37,,2869,10,3,5,2.5,221,33,1102,42,61,43,23,38,0,84,0.08,0.14,0.07,27,8,2,21,6,36,120,2.5,1.22
2975,2976,193116,48,4,2,49,,2870,11,3,4,1.5,196,52,1023,51,106,35,34,53,0,104,0.09,0.12,0.04,54,7,0,22,15,32,103,1.5,1.25
2976,2977,193116,48,5,4,50,,2871,12,1,3,2.4,140,34,805,18,66,24,19,43,0,71,0.03,0.1,0.08,34,4,0,22,11,35,80,2.4,1.4
2977,2978,193116,48,6,4,102,,2872,13,6,4,5.0,189,59,972,44,59,21,21,33,1,77,0.18,0.12,0.15,32,10,0,9,15,45,106,5.0,1.2
2978,2979,193116,48,7,5,43,,2873,15,0,3,1.8,51,19,264,20,15,4,3,9,0,10,0.0,0.25,0.16,4,3,0,7,6,9,39,1.8,1.6
2979,2980,193130,102,1,3,28,,2874,11,5,0,5.4,22,24,266,20,15,10,11,8,0,9,0.36,0.0,0.39,4,5,0,42,1,25,41,5.4,3.74
2980,2981,193130,66,2,3,14,,2875,12,6,1,5.2,35,24,345,18,8,2,9,3,0,13,0.35,0.06,0.3,2,7,0,43,0,18,45,5.2,3.34
2981,2982,193534,32,4,3,2,,2876,15,2,2,1.7,5,3,76,8,5,0,4,3,0,4,0.36,0.36,0.31,0,4,0,16,0,1,12,1.7,2.17
2982,2983,193782,9,1,5,11,,2877,10,9,3,6.7,22,12,307,15,15,1,16,9,0,14,0.64,0.21,0.47,4,12,0,40,0,5,31,6.7,3.06
2983,2984,193782,9,2,3,45,,2878,11,7,1,7.3,16,7,219,13,6,1,9,12,0,8,0.54,0.08,0.56,1,8,0,42,1,5,27,6.5,3.76
2984,2985,193782,9,3,3,122,,2879,12,11,2,7.2,21,7,226,15,8,2,10,9,0,4,0.8,0.14,0.52,2,13,0,38,0,5,30,5.7,2.82
2985,2986,193782,9,4,3,11,,2880,13,6,0,6.0,10,6,115,7,6,1,6,5,0,5,0.82,0.0,0.82,2,6,0,19,1,5,27,5.2,3.02
2986,2987,193782,7,5,5,20,1611,2881,14,1,0,1.4,8,2,56,1,3,2,13,0,0,1,0.27,0.0,0.39,0,1,0,21,0,6,8,1.4,2.99
2987,2988,193784,92,2,1,13,,2882,12,0,2,0.4,68,60,692,9,28,22,61,22,0,20,0.0,0.1,0.02,12,2,0,30,0,36,29,0.4,0.19
2988,2989,193784,92,3,1,3,,2883,13,0,3,0.3,147,87,1304,22,56,37,55,26,0,39,0.0,0.1,0.01,22,3,1,41,1,55,51,0.3,0.19
2989,2990,193784,76,5,7,3,,2884,15,0,1,0.6,107,51,1040,16,75,28,94,29,0,50,0.0,0.03,0.02,31,1,1,20,1,40,41,0.6,0.31
2990,2991,193867,40,4,2,87,998,2885,10,2,3,2.5,100,22,592,39,22,9,13,14,0,31,0.09,0.13,0.11,9,5,0,14,1,19,87,2.5,1.87
2991,2992,193867,40,5,2,80,,2886,11,0,1,0.5,38,11,432,17,13,10,10,10,0,21,0.0,0.09,0.04,4,1,0,6,3,9,33,0.5,1.07
2992,2993,193877,39,1,5,17,,2887,7,0,0,0.2,3,8,23,0,1,0,0,0,0,2,0.0,0.0,0.3,1,0,0,0,0,3,5,0.2,4.86
2993,2994,194460,116,1,7,9,,2888,9,0,1,0.7,118,73,915,24,61,31,82,34,0,42,0.0,0.04,0.03,24,1,1,31,1,36,52,0.7,0.81
2994,2995,194460,116,3,7,25,,2889,11,1,0,0.6,31,13,298,5,15,14,16,8,0,12,0.13,0.0,0.07,7,1,0,6,1,14,21,0.6,1.08
2995,2996,195171,51,1,5,25,15,2890,8,4,2,1.7,42,56,399,19,15,8,11,16,0,25,0.35,0.18,0.15,4,6,0,13,1,40,47,1.7,2.64
2996,2997,195171,51,2,5,10,,2891,9,2,3,4.1,45,48,409,43,24,24,5,17,1,42,0.15,0.22,0.3,9,5,0,14,3,43,68,4.1,2.31
2997,2998,195171,51,3,3,39,,2892,10,1,0,2.5,41,41,356,10,24,6,9,21,0,40,0.08,0.0,0.19,14,1,0,8,0,30,34,2.5,1.91
2998,2999,195171,20,5,5,52,1246,2893,12,4,0,2.9,76,54,474,30,21,9,2,21,0,40,0.26,0.0,0.19,8,4,0,7,2,41,63,2.9,2.44
2999,3000,195171,67,6,5,6,2000,2894,13,0,0,0.3,26,27,213,15,12,1,3,16,0,19,0.0,0.0,0.04,7,0,0,2,0,24,27,0.3,1.01
3000,3001,195171,67,6,5,6,2001,2894,13,0,0,0.3,26,27,213,15,12,1,3,16,0,19,0.0,0.0,0.04,7,0,0,2,0,24,27,0.3,1.01
3001,3002,195246,94,1,7,9,,2895,7,0,2,1.0,60,22,723,16,42,30,48,16,1,43,0.0,0.12,0.06,24,2,1,23,1,19,38,1.0,1.55
3002,3003,195246,32,3,1,112,686,2896,9,0,1,0.2,73,10,954,4,33,26,39,19,1,50,0.0,0.07,0.01,22,1,1,11,1,10,15,0.2,0.35
3003,3004,195246,32,4,1,28,,2897,10,0,0,0.2,54,13,564,5,24,11,25,13,0,33,0.0,0.0,0.02,17,0,0,13,0,9,19,0.2,0.7
3004,3005,195246,32,6,1,17,,2898,12,0,5,0.3,85,34,715,15,18,15,26,22,1,30,0.0,0.42,0.03,10,5,0,9,2,31,38,0.3,1.18
3005,3006,195605,50,1,2,23,16,2899,7,3,0,2.6,119,68,600,30,13,4,6,7,0,25,0.17,0.0,0.15,4,3,0,7,8,52,78,2.6,1.22
3006,3007,195633,56,3,1,14,,2900,11,0,1,0.1,73,62,922,12,48,29,87,36,0,46,0.0,0.04,0.0,25,1,2,39,0,53,31,0.1,0.11
3007,3008,195633,56,6,1,33,,2901,14,1,1,0.2,82,36,995,15,35,19,78,27,0,35,0.04,0.04,0.01,17,2,0,41,0,18,34,0.2,0.39
3008,3009,195652,100,1,8,20,,2902,7,1,1,0.8,28,56,213,10,6,4,4,2,0,7,0.11,0.11,0.09,2,2,0,2,2,35,20,0.8,1.02
3009,3010,195680,124,1,2,9,,2903,9,0,0,1.6,111,20,563,33,45,29,30,21,1,33,0.0,0.0,0.07,10,0,0,33,1,16,61,0.8,1.01
3010,3011,195736,8,1,2,32,,2904,7,0,3,1.3,177,54,1309,27,77,72,56,34,0,80,0.0,0.11,0.05,36,3,1,46,3,41,85,1.3,1.2
3011,3012,195736,8,2,8,42,,2905,8,0,3,1.3,156,37,1561,18,59,49,41,33,0,61,0.0,0.11,0.05,29,3,1,33,6,37,69,1.3,0.64
3012,3013,195736,8,3,8,26,,2906,9,2,1,2.5,160,29,1228,16,37,51,47,38,1,52,0.1,0.05,0.12,19,3,1,30,1,33,56,2.5,0.96
3013,3014,195736,8,4,7,11,,2907,10,0,0,0.6,110,22,940,11,37,29,36,18,0,31,0.0,0.0,0.03,17,0,1,23,1,13,38,0.6,0.48
3014,3015,195736,8,6,7,20,1740,2908,12,1,6,1.2,152,32,1496,19,54,52,90,41,0,54,0.04,0.24,0.05,22,7,2,34,7,17,62,1.2,0.82
3015,3016,195736,8,7,2,38,2563,2909,14,0,0,0.2,44,4,361,5,15,8,18,6,0,14,0.0,0.0,0.02,8,0,0,7,3,8,17,0.2,0.9
3016,3017,195736,8,7,2,38,2564,2909,14,0,0,0.2,44,4,361,5,15,8,18,6,0,14,0.0,0.0,0.02,8,0,0,7,3,8,17,0.2,0.9
3017,3018,196095,94,1,5,28,161,2910,7,9,1,7.9,75,38,479,23,20,13,8,20,0,20,0.47,0.05,0.42,2,10,1,12,5,29,63,5.6,3.2
3018,3019,196095,94,2,5,41,,2911,8,7,1,4.9,36,17,286,11,10,4,4,11,0,18,0.5,0.07,0.35,2,8,0,12,5,25,42,2.5,2.84
3019,3020,196095,74,4,4,45,925,2912,10,1,0,1.8,20,5,189,5,9,8,3,5,0,13,0.13,0.0,0.23,5,1,0,2,0,8,13,1.8,2.13
3020,3021,196095,74,5,5,25,,2913,11,4,0,3.5,12,5,117,1,5,3,5,6,0,10,0.69,0.0,0.6,2,4,0,1,1,1,9,1.9,1.72
3021,3022,196095,30,6,4,23,1901,2914,12,3,0,2.9,46,30,320,16,19,6,8,18,0,16,0.24,0.0,0.23,5,3,1,7,4,20,42,2.1,3.3
3022,3023,196095,30,6,4,23,1902,2914,12,3,0,2.9,46,30,320,16,19,6,8,18,0,16,0.24,0.0,0.23,5,3,1,7,4,20,42,2.1,3.3
3023,3024,196357,9,1,1,43,,2915,7,3,1,1.1,214,23,2242,7,44,45,142,39,0,32,0.09,0.03,0.04,17,4,1,74,1,15,26,1.1,0.37
3024,3025,196357,9,2,1,22,,2916,8,0,1,0.3,132,14,1857,4,36,27,98,25,1,29,0.0,0.04,0.01,18,1,2,72,1,6,19,0.3,0.26
3025,3026,196357,9,3,1,131,,2917,9,1,0,0.8,125,13,1778,1,30,33,89,19,0,21,0.04,0.0,0.03,11,1,1,69,0,12,7,0.8,0.37
3026,3027,196357,9,4,1,11,,2918,10,2,2,1.2,102,18,1685,9,25,43,156,31,0,33,0.06,0.06,0.04,17,4,0,96,5,10,23,1.2,0.5
3027,3028,196357,9,5,1,26,,2919,11,1,0,1.1,56,8,1455,6,25,40,118,30,0,18,0.04,0.0,0.04,12,1,0,57,0,4,15,1.1,0.36
3028,3029,196357,9,6,1,11,,2920,12,4,1,2.1,133,17,2070,5,19,23,97,28,0,16,0.14,0.03,0.07,5,5,1,62,1,26,19,2.1,0.89
3029,3030,196357,9,7,1,43,,2921,13,2,0,0.7,81,11,1137,1,6,15,50,13,0,5,0.13,0.0,0.05,3,2,2,30,2,12,10,0.7,0.87
3030,3031,196435,109,3,1,28,,2922,9,0,1,0.5,33,30,436,9,19,18,47,9,0,14,0.0,0.07,0.03,8,1,0,28,0,24,25,0.5,0.22
3031,3032,196792,63,1,7,43,,2923,7,1,0,0.2,79,6,1123,2,32,16,56,18,0,41,0.06,0.0,0.01,24,1,2,17,4,8,6,0.2,0.19
3032,3033,196792,63,2,8,26,394,2924,8,1,0,0.3,64,11,751,4,16,8,21,10,0,16,0.09,0.0,0.02,9,1,0,13,0,8,14,0.3,0.79
3033,3034,196792,65,6,2,41,2189,2925,12,2,3,2.4,105,14,1311,24,66,48,61,47,0,67,0.07,0.1,0.08,41,5,1,25,2,16,52,0.9,0.55
3034,3035,196792,65,7,2,6,,2926,14,0,0,0.5,44,4,681,8,22,27,29,18,0,16,0.0,0.0,0.04,12,0,0,16,2,8,26,0.5,1.04
3035,3036,196815,44,2,4,61,,2927,8,0,1,0.4,7,3,59,4,8,2,4,3,0,12,0.0,0.28,0.11,4,1,0,7,0,2,10,0.4,2.49
3036,3037,196948,55,2,1,43,,2928,8,0,0,0.5,75,17,1199,4,38,29,56,12,0,21,0.0,0.0,0.03,15,0,0,68,2,12,14,0.5,0.36
3037,3038,196948,24,5,1,22,1648,2929,11,1,1,1.0,91,18,1416,6,20,21,47,14,0,16,0.05,0.05,0.05,10,2,0,42,3,15,15,1.0,0.51
3038,3039,196948,24,6,7,7,,2930,12,2,2,1.0,117,24,1480,7,23,21,41,23,0,28,0.09,0.09,0.05,16,4,0,54,0,18,28,1.0,0.55
3039,3040,197122,77,2,1,13,,2931,12,1,0,0.3,16,6,152,1,9,8,31,13,0,9,0.17,0.0,0.05,5,1,0,22,0,0,4,0.3,0.34
3040,3041,197122,77,5,1,17,,2932,15,0,1,0.2,51,11,638,3,23,19,60,23,1,17,0.0,0.05,0.01,12,1,2,38,0,6,6,0.2,0.26
3041,3042,197122,77,6,1,28,,2933,16,1,0,0.1,12,2,158,1,12,8,18,7,1,10,0.16,0.0,0.02,5,1,0,4,0,2,2,0.1,0.32
3042,3043,197300,68,1,4,7,,2934,9,2,3,3.8,66,58,550,35,14,6,10,9,1,18,0.12,0.18,0.23,7,5,0,8,9,33,86,3.8,3.24
3043,3044,197300,68,2,4,65,,2935,10,1,1,4.4,56,45,565,34,13,13,12,11,0,25,0.06,0.06,0.25,5,2,1,4,3,36,66,4.4,2.86
3044,3045,197300,68,3,8,22,,2936,11,0,2,1.3,39,37,447,25,9,14,7,6,0,20,0.0,0.19,0.12,4,2,1,6,1,26,43,1.3,1.2
3045,3046,197300,68,4,4,16,,2937,12,1,3,1.5,73,40,452,17,16,5,15,12,0,13,0.06,0.18,0.09,6,4,0,7,4,31,62,1.5,2.01
3046,3047,197473,110,1,2,25,189,2938,8,0,0,0.9,7,2,94,2,20,8,10,8,0,10,0.0,0.0,0.18,2,0,0,6,0,3,5,0.9,0.97
3047,3048,197473,110,2,2,25,428,2939,9,1,1,0.3,22,10,198,5,10,19,9,5,0,13,0.14,0.14,0.05,5,2,1,7,1,8,11,0.3,1.12
3048,3049,197473,110,3,8,67,687,2940,10,0,0,0.5,34,13,362,3,30,26,32,22,0,29,0.0,0.0,0.04,8,0,0,13,0,9,15,0.5,0.76
3049,3050,197473,23,4,2,52,1117,2941,11,0,1,1.1,76,13,840,15,47,63,33,27,1,38,0.0,0.04,0.05,16,1,1,54,2,13,41,1.1,0.99
3050,3051,197473,23,4,2,52,1118,2941,11,0,1,1.1,76,13,840,15,47,63,33,27,1,38,0.0,0.04,0.05,16,1,1,54,2,13,41,1.1,0.99
3051,3052,197473,40,5,2,28,1539,2942,12,0,0,0.6,50,5,453,6,26,27,45,23,0,24,0.0,0.0,0.04,15,0,0,26,0,6,13,0.6,0.75
3052,3053,197473,40,5,2,28,1540,2942,12,0,0,0.6,50,5,453,6,26,27,45,23,0,24,0.0,0.0,0.04,15,0,0,26,0,6,13,0.6,0.75
3053,3054,197473,40,6,2,3,2063,2943,13,0,1,1.1,75,13,696,6,30,41,37,26,1,26,0.0,0.05,0.05,10,1,0,28,3,13,24,1.1,1.15
3054,3055,197473,40,7,2,40,,2944,14,0,0,0.2,19,6,189,3,16,8,12,5,0,6,0.0,0.0,0.03,5,0,1,4,0,3,10,0.2,0.14
3055,3056,197491,42,2,1,17,,2945,10,0,0,0.9,24,1,345,2,18,12,31,13,0,12,0.0,0.0,0.08,7,0,0,14,0,1,5,0.9,0.36
3056,3057,197491,42,4,1,40,,2946,12,1,0,0.6,39,7,683,2,40,39,63,31,0,33,0.05,0.0,0.03,19,1,1,23,1,7,10,0.6,0.22
3057,3058,197545,98,1,6,9,,2947,11,0,0,0.5,70,70,670,12,43,30,47,20,0,27,0.0,0.0,0.03,13,0,0,28,0,61,40,0.5,0.49
3058,3059,197545,98,2,1,23,,2948,12,3,4,1.2,107,92,1165,23,64,28,63,26,0,59,0.09,0.13,0.04,24,7,0,42,0,69,63,1.2,0.5
3059,3060,197545,98,3,1,6,,2949,13,2,1,1.1,80,66,900,16,37,25,57,21,0,37,0.08,0.04,0.05,18,3,0,21,0,53,45,1.1,0.51
3060,3061,197747,51,1,1,22,,2950,8,2,0,0.9,86,11,1615,6,34,37,173,48,1,19,0.06,0.0,0.03,16,2,1,71,0,2,20,0.9,0.35
3061,3062,197747,51,2,1,8,,2951,9,1,0,1.6,130,17,1808,11,46,56,157,32,0,27,0.03,0.0,0.05,16,1,1,78,0,23,36,1.6,0.44
3062,3063,197747,51,4,1,43,,2952,11,1,0,0.6,71,6,893,3,24,19,45,21,1,18,0.06,0.0,0.04,14,1,0,46,1,0,12,0.6,0.77
3063,3064,197747,6,5,1,45,1541,2953,12,2,0,1.4,62,3,1673,2,33,38,108,33,0,22,0.06,0.0,0.04,11,2,0,78,1,7,14,1.4,0.4
3064,3065,197747,6,6,1,10,,2954,13,0,0,0.6,87,7,1604,6,25,29,115,29,0,24,0.0,0.0,0.02,16,0,0,76,1,2,12,0.6,0.41
3065,3066,197751,23,1,3,32,208,2955,7,0,0,2.0,10,7,134,9,3,2,4,7,0,7,0.0,0.0,0.27,0,0,0,48,0,3,18,2.0,3.09
3066,3067,197751,23,1,3,32,209,2955,7,0,0,2.0,10,7,134,9,3,2,4,7,0,7,0.0,0.0,0.27,0,0,0,48,0,3,18,2.0,3.09
3067,3068,197751,114,2,3,6,429,2956,8,1,0,1.5,17,13,84,8,2,0,3,1,0,3,0.21,0.0,0.33,1,1,0,23,0,6,13,1.5,2.36
3068,3069,197751,114,2,3,6,430,2956,8,1,0,1.5,17,13,84,8,2,0,3,1,0,3,0.21,0.0,0.33,1,1,0,23,0,6,13,1.5,2.36
3069,3070,197751,114,2,3,6,431,2956,8,1,0,1.5,17,13,84,8,2,0,3,1,0,3,0.21,0.0,0.33,1,1,0,23,0,6,13,1.5,2.36
3070,3071,197751,23,3,3,33,,2957,9,1,0,3.0,9,3,88,7,3,2,6,4,0,5,0.24,0.0,0.74,0,1,0,34,2,2,20,3.0,3.9
3071,3072,197751,40,6,3,3,1981,2958,12,1,0,1.2,9,3,68,4,3,3,7,3,0,5,0.17,0.0,0.19,2,1,0,41,0,7,8,1.2,1.65
3072,3073,197751,40,6,3,3,1982,2958,12,1,0,1.2,9,3,68,4,3,3,7,3,0,5,0.17,0.0,0.19,2,1,0,41,0,7,8,1.2,1.65
3073,3074,197838,57,1,3,10,,2959,16,18,4,18.3,39,45,280,32,14,6,28,16,1,17,0.59,0.13,0.6,4,22,0,67,3,21,59,14.4,2.44
3074,3075,197838,57,2,3,11,,2960,17,23,5,19.2,44,61,323,31,15,2,22,22,0,4,0.68,0.15,0.57,2,28,0,54,3,21,70,15.3,2.49
3075,3076,197838,57,3,3,37,,2961,18,15,9,19.9,31,57,295,28,18,4,32,14,0,15,0.48,0.29,0.63,2,24,0,50,0,17,64,12.8,2.31
3076,3077,197838,57,4,3,41,,2962,19,15,2,10.8,28,37,184,18,6,1,17,9,0,7,0.75,0.1,0.54,1,17,0,24,2,17,39,10.8,2.69
3077,3078,197838,57,5,3,9,,2963,20,3,4,6.7,14,16,137,14,9,2,30,17,0,8,0.15,0.19,0.32,1,7,0,47,3,9,34,5.9,1.31
3078,3079,197838,57,7,3,13,,2964,22,6,3,5.4,13,14,112,9,5,1,13,4,0,5,0.42,0.21,0.38,1,9,0,27,1,5,22,4.6,1.69
3079,3080,198116,110,1,7,3,63,2965,5,1,0,0.5,38,21,322,9,22,15,27,13,0,20,0.1,0.0,0.05,10,1,0,4,0,16,18,0.5,1.31
3080,3081,198116,110,1,7,3,64,2965,5,1,0,0.5,38,21,322,9,22,15,27,13,0,20,0.1,0.0,0.05,10,1,0,4,0,16,18,0.5,1.31
3081,3082,198116,110,1,7,3,65,2965,5,1,0,0.5,38,21,322,9,22,15,27,13,0,20,0.1,0.0,0.05,10,1,0,4,0,16,18,0.5,1.31
3082,3083,198116,69,3,1,14,688,2966,7,5,3,2.8,172,61,1298,72,32,47,50,18,0,28,0.17,0.1,0.1,13,8,1,15,0,44,117,2.8,1.31
3083,3084,198116,54,4,1,41,,2967,8,2,3,3.5,94,54,1000,48,28,19,19,6,0,24,0.13,0.19,0.22,13,5,0,8,0,31,88,2.7,2.39
3084,3085,198116,54,5,1,10,,2968,9,4,3,3.1,88,45,925,59,31,18,20,15,0,19,0.17,0.13,0.13,9,7,0,5,0,29,103,3.1,2.13
3085,3086,198116,54,6,1,22,,2969,10,5,6,2.9,100,51,1027,61,42,9,34,18,0,35,0.22,0.26,0.13,17,11,1,6,1,34,108,2.7,2.21
3086,3087,198116,54,7,6,8,,2970,12,3,3,1.7,42,21,505,31,9,9,13,11,0,8,0.23,0.23,0.13,5,6,0,4,0,22,61,1.7,2.36
3087,3088,198516,131,5,1,28,1375,2971,11,0,0,0.3,29,8,242,5,17,10,33,16,0,14,0.0,0.0,0.03,10,0,0,13,0,6,19,0.3,0.57
3088,3089,198516,131,6,1,33,,2972,12,1,3,1.6,42,10,424,18,26,14,49,34,0,24,0.06,0.19,0.1,15,4,0,25,0,7,25,1.6,0.49
3089,3090,198589,107,2,2,9,,2973,9,0,0,0.6,23,10,182,8,8,2,5,5,0,10,0.0,0.0,0.09,2,0,0,3,0,1,20,0.6,1.98
3090,3091,198709,66,5,1,28,1297,2974,13,0,0,1.1,84,5,1251,4,50,59,132,44,0,29,0.0,0.0,0.03,19,0,1,63,0,9,13,1.1,0.32
3091,3092,199248,5,1,2,11,126,2975,8,4,3,3.8,182,39,1072,28,63,29,48,37,0,49,0.15,0.11,0.14,19,7,0,65,4,46,71,3.8,1.6
3092,3093,199248,5,1,2,11,127,2975,8,4,3,3.8,182,39,1072,28,63,29,48,37,0,49,0.15,0.11,0.14,19,7,0,65,4,46,71,3.8,1.6
3093,3094,199248,5,2,2,26,432,2976,9,1,3,1.6,137,24,903,19,25,22,23,13,1,27,0.06,0.17,0.09,8,4,0,19,5,32,44,1.6,1.62
3094,3095,199248,5,3,7,11,,2977,10,1,3,2.4,142,24,1224,16,27,40,61,21,0,28,0.04,0.13,0.1,10,4,1,30,5,21,41,2.4,1.17
3095,3096,199248,5,4,2,10,,2978,11,2,0,2.2,231,31,1484,24,79,40,45,31,0,69,0.07,0.0,0.08,37,2,0,87,3,33,62,2.2,1.34
3096,3097,199248,5,5,8,11,,2979,12,1,1,2.6,142,16,1381,16,113,18,53,39,1,90,0.03,0.03,0.08,55,2,0,75,6,13,42,1.9,0.86
3097,3098,199248,5,6,8,11,,2980,13,3,4,4.0,234,47,1785,30,72,25,55,36,0,50,0.08,0.11,0.11,28,7,2,82,5,52,82,4.0,1.48
3098,3099,199248,5,7,2,11,,2981,14,1,0,0.8,71,15,572,6,23,11,20,12,0,16,0.09,0.0,0.07,9,1,0,25,2,16,22,0.8,1.17
3099,3100,199258,114,1,3,21,190,2982,8,16,1,13.5,68,84,600,28,15,4,15,23,0,9,0.48,0.03,0.4,2,17,0,37,0,48,84,8.7,2.46
3100,3101,199258,114,1,3,21,191,2982,8,16,1,13.5,68,84,600,28,15,4,15,23,0,9,0.48,0.03,0.4,2,17,0,37,0,48,84,8.7,2.46
3101,3102,199258,114,2,3,11,433,2983,9,12,1,13.4,82,88,650,36,9,1,27,11,0,17,0.36,0.03,0.4,3,13,0,74,3,50,106,7.9,3.06
3102,3103,199258,114,2,3,11,434,2983,9,12,1,13.4,82,88,650,36,9,1,27,11,0,17,0.36,0.03,0.4,3,13,0,74,3,50,106,7.9,3.06
3103,3104,199258,114,2,3,11,435,2983,9,12,1,13.4,82,88,650,36,9,1,27,11,0,17,0.36,0.03,0.4,3,13,0,74,3,50,106,7.9,3.06
3104,3105,199258,114,2,3,11,436,2983,9,12,1,13.4,82,88,650,36,9,1,27,11,0,17,0.36,0.03,0.4,3,13,0,74,3,50,106,7.9,3.06
3105,3106,199258,89,3,3,109,,2984,10,4,3,4.1,15,14,186,27,2,1,7,4,0,7,0.37,0.28,0.38,2,7,0,27,0,5,41,4.1,2.24
3106,3107,199258,89,4,3,16,,2985,11,3,1,1.6,11,15,114,10,3,0,5,1,0,4,0.46,0.15,0.25,1,4,0,17,0,10,14,1.6,2.0
3107,3108,199258,135,5,3,5,1542,2986,12,4,5,5.7,34,23,316,30,7,3,18,16,0,6,0.22,0.27,0.31,3,9,0,39,4,13,41,4.9,1.89
3108,3109,199258,135,5,3,5,1543,2986,12,4,5,5.7,34,23,316,30,7,3,18,16,0,6,0.22,0.27,0.31,3,9,0,39,4,13,41,4.9,1.89
3109,3110,199258,23,6,3,41,2064,2987,13,1,1,1.6,14,11,170,18,4,1,4,6,0,2,0.09,0.09,0.15,1,2,0,26,1,8,30,1.6,1.81
3110,3111,199258,23,6,3,41,2065,2987,13,1,1,1.6,14,11,170,18,4,1,4,6,0,2,0.09,0.09,0.15,1,2,0,26,1,8,30,1.6,1.81
3111,3112,199258,23,6,3,41,2066,2987,13,1,1,1.6,14,11,170,18,4,1,4,6,0,2,0.09,0.09,0.15,1,2,0,26,1,8,30,1.6,1.81
3112,3113,199369,96,1,5,41,52,2988,8,0,0,2.5,40,30,280,18,19,9,3,12,0,11,0.0,0.0,0.22,4,0,0,9,2,25,47,2.5,3.58
3113,3114,199369,96,1,5,41,53,2988,8,0,0,2.5,40,30,280,18,19,9,3,12,0,11,0.0,0.0,0.22,4,0,0,9,2,25,47,2.5,3.58
3114,3115,199369,109,2,5,14,477,2989,9,3,1,4.7,37,19,254,12,12,7,2,11,0,20,0.21,0.07,0.32,2,4,0,9,2,12,37,3.9,2.96
3115,3116,199369,109,2,5,14,478,2989,9,3,1,4.7,37,19,254,12,12,7,2,11,0,20,0.21,0.07,0.32,2,4,0,9,2,12,37,3.9,2.96
3116,3117,199369,120,3,3,108,689,2990,10,5,1,2.2,24,31,246,10,13,10,2,11,0,11,0.35,0.07,0.16,4,6,0,9,0,13,32,2.2,2.1
3117,3118,199369,97,4,3,80,846,2991,11,3,0,3.0,23,34,280,13,7,2,3,14,0,12,0.18,0.0,0.18,1,3,0,14,1,23,54,3.0,3.08
3118,3119,199369,136,6,3,3,2047,2992,13,1,3,3.7,54,61,516,32,12,4,14,13,0,15,0.05,0.15,0.19,6,4,1,7,1,26,77,3.0,2.54
3119,3120,199369,136,7,5,17,,2993,14,7,2,2.2,22,25,200,12,16,11,14,8,0,19,0.64,0.18,0.2,9,9,0,6,1,11,24,2.2,2.11
3120,3121,199527,83,1,8,25,54,2994,8,0,1,0.1,7,8,36,1,6,1,7,5,0,4,0.0,0.3,0.02,2,1,0,4,1,8,2,0.1,0.6
3121,3122,199527,83,3,7,52,,2995,10,2,3,1.7,47,48,420,19,39,14,29,27,0,49,0.11,0.17,0.09,24,5,0,5,0,36,46,1.7,1.66
3122,3123,199527,83,4,9,33,,2996,11,1,2,2.2,44,51,364,20,49,23,17,20,0,41,0.06,0.12,0.13,26,3,0,14,1,28,46,2.2,1.65
3123,3124,199527,83,5,3,9,,2997,12,4,2,3.3,57,67,296,19,15,7,3,17,0,20,0.29,0.14,0.24,8,6,0,3,6,32,49,3.3,2.09
3124,3125,199527,83,6,9,16,,2998,13,3,7,2.1,52,33,343,31,20,6,16,17,0,26,0.23,0.53,0.16,12,10,0,4,10,27,55,2.1,2.27
3125,3126,199527,83,7,3,16,,2999,14,3,5,1.7,39,30,235,16,10,3,6,14,0,12,0.35,0.58,0.2,7,8,0,2,2,13,31,1.7,2.2
3126,3127,199528,124,1,4,17,,3000,8,3,2,4.1,23,81,203,16,26,11,17,30,0,29,0.15,0.1,0.2,9,5,0,11,4,44,55,4.1,2.28
3127,3128,199704,1,1,1,17,,3001,15,0,0,1.6,71,16,1330,3,60,65,196,44,0,40,0.0,0.0,0.04,30,0,0,113,0,7,25,1.6,0.5
3128,3129,199704,1,2,1,28,,3002,16,3,0,1.7,96,21,1323,5,46,47,99,26,0,30,0.11,0.0,0.06,17,3,1,85,0,12,23,1.7,0.68
3129,3130,199704,1,3,1,3,,3003,17,3,0,1.9,99,18,1506,4,59,61,132,34,1,42,0.09,0.0,0.06,26,3,0,92,0,5,17,1.9,0.47
3130,3131,199704,1,4,1,28,,3004,18,2,0,1.2,119,23,1284,9,48,68,104,50,1,32,0.06,0.0,0.04,16,2,0,62,0,19,22,1.2,0.54
3131,3132,199704,1,5,1,74,,3005,19,1,2,2.4,215,40,1679,13,82,64,116,65,0,52,0.03,0.05,0.06,39,3,1,93,0,21,43,2.4,0.86
3132,3133,199704,1,6,1,71,,3006,20,4,0,3.4,137,36,1552,8,64,39,109,51,0,45,0.13,0.0,0.11,26,4,2,61,2,19,24,2.6,0.68
3133,3134,199704,35,7,1,27,2590,3007,22,0,0,0.2,22,4,421,1,17,12,54,22,0,16,0.0,0.0,0.02,10,0,1,19,0,1,5,0.2,0.19
3134,3135,199733,6,1,4,14,,3008,8,2,1,0.6,34,13,306,14,12,7,6,3,0,9,0.31,0.16,0.09,2,3,0,2,0,8,34,0.6,2.02
3135,3136,199733,6,2,2,14,,3009,9,1,0,0.5,58,12,370,12,17,13,10,7,0,20,0.15,0.0,0.07,10,1,0,4,1,10,31,0.5,1.37
3136,3137,199733,6,3,2,108,,3010,10,0,0,0.3,43,12,351,5,7,9,7,3,0,18,0.0,0.0,0.05,4,0,0,1,1,9,16,0.3,0.95
3137,3138,199733,6,4,2,28,,3011,11,1,2,0.4,97,9,1201,25,36,17,19,24,0,38,0.05,0.11,0.02,12,3,1,6,6,12,39,0.4,0.63
3138,3139,199733,6,5,2,9,,3012,12,0,1,0.2,83,8,1147,16,25,24,33,23,0,40,0.0,0.05,0.01,14,1,0,1,3,9,35,0.2,0.33
3139,3140,199733,6,6,2,41,,3013,13,1,0,0.4,69,9,800,11,24,17,19,15,0,18,0.07,0.0,0.02,8,1,1,6,3,9,23,0.4,0.79
3140,3141,199733,70,7,2,67,2631,3014,15,3,0,0.9,47,11,398,8,18,9,16,7,0,16,0.33,0.0,0.1,8,3,0,0,1,15,17,0.9,1.23
3141,3142,199733,70,7,2,67,2632,3014,15,3,0,0.9,47,11,398,8,18,9,16,7,0,16,0.33,0.0,0.1,8,3,0,0,1,15,17,0.9,1.23
3142,3143,199941,122,1,1,59,,3015,8,0,3,1.0,57,34,705,55,26,17,59,20,0,25,0.0,0.12,0.04,15,3,0,5,1,34,81,1.0,0.93
3143,3144,199953,27,4,5,38,1022,3016,12,1,2,3.5,31,31,297,16,19,9,6,19,0,23,0.05,0.1,0.18,7,3,0,36,2,17,38,3.5,1.99
3144,3145,199953,27,6,3,63,,3017,14,4,1,2.9,15,14,138,16,8,1,7,11,0,9,0.32,0.08,0.23,5,5,0,33,1,8,35,2.9,2.15
3145,3146,200056,89,1,1,26,,3018,9,0,2,0.6,123,67,1516,15,40,24,51,11,0,49,0.0,0.09,0.02,25,2,0,28,0,55,38,0.6,0.56
3146,3147,200056,89,2,1,64,,3019,10,1,2,0.2,115,56,1074,21,18,24,26,16,0,26,0.06,0.12,0.01,12,3,0,8,1,49,42,0.2,0.3
3147,3148,200056,6,4,1,47,1119,3020,12,1,0,0.8,96,26,1216,12,46,24,34,18,0,45,0.04,0.0,0.03,29,1,1,17,2,22,39,0.8,0.18
3148,3149,200056,6,5,1,25,,3021,13,1,1,0.2,103,36,1186,13,39,20,42,31,0,41,0.05,0.05,0.01,23,2,0,24,2,27,38,0.2,0.18
3149,3150,200056,6,6,1,9,,3022,14,0,0,0.2,51,27,713,9,24,17,31,16,0,24,0.0,0.0,0.02,15,0,0,14,1,23,21,0.2,0.15
3150,3151,200512,21,1,3,55,,3023,11,22,1,15.1,129,121,946,45,35,15,10,28,0,43,0.64,0.03,0.44,14,23,1,35,14,87,119,15.1,2.54
3151,3152,200512,21,2,3,19,,3024,12,18,7,13.2,128,159,923,59,44,13,11,19,0,40,0.59,0.23,0.43,13,25,2,41,6,103,114,13.2,2.52
3152,3153,200512,21,3,3,4,,3025,13,11,7,14.1,112,142,812,61,48,15,11,30,0,33,0.35,0.22,0.45,12,18,0,35,2,88,141,14.1,3.01
3153,3154,200512,21,4,3,36,,3026,14,16,2,17.2,130,105,818,41,33,8,15,30,0,26,0.51,0.06,0.55,8,18,0,30,16,57,114,17.2,3.13
3154,3155,200512,86,5,5,31,,3027,15,7,5,8.9,43,59,307,24,11,0,4,15,0,9,0.44,0.32,0.56,1,12,0,22,3,26,61,7.2,3.35
3155,3156,201737,103,1,1,6,,3028,10,1,0,3.1,124,10,1229,10,35,41,203,39,0,32,0.03,0.0,0.09,12,1,4,140,0,4,33,3.1,0.75
3156,3157,201737,82,5,1,52,1681,3029,14,0,2,2.0,52,2,884,7,46,43,114,35,0,51,0.0,0.07,0.07,28,2,1,86,1,4,19,2.0,0.57
3157,3158,201737,82,6,1,33,,3030,15,1,0,1.1,26,1,441,2,16,12,106,25,0,17,0.07,0.0,0.08,6,1,2,45,0,1,10,1.1,0.51
3158,3159,202318,26,2,3,17,,3031,11,2,1,1.8,44,33,279,22,14,6,3,5,1,19,0.22,0.11,0.2,7,3,0,5,6,25,38,1.8,2.63
3159,3160,202318,26,3,4,62,,3032,12,6,8,5.2,217,120,1080,76,24,12,7,19,0,51,0.19,0.26,0.17,13,14,0,27,10,89,168,3.7,2.49
3160,3161,202318,26,4,4,14,,3033,13,4,2,1.5,74,50,505,32,18,12,5,8,1,38,0.24,0.12,0.09,14,6,0,9,5,40,46,1.5,1.12
3161,3162,202591,13,2,7,16,,3034,7,0,0,0.7,54,22,421,6,26,14,18,19,0,33,0.0,0.0,0.08,14,0,0,7,0,20,18,0.7,1.01
3162,3163,202591,93,3,7,5,690,3035,8,0,1,0.2,33,12,258,3,12,8,8,9,0,9,0.0,0.17,0.03,2,1,0,2,0,6,7,0.2,0.83
3163,3164,202591,93,4,1,5,962,3036,9,3,3,1.3,60,24,569,14,30,19,14,16,0,22,0.24,0.24,0.11,12,6,0,6,2,17,23,1.3,1.18
3164,3165,202591,93,5,7,5,,3037,10,2,2,1.2,109,48,1198,20,73,35,46,48,0,66,0.08,0.08,0.05,43,4,0,22,4,36,55,1.2,1.28
3165,3166,202591,93,6,1,16,,3038,11,1,5,2.5,124,53,1314,40,68,33,37,49,0,58,0.04,0.18,0.09,27,6,0,23,15,51,89,2.5,1.25
3166,3167,202591,93,7,1,11,,3039,12,0,2,0.5,29,9,360,11,32,15,33,22,0,27,0.0,0.19,0.05,14,2,0,8,1,7,20,0.4,1.06
3167,3168,202886,55,1,4,20,,3040,7,6,2,2.8,61,52,539,16,18,11,5,10,0,12,0.54,0.18,0.26,3,8,0,21,2,31,49,2.8,2.53
3168,3169,202886,55,4,8,11,,3041,10,0,2,1.2,108,69,876,18,29,11,17,15,0,19,0.0,0.13,0.08,10,2,0,36,5,50,56,1.2,1.23
3169,3170,202886,55,5,8,11,,3042,11,0,1,0.8,90,56,782,16,25,12,23,15,0,22,0.0,0.06,0.05,12,1,0,22,1,29,36,0.8,0.53
3170,3171,202886,51,6,2,26,2136,3043,12,6,1,3.7,74,73,619,25,28,9,10,24,0,27,0.26,0.04,0.16,15,7,1,43,1,63,51,3.7,1.74
3171,3172,202886,51,7,2,26,,3044,13,0,0,0.5,37,20,251,12,14,2,9,1,0,7,0.0,0.0,0.06,4,0,0,11,1,13,27,0.5,0.79
3172,3173,202984,87,1,2,41,,3045,14,2,2,1.2,98,45,817,19,46,14,12,16,1,38,0.1,0.1,0.06,15,4,4,12,2,34,57,1.2,1.44
3173,3174,202984,105,2,2,25,,3046,15,1,3,1.4,129,43,716,29,40,11,8,13,0,44,0.04,0.13,0.06,13,4,0,11,3,47,74,1.4,1.21
3174,3175,202984,109,3,2,67,,3047,16,1,0,1.7,106,44,713,16,46,14,23,11,1,47,0.05,0.0,0.08,20,1,1,15,4,38,46,0.9,1.28
3175,3176,202984,109,5,2,28,,3048,18,2,1,1.4,116,29,790,18,27,13,18,16,1,38,0.11,0.06,0.08,12,3,0,11,4,23,40,1.4,1.45
3176,3177,203026,124,1,3,28,55,3049,11,1,0,0.6,9,7,50,7,2,0,9,3,0,3,0.2,0.0,0.12,0,1,0,31,0,1,15,0.6,2.22
3177,3178,203043,113,2,1,23,,3050,13,3,0,1.2,58,9,482,2,18,36,82,16,0,19,0.15,0.0,0.06,9,3,0,65,0,8,12,1.2,0.41
3178,3179,203043,76,4,1,40,,3051,15,1,0,0.6,59,14,806,5,24,18,77,21,0,20,0.06,0.0,0.03,9,1,1,35,1,10,12,0.6,0.7
3179,3180,203043,76,5,1,13,,3052,16,0,0,1.8,83,19,843,0,37,33,95,25,2,29,0.0,0.0,0.08,18,0,0,42,0,13,14,1.8,0.98
3180,3181,203123,8,7,5,28,2691,3053,15,1,1,1.9,3,1,43,4,1,1,7,2,0,1,0.29,0.29,0.55,0,2,0,23,0,5,5,1.9,4.04
3181,3182,203348,49,5,1,45,1454,3054,12,5,0,3.1,183,47,1441,5,43,42,89,25,0,31,0.16,0.0,0.1,22,5,0,72,1,66,36,3.1,0.85
3182,3183,203348,49,6,1,11,,3055,13,2,2,1.8,131,16,1222,7,33,13,95,21,0,30,0.08,0.08,0.07,17,4,1,40,0,29,20,1.8,0.77
3183,3184,203394,60,1,2,32,,3056,7,1,1,0.3,33,10,297,9,8,11,8,9,0,15,0.15,0.15,0.04,4,2,1,3,1,8,24,0.3,1.2
3184,3185,203394,60,2,4,41,,3057,8,1,3,2.3,89,49,569,32,24,7,7,13,0,39,0.06,0.18,0.14,10,4,0,10,2,35,63,2.3,2.24
3185,3186,203394,6,3,5,37,691,3058,9,1,2,0.7,32,17,187,13,5,1,4,6,1,12,0.17,0.33,0.11,2,3,0,2,1,9,18,0.6,2.32
3186,3187,203394,6,3,5,37,692,3058,9,1,2,0.7,32,17,187,13,5,1,4,6,1,12,0.17,0.33,0.11,2,3,0,2,1,9,18,0.6,2.32
3187,3188,203394,116,5,2,32,1366,3059,11,4,6,7.3,121,53,701,60,18,6,8,21,0,34,0.13,0.2,0.24,8,10,0,9,1,44,118,6.5,2.04
3188,3189,203394,116,6,2,37,,3060,12,3,7,4.6,138,56,912,84,25,4,12,16,0,41,0.1,0.24,0.16,11,10,0,13,14,51,137,4.6,1.79
3189,3190,203394,116,7,2,11,,3061,13,2,0,2.8,57,11,368,33,10,4,3,6,0,20,0.18,0.0,0.25,5,2,0,6,2,19,62,2.0,1.87
3190,3191,203460,48,2,5,26,,3062,8,8,6,6.8,197,212,1219,91,29,22,22,33,0,34,0.22,0.17,0.19,13,14,1,20,2,127,198,6.0,2.0
3191,3192,203460,48,3,5,93,,3063,9,6,10,4.6,189,172,872,81,31,12,5,20,0,24,0.25,0.41,0.19,15,16,3,25,2,98,169,4.6,2.06
3192,3193,203460,18,4,3,55,1042,3064,10,3,3,5.3,100,153,833,53,18,8,7,11,0,13,0.14,0.14,0.25,5,6,0,14,2,74,119,5.3,2.12
3193,3194,203460,18,5,3,31,,3065,11,5,7,4.6,100,143,902,50,25,7,9,17,0,23,0.22,0.31,0.2,13,12,0,14,6,83,104,4.6,1.8
3194,3195,203460,18,6,5,18,,3066,12,3,1,2.1,50,87,499,26,13,6,5,13,0,12,0.27,0.09,0.19,6,4,0,3,3,46,54,2.1,1.96
3195,3196,203460,18,7,5,66,,3067,14,0,1,0.7,42,64,293,22,9,2,4,9,0,4,0.0,0.16,0.12,2,1,1,1,0,16,39,0.7,1.88
3196,3197,203496,34,1,2,8,,3068,10,9,7,10.2,134,62,877,51,51,7,3,42,0,38,0.41,0.32,0.46,13,16,0,13,5,53,130,5.5,3.85
3197,3198,203496,80,2,4,55,365,3069,11,7,4,6.9,136,105,824,41,41,10,3,27,2,37,0.24,0.14,0.23,12,11,0,29,1,78,132,6.1,3.45
3198,3199,203496,80,3,4,50,,3070,12,5,6,7.0,152,103,1048,51,45,8,2,31,1,43,0.17,0.21,0.24,7,11,0,26,4,88,148,4.6,2.85
3199,3200,203496,80,4,2,26,,3071,13,6,8,4.7,171,117,1207,84,43,7,7,14,1,36,0.19,0.26,0.15,7,14,0,26,9,81,170,4.7,2.71
3200,3201,203496,80,5,2,22,,3072,14,2,2,2.4,41,42,378,23,11,1,0,6,1,9,0.19,0.19,0.23,2,4,0,8,2,27,56,1.6,2.25
3201,3202,203496,80,6,4,43,,3073,15,1,2,2.2,67,32,482,30,15,7,3,9,0,10,0.09,0.17,0.19,5,3,0,10,3,28,60,2.2,2.4
3202,3203,203496,80,7,2,41,,3074,16,0,1,0.7,10,9,67,6,3,0,0,2,0,2,0.0,0.5,0.34,1,1,0,0,1,4,12,0.7,3.5
3203,3204,203504,3,3,3,23,,3075,11,4,2,3.1,14,6,121,8,15,10,6,12,0,6,0.42,0.21,0.33,1,6,0,35,0,5,18,2.3,2.44
3204,3205,203507,12,1,5,33,,3076,9,7,1,7.7,16,18,233,10,11,5,8,14,0,9,0.51,0.07,0.56,2,8,0,11,0,9,21,7.6,1.89
3205,3206,203507,12,2,5,6,,3077,10,8,1,7.9,27,20,235,14,21,5,5,16,0,21,0.6,0.07,0.59,4,9,0,9,0,14,35,7.2,2.01
3206,3207,203507,12,3,5,106,693,3078,11,4,0,4.6,14,8,151,6,6,1,2,7,0,8,0.61,0.0,0.71,2,4,0,9,0,5,14,4.6,3.21
3207,3208,203507,66,5,4,33,1701,3079,13,4,1,6.5,62,34,572,18,39,7,7,35,0,45,0.16,0.04,0.26,16,5,0,19,2,36,48,6.5,1.81
3208,3209,203517,103,1,7,48,,3080,8,0,0,0.5,29,19,314,4,19,10,19,14,0,17,0.0,0.0,0.05,10,0,1,5,0,12,11,0.5,0.73
3209,3210,203746,82,1,1,28,,3081,10,1,4,0.9,128,85,1315,44,88,37,50,23,0,69,0.04,0.14,0.03,39,5,1,28,0,60,103,0.9,0.46
3210,3211,203746,13,2,1,20,366,3082,11,0,2,0.2,52,32,662,18,36,11,21,6,2,28,0.0,0.17,0.02,19,2,0,16,1,19,36,0.2,0.5
3211,3212,203746,13,3,7,38,,3083,12,1,3,0.9,101,74,1265,41,63,47,43,30,0,52,0.04,0.12,0.03,32,4,1,46,1,52,78,0.9,0.32
3212,3213,203746,13,4,1,41,,3084,13,0,2,0.3,157,61,1435,12,78,44,57,19,0,68,0.0,0.08,0.01,43,2,0,33,4,54,32,0.3,0.42
3213,3214,203746,13,5,1,41,,3085,14,0,0,0.2,102,29,696,3,19,18,28,13,0,22,0.0,0.0,0.02,8,0,1,12,0,23,18,0.2,0.31
3214,3215,203746,84,6,1,25,2257,3086,15,1,3,1.4,110,36,1044,26,53,26,46,35,0,45,0.05,0.14,0.07,27,4,0,24,3,37,47,1.4,0.56
3215,3216,203842,11,4,2,6,915,3087,10,1,3,0.3,60,15,455,17,16,13,8,16,0,21,0.07,0.2,0.02,9,4,0,13,0,18,27,0.3,0.54
3216,3217,203842,11,4,2,6,916,3087,10,1,3,0.3,60,15,455,17,16,13,8,16,0,21,0.07,0.2,0.02,9,4,0,13,0,18,27,0.3,0.54
3217,3218,203842,11,5,2,23,1544,3088,11,0,0,1.6,22,4,189,6,9,4,7,11,0,8,0.0,0.0,0.26,5,0,0,6,0,3,12,1.6,1.81
3218,3219,203842,11,5,2,23,1545,3088,11,0,0,1.6,22,4,189,6,9,4,7,11,0,8,0.0,0.0,0.26,5,0,0,6,0,3,12,1.6,1.81
3219,3220,203842,40,6,2,17,2067,3089,12,1,1,0.9,20,4,179,8,5,1,7,12,0,8,0.15,0.15,0.14,2,2,0,8,2,0,16,0.9,1.62
3220,3221,203853,18,1,1,52,,3090,6,0,3,0.2,95,47,1215,12,34,20,19,14,0,33,0.0,0.23,0.01,14,3,1,24,2,59,30,0.2,0.55
3221,3222,203853,18,2,1,11,,3091,7,0,0,0.5,114,37,1214,20,31,17,21,9,1,32,0.0,0.0,0.03,17,0,1,26,1,48,38,0.5,1.13
3222,3223,203853,18,3,1,75,,3092,8,0,0,0.7,118,38,1340,15,25,23,28,17,0,24,0.0,0.0,0.04,14,0,0,29,0,35,32,0.7,0.97
3223,3224,203853,18,4,1,11,,3093,9,0,4,0.5,113,32,953,16,20,14,15,11,0,20,0.0,0.34,0.04,11,4,1,15,2,36,46,0.5,1.03
3224,3225,203853,41,5,1,26,1649,3094,10,1,2,1.4,227,67,1652,19,40,22,38,20,0,40,0.04,0.08,0.06,21,3,2,51,6,66,56,1.4,1.19
3225,3226,203853,41,6,1,7,,3095,11,1,2,0.6,229,40,1374,29,50,20,26,18,0,52,0.05,0.1,0.03,35,3,2,27,11,28,67,0.6,0.89
3226,3227,204294,101,1,5,60,210,3096,9,4,4,2.6,44,40,393,36,33,7,13,15,0,32,0.2,0.2,0.13,13,8,0,15,1,30,68,2.6,2.12
3227,3228,204294,101,2,3,9,,3097,10,1,0,0.7,10,3,68,5,2,2,3,5,0,2,0.39,0.0,0.28,1,1,0,2,1,4,9,0.7,2.34
3228,3229,204294,52,4,8,23,,3098,12,1,1,0.5,25,7,143,6,17,3,16,2,0,15,0.17,0.17,0.08,9,2,0,11,2,3,27,0.5,1.34
3229,3230,204294,52,5,4,28,,3099,13,0,0,0.0,8,1,59,4,2,4,2,5,0,3,0.0,0.0,0.03,1,0,0,5,1,2,4,0.0,0.65
3230,3231,204294,52,6,1,3,,3100,14,1,0,0.3,36,22,325,9,28,5,12,9,0,31,0.12,0.0,0.04,17,1,0,4,0,12,20,0.3,1.1
3231,3232,205022,24,2,5,16,,3101,11,0,0,0.7,9,10,139,5,3,1,0,0,0,2,0.0,0.0,0.34,1,0,0,0,0,9,11,0.7,2.9
3232,3233,205022,90,3,4,78,,3102,12,0,4,1.4,119,55,1058,23,54,13,6,18,0,49,0.0,0.26,0.09,28,4,0,7,4,61,58,1.4,1.59
3233,3234,205054,73,4,1,86,,3103,14,0,0,0.6,66,5,805,7,53,44,126,38,0,50,0.0,0.0,0.02,33,0,1,40,0,2,20,0.6,0.32
3234,3235,205503,87,1,8,28,,3104,10,0,0,0.4,25,3,302,3,27,11,24,7,0,9,0.0,0.0,0.05,2,0,0,24,0,5,9,0.4,1.06
3235,3236,205503,78,2,7,25,,3105,11,0,0,0.8,13,4,324,1,18,16,55,8,0,11,0.0,0.0,0.09,3,0,1,16,0,0,2,0.8,0.71
3236,3237,205503,66,3,2,67,,3106,12,0,0,1.5,63,14,582,4,39,23,25,14,0,38,0.0,0.0,0.09,15,0,0,19,0,9,25,1.5,0.9
3237,3238,205503,26,4,7,9,,3107,13,1,0,0.4,21,6,384,3,16,14,26,4,0,15,0.11,0.0,0.04,8,1,0,7,0,4,9,0.4,0.33
3238,3239,205562,79,1,2,66,83,3108,7,3,3,3.0,84,64,825,38,38,22,7,26,0,42,0.15,0.15,0.15,19,6,1,8,6,49,63,3.0,1.29
3239,3240,205562,79,2,2,8,,3109,8,0,0,0.5,49,21,314,8,12,6,6,14,0,11,0.0,0.0,0.05,2,0,0,7,0,32,22,0.5,1.07
3240,3241,205562,79,3,2,75,,3110,9,1,3,1.6,78,37,643,21,30,11,10,22,0,24,0.07,0.2,0.1,11,4,0,7,2,37,45,1.6,1.52
3241,3242,205562,79,4,2,11,,3111,10,4,5,3.4,95,54,621,31,24,8,11,18,0,23,0.25,0.31,0.21,8,9,0,12,2,46,66,3.4,1.81
3242,3243,205562,79,5,2,7,,3112,11,1,3,0.9,80,36,690,26,30,7,12,12,0,28,0.07,0.22,0.07,10,4,0,5,6,36,45,0.9,0.93
3243,3244,205587,26,2,3,17,,3113,10,5,2,2.9,46,67,415,22,44,12,12,17,0,39,0.25,0.1,0.14,11,7,0,19,1,45,53,2.9,1.33
3244,3245,205587,26,3,5,33,,3114,11,3,1,3.3,19,33,203,15,15,1,1,14,0,10,0.24,0.08,0.27,3,4,0,36,1,20,30,2.6,1.35
3245,3246,205587,26,4,5,9,,3115,12,2,2,2.2,25,32,184,11,21,2,9,13,0,14,0.17,0.17,0.19,5,4,0,21,0,21,28,2.2,1.98
3246,3247,205677,122,6,8,87,,3116,14,0,0,0.7,23,6,147,4,10,4,8,13,0,15,0.0,0.0,0.13,5,0,1,3,0,2,15,0.7,2.23
3247,3248,206050,68,1,5,36,,3117,9,5,4,5.0,143,69,1090,50,17,14,1,20,0,23,0.21,0.17,0.21,7,9,0,4,7,57,115,4.2,2.65
3248,3249,206050,68,2,5,36,,3118,10,11,6,9.4,135,101,1264,68,19,13,3,15,0,39,0.46,0.25,0.39,9,17,0,2,11,100,162,8.6,4.13
3249,3250,206050,68,3,3,51,,3119,11,4,3,4.6,74,39,576,30,14,1,1,15,0,14,0.32,0.24,0.36,2,7,0,2,1,35,70,4.6,4.05
3250,3251,206050,68,4,5,55,,3120,12,10,5,7.6,103,50,912,38,30,9,4,19,0,35,0.44,0.22,0.33,8,15,3,10,9,42,113,6.0,4.24
3251,3252,206050,5,5,4,7,1247,3121,13,12,6,9.3,75,56,650,53,14,8,4,12,0,26,0.62,0.31,0.48,8,18,0,4,5,43,104,5.3,3.11
3252,3253,206050,5,6,5,43,,3122,14,13,9,10.6,122,79,790,50,22,3,6,12,0,18,0.6,0.41,0.49,2,22,1,7,7,61,95,5.1,2.39
3253,3254,206050,5,7,5,11,,3123,16,4,1,4.6,46,24,400,22,12,1,0,4,0,10,0.41,0.1,0.47,6,5,0,4,2,26,55,3.0,3.41
3254,3255,206225,83,1,2,25,,3124,8,1,4,0.9,54,10,586,22,73,40,30,32,1,41,0.05,0.19,0.05,23,5,0,52,5,11,41,0.9,1.07
3255,3256,206225,83,2,2,20,,3125,9,1,2,1.2,52,24,645,15,55,38,38,24,1,50,0.04,0.08,0.05,20,3,0,49,1,18,33,1.2,0.73
3256,3257,206225,83,3,8,20,,3126,10,0,0,0.7,47,7,657,7,52,43,47,32,0,35,0.0,0.0,0.03,14,0,0,56,1,12,21,0.7,0.74
3257,3258,206225,83,4,8,41,,3127,11,1,0,0.4,15,3,261,2,28,14,24,17,0,29,0.09,0.0,0.04,12,1,0,19,0,8,6,0.4,0.45
3258,3259,206746,34,1,1,41,,3128,7,0,3,0.7,64,35,623,19,30,18,29,13,0,19,0.0,0.26,0.06,13,3,0,18,1,22,33,0.7,0.69
3259,3260,206746,34,2,1,20,,3129,8,0,1,0.7,67,38,680,12,33,19,34,12,0,23,0.0,0.08,0.06,15,1,0,10,0,20,28,0.7,0.59
3260,3261,206746,116,5,1,14,,3130,11,1,5,0.7,103,75,1110,23,83,52,81,48,0,51,0.04,0.18,0.02,38,6,1,33,1,55,49,0.7,0.46
3261,3262,206746,116,6,1,5,,3131,12,1,0,0.9,54,20,418,3,27,16,35,10,0,19,0.1,0.0,0.09,11,1,0,5,1,15,15,0.9,0.42
3262,3263,206746,116,7,1,16,,3132,14,0,2,1.0,42,33,576,5,41,28,36,19,0,28,0.0,0.14,0.07,17,2,0,15,1,17,23,1.0,1.28
3263,3264,206912,66,3,5,13,542,3133,11,1,1,0.8,42,33,315,11,26,12,6,8,0,36,0.1,0.1,0.08,11,2,0,1,2,25,20,0.8,0.96
3264,3265,206912,66,4,1,3,,3134,12,0,5,0.4,77,92,1081,18,81,32,30,29,0,83,0.0,0.22,0.02,47,5,0,11,3,63,36,0.4,0.49
3265,3266,206912,84,5,7,52,1298,3135,13,0,1,0.3,29,26,261,17,20,4,12,5,0,26,0.0,0.18,0.05,12,1,0,3,1,17,31,0.3,0.88
3266,3267,207014,85,1,2,41,,3136,8,2,4,2.5,102,50,736,28,74,25,30,55,0,59,0.07,0.15,0.09,25,6,0,22,2,44,67,2.5,1.15
3267,3268,207014,85,2,2,10,,3137,9,1,1,2.3,87,40,679,25,75,37,28,48,0,67,0.04,0.04,0.09,25,2,0,25,1,33,60,2.3,1.08
3268,3269,207014,29,5,2,6,,3138,12,1,1,0.3,32,14,296,6,29,16,9,16,0,20,0.11,0.11,0.04,11,2,0,5,1,10,17,0.3,0.64
3269,3270,207014,29,6,2,9,,3139,13,0,1,0.3,76,14,731,21,61,21,25,36,0,48,0.0,0.05,0.02,24,1,0,12,2,14,48,0.3,0.38
3270,3271,207014,29,7,2,21,,3140,14,0,2,0.7,48,14,350,19,38,6,7,11,0,35,0.0,0.19,0.07,14,2,0,6,1,12,42,0.7,1.04
3271,3272,207597,44,3,5,74,,3141,8,3,1,3.7,17,23,128,8,7,5,6,12,0,16,0.36,0.12,0.44,3,4,0,6,0,19,20,3.7,2.86
3272,3273,207597,44,4,4,87,,3142,9,0,0,0.2,2,0,19,2,3,0,0,1,0,6,0.0,0.0,0.18,2,0,0,2,1,0,3,0.2,2.57
3273,3274,207715,58,1,1,76,,3143,8,2,0,2.7,75,13,766,5,48,19,66,21,0,32,0.09,0.0,0.12,19,2,1,36,0,15,30,2.7,0.58
3274,3275,207715,58,2,1,23,,3144,9,0,3,0.7,68,22,705,8,19,15,42,22,0,17,0.0,0.18,0.04,7,3,0,26,0,14,15,0.7,0.36
3275,3276,207715,58,3,1,112,,3145,10,1,0,0.6,11,3,170,1,6,1,10,5,0,5,0.21,0.0,0.12,3,1,0,12,0,1,5,0.0,0.21
3276,3277,207742,130,6,1,23,,3146,13,1,1,1.1,37,6,301,3,25,23,68,23,0,22,0.08,0.08,0.08,15,2,0,31,1,6,10,1.1,0.54
3277,3278,207877,91,2,4,41,317,3147,11,8,3,4.4,124,66,773,46,22,5,5,13,1,31,0.47,0.18,0.26,9,11,0,16,5,68,126,3.6,4.57
3278,3279,207877,91,3,4,39,,3148,12,8,12,5.6,151,90,840,78,19,2,4,16,0,23,0.38,0.58,0.27,8,20,0,29,8,59,133,4.9,3.17
3279,3280,207877,91,4,4,43,,3149,13,6,5,3.3,111,59,669,45,18,5,1,27,0,19,0.34,0.28,0.19,5,11,0,18,7,54,104,3.3,3.22
3280,3281,207877,91,5,4,49,1546,3150,14,1,2,0.6,50,19,248,13,14,5,2,8,0,17,0.16,0.33,0.1,6,3,0,5,2,17,26,0.6,3.09
3281,3282,207877,91,5,4,49,1547,3150,14,1,2,0.6,50,19,248,13,14,5,2,8,0,17,0.16,0.33,0.1,6,3,0,5,2,17,26,0.6,3.09
3282,3283,207877,27,6,2,16,2258,3151,15,4,1,1.1,83,24,573,11,35,5,16,22,0,41,0.23,0.06,0.06,17,5,0,22,5,28,34,1.1,2.27
3283,3284,207877,27,6,2,16,2259,3151,15,4,1,1.1,83,24,573,11,35,5,16,22,0,41,0.23,0.06,0.06,17,5,0,22,5,28,34,1.1,2.27
3284,3285,207877,27,6,2,16,2260,3151,15,4,1,1.1,83,24,573,11,35,5,16,22,0,41,0.23,0.06,0.06,17,5,0,22,5,28,34,1.1,2.27
3285,3286,207877,27,6,2,16,2261,3151,15,4,1,1.1,83,24,573,11,35,5,16,22,0,41,0.23,0.06,0.06,17,5,0,22,5,28,34,1.1,2.27
3286,3287,207877,27,7,4,20,,3152,16,0,0,0.1,19,1,105,3,8,1,3,1,0,3,0.0,0.0,0.06,2,0,0,5,0,5,8,0.1,2.41
3287,3288,207929,88,1,2,15,,3153,7,5,3,4.8,111,48,836,27,33,19,20,33,0,24,0.25,0.15,0.23,5,8,0,20,18,39,64,4.8,1.92
3288,3289,207929,88,2,4,51,,3154,8,8,4,8.1,69,56,632,23,34,17,17,35,0,37,0.39,0.19,0.4,13,12,2,19,4,37,58,7.3,2.0
3289,3290,207929,88,3,2,15,,3155,9,0,1,2.0,26,15,275,9,18,7,3,9,0,19,0.0,0.15,0.3,7,1,0,8,1,18,22,2.0,1.74
3290,3291,208167,42,1,3,25,192,3156,6,1,1,1.9,4,5,65,7,2,0,0,0,0,4,0.54,0.54,0.99,1,2,0,6,0,4,13,0.3,2.14
3291,3292,208167,107,2,5,21,395,3157,7,0,0,2.3,13,21,206,12,13,6,8,13,0,20,0.0,0.0,0.19,9,0,0,38,0,21,38,2.3,2.14
3292,3293,208167,107,2,5,21,396,3157,7,0,0,2.3,13,21,206,12,13,6,8,13,0,20,0.0,0.0,0.19,9,0,0,38,0,21,38,2.3,2.14
3293,3294,208167,111,6,3,23,1926,3158,11,0,0,1.3,10,5,69,5,1,0,1,3,0,4,0.0,0.0,0.31,1,0,0,29,0,1,17,1.3,4.5
3294,3295,209212,25,1,5,33,,3159,9,1,5,2.5,60,65,598,41,56,27,44,34,0,45,0.04,0.18,0.09,19,6,0,17,1,34,85,2.5,1.57
3295,3296,209212,25,2,5,20,,3160,10,0,1,1.4,55,50,451,13,25,20,14,16,0,19,0.0,0.08,0.11,9,1,2,15,1,30,39,1.4,1.65
3296,3297,209212,25,3,7,38,,3161,11,2,1,1.7,79,74,676,27,49,22,30,30,0,34,0.11,0.05,0.09,18,3,0,14,0,34,58,1.7,1.18
3297,3298,209212,25,4,6,21,,3162,12,0,2,1.2,69,71,556,35,30,17,25,22,0,22,0.0,0.1,0.06,7,2,0,17,1,30,71,1.2,1.03
3298,3299,209212,25,5,9,21,,3163,13,7,7,8.1,135,110,951,67,53,24,32,34,0,28,0.23,0.23,0.27,8,14,0,29,3,48,140,8.1,2.45
3299,3300,209212,25,6,9,10,,3164,14,3,1,2.0,24,14,203,7,19,11,8,5,0,14,0.49,0.16,0.32,8,4,0,6,1,7,22,2.0,2.27
3300,3301,209781,124,1,3,20,,3165,13,0,0,3.4,16,23,108,5,12,2,7,7,0,8,0.0,0.0,0.33,4,0,0,35,0,17,21,3.4,1.64
3301,3302,210143,120,1,4,27,,3166,11,4,1,3.6,47,30,326,28,15,9,5,9,0,19,0.36,0.09,0.32,8,5,0,3,2,27,49,2.8,2.32
3302,3303,210178,135,5,1,9,1548,3167,13,1,0,0.6,57,6,1431,3,37,31,111,22,0,26,0.04,0.0,0.02,17,1,3,59,0,8,14,0.6,0.36
3303,3304,210178,135,6,1,9,2068,3168,14,0,0,0.4,62,2,1581,4,41,37,115,40,0,34,0.0,0.0,0.01,22,0,1,41,0,8,22,0.4,0.28
3304,3305,211251,38,1,5,40,17,3169,10,0,1,1.1,17,37,129,11,7,2,8,6,0,4,0.0,0.19,0.22,0,1,0,4,0,18,22,1.1,3.11
3305,3306,211251,38,1,5,40,18,3169,10,0,1,1.1,17,37,129,11,7,2,8,6,0,4,0.0,0.19,0.22,0,1,0,4,0,18,22,1.1,3.11
3306,3307,211251,36,2,5,28,251,3170,11,7,5,6.7,47,93,350,40,23,31,9,22,0,23,0.3,0.21,0.28,8,12,0,21,0,58,92,5.9,3.0
3307,3308,211251,36,3,5,14,,3171,12,5,5,5.1,37,68,327,25,30,22,13,21,0,19,0.22,0.22,0.22,6,10,0,12,0,41,64,4.3,2.09
3308,3309,211251,36,4,4,41,,3172,13,4,2,1.8,35,51,273,18,23,15,17,10,0,23,0.26,0.13,0.12,9,6,0,12,1,30,45,1.8,2.42
3309,3310,211251,109,5,3,6,1491,3173,14,0,1,1.1,10,29,137,9,3,3,4,5,0,8,0.0,0.15,0.17,1,1,0,2,1,17,20,1.1,2.85
3310,3311,211251,109,5,3,6,1492,3173,14,0,1,1.1,10,29,137,9,3,3,4,5,0,8,0.0,0.15,0.17,1,1,0,2,1,17,20,1.1,2.85
3311,3312,211251,17,6,2,23,2002,3174,15,4,0,1.4,15,20,177,11,23,4,2,8,1,24,0.46,0.0,0.16,13,4,0,3,0,20,21,0.6,2.29
3312,3313,211251,17,6,2,23,2003,3174,15,4,0,1.4,15,20,177,11,23,4,2,8,1,24,0.46,0.0,0.16,13,4,0,3,0,20,21,0.6,2.29
3313,3314,211389,76,5,1,74,,3175,14,0,0,0.4,51,25,623,7,38,20,55,26,0,26,0.0,0.0,0.02,19,0,0,21,0,17,21,0.4,0.19
3314,3315,211474,75,7,7,17,2730,3176,16,1,2,0.9,16,15,202,10,16,3,13,13,0,21,0.15,0.31,0.14,14,3,0,9,0,7,20,0.9,2.01
3315,3316,212391,92,1,3,17,,3177,12,13,0,12.8,30,27,243,16,8,4,9,14,0,19,0.62,0.0,0.61,1,13,0,21,3,10,37,11.3,3.29
3316,3317,212391,92,2,3,41,,3178,13,11,1,10.5,56,29,283,25,18,6,17,14,1,29,0.44,0.04,0.42,7,12,0,36,2,16,45,7.4,2.1
3317,3318,212391,92,3,3,20,,3179,14,12,4,9.7,44,12,357,18,11,4,6,10,0,23,0.49,0.16,0.4,6,16,0,20,3,15,40,6.5,1.72
3318,3319,212391,92,4,3,20,,3180,15,7,3,8.4,50,24,313,23,23,2,8,14,0,30,0.3,0.13,0.36,8,10,0,29,5,17,39,6.1,1.96
3319,3320,212391,76,5,3,9,1275,3181,16,0,1,0.6,7,8,118,10,5,1,7,4,0,5,0.0,0.14,0.08,1,1,0,6,0,6,13,0.6,0.82
3320,3321,212391,76,5,3,9,1276,3181,16,0,1,0.6,7,8,118,10,5,1,7,4,0,5,0.0,0.14,0.08,1,1,0,6,0,6,13,0.6,0.82
3321,3322,212391,17,6,3,3,,3182,17,2,3,2.8,19,7,225,11,12,7,4,16,0,7,0.13,0.2,0.18,2,5,0,17,3,15,31,2.8,2.19
3322,3323,212723,7,2,2,21,243,3183,7,1,3,1.7,95,37,713,25,56,30,9,15,0,47,0.05,0.15,0.09,16,4,0,21,0,27,53,1.7,1.13
3323,3324,212723,7,3,2,78,,3184,8,0,2,0.5,119,41,1062,17,58,51,17,31,0,41,0.0,0.08,0.02,18,2,0,27,1,42,46,0.5,0.46
3324,3325,212723,7,4,2,41,,3185,9,2,3,0.6,140,34,1012,19,57,50,20,35,0,60,0.07,0.11,0.02,22,5,1,27,5,27,57,0.6,0.6
3325,3326,212723,7,5,2,42,,3186,10,4,0,1.7,186,35,1324,17,41,28,23,22,0,44,0.14,0.0,0.06,22,4,0,24,6,36,49,1.7,0.95
3326,3327,212723,87,6,2,42,2190,3187,11,1,1,1.5,73,25,582,15,28,17,8,20,0,25,0.06,0.06,0.09,9,2,1,14,0,17,43,1.5,1.11
3327,3328,212723,87,7,2,5,,3188,12,1,0,1.6,45,11,325,8,5,6,5,4,0,3,0.12,0.0,0.19,0,1,0,11,0,10,21,1.6,1.21
3328,3329,212804,46,4,2,17,,3189,14,4,2,3.8,212,20,1689,49,58,42,38,31,0,71,0.14,0.07,0.13,31,6,0,28,3,32,93,0.7,0.68
3329,3330,212804,46,5,2,23,,3190,15,3,0,2.9,83,20,655,17,31,23,15,19,0,31,0.27,0.0,0.26,12,3,0,7,0,22,45,0.5,0.89
3330,3331,212829,108,2,1,38,,3191,10,0,1,1.0,131,12,1214,16,23,42,154,38,0,20,0.0,0.03,0.03,10,1,1,133,1,21,29,1.0,0.43
3331,3332,212847,25,2,1,9,270,3192,9,3,1,1.3,119,29,1587,11,30,45,110,43,0,32,0.1,0.03,0.05,14,4,2,107,1,23,30,1.3,0.54
3332,3333,212847,25,3,1,5,,3193,10,1,0,2.0,133,42,1508,5,29,47,92,29,0,25,0.03,0.0,0.07,12,1,3,77,0,36,28,2.0,0.87
3333,3334,212847,25,4,1,16,,3194,11,2,0,0.9,109,19,950,1,26,17,66,25,0,20,0.13,0.0,0.06,13,2,2,56,3,21,18,0.9,0.5
3334,3335,212847,25,5,1,45,,3195,12,0,0,1.8,119,19,1514,6,22,19,55,30,0,19,0.0,0.0,0.08,11,0,4,60,0,18,20,1.8,0.82
3335,3336,213614,106,2,1,71,,3196,12,3,0,2.4,30,1,751,0,30,34,145,34,0,22,0.12,0.0,0.1,11,3,3,61,0,2,8,2.4,0.52
3336,3337,213670,7,1,2,30,19,3197,9,0,0,0.3,28,2,188,2,14,14,13,12,0,11,0.0,0.0,0.05,5,0,0,40,0,3,8,0.3,0.8
3337,3338,213670,7,1,2,30,20,3197,9,0,0,0.3,28,2,188,2,14,14,13,12,0,11,0.0,0.0,0.05,5,0,0,40,0,3,8,0.3,0.8
3338,3339,213670,77,3,2,112,694,3198,11,0,1,1.5,55,5,504,6,32,27,43,16,0,34,0.0,0.06,0.09,21,1,0,88,0,7,23,1.5,0.99
3339,3340,213670,77,4,2,40,,3199,12,1,0,1.6,156,18,989,9,71,47,55,32,0,57,0.03,0.0,0.05,29,1,0,131,1,21,40,1.6,1.12
3340,3341,213670,77,5,2,9,,3200,13,1,0,1.4,98,12,940,9,48,42,64,24,0,42,0.04,0.0,0.05,18,1,1,86,1,16,24,1.4,1.02
3341,3342,213670,77,6,2,20,,3201,14,1,0,1.5,60,3,604,9,25,33,37,10,0,28,0.05,0.0,0.07,11,1,0,71,0,7,26,1.5,1.51
3342,3343,213670,77,7,2,6,,3202,15,3,0,1.1,50,4,514,3,39,25,37,23,0,38,0.18,0.0,0.07,19,3,3,79,0,5,14,1.1,0.79
3343,3344,213751,104,2,1,86,,3203,9,2,0,1.6,88,14,1288,4,64,40,138,36,0,66,0.09,0.0,0.07,41,2,1,53,1,4,22,1.6,0.52
3344,3345,213854,73,4,3,27,,3204,9,1,0,1.7,12,15,119,12,5,3,2,2,0,5,0.13,0.0,0.22,2,1,0,23,0,9,23,1.7,2.45
3345,3346,214070,126,1,1,62,,3205,14,0,0,0.6,20,2,508,2,24,25,108,23,0,14,0.0,0.0,0.04,8,0,1,58,0,1,6,0.6,0.54
3346,3347,214532,66,1,7,13,,3206,16,3,3,2.7,74,45,764,25,51,38,49,23,0,54,0.15,0.15,0.13,19,6,0,30,2,36,59,2.7,1.37
3347,3348,214532,66,2,8,3,,3207,17,1,2,2.6,68,50,635,26,42,21,28,17,0,48,0.05,0.1,0.14,16,3,0,32,1,32,45,2.6,1.85
3348,3349,214532,66,3,8,82,,3208,18,3,3,3.0,97,38,939,23,53,47,32,25,0,79,0.13,0.13,0.13,31,6,0,42,2,34,59,3.0,1.27
3349,3350,214532,66,4,8,30,,3209,19,0,1,1.5,50,23,456,14,36,16,20,12,0,52,0.0,0.08,0.11,18,1,0,19,0,13,32,1.5,1.28
3350,3351,214532,66,5,8,2,,3210,20,0,3,1.5,66,16,590,13,36,15,24,24,0,55,0.0,0.19,0.1,22,3,0,13,0,24,33,1.5,1.01
3351,3352,214666,56,4,1,52,1015,3211,10,1,1,0.4,61,23,579,13,20,22,62,25,0,15,0.05,0.05,0.02,10,2,1,13,1,20,29,0.4,0.32
3352,3353,214775,87,2,4,24,236,3212,9,3,3,1.5,138,37,802,20,45,13,9,23,0,60,0.17,0.17,0.08,23,6,1,9,5,28,50,1.5,0.9
3353,3354,214775,87,3,4,122,,3213,10,0,3,1.1,130,39,860,27,34,15,9,15,0,53,0.0,0.19,0.07,19,3,0,3,3,35,57,1.1,0.64
3354,3355,214775,87,4,4,47,,3214,11,2,3,0.7,76,24,523,12,22,6,4,10,0,25,0.18,0.27,0.06,8,5,0,5,3,20,25,0.7,1.25
3355,3356,214775,87,5,4,20,,3215,12,3,1,2.6,136,38,862,37,39,10,10,26,0,59,0.13,0.04,0.11,18,4,0,7,5,47,74,2.6,0.93
3356,3357,214775,87,6,2,21,,3216,13,0,1,0.5,96,40,714,22,37,6,6,40,0,57,0.0,0.06,0.03,22,1,0,11,2,15,58,0.5,0.5
3357,3358,214928,108,3,1,46,,3217,8,1,0,0.9,22,7,333,4,20,13,39,16,0,19,0.09,0.0,0.08,9,1,1,31,0,6,8,0.9,0.27
3358,3359,215118,116,1,8,24,56,3218,8,2,0,2.3,158,20,1175,16,64,69,113,37,0,48,0.07,0.0,0.08,16,2,4,64,2,17,40,2.3,1.22
3359,3360,215118,41,2,1,24,,3219,9,1,1,0.8,45,16,732,7,26,16,43,13,0,16,0.08,0.08,0.06,11,2,1,36,0,10,17,0.8,0.98
3360,3361,215599,93,1,1,5,,3220,7,5,1,2.0,78,43,754,19,50,29,74,37,0,45,0.22,0.04,0.09,29,6,0,42,0,31,33,2.0,0.58
3361,3362,215599,93,2,1,42,,3221,8,3,1,2.7,132,38,1536,15,45,26,101,34,0,31,0.1,0.03,0.09,18,4,2,40,0,22,37,2.7,0.41
3362,3363,215599,93,3,1,49,,3222,9,1,0,0.8,106,13,1015,5,23,18,44,16,0,18,0.06,0.0,0.05,11,1,1,15,0,18,24,0.8,0.75
3363,3364,215599,93,4,1,50,,3223,10,0,1,0.4,70,17,944,4,29,26,58,16,0,19,0.0,0.05,0.02,13,1,0,23,3,11,12,0.4,0.33
3364,3365,215599,93,5,1,10,,3224,11,0,0,0.3,40,5,687,1,16,13,31,6,0,15,0.0,0.0,0.03,8,0,0,15,2,8,4,0.3,0.6
3365,3366,215599,93,6,1,5,,3225,12,1,0,0.7,90,14,1035,5,15,13,64,25,0,13,0.06,0.0,0.05,4,1,1,16,3,9,14,0.7,0.38
3366,3367,215616,58,1,2,6,,3226,9,6,2,5.0,151,16,1243,60,65,50,54,35,1,73,0.23,0.08,0.19,22,8,1,43,2,30,112,1.1,1.11
3367,3368,215616,70,2,2,41,,3227,10,7,6,7.6,159,19,1377,83,73,49,53,45,0,96,0.21,0.18,0.23,22,13,1,24,5,21,127,1.3,0.73
3368,3369,215616,70,3,2,5,,3228,11,1,3,0.8,94,6,933,21,41,41,45,24,0,49,0.04,0.13,0.04,22,4,1,28,1,13,43,0.8,0.72
3369,3370,215616,70,4,2,41,,3229,12,0,1,0.1,16,2,208,7,6,5,2,5,0,9,0.0,0.26,0.03,4,1,1,4,0,3,11,0.1,0.79
3370,3371,215977,14,1,4,14,84,3230,9,5,8,4.5,104,47,896,41,54,18,12,29,1,66,0.18,0.29,0.16,21,13,1,14,5,55,94,4.4,1.92
3371,3372,215977,14,2,4,20,,3231,10,8,1,5.6,95,52,732,40,36,9,9,21,0,47,0.35,0.04,0.24,15,9,0,17,3,43,85,5.6,2.17
3372,3373,215977,14,3,4,38,,3232,11,5,1,6.2,99,37,861,36,36,22,2,44,1,58,0.17,0.03,0.21,12,6,0,24,0,24,89,6.2,1.61
3373,3374,215977,14,4,2,6,,3233,12,8,4,6.2,151,43,991,33,64,29,16,56,1,93,0.3,0.15,0.23,30,12,1,16,9,42,89,6.2,1.81
3374,3375,215977,14,5,2,21,1408,3234,13,0,2,1.5,41,15,429,17,19,3,2,18,0,30,0.0,0.19,0.14,9,2,0,7,2,17,38,1.5,1.63
3375,3376,215977,84,6,2,14,,3235,14,1,2,3.8,68,20,506,30,25,9,10,14,1,34,0.08,0.15,0.29,11,3,1,13,1,23,75,3.8,2.34
3376,3377,215977,84,7,2,9,,3236,16,2,1,2.1,69,11,582,26,48,11,20,20,0,51,0.15,0.07,0.16,29,3,0,8,2,9,45,2.1,1.04
3377,3378,216179,67,1,2,33,,3237,7,2,4,1.9,133,35,1240,52,36,33,17,36,0,30,0.09,0.18,0.09,6,6,0,11,6,52,107,1.9,1.64
3378,3379,216179,54,2,2,5,300,3238,8,3,2,1.4,59,22,412,14,18,9,4,15,0,22,0.37,0.25,0.17,6,5,0,3,0,14,44,1.4,3.61
3379,3380,216179,54,2,2,5,301,3238,8,3,2,1.4,59,22,412,14,18,9,4,15,0,22,0.37,0.25,0.17,6,5,0,3,0,14,44,1.4,3.61
3380,3381,216179,54,3,2,75,695,3239,9,0,0,1.1,58,12,354,11,9,7,1,6,1,11,0.0,0.0,0.17,4,0,0,2,0,13,34,1.1,2.69
3381,3382,216179,135,5,2,25,1549,3240,11,3,1,1.4,143,27,1089,24,41,20,4,13,0,48,0.17,0.06,0.08,18,4,0,8,6,32,63,1.4,1.0
3382,3383,216179,135,5,2,25,1550,3240,11,3,1,1.4,143,27,1089,24,41,20,4,13,0,48,0.17,0.06,0.08,18,4,0,8,6,32,63,1.4,1.0
3383,3384,216181,7,2,1,38,,3241,8,1,3,1.9,71,32,489,22,32,23,54,18,0,22,0.06,0.18,0.12,11,4,1,42,0,16,40,1.9,0.91
3384,3385,216181,7,3,1,20,,3242,9,1,1,1.9,27,17,222,14,18,8,22,5,0,14,0.13,0.13,0.24,10,2,0,18,0,15,29,1.9,1.92
3385,3386,216181,7,4,7,67,,3243,10,0,0,1.0,15,6,162,0,12,5,19,10,0,17,0.0,0.0,0.17,4,0,0,13,0,6,2,1.0,1.07
3386,3387,216181,7,5,1,28,,3244,11,0,1,0.5,17,2,188,1,13,10,8,9,0,9,0.0,0.23,0.12,5,1,0,14,0,2,5,0.5,0.68
3387,3388,216464,36,2,5,17,253,3245,8,10,3,9.8,57,31,365,20,24,11,30,25,0,32,0.41,0.12,0.4,3,13,0,97,5,30,52,9.0,1.88
3388,3389,216464,36,2,5,17,254,3245,8,10,3,9.8,57,31,365,20,24,11,30,25,0,32,0.41,0.12,0.4,3,13,0,97,5,30,52,9.0,1.88
3389,3390,216464,96,5,3,9,,3246,11,1,0,2.4,13,9,96,7,6,1,4,1,0,15,0.14,0.0,0.34,1,1,0,25,1,8,16,2.4,3.0
3390,3391,216464,96,6,3,23,,3247,12,2,1,1.5,4,5,44,1,11,0,5,4,0,2,0.44,0.22,0.33,0,3,0,16,1,3,3,0.7,1.76
3391,3392,216499,99,1,1,17,,3248,16,0,2,0.3,75,48,709,16,44,25,71,17,0,36,0.0,0.1,0.01,23,2,0,16,1,41,45,0.3,0.44
3392,3393,216499,99,2,1,30,,3249,17,0,2,0.2,85,44,712,22,32,26,36,12,0,36,0.0,0.12,0.01,17,2,0,12,1,28,51,0.2,0.41
3393,3394,216499,99,3,1,86,,3250,18,1,0,0.2,65,41,769,8,39,21,41,19,0,35,0.06,0.0,0.01,16,1,0,17,0,25,21,0.2,0.28
3394,3395,216804,81,3,1,3,,3251,11,0,0,0.9,47,5,894,2,36,39,111,29,0,23,0.0,0.0,0.04,14,0,0,73,0,0,6,0.9,0.25
3395,3396,216804,81,4,1,3,,3252,12,2,0,0.4,68,12,978,4,37,56,143,36,0,26,0.07,0.0,0.01,20,2,1,79,0,4,16,0.4,0.16
3396,3397,216870,77,2,1,13,,3253,9,0,0,0.9,94,48,889,22,45,44,70,24,0,38,0.0,0.0,0.03,21,0,1,46,2,39,44,0.9,0.66
3397,3398,216870,77,3,1,112,,3254,10,0,0,0.8,87,18,709,12,56,43,68,39,0,31,0.0,0.0,0.03,22,0,0,54,1,27,29,0.8,0.38
3398,3399,216870,77,4,1,3,,3255,11,0,1,1.2,93,31,1069,21,83,58,79,32,0,77,0.0,0.03,0.04,39,1,0,69,1,29,64,1.2,0.65
3399,3400,216870,77,5,1,9,,3256,12,0,0,0.6,47,20,472,3,27,19,33,17,0,32,0.0,0.0,0.04,17,0,1,29,2,10,20,0.6,0.65
3400,3401,216870,77,6,6,9,2004,3257,13,1,0,0.3,1,0,27,1,5,0,6,2,0,5,0.94,0.0,0.28,2,1,0,2,0,1,1,0.3,2.81
3401,3402,216870,77,6,6,9,2005,3257,13,1,0,0.3,1,0,27,1,5,0,6,2,0,5,0.94,0.0,0.28,2,1,0,2,0,1,1,0.3,2.81
3402,3403,216872,122,1,7,40,193,3258,9,0,1,0.8,59,62,663,15,35,13,48,24,0,31,0.0,0.04,0.03,15,1,0,15,0,42,43,0.8,0.64
3403,3404,216872,122,1,7,40,194,3258,9,0,1,0.8,59,62,663,15,35,13,48,24,0,31,0.0,0.04,0.03,15,1,0,15,0,42,43,0.8,0.64
3404,3405,216872,28,7,1,59,,3259,16,1,2,0.9,33,36,322,7,22,5,20,17,0,22,0.07,0.14,0.07,10,3,2,8,0,18,20,0.9,0.43
3405,3406,217115,25,2,3,41,271,3260,7,10,3,13.4,66,63,543,25,20,4,10,24,0,29,0.33,0.1,0.44,9,13,0,25,4,37,73,11.8,3.06
3406,3407,217115,25,3,5,70,,3261,8,8,2,13.2,61,44,520,32,20,13,6,20,1,24,0.29,0.07,0.47,4,10,0,20,3,27,77,10.1,2.4
3407,3408,217115,25,4,3,11,,3262,9,8,2,8.7,48,21,479,23,17,2,2,21,0,18,0.32,0.08,0.34,4,10,0,21,7,34,59,7.1,2.33
3408,3409,217115,22,5,3,10,1650,3263,10,1,0,4.8,11,8,190,7,11,5,0,8,0,4,0.08,0.0,0.39,2,1,0,15,0,7,18,4.8,2.58
3409,3410,217115,49,7,3,5,2374,3264,13,2,4,2.3,22,6,149,10,7,0,0,4,1,3,0.3,0.59,0.34,3,6,0,2,1,7,15,2.3,1.78
3410,3411,217115,49,7,3,5,2375,3264,13,2,4,2.3,22,6,149,10,7,0,0,4,1,3,0.3,0.59,0.34,3,6,0,2,1,7,15,2.3,1.78
3411,3412,217144,47,2,4,13,,3265,8,0,3,0.4,74,28,573,22,36,17,6,15,0,36,0.0,0.16,0.02,12,3,0,4,5,22,49,0.4,0.43
3412,3413,218067,115,2,2,71,,3266,9,0,5,0.5,150,33,1104,41,38,28,25,20,0,57,0.0,0.21,0.02,15,5,2,6,0,27,98,0.5,0.76
3413,3414,218067,119,3,2,112,,3267,10,0,0,0.1,51,8,425,8,14,8,11,11,1,24,0.0,0.0,0.01,9,0,0,2,1,4,24,0.1,0.28
3414,3415,218087,108,2,8,23,527,3268,9,0,0,0.3,25,7,176,7,15,6,7,6,0,16,0.0,0.0,0.04,3,0,0,6,0,6,14,0.3,0.45
3415,3416,218087,108,3,8,3,,3269,10,1,0,1.1,77,27,660,17,33,12,17,20,0,40,0.06,0.0,0.06,13,1,0,12,2,28,34,1.1,0.5
3416,3417,220878,103,1,7,23,,3270,9,2,0,2.0,98,60,864,16,54,39,77,36,0,53,0.09,0.0,0.09,28,2,0,58,1,33,38,2.0,0.72
3417,3418,220878,103,2,1,33,,3271,10,0,2,1.2,100,74,1076,25,73,67,90,31,0,69,0.0,0.07,0.04,40,2,2,81,0,55,51,1.2,0.75
3418,3419,220878,84,3,7,80,696,3272,11,1,0,1.6,49,32,518,8,28,16,21,13,1,21,0.08,0.0,0.13,11,1,0,27,1,26,20,1.6,0.81
3419,3420,220878,84,3,7,80,697,3272,11,1,0,1.6,49,32,518,8,28,16,21,13,1,21,0.08,0.0,0.13,11,1,0,27,1,26,20,1.6,0.81
3420,3421,220878,82,5,1,40,1464,3273,13,1,3,0.8,82,28,647,17,28,32,35,19,0,31,0.07,0.21,0.05,15,4,0,27,0,33,42,0.8,0.69
3421,3422,220878,82,6,6,28,,3274,14,1,2,1.4,43,29,528,16,28,23,53,21,0,34,0.06,0.12,0.09,16,3,0,18,0,21,31,1.4,0.8
3422,3423,220878,82,7,7,28,,3275,15,1,0,0.7,29,19,266,3,19,7,22,8,0,21,0.13,0.0,0.09,11,1,0,14,1,14,12,0.7,0.79
3423,3424,221150,97,1,1,32,,3276,11,0,0,0.7,81,17,705,5,54,74,154,27,2,43,0.0,0.0,0.02,26,0,3,87,0,9,22,0.7,0.36
3424,3425,221150,97,2,1,26,,3277,12,0,0,0.3,98,20,711,6,42,34,105,20,0,30,0.0,0.0,0.01,17,0,1,86,2,6,13,0.3,0.15
3425,3426,221150,97,4,1,26,,3278,14,0,1,0.1,89,24,1031,10,44,59,109,24,1,34,0.0,0.03,0.0,23,1,2,52,1,21,29,0.1,0.12
3426,3427,221150,97,5,1,41,,3279,15,0,1,0.6,77,11,884,7,41,42,81,25,1,38,0.0,0.03,0.02,22,1,1,53,1,17,31,0.6,0.29
3427,3428,221150,97,6,7,9,,3280,16,0,0,0.1,98,13,861,7,34,23,70,31,1,26,0.0,0.0,0.0,15,0,0,37,0,14,22,0.1,0.22
3428,3429,221151,2,4,3,13,,3281,14,3,1,5.0,75,104,401,22,36,5,7,14,0,43,0.13,0.04,0.22,15,4,0,7,0,49,66,5.0,2.33
3429,3430,221151,2,5,8,40,,3282,15,1,0,0.4,6,8,39,3,7,1,0,2,0,4,0.35,0.0,0.15,4,1,0,1,0,4,5,0.4,2.09
3430,3431,221309,109,2,2,28,,3283,13,4,2,4.2,83,38,521,24,48,35,29,36,0,61,0.14,0.07,0.15,20,6,0,37,5,26,49,4.2,1.4
3431,3432,221309,109,3,4,108,,3284,14,5,5,4.8,77,29,606,25,42,34,43,35,1,46,0.18,0.18,0.17,14,10,0,51,6,28,50,4.8,1.43
3432,3433,221309,109,5,5,28,,3285,16,1,1,2.8,73,30,468,16,40,29,23,26,0,37,0.04,0.04,0.12,12,2,0,34,5,30,56,2.8,1.32
3433,3434,221311,109,5,4,30,1687,3286,14,1,1,0.8,65,58,381,17,20,8,4,14,0,27,0.08,0.08,0.06,10,2,0,2,1,31,42,0.8,1.33
3434,3435,221311,109,7,4,13,,3287,17,1,1,0.3,37,28,201,9,18,8,4,10,0,16,0.12,0.12,0.04,7,2,0,6,2,14,25,0.3,0.73
3435,3436,221315,15,4,1,30,,3288,13,0,1,0.4,44,15,678,10,34,36,34,20,0,28,0.0,0.07,0.03,14,1,0,18,0,21,30,0.4,0.2
3436,3437,221315,15,6,1,13,,3289,15,0,0,0.0,28,6,287,3,15,5,25,11,0,21,0.0,0.0,0.0,12,0,0,10,1,6,8,0.0,0.26
3437,3438,221316,19,1,5,16,,3290,12,1,3,2.6,69,72,774,30,43,12,11,16,1,41,0.06,0.18,0.15,15,4,0,7,3,46,54,2.6,1.43
3438,3439,221316,19,2,4,26,,3291,13,2,1,1.4,39,28,456,17,23,10,8,10,0,26,0.21,0.11,0.14,11,3,1,3,2,17,33,1.4,1.06
3439,3440,221316,19,3,6,37,,3292,14,2,5,1.8,97,51,1215,44,61,19,31,14,0,52,0.1,0.24,0.09,22,7,1,10,0,39,82,1.8,1.02
3440,3441,221316,19,4,1,16,,3293,15,3,0,2.2,108,58,1327,31,43,20,41,25,0,35,0.15,0.0,0.11,17,3,1,2,1,31,57,2.2,0.88
3441,3442,221316,19,5,1,5,,3294,16,4,1,1.9,50,31,808,21,34,7,13,10,0,28,0.31,0.08,0.15,20,5,0,1,2,13,41,1.9,1.1
3442,3443,221316,19,6,1,20,,3295,17,3,6,1.2,58,28,930,30,37,12,36,27,0,25,0.19,0.38,0.07,18,9,0,4,5,22,60,1.1,0.76
3443,3444,221316,19,7,1,14,,3296,18,1,2,0.5,39,16,570,12,27,4,13,6,0,25,0.1,0.2,0.05,12,3,0,2,1,5,23,0.5,0.41
3444,3445,221611,74,2,1,86,,3297,9,0,1,0.1,12,16,130,9,21,9,11,12,0,13,0.0,0.24,0.03,10,1,0,4,0,10,17,0.1,0.71
3445,3446,221611,74,3,1,30,,3298,10,0,2,0.5,58,69,721,14,60,42,59,51,1,62,0.0,0.1,0.03,34,2,0,23,0,67,37,0.5,0.73
3446,3447,221611,74,5,1,6,,3299,12,0,5,0.8,98,41,873,23,72,30,70,42,0,66,0.0,0.22,0.04,44,5,1,27,2,24,39,0.8,0.84
3447,3448,222859,82,1,2,48,85,3300,11,6,4,3.9,168,67,1179,68,36,23,7,32,1,51,0.21,0.14,0.14,13,10,0,15,2,56,137,3.9,2.95
3448,3449,222859,82,2,4,21,,3301,12,6,3,3.0,84,38,682,43,13,9,2,9,0,28,0.32,0.16,0.16,7,9,0,12,3,19,75,3.0,2.46
3449,3450,222859,82,3,2,25,,3302,13,3,5,4.2,143,48,1041,42,20,32,9,18,2,47,0.11,0.19,0.16,12,8,1,11,0,33,74,4.2,1.95
3450,3451,222859,82,4,5,25,,3303,14,6,2,4.3,114,48,951,32,31,24,13,27,0,57,0.21,0.07,0.15,14,8,0,13,2,38,88,4.3,1.88
3451,3452,222859,71,5,2,6,1409,3304,15,1,2,1.2,73,25,444,23,14,10,11,12,0,24,0.08,0.17,0.1,7,3,0,8,0,11,49,1.2,1.82
3452,3453,222859,71,5,2,6,1410,3304,15,1,2,1.2,73,25,444,23,14,10,11,12,0,24,0.08,0.17,0.1,7,3,0,8,0,11,49,1.2,1.82
3453,3454,222859,71,6,4,3,,3305,16,4,4,5.9,96,27,826,38,18,13,17,18,0,31,0.17,0.17,0.25,10,8,0,8,1,31,66,5.9,2.77
3454,3455,222859,71,7,4,40,,3306,18,0,0,0.3,6,3,67,6,1,1,2,2,0,1,0.0,0.0,0.15,1,0,0,1,0,3,9,0.3,2.73
3455,3456,223572,104,2,4,34,,3307,12,2,6,3.3,32,77,311,42,43,14,20,34,0,58,0.09,0.26,0.14,17,8,1,10,2,40,91,3.3,2.16
3456,3457,223725,87,1,5,21,21,3308,7,5,1,5.1,25,20,243,11,17,6,9,15,0,7,0.43,0.09,0.44,2,6,0,17,1,17,29,5.1,2.94
3457,3458,223725,87,2,3,21,,3309,8,5,2,3.0,36,37,349,17,19,7,8,8,0,21,0.36,0.14,0.22,4,7,0,24,0,21,45,3.0,3.24
3458,3459,223725,87,3,3,21,,3310,9,4,2,4.1,28,22,273,11,12,5,6,6,0,12,0.43,0.21,0.44,2,6,0,8,2,12,25,4.1,3.3
3459,3460,223725,87,4,5,41,,3311,10,2,0,1.4,15,3,102,7,8,5,2,7,0,8,0.38,0.0,0.26,2,2,0,8,0,5,12,1.4,2.28
3460,3461,223725,97,5,4,20,1493,3312,11,3,1,2.7,30,20,270,14,12,9,7,23,0,10,0.23,0.08,0.21,2,4,0,28,0,13,49,2.7,2.5
3461,3462,223725,136,6,3,33,2006,3313,12,3,2,4.3,78,26,584,24,40,11,16,27,0,38,0.11,0.07,0.16,17,5,0,19,4,30,62,3.5,1.54
3462,3463,223725,105,7,4,28,2709,3314,14,1,0,0.4,8,4,77,2,11,0,1,6,0,9,0.21,0.0,0.09,3,1,0,5,0,2,6,0.4,1.26
3463,3464,223967,93,1,8,20,,3315,6,1,1,2.5,101,39,579,20,72,32,23,67,0,71,0.05,0.05,0.12,20,2,0,20,3,34,43,2.5,0.67
3464,3465,223967,93,2,2,24,,3316,7,2,6,0.8,143,44,1045,14,91,34,14,51,1,102,0.09,0.26,0.03,43,8,0,22,6,46,63,0.8,0.38
3465,3466,223967,93,3,7,43,,3317,8,0,0,0.2,3,0,35,0,2,1,0,2,0,4,0.0,0.0,0.22,0,0,0,2,0,1,1,0.2,3.21
3466,3467,223967,93,4,2,72,,3318,9,4,4,2.4,64,34,564,18,38,4,9,29,0,53,0.29,0.29,0.17,24,8,0,11,6,27,34,2.4,1.09
3467,3468,223967,93,5,2,49,,3319,10,3,0,2.4,93,51,596,16,60,18,8,31,0,54,0.18,0.0,0.15,30,3,0,3,7,29,41,2.4,1.23
3468,3469,223967,86,6,7,49,2191,3320,11,0,3,1.0,127,62,1294,24,56,18,13,42,0,52,0.0,0.15,0.05,22,3,2,12,4,56,67,1.0,0.86
3469,3470,223967,86,7,1,43,,3321,12,1,0,0.6,36,27,307,4,18,1,8,6,0,18,0.19,0.0,0.12,6,1,0,1,2,19,16,0.6,0.93
3470,3471,223974,8,1,1,28,,3322,6,0,0,0.3,94,17,878,1,45,21,58,26,0,28,0.0,0.0,0.02,17,0,0,40,0,13,13,0.3,0.32
3471,3472,223974,8,2,1,67,,3323,7,0,0,2.1,94,28,1200,6,63,40,101,57,0,63,0.0,0.0,0.08,35,0,1,59,2,17,24,2.1,0.97
3472,3473,223974,8,3,1,39,,3324,8,0,0,0.7,133,35,1153,14,52,37,73,27,1,47,0.0,0.0,0.03,27,0,1,50,0,22,26,0.7,0.42
3473,3474,223974,8,4,1,47,,3325,9,2,0,1.1,104,27,1134,5,48,28,71,43,0,39,0.08,0.0,0.04,22,2,2,40,1,18,8,1.1,0.57
3474,3475,223974,58,6,1,41,1761,3326,11,1,2,1.2,123,44,1712,22,77,18,72,27,0,88,0.04,0.07,0.04,49,3,0,34,0,35,44,1.2,0.67
3475,3476,223979,74,2,2,16,367,3327,6,1,2,1.4,78,39,504,15,47,17,12,16,0,44,0.05,0.1,0.08,14,3,0,25,4,34,40,1.4,1.68
3476,3477,223979,74,3,2,5,,3328,7,2,4,3.1,141,47,961,24,66,54,38,50,0,68,0.07,0.14,0.11,22,6,0,38,7,37,61,3.1,1.65
3477,3478,223979,74,4,2,42,,3329,8,0,1,0.3,55,21,319,5,43,9,14,25,0,49,0.0,0.09,0.03,20,1,0,12,4,8,14,0.3,0.87
3478,3479,223979,93,5,2,102,1612,3330,9,1,1,0.3,77,23,771,8,41,17,23,19,0,43,0.06,0.06,0.02,20,2,0,13,4,22,30,0.3,0.3
3479,3480,223979,93,6,2,42,,3331,10,0,5,1.1,230,73,1587,27,81,19,27,41,0,53,0.0,0.18,0.04,21,5,0,23,10,48,85,1.1,0.76
3480,3481,225015,120,1,1,27,,3332,10,0,0,0.2,34,33,332,3,28,23,36,12,0,33,0.0,0.0,0.02,19,0,0,20,1,29,17,0.2,0.62
3481,3482,225015,17,3,1,86,,3333,12,1,0,0.3,15,12,229,2,18,19,33,16,1,18,0.1,0.0,0.03,10,1,0,14,0,8,7,0.3,0.21
3482,3483,225015,17,4,1,30,,3334,13,0,0,0.5,51,35,611,7,43,51,61,26,0,37,0.0,0.0,0.02,21,0,0,37,1,37,26,0.5,0.49
3483,3484,225083,55,1,2,55,,3335,12,4,4,2.9,178,82,1789,46,75,44,32,63,0,67,0.12,0.12,0.09,23,8,1,27,4,92,94,2.9,0.84
3484,3485,225083,55,2,2,36,,3336,13,3,0,1.4,132,41,975,27,44,44,32,29,0,36,0.16,0.0,0.07,17,3,2,18,0,49,61,1.4,0.94
3485,3486,225083,55,3,2,15,,3337,14,0,2,0.6,116,38,1325,22,79,59,34,42,0,56,0.0,0.08,0.02,27,2,0,17,0,41,50,0.6,0.42
3486,3487,225083,55,4,2,54,,3338,15,2,4,1.5,159,72,1121,24,59,31,8,37,0,40,0.1,0.2,0.08,25,6,0,14,8,65,69,1.5,0.86
3487,3488,225083,55,5,2,7,,3339,16,0,1,0.3,34,19,271,13,16,6,2,11,0,8,0.0,0.17,0.05,4,1,0,2,2,15,24,0.3,1.39
3488,3489,225122,20,1,4,7,22,3340,6,5,3,2.1,97,91,471,21,31,7,1,15,0,43,0.31,0.18,0.13,14,8,0,9,5,61,56,2.1,2.15
3489,3490,225122,20,2,4,7,,3341,7,2,2,1.0,60,51,357,17,19,7,1,10,0,32,0.14,0.14,0.07,9,4,0,3,2,38,46,1.0,1.64
3490,3491,225122,20,3,4,126,,3342,8,5,5,3.7,115,111,571,34,18,8,7,24,1,45,0.2,0.2,0.15,10,10,0,8,5,86,97,3.7,2.01
3491,3492,225122,20,4,5,16,,3343,9,11,6,6.4,120,93,563,43,21,9,1,14,0,22,0.38,0.21,0.22,2,17,0,16,7,79,105,4.7,2.31
3492,3493,225122,72,5,5,7,1277,3344,10,1,1,1.2,16,20,138,9,8,1,2,4,0,8,0.13,0.13,0.15,5,2,0,7,0,12,27,1.2,2.42
3493,3494,225122,72,5,5,7,1278,3344,10,1,1,1.2,16,20,138,9,8,1,2,4,0,8,0.13,0.13,0.15,5,2,0,7,0,12,27,1.2,2.42
3494,3495,225122,72,5,5,7,1279,3344,10,1,1,1.2,16,20,138,9,8,1,2,4,0,8,0.13,0.13,0.15,5,2,0,7,0,12,27,1.2,2.42
3495,3496,225122,43,6,5,49,1708,3345,11,3,2,2.3,50,38,255,19,6,2,3,8,0,7,0.28,0.19,0.22,2,5,0,2,0,18,40,2.3,2.46
3496,3497,225122,43,6,5,49,1709,3345,11,3,2,2.3,50,38,255,19,6,2,3,8,0,7,0.28,0.19,0.22,2,5,0,2,0,18,40,2.3,2.46
3497,3498,225122,43,6,5,49,1710,3345,11,3,2,2.3,50,38,255,19,6,2,3,8,0,7,0.28,0.19,0.22,2,5,0,2,0,18,40,2.3,2.46
3498,3499,225122,72,7,5,16,,3346,13,2,4,0.6,17,14,72,8,11,2,2,7,0,8,0.53,1.05,0.15,2,6,0,2,0,7,13,0.6,2.11
3499,3500,225161,72,1,2,16,,3347,6,4,3,4.0,206,15,1583,23,75,73,46,57,0,83,0.12,0.09,0.12,27,7,3,28,11,27,67,2.4,2.15
3500,3501,225161,72,2,2,65,,3348,7,2,2,2.0,216,19,1635,29,62,56,34,38,0,86,0.06,0.06,0.06,34,4,1,28,8,31,76,2.0,1.8
3501,3502,225161,72,3,2,7,,3349,8,5,1,5.1,212,22,1678,33,86,65,46,55,0,88,0.17,0.03,0.17,36,6,2,25,1,34,78,2.7,2.15
3502,3503,225161,72,4,2,8,,3350,9,4,2,1.1,202,34,1635,25,68,41,49,39,0,87,0.14,0.07,0.04,24,6,3,19,16,34,67,1.1,1.42
3503,3504,225161,72,5,2,7,,3351,10,6,1,5.2,218,28,1730,32,79,50,85,59,0,76,0.18,0.03,0.15,32,7,1,25,7,29,80,2.8,1.88
3504,3505,225452,129,1,4,32,,3352,6,0,0,0.8,26,30,150,8,7,3,2,5,0,15,0.0,0.0,0.12,3,0,1,1,1,18,25,0.8,1.05
3505,3506,225462,17,3,2,29,,3353,17,1,0,1.2,38,8,321,8,32,27,33,16,0,31,0.06,0.0,0.08,14,1,1,28,2,8,14,0.4,0.99
3506,3507,225462,17,4,2,2,,3354,18,0,0,0.3,25,8,160,1,14,7,2,4,1,8,0.0,0.0,0.08,7,0,0,4,0,5,10,0.3,0.93
3507,3508,225462,17,5,2,29,,3355,19,0,0,0.1,21,5,168,5,16,5,9,3,0,16,0.0,0.0,0.03,10,0,0,5,0,1,13,0.1,1.13
3508,3509,225593,76,3,5,121,,3356,12,4,3,5.0,46,27,428,14,24,13,17,17,0,37,0.18,0.14,0.23,8,7,1,41,4,30,40,5.0,1.36
3509,3510,225593,76,4,4,13,,3357,13,8,3,4.9,39,17,367,12,20,5,21,21,0,44,0.44,0.16,0.27,8,11,0,31,3,16,30,4.9,1.59
3510,3511,225593,76,5,5,23,,3358,14,6,1,5.4,65,23,410,14,31,9,19,18,0,41,0.29,0.05,0.26,14,7,1,28,2,27,43,3.0,1.61
3511,3512,225593,53,7,4,112,,3359,17,0,0,0.2,3,4,50,2,3,2,2,9,0,10,0.0,0.0,0.09,0,0,0,2,3,3,5,0.2,1.98
3512,3513,225657,94,2,1,14,,3360,8,0,1,0.8,55,30,892,2,11,28,86,24,0,13,0.0,0.05,0.04,6,1,0,34,0,8,8,0.8,0.35
3513,3514,225657,94,3,1,21,,3361,9,4,0,1.9,76,16,1661,5,21,42,100,30,0,20,0.12,0.0,0.06,9,4,0,59,0,13,17,1.9,0.3
3514,3515,225657,94,4,1,24,,3362,10,5,0,3.3,101,16,1491,4,24,50,158,33,0,24,0.16,0.0,0.1,13,5,1,69,1,6,26,3.3,0.6
3515,3516,225657,94,5,1,10,,3363,11,1,0,1.4,79,16,1369,3,29,35,97,29,0,27,0.04,0.0,0.05,13,1,0,64,3,12,20,1.4,0.61
3516,3517,225657,94,6,1,11,,3364,12,1,0,1.1,53,14,814,3,20,14,51,18,0,23,0.07,0.0,0.08,13,1,0,33,2,12,14,1.1,0.5
3517,3518,225657,94,7,1,16,,3365,13,1,0,0.4,69,23,995,1,11,21,44,16,0,17,0.07,0.0,0.03,8,1,2,22,0,11,7,0.4,0.49
3518,3519,225873,42,1,2,16,,3366,8,3,3,2.1,118,76,1073,30,72,25,17,39,0,69,0.11,0.11,0.07,15,6,0,21,7,56,75,2.1,1.22
3519,3520,225873,42,2,2,16,,3367,9,4,3,1.8,84,59,589,27,61,26,17,26,0,65,0.18,0.13,0.08,21,7,0,11,1,44,75,1.8,1.43
3520,3521,225873,16,3,2,39,698,3368,10,1,0,1.1,58,27,600,15,38,15,7,19,0,45,0.05,0.0,0.05,16,1,0,8,1,22,42,1.1,0.34
3521,3522,225873,16,4,4,6,,3369,11,0,0,0.7,22,10,218,16,14,3,2,8,0,18,0.0,0.0,0.07,6,0,0,9,0,14,33,0.7,1.31
3522,3523,225873,16,5,2,14,,3370,12,1,0,1.0,73,27,832,20,32,19,25,28,0,25,0.05,0.0,0.05,13,1,0,24,3,24,41,1.0,0.76
3523,3524,225873,16,6,2,33,,3371,13,0,0,0.5,87,31,755,15,30,23,27,24,0,29,0.0,0.0,0.02,9,0,1,18,0,24,36,0.5,0.78
3524,3525,225873,16,7,2,33,,3372,14,1,0,0.4,32,10,349,6,26,7,19,13,0,25,0.08,0.0,0.03,14,1,1,6,1,13,14,0.4,0.67
3525,3526,226025,122,6,2,23,,3373,12,5,0,2.3,167,18,974,13,45,19,62,23,1,49,0.2,0.0,0.09,26,5,0,41,5,16,47,2.3,2.0
3526,3527,226025,144,7,2,14,,3374,14,1,1,0.2,27,2,154,6,9,3,10,5,0,7,0.27,0.27,0.05,5,2,0,2,1,5,13,0.2,1.64
3527,3528,226261,133,5,2,13,,3375,15,1,0,0.4,49,3,435,5,37,13,37,26,0,37,0.05,0.0,0.02,19,1,0,24,1,5,18,0.4,0.38
3528,3529,226524,42,2,8,28,489,3376,8,1,1,1.9,74,16,609,20,53,17,34,24,1,52,0.05,0.05,0.09,27,2,0,91,0,15,39,1.9,0.87
3529,3530,226524,42,3,2,3,,3377,9,3,1,2.9,80,19,737,18,76,25,30,51,0,60,0.1,0.03,0.1,20,4,0,153,0,16,45,2.9,0.78
3530,3531,226524,42,4,2,25,,3378,10,3,1,3.2,88,18,705,15,46,25,39,37,0,56,0.09,0.03,0.1,28,4,0,166,3,13,42,3.2,0.8
3531,3532,226524,44,5,2,25,1551,3379,11,1,1,0.8,15,0,119,7,22,3,20,11,0,21,0.11,0.11,0.09,13,2,0,21,0,2,10,0.8,0.97
3532,3533,226524,27,6,2,67,2192,3380,12,2,2,1.8,28,6,206,9,19,4,20,21,0,14,0.16,0.16,0.14,7,4,0,67,0,9,14,1.8,1.01
3533,3534,226524,27,6,2,67,2193,3380,12,2,2,1.8,28,6,206,9,19,4,20,21,0,14,0.16,0.16,0.14,7,4,0,67,0,9,14,1.8,1.01
3534,3535,226524,27,7,2,23,2633,3381,13,0,1,1.0,32,11,169,17,25,4,13,11,0,16,0.0,0.09,0.09,8,1,0,63,3,7,32,1.0,0.73
3535,3536,226973,116,3,2,23,558,3382,10,0,2,0.4,127,24,1288,21,63,50,31,34,0,73,0.0,0.08,0.02,29,2,1,20,0,21,44,0.4,0.52
3536,3537,226973,116,5,2,41,,3383,12,3,4,1.9,102,30,988,35,44,19,36,54,0,51,0.09,0.13,0.06,16,7,0,29,0,22,74,1.9,0.63
3537,3538,226973,116,6,2,10,,3384,13,0,2,0.3,56,10,627,14,29,11,24,19,0,31,0.0,0.14,0.02,13,2,0,9,2,10,29,0.3,0.61
3538,3539,227081,6,1,5,41,23,3385,8,5,6,8.0,99,128,757,57,21,2,7,14,0,18,0.23,0.28,0.37,5,11,0,19,6,81,125,8.0,3.27
3539,3540,227081,6,2,3,11,,3386,9,9,2,10.4,86,99,555,32,13,7,10,5,0,24,0.4,0.09,0.47,5,11,0,14,2,61,111,9.7,3.46
3540,3541,227081,6,3,3,132,,3387,10,8,3,6.9,69,66,579,29,21,7,12,14,1,25,0.37,0.14,0.32,7,11,0,12,3,59,92,6.3,2.47
3541,3542,227081,54,4,3,43,1120,3388,11,6,1,4.6,38,41,280,19,11,3,2,8,0,13,0.53,0.09,0.4,1,7,0,8,1,22,43,4.6,3.07
3542,3543,227081,54,4,3,43,1121,3388,11,6,1,4.6,38,41,280,19,11,3,2,8,0,13,0.53,0.09,0.4,1,7,0,8,1,22,43,4.6,3.07
3543,3544,227081,54,5,3,72,1248,3389,12,3,1,3.4,29,19,224,15,12,3,0,4,0,15,0.28,0.09,0.33,4,4,0,4,4,13,37,3.4,2.08
3544,3545,227081,49,6,5,24,1762,3390,13,0,0,0.6,25,9,131,5,7,1,1,2,0,8,0.0,0.0,0.13,0,0,0,5,1,10,12,0.6,0.84
3545,3546,227081,49,6,5,24,1763,3390,13,0,0,0.6,25,9,131,5,7,1,1,2,0,8,0.0,0.0,0.13,0,0,0,5,1,10,12,0.6,0.84
3546,3547,227084,134,6,1,17,2293,3391,11,1,1,1.4,25,3,681,3,40,16,101,27,0,35,0.04,0.04,0.06,19,2,1,48,1,1,8,1.4,0.8
3547,3548,227085,65,1,2,58,,3392,11,5,5,5.5,145,58,910,34,37,16,14,33,0,37,0.24,0.24,0.26,9,10,1,7,2,46,81,3.9,1.6
3548,3549,227085,65,3,5,101,,3393,13,6,11,4.9,73,46,763,57,26,27,9,27,0,53,0.3,0.54,0.24,10,17,0,7,2,31,88,2.5,1.09
3549,3550,227085,65,4,4,58,,3394,14,12,5,8.1,95,60,961,70,30,12,10,23,0,42,0.52,0.22,0.35,17,17,0,4,6,31,143,8.1,2.34
3550,3551,227085,65,5,5,47,,3395,15,12,9,7.2,119,73,1149,99,31,16,21,36,0,52,0.4,0.3,0.24,15,21,0,10,12,50,163,6.6,1.48
3551,3552,227085,9,6,2,58,,3396,16,5,7,5.9,119,63,1214,78,20,8,6,18,0,24,0.2,0.29,0.24,10,12,0,2,7,50,157,5.9,2.45
3552,3553,227085,9,7,8,41,,3397,17,1,0,0.5,7,3,99,4,0,0,2,2,0,1,0.4,0.0,0.19,0,1,0,0,1,1,11,0.5,2.02
3553,3554,227961,97,1,5,13,24,3398,14,14,6,12.4,47,36,413,19,30,17,27,14,0,26,0.52,0.22,0.46,7,20,0,96,2,27,43,9.3,2.04
3554,3555,227961,97,2,3,41,,3399,15,11,3,11.0,45,25,486,29,21,7,15,16,0,20,0.36,0.1,0.36,3,14,0,102,2,21,72,7.9,1.77
3555,3556,227961,97,3,3,20,,3400,16,5,0,7.0,32,14,389,15,12,6,16,13,1,18,0.22,0.0,0.31,3,5,0,78,0,9,43,5.5,1.68
3556,3557,227961,97,4,3,9,,3401,17,1,0,1.3,11,6,135,8,7,1,5,4,0,9,0.13,0.0,0.17,1,1,0,25,0,4,16,1.3,1.34
3557,3558,227961,97,5,5,23,,3402,18,1,1,1.9,10,2,68,6,13,3,6,7,0,22,0.21,0.21,0.4,7,2,0,10,0,6,10,1.9,2.88
3558,3559,227961,97,6,5,17,,3403,19,5,1,5.6,19,16,340,18,24,17,31,18,1,26,0.25,0.05,0.28,11,6,0,49,0,16,42,5.6,1.61
3559,3560,227961,136,7,3,59,2710,3404,21,0,0,1.8,4,4,64,3,4,1,5,4,0,8,0.0,0.0,0.44,3,0,0,8,0,2,8,1.8,2.01
3560,3561,228761,95,1,4,17,,3405,12,5,11,4.6,76,119,657,85,20,22,12,18,0,37,0.15,0.33,0.14,7,16,2,5,8,90,137,4.6,1.67
3561,3562,228761,6,2,6,41,,3406,13,0,1,0.3,28,33,427,18,13,14,17,11,0,23,0.0,0.08,0.03,5,1,0,3,1,20,32,0.3,0.84
3562,3563,228761,77,3,4,57,,3407,14,0,2,0.7,48,24,223,19,7,14,3,5,0,20,0.0,0.21,0.07,5,2,0,4,1,24,41,0.7,1.03
3563,3564,228917,120,1,1,2,,3408,14,1,0,0.8,118,66,981,26,73,44,65,34,0,53,0.04,0.0,0.03,34,1,1,30,0,54,62,0.8,0.43
3564,3565,228917,92,2,1,23,,3409,15,0,3,0.7,73,62,982,25,52,46,61,30,1,45,0.0,0.11,0.02,26,3,1,27,0,32,42,0.7,0.37
3565,3566,228917,92,4,1,73,,3410,17,1,0,0.4,85,30,793,16,36,35,58,15,0,44,0.05,0.0,0.02,15,1,0,18,2,31,36,0.4,0.32
3566,3567,228948,90,1,1,47,131,3411,6,1,2,2.2,91,31,1284,6,64,31,69,32,0,55,0.05,0.09,0.11,31,3,1,52,2,15,20,2.2,0.66
3567,3568,228948,90,2,1,22,,3412,7,1,0,0.5,26,13,374,2,10,1,2,2,0,10,0.19,0.0,0.08,5,1,1,8,0,11,9,0.5,0.56
3568,3569,228948,90,4,1,26,,3413,9,2,0,1.0,67,13,1142,2,21,24,29,19,0,21,0.12,0.0,0.06,9,2,0,26,0,12,12,1.0,0.54
3569,3570,228948,64,5,1,42,1411,3414,10,0,2,0.5,60,15,927,8,43,34,76,16,0,45,0.0,0.08,0.02,21,2,1,36,1,12,24,0.5,0.32
3570,3571,228948,13,7,1,41,2591,3415,13,2,0,0.8,63,9,808,3,27,14,66,7,0,26,0.15,0.0,0.06,16,2,1,32,1,3,13,0.8,0.38
3571,3572,229004,34,1,3,6,,3416,7,15,4,17.1,24,44,307,30,12,2,13,15,0,14,0.67,0.18,0.76,4,19,0,50,3,20,64,15.5,3.93
3572,3573,229004,34,2,3,42,,3417,8,16,2,11.5,27,38,304,22,12,5,31,14,0,14,0.66,0.08,0.47,4,18,0,68,4,23,44,7.5,2.1
3573,3574,229004,34,4,3,43,,3418,10,21,4,19.3,23,25,291,27,18,8,30,13,0,15,0.86,0.16,0.79,6,25,1,60,5,18,63,15.3,3.38
3574,3575,229004,34,5,5,11,,3419,11,3,0,3.8,23,10,138,4,8,2,6,5,0,7,0.31,0.0,0.39,4,3,0,29,0,4,14,3.8,2.87
3575,3576,229005,63,1,1,41,,3420,7,1,1,1.6,125,46,1730,11,36,26,91,28,1,15,0.04,0.04,0.06,11,2,1,49,1,29,21,1.6,0.38
3576,3577,229005,90,2,1,22,,3421,8,0,1,1.2,88,21,985,4,20,10,32,9,0,14,0.0,0.07,0.09,8,1,0,16,1,15,11,1.2,0.37
3577,3578,229005,90,4,1,26,,3422,10,0,1,0.1,47,16,623,4,22,10,19,6,0,14,0.0,0.1,0.01,8,1,1,14,0,25,6,0.1,0.21
3578,3579,229005,93,5,7,42,,3423,11,1,0,0.4,24,11,323,1,6,8,22,8,0,3,0.19,0.0,0.07,1,1,0,12,1,3,5,0.4,0.75
3579,3580,229006,35,2,9,59,,3424,7,0,3,0.1,28,34,234,13,16,5,13,12,0,23,0.0,0.32,0.01,8,3,1,6,1,26,30,0.1,0.53
3580,3581,229006,61,3,4,82,699,3425,8,8,4,4.2,83,83,686,64,28,11,24,15,0,37,0.29,0.15,0.15,14,12,0,22,5,58,113,4.2,1.5
3581,3582,229006,61,4,5,6,,3426,9,11,4,4.3,84,117,829,59,54,15,25,24,0,47,0.34,0.12,0.13,27,15,0,18,4,83,124,4.3,1.86
3582,3583,229006,61,5,5,41,,3427,10,6,5,4.8,70,98,691,89,41,21,18,22,0,34,0.21,0.18,0.17,19,11,0,13,1,63,132,4.8,1.67
3583,3584,229006,65,6,6,41,2262,3428,11,3,9,1.6,93,97,802,89,25,9,35,22,0,20,0.12,0.35,0.06,11,12,1,17,3,60,133,1.6,1.07
3584,3585,229006,65,7,3,5,,3429,13,2,4,3.3,31,41,271,29,9,4,21,7,0,4,0.18,0.37,0.3,1,6,1,4,0,22,49,3.3,1.83
3585,3586,229804,96,1,1,28,,3430,9,1,0,1.5,71,25,965,9,47,39,150,23,0,41,0.04,0.0,0.06,26,1,0,64,1,14,25,1.5,0.4
3586,3587,229804,96,2,1,41,,3431,10,0,1,0.8,68,11,811,5,28,15,67,21,0,23,0.0,0.06,0.05,13,1,0,64,0,5,15,0.8,0.54
3587,3588,229804,96,3,1,20,,3432,11,1,0,0.5,112,27,1058,3,30,15,63,12,0,22,0.05,0.0,0.03,18,1,0,62,2,14,14,0.5,0.24
3588,3589,229804,96,4,1,16,,3433,12,4,1,1.6,85,20,989,1,21,29,86,19,1,20,0.17,0.04,0.07,10,5,0,54,1,14,10,1.6,0.6
3589,3590,229804,96,6,1,24,,3434,14,0,1,0.3,31,4,402,7,11,7,26,12,0,14,0.0,0.11,0.03,6,1,0,29,0,5,13,0.3,0.78
3590,3591,229853,140,5,2,17,,3435,15,2,0,1.9,138,10,1236,5,80,67,49,54,0,93,0.05,0.0,0.05,34,2,0,56,1,21,34,1.1,0.66
3591,3592,230066,123,1,1,23,,3436,9,0,0,0.2,21,17,228,2,48,7,22,15,0,26,0.0,0.0,0.02,19,0,0,5,0,11,15,0.2,1.1
3592,3593,230784,79,1,2,20,,3437,10,3,4,1.5,147,36,1133,19,66,49,22,26,1,49,0.13,0.17,0.06,21,7,2,39,8,39,61,1.5,1.57
3593,3594,230784,79,2,2,8,,3438,11,3,0,1.6,181,35,1371,19,70,48,41,32,0,58,0.11,0.0,0.06,26,3,7,66,6,36,55,1.6,1.13
3594,3595,230784,41,4,2,65,,3439,13,2,1,2.8,119,20,1032,17,43,23,35,22,0,44,0.09,0.04,0.12,18,3,2,23,9,29,61,2.8,1.95
3595,3596,230784,41,5,2,93,,3440,14,3,0,2.2,231,34,1731,26,70,28,41,26,0,52,0.11,0.0,0.08,25,3,1,37,11,38,71,2.2,1.01
3596,3597,230784,41,6,8,22,,3441,15,0,0,0.4,72,15,570,6,14,11,9,9,0,10,0.0,0.0,0.05,5,0,0,7,3,18,25,0.4,0.91
3597,3598,230784,41,7,8,11,,3442,16,2,2,1.2,88,8,794,9,41,18,27,11,0,38,0.14,0.14,0.09,22,4,2,15,3,13,22,1.2,0.83
3598,3599,231025,99,1,2,48,,3443,11,1,1,1.1,101,17,678,14,52,40,32,28,0,58,0.05,0.05,0.05,21,2,0,20,1,21,36,1.1,0.75
3599,3600,231025,99,3,2,30,,3444,13,0,0,0.9,70,6,635,7,34,23,12,14,0,56,0.0,0.0,0.05,23,0,2,12,0,10,22,0.9,0.63
3600,3601,231572,24,1,1,43,,3445,9,1,0,0.3,44,54,1098,4,38,22,26,23,0,18,0.06,0.0,0.02,12,1,0,18,0,41,18,0.3,0.34
3601,3602,231572,24,2,1,7,,3446,10,1,2,0.6,99,71,1469,12,51,22,30,18,0,36,0.04,0.09,0.02,21,3,0,12,1,63,31,0.6,0.34
3602,3603,231572,72,3,7,50,700,3447,11,1,1,1.3,138,111,1586,21,85,41,78,30,0,72,0.03,0.03,0.04,42,2,2,41,1,78,70,1.3,0.69
3603,3604,231572,72,4,8,50,,3448,12,0,1,1.6,78,79,916,18,58,21,64,23,0,49,0.0,0.04,0.07,25,1,1,15,1,63,44,1.6,0.8
3604,3605,231572,72,6,7,16,,3449,14,0,1,1.3,138,103,1474,24,79,36,85,44,1,64,0.0,0.03,0.04,38,1,1,22,2,63,60,1.3,0.5
3605,3606,231572,72,7,1,5,,3450,16,0,3,0.4,34,24,494,10,34,7,61,17,0,32,0.0,0.22,0.03,17,3,1,18,0,16,23,0.4,0.51
3606,3607,231586,30,3,1,82,,3451,8,0,1,0.2,62,34,716,13,35,10,45,19,0,31,0.0,0.05,0.01,23,1,0,23,0,24,32,0.2,0.31
3607,3608,231586,30,4,1,80,,3452,9,0,0,0.1,21,18,217,6,6,3,9,1,0,8,0.0,0.0,0.01,4,0,0,8,1,20,14,0.1,0.56
3608,3609,232320,32,3,7,30,,3453,8,0,0,0.1,33,4,605,2,20,21,50,18,0,22,0.0,0.0,0.01,13,0,2,29,0,2,7,0.1,0.26
3609,3610,232320,32,4,2,3,,3454,9,0,1,0.3,82,11,830,17,48,34,47,37,1,36,0.0,0.05,0.01,18,1,0,57,1,13,38,0.3,0.43
3610,3611,232320,32,6,2,14,,3455,11,0,4,1.0,142,24,1698,29,72,27,43,37,0,60,0.0,0.14,0.04,29,4,0,44,5,42,57,1.0,0.65
3611,3612,232320,32,7,2,41,,3456,13,1,2,0.8,46,7,706,9,24,13,12,13,1,25,0.09,0.17,0.06,14,3,1,17,2,13,19,0.8,0.43
3612,3613,232418,39,1,2,23,,3457,8,11,5,7.0,141,36,947,40,54,15,17,36,0,55,0.39,0.18,0.25,15,16,1,31,3,35,93,7.0,1.9
3613,3614,232418,78,2,2,16,331,3458,9,0,0,0.5,25,8,295,16,18,6,8,10,0,16,0.0,0.0,0.06,7,0,0,5,3,9,30,0.5,1.24
3614,3615,232418,78,2,2,16,332,3458,9,0,0,0.5,25,8,295,16,18,6,8,10,0,16,0.0,0.0,0.06,7,0,0,5,3,9,30,0.5,1.24
3615,3616,232418,30,3,5,116,701,3459,10,7,5,6.4,126,32,888,42,36,19,20,28,1,39,0.25,0.18,0.23,8,12,0,33,5,25,94,3.3,1.63
3616,3617,232418,30,4,4,25,,3460,11,2,0,3.9,83,25,491,20,23,17,9,14,0,23,0.11,0.0,0.22,6,2,0,16,2,15,61,3.9,2.35
3617,3618,232418,69,5,2,9,1319,3461,12,0,0,0.8,44,15,323,5,22,13,8,11,0,16,0.0,0.0,0.07,9,0,0,11,2,14,20,0.8,1.1
3618,3619,232418,69,5,2,9,1320,3461,12,0,0,0.8,44,15,323,5,22,13,8,11,0,16,0.0,0.0,0.07,9,0,0,11,2,14,20,0.8,1.1
3619,3620,232418,69,6,2,160,2069,3462,13,1,4,2.2,117,34,906,53,59,26,21,29,2,52,0.04,0.15,0.08,31,5,0,7,5,29,93,1.4,0.84
3620,3621,232418,69,7,2,14,,3463,15,0,2,0.4,46,6,392,12,15,13,7,8,0,22,0.0,0.2,0.04,10,2,3,7,1,12,31,0.4,0.81
3621,3622,232454,8,1,2,45,,3464,6,3,1,2.2,50,22,320,16,14,7,4,11,0,13,0.36,0.12,0.26,3,4,0,3,2,20,28,2.2,2.15
3622,3623,232454,9,2,4,45,397,3465,7,1,2,2.2,106,53,886,54,26,14,8,12,0,34,0.05,0.1,0.1,16,3,1,9,7,43,95,2.2,2.04
3623,3624,232454,9,3,2,37,,3466,8,2,6,2.2,113,45,930,38,12,12,7,18,0,33,0.1,0.29,0.1,7,8,0,4,3,34,80,2.2,2.0
3624,3625,232454,27,4,4,42,963,3467,9,0,1,0.9,33,17,222,20,6,0,0,7,0,9,0.0,0.13,0.12,2,1,0,3,2,27,30,0.9,2.11
3625,3626,232454,27,4,4,42,964,3467,9,0,1,0.9,33,17,222,20,6,0,0,7,0,9,0.0,0.13,0.12,2,1,0,3,2,27,30,0.9,2.11
3626,3627,232454,9,5,4,21,,3468,10,4,1,1.9,55,30,423,15,15,6,10,12,0,20,0.37,0.09,0.17,9,5,2,1,4,26,36,1.1,2.12
3627,3628,232454,62,7,2,25,,3469,13,3,2,2.3,88,22,591,30,19,12,16,12,2,21,0.24,0.16,0.18,5,5,1,7,8,12,51,1.5,2.2
3628,3629,232463,32,5,3,3,1671,3470,10,0,0,1.6,22,9,129,12,1,1,5,4,1,1,0.0,0.0,0.21,0,0,0,30,1,8,24,1.6,1.54
3629,3630,232463,137,6,5,3,1903,3471,11,1,4,4.6,37,15,290,19,11,2,21,5,0,11,0.06,0.22,0.26,5,5,0,54,1,14,49,4.6,2.67
3630,3631,232463,137,6,5,3,1904,3471,11,1,4,4.6,37,15,290,19,11,2,21,5,0,11,0.06,0.22,0.26,5,5,0,54,1,14,49,4.6,2.67
3631,3632,232895,102,2,5,3,225,3472,11,3,4,4.1,82,85,587,51,26,16,18,15,0,46,0.12,0.16,0.17,15,7,0,68,2,43,99,4.1,1.8
3632,3633,232895,102,3,5,80,,3473,12,6,10,5.9,121,92,819,50,36,32,38,22,0,39,0.18,0.3,0.18,18,16,0,71,5,73,111,5.1,1.86
3633,3634,232895,66,7,5,40,,3474,16,1,0,0.3,13,6,91,4,1,2,2,1,0,2,0.39,0.0,0.12,0,1,0,4,1,2,8,0.3,1.97
3634,3635,233124,48,2,1,13,507,3475,9,1,0,2.5,46,8,607,2,21,20,98,27,0,15,0.06,0.0,0.14,8,1,4,99,1,4,8,2.5,1.17
3635,3636,233124,48,4,1,52,,3476,11,1,0,0.1,14,2,175,0,3,6,13,8,0,4,0.23,0.0,0.03,3,1,0,20,1,2,2,0.1,0.45
3636,3637,233782,44,5,2,23,1227,3477,10,2,0,0.8,40,10,236,4,14,9,3,22,0,17,0.21,0.0,0.09,5,2,0,7,4,8,20,0.8,0.62
3637,3638,233782,44,6,2,25,,3478,11,0,3,0.7,56,24,404,12,21,12,14,26,0,12,0.0,0.25,0.06,4,3,2,12,2,17,29,0.7,1.09
3638,3639,234006,82,2,2,63,,3479,11,0,0,0.1,8,4,60,4,6,1,0,1,0,5,0.0,0.0,0.07,2,0,0,0,1,3,8,0.1,2.43
3639,3640,234029,44,2,2,48,,3480,9,0,0,0.6,30,13,260,5,14,14,9,10,0,19,0.0,0.0,0.06,7,0,0,11,0,11,20,0.6,1.07
3640,3641,234029,44,3,2,82,,3481,10,3,1,1.8,66,18,557,9,39,24,22,20,0,34,0.15,0.05,0.09,18,4,0,17,0,21,43,1.8,0.99
3641,3642,234029,44,4,2,14,,3482,11,8,1,6.3,95,27,713,14,36,23,22,18,0,52,0.3,0.04,0.23,22,9,0,36,1,14,42,6.3,1.37
3642,3643,234029,8,5,2,67,1321,3483,12,1,1,2.5,39,19,363,8,27,8,23,22,0,25,0.06,0.06,0.16,9,2,0,21,0,12,20,2.5,1.49
3643,3644,234029,8,6,2,25,,3484,13,4,5,3.8,96,35,802,21,32,22,36,22,1,32,0.17,0.21,0.16,14,9,0,16,6,36,44,3.8,1.09
3644,3645,234523,27,1,3,32,25,3485,7,3,0,5.1,20,14,102,7,6,4,3,8,0,1,0.35,0.0,0.6,0,3,0,28,0,5,16,4.3,3.64
3645,3646,234523,27,2,3,41,302,3486,8,6,2,4.6,27,30,273,15,14,5,12,13,0,14,0.39,0.13,0.3,3,8,1,36,1,27,43,4.6,2.66
3646,3647,234523,16,3,3,38,702,3487,9,5,1,3.3,20,11,195,7,8,5,8,5,0,9,0.46,0.09,0.3,2,6,0,29,0,12,20,3.3,1.84
3647,3648,234523,16,4,3,38,,3488,10,6,1,8.3,24,11,348,18,3,2,10,11,0,4,0.3,0.05,0.41,1,7,0,78,1,11,35,8.3,2.45
3648,3649,234523,16,5,3,32,,3489,11,12,4,9.3,46,17,524,25,11,4,7,9,0,7,0.44,0.15,0.34,1,16,0,86,1,19,50,8.5,2.48
3649,3650,234523,16,6,5,41,,3490,12,5,0,9.3,57,19,494,15,18,6,12,7,0,9,0.21,0.0,0.39,4,5,0,62,0,16,38,7.7,2.19
3650,3651,234523,16,7,3,25,,3491,13,2,0,2.4,14,4,155,7,2,0,9,5,0,4,0.19,0.0,0.23,1,2,0,13,1,4,16,1.6,1.21
3651,3652,234803,21,1,1,41,,3492,9,0,11,0.7,244,124,2285,50,80,29,57,33,0,70,0.0,0.31,0.02,39,11,3,24,2,117,94,0.7,0.45
3652,3653,234803,21,2,1,8,,3493,10,2,12,1.8,219,149,2391,60,54,38,72,29,0,61,0.06,0.35,0.05,27,14,1,33,2,115,130,1.8,0.64
3653,3654,234803,21,3,1,128,,3494,11,1,7,1.5,228,119,2624,66,46,21,79,39,0,57,0.03,0.19,0.04,28,8,1,29,2,101,123,1.5,0.51
3654,3655,234803,21,4,1,31,,3495,12,3,10,1.4,186,96,1885,55,36,23,61,24,1,35,0.11,0.35,0.05,20,13,0,26,3,85,112,1.4,0.64
3655,3656,234803,21,5,1,66,,3496,13,0,8,1.3,166,80,1803,52,38,18,50,32,0,41,0.0,0.28,0.05,21,8,3,22,2,60,95,1.3,0.45
3656,3657,234803,21,6,1,113,,3497,14,3,2,1.9,140,63,1248,62,35,13,40,20,0,43,0.16,0.11,0.1,26,5,0,14,0,40,97,1.9,0.64
3657,3658,234803,21,7,1,43,,3498,15,0,0,0.5,75,25,744,20,21,7,19,2,1,26,0.0,0.0,0.04,16,0,0,2,3,19,32,0.5,0.32
3658,3659,235412,109,3,1,86,,3499,13,0,1,0.6,41,6,494,2,21,46,100,15,0,11,0.0,0.07,0.04,8,1,0,47,0,9,10,0.6,0.52
3659,3660,235412,109,5,1,74,,3500,15,1,0,1.1,55,21,745,5,17,37,101,27,1,11,0.06,0.0,0.06,6,1,0,42,1,9,12,1.1,0.95
3660,3661,235931,23,1,2,63,195,3501,7,0,0,0.8,11,6,121,1,7,6,8,14,0,13,0.0,0.0,0.16,3,0,0,5,1,6,9,0.8,1.6
3661,3662,235931,23,1,2,63,196,3501,7,0,0,0.8,11,6,121,1,7,6,8,14,0,13,0.0,0.0,0.16,3,0,0,5,1,6,9,0.8,1.6
3662,3663,235931,11,3,2,119,703,3502,9,0,0,0.2,12,3,117,8,6,3,1,3,0,13,0.0,0.0,0.06,5,0,0,3,0,2,10,0.2,1.25
3663,3664,235931,23,4,2,13,,3503,10,4,1,2.5,70,12,590,13,47,26,45,28,0,58,0.17,0.04,0.11,23,5,0,40,0,10,37,2.5,1.1
3664,3665,235931,23,6,2,40,,3504,12,1,0,2.5,64,9,364,10,33,9,37,16,0,47,0.06,0.0,0.14,18,1,0,35,2,5,28,2.5,1.4
3665,3666,236041,101,1,2,20,86,3505,6,1,1,0.4,93,8,759,7,77,33,48,39,0,89,0.05,0.05,0.02,35,2,1,48,0,8,25,0.4,0.32
3666,3667,236041,115,5,2,73,,3506,10,1,0,2.8,101,13,766,15,69,34,74,55,0,73,0.04,0.0,0.11,38,1,0,55,1,17,42,2.8,0.83
3667,3668,236041,115,6,2,28,,3507,11,0,2,1.1,60,7,671,7,33,22,39,16,0,43,0.0,0.11,0.06,15,2,0,28,1,8,31,1.1,0.71
3668,3669,236045,102,1,4,60,,3508,8,8,2,7.8,47,102,434,31,52,20,16,24,0,61,0.27,0.07,0.27,13,10,0,27,3,60,75,7.8,2.94
3669,3670,236045,35,2,5,6,,3509,9,10,3,10.3,33,75,410,18,45,10,15,30,0,55,0.44,0.13,0.45,20,13,0,39,1,51,63,7.9,3.31
3670,3671,236045,35,3,4,20,,3510,10,7,4,12.8,51,85,506,24,52,20,36,32,0,58,0.23,0.13,0.42,16,11,0,65,0,43,81,9.6,3.21
3671,3672,236045,35,4,5,41,,3511,11,9,6,8.0,66,79,539,33,46,8,34,30,1,63,0.33,0.22,0.29,22,15,1,67,3,46,87,8.0,3.1
3672,3673,236490,16,1,1,14,215,3512,6,1,3,1.4,97,62,861,25,54,39,59,30,1,48,0.04,0.12,0.06,23,4,2,41,2,56,57,1.4,1.0
3673,3674,236490,16,1,1,14,216,3512,6,1,3,1.4,97,62,861,25,54,39,59,30,1,48,0.04,0.12,0.06,23,4,2,41,2,56,57,1.4,1.0
3674,3675,236490,16,2,1,57,303,3513,7,0,2,0.4,80,86,862,22,45,41,61,24,0,37,0.0,0.09,0.02,17,2,0,28,1,51,55,0.4,0.52
3675,3676,236490,116,3,1,20,704,3514,8,2,1,1.2,106,63,1352,15,37,45,94,22,0,43,0.07,0.03,0.04,21,3,2,31,0,40,27,1.2,0.47
3676,3677,236490,116,3,1,20,705,3514,8,2,1,1.2,106,63,1352,15,37,45,94,22,0,43,0.07,0.03,0.04,21,3,2,31,0,40,27,1.2,0.47
3677,3678,236490,16,4,1,25,,3515,9,0,0,0.2,68,42,535,16,27,28,30,17,0,23,0.0,0.0,0.01,15,0,0,17,1,34,37,0.2,0.63
3678,3679,236490,16,5,1,14,,3516,10,1,1,0.8,43,35,402,12,17,11,26,12,0,15,0.1,0.1,0.08,9,2,0,12,0,26,27,0.8,0.82
3679,3680,236490,131,6,1,33,2070,3517,11,1,1,0.3,68,53,603,11,47,18,51,19,0,41,0.05,0.05,0.01,29,2,1,16,2,29,38,0.3,0.59
3680,3681,236490,131,7,1,41,,3518,13,2,0,0.3,61,37,537,7,36,23,45,17,0,35,0.12,0.0,0.02,23,2,1,6,0,27,33,0.3,0.37
3681,3682,236953,78,2,1,33,,3519,10,0,0,1.4,41,21,609,6,40,26,73,16,0,37,0.0,0.0,0.1,18,0,0,43,0,18,21,1.4,1.04
3682,3683,236953,78,4,1,3,,3520,12,0,0,0.6,23,11,393,4,24,22,48,21,0,27,0.0,0.0,0.06,19,0,0,28,0,7,11,0.6,0.61
3683,3684,236981,30,4,1,17,938,3521,10,1,0,1.3,77,8,1043,0,45,52,95,31,0,45,0.05,0.0,0.07,27,1,0,51,0,13,12,1.3,0.52
3684,3685,236981,30,5,1,23,,3522,11,3,0,1.8,84,10,1400,2,43,58,153,27,0,52,0.11,0.0,0.06,24,3,0,94,1,7,13,1.8,0.53
3685,3686,236981,30,6,1,57,,3523,12,0,0,1.8,104,19,1473,6,68,63,168,54,0,80,0.0,0.0,0.06,49,0,1,99,1,14,22,1.8,0.71
3686,3687,237164,121,1,4,32,,3524,9,4,3,4.6,48,48,293,16,15,9,9,18,0,9,0.34,0.25,0.39,4,7,0,20,2,39,51,3.8,2.2
3687,3688,237164,8,2,5,5,398,3525,10,6,1,4.5,48,77,429,30,27,11,25,25,0,23,0.26,0.04,0.19,8,7,0,58,4,46,67,4.5,1.5
3688,3689,237164,8,3,5,41,,3526,11,9,7,9.9,52,70,466,39,24,17,16,18,0,14,0.37,0.29,0.4,8,16,0,55,0,34,74,9.9,1.96
3689,3690,237164,8,4,9,21,,3527,12,7,2,9.4,55,48,431,20,22,12,25,20,0,21,0.3,0.09,0.41,7,9,0,37,0,27,57,9.4,1.98
3690,3691,237164,8,5,9,37,,3528,13,7,0,4.6,23,27,246,15,19,7,15,9,0,17,0.44,0.0,0.29,11,7,0,28,0,19,45,3.8,1.78
3691,3692,237164,8,6,9,25,,3529,14,7,5,4.9,38,42,360,15,22,14,15,13,0,16,0.39,0.28,0.27,8,12,0,32,2,36,48,4.9,2.09
3692,3693,237499,47,2,1,29,244,3530,12,0,0,0.1,27,4,325,1,13,16,31,17,1,11,0.0,0.0,0.01,7,0,0,18,0,2,6,0.1,0.11
3693,3694,237499,95,6,1,2,,3531,16,1,0,0.3,26,6,343,2,14,13,43,8,0,16,0.1,0.0,0.03,10,1,0,17,0,4,9,0.3,0.38
3694,3695,237617,136,6,5,27,1838,3532,17,1,0,0.9,8,2,92,1,1,0,2,1,0,2,0.54,0.0,0.48,1,1,0,0,0,3,5,0.9,0.54
3695,3696,237662,112,1,3,10,,3533,6,5,1,4.2,23,31,165,19,22,4,6,11,0,9,0.33,0.07,0.28,1,6,0,29,5,22,48,4.2,1.74
3696,3697,237662,65,2,5,5,333,3534,7,8,5,10.4,43,35,288,21,22,8,5,12,0,15,0.46,0.29,0.6,4,13,0,21,4,33,53,9.6,2.61
3697,3698,237662,65,3,5,47,,3535,8,5,2,7.7,31,37,324,16,15,8,8,16,0,6,0.31,0.12,0.48,0,7,0,36,2,20,54,7.7,2.56
3698,3699,237662,65,4,3,37,,3536,9,9,3,8.4,64,38,398,34,16,6,7,14,0,8,0.37,0.12,0.36,3,12,0,35,10,35,82,8.4,1.99
3699,3700,237662,13,5,3,24,1322,3537,10,12,2,8.5,52,24,307,28,15,5,12,14,0,10,0.58,0.1,0.41,5,14,0,33,3,27,63,7.6,1.94
3700,3701,237662,13,6,3,42,,3538,11,1,0,0.7,7,8,37,3,3,1,2,1,0,4,0.49,0.0,0.35,1,1,0,1,0,5,10,0.7,2.97
3701,3702,237662,13,7,3,5,,3539,12,3,2,6.3,21,10,120,15,5,1,3,4,0,8,0.33,0.22,0.69,1,5,0,17,4,7,19,6.3,3.08
3702,3703,237666,27,4,1,33,1165,3540,8,0,0,0.2,39,30,393,10,50,20,34,20,0,58,0.0,0.0,0.01,32,0,1,6,1,23,22,0.2,0.35
3703,3704,238407,29,1,3,25,121,3541,7,0,0,0.5,9,4,38,3,2,0,3,0,0,2,0.0,0.0,0.23,1,0,0,18,0,4,7,0.5,1.95
3704,3705,238407,93,3,3,41,540,3542,9,5,3,6.4,34,43,330,29,7,3,13,13,0,14,0.31,0.19,0.4,2,8,0,80,1,33,58,5.6,2.87
3705,3706,238407,93,3,3,41,541,3542,9,5,3,6.4,34,43,330,29,7,3,13,13,0,14,0.31,0.19,0.4,2,8,0,80,1,33,58,5.6,2.87
3706,3707,238407,96,4,3,10,965,3543,10,4,0,5.9,33,55,331,23,20,4,15,14,0,17,0.2,0.0,0.3,7,4,0,51,1,39,45,5.9,1.79
3707,3708,238407,96,4,3,10,966,3543,10,4,0,5.9,33,55,331,23,20,4,15,14,0,17,0.2,0.0,0.3,7,4,0,51,1,39,45,5.9,1.79
3708,3709,238407,43,6,3,5,1815,3544,12,23,6,12.3,40,48,357,34,6,0,26,9,0,6,0.83,0.22,0.44,2,29,0,80,2,35,68,12.3,2.82
3709,3710,238407,79,7,3,16,2440,3545,14,8,2,6.5,15,15,122,8,4,0,14,4,0,2,0.92,0.23,0.76,1,10,0,51,1,8,21,6.5,3.92
3710,3711,238626,3,3,2,59,,3546,12,3,1,1.5,138,32,1288,20,145,46,12,64,0,162,0.09,0.03,0.05,54,4,0,9,1,32,59,1.5,0.88
3711,3712,238626,3,4,2,3,,3547,13,0,2,1.5,171,30,1342,35,110,55,13,58,0,166,0.0,0.06,0.04,71,2,0,11,7,39,83,1.5,0.88
3712,3713,238626,3,5,2,23,,3548,14,0,1,0.5,143,13,1308,14,92,34,39,47,1,92,0.0,0.04,0.02,39,1,0,8,10,29,33,0.5,0.5
3713,3714,238626,3,6,2,23,,3549,15,2,1,1.1,194,38,1551,30,85,61,61,29,0,96,0.06,0.03,0.04,38,3,3,15,6,49,81,1.1,0.82
3714,3715,238639,128,1,3,41,,3550,8,2,3,5.8,34,22,361,18,9,5,15,10,1,12,0.1,0.15,0.3,2,5,0,210,0,22,33,5.8,3.09
3715,3716,238639,61,3,3,20,559,3551,10,9,4,12.1,49,27,428,19,15,12,40,18,0,28,0.3,0.13,0.41,3,13,0,257,1,17,49,10.5,2.62
3716,3717,238639,61,4,3,25,,3552,11,9,2,11.8,65,29,429,18,17,6,12,13,0,27,0.35,0.08,0.46,4,11,0,223,2,28,50,10.2,2.8
3717,3718,238639,61,5,3,25,,3553,12,6,0,7.3,32,23,253,13,13,3,20,18,0,14,0.33,0.0,0.4,5,6,0,150,0,9,37,6.5,3.15
3718,3719,238639,61,6,3,9,,3554,13,6,2,8.9,25,22,282,21,8,2,18,13,1,11,0.31,0.1,0.45,3,8,0,137,0,23,32,8.9,3.05
3719,3720,238639,59,7,5,6,2592,3555,15,0,0,1.2,6,7,41,0,3,0,4,1,0,1,0.0,0.0,0.46,0,0,0,16,0,4,5,1.2,5.02
3720,3721,238654,122,6,5,74,,3556,13,1,0,0.5,29,12,141,8,4,4,1,5,0,7,0.18,0.0,0.08,0,1,0,4,0,6,16,0.5,1.62
3721,3722,238716,66,1,1,3,,3557,9,0,0,0.0,28,20,260,4,11,5,16,6,0,8,0.0,0.0,0.01,5,0,0,10,0,14,7,0.0,0.18
3722,3723,238752,54,1,3,43,87,3558,8,5,2,3.9,27,57,256,22,10,3,1,8,1,9,0.51,0.2,0.39,2,7,0,4,1,25,43,3.9,3.04
3723,3724,238752,54,1,3,43,88,3558,8,5,2,3.9,27,57,256,22,10,3,1,8,1,9,0.51,0.2,0.39,2,7,0,4,1,25,43,3.9,3.04
3724,3725,238752,13,2,5,26,,3559,9,4,1,4.0,23,27,191,6,6,2,7,4,0,9,0.42,0.1,0.42,3,5,1,25,0,14,30,4.0,2.94
3725,3726,238752,42,3,3,37,706,3560,10,7,1,5.7,26,40,230,21,9,0,3,10,1,10,0.53,0.08,0.42,4,8,0,20,0,26,45,5.7,3.31
3726,3727,238752,42,3,3,37,707,3560,10,7,1,5.7,26,40,230,21,9,0,3,10,1,10,0.53,0.08,0.42,4,8,0,20,0,26,45,5.7,3.31
3727,3728,238752,23,4,3,20,1122,3561,11,3,1,3.5,22,14,187,10,8,4,6,6,0,10,0.22,0.07,0.26,1,4,0,20,1,12,23,3.5,1.98
3728,3729,238868,113,1,1,13,,3562,12,1,2,0.8,211,114,1308,44,63,35,57,37,0,53,0.03,0.07,0.03,24,3,0,21,1,97,100,0.8,0.74
3729,3730,238868,43,2,1,41,279,3563,13,2,2,1.1,90,55,1015,18,42,35,58,25,0,50,0.09,0.09,0.05,17,4,2,20,1,39,38,1.1,0.28
3730,3731,238868,43,3,1,38,,3564,14,1,1,0.8,34,40,443,6,25,13,19,20,0,33,0.08,0.08,0.06,19,2,0,16,0,24,18,0.8,0.48
3731,3732,238868,43,4,4,14,,3565,15,0,0,0.2,3,5,38,2,2,5,2,1,0,6,0.0,0.0,0.16,2,0,0,3,0,4,8,0.2,2.05
3732,3733,238868,77,5,7,28,1494,3566,16,0,1,1.2,61,32,432,10,32,17,31,23,1,41,0.0,0.07,0.08,20,1,0,14,0,28,21,1.2,0.85
3733,3734,238868,77,6,6,28,,3567,17,0,2,0.9,78,62,626,28,47,30,39,37,0,49,0.0,0.09,0.04,20,2,3,14,2,43,61,0.9,0.73
3734,3735,238868,77,7,5,73,,3568,18,0,0,0.6,12,11,60,6,6,4,7,8,0,12,0.0,0.0,0.12,1,0,0,4,0,4,8,0.6,1.61
3735,3736,238977,118,3,5,62,,3569,9,0,0,0.7,5,3,52,3,2,2,4,2,0,1,0.0,0.0,0.18,0,0,0,10,0,1,7,0.7,2.02
3736,3737,238981,16,1,8,79,,3570,7,0,0,0.7,7,25,86,8,11,1,5,3,0,9,0.0,0.0,0.16,6,0,0,5,0,19,15,0.7,1.91
3737,3738,238981,27,3,8,74,,3571,9,0,0,0.0,0,5,14,0,5,0,0,0,0,1,0.0,0.0,0.03,0,0,0,2,0,1,1,0.0,1.61
3738,3739,239099,28,4,1,79,,3572,10,2,1,2.3,87,37,1414,6,55,30,143,45,1,36,0.06,0.03,0.07,25,3,0,38,0,17,17,2.3,0.55
3739,3740,239962,74,7,1,14,2726,3573,13,1,0,0.9,45,4,514,5,4,10,80,13,0,8,0.1,0.0,0.09,3,1,1,37,0,7,15,0.9,1.0
3740,3741,239962,74,7,1,14,2727,3573,13,1,0,0.9,45,4,514,5,4,10,80,13,0,8,0.1,0.0,0.09,3,1,1,37,0,7,15,0.9,1.0
3741,3742,240158,114,1,1,3,,3574,8,2,1,0.5,56,9,897,2,28,34,139,31,0,28,0.08,0.04,0.02,18,3,1,48,1,5,11,0.5,0.31
3742,3743,240158,114,2,1,9,,3575,9,0,0,0.5,66,8,1118,2,27,38,145,48,0,25,0.0,0.0,0.01,12,0,1,49,0,6,14,0.5,0.31
3743,3744,240219,70,2,7,17,,3576,9,0,1,0.2,40,28,393,8,20,11,15,5,0,19,0.0,0.1,0.02,13,1,0,8,0,22,21,0.2,0.42
3744,3745,240219,70,4,1,23,,3577,11,0,0,0.2,68,28,909,8,25,5,27,13,0,24,0.0,0.0,0.01,14,0,0,9,0,21,19,0.2,0.4
3745,3746,240219,70,5,1,23,,3578,12,0,1,0.4,44,24,497,8,18,5,17,7,0,18,0.0,0.1,0.04,11,1,2,10,0,19,24,0.4,0.68
3746,3747,240219,115,6,1,3,2071,3579,13,0,0,0.1,16,7,174,4,6,5,14,4,0,10,0.0,0.0,0.02,6,0,0,2,0,6,8,0.1,0.74
3747,3748,240274,81,3,1,29,,3580,8,0,0,0.2,45,18,472,6,40,27,53,30,0,40,0.0,0.0,0.01,20,0,0,25,0,16,27,0.2,0.45
3748,3749,240274,62,4,1,71,,3581,9,1,0,0.7,15,9,147,6,22,11,10,15,0,22,0.12,0.0,0.09,11,1,0,7,0,6,14,0.7,0.97
3749,3750,240306,60,2,2,43,237,3582,9,8,7,6.2,110,34,607,30,22,11,16,6,0,38,0.61,0.53,0.47,5,15,0,3,8,32,53,3.0,3.04
3750,3751,240306,60,3,2,113,,3583,10,18,12,16.1,285,80,1733,95,57,26,29,38,0,100,0.52,0.35,0.47,26,30,0,15,12,76,184,8.2,3.22
3751,3752,240306,60,4,2,51,,3584,11,10,6,9.7,237,78,1549,88,54,17,42,36,0,91,0.29,0.17,0.28,26,16,2,19,22,65,155,8.1,2.52
3752,3753,240306,60,5,4,19,,3585,12,8,8,9.3,263,89,1498,119,68,25,40,37,0,71,0.22,0.22,0.25,30,16,1,18,35,68,219,7.7,2.44
3753,3754,240306,60,6,4,18,,3586,13,10,8,10.0,297,86,1590,114,68,27,50,49,0,88,0.29,0.23,0.29,30,18,2,21,30,61,210,6.1,2.6
3754,3755,240306,60,7,4,31,,3587,15,4,5,6.2,122,37,716,38,38,13,18,15,1,38,0.25,0.31,0.39,13,9,1,10,9,28,77,4.6,3.02
3755,3756,240360,50,4,1,27,,3588,15,0,0,0.6,20,2,498,1,18,16,69,20,0,15,0.0,0.0,0.03,9,0,0,56,0,1,10,0.6,0.48
3756,3757,240897,58,1,1,71,,3589,7,1,0,0.4,63,13,564,10,46,34,60,18,0,40,0.06,0.0,0.03,22,1,0,15,0,12,20,0.4,0.06
3757,3758,240897,101,2,1,40,,3590,8,1,1,0.8,68,20,723,6,53,29,60,24,0,75,0.05,0.05,0.04,33,2,0,30,0,16,22,0.8,0.29
3758,3759,240934,40,4,2,30,,3591,11,2,3,2.2,104,57,537,32,33,10,37,22,0,31,0.09,0.14,0.1,15,5,2,12,4,42,58,2.2,1.61
3759,3760,240934,40,5,2,23,,3592,12,2,0,1.7,101,40,773,31,55,18,40,20,0,45,0.08,0.0,0.07,17,2,0,10,3,41,61,1.7,0.95
3760,3761,241076,11,3,3,121,,3593,11,4,6,5.1,69,70,775,27,30,14,8,13,0,31,0.13,0.19,0.16,9,10,0,27,1,37,65,5.1,0.92
3761,3762,241076,11,4,5,28,,3594,12,6,0,5.6,42,44,765,22,47,16,43,22,0,41,0.18,0.0,0.17,21,6,1,33,2,38,59,5.6,1.13
3762,3763,241076,11,5,9,28,,3595,13,2,0,4.0,52,35,646,22,24,8,26,24,0,36,0.06,0.0,0.13,9,2,0,18,1,33,53,4.0,1.09
3763,3764,241076,40,6,6,3,2072,3596,14,1,2,3.5,41,15,412,10,34,5,27,30,0,32,0.05,0.1,0.17,15,3,1,17,1,14,27,3.5,0.77
3764,3765,241076,40,7,6,40,,3597,15,2,0,2.2,23,12,441,7,27,4,46,14,0,21,0.12,0.0,0.13,13,2,0,18,1,3,16,2.2,0.53
3765,3766,241229,49,1,1,16,89,3598,9,0,2,0.8,82,74,961,26,74,46,93,24,2,56,0.0,0.08,0.03,35,2,4,71,1,66,53,0.8,0.99
3766,3767,241229,49,2,1,5,,3599,10,1,1,0.7,72,62,974,12,55,56,97,27,0,64,0.04,0.04,0.03,31,2,0,63,0,54,36,0.7,0.67
3767,3768,241229,49,3,1,5,,3600,11,1,0,0.2,25,17,343,5,11,27,33,12,1,12,0.11,0.0,0.03,9,1,1,23,0,19,17,0.2,0.44
3768,3769,241229,61,6,1,3,2007,3601,14,1,0,0.1,2,0,47,0,1,3,2,2,0,3,0.99,0.0,0.1,1,1,0,1,0,1,0,0.1,0.99
3769,3770,241229,61,6,1,3,2008,3601,14,1,0,0.1,2,0,47,0,1,3,2,2,0,3,0.99,0.0,0.1,1,1,0,1,0,1,0,0.1,0.99
3770,3771,241229,61,7,1,74,2593,3602,15,0,0,0.3,32,21,368,6,24,7,16,8,0,21,0.0,0.0,0.03,15,0,0,15,0,18,11,0.3,0.97
3771,3772,241307,142,7,7,13,,3603,12,0,2,0.5,32,23,240,11,30,11,29,19,0,34,0.0,0.17,0.04,18,2,0,14,0,16,33,0.4,0.77
3772,3773,241527,42,2,3,17,,3604,7,6,0,3.6,19,24,147,11,7,5,2,3,0,7,0.73,0.0,0.43,0,6,0,3,1,18,37,3.6,5.2
3773,3774,241527,73,4,5,52,1071,3605,9,10,0,7.5,46,25,407,10,24,6,7,17,0,25,0.48,0.0,0.36,6,10,0,11,1,23,41,5.9,2.65
3774,3775,241527,73,4,5,52,1072,3605,9,10,0,7.5,46,25,407,10,24,6,7,17,0,25,0.48,0.0,0.36,6,10,0,11,1,23,41,5.9,2.65
3775,3776,241527,73,5,5,9,1552,3606,10,2,1,2.4,43,11,264,8,5,3,0,9,0,9,0.16,0.08,0.19,0,3,0,6,3,10,26,2.4,2.57
3776,3777,241527,69,6,5,52,1764,3607,11,3,1,2.9,26,13,242,8,4,3,3,9,0,8,0.27,0.09,0.25,1,4,0,6,3,10,26,2.9,2.39
3777,3778,241527,69,6,5,52,1765,3607,11,3,1,2.9,26,13,242,8,4,3,3,9,0,8,0.27,0.09,0.25,1,4,0,6,3,10,26,2.9,2.39
3778,3779,241641,18,1,4,7,,3608,8,7,7,7.4,156,152,1515,71,52,25,26,47,0,67,0.22,0.22,0.23,16,14,1,11,10,103,138,7.4,1.96
3779,3780,241641,18,2,5,15,,3609,9,6,7,6.0,122,117,1284,51,36,24,13,25,0,44,0.27,0.31,0.26,13,13,0,14,1,63,110,6.0,2.31
3780,3781,241641,18,3,4,15,,3610,10,2,6,2.8,116,123,1287,26,26,17,8,17,0,52,0.09,0.26,0.12,11,8,0,13,1,104,84,2.8,1.22
3781,3782,241641,18,4,4,31,,3611,11,8,4,6.7,170,146,1728,59,57,20,19,24,0,67,0.25,0.13,0.21,31,12,0,7,6,102,137,6.7,1.48
3782,3783,241641,18,5,4,15,,3612,12,4,5,2.2,130,90,1317,31,44,16,6,23,0,45,0.16,0.2,0.09,18,9,0,4,3,73,75,2.2,1.02
3783,3784,241641,18,6,4,15,,3613,13,6,9,3.7,177,140,1671,64,51,17,15,32,0,57,0.21,0.31,0.13,25,15,1,2,2,74,130,3.7,1.19
3784,3785,241641,18,7,4,31,,3614,15,1,4,2.4,71,60,742,34,16,11,12,19,0,23,0.07,0.26,0.16,7,5,3,3,3,33,59,2.4,1.37
3785,3786,241889,27,2,6,25,,3615,9,0,1,0.2,25,33,260,4,10,1,22,12,0,5,0.0,0.08,0.02,4,1,0,8,0,21,15,0.2,0.49
3786,3787,242086,5,1,5,11,197,3616,7,3,0,5.4,21,13,199,18,11,3,15,19,0,19,0.21,0.0,0.37,1,3,1,50,1,5,34,5.4,2.33
3787,3788,242086,93,2,3,16,437,3617,8,10,2,7.2,20,14,218,20,7,2,17,8,0,9,0.69,0.14,0.5,2,12,0,58,3,8,38,7.2,3.67
3788,3789,242086,93,2,3,16,438,3617,8,10,2,7.2,20,14,218,20,7,2,17,8,0,9,0.69,0.14,0.5,2,12,0,58,3,8,38,7.2,3.67
3789,3790,242086,9,3,3,26,600,3618,9,9,1,9.2,19,19,296,27,7,3,20,5,0,4,0.43,0.05,0.44,1,10,0,68,0,13,43,9.2,2.7
3790,3791,242086,9,4,3,26,,3619,10,24,3,18.1,25,21,282,16,5,3,28,6,0,9,1.04,0.13,0.78,1,27,0,55,0,11,50,16.5,3.82
3791,3792,242086,9,5,3,8,,3620,11,3,1,4.6,11,8,176,10,0,1,7,4,0,1,0.29,0.1,0.44,0,4,0,30,1,9,28,4.6,3.25
3792,3793,242086,9,6,3,43,,3621,12,7,0,6.0,17,7,184,8,6,1,7,2,0,5,0.59,0.0,0.51,1,7,0,24,1,4,30,5.3,3.3
3793,3794,242497,129,1,2,9,,3622,10,1,2,1.6,117,46,932,17,83,35,39,48,0,82,0.03,0.06,0.05,30,3,0,48,3,41,50,1.6,0.61
3794,3795,242497,95,2,2,14,,3623,11,1,1,0.2,23,7,284,6,28,12,8,16,0,26,0.08,0.08,0.02,12,2,1,16,1,14,11,0.2,0.33
3795,3796,242497,95,3,2,108,,3624,12,2,0,0.9,36,17,270,8,20,7,10,15,0,16,0.15,0.0,0.07,5,2,0,13,1,13,24,0.9,0.68
3796,3797,242497,95,4,2,80,,3625,13,1,0,1.5,37,20,267,12,26,6,11,10,0,21,0.07,0.0,0.1,7,1,0,17,0,14,22,1.5,0.99
3797,3798,242606,56,6,2,41,,3626,12,2,3,0.6,123,22,1173,26,42,15,26,31,0,46,0.09,0.13,0.03,26,5,1,19,5,21,66,0.6,0.7
3798,3799,242631,41,1,5,41,,3627,7,3,6,3.5,141,132,767,40,28,12,13,21,0,25,0.14,0.27,0.16,6,9,1,4,3,82,84,3.5,1.6
3799,3800,242631,22,2,4,26,508,3628,8,1,0,2.5,106,60,457,24,25,14,10,18,0,33,0.06,0.0,0.14,12,1,1,8,9,55,54,2.5,1.3
3800,3801,242631,22,3,5,117,,3629,9,1,2,0.9,65,72,528,16,27,16,14,20,0,25,0.06,0.12,0.05,13,3,0,3,2,49,45,0.9,0.88
3801,3802,242631,22,4,8,42,,3630,10,2,2,2.3,103,44,599,36,40,20,25,39,0,52,0.09,0.09,0.1,21,4,2,9,6,37,66,2.3,1.06
3802,3803,242631,22,5,4,10,,3631,11,2,7,2.5,194,90,1154,64,69,25,29,41,0,65,0.05,0.19,0.07,33,9,0,10,14,79,120,2.5,1.12
3803,3804,242631,116,7,5,26,,3632,13,5,3,2.7,104,65,547,28,22,6,20,12,0,15,0.3,0.18,0.16,9,8,0,3,10,56,65,2.7,2.01
3804,3805,242940,122,1,1,23,198,3633,9,1,1,2.0,87,19,842,7,43,57,119,29,0,32,0.03,0.03,0.07,19,2,0,65,0,16,31,2.0,0.45
3805,3806,242940,122,1,1,23,199,3633,9,1,1,2.0,87,19,842,7,43,57,119,29,0,32,0.03,0.03,0.07,19,2,0,65,0,16,31,2.0,0.45
3806,3807,242940,27,2,1,3,439,3634,10,1,0,1.0,34,10,321,5,4,18,25,11,0,5,0.11,0.0,0.12,2,1,1,20,0,5,9,1.0,0.69
3807,3808,242940,144,7,1,74,,3635,16,0,0,0.6,37,12,481,1,15,12,36,9,0,8,0.0,0.0,0.06,7,0,0,15,0,6,12,0.6,0.38
3808,3809,243028,37,1,1,9,,3636,7,0,1,0.8,68,7,607,9,41,71,171,44,0,37,0.0,0.04,0.03,21,1,0,79,3,4,18,0.8,0.21
3809,3810,243028,37,2,1,20,,3637,8,1,1,1.1,90,4,1183,3,65,77,198,44,0,61,0.03,0.03,0.03,31,2,4,125,0,4,19,1.1,0.21
3810,3811,243028,37,3,1,5,,3638,9,1,1,0.7,76,13,1734,5,37,84,132,44,1,49,0.03,0.03,0.02,25,2,0,95,0,8,21,0.7,0.29
3811,3812,243028,37,4,1,26,,3639,10,4,0,2.2,61,0,1201,6,32,72,141,48,0,33,0.14,0.0,0.08,19,4,0,91,0,8,22,2.2,0.65
3812,3813,243541,97,2,3,14,,3640,13,0,1,0.6,10,2,31,2,0,0,5,2,0,1,0.0,0.44,0.25,0,1,0,17,0,1,5,0.6,2.21
3813,3814,243541,95,3,3,9,,3641,14,1,3,1.5,27,5,150,10,6,9,13,9,0,13,0.1,0.31,0.15,2,4,0,60,1,7,21,1.5,1.44
3814,3815,243589,116,3,2,9,,3642,8,0,0,0.4,19,8,153,1,11,2,1,4,0,5,0.0,0.0,0.09,0,0,0,4,0,10,8,0.4,1.44
3815,3816,243606,32,1,5,23,,3643,6,5,2,2.9,8,33,139,7,15,4,0,7,0,11,0.47,0.19,0.27,3,7,0,10,0,18,21,2.9,2.81
3816,3817,243606,1,2,3,14,,3644,7,0,0,1.4,3,26,66,6,3,1,3,2,0,9,0.0,0.0,0.21,1,0,0,8,0,16,12,1.4,2.36
3817,3818,243714,86,1,5,8,,3645,7,6,4,4.0,55,99,539,28,11,5,3,20,0,19,0.39,0.26,0.26,6,10,0,12,1,51,65,4.0,2.02
3818,3819,243714,86,2,5,8,,3646,8,4,3,4.7,75,113,599,33,19,4,3,9,0,27,0.24,0.18,0.28,12,7,0,18,3,46,87,4.7,2.21
3819,3820,243714,86,3,5,8,,3647,9,5,10,4.2,76,103,662,45,14,4,3,22,0,21,0.26,0.51,0.21,2,15,0,12,3,45,103,4.2,2.67
3820,3821,243714,86,4,9,54,,3648,10,6,2,4.0,55,83,547,24,14,8,5,14,1,16,0.4,0.13,0.26,5,8,0,9,4,40,53,4.0,3.05
3821,3822,243714,86,5,5,55,,3649,11,8,5,4.6,70,98,640,42,11,2,7,19,1,17,0.51,0.32,0.29,7,13,0,11,4,49,85,4.6,3.13
3822,3823,243714,86,6,3,66,,3650,12,3,3,2.8,72,75,528,29,12,2,5,15,0,17,0.24,0.24,0.22,9,6,0,6,1,35,63,2.8,2.75
3823,3824,243714,86,7,3,8,,3651,13,3,2,1.2,28,34,320,17,10,6,12,6,0,5,0.43,0.29,0.18,3,5,0,4,0,18,40,1.2,2.75
3824,3825,243737,71,4,2,44,,3652,9,0,0,0.6,16,14,222,7,12,6,3,6,0,20,0.0,0.0,0.09,3,0,0,6,1,6,16,0.6,0.79
3825,3826,243760,136,7,1,74,2739,3653,15,3,0,0.7,34,9,467,6,28,14,47,20,0,25,0.29,0.0,0.07,15,3,0,17,0,4,9,0.7,0.68
3826,3827,243856,4,4,3,52,,3654,9,2,0,2.6,10,8,81,3,5,2,4,3,0,6,0.28,0.0,0.37,1,2,0,31,0,1,7,2.6,2.13
3827,3828,243879,138,5,2,28,,3655,10,1,0,1.6,104,18,756,20,55,24,36,37,1,57,0.04,0.0,0.06,32,1,1,47,0,21,52,1.6,0.83
3828,3829,244338,130,6,2,13,,3656,15,0,0,0.6,34,10,268,6,13,9,16,15,0,9,0.0,0.0,0.05,5,0,3,12,0,7,19,0.6,0.9
3829,3830,244940,30,3,2,23,,3657,7,0,1,0.5,49,16,556,12,21,20,14,11,0,33,0.0,0.07,0.03,12,1,1,34,1,15,28,0.5,0.72
3830,3831,244940,30,4,2,134,,3658,8,2,0,1.9,113,39,1128,19,42,51,35,37,0,51,0.08,0.0,0.08,22,2,1,53,3,25,54,1.9,1.05
3831,3832,244940,63,5,2,25,1323,3659,9,0,1,0.6,81,6,882,9,31,28,19,24,0,39,0.0,0.06,0.03,16,1,1,20,1,10,24,0.6,0.17
3832,3833,244940,63,6,2,47,,3660,10,0,0,0.2,57,16,680,11,20,17,18,28,0,18,0.0,0.0,0.01,10,0,1,16,4,15,23,0.2,0.38
3833,3834,245056,16,1,2,13,,3661,6,2,0,1.5,46,27,396,12,21,12,11,13,0,16,0.18,0.0,0.14,5,2,0,8,0,22,37,1.5,0.82
3834,3835,245056,16,2,2,3,,3662,7,1,1,1.1,91,55,699,13,29,29,15,21,1,35,0.05,0.05,0.05,10,2,0,16,0,42,39,1.1,0.82
3835,3836,245056,16,3,2,108,,3663,8,3,0,1.8,72,54,632,23,32,17,17,23,0,50,0.13,0.0,0.08,15,3,0,23,2,38,60,1.8,0.81
3836,3837,245056,16,4,2,9,,3664,9,5,4,4.7,148,68,1512,32,51,24,41,34,0,43,0.15,0.12,0.14,19,9,0,42,6,72,80,2.3,0.88
3837,3838,245056,116,5,2,5,1249,3665,10,0,0,0.1,13,8,192,0,8,5,3,6,0,7,0.0,0.0,0.03,3,0,0,4,0,7,5,0.1,1.09
3838,3839,245056,116,6,2,5,,3666,11,1,0,1.6,43,12,428,11,33,16,19,18,0,39,0.08,0.0,0.13,18,1,1,11,4,12,27,1.6,1.04
3839,3840,245078,49,1,5,28,67,3667,7,0,0,1.1,15,28,118,4,8,5,4,3,0,16,0.0,0.0,0.15,5,0,0,3,0,22,19,1.1,2.11
3840,3841,245078,49,2,5,25,,3668,8,5,1,3.3,45,54,234,14,10,2,7,7,0,17,0.51,0.1,0.34,6,6,0,5,2,38,30,3.3,3.07
3841,3842,245078,49,3,3,20,608,3669,9,2,1,1.6,10,20,81,6,6,3,1,8,0,12,0.45,0.23,0.37,2,3,0,3,0,9,13,1.6,2.73
3842,3843,245078,49,3,3,20,609,3669,9,2,1,1.6,10,20,81,6,6,3,1,8,0,12,0.45,0.23,0.37,2,3,0,3,0,9,13,1.6,2.73
3843,3844,245078,16,5,4,9,1232,3670,11,2,2,5.0,42,86,298,18,2,2,4,3,0,4,0.12,0.12,0.31,0,4,0,7,2,48,49,5.0,3.2
3844,3845,245078,16,6,4,14,2073,3671,12,3,0,1.7,7,11,57,3,1,0,0,3,0,3,0.72,0.0,0.41,1,3,0,0,0,3,9,1.7,2.89
3845,3846,245078,16,6,4,14,2074,3671,12,3,0,1.7,7,11,57,3,1,0,0,3,0,3,0.72,0.0,0.41,1,3,0,0,0,3,9,1.7,2.89
3846,3847,245078,16,6,4,14,2075,3671,12,3,0,1.7,7,11,57,3,1,0,0,3,0,3,0.72,0.0,0.41,1,3,0,0,0,3,9,1.7,2.89
3847,3848,245537,112,1,2,37,,3672,8,3,0,3.5,101,42,732,17,32,35,19,28,0,18,0.15,0.0,0.18,4,3,0,38,2,25,45,1.1,0.9
3848,3849,245537,66,4,2,3,,3673,11,1,0,0.6,82,12,755,3,42,28,13,24,0,29,0.06,0.0,0.04,16,1,0,18,1,14,18,0.6,0.89
3849,3850,245537,66,5,2,23,,3674,12,4,4,3.2,176,46,1512,33,74,44,29,33,1,61,0.14,0.14,0.11,36,8,3,29,7,62,72,1.6,1.41
3850,3851,245537,31,6,2,25,1861,3675,13,0,3,0.4,136,11,1248,14,49,37,33,33,0,43,0.0,0.14,0.02,22,3,0,24,4,28,38,0.4,0.46
3851,3852,245744,121,1,4,3,162,3676,8,0,0,1.6,14,21,110,2,5,2,2,9,0,6,0.0,0.0,0.2,1,0,0,5,0,17,14,1.6,1.67
3852,3853,245744,121,1,4,3,163,3676,8,0,0,1.6,14,21,110,2,5,2,2,9,0,6,0.0,0.0,0.2,1,0,0,5,0,17,14,1.6,1.67
3853,3854,245744,33,4,5,23,1164,3677,11,3,4,3.7,40,48,244,20,11,7,7,14,0,19,0.17,0.22,0.21,5,7,0,15,4,26,49,3.7,1.85
3854,3855,245744,33,5,5,23,,3678,12,3,3,5.6,34,32,237,22,14,8,8,17,0,16,0.16,0.16,0.29,7,6,0,19,2,19,56,5.6,2.78
3855,3856,245744,33,6,5,14,,3679,13,6,1,7.9,32,56,262,21,17,4,11,17,0,23,0.27,0.05,0.36,7,7,0,15,1,27,65,7.9,2.95
3856,3857,245744,47,7,5,14,2565,3680,15,0,0,0.9,9,16,53,0,6,3,4,5,0,5,0.0,0.0,0.22,3,0,0,3,0,7,6,0.9,2.28
3857,3858,246277,95,1,4,17,,3681,9,1,0,0.8,28,13,164,12,6,0,2,4,0,3,0.16,0.0,0.13,1,1,1,4,0,9,27,0.8,1.3
3858,3859,246963,130,6,5,6,,3682,12,11,4,11.4,56,37,484,22,15,1,53,24,0,15,0.35,0.13,0.36,9,15,0,133,0,32,71,7.5,2.08
3859,3860,246968,83,1,4,20,,3683,10,12,2,7.5,82,72,594,45,59,42,33,55,0,63,0.37,0.06,0.23,17,14,1,26,6,50,91,7.5,1.7
3860,3861,246968,57,2,4,11,509,3684,11,8,4,6.5,62,47,597,28,45,14,9,33,0,54,0.36,0.18,0.29,8,12,1,24,9,34,75,5.7,2.07
3861,3862,246968,57,3,4,75,,3685,12,2,1,3.3,54,39,369,23,32,10,7,28,0,48,0.14,0.07,0.23,13,3,0,12,2,31,51,3.3,2.1
3862,3863,246968,57,4,4,10,,3686,13,2,3,1.6,18,16,123,11,4,2,5,11,1,13,0.4,0.61,0.32,0,5,0,6,1,10,20,1.6,2.22
3863,3864,246968,57,5,4,5,1348,3687,14,0,1,1.1,20,17,118,11,11,2,3,6,0,19,0.0,0.24,0.27,8,1,0,2,5,6,14,1.1,1.88
3864,3865,246968,80,6,3,6,2009,3688,15,9,1,7.4,80,90,572,29,59,22,18,42,0,49,0.35,0.04,0.29,21,10,0,20,5,51,90,7.4,2.67
3865,3866,246968,43,7,3,25,2711,3689,16,8,0,3.7,29,29,126,12,11,2,7,8,0,9,0.98,0.0,0.44,3,8,0,4,3,19,23,3.7,3.19
3866,3867,247250,109,1,2,27,26,3690,12,3,2,3.5,181,45,1438,20,96,38,52,59,0,89,0.09,0.06,0.1,32,5,1,49,2,33,62,2.7,1.54
3867,3868,247250,109,2,2,41,,3691,13,2,2,1.9,100,26,830,16,61,15,41,46,0,63,0.09,0.09,0.09,30,4,0,49,1,15,51,1.9,1.54
3868,3869,247250,109,3,2,20,,3692,14,1,0,1.8,107,25,930,9,54,31,28,35,0,80,0.04,0.0,0.07,30,1,0,52,0,26,28,1.8,1.16
3869,3870,247250,17,4,2,6,847,3693,15,2,0,1.3,87,26,556,14,41,13,14,10,0,45,0.16,0.0,0.11,22,2,0,22,3,10,39,1.3,1.87
3870,3871,247250,17,4,2,6,848,3693,15,2,0,1.3,87,26,556,14,41,13,14,10,0,45,0.16,0.0,0.11,22,2,0,22,3,10,39,1.3,1.87
3871,3872,247250,17,5,2,28,1495,3694,16,3,0,4.0,105,30,827,20,43,19,37,23,1,54,0.13,0.0,0.18,19,3,0,30,6,27,47,1.6,1.37
3872,3873,247250,17,6,2,3,,3695,17,3,1,3.3,154,27,1271,23,97,33,55,60,0,121,0.09,0.03,0.09,50,4,2,47,1,27,75,1.7,1.32
3873,3874,247377,114,1,1,17,200,3696,7,2,1,0.6,92,42,1075,7,40,36,79,38,0,33,0.08,0.04,0.02,15,3,0,43,0,36,25,0.6,0.43
3874,3875,247377,114,1,1,17,201,3696,7,2,1,0.6,92,42,1075,7,40,36,79,38,0,33,0.08,0.04,0.02,15,3,0,43,0,36,25,0.6,0.43
3875,3876,247377,16,2,1,14,304,3697,8,1,0,0.3,5,0,80,1,9,5,10,3,0,6,0.36,0.0,0.1,5,1,0,6,0,0,1,0.3,1.09
3876,3877,247377,16,2,1,14,305,3697,8,1,0,0.3,5,0,80,1,9,5,10,3,0,6,0.36,0.0,0.1,5,1,0,6,0,0,1,0.3,1.09
3877,3878,247459,32,1,4,9,,3698,8,0,1,0.9,14,14,119,6,9,4,1,7,0,3,0.0,0.17,0.16,1,1,0,6,0,8,21,0.9,2.4
3878,3879,247459,101,2,5,28,,3699,9,2,1,1.1,26,11,169,6,16,5,5,6,0,12,0.33,0.17,0.19,5,3,0,4,0,14,13,1.1,1.49
3879,3880,247555,70,1,2,9,57,3700,7,2,0,1.2,100,35,740,25,36,26,31,31,1,36,0.09,0.0,0.06,14,2,0,21,1,30,60,1.2,0.96
3880,3881,247555,70,1,2,9,58,3700,7,2,0,1.2,100,35,740,25,36,26,31,31,1,36,0.09,0.0,0.06,14,2,0,21,1,30,60,1.2,0.96
3881,3882,247555,62,2,8,20,306,3701,8,1,0,0.8,61,12,599,8,33,32,47,17,1,33,0.06,0.0,0.05,15,1,1,15,3,8,32,0.8,1.39
3882,3883,247555,62,3,4,67,,3702,9,0,1,0.5,23,6,266,12,8,29,25,12,0,7,0.0,0.11,0.05,4,1,0,6,0,6,20,0.5,1.28
3883,3884,247555,81,4,4,67,967,3703,10,0,0,0.1,12,6,95,6,2,2,6,2,0,4,0.0,0.0,0.02,1,0,0,5,0,5,10,0.1,1.27
3884,3885,247555,81,4,4,67,968,3703,10,0,0,0.1,12,6,95,6,2,2,6,2,0,4,0.0,0.0,0.02,1,0,0,5,0,5,10,0.1,1.27
3885,3886,247555,81,4,4,67,969,3703,10,0,0,0.1,12,6,95,6,2,2,6,2,0,4,0.0,0.0,0.02,1,0,0,5,0,5,10,0.1,1.27
3886,3887,247555,62,5,1,3,,3704,11,0,3,0.7,67,15,832,15,35,54,87,37,0,34,0.0,0.11,0.02,18,3,2,38,0,12,36,0.7,0.55
3887,3888,247555,61,7,2,52,2488,3705,13,0,0,0.1,9,2,183,2,4,9,11,8,0,7,0.0,0.0,0.02,4,0,1,2,1,3,4,0.1,0.64
3888,3889,247652,109,3,3,112,708,3706,9,6,1,5.6,22,17,246,19,12,8,7,17,0,23,0.25,0.04,0.24,2,7,0,25,2,8,37,5.6,1.65
3889,3890,247652,109,5,3,20,1688,3707,11,1,0,2.3,4,7,70,3,2,1,7,8,0,4,0.12,0.0,0.28,0,1,0,4,0,2,4,2.3,2.17
3890,3891,247652,109,5,3,20,1689,3707,11,1,0,2.3,4,7,70,3,2,1,7,8,0,4,0.12,0.0,0.28,0,1,0,4,0,2,4,2.3,2.17
3891,3892,248732,69,2,1,82,242,3708,9,1,0,0.4,35,14,377,0,15,12,26,6,2,11,0.13,0.0,0.05,5,1,0,24,0,8,5,0.4,0.52
3892,3893,248732,69,3,1,82,,3709,10,0,0,1.9,48,12,741,5,42,27,62,28,0,24,0.0,0.0,0.09,14,0,1,41,1,14,15,1.9,0.73
3893,3894,248732,69,5,1,52,,3710,12,1,1,1.1,60,20,613,5,48,23,71,14,1,31,0.06,0.06,0.06,22,2,0,43,1,13,16,1.1,0.61
3894,3895,248732,69,6,1,23,,3711,13,0,0,0.5,89,11,972,2,53,24,114,17,0,29,0.0,0.0,0.02,17,0,1,67,0,8,11,0.5,0.38
3895,3896,248999,94,1,3,17,,3712,9,4,0,3.9,25,22,170,7,18,3,15,10,0,18,0.36,0.0,0.35,4,4,2,14,0,23,33,3.9,2.33
3896,3897,248999,94,2,5,23,,3713,10,8,2,8.9,41,59,422,30,35,12,38,30,0,46,0.29,0.07,0.32,11,10,0,67,2,39,75,8.1,1.85
3897,3898,248999,94,3,5,108,,3714,11,4,4,8.5,46,57,439,21,36,16,14,19,0,32,0.17,0.17,0.37,12,8,0,71,2,33,55,8.5,1.81
3898,3899,248999,94,4,3,14,,3715,12,7,2,9.1,85,33,614,41,41,17,39,25,0,28,0.24,0.07,0.32,13,9,2,126,7,23,94,9.1,2.09
3899,3900,248999,94,5,5,38,,3716,13,5,2,3.3,33,19,314,13,19,10,17,22,0,22,0.3,0.12,0.19,6,7,0,70,0,11,41,3.3,1.8
3900,3901,248999,94,6,5,9,,3717,14,7,2,8.6,49,24,494,32,32,15,35,19,0,23,0.27,0.08,0.34,4,9,0,80,2,12,64,7.0,1.25
3901,3902,248999,94,7,4,14,,3718,15,2,3,3.6,12,5,138,13,14,1,11,10,0,13,0.32,0.48,0.57,3,5,0,19,0,5,22,2.8,2.39
3902,3903,249089,100,2,4,11,,3719,7,0,0,0.3,80,18,572,11,27,17,17,17,0,47,0.0,0.0,0.02,10,0,1,12,5,16,41,0.3,0.6
3903,3904,249089,100,6,2,41,,3720,11,0,3,0.4,142,22,1135,46,61,65,46,32,1,63,0.0,0.1,0.01,34,3,1,42,2,24,77,0.4,0.39
3904,3905,249089,100,7,8,5,,3721,12,1,3,0.6,83,17,532,23,39,25,27,18,0,32,0.07,0.21,0.04,16,4,0,16,3,16,45,0.6,0.62
3905,3906,249126,88,1,2,16,,3722,7,1,0,1.0,124,56,1277,7,22,21,19,19,0,30,0.06,0.0,0.06,5,1,0,12,1,48,29,1.0,0.51
3906,3907,249126,88,2,2,11,,3723,8,0,0,0.5,190,44,1542,18,40,36,32,27,0,54,0.0,0.0,0.02,17,0,1,14,5,43,48,0.5,0.57
3907,3908,249126,88,3,2,50,,3724,9,0,0,0.1,62,9,579,4,16,11,12,16,0,20,0.0,0.0,0.01,5,0,1,7,0,7,7,0.1,0.42
3908,3909,249126,88,4,2,42,,3725,10,0,1,0.1,73,10,585,11,15,16,10,14,0,21,0.0,0.1,0.01,8,1,2,4,8,14,29,0.1,0.3
3909,3910,249126,57,7,2,5,,3726,13,0,2,0.2,65,12,524,14,14,4,14,10,0,15,0.0,0.2,0.01,7,2,0,4,2,4,28,0.2,0.69
3910,3911,249157,59,2,4,28,,3727,6,1,0,0.7,9,8,56,2,3,1,3,7,0,7,0.2,0.0,0.14,2,1,0,7,0,4,11,0.7,1.18
3911,3912,249157,59,3,5,3,,3728,7,0,1,0.3,11,4,67,6,3,2,6,4,0,6,0.0,0.24,0.07,3,1,0,3,0,7,11,0.3,1.19
3912,3913,249157,59,4,4,3,,3729,8,0,1,0.2,10,10,63,6,5,2,4,5,0,7,0.0,0.22,0.04,4,1,0,7,1,6,11,0.2,1.29
3913,3914,249157,59,5,5,17,,3730,9,2,1,1.8,24,3,160,13,15,4,12,12,0,10,0.19,0.1,0.17,5,3,0,19,0,9,20,1.8,1.07
3914,3915,249157,59,6,4,28,,3731,10,2,4,0.9,46,22,290,32,23,12,21,30,0,28,0.13,0.27,0.06,14,6,0,24,1,9,50,0.9,0.94
3915,3916,249356,100,2,1,14,,3732,8,0,2,0.5,50,38,562,10,21,18,64,27,0,22,0.0,0.12,0.03,8,2,1,27,1,21,19,0.5,0.29
3916,3917,249513,100,2,1,21,,3733,11,0,4,0.4,145,42,993,33,61,84,91,31,0,59,0.0,0.15,0.02,29,4,0,33,2,37,60,0.4,0.42
3917,3918,249513,96,4,1,52,1016,3734,13,0,0,0.2,92,24,849,15,41,30,54,29,0,45,0.0,0.0,0.01,22,0,0,26,0,26,31,0.2,0.55
3918,3919,249513,96,5,1,23,,3735,14,0,0,0.2,64,32,746,10,35,20,51,18,0,27,0.0,0.0,0.01,12,0,1,18,0,26,33,0.2,0.49
3919,3920,249513,97,6,1,23,2010,3736,15,0,7,0.3,119,28,993,39,64,41,76,25,0,76,0.0,0.25,0.01,41,7,0,29,2,36,61,0.3,0.64
3920,3921,249513,97,6,1,23,2011,3736,15,0,7,0.3,119,28,993,39,64,41,76,25,0,76,0.0,0.25,0.01,41,7,0,29,2,36,61,0.3,0.64
3921,3922,249513,97,7,1,23,2441,3737,16,0,1,0.3,79,20,549,23,41,18,31,14,0,37,0.0,0.06,0.02,21,1,1,15,0,18,49,0.3,0.63
3922,3923,249565,57,1,2,26,90,3738,6,3,4,1.8,85,24,551,16,17,5,13,13,0,17,0.25,0.33,0.15,5,7,1,10,11,15,39,1.8,2.57
3923,3924,249565,57,1,2,26,91,3738,6,3,4,1.8,85,24,551,16,17,5,13,13,0,17,0.25,0.33,0.15,5,7,1,10,11,15,39,1.8,2.57
3924,3925,249565,57,2,2,42,325,3739,7,3,6,2.7,215,46,1504,52,52,22,18,43,0,74,0.1,0.19,0.09,24,9,0,25,13,44,110,2.7,1.78
3925,3926,249565,57,3,2,133,,3740,8,6,4,4.4,272,52,2061,49,86,46,20,35,0,108,0.16,0.11,0.12,45,10,1,34,11,39,126,2.8,1.26
3926,3927,249565,57,4,2,54,,3741,9,6,4,4.4,202,31,1451,37,74,21,41,47,0,100,0.21,0.14,0.15,42,10,3,24,12,36,101,2.8,1.95
3927,3928,249565,57,5,2,54,,3742,10,3,2,2.5,181,35,1303,30,66,28,24,35,0,62,0.12,0.08,0.1,23,5,1,26,12,25,78,0.9,1.11
3928,3929,249565,48,6,4,43,1720,3743,11,2,6,1.3,128,23,789,18,41,15,9,23,0,40,0.11,0.33,0.07,16,8,0,13,17,27,49,1.3,0.78
3929,3930,249565,48,7,2,26,,3744,12,0,4,1.4,111,20,833,38,38,15,16,12,0,33,0.0,0.25,0.08,18,4,2,7,13,13,64,0.6,0.61
3930,3931,249636,132,6,1,13,,3745,13,2,0,2.1,105,13,1194,3,50,32,142,50,0,42,0.06,0.0,0.07,28,2,1,75,2,14,18,2.1,0.52
3931,3932,249636,132,7,1,23,,3746,14,2,0,0.4,67,9,674,2,36,7,77,13,0,31,0.13,0.0,0.03,20,2,0,31,0,5,7,0.4,0.33
3932,3933,249730,95,1,1,17,,3747,9,2,2,2.5,48,10,533,3,46,40,133,35,0,38,0.09,0.09,0.11,26,4,2,95,2,4,18,2.5,0.67
3933,3934,249730,13,3,1,39,,3748,11,5,1,2.2,83,16,1501,3,26,27,66,18,0,27,0.22,0.04,0.09,15,6,1,41,0,7,10,2.2,0.65
3934,3935,249730,13,4,1,20,,3749,12,0,0,0.6,80,11,1195,2,36,25,66,21,0,40,0.0,0.0,0.03,20,0,1,45,2,5,14,0.6,0.34
3935,3936,249730,13,5,1,16,,3750,13,3,0,1.6,68,6,1015,2,46,38,87,39,1,33,0.13,0.0,0.06,17,3,0,48,0,6,13,1.6,0.67
3936,3937,249730,13,6,1,41,,3751,14,1,0,0.4,59,4,934,4,22,30,106,26,1,27,0.05,0.0,0.02,10,1,4,47,0,1,9,0.4,0.56
3937,3938,250013,66,1,4,33,,3752,6,4,1,3.1,87,43,590,39,38,28,15,21,0,31,0.22,0.06,0.17,12,5,0,19,4,31,69,3.1,1.6
3938,3939,250013,66,2,2,9,,3753,7,1,1,3.1,106,56,717,25,28,19,10,6,1,23,0.06,0.06,0.18,12,2,0,19,4,39,68,3.1,1.99
3939,3940,250013,66,3,2,14,,3754,8,7,3,5.4,201,101,1289,58,22,15,9,17,0,34,0.23,0.1,0.18,12,10,0,20,9,81,120,4.6,2.15
3940,3941,250013,66,4,4,39,,3755,9,5,4,5.8,147,75,1108,48,35,22,5,21,0,44,0.15,0.12,0.18,14,9,1,33,4,68,94,5.8,1.78
3941,3942,250013,84,5,4,5,1412,3756,10,1,1,1.3,43,20,380,27,14,8,2,11,0,14,0.1,0.1,0.13,5,2,0,4,5,33,45,1.3,1.26
3942,3943,250013,84,5,4,5,1413,3756,10,1,1,1.3,43,20,380,27,14,8,2,11,0,14,0.1,0.1,0.13,5,2,0,4,5,33,45,1.3,1.26
3943,3944,250013,84,6,2,21,2263,3757,11,1,2,3.2,74,35,569,38,23,8,11,22,0,19,0.07,0.13,0.21,11,3,0,33,10,42,69,3.2,3.01
3944,3945,250013,84,7,4,25,,3758,13,1,1,1.5,39,17,272,10,5,0,2,7,0,5,0.15,0.15,0.22,3,2,0,2,6,14,26,1.5,2.0
3945,3946,250153,73,5,1,17,1553,3759,12,2,3,1.3,60,70,702,30,32,10,37,10,0,37,0.09,0.14,0.06,17,5,2,12,2,55,63,1.3,0.83
3946,3947,250153,73,6,1,106,2078,3760,13,0,1,0.3,36,36,460,14,25,5,31,14,0,29,0.0,0.07,0.02,16,1,0,6,1,29,30,0.3,0.57
3947,3948,250153,89,7,6,23,,3761,14,0,0,0.1,17,12,122,5,5,3,12,3,0,6,0.0,0.0,0.03,2,0,0,1,1,6,13,0.1,0.46
3948,3949,250426,37,4,3,37,,3762,9,2,2,4.5,30,39,229,13,10,3,6,13,0,6,0.13,0.13,0.29,0,4,0,13,4,24,36,4.5,2.99
3949,3950,250426,37,5,5,37,,3763,10,2,1,2.1,16,39,220,11,14,5,6,15,0,10,0.13,0.07,0.14,3,3,0,5,0,29,24,2.1,1.69
3950,3951,250779,61,3,1,86,,3764,10,3,1,2.3,106,29,1383,6,51,64,151,54,1,41,0.1,0.03,0.08,27,4,0,76,1,11,20,2.3,0.7
3951,3952,250779,61,4,1,3,,3765,11,3,0,1.4,83,9,1044,9,44,55,141,42,1,40,0.1,0.0,0.05,29,3,0,70,0,15,19,1.4,0.47
3952,3953,250779,61,5,1,9,,3766,12,0,0,1.2,80,9,1060,8,45,63,86,40,0,38,0.0,0.0,0.04,20,0,1,92,0,5,20,1.2,0.58
3953,3954,250779,61,6,1,9,,3767,13,1,1,1.5,115,25,1511,10,57,53,139,58,0,63,0.03,0.03,0.04,32,2,3,86,1,14,28,1.5,0.55
3954,3955,250845,79,1,1,22,,3768,8,0,0,1.2,29,4,585,3,26,44,128,27,0,26,0.0,0.0,0.06,13,0,2,55,1,4,11,1.2,0.76
3955,3956,250845,79,2,1,31,,3769,9,0,0,0.9,39,1,784,0,20,23,75,14,0,11,0.0,0.0,0.05,7,0,1,53,0,3,11,0.9,0.56
3956,3957,250845,79,3,1,118,,3770,10,0,0,1.1,59,11,974,4,20,21,65,17,0,17,0.0,0.0,0.06,12,0,0,45,0,6,8,1.1,0.71
3957,3958,250845,79,4,1,66,,3771,11,1,1,1.7,44,5,820,5,18,25,96,25,0,16,0.04,0.04,0.08,8,2,1,41,0,4,11,1.7,0.88
3958,3959,250845,79,5,1,8,,3772,12,2,1,2.0,63,9,1183,7,43,24,138,37,0,35,0.07,0.04,0.07,24,3,1,49,0,5,22,2.0,0.82
3959,3960,250845,79,6,1,22,,3773,13,0,0,0.4,26,2,562,2,18,10,95,16,0,16,0.0,0.0,0.03,5,0,0,31,0,0,5,0.4,0.48
3960,3961,250845,79,7,1,26,,3774,14,0,0,0.3,36,1,755,0,17,16,64,18,0,19,0.0,0.0,0.02,12,0,1,23,1,1,3,0.3,0.29
3961,3962,251075,31,1,1,35,105,3775,6,1,5,1.1,117,58,1287,34,90,34,89,34,1,89,0.03,0.15,0.03,36,6,1,24,2,61,81,1.1,0.45
3962,3963,251075,31,2,1,41,,3776,7,0,2,0.2,105,54,1074,15,53,26,39,24,0,60,0.0,0.09,0.01,27,2,0,24,1,47,37,0.2,0.17
3963,3964,251075,31,3,1,37,,3777,8,3,2,0.6,102,69,1273,22,72,38,52,32,0,81,0.11,0.08,0.02,44,5,0,25,0,52,53,0.6,0.57
3964,3965,251075,31,4,1,11,,3778,9,2,3,1.1,172,72,1390,23,64,43,62,32,0,63,0.07,0.1,0.04,36,5,2,40,3,55,52,1.1,0.77
3965,3966,251075,5,5,1,10,1299,3779,10,0,1,0.3,67,34,697,16,42,14,36,33,1,41,0.0,0.06,0.02,24,1,2,11,0,31,40,0.3,0.3
3966,3967,251075,5,6,1,41,,3780,11,0,0,0.2,26,14,284,9,23,8,25,12,0,25,0.0,0.0,0.02,14,0,0,3,1,15,19,0.2,0.27
3967,3968,251075,5,7,1,6,,3781,12,0,1,0.4,40,11,545,11,29,6,37,14,0,23,0.0,0.08,0.03,13,1,1,16,0,10,15,0.4,0.53
3968,3969,251106,109,1,3,6,27,3782,6,6,3,7.9,46,35,367,19,17,2,18,17,0,24,0.25,0.13,0.33,4,9,0,99,2,15,47,5.6,2.09
3969,3970,251106,109,2,3,9,280,3783,7,6,2,9.7,65,45,399,26,20,6,13,17,0,28,0.23,0.08,0.37,6,8,0,126,2,32,58,7.4,2.19
3970,3971,251106,97,3,3,9,591,3784,8,4,2,4.8,28,14,204,14,11,2,14,11,0,15,0.27,0.14,0.32,4,6,0,102,0,15,26,4.0,2.53
3971,3972,251106,97,4,3,25,,3785,9,16,1,10.4,44,24,394,29,37,5,36,25,0,42,0.51,0.03,0.34,5,17,0,142,4,20,78,7.3,2.64
3972,3973,251106,97,5,3,10,,3786,10,14,3,11.7,55,29,446,27,26,6,35,19,0,25,0.42,0.09,0.36,7,17,0,156,6,26,68,7.1,2.48
3973,3974,251106,100,7,5,11,2376,3787,12,2,1,2.3,8,4,41,3,1,0,4,1,0,2,0.73,0.37,0.83,0,3,0,15,1,3,6,2.3,6.24
3974,3975,251302,59,4,2,25,827,3788,8,1,0,0.2,90,11,905,14,76,35,36,34,0,60,0.04,0.0,0.01,30,1,3,16,2,14,40,0.2,0.46
3975,3976,251303,111,1,5,2,,3789,5,4,1,4.6,35,42,230,11,13,4,7,13,0,19,0.32,0.08,0.38,5,5,0,15,0,24,30,4.6,2.75
3976,3977,251303,111,2,4,32,,3790,6,1,0,0.7,11,8,144,6,8,2,4,6,1,12,0.18,0.0,0.12,3,1,0,2,0,7,15,0.7,2.65
3977,3978,251303,141,7,3,3,,3791,11,2,3,2.8,29,17,249,19,3,0,5,2,0,2,0.15,0.22,0.21,0,5,0,12,3,12,30,2.0,1.79
3978,3979,251309,8,1,2,9,,3792,5,0,1,0.1,18,6,127,7,2,3,1,1,0,6,0.0,0.37,0.05,1,1,0,2,0,4,13,0.1,1.46
3979,3980,251309,8,3,2,39,,3793,7,1,1,0.3,46,10,283,12,13,3,0,10,1,8,0.14,0.14,0.04,5,2,0,1,1,9,23,0.3,0.96
3980,3981,251309,8,4,2,47,,3794,8,2,2,0.9,85,16,645,23,34,14,7,15,0,30,0.13,0.13,0.06,17,4,1,0,4,15,51,0.9,0.92
3981,3982,251309,8,5,2,21,,3795,9,1,3,0.2,99,21,697,35,45,24,18,27,0,35,0.05,0.14,0.01,22,4,2,8,2,11,57,0.2,0.23
3982,3983,251309,8,7,2,23,,3796,11,0,0,0.1,6,4,65,2,10,1,2,5,0,6,0.0,0.0,0.02,3,0,0,1,1,5,7,0.1,0.78
3983,3984,251664,52,4,3,10,,3797,10,12,5,11.4,83,28,440,43,33,14,44,16,0,38,0.37,0.15,0.35,12,17,1,147,16,26,94,7.4,2.57
3984,3985,251664,52,5,3,22,,3798,11,20,4,18.7,79,14,468,27,23,14,36,24,0,23,0.61,0.12,0.57,7,24,0,109,12,21,66,13.2,2.65
3985,3986,251664,52,6,3,8,,3799,12,4,2,6.0,40,23,228,12,15,10,18,5,0,14,0.25,0.12,0.37,6,6,0,54,5,17,39,6.0,3.17
3986,3987,251845,52,4,6,6,,3800,9,3,2,3.0,59,52,449,17,56,22,38,32,1,60,0.13,0.09,0.13,33,5,0,9,5,44,37,3.0,1.43
3987,3988,251845,20,6,4,21,1962,3801,11,1,2,2.8,52,32,260,12,23,11,9,14,0,24,0.07,0.15,0.21,10,3,0,13,6,13,32,2.8,3.15
3988,3989,251845,20,7,4,28,,3802,12,0,0,0.5,8,7,74,3,8,3,2,3,0,6,0.0,0.0,0.16,3,0,0,3,0,6,17,0.5,3.21
3989,3990,251876,32,1,7,9,28,3803,6,0,0,0.2,10,7,214,4,15,13,17,8,0,13,0.0,0.0,0.03,6,0,0,8,0,7,17,0.2,0.6
3990,3991,251876,120,3,1,112,709,3804,8,1,4,0.7,60,47,753,17,26,35,27,18,0,26,0.05,0.18,0.03,12,5,0,40,0,36,54,0.7,0.5
3991,3992,251876,120,3,1,112,710,3804,8,1,4,0.7,60,47,753,17,26,35,27,18,0,26,0.05,0.18,0.03,12,5,0,40,0,36,54,0.7,0.5
3992,3993,251876,47,4,1,23,849,3805,9,1,4,1.7,53,72,888,28,84,46,74,30,0,69,0.03,0.12,0.05,38,5,0,59,1,57,66,1.7,0.89
3993,3994,251876,47,4,1,23,850,3805,9,1,4,1.7,53,72,888,28,84,46,74,30,0,69,0.03,0.12,0.05,38,5,0,59,1,57,66,1.7,0.89
3994,3995,251876,47,5,1,9,1280,3806,10,2,4,1.8,61,67,819,34,75,26,76,38,1,78,0.06,0.12,0.05,45,6,0,47,2,52,62,1.8,0.64
3995,3996,251876,47,6,1,20,,3807,11,1,2,0.8,41,38,374,11,35,10,23,12,1,40,0.06,0.12,0.05,23,3,0,33,2,33,37,0.8,0.68
3996,3997,251876,47,7,1,6,,3808,12,0,1,0.2,33,19,351,17,26,12,36,15,0,20,0.0,0.08,0.01,14,1,1,8,3,19,34,0.2,0.33
3997,3998,251878,62,1,1,16,29,3809,6,0,3,0.8,106,115,1284,63,55,38,75,38,0,38,0.0,0.09,0.02,20,3,1,23,2,85,106,0.8,0.56
3998,3999,251878,62,1,1,16,30,3809,6,0,3,0.8,106,115,1284,63,55,38,75,38,0,38,0.0,0.09,0.02,20,3,1,23,2,85,106,0.8,0.56
3999,4000,251878,62,2,1,37,334,3810,7,0,0,0.3,44,40,649,32,29,30,36,11,0,22,0.0,0.0,0.02,9,0,0,14,1,26,54,0.3,0.45
4000,4001,251878,62,4,1,23,,3811,9,1,1,1.0,69,32,768,46,54,20,35,24,0,55,0.04,0.04,0.04,24,2,0,12,1,24,68,1.0,0.71
4001,4002,251878,62,5,1,9,,3812,10,5,3,2.2,86,25,761,27,42,15,31,22,0,40,0.24,0.15,0.11,21,8,0,1,0,19,59,1.4,0.88
4002,4003,251897,98,2,3,27,,3813,6,3,0,3.3,11,8,65,1,0,1,4,3,0,3,0.51,0.0,0.56,0,3,0,26,0,4,7,3.3,2.88
4003,4004,251897,98,3,3,14,,3814,7,4,2,4.3,24,25,181,13,3,2,16,4,0,8,0.23,0.11,0.24,2,6,0,56,0,9,32,4.3,2.15
4004,4005,251897,98,4,3,33,,3815,8,2,0,2.4,3,12,70,3,4,1,7,3,0,2,0.33,0.0,0.4,1,2,0,19,1,7,9,2.4,3.12
4005,4006,251897,98,6,3,28,,3816,10,2,1,1.7,10,6,88,9,2,0,6,2,0,2,0.35,0.18,0.3,2,3,0,21,0,5,16,1.7,2.11
4006,4007,251912,117,3,1,9,,3817,11,2,0,1.9,73,13,719,7,40,42,122,51,1,41,0.06,0.0,0.06,23,2,2,74,0,10,14,1.9,0.42
4007,4008,252345,85,1,4,13,,3818,9,1,2,0.8,17,30,173,8,15,8,5,7,0,21,0.12,0.24,0.1,9,3,0,20,0,15,22,0.8,1.43
4008,4009,252345,38,2,7,33,,3819,10,2,1,0.6,66,82,757,39,59,17,41,26,0,68,0.07,0.04,0.02,36,3,1,15,0,50,79,0.6,0.62
4009,4010,252345,85,4,4,52,,3820,12,0,0,0.1,8,19,140,12,16,5,11,10,0,20,0.0,0.0,0.01,9,0,0,12,0,8,22,0.1,0.32
4010,4011,252667,17,3,7,79,,3821,11,0,0,0.7,68,10,505,8,42,32,119,28,0,37,0.0,0.0,0.02,16,0,0,36,2,12,21,0.7,0.34
4011,4012,252667,17,6,1,28,,3822,14,0,0,0.8,82,16,799,4,41,27,120,38,0,36,0.0,0.0,0.03,21,0,0,39,5,8,17,0.8,0.39
4012,4013,252677,92,1,5,28,,3823,16,12,5,13.6,87,120,528,44,21,12,17,22,0,49,0.34,0.14,0.38,8,17,0,15,4,70,116,9.7,1.69
4013,4014,252677,92,2,5,41,,3824,17,4,2,4.6,75,90,444,34,17,6,5,14,0,34,0.14,0.07,0.16,6,6,1,13,6,47,75,4.6,1.46
4014,4015,252677,92,3,4,38,,3825,18,13,3,7.2,75,78,495,34,18,11,11,17,0,36,0.48,0.11,0.27,8,16,0,13,3,47,73,6.5,2.1
4015,4016,252677,92,4,5,9,,3826,19,13,7,14.3,97,100,497,36,27,4,7,29,0,42,0.43,0.23,0.47,12,20,0,16,6,72,104,10.4,2.52
4016,4017,252677,43,5,5,14,1281,3827,20,7,0,6.5,15,40,181,9,7,2,2,12,0,17,0.52,0.0,0.49,5,7,0,8,2,22,29,6.5,3.05
4017,4018,252677,43,6,5,23,,3828,21,7,0,5.6,17,29,154,4,5,7,4,9,0,13,0.6,0.0,0.48,3,7,0,2,1,16,24,5.6,2.23
4018,4019,253677,48,2,1,9,510,3829,11,2,2,0.8,60,12,1085,7,15,30,190,56,0,13,0.06,0.06,0.02,10,4,4,67,0,6,17,0.8,0.25
4019,4020,253677,48,3,1,126,,3830,12,2,2,1.9,104,12,1314,7,32,41,172,59,1,24,0.06,0.06,0.05,16,4,3,90,0,10,23,1.9,0.54
4020,4021,253677,48,4,1,102,,3831,13,1,3,1.6,91,23,1336,10,23,46,153,47,0,22,0.03,0.08,0.05,14,4,2,81,3,17,30,1.6,0.59
4021,4022,253677,48,5,1,43,,3832,14,1,2,1.2,111,20,1617,5,15,54,163,40,0,20,0.03,0.06,0.03,9,3,2,61,1,21,23,1.2,0.2
4022,4023,253839,50,1,2,3,,3833,9,3,0,2.3,81,18,623,29,15,17,9,10,1,21,0.23,0.0,0.18,6,3,0,11,1,12,45,2.3,1.88
4023,4024,254934,104,2,1,59,,3834,9,1,2,2.1,133,101,1307,19,69,70,91,53,1,62,0.03,0.07,0.07,37,3,1,31,1,59,49,1.3,0.61
4024,4025,255220,102,2,5,13,,3835,16,5,2,2.4,79,57,439,23,23,13,10,22,0,43,0.23,0.09,0.11,9,7,0,2,0,50,64,2.4,1.4
4025,4026,255284,129,1,8,28,,3836,14,0,4,1.2,182,46,1088,50,64,35,36,34,0,83,0.0,0.15,0.05,34,4,1,30,3,42,94,1.2,1.47
4026,4027,255488,98,1,1,32,,3837,8,0,0,1.3,93,18,1031,2,55,63,149,35,0,33,0.0,0.0,0.04,19,0,1,93,0,14,10,1.0,0.38
4027,4028,255488,98,2,1,26,,3838,9,0,0,1.3,110,29,1164,5,36,62,138,33,0,30,0.0,0.0,0.04,17,0,2,104,1,18,21,1.3,0.38
4028,4029,255488,98,3,1,75,,3839,10,1,0,0.6,65,19,907,6,19,53,73,12,0,21,0.05,0.0,0.03,9,1,0,58,0,11,12,0.6,0.46
4029,4030,255488,98,5,1,47,,3840,12,1,1,0.8,152,32,1123,14,34,48,101,23,1,31,0.04,0.04,0.03,24,2,0,55,5,17,28,0.8,0.31
4030,4031,255488,98,6,1,16,,3841,13,0,0,0.3,55,13,572,3,18,11,34,8,1,19,0.0,0.0,0.02,12,0,1,43,2,9,10,0.3,0.55
4031,4032,255488,98,7,1,20,,3842,14,0,0,0.1,57,6,428,2,10,18,33,6,0,7,0.0,0.0,0.01,4,0,1,16,1,4,8,0.1,0.33
4032,4033,255501,98,3,1,82,,3843,12,0,0,0.1,27,23,327,6,9,4,24,8,0,8,0.0,0.0,0.01,3,0,0,4,0,24,16,0.1,0.28
4033,4034,255501,98,4,1,17,,3844,13,0,2,0.1,84,52,874,13,32,23,63,37,0,44,0.0,0.09,0.01,22,2,0,18,0,39,34,0.1,0.33
4034,4035,255501,98,5,1,23,,3845,14,0,1,0.2,64,42,624,13,24,13,31,16,0,19,0.0,0.07,0.02,12,1,1,17,0,25,30,0.2,0.61
4035,4036,255508,98,1,3,26,,3846,9,13,4,13.1,39,98,498,29,27,7,33,22,0,22,0.39,0.12,0.39,5,17,0,77,8,61,76,13.1,2.23
4036,4037,255508,98,2,3,43,,3847,10,6,1,7.3,59,87,498,25,15,5,29,18,0,18,0.18,0.03,0.22,5,7,0,63,1,57,87,5.7,1.41
4037,4038,255508,98,3,3,7,,3848,11,6,6,6.2,34,73,375,30,11,5,22,13,0,14,0.23,0.23,0.23,2,12,0,39,1,26,62,5.4,1.96
4038,4039,255508,98,4,3,26,,3849,12,8,5,14.1,45,76,420,33,14,3,20,18,0,17,0.26,0.16,0.46,5,13,0,49,5,37,75,13.3,3.05
4039,4040,255508,98,5,3,26,,3850,13,10,3,10.7,61,127,531,38,22,7,34,18,0,24,0.32,0.1,0.34,9,13,0,32,3,53,85,9.1,2.63
4040,4041,255508,98,6,3,26,,3851,14,12,3,9.4,78,114,668,44,24,14,29,42,0,34,0.38,0.09,0.3,13,15,0,32,12,66,104,9.4,2.94
4041,4042,255508,98,7,3,26,,3852,15,4,5,4.0,39,48,258,18,13,9,15,14,0,16,0.25,0.31,0.24,9,9,0,19,4,19,42,4.0,1.96
4042,4043,255653,20,1,3,41,,3853,7,7,5,8.1,34,23,343,16,17,4,20,19,0,25,0.34,0.24,0.39,3,12,0,40,3,18,35,7.9,2.09
4043,4044,255653,15,2,5,43,,3854,8,6,3,6.1,61,35,486,20,13,10,27,19,0,38,0.28,0.14,0.28,5,9,0,86,7,26,51,6.1,2.18
4044,4045,255653,15,3,3,109,,3855,9,12,3,9.2,40,17,438,15,31,6,17,15,0,37,0.45,0.11,0.34,6,15,0,100,0,18,38,8.4,1.64
4045,4046,255653,15,4,3,5,,3856,10,7,3,8.5,36,23,432,21,27,6,22,28,0,32,0.27,0.11,0.32,5,10,0,126,2,19,53,7.7,2.24
4046,4047,255729,17,5,4,3,,3857,11,0,0,0.2,4,5,34,1,2,0,1,1,0,3,0.0,0.0,0.09,1,0,0,1,0,2,2,0.2,1.64
4047,4048,255731,143,7,3,17,,3858,15,0,1,0.4,5,31,131,9,7,7,7,5,0,9,0.0,0.12,0.05,3,1,2,4,0,13,13,0.4,0.74
4048,4049,255755,60,3,1,50,,3859,12,0,2,0.2,48,27,467,12,14,16,20,7,0,17,0.0,0.26,0.02,8,2,0,15,1,15,24,0.2,0.65
4049,4050,255755,60,4,1,49,,3860,13,0,4,0.4,66,36,898,26,48,26,45,17,0,43,0.0,0.22,0.02,27,4,0,30,2,37,51,0.4,0.54
4050,4051,255755,87,5,1,10,,3861,14,0,2,0.4,42,21,542,19,21,20,38,17,0,25,0.0,0.13,0.03,13,2,0,26,1,11,42,0.4,0.76
4051,4052,255838,135,5,7,82,,3862,12,6,5,4.8,91,67,1061,36,31,7,32,24,0,33,0.2,0.16,0.16,17,11,0,12,1,48,67,4.8,1.63
4052,4053,255838,135,6,7,33,,3863,13,0,1,1.5,68,41,662,30,30,9,28,20,0,21,0.0,0.06,0.09,13,1,0,7,2,41,53,1.5,1.58
4053,4054,255942,23,1,2,11,,3864,6,1,3,2.6,206,112,1518,43,99,38,27,61,2,82,0.03,0.09,0.07,30,4,0,19,6,86,114,1.8,1.54
4054,4055,255942,54,2,2,94,440,3865,7,1,4,2.1,183,47,1007,23,36,14,14,20,0,37,0.04,0.18,0.09,8,5,0,19,1,36,61,2.1,1.07
4055,4056,255942,54,2,2,94,441,3865,7,1,4,2.1,183,47,1007,23,36,14,14,20,0,37,0.04,0.18,0.09,8,5,0,19,1,36,61,2.1,1.07
4056,4057,255942,54,3,2,94,711,3866,8,3,7,2.4,261,99,1591,47,58,26,14,29,0,72,0.09,0.22,0.07,23,10,0,30,5,77,105,2.4,1.12
4057,4058,255942,54,4,2,55,,3867,9,3,11,4.7,231,114,1554,64,63,21,8,26,0,55,0.09,0.34,0.14,29,14,2,22,11,69,140,4.7,2.1
4058,4059,255942,54,5,2,31,,3868,10,6,6,3.2,214,76,1306,55,49,12,12,29,0,53,0.21,0.21,0.11,28,12,0,20,6,69,121,3.2,1.14
4059,4060,255942,54,6,2,18,,3869,11,2,3,5.1,278,68,1835,42,46,10,12,31,0,63,0.06,0.09,0.16,19,5,1,20,12,73,137,5.1,1.26
4060,4061,255942,54,7,2,15,,3870,12,3,2,1.2,88,18,595,18,22,5,5,11,0,27,0.26,0.18,0.11,10,5,1,8,8,21,42,1.2,1.67
4061,4062,256120,80,1,2,44,,3871,7,0,0,0.1,22,16,279,2,15,10,6,9,0,11,0.0,0.0,0.02,5,0,2,7,1,16,9,0.1,0.35
4062,4063,256178,21,1,1,10,,3872,6,0,0,0.3,38,6,717,7,18,14,42,10,0,15,0.0,0.0,0.03,9,0,0,24,0,2,11,0.3,0.42
4063,4064,256178,21,5,1,42,,3873,10,0,0,0.2,108,15,1166,1,28,24,51,17,0,19,0.0,0.0,0.01,11,0,2,46,2,12,18,0.2,0.37
4064,4065,256178,21,6,1,42,,3874,11,0,1,0.8,100,44,1114,22,47,19,50,26,0,63,0.0,0.05,0.04,30,1,2,31,3,34,51,0.8,0.96
4065,4066,256361,109,1,4,33,,3875,7,2,0,1.6,23,28,206,12,6,7,3,3,0,6,0.27,0.0,0.22,1,2,1,1,1,13,21,0.8,3.15
4066,4067,256361,11,4,5,17,,3876,10,8,6,5.4,71,51,576,39,11,18,8,17,0,20,0.37,0.28,0.25,9,14,0,1,4,32,79,3.9,2.35
4067,4068,256361,11,5,5,33,,3877,11,3,0,2.9,42,18,312,18,4,8,4,6,0,7,0.27,0.0,0.26,3,3,0,0,1,9,44,2.1,2.89
4068,4069,256429,109,2,3,9,,3878,13,8,2,6.3,49,53,458,17,14,6,18,23,0,24,0.27,0.07,0.21,4,10,1,30,2,57,55,5.4,1.9
4069,4070,256429,109,3,3,6,,3879,14,1,2,4.6,34,37,343,11,11,7,16,12,0,27,0.05,0.1,0.23,2,3,3,57,3,21,30,3.1,1.7
4070,4071,256429,50,4,3,14,851,3880,15,8,2,7.1,32,23,270,15,10,4,17,14,0,21,0.42,0.11,0.37,1,10,0,23,2,17,40,6.3,2.63
4071,4072,256429,109,5,3,23,1496,3881,16,0,0,1.0,3,7,74,2,12,2,7,6,0,4,0.0,0.0,0.18,2,0,0,9,0,6,8,1.0,1.97
4072,4073,256429,109,5,3,23,1497,3881,16,0,0,1.0,3,7,74,2,12,2,7,6,0,4,0.0,0.0,0.18,2,0,0,9,0,6,8,1.0,1.97
4073,4074,256429,17,6,5,3,2012,3882,17,1,1,1.8,19,10,148,4,10,0,4,10,0,9,0.18,0.18,0.33,4,2,0,5,0,7,15,1.8,2.55
4074,4075,256448,91,1,1,3,,3883,7,5,2,5.3,90,26,1152,12,40,48,77,19,0,29,0.2,0.08,0.21,16,7,1,71,0,32,26,5.3,1.6
4075,4076,256448,5,2,7,16,307,3884,8,1,0,2.6,114,19,1479,12,49,60,98,32,1,44,0.03,0.0,0.09,22,1,1,74,3,12,29,2.6,0.69
4076,4077,256448,5,3,1,126,712,3885,9,4,2,2.7,150,42,1731,7,50,72,77,38,0,31,0.13,0.06,0.09,18,6,3,55,0,28,28,2.7,0.88
4077,4078,256448,5,4,1,43,,3886,10,0,0,2.4,137,30,1533,6,41,39,69,38,1,33,0.0,0.0,0.07,18,0,0,70,3,22,41,2.3,0.75
4078,4079,256448,5,5,1,26,,3887,11,1,2,2.3,93,17,1306,16,37,46,67,38,0,34,0.03,0.06,0.07,18,3,0,58,3,21,37,2.3,0.69
4079,4080,256448,5,6,1,10,,3888,12,4,1,1.9,139,38,1744,10,34,36,77,38,0,27,0.13,0.03,0.06,11,5,1,42,2,43,28,1.9,0.6
4080,4081,256448,5,7,1,26,,3889,13,1,0,0.7,85,35,826,12,19,17,28,9,0,13,0.06,0.0,0.04,11,1,0,20,1,34,22,0.7,0.71
4081,4082,256678,67,2,1,6,,3890,7,0,0,0.1,30,4,979,3,7,10,69,24,0,6,0.0,0.0,0.01,5,0,0,26,0,1,14,0.1,0.12
4082,4083,256866,7,1,1,6,,3891,9,0,0,0.1,25,2,215,0,7,9,22,7,0,7,0.0,0.0,0.01,4,0,0,13,0,3,3,0.1,0.59
4083,4084,257097,88,1,1,10,,3892,10,0,0,0.5,101,44,1065,15,56,23,68,23,0,54,0.0,0.0,0.03,38,0,1,44,0,45,37,0.5,0.68
4084,4085,257097,88,2,1,26,,3893,11,0,0,0.2,53,32,733,9,28,22,47,28,0,21,0.0,0.0,0.01,7,0,0,45,1,20,17,0.2,0.44
4085,4086,257097,88,4,1,37,1040,3894,13,1,1,2.3,137,62,1391,11,36,30,75,32,0,26,0.04,0.04,0.08,13,2,1,67,1,61,30,2.3,0.64
4086,4087,257097,88,4,1,37,1041,3894,13,1,1,2.3,137,62,1391,11,36,30,75,32,0,26,0.04,0.04,0.08,13,2,1,67,1,61,30,2.3,0.64
4087,4088,257097,88,5,1,11,1347,3895,14,2,2,1.0,107,39,1040,20,28,18,72,17,0,26,0.08,0.08,0.04,14,4,0,70,1,33,37,1.0,0.55
4088,4089,257097,88,6,1,16,,3896,15,1,0,2.3,71,13,766,4,24,10,35,17,0,21,0.08,0.0,0.19,16,1,0,29,3,13,15,2.3,0.99
4089,4090,257376,36,2,1,28,255,3897,9,3,1,1.6,90,16,988,1,30,34,153,34,0,20,0.09,0.03,0.05,11,4,1,78,1,4,12,1.6,0.38
4090,4091,257376,36,3,1,14,,3898,10,1,0,1.4,79,17,742,6,32,29,86,29,1,21,0.04,0.0,0.05,14,1,0,46,0,10,16,1.4,0.23
4091,4092,257376,36,4,1,5,,3899,11,1,0,0.9,44,4,567,3,18,22,82,27,1,11,0.05,0.0,0.05,6,1,0,39,0,4,10,0.9,0.32
4092,4093,257376,97,5,1,20,1498,3900,12,0,2,1.3,63,6,742,4,26,39,145,29,1,26,0.0,0.07,0.04,19,2,0,47,0,2,15,1.3,0.54
4093,4094,257455,116,5,2,26,1455,3901,12,3,0,2.9,101,8,1051,7,148,46,61,48,0,135,0.09,0.0,0.08,71,3,2,71,0,10,30,2.9,1.13
4094,4095,257455,116,6,2,22,,3902,13,4,1,3.3,97,8,1098,13,152,46,58,57,0,152,0.13,0.03,0.11,103,5,0,40,6,12,33,3.3,1.5
4095,4096,257455,86,7,2,54,2377,3903,14,0,0,0.6,19,1,284,2,7,3,4,5,0,7,0.0,0.0,0.14,4,0,0,13,0,2,7,0.6,2.06
4096,4097,257462,7,1,5,9,132,3904,5,17,5,14.9,64,34,426,26,10,3,30,8,0,12,0.68,0.2,0.6,1,22,0,62,10,28,71,14.1,3.85
4097,4098,257462,19,2,3,54,335,3905,6,2,1,2.4,13,4,108,5,2,2,0,1,0,2,0.42,0.21,0.51,1,3,0,15,1,6,9,2.4,2.93
4098,4099,257462,19,2,3,54,336,3905,6,2,1,2.4,13,4,108,5,2,2,0,1,0,2,0.42,0.21,0.51,1,3,0,15,1,6,9,2.4,2.93
4099,4100,257462,19,4,3,11,,3906,8,1,3,2.3,7,4,52,5,1,1,4,3,0,1,0.24,0.73,0.56,0,4,0,7,1,2,13,2.3,3.9
4100,4101,257462,70,5,5,10,1282,3907,9,6,3,7.9,28,8,228,23,6,2,10,7,0,8,0.35,0.18,0.46,2,9,0,29,2,8,48,7.1,3.29
4101,4102,257462,51,6,3,41,1766,3908,10,6,1,4.9,22,6,133,11,6,1,9,3,1,6,0.62,0.1,0.5,4,7,0,17,0,7,20,4.9,2.26
4102,4103,257751,11,3,1,34,,3909,8,1,7,1.2,85,51,794,29,50,16,31,19,0,52,0.06,0.41,0.07,27,8,0,27,0,41,48,1.2,1.24
4103,4104,257751,11,4,8,23,,3910,9,3,3,1.5,117,50,876,47,52,30,31,38,1,65,0.12,0.12,0.06,21,6,0,25,8,45,80,1.5,1.1
4104,4105,257751,11,5,8,32,,3911,10,2,4,1.1,32,20,367,18,47,8,14,20,0,33,0.15,0.3,0.08,15,6,0,12,2,16,30,1.1,1.67
4105,4106,257751,40,6,8,38,2079,3912,11,1,0,0.4,31,12,246,12,22,11,18,8,0,22,0.12,0.0,0.05,11,1,0,8,2,11,22,0.4,0.85
4106,4107,257751,40,6,8,38,2080,3912,11,1,0,0.4,31,12,246,12,22,11,18,8,0,22,0.12,0.0,0.05,11,1,0,8,2,11,22,0.4,0.85
4107,4108,258004,18,3,1,132,713,3913,8,1,0,1.9,154,38,2531,3,24,35,92,31,0,16,0.03,0.0,0.06,4,1,0,61,1,19,22,1.9,0.44
4108,4109,258004,18,4,1,31,,3914,9,2,4,2.7,139,33,2133,15,26,23,66,19,0,15,0.07,0.15,0.1,8,6,0,50,1,17,36,2.7,0.67
4109,4110,258004,18,5,1,18,,3915,10,0,0,1.3,98,14,1928,3,21,18,56,21,0,18,0.0,0.0,0.06,11,0,1,44,1,22,15,1.3,0.45
4110,4111,258004,18,6,1,15,,3916,11,0,0,1.4,173,34,2469,7,39,30,77,32,0,26,0.0,0.0,0.05,19,0,0,47,2,70,35,1.4,0.7
4111,4112,258004,18,7,1,15,,3917,12,0,0,1.1,75,18,1056,5,9,12,32,10,0,4,0.0,0.0,0.09,3,0,1,18,0,37,17,1.1,1.08
4112,4113,258039,7,5,1,23,1212,3918,10,3,2,0.6,47,45,576,18,33,9,34,18,0,27,0.2,0.14,0.04,15,5,0,21,0,19,31,0.6,0.61
4113,4114,258039,7,6,7,6,,3919,11,1,1,0.5,90,51,875,9,40,15,36,24,0,38,0.05,0.05,0.02,21,2,0,29,1,29,34,0.5,0.67
4114,4115,258039,1,7,1,6,2489,3920,12,0,1,0.1,37,11,414,7,25,11,24,4,0,25,0.0,0.1,0.01,14,1,0,3,0,11,19,0.1,0.4
4115,4116,258254,26,4,1,23,,3921,13,0,0,0.6,15,5,410,2,37,25,33,23,2,26,0.0,0.0,0.05,18,0,1,13,0,1,4,0.6,0.37
4116,4117,258878,116,3,1,33,560,3922,7,0,0,1.1,75,5,1647,5,37,42,197,26,0,40,0.0,0.0,0.03,19,0,2,82,0,5,18,1.1,0.55
4117,4118,258878,116,5,1,16,,3923,9,1,0,0.7,95,16,1066,6,30,26,140,20,0,23,0.04,0.0,0.03,16,1,1,59,2,12,18,0.7,0.69
4118,4119,258878,116,6,1,16,,3924,10,2,0,0.7,62,10,1028,2,21,25,80,16,0,21,0.11,0.0,0.04,12,2,0,56,1,12,10,0.7,0.78
4119,4120,258883,112,2,1,9,,3925,7,2,3,1.3,136,40,1168,15,49,26,79,45,0,51,0.07,0.1,0.04,26,5,0,30,0,32,42,1.3,0.4
4120,4121,258883,39,5,1,14,,3926,10,0,1,0.3,98,30,879,17,46,46,74,38,0,42,0.0,0.04,0.01,24,1,0,25,0,24,44,0.3,0.24
4121,4122,258889,100,1,5,20,59,3927,5,0,1,1.0,6,10,71,8,8,2,9,4,0,8,0.0,0.26,0.25,1,1,0,15,1,4,20,1.0,2.85
4122,4123,258889,100,2,3,10,,3928,6,3,1,4.6,35,35,301,15,8,8,18,9,0,33,0.16,0.05,0.25,5,4,1,63,0,26,43,4.6,1.74
4123,4124,258889,100,5,5,37,,3929,9,6,7,9.1,47,70,363,21,15,6,46,26,0,22,0.19,0.22,0.29,5,13,0,52,3,41,61,9.1,2.39
4124,4125,258889,100,6,3,11,,3930,10,19,3,19.6,60,52,400,39,23,7,43,24,0,29,0.51,0.08,0.53,10,22,0,97,1,24,79,17.2,2.87
4125,4126,258889,88,7,3,22,2378,3931,12,6,3,7.5,28,20,154,11,11,0,18,8,0,6,0.44,0.22,0.54,2,9,0,22,3,13,26,7.5,2.4
4126,4127,258987,15,6,1,38,2243,3932,13,1,0,1.4,38,5,907,2,36,34,159,35,0,28,0.04,0.0,0.06,19,1,2,72,0,2,6,1.4,0.49
4127,4128,259930,15,2,5,23,,3933,10,1,1,0.7,7,12,68,3,1,2,2,5,1,3,0.16,0.16,0.1,1,2,0,22,0,5,4,0.7,1.12
4128,4129,260655,126,1,4,28,,3934,6,3,2,3.1,98,46,540,15,30,8,23,15,0,34,0.17,0.11,0.17,11,5,0,18,3,32,50,3.1,2.05
4129,4130,260655,33,4,2,14,,3935,9,2,2,2.9,67,20,427,38,28,9,15,17,0,43,0.13,0.13,0.2,10,4,1,18,1,14,68,2.1,2.35
4130,4131,260827,42,1,1,17,,3936,7,0,1,1.0,154,25,1804,8,40,35,147,30,0,31,0.0,0.03,0.03,19,1,1,74,0,12,27,1.0,0.41
4131,4132,260827,34,2,1,11,308,3937,8,1,0,0.9,79,6,1195,4,17,10,74,16,0,19,0.06,0.0,0.06,7,1,2,50,2,5,16,0.9,0.59
4132,4133,260827,29,4,1,16,1045,3938,10,0,3,0.7,100,14,1911,20,30,37,125,29,0,27,0.0,0.09,0.02,16,3,3,56,3,5,33,0.7,0.25
4133,4134,260827,29,5,1,26,,3939,11,1,0,1.8,105,16,1561,12,42,24,188,28,0,32,0.03,0.0,0.06,16,1,1,87,4,8,25,1.8,0.71
4134,4135,260827,29,6,1,43,,3940,12,2,3,1.7,147,21,1731,20,56,41,207,33,0,39,0.05,0.08,0.04,29,5,1,89,7,11,47,1.7,0.55
4135,4136,261504,129,1,2,13,31,3941,6,2,1,1.5,132,28,945,29,37,21,18,21,0,36,0.11,0.05,0.08,13,3,0,16,2,26,63,1.5,1.03
4136,4137,261504,113,3,2,108,714,3942,8,0,1,0.1,26,4,227,12,5,8,2,5,0,10,0.0,0.21,0.02,1,1,0,6,0,6,16,0.1,0.62
4137,4138,261504,113,3,2,108,715,3942,8,0,1,0.1,26,4,227,12,5,8,2,5,0,10,0.0,0.21,0.02,1,1,0,6,0,6,16,0.1,0.62
4138,4139,261504,129,5,2,28,,3943,10,1,5,1.8,156,41,1370,64,37,31,35,24,0,33,0.04,0.19,0.07,15,6,1,13,3,35,125,1.8,1.23
4139,4140,261504,129,6,2,41,,3944,11,3,6,1.8,294,58,2567,57,49,36,53,45,1,54,0.08,0.17,0.05,28,9,3,17,5,44,129,1.8,1.1
4140,4141,261905,112,1,2,32,164,3945,6,2,1,3.0,67,29,315,15,51,23,5,37,2,49,0.1,0.05,0.16,14,3,1,21,1,31,38,3.0,1.56
4141,4142,261905,112,2,2,47,,3946,7,7,0,3.1,65,32,359,11,56,24,7,39,0,61,0.39,0.0,0.18,18,7,0,20,6,29,35,3.1,2.03
4142,4143,261905,112,3,2,26,,3947,8,1,3,2.1,67,44,455,14,55,23,21,29,0,52,0.05,0.14,0.1,17,4,0,14,0,23,36,2.1,1.47
4143,4144,261905,39,4,4,16,970,3948,9,3,0,2.1,83,43,412,23,64,20,14,32,0,55,0.12,0.0,0.09,25,3,0,19,5,32,53,2.1,1.34
4144,4145,261905,39,5,2,21,,3949,10,4,2,1.9,78,33,431,18,51,29,24,48,0,41,0.18,0.09,0.09,20,6,0,30,3,23,41,1.9,1.02
4145,4146,261905,69,6,2,38,1905,3950,11,0,2,1.0,68,20,445,17,51,20,25,29,0,45,0.0,0.11,0.05,22,2,1,22,0,15,32,1.0,1.19
4146,4147,261905,69,6,2,38,1906,3950,11,0,2,1.0,68,20,445,17,51,20,25,29,0,45,0.0,0.11,0.05,22,2,1,22,0,15,32,1.0,1.19
4147,4148,261905,69,7,2,9,2634,3951,12,1,0,0.7,23,6,160,3,12,4,5,4,0,10,0.16,0.0,0.11,3,1,0,7,1,9,10,0.7,1.79
4148,4149,262226,91,1,1,9,,3952,7,4,3,2.8,82,61,1016,27,61,28,50,32,0,57,0.18,0.13,0.13,32,7,0,24,1,46,50,2.8,0.85
4149,4150,262226,91,2,1,41,,3953,8,1,2,2.0,68,41,946,21,31,17,23,34,0,25,0.05,0.1,0.1,13,3,0,27,1,36,47,2.0,0.92
4150,4151,262226,57,3,1,37,716,3954,9,2,3,1.1,91,52,1284,22,52,29,62,29,0,44,0.08,0.12,0.04,24,5,1,40,0,27,49,1.1,0.31
4151,4152,262226,57,4,1,75,,3955,10,1,0,0.7,72,32,1077,15,67,29,54,28,0,43,0.04,0.0,0.03,27,1,1,39,0,22,27,0.7,0.3
4152,4153,262226,57,5,1,49,,3956,11,2,3,2.2,106,39,1470,22,87,43,110,50,0,84,0.06,0.08,0.06,41,5,0,55,3,23,51,2.2,0.53
4153,4154,262226,116,6,1,26,2137,3957,12,1,3,1.6,77,48,1350,18,49,38,69,38,0,44,0.03,0.1,0.06,26,4,1,35,2,25,50,1.6,0.48
4154,4155,262226,116,7,1,45,,3958,14,0,0,0.1,10,2,150,0,7,3,15,2,0,9,0.0,0.0,0.02,6,0,0,9,0,3,2,0.1,0.66
4155,4156,262365,36,2,5,13,,3959,12,7,3,6.5,45,69,514,19,37,12,21,21,0,53,0.25,0.11,0.23,16,10,0,63,2,42,63,6.5,1.55
4156,4157,262365,36,3,5,112,,3960,13,3,5,3.3,47,49,418,17,27,12,25,24,0,32,0.12,0.21,0.14,10,8,0,47,2,29,46,3.3,1.08
4157,4158,262365,36,4,4,9,,3961,14,6,1,3.5,54,51,482,18,34,11,36,33,0,44,0.24,0.04,0.14,17,7,0,48,3,37,46,3.5,1.31
4158,4159,262365,36,6,4,14,,3962,16,0,2,3.2,22,18,154,10,12,6,4,5,1,15,0.0,0.25,0.39,6,2,0,13,2,18,29,1.6,2.1
4159,4160,262523,51,1,1,41,,3963,6,1,2,0.4,123,58,1200,20,79,32,78,33,0,67,0.05,0.09,0.02,37,3,1,12,1,45,48,0.4,0.46
4160,4161,262523,51,2,1,11,,3964,7,1,1,0.5,121,40,938,13,52,21,47,23,2,41,0.06,0.06,0.03,17,2,1,11,1,35,33,0.5,0.72
4161,4162,262523,51,3,1,5,,3965,8,2,1,1.3,169,60,1384,21,101,37,82,42,0,90,0.07,0.03,0.04,54,3,1,27,0,46,55,1.3,0.82
4162,4163,262523,51,4,1,26,,3966,9,2,2,3.8,113,36,958,19,62,23,40,25,0,72,0.08,0.08,0.16,37,4,1,10,1,24,47,3.8,1.53
4163,4164,262523,51,5,1,26,,3967,10,1,4,1.2,108,26,1040,19,71,25,34,22,0,61,0.05,0.21,0.06,38,5,0,13,0,23,37,1.2,0.85
4164,4165,262523,51,6,1,11,,3968,11,1,3,1.3,140,31,1320,12,70,24,49,26,2,72,0.04,0.12,0.05,44,4,1,12,1,31,34,1.3,0.86
4165,4166,262939,76,4,1,3,1162,3969,13,2,5,0.8,128,108,1400,29,46,25,61,22,1,31,0.06,0.16,0.03,23,7,3,28,0,97,60,0.8,0.5
4166,4167,262939,77,6,1,23,2013,3970,15,0,3,1.0,82,57,865,25,30,21,40,15,0,25,0.0,0.13,0.04,16,3,2,15,1,52,47,1.0,0.75
4167,4168,262939,77,6,1,23,2014,3970,15,0,3,1.0,82,57,865,25,30,21,40,15,0,25,0.0,0.13,0.04,16,3,2,15,1,52,47,1.0,0.75
4168,4169,262939,47,7,1,73,2712,3971,17,1,1,0.5,64,23,557,20,18,17,42,4,0,17,0.06,0.06,0.03,10,2,1,5,0,22,35,0.5,0.32
4169,4170,262980,100,1,2,17,32,3972,8,2,0,1.3,133,17,1301,15,45,54,88,35,0,54,0.07,0.0,0.05,14,2,1,75,3,30,43,1.3,1.11
4170,4171,262980,100,2,2,26,,3973,9,1,2,1.2,137,16,1104,12,54,57,54,28,1,48,0.03,0.07,0.04,22,3,1,56,0,17,46,1.2,1.0
4171,4172,262980,100,5,2,16,,3974,12,5,0,2.6,142,22,1317,18,50,47,91,32,0,45,0.14,0.0,0.07,20,5,2,62,7,32,46,2.6,0.97
4172,4173,262980,29,6,8,11,2138,3975,13,1,1,2.7,106,14,1018,24,42,36,72,31,0,40,0.04,0.04,0.1,19,2,0,69,8,17,55,2.7,1.27
4173,4174,262980,29,7,2,11,,3976,15,0,0,0.5,40,5,331,5,10,15,18,16,0,12,0.0,0.0,0.05,6,0,0,17,3,4,13,0.5,1.2
4174,4175,263183,105,2,5,32,,3977,10,2,1,1.7,13,15,100,6,3,0,1,8,0,9,0.34,0.17,0.28,1,3,0,3,2,7,19,1.7,1.86
4175,4176,263183,99,3,5,32,,3978,11,1,1,1.2,14,22,118,3,10,2,2,7,1,12,0.11,0.11,0.13,4,2,0,5,0,14,9,1.2,1.2
4176,4177,263236,59,1,1,6,,3979,4,1,1,0.5,36,6,451,2,25,19,72,25,0,14,0.07,0.07,0.04,11,2,0,45,0,0,6,0.5,0.72
4177,4178,263236,84,4,1,9,939,3980,7,2,2,1.7,91,9,1615,10,41,40,111,38,2,34,0.06,0.06,0.06,23,4,0,72,0,8,25,1.7,0.42
4178,4179,263236,84,5,1,25,,3981,8,1,2,2.5,163,34,2103,10,37,33,124,48,1,30,0.03,0.06,0.07,19,3,0,82,1,32,41,2.4,0.67
4179,4180,263236,84,6,1,37,,3982,9,1,0,1.8,133,27,1508,8,24,23,115,43,0,30,0.03,0.0,0.06,15,1,1,55,0,29,32,1.8,0.71
4180,4181,263236,84,7,1,26,2407,3983,11,0,0,0.3,36,6,534,5,16,18,56,23,0,11,0.0,0.0,0.03,9,0,1,33,1,13,6,0.3,0.8
4181,4182,263727,113,1,2,33,,3984,9,4,4,2.6,184,44,1473,68,63,32,18,38,0,80,0.13,0.13,0.08,28,8,1,50,1,52,143,2.6,1.82
4182,4183,263727,87,2,2,41,281,3985,10,2,2,1.9,184,40,1482,36,64,26,20,25,0,76,0.08,0.08,0.08,21,4,4,34,0,40,88,1.9,1.16
4183,4184,263727,87,3,2,109,,3986,11,1,6,1.7,178,40,1771,38,52,27,25,22,1,76,0.04,0.22,0.06,17,7,0,17,4,43,77,1.7,0.9
4184,4185,263727,87,4,2,26,,3987,12,0,1,0.8,170,17,1601,24,61,30,18,27,0,65,0.0,0.04,0.03,28,1,1,11,2,34,60,0.8,0.57
4185,4186,263727,87,5,2,42,,3988,13,0,1,0.9,123,9,963,8,32,16,14,14,0,38,0.0,0.06,0.05,16,1,2,11,2,19,30,0.9,0.73
4186,4187,263727,87,6,2,5,,3989,14,0,0,0.2,32,0,212,2,8,4,2,4,0,15,0.0,0.0,0.04,7,0,0,4,0,2,11,0.2,1.42
4187,4188,263727,95,7,2,14,2442,3990,15,2,2,2.2,51,4,270,10,17,4,9,8,0,16,0.29,0.29,0.32,7,4,0,5,0,4,22,1.4,1.17
4188,4189,263727,95,7,2,14,2443,3990,15,2,2,2.2,51,4,270,10,17,4,9,8,0,16,0.29,0.29,0.32,7,4,0,5,0,4,22,1.4,1.17
4189,4190,263856,124,1,2,6,,3991,9,5,4,4.0,77,50,710,50,28,33,28,17,0,31,0.18,0.14,0.14,6,9,1,19,13,46,91,3.2,1.4
4190,4191,263918,13,1,4,10,171,3992,7,3,3,4.3,120,80,861,26,36,22,12,34,1,44,0.12,0.12,0.17,10,6,0,8,3,66,81,4.3,1.93
4191,4192,263918,13,2,2,26,,3993,8,3,4,3.4,142,93,847,46,49,31,22,28,1,69,0.13,0.17,0.15,14,7,0,6,9,70,92,3.4,1.66
4192,4193,263918,13,3,4,11,,3994,9,5,9,2.9,36,45,396,35,28,11,3,21,0,39,0.42,0.76,0.25,8,14,0,11,4,29,55,2.9,2.27
4193,4194,263918,13,4,5,130,,3995,10,3,4,2.7,87,51,548,44,40,12,8,26,1,41,0.18,0.24,0.16,18,7,0,6,4,43,68,2.7,1.38
4194,4195,263918,13,5,4,26,,3996,11,8,7,5.3,132,89,769,59,62,37,10,28,0,72,0.29,0.26,0.19,28,15,0,18,8,61,121,5.3,1.79
4195,4196,263918,13,6,4,26,,3997,12,6,6,3.4,172,50,935,50,42,21,14,37,1,42,0.25,0.25,0.14,15,12,0,12,14,47,102,3.4,1.84
4196,4197,263918,13,7,4,43,,3998,13,2,0,1.3,100,34,451,21,33,9,6,14,0,31,0.18,0.0,0.12,16,2,0,8,7,33,41,1.3,1.76
4197,4198,263951,140,5,2,3,,3999,11,1,2,1.7,135,43,756,37,44,25,9,16,0,42,0.05,0.11,0.09,22,3,0,6,4,37,71,1.7,1.63
4198,4199,264116,23,2,4,5,490,4000,9,1,0,0.6,19,19,90,2,2,0,1,1,0,4,0.26,0.0,0.16,1,1,1,2,1,21,10,0.6,3.62
4199,4200,264116,23,3,8,20,,4001,10,2,2,2.3,25,14,102,8,3,1,2,2,0,2,0.66,0.66,0.76,1,4,1,10,0,11,18,2.3,4.63
4200,4201,264116,23,4,5,33,,4002,11,4,2,1.3,42,32,237,20,13,1,8,12,0,18,0.37,0.18,0.12,5,6,0,23,1,23,42,1.3,1.94
4201,4202,264956,93,1,3,11,,4003,6,3,0,2.8,3,18,69,8,2,3,0,6,0,1,0.59,0.0,0.56,0,3,0,1,0,16,17,2.8,2.54
4202,4203,264956,13,2,3,11,,4004,7,0,0,0.5,0,6,33,0,3,3,0,2,0,6,0.0,0.0,0.16,1,0,0,0,0,1,6,0.5,2.37
4203,4204,265078,51,1,3,11,,4005,5,3,2,3.0,13,26,241,21,9,7,13,13,0,16,0.19,0.12,0.18,2,5,0,17,1,11,30,3.0,2.1
4204,4205,265078,72,2,3,49,442,4006,6,2,0,2.2,1,5,42,2,4,2,1,1,0,5,0.61,0.0,0.68,1,2,0,8,1,3,5,2.2,3.33
4205,4206,265078,72,2,3,49,443,4006,6,2,0,2.2,1,5,42,2,4,2,1,1,0,5,0.61,0.0,0.68,1,2,0,8,1,3,5,2.2,3.33
4206,4207,265078,40,4,3,41,1065,4007,8,3,0,3.7,16,20,161,9,5,5,1,11,0,9,0.19,0.0,0.24,1,3,0,9,0,4,22,3.7,3.21
4207,4208,265078,40,4,3,41,1066,4007,8,3,0,3.7,16,20,161,9,5,5,1,11,0,9,0.19,0.0,0.24,1,3,0,9,0,4,22,3.7,3.21
4208,4209,265078,144,7,3,23,,4008,11,4,1,4.0,15,32,188,12,10,2,6,5,0,9,0.31,0.08,0.31,5,5,0,14,0,5,32,3.2,3.1
4209,4210,266302,6,1,2,31,,4009,8,5,3,6.4,188,59,1132,48,44,27,48,28,1,60,0.19,0.11,0.24,23,8,0,109,12,56,115,6.4,2.85
4210,4211,266302,6,2,2,66,,4010,9,7,4,6.6,194,58,1338,47,60,37,60,67,0,79,0.21,0.12,0.2,15,11,1,129,10,59,111,6.6,2.59
4211,4212,266302,6,3,2,15,,4011,10,8,9,6.9,203,59,1401,42,59,33,47,52,0,84,0.26,0.29,0.23,27,17,0,99,4,51,94,6.9,2.06
4212,4213,266302,6,4,2,31,,4012,11,11,10,7.3,215,67,1893,52,67,34,43,50,1,67,0.32,0.29,0.21,29,21,1,100,12,59,120,7.3,2.18
4213,4214,266302,6,5,2,31,,4013,12,9,8,6.8,166,47,1465,42,58,28,49,50,0,67,0.27,0.24,0.2,24,17,0,96,15,32,79,6.8,1.91
4214,4215,266359,12,1,4,20,,4014,9,6,5,6.5,123,53,913,33,55,32,34,44,0,67,0.22,0.19,0.24,20,11,1,15,6,35,69,4.2,1.63
4215,4216,266359,12,2,2,5,,4015,10,2,2,2.5,120,30,902,26,40,20,25,38,0,68,0.09,0.09,0.12,17,4,0,13,2,24,67,2.5,1.99
4216,4217,266359,12,3,4,5,,4016,11,6,5,4.3,192,21,1442,59,40,19,25,37,0,71,0.21,0.18,0.15,21,11,0,18,2,31,120,4.3,2.26
4217,4218,266359,12,4,5,16,,4017,12,11,12,5.7,201,47,1374,122,46,30,44,33,0,67,0.31,0.34,0.16,24,23,0,14,10,50,176,5.7,1.44
4218,4219,266359,12,5,4,10,,4018,13,7,10,8.7,264,40,1505,98,45,31,32,38,1,65,0.21,0.29,0.26,21,17,0,10,13,72,166,7.1,2.08
4219,4220,266359,12,6,4,10,,4019,14,9,6,9.9,178,27,1197,69,31,22,39,31,0,44,0.33,0.22,0.37,13,15,2,11,7,39,113,4.4,1.63
4220,4221,266359,12,7,2,10,,4020,15,1,0,0.2,4,0,36,0,1,2,1,2,0,2,1.13,0.0,0.17,0,1,0,2,0,2,2,0.2,2.25
4221,4222,266795,113,1,2,28,,4021,10,4,1,2.9,79,14,591,9,49,21,21,37,0,46,0.2,0.05,0.15,19,5,0,45,3,23,38,2.9,1.11
4222,4223,266795,113,2,2,14,,4022,11,0,1,1.7,68,13,447,9,41,29,14,22,1,41,0.0,0.05,0.09,24,1,0,57,0,17,28,1.7,1.13
4223,4224,266795,6,3,2,108,717,4023,12,0,1,0.7,45,11,422,2,26,19,13,10,0,28,0.0,0.12,0.08,8,1,0,12,0,11,14,0.7,0.86
4224,4225,266795,138,5,2,28,1499,4024,14,0,1,0.2,30,3,222,4,16,10,4,7,1,13,0.0,0.16,0.03,10,1,0,9,0,4,10,0.2,0.97
4225,4226,266795,138,5,2,28,1500,4024,14,0,1,0.2,30,3,222,4,16,10,4,7,1,13,0.0,0.16,0.03,10,1,0,9,0,4,10,0.2,0.97
4226,4227,266795,17,6,2,3,2015,4025,15,1,2,1.9,66,4,537,11,39,26,33,23,1,55,0.05,0.11,0.1,20,3,2,31,2,9,21,1.9,0.74
4227,4228,266807,79,1,4,11,,4026,8,3,2,2.2,77,71,547,37,38,17,20,28,1,53,0.14,0.09,0.1,10,5,0,10,13,55,85,2.2,1.5
4228,4229,266807,79,2,4,22,,4027,9,5,6,6.4,53,54,431,27,25,14,21,23,0,36,0.22,0.26,0.28,9,11,0,11,7,35,70,6.4,1.88
4229,4230,266807,79,3,5,7,,4028,10,9,8,7.8,84,64,690,38,38,22,16,18,0,45,0.34,0.3,0.29,15,17,0,10,5,32,86,7.7,1.96
4230,4231,266807,79,4,5,7,,4029,11,12,5,7.3,65,38,465,25,16,10,4,25,1,29,0.58,0.24,0.35,7,17,0,5,6,24,67,7.3,2.42
4231,4232,266807,79,5,5,65,,4030,12,9,1,7.1,58,44,406,23,12,10,6,17,1,16,0.56,0.06,0.44,5,10,1,5,2,20,61,7.1,2.66
4232,4233,266807,79,6,5,22,,4031,13,9,2,7.9,61,40,379,32,22,2,6,13,0,17,0.53,0.12,0.47,5,11,0,5,1,16,68,7.1,2.47
4233,4234,266807,79,7,5,10,,4032,14,2,1,3.3,12,13,115,6,4,3,3,5,0,6,0.39,0.2,0.64,1,3,0,1,0,11,14,3.3,3.92
4234,4235,267147,139,5,2,30,,4033,11,1,1,2.0,66,46,399,19,53,25,21,20,1,48,0.04,0.04,0.09,23,2,0,41,5,34,43,2.0,0.99
4235,4236,268176,10,1,1,3,,4034,7,0,3,0.2,84,49,929,19,74,17,70,22,0,55,0.0,0.14,0.01,27,3,1,19,2,31,41,0.2,0.32
4236,4237,268178,114,2,1,33,,4035,9,0,2,1.8,70,78,686,26,38,32,48,15,0,39,0.0,0.09,0.08,13,2,1,15,0,40,50,1.8,0.89
4237,4238,268178,119,3,1,112,,4036,10,2,3,1.5,66,85,718,26,34,50,64,30,0,45,0.08,0.12,0.06,10,5,0,34,0,40,55,1.5,1.17
4238,4239,268178,11,4,1,14,,4037,11,0,2,0.3,57,51,622,13,31,32,47,20,0,30,0.0,0.1,0.02,20,2,2,18,0,30,29,0.3,0.41
4239,4240,268178,11,5,1,23,,4038,12,1,1,1.0,79,82,827,23,44,24,54,21,0,32,0.04,0.04,0.04,19,2,0,19,0,50,50,1.0,0.91
4240,4241,268429,38,5,2,17,1183,4039,9,5,6,4.8,105,42,767,47,40,26,21,25,0,43,0.19,0.23,0.18,25,11,0,7,4,34,87,4.8,2.74
4241,4242,268429,38,6,2,25,,4040,10,1,3,3.5,80,52,543,43,25,21,24,21,1,23,0.05,0.14,0.16,9,4,0,8,2,35,78,3.5,1.95
4242,4243,268429,38,7,2,20,,4041,11,1,2,1.4,50,30,315,11,21,14,12,17,0,21,0.09,0.18,0.13,10,3,0,0,1,18,40,1.4,1.96
4243,4244,268670,105,1,2,30,,4042,8,1,1,2.0,41,11,320,7,22,13,13,15,1,25,0.08,0.08,0.15,6,2,0,15,0,10,19,1.2,1.35
4244,4245,268670,76,4,2,13,902,4043,11,0,4,0.7,85,17,836,28,46,23,25,18,1,51,0.0,0.19,0.04,22,4,0,15,2,17,48,0.7,1.0
4245,4246,268670,76,5,2,3,,4044,12,1,6,2.3,145,18,1112,73,44,28,40,32,0,51,0.03,0.2,0.08,18,7,0,22,3,21,121,2.3,1.55
4246,4247,268670,36,6,2,33,2016,4045,13,0,3,1.8,135,20,1079,41,55,25,30,24,0,62,0.0,0.1,0.06,23,3,2,23,7,13,83,1.8,1.51
4247,4248,268670,50,7,2,23,2713,4046,15,0,1,0.5,18,1,132,10,12,3,9,5,0,11,0.0,0.2,0.11,6,1,0,10,0,4,17,0.5,1.0
4248,4249,268670,50,7,2,23,2714,4046,15,0,1,0.5,18,1,132,10,12,3,9,5,0,11,0.0,0.2,0.11,6,1,0,10,0,4,17,0.5,1.0
4249,4250,270051,71,1,2,3,,4047,11,2,0,1.1,81,17,638,6,57,29,43,22,3,44,0.12,0.0,0.07,20,2,1,55,1,8,18,1.1,1.22
4250,4251,270051,71,2,1,23,,4048,12,1,0,1.3,65,9,1049,3,76,34,111,32,1,71,0.04,0.0,0.05,39,1,1,65,0,8,12,1.3,0.91
4251,4252,270051,71,3,7,14,,4049,13,1,1,1.5,118,18,1180,10,65,59,103,34,1,70,0.03,0.03,0.05,39,2,0,85,0,22,25,1.5,0.98
4252,4253,270051,71,4,7,14,,4050,14,6,1,2.9,108,9,1356,9,85,69,143,67,0,103,0.17,0.03,0.08,52,7,0,106,0,33,27,2.9,1.29
4253,4254,270051,71,5,7,14,,4051,15,1,1,1.7,140,14,1445,13,122,73,176,55,0,132,0.03,0.03,0.05,74,2,1,78,1,13,32,1.7,0.77
4254,4255,270171,52,4,2,33,,4052,8,4,0,2.4,103,25,755,23,61,28,35,23,0,53,0.16,0.0,0.09,27,4,0,33,4,24,57,2.4,1.17
4255,4256,270171,52,5,8,5,,4053,9,3,1,2.4,82,14,812,16,54,29,26,29,0,49,0.12,0.04,0.1,21,4,0,32,3,18,47,2.4,0.57
4256,4257,270171,52,6,8,11,,4054,10,1,3,1.8,123,25,1088,37,63,36,64,35,0,64,0.03,0.09,0.05,32,4,3,34,4,25,80,1.8,0.62
4257,4258,270171,52,7,2,42,,4055,11,1,3,0.6,47,8,500,10,17,13,32,19,0,18,0.07,0.22,0.04,9,4,1,10,3,11,18,0.6,0.74
4258,4259,270411,123,1,4,9,,4056,8,3,1,1.7,56,21,327,11,20,20,4,9,0,27,0.2,0.07,0.11,8,4,0,11,2,16,29,1.7,1.73
4259,4260,270411,49,2,4,33,,4057,9,0,0,0.2,5,1,40,2,3,1,4,2,0,5,0.0,0.0,0.17,2,0,0,2,1,0,4,0.2,4.25
4260,4261,270411,49,3,9,3,,4058,10,2,1,0.9,31,7,179,5,19,12,1,8,0,16,0.3,0.15,0.13,7,3,0,1,0,9,11,0.9,1.63
4261,4262,270411,2,4,4,40,,4059,11,1,0,2.1,31,12,276,14,19,14,5,9,0,18,0.1,0.0,0.2,9,1,0,1,1,11,32,2.1,1.94
4262,4263,270411,2,5,2,17,,4060,12,7,3,5.1,72,23,486,38,47,33,8,17,0,47,0.31,0.13,0.23,15,10,0,12,2,28,74,5.1,2.09
4263,4264,270541,101,1,3,28,165,4061,7,3,1,4.1,31,16,209,12,7,4,14,7,1,4,0.24,0.08,0.34,0,4,0,91,0,15,28,4.1,2.19
4264,4265,270541,101,1,3,28,166,4061,7,3,1,4.1,31,16,209,12,7,4,14,7,1,4,0.24,0.08,0.34,0,4,0,91,0,15,28,4.1,2.19
4265,4266,270541,101,2,3,3,226,4062,8,9,2,8.9,51,30,440,14,7,4,21,13,0,7,0.42,0.09,0.41,2,11,0,93,1,32,37,5.7,1.92
4266,4267,270541,12,3,3,41,610,4063,9,10,1,9.2,36,17,371,27,4,5,17,10,0,3,0.51,0.05,0.47,1,11,0,69,0,14,54,8.4,2.6
4267,4268,270541,12,4,3,47,,4064,10,9,0,8.1,23,8,235,5,4,1,8,4,0,7,0.8,0.0,0.72,1,9,0,37,1,7,23,8.1,4.07
4268,4269,270541,32,6,3,24,2194,4065,12,28,3,20.8,56,32,629,53,6,6,29,8,0,5,1.14,0.12,0.85,2,31,0,65,9,19,90,17.6,3.59
4269,4270,270541,63,7,3,7,2566,4066,13,6,1,6.0,14,8,166,7,3,2,16,6,0,1,0.51,0.08,0.51,0,7,0,40,6,6,17,5.2,2.63
4270,4271,271988,109,1,8,1,,4067,22,0,0,0.2,31,1,300,1,17,14,25,14,0,16,0.0,0.0,0.02,6,0,0,37,1,2,9,0.2,0.54
4271,4272,272278,32,4,5,13,940,4068,8,3,2,3.2,69,61,553,32,28,8,9,31,0,39,0.16,0.11,0.17,18,5,0,3,4,41,64,3.2,1.58
4272,4273,272278,32,4,5,13,941,4068,8,3,2,3.2,69,61,553,32,28,8,9,31,0,39,0.16,0.11,0.17,18,5,0,3,4,41,64,3.2,1.58
4273,4274,272278,32,5,5,14,,4069,9,5,2,3.6,83,93,552,24,36,7,13,29,0,44,0.24,0.1,0.17,24,7,0,3,2,60,79,2.9,2.05
4274,4275,272278,32,6,5,14,,4070,10,8,7,6.6,145,153,1112,53,30,7,7,31,0,37,0.28,0.25,0.23,16,15,0,4,7,106,137,5.8,1.86
4275,4276,272278,32,7,5,26,,4071,11,1,1,0.7,39,43,332,12,5,1,10,10,0,12,0.12,0.12,0.08,5,2,0,2,4,24,39,0.7,1.52
4276,4277,272549,84,3,2,28,,4072,11,0,4,0.4,33,10,256,14,19,3,4,8,0,17,0.0,0.72,0.08,11,4,0,2,1,9,35,0.4,2.33
4277,4278,272622,64,1,1,16,92,4073,6,1,0,1.2,73,9,979,4,68,64,161,58,0,57,0.03,0.0,0.04,37,1,4,75,0,5,7,1.2,0.36
4278,4279,272622,64,2,1,43,,4074,7,3,1,1.5,44,7,762,5,27,47,166,37,0,25,0.1,0.03,0.05,16,4,2,79,0,2,10,1.5,0.49
4279,4280,272622,64,3,1,49,,4075,8,2,0,0.5,30,4,480,1,20,22,59,32,0,18,0.13,0.0,0.03,7,2,0,24,0,0,4,0.5,0.2
4280,4281,272622,116,5,1,41,1651,4076,10,1,0,0.3,70,13,1216,2,28,35,86,24,0,32,0.04,0.0,0.01,17,1,0,33,0,6,9,0.3,0.13
4281,4282,272622,116,6,1,10,,4077,11,0,0,0.3,66,11,950,0,30,17,80,28,1,20,0.0,0.0,0.02,15,0,1,25,1,8,4,0.3,0.32
4282,4283,272622,116,7,1,11,,4078,12,0,0,0.5,17,0,399,2,14,2,44,7,0,9,0.0,0.0,0.06,6,0,0,10,0,1,5,0.5,0.53
4283,4284,272812,30,2,1,3,491,4079,9,1,1,1.3,65,65,829,15,79,39,79,28,1,53,0.04,0.04,0.05,33,2,1,33,0,44,38,1.3,0.46
4284,4285,272812,30,3,1,3,,4080,10,0,1,0.6,30,25,431,6,32,18,42,19,0,17,0.0,0.08,0.05,10,1,0,19,0,13,20,0.6,0.71
4285,4286,272812,38,6,1,147,,4081,13,0,1,1.3,15,18,175,8,22,8,36,21,0,18,0.0,0.09,0.12,11,1,0,12,0,10,23,1.3,1.7
4286,4287,272812,38,7,1,73,,4082,14,0,1,0.4,32,34,402,11,34,12,36,19,0,27,0.0,0.07,0.02,17,1,4,16,1,21,24,0.4,0.52
4287,4288,272855,37,5,3,11,1213,4083,13,0,0,1.3,7,1,55,4,3,0,4,4,0,3,0.0,0.0,0.28,1,0,0,37,0,1,7,1.3,2.43
4288,4289,273438,75,1,2,52,,4084,7,0,0,1.9,62,27,560,12,29,15,25,17,1,17,0.0,0.0,0.11,6,0,1,18,2,19,41,1.9,1.28
4289,4290,273438,75,2,7,20,,4085,8,0,0,0.5,66,21,725,10,28,20,38,21,0,29,0.0,0.0,0.04,13,0,0,19,1,9,20,0.5,0.4
4290,4291,273669,134,6,4,86,,4086,11,1,1,1.7,29,17,311,11,22,4,15,17,0,24,0.09,0.09,0.16,9,2,0,18,2,12,29,1.7,1.11
4291,4292,273669,134,7,5,17,,4087,12,1,1,0.8,16,5,144,6,16,4,10,16,0,15,0.21,0.21,0.16,5,2,0,9,0,4,13,0.8,2.07
4292,4293,274461,63,3,1,63,,4088,7,1,0,0.6,14,15,253,3,9,3,2,11,0,8,0.25,0.0,0.16,4,1,0,0,0,6,8,0.6,1.24
4293,4294,274461,63,4,1,28,,4089,8,1,0,0.1,23,13,291,2,13,4,7,5,0,12,0.19,0.0,0.03,6,1,0,1,0,13,7,0.1,0.57
4294,4295,274461,33,6,1,17,2195,4090,10,2,2,0.9,27,10,262,14,21,10,21,13,1,24,0.19,0.19,0.08,14,4,0,6,2,7,30,0.9,1.31
4295,4296,274461,33,7,1,40,,4091,11,0,2,0.4,41,30,364,11,33,9,29,27,0,39,0.0,0.15,0.03,21,2,1,2,1,22,26,0.4,0.81
4296,4297,274839,57,1,2,10,,4092,6,2,0,3.7,201,26,1591,22,142,83,85,64,0,95,0.05,0.0,0.1,46,2,2,128,6,39,64,3.7,1.5
4297,4298,274839,57,2,2,22,,4093,7,2,1,1.6,109,13,1421,15,128,80,69,52,0,91,0.07,0.03,0.06,45,3,3,83,2,15,46,1.6,0.88
4298,4299,274839,57,3,8,94,,4094,8,1,4,0.7,73,7,1245,16,96,61,55,38,0,66,0.04,0.17,0.03,26,5,0,56,1,22,39,0.7,0.66
4299,4300,274839,57,4,8,8,,4095,9,0,0,0.7,57,14,746,2,60,42,54,36,0,55,0.0,0.0,0.04,22,0,1,42,2,10,18,0.7,0.78
4300,4301,274839,57,5,2,55,,4096,10,0,0,0.2,51,11,754,3,61,38,48,32,0,43,0.0,0.0,0.01,17,0,3,25,1,14,12,0.2,0.38
4301,4302,274839,57,7,2,37,,4097,13,0,4,1.4,37,9,430,9,48,9,47,32,0,33,0.0,0.3,0.1,15,4,0,27,4,11,16,1.4,0.89
4302,4303,274862,92,1,7,9,66,4098,8,1,1,1.3,20,39,202,7,14,12,14,10,0,9,0.11,0.11,0.15,5,2,0,3,1,18,17,1.3,1.72
4303,4304,274862,71,2,5,23,479,4099,9,5,5,6.6,58,144,491,36,15,8,6,6,0,21,0.21,0.21,0.27,6,10,0,9,2,69,76,6.6,1.78
4304,4305,274862,71,2,5,23,480,4099,9,5,5,6.6,58,144,491,36,15,8,6,6,0,21,0.21,0.21,0.27,6,10,0,9,2,69,76,6.6,1.78
4305,4306,274862,71,3,5,20,611,4100,10,6,5,7.7,55,117,464,32,27,15,15,24,0,36,0.23,0.19,0.3,17,11,1,19,1,47,68,7.0,1.43
4306,4307,274862,71,4,5,25,,4101,11,6,8,4.6,49,146,521,66,17,12,5,14,0,23,0.23,0.31,0.18,11,14,0,15,2,68,102,4.6,1.62
4307,4308,274862,71,5,5,41,,4102,12,5,4,4.6,62,138,463,43,18,11,3,14,0,15,0.19,0.15,0.18,7,9,0,11,3,61,85,3.6,1.23
4308,4309,274862,71,6,5,20,,4103,13,3,5,4.1,36,146,318,29,7,3,5,9,0,8,0.15,0.25,0.21,2,8,1,15,4,53,65,3.3,1.66
4309,4310,274862,71,7,3,5,,4104,14,4,5,2.9,28,76,249,29,9,9,4,5,0,12,0.31,0.38,0.22,5,9,0,5,1,42,58,1.4,1.68
4310,4311,275249,111,5,2,30,,4105,9,3,0,1.6,64,26,446,16,25,5,12,10,0,28,0.25,0.0,0.14,13,3,0,13,2,22,50,1.6,1.74
4311,4312,275249,103,6,2,28,1907,4106,10,1,1,1.2,106,20,679,28,36,4,13,14,0,33,0.07,0.07,0.09,16,2,0,7,3,26,48,1.2,1.42
4312,4313,275249,103,7,2,23,,4107,11,0,1,0.1,23,2,142,5,6,1,4,0,0,7,0.0,0.44,0.03,4,1,0,1,0,3,12,0.1,1.32
4313,4314,275303,91,1,1,25,,4108,9,5,5,5.2,136,100,1518,48,43,23,47,29,0,34,0.15,0.15,0.16,17,10,1,65,0,74,80,5.2,0.88
4314,4315,275303,91,2,1,16,,4109,10,0,4,2.3,70,81,1195,44,36,10,32,22,0,38,0.0,0.15,0.09,18,4,1,30,0,49,95,2.3,0.73
4315,4316,275303,91,3,1,5,,4110,11,2,1,3.2,78,41,857,20,28,17,9,8,0,23,0.1,0.05,0.16,13,3,0,23,0,30,49,3.2,1.38
4316,4317,275303,91,4,7,10,,4111,12,0,0,1.4,73,37,703,13,22,7,20,11,0,26,0.0,0.0,0.09,11,0,0,22,0,27,34,1.4,1.1
4317,4318,275303,91,5,1,47,,4112,13,1,1,1.3,55,16,560,13,21,12,25,23,0,27,0.06,0.06,0.09,11,2,0,24,2,14,22,1.3,0.77
4318,4319,275303,91,6,1,6,,4113,14,0,1,0.3,42,19,514,22,12,4,21,21,0,15,0.0,0.08,0.03,5,1,0,18,0,19,33,0.3,0.89
4319,4320,275361,46,4,1,29,,4114,16,0,0,0.1,6,4,102,0,6,1,10,4,0,5,0.0,0.0,0.03,3,0,0,7,0,3,1,0.1,0.7
4320,4321,275423,81,3,4,56,,4115,11,1,1,1.9,14,8,114,11,9,6,14,4,0,11,0.13,0.13,0.25,4,2,0,8,0,3,16,1.9,1.31
4321,4322,275590,100,5,3,9,,4116,14,4,0,4.4,23,10,212,5,14,1,26,12,0,16,0.28,0.0,0.31,5,4,0,68,0,8,18,4.4,1.62
4322,4323,276111,15,1,1,33,,4117,8,0,0,0.2,34,5,603,0,25,18,58,12,0,15,0.0,0.0,0.01,10,0,1,28,0,7,4,0.2,0.15
4323,4324,276895,84,3,1,13,,4118,13,0,0,0.4,64,18,814,2,33,27,52,25,1,22,0.0,0.0,0.02,16,0,0,36,0,5,9,0.4,0.31
4324,4325,276896,49,5,1,41,,4119,13,2,2,2.6,74,33,985,4,46,45,85,24,2,15,0.1,0.1,0.12,12,4,1,56,0,29,19,2.6,0.57
4325,4326,276896,49,6,1,41,,4120,14,3,0,2.4,54,10,846,7,33,25,93,28,1,19,0.16,0.0,0.12,13,3,1,47,2,17,27,2.4,0.99
4326,4327,276896,6,7,1,21,2408,4121,16,1,0,0.9,4,1,64,0,0,1,3,2,0,1,1.08,0.0,0.94,0,1,0,4,0,1,1,0.9,1.08
4327,4328,276896,6,7,1,21,2409,4121,16,1,0,0.9,4,1,64,0,0,1,3,2,0,1,1.08,0.0,0.94,0,1,0,4,0,1,1,0.9,1.08
4328,4329,277033,100,1,4,9,115,4122,6,7,5,6.0,95,66,640,30,37,24,28,36,0,44,0.28,0.2,0.24,19,12,0,6,16,46,79,6.0,1.63
4329,4330,277033,100,2,4,11,,4123,7,1,0,0.5,17,4,121,6,5,2,1,5,0,14,0.18,0.0,0.08,2,1,0,0,0,8,12,0.5,1.07
4330,4331,277033,100,5,5,37,,4124,10,0,0,0.3,11,5,46,2,1,2,5,2,0,1,0.0,0.0,0.13,0,0,0,2,0,2,8,0.3,2.6
4331,4332,277033,100,6,5,5,1721,4125,11,1,1,2.2,21,8,95,8,5,2,2,3,0,4,0.32,0.32,0.7,2,2,0,1,1,9,20,2.2,4.15
4332,4333,277033,100,6,5,5,1722,4125,11,1,1,2.2,21,8,95,8,5,2,2,3,0,4,0.32,0.32,0.7,2,2,0,1,1,9,20,2.2,4.15
4333,4334,277033,100,7,5,20,,4126,12,1,0,0.5,9,7,59,4,3,2,1,4,0,3,0.51,0.0,0.27,1,1,1,3,1,6,12,0.5,3.58
4334,4335,277114,34,1,1,23,,4127,8,2,0,1.7,136,38,1848,5,33,26,122,36,0,24,0.07,0.0,0.06,16,2,1,54,1,18,16,1.7,0.49
4335,4336,277114,34,2,1,84,,4128,9,0,1,0.7,71,15,1509,3,17,20,83,32,0,14,0.0,0.04,0.03,10,1,0,40,1,11,12,0.7,0.21
4336,4337,277114,34,3,1,5,,4129,10,1,0,0.5,93,15,1598,1,25,27,91,36,0,13,0.03,0.0,0.02,6,1,1,46,0,14,14,0.5,0.17
4337,4338,277114,34,4,1,11,,4130,11,3,0,1.6,26,3,690,1,11,16,52,8,0,7,0.27,0.0,0.15,6,3,0,16,0,0,4,1.6,0.54
4338,4339,277167,67,1,1,41,,4131,11,4,0,2.2,143,35,1647,5,41,36,97,36,0,16,0.13,0.0,0.07,12,4,1,61,0,16,26,2.2,0.74
4339,4340,277167,67,2,1,24,,4132,12,0,1,1.3,89,12,1384,8,9,26,41,25,0,8,0.0,0.05,0.06,4,1,1,36,0,8,24,1.3,0.57
4340,4341,277167,67,3,1,41,,4133,13,0,4,2.0,187,38,2495,15,32,50,100,46,0,23,0.0,0.12,0.06,10,4,1,69,0,32,37,2.0,0.75
4341,4342,277167,67,4,1,5,,4134,14,1,0,1.8,133,21,2028,7,16,43,114,37,1,23,0.03,0.0,0.05,10,1,2,79,2,17,30,1.8,0.72
4342,4343,277167,67,5,1,25,,4135,15,1,0,1.2,101,11,1111,4,23,23,81,29,0,17,0.04,0.0,0.05,10,1,4,47,0,10,21,1.2,0.32
4343,4344,277167,67,6,1,3,,4136,16,1,0,1.6,148,32,1073,9,22,25,76,28,0,18,0.04,0.0,0.06,12,1,0,39,0,16,35,1.6,0.63
4344,4345,277179,93,3,6,42,601,4137,8,4,4,4.2,93,47,1057,52,31,30,40,22,0,24,0.17,0.17,0.17,13,8,0,12,1,36,96,4.2,1.46
4345,4346,277179,93,4,1,22,971,4138,9,2,5,1.2,73,35,1082,52,28,29,40,24,0,30,0.08,0.2,0.05,14,7,0,11,0,21,83,1.2,0.47
4346,4347,277179,8,5,1,43,1613,4139,10,0,8,1.1,108,24,1012,50,40,25,67,32,0,37,0.0,0.28,0.04,23,8,0,15,1,26,88,1.1,0.72
4347,4348,277179,8,5,1,43,1614,4139,10,0,8,1.1,108,24,1012,50,40,25,67,32,0,37,0.0,0.28,0.04,23,8,0,15,1,26,88,1.1,0.72
4348,4349,277179,5,6,1,24,1908,4140,11,0,1,0.2,40,12,546,19,21,12,37,11,0,19,0.0,0.08,0.01,11,1,1,15,0,13,33,0.2,0.63
4349,4350,277179,5,6,1,24,1909,4140,11,0,1,0.2,40,12,546,19,21,12,37,11,0,19,0.0,0.08,0.01,11,1,1,15,0,13,33,0.2,0.63
4350,4351,277179,5,7,1,20,2635,4141,12,0,1,0.3,104,29,873,23,26,12,39,19,0,14,0.0,0.06,0.02,9,1,0,20,0,27,40,0.3,0.5
4351,4352,277533,76,3,8,29,,4142,15,4,2,1.2,40,65,600,16,34,21,26,24,0,39,0.19,0.09,0.06,13,6,1,6,0,38,32,1.2,0.7
4352,4353,277533,76,4,7,30,,4143,16,2,3,1.0,38,42,383,18,36,10,21,11,0,44,0.15,0.22,0.08,26,5,0,3,0,23,33,1.0,0.89
4353,4354,277533,76,5,7,13,,4144,17,1,3,0.4,39,37,424,15,25,7,15,8,0,27,0.08,0.25,0.04,14,4,1,5,1,19,25,0.4,0.5
4354,4355,277635,46,4,2,3,1171,4145,9,1,2,2.4,170,89,1365,20,47,46,22,33,0,58,0.03,0.06,0.07,19,3,2,17,5,62,64,2.4,1.12
4355,4356,277635,46,5,2,33,,4146,10,1,1,1.4,169,59,1244,23,44,49,46,32,0,41,0.03,0.03,0.05,17,2,1,21,2,47,66,1.4,0.81
4356,4357,278166,130,6,1,3,,4147,14,0,0,0.3,76,32,645,8,50,25,60,33,0,35,0.0,0.0,0.01,22,0,1,20,2,25,25,0.3,0.1
4357,4358,278323,126,1,4,58,,4148,6,1,0,0.6,30,11,182,9,14,5,10,9,0,15,0.14,0.0,0.08,5,1,0,3,0,6,19,0.6,1.24
4358,4359,278332,65,1,2,17,,4149,6,3,8,5.7,120,62,734,29,22,10,23,20,0,36,0.13,0.35,0.25,10,11,0,7,4,59,84,5.7,2.23
4359,4360,278332,65,2,2,75,,4150,7,4,2,6.4,139,66,1032,30,42,27,8,24,0,54,0.15,0.08,0.24,12,6,0,14,9,50,93,6.3,2.18
4360,4361,278332,65,3,2,70,,4151,8,6,5,2.7,201,63,1476,24,48,50,20,35,0,63,0.21,0.17,0.09,19,11,1,14,6,52,75,2.7,1.68
4361,4362,278332,65,4,2,93,,4152,9,4,4,4.9,133,48,874,20,55,31,19,38,0,64,0.17,0.17,0.22,27,8,4,10,11,33,61,4.9,2.04
4362,4363,278332,65,5,2,11,,4153,10,1,0,2.0,78,26,510,16,19,12,5,20,0,27,0.06,0.0,0.13,8,1,0,3,5,26,46,2.0,1.79
4363,4364,278332,65,6,2,16,,4154,11,4,2,4.3,74,30,470,19,15,14,8,8,0,26,0.29,0.15,0.32,8,6,0,7,7,20,47,3.5,2.79
4364,4365,278359,53,1,3,30,33,4155,10,17,3,16.0,31,52,477,42,23,7,41,14,0,24,0.5,0.09,0.47,5,20,0,59,5,32,82,13.6,2.55
4365,4366,278359,80,2,3,49,481,4156,11,3,2,3.8,19,17,233,16,7,5,18,7,1,9,0.14,0.09,0.18,0,5,0,38,2,20,27,3.8,1.69
4366,4367,278359,80,3,3,10,,4157,12,11,0,8.4,12,7,193,6,1,3,9,7,0,8,0.7,0.0,0.53,1,11,0,30,0,8,26,4.4,2.1
4367,4368,278359,80,4,3,25,,4158,13,10,0,7.7,29,18,240,15,6,4,7,11,0,8,0.57,0.0,0.44,0,10,0,20,6,7,33,5.3,2.0
4368,4369,278359,80,5,3,5,,4159,14,15,3,14.9,33,20,397,22,8,1,17,9,1,13,0.57,0.11,0.57,2,18,0,24,5,14,40,10.2,2.21
4369,4370,278359,15,7,3,6,2490,4160,16,4,0,3.8,11,6,164,5,5,3,6,5,0,6,0.39,0.0,0.37,1,4,0,5,3,4,14,3.8,1.76
4370,4371,278359,15,7,3,6,2491,4160,16,4,0,3.8,11,6,164,5,5,3,6,5,0,6,0.39,0.0,0.37,1,4,0,5,3,4,14,3.8,1.76
4371,4372,278531,119,3,1,14,718,4161,8,0,0,0.3,69,14,836,6,38,27,74,17,1,27,0.0,0.0,0.01,16,0,1,26,0,7,11,0.3,0.24
4372,4373,278531,119,3,1,14,719,4161,8,0,0,0.3,69,14,836,6,38,27,74,17,1,27,0.0,0.0,0.01,16,0,1,26,0,7,11,0.3,0.24
4373,4374,278531,40,4,1,134,1073,4162,9,0,1,0.7,76,21,821,9,29,45,132,32,1,20,0.0,0.05,0.03,10,1,0,44,1,14,17,0.7,0.41
4374,4375,278531,40,4,1,134,1074,4162,9,0,1,0.7,76,21,821,9,29,45,132,32,1,20,0.0,0.05,0.03,10,1,0,44,1,14,17,0.7,0.41
4375,4376,278531,40,5,1,23,1554,4163,10,2,0,1.2,72,13,1474,3,33,43,163,54,2,20,0.06,0.0,0.04,9,2,1,72,1,6,12,1.2,0.52
4376,4377,278531,40,6,1,23,2081,4164,11,1,1,1.7,100,13,1455,11,37,32,157,46,0,24,0.03,0.03,0.04,15,2,1,77,2,12,29,1.7,0.5
4377,4378,278531,23,7,1,33,2636,4165,13,0,3,1.0,55,14,717,6,27,16,76,11,0,13,0.0,0.18,0.06,8,3,1,39,0,10,21,1.0,0.76
4378,4379,278837,95,2,2,13,256,4166,10,0,0,0.4,42,51,304,15,18,16,6,21,0,25,0.0,0.0,0.02,8,0,0,11,0,35,27,0.4,0.5
4379,4380,278837,95,3,4,28,,4167,11,4,2,3.3,42,71,435,25,21,20,30,23,0,39,0.17,0.09,0.14,7,6,0,18,0,44,54,3.3,1.03
4380,4381,278837,95,4,4,3,,4168,12,1,3,3.0,77,122,560,33,28,25,20,22,0,58,0.03,0.09,0.09,14,4,0,17,5,75,92,3.0,1.27
4381,4382,278837,95,6,5,23,,4169,14,5,4,6.1,77,70,551,41,27,16,28,28,0,43,0.18,0.14,0.22,14,9,0,10,2,51,81,3.0,1.91
4382,4383,279079,126,1,1,61,,4170,6,1,0,1.0,70,14,1227,4,57,48,139,53,0,51,0.03,0.0,0.03,32,1,2,46,1,7,14,1.0,0.39
4383,4384,279455,100,2,4,20,272,4171,7,7,0,4.0,66,29,452,14,23,11,15,26,0,34,0.38,0.0,0.22,11,7,1,6,6,17,49,4.0,3.06
4384,4385,279455,100,2,4,20,273,4171,7,7,0,4.0,66,29,452,14,23,11,15,26,0,34,0.38,0.0,0.22,11,7,1,6,6,17,49,4.0,3.06
4385,4386,279455,116,5,3,45,,4172,10,2,3,2.0,37,18,310,12,21,6,14,17,0,18,0.16,0.25,0.16,8,5,0,4,1,16,32,2.0,1.47
4386,4387,279455,116,6,3,47,,4173,11,4,6,3.4,60,41,478,22,21,10,12,27,0,28,0.22,0.33,0.19,11,10,0,5,3,25,65,3.4,2.22
4387,4388,279455,116,7,5,45,,4174,12,3,0,1.8,20,7,119,2,5,3,2,6,0,5,0.64,0.0,0.38,2,3,1,2,1,8,7,1.8,2.98
4388,4389,279570,132,6,2,41,2048,4175,15,2,2,1.8,119,23,824,29,34,22,18,18,0,43,0.09,0.09,0.08,15,4,1,26,4,32,72,1.8,0.69
4389,4390,279570,132,7,2,21,,4176,16,1,0,0.2,31,4,196,2,12,9,7,7,0,9,0.17,0.0,0.04,2,1,0,7,1,3,4,0.2,0.7
4390,4391,280387,103,5,2,17,1184,4177,11,0,0,0.5,49,7,321,11,19,4,11,12,0,29,0.0,0.0,0.06,11,0,1,9,2,10,14,0.5,1.08
4391,4392,280387,103,6,2,17,,4178,12,6,2,5.9,135,17,1020,32,41,27,33,37,0,77,0.24,0.08,0.23,27,8,0,30,4,26,76,1.9,1.23
4392,4393,280730,19,1,1,11,34,4179,7,0,2,0.5,38,52,648,17,28,11,17,11,0,18,0.0,0.15,0.03,14,2,1,1,0,25,35,0.5,0.08
4393,4394,280730,19,3,1,37,,4180,9,2,0,0.6,14,30,398,8,14,6,12,6,0,5,0.22,0.0,0.06,3,2,1,2,0,14,17,0.6,0.33
4394,4395,280730,70,4,1,41,852,4181,10,1,2,1.3,55,75,885,26,25,8,25,17,1,32,0.05,0.1,0.07,15,3,2,1,0,41,54,1.3,0.21
4395,4396,280730,70,4,1,41,853,4181,10,1,2,1.3,55,75,885,26,25,8,25,17,1,32,0.05,0.1,0.07,15,3,2,1,0,41,54,1.3,0.21
4396,4397,281319,10,4,5,33,,4182,10,9,1,6.5,27,42,185,15,19,7,10,9,0,25,0.57,0.06,0.42,11,10,0,26,0,23,38,5.7,1.92
4397,4398,281319,61,5,4,38,,4183,11,0,0,0.5,4,8,33,3,4,1,2,1,0,7,0.0,0.0,0.18,1,0,0,3,1,9,12,0.5,1.4
4398,4399,281404,83,1,8,25,60,4184,7,1,1,2.2,41,30,374,11,30,32,24,10,0,29,0.07,0.07,0.15,12,2,1,7,1,23,50,1.4,2.0
4399,4400,281404,97,2,2,41,511,4185,8,1,3,0.9,13,20,126,10,9,11,4,10,0,5,0.15,0.46,0.14,2,4,0,6,2,12,21,0.9,2.15
4400,4401,281404,97,2,2,41,512,4185,8,1,3,0.9,13,20,126,10,9,11,4,10,0,5,0.15,0.46,0.14,2,4,0,6,2,12,21,0.9,2.15
4401,4402,281404,36,3,5,78,720,4186,9,4,3,2.0,23,30,201,17,22,26,15,21,0,25,0.24,0.18,0.12,5,7,1,11,2,18,39,2.0,2.26
4402,4403,281404,36,3,5,78,721,4186,9,4,3,2.0,23,30,201,17,22,26,15,21,0,25,0.24,0.18,0.12,5,7,1,11,2,18,39,2.0,2.26
4403,4404,281404,109,5,9,25,1652,4187,11,0,1,0.5,4,4,57,4,6,1,0,2,0,4,0.0,0.33,0.17,2,1,0,2,0,1,6,0.5,1.96
4404,4405,281755,17,3,4,119,722,4188,10,1,1,1.1,13,46,127,10,14,3,10,14,0,23,0.11,0.11,0.12,4,2,0,13,0,25,21,1.1,1.41
4405,4406,281755,17,4,4,74,,4189,11,2,2,1.4,25,63,193,20,33,8,17,12,0,44,0.17,0.17,0.12,15,4,0,11,0,32,38,1.4,1.01
4406,4407,281755,17,5,4,74,,4190,12,0,1,1.2,16,52,219,21,32,5,12,18,1,37,0.0,0.07,0.08,17,1,1,25,1,32,40,1.2,1.58
4407,4408,281755,17,6,2,74,,4191,13,0,2,0.5,31,48,245,16,40,7,17,20,0,57,0.0,0.11,0.03,17,2,0,15,1,41,37,0.5,0.59
4408,4409,281963,79,1,1,11,,4192,7,1,0,0.8,36,19,448,3,35,14,49,17,0,20,0.08,0.0,0.06,17,1,0,21,0,19,10,0.8,0.4
4409,4410,281963,86,2,1,31,282,4193,8,0,1,0.4,44,17,714,4,18,15,17,6,0,15,0.0,0.1,0.04,9,1,0,16,0,14,9,0.4,0.29
4410,4411,281963,86,3,1,118,,4194,9,0,2,0.7,86,42,1100,13,41,19,38,24,0,31,0.0,0.11,0.04,17,2,0,39,1,27,33,0.7,0.28
4411,4412,281963,86,4,1,65,,4195,10,0,1,0.4,193,47,1783,9,50,28,54,22,0,42,0.0,0.04,0.02,26,1,1,40,0,47,27,0.4,0.18
4412,4413,281963,90,6,1,65,2196,4196,12,1,1,0.5,156,30,1670,12,52,27,38,21,0,50,0.05,0.05,0.02,29,2,0,23,1,33,25,0.5,0.28
4413,4414,281989,36,3,2,82,723,4197,10,1,1,0.6,56,11,416,17,22,24,16,10,0,28,0.07,0.07,0.04,6,2,1,14,2,9,35,0.6,0.72
4414,4415,281989,36,4,2,9,,4198,11,3,3,3.7,167,52,1150,42,59,25,34,28,0,64,0.1,0.1,0.12,25,6,0,30,5,44,79,1.3,0.62
4415,4416,281989,97,5,2,6,1283,4199,12,0,3,0.3,104,15,756,29,48,32,25,13,1,44,0.0,0.15,0.01,19,3,1,17,1,11,47,0.3,0.39
4416,4417,281989,97,6,2,14,,4200,13,0,1,0.6,121,31,1011,29,57,32,10,20,0,47,0.0,0.04,0.03,28,1,0,28,1,26,76,0.6,0.68
4417,4418,281989,97,7,2,33,,4201,15,1,2,1.4,97,22,634,40,33,14,13,19,0,36,0.06,0.11,0.08,17,3,0,19,2,30,79,0.6,1.18
4418,4419,282041,90,1,1,10,,4202,7,0,1,0.4,92,23,1387,4,55,30,48,17,1,40,0.0,0.04,0.02,24,1,5,24,1,24,19,0.4,0.18
4419,4420,282041,90,2,1,43,,4203,8,0,0,0.7,58,6,1056,1,33,21,33,7,0,20,0.0,0.0,0.05,14,0,1,20,0,8,7,0.7,0.44
4420,4421,282041,90,3,1,49,,4204,9,0,0,0.3,117,13,1874,4,46,30,61,19,1,34,0.0,0.0,0.01,24,0,4,37,0,10,19,0.3,0.2
4421,4422,282041,90,4,1,7,,4205,10,1,0,1.4,170,30,2154,2,34,38,73,20,0,23,0.03,0.0,0.05,14,1,1,49,0,13,18,1.4,0.24
4422,4423,282058,66,1,2,28,,4206,17,0,3,2.8,94,23,525,17,25,25,61,33,0,32,0.0,0.12,0.11,10,3,0,174,2,14,46,2.3,1.5
4423,4424,282349,112,2,7,58,245,4207,7,0,0,0.2,14,15,112,4,10,3,8,6,0,9,0.0,0.0,0.06,5,0,0,6,0,3,7,0.2,1.07
4424,4425,282349,112,3,1,58,,4208,8,0,0,0.3,44,21,593,3,34,22,58,18,0,25,0.0,0.0,0.01,16,0,0,19,0,20,10,0.3,0.27
4425,4426,282349,142,7,1,17,,4209,12,0,0,1.0,17,12,324,2,19,7,32,9,0,19,0.0,0.0,0.09,13,0,0,14,0,10,8,1.0,0.87
4426,4427,282388,70,1,3,26,,4210,8,6,3,11.2,26,38,231,30,43,4,14,26,0,29,0.22,0.11,0.41,7,9,0,36,5,26,71,11.2,2.42
4427,4428,282388,23,2,3,11,444,4211,9,12,3,11.8,19,41,324,18,24,11,16,24,0,32,0.37,0.09,0.36,5,15,1,45,3,27,40,11.8,2.68
4428,4429,282388,23,2,3,11,445,4211,9,12,3,11.8,19,41,324,18,24,11,16,24,0,32,0.37,0.09,0.36,5,15,1,45,3,27,40,11.8,2.68
4429,4430,282388,23,3,3,122,724,4212,10,6,2,7.7,13,25,255,12,24,10,18,23,0,31,0.31,0.1,0.4,7,8,0,29,0,17,32,7.7,2.22
4430,4431,282388,89,5,3,45,1555,4213,12,4,1,1.4,9,11,76,5,12,1,4,2,0,8,0.89,0.22,0.3,3,5,0,6,0,9,11,1.4,3.1
4431,4432,282388,89,5,3,45,1556,4213,12,4,1,1.4,9,11,76,5,12,1,4,2,0,8,0.89,0.22,0.3,3,5,0,6,0,9,11,1.4,3.1
4432,4433,282388,89,5,3,45,1557,4213,12,4,1,1.4,9,11,76,5,12,1,4,2,0,8,0.89,0.22,0.3,3,5,0,6,0,9,11,1.4,3.1
4433,4434,282388,89,6,3,16,2082,4214,13,1,0,3.4,13,11,132,9,12,1,7,11,0,12,0.11,0.0,0.38,3,1,0,21,2,9,28,3.4,3.94
4434,4435,282388,89,7,3,41,,4215,14,1,1,1.6,2,6,48,6,0,1,2,3,0,3,0.35,0.35,0.55,0,2,0,5,0,6,10,1.6,3.49
4435,4436,282406,17,4,4,27,,4216,11,0,0,0.1,5,11,43,2,6,3,0,3,0,7,0.0,0.0,0.03,4,0,0,2,0,5,6,0.1,1.15
4436,4437,282429,87,2,1,16,283,4217,7,2,4,2.3,128,121,1419,41,57,33,53,25,0,64,0.07,0.14,0.08,27,6,0,38,0,93,79,2.3,1.0
4437,4438,282429,88,3,1,26,592,4218,8,0,3,1.0,73,52,1092,17,47,32,50,39,0,48,0.0,0.12,0.04,23,3,1,29,0,54,42,1.0,0.8
4438,4439,282429,88,3,1,26,593,4218,8,0,3,1.0,73,52,1092,17,47,32,50,39,0,48,0.0,0.12,0.04,23,3,1,29,0,54,42,1.0,0.8
4439,4440,282429,88,4,7,26,,4219,9,2,3,3.0,50,63,750,29,40,31,45,20,0,43,0.09,0.14,0.14,22,5,1,31,1,36,58,3.0,0.99
4440,4441,282429,79,5,1,26,1653,4220,10,0,0,0.2,11,16,117,7,7,2,4,3,1,7,0.0,0.0,0.07,5,0,0,8,1,12,13,0.2,0.87
4441,4442,282429,79,5,1,26,1654,4220,10,0,0,0.2,11,16,117,7,7,2,4,3,1,7,0.0,0.0,0.07,5,0,0,8,1,12,13,0.2,0.87
4442,4443,282577,39,1,1,23,,4221,7,0,0,0.2,15,23,174,2,11,12,20,6,1,5,0.0,0.0,0.03,4,0,0,8,0,14,10,0.2,0.76
4443,4444,282672,136,6,5,27,,4222,13,1,1,0.4,5,13,136,2,5,3,0,7,0,6,0.23,0.23,0.09,3,2,0,2,1,8,8,0.4,2.34
4444,4445,282694,15,3,2,14,,4223,13,2,2,1.1,15,6,148,10,18,6,5,13,0,26,0.37,0.37,0.2,6,4,0,9,0,6,15,1.1,0.93
4445,4446,282694,15,4,8,14,,4224,14,0,0,0.3,18,15,286,6,24,7,10,14,0,32,0.0,0.0,0.04,12,0,1,4,1,17,23,0.3,0.88
4446,4447,282700,105,7,6,17,2740,4225,12,1,0,0.3,12,11,158,2,17,5,12,7,0,13,0.15,0.0,0.04,9,1,0,5,0,10,6,0.3,0.44
4447,4448,282722,36,4,4,9,,4226,7,2,1,0.8,38,20,268,16,27,6,11,28,0,31,0.18,0.09,0.07,12,3,0,6,2,23,36,0.8,1.5
4448,4449,282722,76,5,2,14,,4227,8,1,1,0.6,34,24,276,20,26,2,4,12,0,13,0.12,0.12,0.08,8,2,0,4,1,23,35,0.6,2.12
4449,4450,282810,5,2,5,17,257,4228,6,1,3,1.2,21,28,191,10,12,3,1,6,0,10,0.16,0.48,0.18,3,4,0,2,2,18,28,1.2,3.34
4450,4451,282810,5,2,5,17,258,4228,6,1,3,1.2,21,28,191,10,12,3,1,6,0,10,0.16,0.48,0.18,3,4,0,2,2,18,28,1.2,3.34
4451,4452,282810,5,3,4,21,725,4229,7,2,1,2.7,16,32,236,15,9,6,1,9,0,31,0.23,0.12,0.31,6,3,0,3,2,26,33,2.7,2.68
4452,4453,282810,5,4,4,20,,4230,8,1,1,1.5,19,25,205,15,8,2,2,10,0,12,0.16,0.16,0.24,3,2,0,0,1,20,38,1.5,4.39
4453,4454,282810,15,5,4,6,1250,4231,9,3,5,2.7,66,93,564,23,39,6,9,29,0,66,0.13,0.21,0.12,22,8,0,6,4,77,68,2.7,2.27
4454,4455,282810,15,5,4,6,1251,4231,9,3,5,2.7,66,93,564,23,39,6,9,29,0,66,0.13,0.21,0.12,22,8,0,6,4,77,68,2.7,2.27
4455,4456,282810,15,6,8,9,1816,4232,10,1,1,1.2,18,34,201,10,13,5,8,14,0,18,0.12,0.12,0.14,7,2,0,4,3,20,29,1.2,2.8
4456,4457,282810,97,7,4,23,2444,4233,11,0,0,1.5,16,23,168,13,22,6,14,12,0,31,0.0,0.0,0.12,15,0,0,10,1,26,33,1.5,2.17
4457,4458,283001,59,2,3,48,,4234,7,1,0,1.0,4,5,36,5,4,5,4,2,0,4,0.24,0.0,0.23,1,1,0,12,0,4,9,1.0,0.94
4458,4459,283001,59,4,4,74,,4235,9,1,0,0.6,5,10,30,2,5,1,4,8,0,4,0.37,0.0,0.22,3,1,0,8,0,7,5,0.6,2.61
4459,4460,283127,46,4,1,30,,4236,15,1,1,0.7,22,16,461,5,22,22,28,12,0,23,0.08,0.08,0.06,15,2,0,7,0,10,14,0.7,0.84
4460,4461,283127,132,6,7,74,,4237,17,0,0,0.4,16,7,176,7,8,6,10,5,0,9,0.0,0.0,0.09,2,0,0,3,0,5,12,0.4,1.83
4461,4462,283141,112,3,2,68,,4238,7,1,0,0.2,5,6,50,1,8,3,1,6,0,1,0.38,0.0,0.08,1,1,0,4,0,2,1,0.2,1.51
4462,4463,283528,38,1,5,25,,4239,7,4,4,5.9,45,75,493,22,65,29,34,28,0,43,0.17,0.17,0.24,15,8,0,92,1,49,73,5.9,2.36
4463,4464,283528,38,3,3,38,,4240,9,3,1,2.5,18,25,118,8,16,13,6,14,0,17,0.36,0.12,0.3,6,4,0,22,0,17,15,2.5,2.03
4464,4465,283528,38,4,5,9,,4241,10,4,4,3.8,29,28,195,15,17,4,13,18,0,10,0.3,0.3,0.29,2,8,0,31,0,19,37,3.0,2.32
4465,4466,283528,42,5,8,23,,4242,11,0,0,0.2,1,2,34,2,6,0,3,4,0,4,0.0,0.0,0.09,3,0,0,4,0,1,2,0.2,1.18
4466,4467,283871,30,5,3,58,,4243,8,1,0,2.5,5,8,39,4,2,0,2,4,0,4,0.23,0.0,0.57,1,1,0,24,0,4,6,2.5,3.87
4467,4468,283994,14,1,3,59,140,4244,9,9,1,5.7,25,11,339,13,17,5,9,5,0,9,0.53,0.06,0.34,4,10,0,104,1,13,35,5.7,2.7
4468,4469,283994,14,2,3,23,,4245,10,8,4,7.2,30,21,354,16,15,2,20,11,0,13,0.35,0.17,0.31,2,12,0,114,4,15,42,6.4,2.14
4469,4470,283994,14,3,3,57,,4246,11,16,4,15.7,61,33,620,36,30,11,54,14,0,31,0.49,0.12,0.48,7,20,0,166,0,25,77,11.8,2.0
4470,4471,283994,14,4,3,20,,4247,12,12,8,10.6,69,21,653,46,36,8,31,28,1,40,0.39,0.26,0.35,7,20,1,127,5,22,84,8.3,1.84
4471,4472,283994,14,5,3,37,1414,4248,13,1,0,3.3,13,2,178,10,5,2,7,3,0,9,0.12,0.0,0.38,3,1,0,50,3,7,22,2.5,2.57
4472,4473,283994,62,6,3,21,,4249,14,2,0,5.3,21,5,318,16,3,4,11,6,0,11,0.13,0.0,0.35,2,2,0,78,2,6,37,3.7,1.79
4473,4474,283994,61,7,3,14,2492,4250,15,4,1,3.0,14,1,195,15,11,3,8,5,0,12,0.37,0.09,0.28,4,5,0,56,0,6,21,2.2,1.3
4474,4475,283994,61,7,3,14,2493,4250,15,4,1,3.0,14,1,195,15,11,3,8,5,0,12,0.37,0.09,0.28,4,5,0,56,0,6,21,2.2,1.3
4475,4476,284248,44,5,1,33,,4251,9,1,0,0.1,41,6,507,1,24,19,44,11,1,35,0.08,0.0,0.01,17,1,1,19,1,4,11,0.1,0.15
4476,4477,284595,42,3,1,30,726,4252,10,1,3,0.3,157,105,1564,29,42,32,76,22,1,39,0.03,0.08,0.01,23,4,1,41,0,72,56,0.3,0.22
4477,4478,284595,42,4,1,14,,4253,11,1,1,0.4,90,60,1050,17,36,29,68,19,0,29,0.04,0.04,0.01,17,2,1,33,1,30,49,0.4,0.26
4478,4479,284595,42,5,1,33,,4254,12,2,5,1.0,119,84,1283,43,17,17,61,23,0,20,0.06,0.15,0.03,9,7,1,38,0,43,77,1.0,0.32
4479,4480,284595,23,6,1,3,2083,4255,13,1,1,0.5,96,62,919,27,26,17,89,21,0,25,0.04,0.04,0.02,16,2,0,34,1,34,56,0.5,0.37
4480,4481,284727,95,1,3,9,,4256,9,9,2,8.5,76,63,418,31,20,7,53,34,0,24,0.28,0.06,0.27,1,11,0,198,2,36,80,6.9,2.45
4481,4482,284727,53,2,3,21,,4257,10,1,3,4.5,28,32,186,18,12,7,22,11,1,24,0.05,0.15,0.22,3,4,0,127,0,14,44,4.5,2.34
4482,4483,284727,77,3,3,6,,4258,11,5,2,5.7,31,20,211,10,15,1,10,18,0,17,0.29,0.12,0.33,3,7,1,86,0,16,28,5.5,2.74
4483,4484,284732,12,1,1,25,,4259,8,1,0,1.2,92,61,979,9,69,41,98,24,0,58,0.04,0.0,0.05,40,1,0,51,1,41,35,1.2,0.71
4484,4485,284732,65,2,1,20,368,4260,9,5,3,4.4,70,31,732,12,33,38,49,24,1,31,0.31,0.19,0.27,18,8,0,43,2,24,27,2.8,1.31
4485,4486,284732,65,3,1,78,,4261,10,4,0,2.3,83,27,997,10,43,47,66,39,0,42,0.2,0.0,0.12,26,4,0,41,0,15,24,1.6,1.04
4486,4487,284732,65,4,1,42,,4262,11,4,1,3.7,72,26,1046,13,42,39,77,33,0,44,0.18,0.04,0.17,27,5,1,53,2,17,31,2.1,1.25
4487,4488,284732,65,5,1,45,,4263,12,6,1,5.3,101,40,1192,15,34,36,98,44,1,39,0.22,0.04,0.19,26,7,1,68,10,24,37,3.7,1.41
4488,4489,284732,63,7,1,21,,4264,14,1,4,0.4,48,14,500,11,24,13,31,26,0,22,0.1,0.41,0.04,14,5,1,14,2,15,19,0.4,0.92
4489,4490,284737,126,1,5,83,,4265,5,1,0,1.0,4,4,56,2,3,0,2,5,0,4,0.24,0.0,0.25,0,1,0,12,1,3,6,1.0,1.46
4490,4491,284854,24,1,2,41,,4266,5,2,0,1.3,65,18,536,9,7,2,0,4,0,8,0.28,0.0,0.18,2,2,0,5,3,25,27,1.3,1.98
4491,4492,284854,24,2,2,26,284,4267,6,0,0,0.1,16,4,141,0,2,0,0,1,0,4,0.0,0.0,0.04,1,0,0,1,0,3,1,0.1,0.52
4492,4493,284854,24,2,2,26,285,4267,6,0,0,0.1,16,4,141,0,2,0,0,1,0,4,0.0,0.0,0.04,1,0,0,1,0,3,1,0.1,0.52
4493,4494,284854,97,4,2,16,854,4268,8,1,2,1.8,81,33,683,20,27,15,16,21,1,48,0.04,0.08,0.07,9,3,0,13,2,27,64,1.8,1.78
4494,4495,284854,97,5,4,21,,4269,9,2,2,2.3,87,24,607,15,18,4,18,19,1,34,0.08,0.08,0.1,5,4,0,15,3,23,44,2.3,1.4
4495,4496,284854,97,6,2,21,,4270,10,1,1,1.2,23,12,308,18,24,4,13,14,0,24,0.09,0.09,0.11,10,2,0,11,1,14,36,1.2,1.41
4496,4497,284854,97,7,4,23,2715,4271,11,0,0,0.8,8,2,65,1,6,0,2,7,0,8,0.0,0.0,0.23,4,0,0,8,0,2,3,0.8,1.16
4497,4498,285323,66,1,2,23,,4272,8,1,0,1.4,140,37,1209,13,118,57,57,41,0,106,0.03,0.0,0.04,51,1,2,37,1,31,48,1.4,0.67
4498,4499,285323,66,2,2,6,,4273,9,1,1,1.6,165,36,1079,13,91,43,36,27,0,79,0.04,0.04,0.06,35,2,0,53,2,22,53,1.6,1.26
4499,4500,285323,66,3,2,25,727,4274,10,0,0,0.1,14,4,132,4,9,7,8,4,0,7,0.0,0.0,0.04,2,0,0,6,0,3,7,0.1,1.33
4500,4501,285323,12,5,2,24,,4275,12,2,0,1.1,141,17,1119,12,41,21,23,21,0,41,0.1,0.0,0.06,21,2,0,60,1,37,37,1.1,0.94
4501,4502,285323,12,6,2,16,,4276,13,0,1,1.9,134,13,1055,13,52,34,33,15,0,46,0.0,0.05,0.09,29,1,1,38,2,28,48,1.9,1.31
4502,4503,285323,12,7,2,41,2594,4277,14,0,1,0.1,28,3,254,4,11,12,7,10,0,11,0.0,0.19,0.02,6,1,0,13,1,5,10,0.1,0.75
4503,4504,285845,41,1,1,9,,4278,5,1,1,0.9,60,32,453,6,33,19,15,22,1,28,0.09,0.09,0.08,14,2,2,6,0,21,19,0.9,0.46
4504,4505,285845,41,2,1,5,,4279,6,0,2,0.4,61,38,841,11,41,28,38,12,1,43,0.0,0.13,0.03,22,2,0,17,2,23,21,0.4,0.26
4505,4506,285845,41,3,8,109,728,4280,7,0,0,0.1,24,12,226,2,11,14,7,12,0,12,0.0,0.0,0.01,8,0,1,3,0,10,11,0.1,0.37
4506,4507,285845,37,5,7,41,1558,4281,9,0,0,0.0,57,15,565,10,45,22,45,28,0,44,0.0,0.0,0.0,28,0,1,15,2,13,24,0.0,0.06
4507,4508,285845,37,5,7,41,1559,4281,9,0,0,0.0,57,15,565,10,45,22,45,28,0,44,0.0,0.0,0.0,28,0,1,15,2,13,24,0.0,0.06
4508,4509,285845,34,6,7,20,2139,4282,10,1,4,3.0,76,26,663,18,34,17,29,16,1,37,0.06,0.25,0.19,19,5,1,18,1,25,33,2.2,1.07
4509,4510,285845,34,7,7,25,,4283,12,1,2,1.0,49,15,461,13,36,15,26,17,0,35,0.09,0.18,0.09,24,3,4,5,2,13,21,1.0,1.05
4510,4511,285951,81,4,1,86,,4284,8,0,0,0.2,11,3,219,0,17,10,28,14,0,10,0.0,0.0,0.03,6,0,0,8,0,3,1,0.2,0.58
4511,4512,286297,5,1,2,64,,4285,7,2,3,4.2,93,41,727,59,39,12,21,20,0,30,0.1,0.15,0.21,10,5,0,19,8,34,98,4.2,2.17
4512,4513,286297,5,2,2,22,,4286,8,1,9,4.4,165,95,913,65,30,15,18,28,1,33,0.04,0.39,0.19,12,10,0,15,10,83,139,4.4,2.49
4513,4514,286297,5,3,2,50,,4287,9,7,6,5.6,147,87,1089,61,40,42,23,37,0,60,0.24,0.21,0.2,21,13,1,21,10,62,127,4.8,2.39
4514,4515,286297,5,4,2,7,,4288,10,9,3,8.9,136,76,776,68,35,27,20,29,1,60,0.35,0.12,0.35,16,12,0,17,6,51,139,6.4,3.5
4515,4516,286297,5,5,2,65,,4289,11,4,5,8.0,106,58,816,70,52,26,22,27,0,48,0.14,0.18,0.28,22,9,0,12,12,39,132,5.7,2.19
4516,4517,286297,5,6,2,22,,4290,12,8,3,4.8,94,43,665,36,35,20,22,28,0,51,0.39,0.15,0.23,17,11,0,12,9,36,69,4.0,2.23
4517,4518,286297,5,7,2,26,,4291,13,0,1,1.9,29,11,276,18,11,0,10,2,0,8,0.0,0.1,0.19,3,1,0,7,2,12,35,1.9,2.22
4518,4519,286384,60,1,1,22,,4292,9,0,0,0.2,13,3,264,0,15,13,39,9,1,10,0.0,0.0,0.03,8,0,1,13,0,1,2,0.2,0.42
4519,4520,286596,137,6,1,71,,4293,11,0,0,0.4,115,56,953,21,45,13,43,42,0,33,0.0,0.0,0.02,21,0,0,21,0,32,47,0.4,0.61
4520,4521,286779,30,2,1,25,,4294,7,1,0,0.8,27,4,338,2,6,14,30,13,1,2,0.15,0.0,0.11,1,1,0,10,0,1,6,0.8,0.44
4521,4522,286779,17,6,1,74,2017,4295,11,0,0,0.2,15,2,166,0,8,8,33,5,0,7,0.0,0.0,0.02,4,0,0,8,0,2,2,0.2,0.53
4522,4523,286779,17,6,1,74,2018,4295,11,0,0,0.2,15,2,166,0,8,8,33,5,0,7,0.0,0.0,0.02,4,0,0,8,0,2,2,0.2,0.53
4523,4524,286949,85,2,1,25,,4296,10,1,0,0.9,73,18,574,11,38,28,66,26,0,37,0.05,0.0,0.05,14,1,0,67,1,15,24,0.9,0.74
4524,4525,286949,38,5,1,23,1655,4297,13,2,0,0.1,24,4,332,2,10,10,28,11,0,15,0.23,0.0,0.01,6,2,1,26,1,3,5,0.1,0.23
4525,4526,286949,16,7,1,17,2637,4298,15,1,2,0.2,61,13,795,3,25,18,58,21,0,33,0.06,0.13,0.01,18,3,2,49,1,8,15,0.2,0.19
4526,4527,287188,30,4,4,23,1107,4299,8,3,1,1.8,97,60,495,28,33,15,11,19,0,49,0.14,0.05,0.08,13,4,0,12,1,36,76,1.8,1.33
4527,4528,287188,30,5,4,32,,4300,9,5,1,3.3,65,37,445,27,25,8,8,20,0,40,0.26,0.05,0.18,13,6,1,9,2,32,56,2.6,1.79
4528,4529,287188,30,6,4,41,,4301,10,0,2,1.9,84,41,670,28,43,18,11,22,0,43,0.0,0.09,0.08,20,2,0,8,5,47,61,1.9,1.67
4529,4530,287367,11,3,1,83,,4302,9,0,0,0.1,69,30,922,10,19,22,25,13,1,25,0.0,0.0,0.01,7,0,0,30,1,19,22,0.1,0.23
4530,4531,287635,35,2,2,52,,4303,6,0,0,0.0,6,4,38,1,1,0,2,0,0,3,0.0,0.0,0.02,0,0,0,1,0,1,3,0.0,0.75
4531,4532,287717,106,2,2,59,,4304,7,0,0,1.5,27,20,163,7,9,5,5,7,0,13,0.0,0.0,0.24,3,0,0,3,1,15,15,1.5,1.46
4532,4533,287875,28,4,2,156,,4305,10,0,0,0.2,23,3,260,6,21,11,12,14,0,27,0.0,0.0,0.03,13,0,0,9,0,3,15,0.2,0.41
4533,4534,287876,40,1,5,3,,4306,7,2,2,4.3,5,13,112,7,5,6,5,8,0,6,0.17,0.17,0.35,2,4,0,17,0,5,22,4.3,2.15
4534,4535,287876,42,3,3,77,,4307,9,0,0,0.7,3,5,45,1,3,3,5,5,0,3,0.0,0.0,0.18,0,0,0,11,0,3,2,0.7,2.9
4535,4536,287920,137,6,9,74,2197,4308,11,8,0,3.6,80,61,622,31,26,6,20,25,0,28,0.3,0.0,0.13,10,8,0,11,1,35,73,3.6,2.58
4536,4537,287920,137,6,9,74,2198,4308,11,8,0,3.6,80,61,622,31,26,6,20,25,0,28,0.3,0.0,0.13,10,8,0,11,1,35,73,3.6,2.58
4537,4538,287920,44,7,5,23,,4309,13,0,1,1.1,9,12,93,7,3,2,5,3,0,6,0.0,0.18,0.21,3,1,0,3,0,5,15,1.1,2.56
4538,4539,288225,127,1,4,9,,4310,5,1,6,3.3,140,58,708,22,62,26,14,44,0,43,0.04,0.23,0.13,20,7,0,42,5,61,56,2.5,1.56
4539,4540,288225,71,2,5,9,369,4311,6,5,1,4.0,92,53,527,24,26,14,11,17,0,26,0.24,0.05,0.2,5,6,0,17,2,61,64,4.0,2.24
4540,4541,288225,71,3,4,41,,4312,7,10,4,8.1,132,73,764,29,58,21,19,33,0,54,0.32,0.13,0.26,23,14,0,15,5,59,84,8.1,2.29
4541,4542,288225,71,4,4,47,,4313,8,10,5,11.7,157,69,833,41,33,31,6,33,0,44,0.3,0.15,0.36,15,15,1,17,3,65,107,7.8,2.58
4542,4543,288225,71,5,4,37,,4314,9,7,5,9.3,147,122,933,47,47,19,8,26,0,49,0.22,0.16,0.3,17,12,0,18,3,69,122,6.4,3.04
4543,4544,288225,12,6,5,10,1862,4315,10,4,1,4.7,59,46,395,20,30,6,9,13,0,28,0.23,0.06,0.27,12,5,0,5,1,37,45,3.1,2.42
4544,4545,288225,12,7,4,10,,4316,11,4,5,3.1,59,43,392,27,18,4,3,11,0,23,0.3,0.37,0.23,12,9,0,8,4,26,59,3.1,2.45
4545,4546,288230,24,1,5,15,,4317,6,8,5,3.8,80,113,764,45,23,5,4,13,0,18,0.43,0.27,0.2,6,13,0,8,9,109,80,3.8,2.11
4546,4547,288230,24,2,3,4,,4318,7,1,0,1.3,19,24,192,7,2,0,0,4,1,5,0.25,0.0,0.34,2,1,1,1,1,16,14,1.3,1.26
4547,4548,288230,24,3,3,31,,4319,8,6,3,5.6,87,140,832,39,14,9,3,10,0,17,0.3,0.15,0.28,6,9,1,9,3,100,82,5.6,2.79
4548,4549,288230,24,4,3,8,,4320,9,1,13,2.6,70,128,601,45,24,8,3,8,0,23,0.06,0.83,0.17,7,14,0,4,11,86,88,2.6,2.94
4549,4550,288230,24,5,3,43,,4321,10,5,7,3.9,74,124,642,41,19,0,2,10,0,15,0.32,0.45,0.25,4,12,0,4,13,75,86,3.9,3.13
4550,4551,288230,90,6,4,55,2019,4322,11,3,8,4.4,133,160,792,59,19,5,4,11,0,13,0.18,0.48,0.26,6,11,1,3,11,105,118,4.4,2.57
4551,4552,288230,90,7,3,55,,4323,12,8,4,5.6,75,75,493,40,5,7,0,1,0,6,0.8,0.4,0.56,2,12,1,3,7,50,66,5.6,4.3
4552,4553,288255,60,3,4,133,729,4324,8,1,1,0.4,16,7,237,3,15,6,7,10,0,15,0.17,0.17,0.06,7,2,0,2,0,6,12,0.4,0.34
4553,4554,288255,60,4,2,22,1046,4325,9,1,0,0.5,4,0,26,3,6,2,1,5,0,2,1.2,0.0,0.57,1,1,0,1,1,1,6,0.5,2.4
4554,4555,288255,129,7,2,25,2494,4326,12,2,2,1.2,21,10,241,10,20,4,7,13,0,16,0.21,0.21,0.12,9,4,0,4,2,10,16,1.2,1.24
4555,4556,288340,59,6,3,134,2294,4327,11,8,4,8.2,51,19,332,29,23,6,35,17,0,15,0.3,0.15,0.31,6,12,0,105,4,15,55,8.2,1.96
4556,4557,288340,59,7,3,9,,4328,12,5,1,3.5,19,4,162,15,10,3,14,5,0,8,0.46,0.09,0.32,5,6,0,42,1,6,26,2.7,2.19
4557,4558,289061,114,2,2,9,,4329,7,0,1,2.4,58,14,698,30,27,18,15,10,0,34,0.0,0.05,0.12,14,1,0,17,0,9,58,2.4,1.23
4558,4559,289167,36,6,2,28,,4330,10,0,1,0.1,21,15,128,5,13,2,6,4,0,17,0.0,0.16,0.02,9,1,0,14,1,10,19,0.1,0.63
4559,4560,289182,104,2,4,56,,4331,10,1,2,3.8,68,114,593,42,25,15,14,29,0,33,0.04,0.07,0.14,9,3,0,22,1,59,95,3.8,1.68
4560,4561,289182,33,4,5,13,942,4332,12,1,1,2.0,22,35,153,6,21,1,8,12,0,26,0.08,0.08,0.18,6,2,0,11,3,16,26,2.0,2.31
4561,4562,289182,33,5,5,13,,4333,13,3,6,2.2,36,67,432,33,23,5,16,17,0,29,0.14,0.27,0.1,10,9,0,16,2,49,79,2.2,1.32
4562,4563,289182,33,6,5,40,,4334,14,2,2,2.2,28,50,274,24,21,2,11,13,0,22,0.15,0.15,0.16,12,4,1,11,1,22,48,2.2,2.15
4563,4564,289236,96,1,3,23,,4335,8,1,0,2.7,6,4,84,4,5,5,4,8,0,3,0.15,0.0,0.41,0,1,0,52,0,2,8,2.7,3.02
4564,4565,289236,96,3,3,62,,4336,10,0,1,0.9,3,5,56,6,5,2,4,3,0,3,0.0,0.24,0.23,0,1,0,23,0,5,12,0.9,2.92
4565,4566,289255,96,2,1,17,,4337,7,0,0,0.0,29,22,336,5,14,13,21,13,0,20,0.0,0.0,0.0,10,0,0,8,0,15,14,0.0,0.13
4566,4567,289255,96,3,1,82,,4338,8,0,1,0.7,107,55,1143,23,76,23,42,25,0,64,0.0,0.04,0.03,27,1,0,21,1,50,56,0.7,0.34
4567,4568,289255,96,5,1,41,,4339,10,0,0,0.6,68,42,888,13,41,17,23,21,0,43,0.0,0.0,0.03,26,0,0,19,0,30,30,0.6,0.74
4568,4569,289255,95,6,1,21,2020,4340,11,1,0,0.7,117,58,1059,15,62,28,69,24,0,75,0.03,0.0,0.02,38,1,0,25,0,37,59,0.7,0.47
4569,4570,289255,98,7,1,9,2716,4341,13,0,1,0.3,14,6,213,2,10,3,18,6,0,13,0.0,0.2,0.07,6,1,0,3,0,3,7,0.3,0.41
4570,4571,289257,96,3,2,107,,4342,10,0,1,0.6,31,20,289,4,19,10,9,8,0,22,0.0,0.11,0.07,8,1,0,13,2,17,12,0.6,0.87
4571,4572,289257,96,4,2,40,,4343,11,1,0,0.9,8,3,57,1,5,3,4,3,0,4,0.44,0.0,0.39,1,1,0,1,0,2,5,0.9,0.87
4572,4573,289257,95,6,2,82,,4344,13,3,4,4.0,117,30,643,32,42,22,22,23,0,45,0.1,0.13,0.13,12,7,0,45,2,25,69,4.0,1.21
4573,4574,289257,95,7,2,14,,4345,14,2,0,1.5,45,14,287,10,16,8,6,11,0,23,0.17,0.0,0.13,7,2,0,14,1,16,26,0.7,0.87
4574,4575,289286,96,1,4,44,,4346,8,1,3,1.5,36,20,275,11,19,5,5,9,0,22,0.09,0.27,0.14,5,4,0,9,3,20,25,1.5,0.99
4575,4576,289286,96,2,2,14,,4347,9,0,1,0.5,27,13,144,8,1,1,0,3,0,8,0.0,0.24,0.12,1,1,0,9,1,12,13,0.5,1.45
4576,4577,289432,35,7,1,3,,4348,13,0,0,0.5,26,8,575,1,15,29,72,16,0,13,0.0,0.0,0.04,7,0,3,26,0,1,5,0.5,0.37
4577,4578,289446,22,2,1,26,,4349,9,2,1,3.4,83,11,1141,7,39,28,102,20,0,24,0.08,0.04,0.13,18,3,1,113,1,8,17,3.4,1.14
4578,4579,289446,22,3,1,11,,4350,10,2,0,1.6,48,9,1134,1,21,24,110,30,0,12,0.09,0.0,0.07,8,2,1,65,0,5,6,1.6,0.79
4579,4580,289446,22,5,1,11,,4351,12,2,0,1.5,13,1,286,1,15,6,28,7,0,11,0.3,0.0,0.22,9,2,0,19,0,4,8,1.5,1.21
4580,4581,289446,23,7,1,23,,4352,15,0,0,1.5,40,8,643,3,28,13,68,30,1,26,0.0,0.0,0.11,20,0,2,59,0,4,14,1.5,1.4
4581,4582,289592,32,3,2,39,,4353,7,1,3,1.2,116,43,847,19,27,26,30,27,0,28,0.04,0.13,0.05,17,4,0,10,1,44,59,1.2,1.11
4582,4583,289592,32,4,2,42,,4354,8,1,3,2.1,71,34,655,29,17,12,19,11,0,22,0.05,0.15,0.1,11,4,1,10,3,20,58,2.1,0.83
4583,4584,289592,131,5,2,16,1324,4355,9,1,1,0.6,43,14,411,3,28,23,15,21,0,29,0.06,0.06,0.03,12,2,0,11,1,6,13,0.6,0.52
4584,4585,289592,131,6,2,37,2140,4356,10,1,0,0.8,45,13,570,6,27,26,32,12,0,29,0.06,0.0,0.05,14,1,0,9,1,11,20,0.8,0.58
4585,4586,289592,131,6,2,37,2141,4356,10,1,0,0.8,45,13,570,6,27,26,32,12,0,29,0.06,0.0,0.05,14,1,0,9,1,11,20,0.8,0.58
4586,4587,289802,103,5,5,17,,4357,11,5,4,5.1,83,61,590,30,52,21,7,34,0,73,0.24,0.19,0.25,27,9,0,10,5,40,58,5.1,1.51
4587,4588,289835,111,5,2,33,1677,4358,10,3,3,3.1,61,19,412,16,34,16,37,34,0,37,0.15,0.15,0.15,10,6,0,52,2,17,31,3.1,0.92
4588,4589,289835,111,6,2,9,,4359,11,3,1,4.4,85,24,775,25,52,23,55,42,1,50,0.12,0.04,0.17,18,4,0,63,2,20,54,4.4,1.55
4589,4590,289835,111,7,2,32,,4360,13,7,1,3.3,40,12,296,6,15,11,19,18,0,16,0.74,0.11,0.35,8,8,1,11,0,11,25,3.3,1.59
4590,4591,290017,1,1,6,71,,4361,9,0,0,0.9,31,24,351,6,29,14,41,6,0,19,0.0,0.0,0.09,16,0,0,10,0,16,14,0.9,0.87
4591,4592,290017,1,2,6,71,,4362,10,2,0,1.9,81,85,891,12,58,58,58,17,0,35,0.11,0.0,0.1,24,2,0,26,0,55,32,1.9,1.63
4592,4593,290017,75,3,6,6,612,4363,11,2,1,1.4,142,111,1581,28,65,55,61,39,0,49,0.06,0.03,0.04,27,3,1,36,1,77,59,1.4,0.82
4593,4594,290017,85,4,1,20,1148,4364,12,1,0,0.2,55,32,637,10,53,69,67,20,1,43,0.06,0.0,0.01,27,1,0,30,3,14,18,0.2,0.28
4594,4595,290017,38,6,1,20,,4365,14,1,1,1.9,81,61,600,21,45,26,66,29,0,38,0.04,0.04,0.08,25,2,0,16,0,36,51,1.9,1.05
4595,4596,290017,38,7,1,52,,4366,15,1,2,0.2,21,21,275,14,15,9,15,9,1,10,0.14,0.27,0.03,4,3,0,5,0,16,23,0.2,0.55
4596,4597,290273,113,2,1,13,259,4367,8,0,0,0.2,71,27,563,17,30,28,38,17,0,23,0.0,0.0,0.01,14,0,0,19,0,32,36,0.2,0.37
4597,4598,290273,113,3,1,112,730,4368,9,0,0,0.0,10,2,76,3,1,3,6,1,0,3,0.0,0.0,0.03,1,0,0,1,0,1,4,0.0,1.64
4598,4599,290273,113,3,1,112,731,4368,9,0,0,0.0,10,2,76,3,1,3,6,1,0,3,0.0,0.0,0.03,1,0,0,1,0,1,4,0.0,1.64
4599,4600,290273,53,7,8,3,2741,4369,13,1,2,0.5,32,19,315,23,9,8,22,7,0,13,0.1,0.21,0.05,3,3,1,5,1,11,35,0.5,1.14
4600,4601,290532,64,3,5,47,561,4370,9,1,6,2.6,60,63,411,27,24,8,8,10,0,28,0.06,0.39,0.17,8,7,0,2,3,35,64,2.6,2.26
4601,4602,290532,64,3,5,47,562,4370,9,1,6,2.6,60,63,411,27,24,8,8,10,0,28,0.06,0.39,0.17,8,7,0,2,3,35,64,2.6,2.26
4602,4603,290532,64,4,5,42,,4371,10,8,6,4.8,73,73,632,32,28,9,8,17,0,38,0.33,0.25,0.2,15,14,0,10,5,42,75,4.8,2.62
4603,4604,290532,64,5,5,26,,4372,11,6,3,7.0,82,109,597,48,25,9,13,23,0,27,0.26,0.13,0.31,11,9,0,5,5,54,92,3.9,3.0
4604,4605,290532,64,6,5,26,2142,4373,12,0,1,1.8,28,28,193,11,8,5,7,8,0,15,0.0,0.15,0.27,4,1,0,1,5,17,26,1.0,2.61
4605,4606,290532,64,6,5,26,2143,4373,12,0,1,1.8,28,28,193,11,8,5,7,8,0,15,0.0,0.15,0.27,4,1,0,1,5,17,26,1.0,2.61
4606,4607,290561,127,1,3,28,,4374,9,3,0,3.0,7,5,84,7,5,1,6,3,0,8,0.35,0.0,0.35,3,3,0,21,0,7,14,3.0,2.58
4607,4608,290561,61,2,3,85,,4375,10,3,1,3.9,10,9,115,6,5,0,10,4,0,4,0.3,0.1,0.39,1,4,0,37,1,3,16,3.2,2.8
4608,4609,290587,82,1,2,20,,4376,8,3,2,1.2,175,38,1428,23,105,60,41,60,0,91,0.09,0.06,0.03,43,5,0,40,3,35,83,1.2,0.73
4609,4610,290587,30,2,2,5,370,4377,9,1,3,2.2,154,27,1184,20,74,67,33,47,0,77,0.03,0.1,0.07,29,4,0,47,2,22,62,2.2,0.84
4610,4611,290587,30,3,2,124,,4378,10,5,2,4.5,109,19,1316,17,83,82,38,49,0,65,0.16,0.06,0.15,33,7,2,42,1,19,49,4.5,0.55
4611,4612,290587,30,4,2,38,,4379,11,4,1,3.2,83,19,805,15,55,37,35,41,0,41,0.2,0.05,0.16,22,5,1,34,2,15,29,3.2,1.14
4612,4613,290587,30,5,2,47,,4380,12,7,1,5.3,155,50,1505,27,79,56,48,52,0,66,0.22,0.03,0.17,26,8,0,40,1,35,56,5.3,1.01
4613,4614,290587,7,6,2,47,2199,4381,13,2,2,2.3,110,10,1082,19,44,39,47,33,0,36,0.08,0.08,0.1,19,4,2,31,4,18,41,2.3,0.75
4614,4615,290593,102,1,4,48,,4382,8,3,5,3.8,89,149,716,37,30,16,11,29,0,45,0.11,0.18,0.14,20,8,0,18,1,75,101,3.8,1.27
4615,4616,290593,66,2,4,67,,4383,9,1,2,1.0,76,84,546,27,20,4,5,9,0,18,0.06,0.12,0.06,5,3,0,10,1,49,59,1.0,0.84
4616,4617,290593,66,3,5,80,,4384,10,1,1,1.1,63,52,497,23,17,9,3,10,0,23,0.07,0.07,0.08,7,2,0,13,1,42,56,1.1,1.65
4617,4618,290593,66,5,6,3,,4385,12,1,2,1.4,57,23,427,15,19,7,5,13,0,17,0.08,0.17,0.11,8,3,1,4,2,22,37,1.4,0.76
4618,4619,291417,34,1,1,25,,4386,8,2,1,0.9,163,111,1636,40,44,34,53,22,0,17,0.07,0.04,0.03,14,3,2,46,2,84,94,0.9,0.82
4619,4620,291417,19,2,1,43,341,4387,9,1,3,0.6,64,69,1060,20,32,22,30,19,1,18,0.05,0.15,0.03,14,4,1,26,0,42,45,0.6,0.35
4620,4621,291417,19,3,1,7,,4388,10,1,0,0.8,97,87,1302,18,26,26,32,16,0,24,0.04,0.0,0.03,12,1,1,10,0,61,47,0.8,0.49
4621,4622,291417,19,4,1,7,,4389,11,2,1,1.0,99,71,1226,19,24,18,27,8,0,14,0.1,0.05,0.05,8,3,3,11,1,48,60,1.0,0.62
4622,4623,291417,19,6,1,22,,4390,13,0,0,0.2,84,19,1201,11,15,13,26,12,0,14,0.0,0.0,0.01,11,0,1,6,0,21,31,0.2,0.26
4623,4624,292139,143,7,3,25,2516,4391,14,3,0,3.1,16,14,125,4,12,4,10,8,0,16,0.33,0.0,0.34,5,3,0,5,0,6,9,3.1,2.08
4624,4625,292417,57,1,5,16,,4392,7,4,1,4.5,53,73,518,17,25,9,15,19,0,16,0.18,0.05,0.2,6,5,0,11,8,38,55,4.5,2.13
4625,4626,292417,57,2,4,11,,4393,8,2,3,2.8,21,40,265,16,12,5,4,7,0,12,0.29,0.43,0.4,6,5,0,2,1,27,34,2.0,3.18
4626,4627,292417,22,4,4,20,,4394,10,5,4,4.0,59,93,555,41,30,15,21,30,0,22,0.19,0.15,0.15,10,9,1,4,3,59,88,4.0,2.5
4627,4628,292417,22,5,5,42,,4395,11,4,1,6.2,46,94,579,37,33,13,18,23,0,31,0.14,0.04,0.22,17,5,0,13,2,62,96,4.7,2.05
4628,4629,292534,141,7,1,33,,4396,12,1,0,0.4,40,8,575,16,18,22,46,20,0,14,0.07,0.0,0.03,10,1,3,8,0,4,32,0.4,0.75
4629,4630,292808,1,3,1,134,,4397,7,1,0,1.2,86,22,1380,2,35,68,144,40,2,39,0.03,0.0,0.04,20,1,1,57,0,10,10,1.2,0.34
4630,4631,292808,1,4,1,14,,4398,8,4,0,2.1,83,13,1254,3,40,53,169,47,0,33,0.11,0.0,0.06,25,4,2,38,1,13,23,2.1,0.59
4631,4632,292808,57,7,1,11,,4399,11,1,0,0.9,47,6,592,2,21,11,85,26,0,24,0.07,0.0,0.07,9,1,3,26,1,8,5,0.9,0.5
4632,4633,292818,31,1,5,6,93,4400,7,13,3,8.4,125,112,949,42,29,41,18,24,0,39,0.39,0.09,0.25,13,16,0,27,17,105,102,7.6,1.98
4633,4634,292818,31,2,5,45,,4401,8,1,4,5.6,80,86,662,36,12,16,8,19,0,29,0.05,0.19,0.26,7,5,2,8,7,63,87,3.3,2.09
4634,4635,292818,31,3,2,37,,4402,9,6,9,4.2,128,103,1305,64,45,24,15,24,0,84,0.18,0.27,0.13,24,15,0,15,4,95,121,4.2,1.81
4635,4636,292818,31,4,4,26,,4403,10,1,2,3.0,116,101,866,46,30,21,10,24,0,36,0.04,0.07,0.11,13,3,0,16,3,63,89,3.0,1.89
4636,4637,292818,31,5,3,11,,4404,11,6,7,8.2,146,111,1125,46,37,22,14,36,0,45,0.19,0.23,0.27,14,13,0,20,9,84,106,8.2,2.3
4637,4638,292818,15,6,4,11,2264,4405,12,3,2,3.0,80,107,590,38,14,18,12,20,0,17,0.14,0.09,0.14,2,5,0,7,8,48,79,3.0,1.86
4638,4639,292818,15,7,5,41,,4406,13,0,0,0.8,29,28,279,11,10,5,6,6,0,10,0.0,0.0,0.09,4,0,0,4,3,15,24,0.8,1.33
4639,4640,293194,32,1,7,60,119,4407,5,0,1,0.3,38,14,270,15,13,6,34,5,0,9,0.0,0.15,0.04,4,1,0,11,0,17,25,0.3,0.73
4640,4641,293194,32,3,6,134,,4408,7,0,9,0.6,88,88,894,57,14,31,74,23,0,25,0.0,0.4,0.03,8,9,0,19,0,60,85,0.6,0.62
4641,4642,293194,32,4,6,6,,4409,8,1,8,0.9,139,104,1294,61,22,26,61,30,0,26,0.04,0.29,0.03,12,9,0,20,3,75,117,0.9,0.9
4642,4643,293194,32,5,1,64,,4410,9,2,7,1.0,128,58,1076,67,27,19,37,20,0,32,0.09,0.32,0.05,21,9,0,15,1,54,109,1.0,0.69
4643,4644,293194,16,7,1,32,2585,4411,11,0,0,0.1,17,6,247,6,11,7,14,3,0,11,0.0,0.0,0.02,6,0,0,7,0,9,13,0.1,0.49
4644,4645,293194,16,7,1,32,2586,4411,11,0,0,0.1,17,6,247,6,11,7,14,3,0,11,0.0,0.0,0.02,6,0,0,7,0,9,13,0.1,0.49
4645,4646,293200,64,4,5,43,1100,4412,8,1,0,1.3,14,21,165,9,11,2,1,4,0,20,0.16,0.0,0.21,5,1,0,5,0,12,22,1.3,1.13
4646,4647,293200,16,5,4,26,1349,4413,9,5,6,4.3,106,85,775,63,32,10,14,25,0,34,0.16,0.2,0.14,15,11,0,25,2,59,115,4.3,1.75
4647,4648,293200,16,5,4,26,1350,4413,9,5,6,4.3,106,85,775,63,32,10,14,25,0,34,0.16,0.2,0.14,15,11,0,25,2,59,115,4.3,1.75
4648,4649,293200,16,6,4,45,2084,4414,10,3,2,2.4,150,67,806,35,28,11,16,26,0,30,0.1,0.07,0.08,4,5,0,25,5,49,95,2.4,1.59
4649,4650,293200,16,7,4,41,,4415,12,1,3,1.2,20,8,161,5,19,6,6,6,0,12,0.16,0.48,0.19,7,4,0,5,0,10,13,0.4,1.45
4650,4651,293210,16,3,4,67,,4416,8,1,1,0.8,15,8,180,7,1,3,1,5,0,7,0.19,0.19,0.16,1,2,0,1,0,5,18,0.8,1.52
4651,4652,293281,63,1,3,2,,4417,4,2,2,3.3,39,38,412,18,15,13,12,15,0,17,0.14,0.14,0.24,7,4,0,14,6,18,32,3.3,1.85
4652,4653,293281,8,4,5,157,,4418,7,4,0,2.8,27,31,207,15,2,5,5,14,0,5,0.44,0.0,0.31,0,4,2,9,2,17,26,2.8,2.0
4653,4654,293281,8,5,3,6,,4419,8,1,0,1.3,4,10,62,7,4,1,0,3,0,4,0.27,0.0,0.36,3,1,0,3,0,5,12,1.3,1.92
4654,4655,293281,56,6,4,23,2200,4420,9,6,0,5.0,38,61,378,25,9,7,23,16,0,21,0.43,0.0,0.36,7,6,0,12,1,20,46,4.2,3.1
4655,4656,293281,56,6,4,23,2201,4420,9,6,0,5.0,38,61,378,25,9,7,23,16,0,21,0.43,0.0,0.36,7,6,0,12,1,20,46,4.2,3.1
4656,4657,293281,8,7,5,20,2533,4421,11,2,2,2.3,16,16,121,8,4,1,2,5,0,8,0.45,0.45,0.52,3,4,0,5,2,13,19,2.3,3.15
4657,4658,293385,93,2,4,16,348,4422,6,3,1,1.8,46,15,262,9,20,4,6,7,0,13,0.36,0.12,0.21,1,4,0,14,4,11,27,1.8,2.53
4658,4659,293385,93,3,2,135,,4423,7,5,9,6.6,175,50,958,41,23,13,21,15,0,23,0.21,0.37,0.27,4,14,0,25,5,57,112,5.8,3.12
4659,4660,293385,93,4,4,93,,4424,8,3,3,1.9,53,15,273,12,14,4,1,5,0,18,0.36,0.36,0.23,5,6,0,3,6,16,32,1.9,2.66
4660,4661,293385,93,5,4,65,,4425,9,2,5,2.9,68,34,450,38,15,6,6,15,0,14,0.14,0.35,0.21,6,7,0,8,21,36,64,2.9,3.02
4661,4662,293385,93,6,2,7,,4426,10,4,5,3.3,68,60,511,32,26,13,12,7,0,22,0.25,0.31,0.21,10,9,1,11,9,49,61,3.3,2.8
4662,4663,293385,24,7,4,8,2567,4427,11,5,0,2.4,42,16,226,8,10,1,5,3,0,7,0.72,0.0,0.35,2,5,0,6,7,23,23,2.4,3.47
4663,4664,293569,56,3,2,25,,4428,9,0,1,1.9,83,22,927,18,45,69,39,33,0,44,0.0,0.03,0.06,15,1,0,63,1,33,59,1.9,1.09
4664,4665,293569,56,4,2,25,,4429,10,2,3,1.4,106,18,891,40,73,68,42,37,0,53,0.06,0.09,0.04,21,5,1,47,1,29,75,1.4,0.88
4665,4666,293569,56,6,2,16,,4430,12,4,2,1.9,90,19,850,34,61,34,40,33,1,37,0.16,0.08,0.08,27,6,1,34,4,14,70,1.9,1.12
4666,4667,293592,94,2,4,30,,4431,9,0,0,0.4,2,6,50,2,10,1,1,7,0,10,0.0,0.0,0.13,4,0,0,4,1,5,6,0.4,2.11
4667,4668,293944,26,2,2,13,227,4432,8,1,2,1.6,120,56,1044,12,84,34,39,39,0,64,0.04,0.08,0.06,24,3,2,37,2,49,47,1.6,1.15
4668,4669,293944,26,3,2,33,,4433,9,1,3,2.1,161,47,1158,26,81,49,36,37,0,85,0.03,0.1,0.07,42,4,0,39,2,31,74,2.1,0.87
4669,4670,293944,26,4,2,67,,4434,10,2,0,0.9,53,14,458,10,47,14,18,20,0,48,0.14,0.0,0.07,24,2,0,17,0,10,26,0.9,0.78
4670,4671,294057,57,1,4,41,116,4435,6,7,7,7.4,198,63,1244,99,48,12,10,20,1,58,0.22,0.22,0.24,14,14,1,11,22,75,190,5.9,2.58
4671,4672,294057,57,2,2,7,,4436,7,6,3,5.3,192,53,1288,78,59,9,7,16,0,68,0.21,0.1,0.18,23,9,1,7,19,58,170,5.3,2.54
4672,4673,294057,57,3,2,113,,4437,8,8,5,3.8,134,43,874,51,32,9,5,14,0,41,0.34,0.21,0.16,14,13,0,2,6,40,113,3.8,3.22
4673,4674,294057,57,4,4,55,,4438,9,12,8,7.5,136,53,796,48,40,11,12,18,0,46,0.44,0.29,0.28,14,20,0,5,14,43,106,7.5,2.64
4674,4675,294057,57,5,4,8,,4439,10,10,9,8.7,151,77,844,69,51,13,6,19,0,50,0.36,0.33,0.31,19,19,1,4,13,44,138,6.6,3.01
4675,4676,294057,88,6,2,55,2144,4440,11,4,9,6.4,224,58,1210,67,33,13,10,15,0,29,0.17,0.38,0.27,15,13,1,3,14,60,161,6.4,2.44
4676,4677,294057,88,7,2,31,,4441,13,8,4,4.6,90,26,596,26,18,10,15,8,0,21,0.67,0.33,0.38,8,12,0,5,8,28,61,4.6,2.33
4677,4678,294808,51,1,2,26,,4442,6,7,2,7.5,191,72,1484,43,42,27,53,35,0,38,0.21,0.06,0.22,18,9,2,38,7,62,112,5.2,1.46
4678,4679,294808,51,2,2,95,,4443,7,4,1,4.6,173,52,1520,30,54,34,32,34,0,52,0.12,0.03,0.14,16,5,2,17,3,48,74,3.0,1.18
4679,4680,294808,51,3,2,11,,4444,8,13,4,14.0,171,64,1781,31,53,46,51,47,0,38,0.36,0.11,0.39,20,17,0,56,0,51,85,3.8,1.0
4680,4681,294808,51,4,2,8,,4445,9,6,0,4.4,130,36,1174,28,41,23,22,39,0,26,0.23,0.0,0.17,17,6,0,30,2,33,67,2.0,1.21
4681,4682,294808,24,5,2,65,,4446,10,1,1,1.8,39,14,391,8,15,12,11,10,0,18,0.09,0.09,0.16,8,2,2,7,2,11,21,1.8,1.36
4682,4683,294817,90,2,1,41,350,4447,19,0,0,0.4,99,10,1434,0,28,26,54,18,0,16,0.0,0.0,0.02,13,0,0,30,1,14,18,0.4,0.34
4683,4684,294817,55,3,1,106,625,4448,20,2,0,1.7,82,6,1809,5,20,33,86,21,1,21,0.09,0.0,0.08,14,2,1,47,0,13,25,1.7,0.6
4684,4685,294817,55,4,1,33,,4449,21,3,0,0.9,145,14,2436,7,32,44,100,54,0,22,0.1,0.0,0.03,11,3,0,56,1,24,33,0.9,0.61
4685,4686,294817,55,5,1,28,,4450,22,0,2,1.5,104,8,1856,5,41,34,111,38,0,31,0.0,0.08,0.06,21,2,3,61,1,14,18,1.5,0.57
4686,4687,294817,55,6,1,3,,4451,23,3,1,0.8,102,2,2166,9,29,26,153,33,0,34,0.11,0.04,0.03,20,4,4,51,0,11,27,0.8,0.5
4687,4688,294873,31,1,2,21,,4452,6,0,1,0.7,71,7,488,8,32,23,23,14,0,33,0.0,0.09,0.06,13,1,0,14,1,8,20,0.5,0.18
4688,4689,295060,33,7,4,3,,4453,12,1,0,0.9,10,7,53,4,5,2,2,8,1,7,0.26,0.0,0.23,3,1,0,2,4,6,8,0.9,2.62
4689,4690,295065,95,4,2,29,,4454,8,0,1,1.3,43,19,408,23,23,20,18,18,0,43,0.0,0.06,0.08,13,1,0,10,4,14,32,1.3,0.78
4690,4691,295183,23,3,2,41,605,4455,9,3,6,1.4,159,45,1389,69,54,29,15,29,0,53,0.09,0.18,0.04,27,9,0,10,1,48,112,1.4,0.82
4691,4692,295183,23,3,2,41,606,4455,9,3,6,1.4,159,45,1389,69,54,29,15,29,0,53,0.09,0.18,0.04,27,9,0,10,1,48,112,1.4,0.82
4692,4693,295183,23,4,2,5,1075,4456,10,0,5,1.8,142,49,997,68,42,10,17,23,1,54,0.0,0.16,0.06,24,5,1,20,6,51,118,1.8,1.31
4693,4694,295183,40,5,2,5,1560,4457,11,2,4,1.4,118,35,1260,56,44,14,33,29,0,40,0.07,0.14,0.05,19,6,0,16,4,41,92,1.4,1.17
4694,4695,295183,40,6,2,20,2085,4458,12,0,3,1.1,72,21,671,33,40,6,30,16,0,29,0.0,0.15,0.05,19,3,2,12,8,17,68,1.1,1.73
4695,4696,295183,23,7,2,134,,4459,13,3,0,2.2,50,17,365,26,14,2,15,4,0,16,0.29,0.0,0.22,8,3,2,9,3,13,45,0.6,1.37
4696,4697,295313,62,2,5,3,318,4460,6,1,0,3.2,7,12,73,5,2,2,3,4,0,4,0.19,0.0,0.59,0,1,0,15,1,8,13,3.2,2.61
4697,4698,295313,62,2,5,3,319,4460,6,1,0,3.2,7,12,73,5,2,2,3,4,0,4,0.19,0.0,0.59,0,1,0,15,1,8,13,3.2,2.61
4698,4699,295313,44,3,3,108,732,4461,7,5,2,6.1,16,19,194,20,5,3,4,9,0,14,0.33,0.13,0.4,1,7,0,33,1,23,36,6.1,1.99
4699,4700,295313,44,3,3,108,733,4461,7,5,2,6.1,16,19,194,20,5,3,4,9,0,14,0.33,0.13,0.4,1,7,0,33,1,23,36,6.1,1.99
4700,4701,295313,44,4,3,52,972,4462,8,15,1,13.6,51,36,313,27,11,2,29,11,0,9,0.62,0.04,0.56,1,16,0,54,5,23,68,12.0,2.69
4701,4702,295313,131,5,3,11,1615,4463,9,10,1,6.6,12,18,143,10,17,4,20,18,0,12,0.64,0.06,0.42,6,11,0,20,2,13,25,6.6,2.24
4702,4703,295313,131,6,3,26,,4464,10,6,3,4.7,14,8,127,10,9,1,9,7,0,2,0.52,0.26,0.41,1,9,0,21,2,6,30,4.7,1.9
4703,4704,295313,131,7,3,49,,4465,12,0,0,0.4,3,3,28,1,3,0,3,1,0,2,0.0,0.0,0.19,2,0,0,6,1,4,4,0.4,1.76
4704,4705,295330,57,1,5,16,,4466,6,1,3,2.1,23,13,216,13,6,2,3,5,0,5,0.1,0.29,0.2,1,4,0,14,7,11,23,2.1,1.72
4705,4706,295330,57,2,3,5,,4467,7,5,3,6.0,29,22,216,15,3,3,8,8,0,9,0.47,0.28,0.56,1,8,0,3,3,15,37,6.0,3.38
4706,4707,295330,57,3,3,16,,4468,8,12,2,8.2,41,31,407,28,12,2,1,14,0,17,0.74,0.12,0.51,4,14,1,7,8,25,52,7.4,3.58
4707,4708,295330,57,4,3,16,,4469,9,4,5,3.6,37,28,276,17,10,4,10,19,0,14,0.28,0.36,0.26,3,9,0,16,10,18,38,3.6,2.21
4708,4709,295330,57,5,5,11,,4470,10,5,5,7.1,27,33,236,22,7,0,8,9,0,10,0.4,0.4,0.57,3,10,0,15,4,13,45,6.3,3.03
4709,4710,295331,85,1,5,14,,4471,7,1,1,3.5,39,35,253,20,15,2,11,6,0,5,0.09,0.09,0.3,2,2,0,31,2,32,41,3.5,2.48
4710,4711,295331,38,4,5,40,1017,4472,10,2,6,2.1,22,16,173,16,5,2,6,2,1,5,0.2,0.59,0.21,1,8,0,16,8,12,42,2.1,2.47
4711,4712,295331,38,5,3,23,,4473,11,1,6,3.3,53,37,372,31,8,4,18,13,0,8,0.05,0.3,0.17,3,7,0,38,9,26,81,3.3,1.74
4712,4713,295331,38,6,5,14,,4474,12,1,1,2.7,17,15,130,11,6,2,11,6,0,3,0.1,0.1,0.28,1,2,0,27,3,12,29,1.9,1.84
4713,4714,295622,53,4,2,17,,4475,8,1,1,0.3,67,20,761,8,27,15,26,20,0,31,0.06,0.06,0.02,11,2,1,13,2,19,20,0.3,0.24
4714,4715,295622,53,5,2,14,,4476,9,0,1,0.6,28,6,221,3,15,11,8,8,0,13,0.0,0.18,0.1,7,1,0,5,0,13,11,0.6,0.89
4715,4716,296359,127,1,1,3,,4477,6,3,0,1.7,74,9,764,5,47,39,136,37,0,22,0.11,0.0,0.06,16,3,2,98,1,8,7,1.7,0.45
4716,4717,296397,39,1,2,32,,4478,4,0,0,0.8,108,32,1030,19,31,28,35,32,0,25,0.0,0.0,0.04,6,0,0,20,0,27,37,0.8,0.87
4717,4718,296397,39,2,2,42,,4479,5,0,0,0.2,36,11,267,10,9,7,2,5,0,10,0.0,0.0,0.03,1,0,1,2,0,9,19,0.2,1.01
4718,4719,296397,59,4,2,9,973,4480,7,1,6,1.5,83,26,609,33,20,15,13,18,0,26,0.05,0.29,0.07,8,7,0,16,3,30,66,1.5,0.82
4719,4720,296397,59,4,2,9,974,4480,7,1,6,1.5,83,26,609,33,20,15,13,18,0,26,0.05,0.29,0.07,8,7,0,16,3,30,66,1.5,0.82
4720,4721,296397,59,5,2,67,1616,4481,8,5,1,1.6,66,32,421,21,31,15,22,21,0,18,0.23,0.05,0.07,10,6,0,12,6,15,42,1.6,1.29
4721,4722,296397,59,6,2,38,,4482,9,2,4,1.5,64,17,449,28,14,6,11,19,0,14,0.18,0.36,0.14,5,6,0,6,0,11,66,1.5,1.97
4722,4723,296397,59,7,2,9,,4483,10,0,0,1.0,20,8,215,17,6,1,6,9,0,8,0.0,0.0,0.19,4,0,1,3,1,8,28,1.0,2.35
4723,4724,296422,31,1,1,3,94,4484,6,0,1,0.4,65,36,572,7,47,27,42,25,0,32,0.0,0.06,0.02,21,1,2,29,0,31,18,0.4,0.23
4724,4725,296422,13,2,1,5,,4485,7,0,0,0.9,76,67,681,17,36,24,45,10,0,32,0.0,0.0,0.05,17,0,0,14,1,32,31,0.9,0.27
4725,4726,296422,13,3,1,38,,4486,8,0,3,0.1,24,30,349,8,21,6,11,7,0,13,0.0,0.41,0.02,6,3,1,12,0,17,15,0.1,0.27
4726,4727,296422,51,4,1,38,888,4487,9,0,0,0.3,20,17,230,4,18,3,5,6,0,9,0.0,0.0,0.06,4,0,0,5,0,10,13,0.3,0.4
4727,4728,296422,51,5,1,33,,4488,10,1,0,0.6,25,11,234,4,14,2,3,11,0,10,0.17,0.0,0.11,7,1,0,13,0,7,8,0.6,0.86
4728,4729,296879,30,5,3,17,1617,4489,9,6,1,5.0,31,20,200,17,12,8,17,13,0,14,0.34,0.06,0.28,4,7,0,67,0,7,34,5.0,1.97
4729,4730,296879,30,6,3,33,,4490,10,3,0,2.6,10,9,118,10,10,1,12,4,0,7,0.37,0.0,0.32,3,3,0,38,0,5,19,2.6,2.72
4730,4731,296986,45,3,4,14,,4491,6,1,2,1.8,53,33,334,16,15,9,12,17,0,22,0.07,0.13,0.12,5,3,0,19,3,34,39,1.8,1.75
4731,4732,296986,45,4,4,9,,4492,7,1,1,2.4,29,17,214,15,16,5,11,11,0,16,0.09,0.09,0.22,9,2,0,8,1,18,30,2.4,2.74
4732,4733,297070,12,1,1,14,,4493,11,0,2,2.0,168,97,1561,34,61,44,82,39,0,71,0.0,0.06,0.06,36,2,0,35,3,56,72,2.0,0.88
4733,4734,297070,12,2,1,6,,4494,12,0,5,1.4,116,85,1246,34,55,48,59,22,0,64,0.0,0.19,0.05,32,5,1,37,3,52,67,1.4,0.82
4734,4735,297070,12,3,1,106,,4495,13,1,1,1.2,204,72,2016,35,56,76,50,31,0,59,0.03,0.03,0.04,22,2,0,38,0,67,92,1.2,0.69
4735,4736,297070,12,4,1,20,,4496,14,3,10,1.5,177,65,1804,34,63,37,81,29,0,59,0.09,0.31,0.05,41,13,1,37,2,57,77,1.5,0.97
4736,4737,297070,12,5,1,41,,4497,15,1,4,1.9,159,55,1541,22,48,38,64,33,0,52,0.04,0.14,0.07,28,5,0,33,4,63,64,1.9,1.07
4737,4738,297070,96,6,1,41,2265,4498,16,0,2,0.5,129,49,1204,29,44,24,59,27,0,43,0.0,0.08,0.02,25,2,2,29,5,31,58,0.5,0.71
4738,4739,297212,12,5,1,20,1656,4499,9,1,0,0.9,49,5,945,1,11,9,54,16,1,10,0.06,0.0,0.06,4,1,1,44,0,3,3,0.9,0.44
4739,4740,297212,12,5,1,20,1657,4499,9,1,0,0.9,49,5,945,1,11,9,54,16,1,10,0.06,0.0,0.06,4,1,1,44,0,3,3,0.9,0.44
4740,4741,298091,57,5,1,9,1376,4500,8,0,1,1.4,29,6,448,3,15,12,45,16,0,18,0.0,0.09,0.13,7,1,0,38,1,2,8,1.4,0.73
4741,4742,298575,77,2,4,74,,4501,7,0,1,0.7,12,14,57,4,1,0,2,3,0,1,0.0,0.29,0.2,1,1,0,5,1,10,11,0.7,1.73
4742,4743,298575,77,3,4,30,,4502,8,2,3,2.6,55,46,341,16,10,16,8,10,0,24,0.13,0.19,0.16,5,5,0,21,1,29,37,2.6,1.38
4743,4744,298575,77,4,4,13,,4503,9,2,0,1.5,35,34,249,5,15,9,4,10,0,22,0.21,0.0,0.16,8,2,0,9,1,19,21,1.5,1.77
4744,4745,298575,77,5,5,23,,4504,10,1,6,1.2,35,61,316,28,15,4,3,7,0,24,0.07,0.41,0.08,8,7,0,8,2,28,49,1.2,1.17
4745,4746,298575,77,6,5,14,,4505,11,0,0,0.2,8,17,83,5,6,2,2,2,0,8,0.0,0.0,0.07,3,0,0,3,0,8,12,0.2,1.19
4746,4747,298583,20,5,1,40,,4506,9,1,0,0.5,54,6,815,3,35,29,76,23,1,33,0.05,0.0,0.03,17,1,1,44,0,9,12,0.5,0.54
4747,4748,298583,71,6,1,33,2021,4507,10,2,0,0.7,57,7,941,4,42,36,77,35,0,38,0.09,0.0,0.03,28,2,1,14,1,6,16,0.7,0.41
4748,4749,298583,71,6,1,33,2022,4507,10,2,0,0.7,57,7,941,4,42,36,77,35,0,38,0.09,0.0,0.03,28,2,1,14,1,6,16,0.7,0.41
4749,4750,298589,77,2,1,1,,4508,10,0,0,1.7,91,6,892,6,28,48,123,20,0,31,0.0,0.0,0.06,14,0,2,161,1,2,18,1.7,0.58
4750,4751,298589,77,3,1,112,,4509,11,1,0,1.1,124,4,988,5,26,59,171,36,0,24,0.03,0.0,0.03,13,1,0,159,0,1,10,1.1,0.37
4751,4752,298589,77,4,1,32,,4510,12,4,0,1.2,117,7,1169,9,28,52,168,27,0,22,0.12,0.0,0.03,12,4,0,134,0,5,29,1.2,0.9
4752,4753,298589,77,5,1,16,,4511,13,2,0,0.7,105,16,1152,5,34,45,151,28,1,22,0.07,0.0,0.02,19,2,0,84,1,8,19,0.7,0.5
4753,4754,298589,77,6,1,11,,4512,14,0,1,1.0,133,21,1109,5,29,18,115,40,0,26,0.0,0.04,0.04,16,1,2,93,3,12,18,1.0,0.58
4754,4755,298635,73,4,4,119,999,4513,8,1,1,1.2,62,27,418,28,30,22,8,21,1,23,0.07,0.07,0.08,7,2,0,18,3,29,68,1.2,1.87
4755,4756,298635,73,4,4,119,1000,4513,8,1,1,1.2,62,27,418,28,30,22,8,21,1,23,0.07,0.07,0.08,7,2,0,18,3,29,68,1.2,1.87
4756,4757,298635,73,5,8,17,1561,4514,9,2,1,1.9,57,27,460,13,39,8,8,20,0,40,0.14,0.07,0.13,16,3,0,23,1,19,36,1.9,2.1
4757,4758,298635,73,6,8,40,,4515,10,3,3,2.9,78,28,458,28,23,8,9,13,0,20,0.18,0.18,0.17,9,6,0,24,4,24,57,2.9,1.82
4758,4759,298635,69,7,4,40,2638,4516,11,1,1,0.4,21,6,119,4,12,5,3,12,0,11,0.17,0.17,0.07,5,2,0,8,1,5,11,0.4,1.35
4759,4760,298975,67,1,7,32,,4517,5,2,6,1.6,129,120,1355,40,35,32,89,25,0,34,0.06,0.18,0.05,21,8,0,18,1,69,74,1.6,0.51
4760,4761,298975,70,2,1,47,446,4518,6,0,2,1.5,104,98,956,35,34,26,52,16,0,38,0.0,0.07,0.05,21,2,0,14,1,63,70,1.5,0.82
4761,4762,298975,70,2,1,47,447,4518,6,0,2,1.5,104,98,956,35,34,26,52,16,0,38,0.0,0.07,0.05,21,2,0,14,1,63,70,1.5,0.82
4762,4763,298975,49,4,6,21,1149,4519,8,1,2,1.4,82,74,894,26,28,13,22,15,0,28,0.05,0.1,0.07,13,3,0,19,3,33,56,1.4,0.66
4763,4764,298975,76,5,1,20,1415,4520,9,1,0,0.2,19,21,240,6,13,7,16,3,0,13,0.14,0.0,0.03,8,1,0,8,0,18,19,0.2,0.14
4764,4765,298975,76,5,1,20,1416,4520,9,1,0,0.2,19,21,240,6,13,7,16,3,0,13,0.14,0.0,0.03,8,1,0,8,0,18,19,0.2,0.14
4765,4766,298975,122,6,1,28,1817,4521,10,2,1,1.3,65,30,556,13,30,19,41,12,0,35,0.12,0.06,0.08,17,3,1,14,2,20,32,1.3,0.53
4766,4767,298975,122,6,1,28,1818,4521,10,2,1,1.3,65,30,556,13,30,19,41,12,0,35,0.12,0.06,0.08,17,3,1,14,2,20,32,1.3,0.53
4767,4768,298975,49,7,1,40,,4522,12,1,1,0.5,7,5,141,3,8,0,5,4,1,9,0.25,0.25,0.12,3,2,0,2,0,1,6,0.5,1.01
4768,4769,298976,92,1,3,32,35,4523,6,3,2,4.7,38,31,318,20,9,5,5,10,0,16,0.17,0.11,0.26,5,5,0,21,2,17,41,4.7,1.33
4769,4770,298976,92,1,3,32,36,4523,6,3,2,4.7,38,31,318,20,9,5,5,10,0,16,0.17,0.11,0.26,5,5,0,21,2,17,41,4.7,1.33
4770,4771,298976,92,2,3,14,482,4524,7,8,2,10.1,52,38,445,24,12,4,6,11,0,13,0.34,0.08,0.42,2,10,0,33,2,20,65,10.1,1.98
4771,4772,298976,92,2,3,14,483,4524,7,8,2,10.1,52,38,445,24,12,4,6,11,0,13,0.34,0.08,0.42,2,10,0,33,2,20,65,10.1,1.98
4772,4773,298976,97,5,3,21,1284,4525,10,8,2,7.9,64,58,582,22,9,3,10,18,0,31,0.26,0.07,0.26,5,10,0,36,2,35,58,6.3,1.63
4773,4774,298976,97,6,3,21,,4526,11,15,1,11.9,67,27,422,20,9,4,16,7,0,22,0.63,0.04,0.5,5,16,0,48,0,29,54,8.7,1.8
4774,4775,300532,115,6,5,3,1922,4527,9,2,1,2.3,32,72,351,27,45,14,10,21,0,51,0.09,0.04,0.1,23,3,0,14,1,47,64,2.3,1.71
4775,4776,300532,115,6,5,3,1923,4527,9,2,1,2.3,32,72,351,27,45,14,10,21,0,51,0.09,0.04,0.1,23,3,0,14,1,47,64,2.3,1.71
4776,4777,300532,110,7,5,23,2639,4528,10,1,1,0.9,7,25,132,6,8,6,2,4,0,6,0.19,0.19,0.18,4,2,0,4,0,7,17,0.9,2.84
4777,4778,300716,41,2,7,84,221,4529,7,1,1,0.2,34,26,426,6,20,9,37,10,0,15,0.09,0.09,0.02,11,2,1,9,0,12,12,0.2,0.55
4778,4779,300716,41,3,1,11,,4530,8,1,3,0.5,95,82,1130,31,27,16,63,31,0,31,0.04,0.12,0.02,11,4,0,16,0,50,57,0.5,0.59
4779,4780,300716,41,4,1,43,,4531,9,1,3,0.6,105,62,900,20,18,15,54,23,0,11,0.05,0.14,0.03,10,4,0,12,0,32,44,0.6,0.7
4780,4781,300716,41,5,1,50,,4532,10,0,1,0.3,36,25,362,4,20,11,25,8,0,16,0.0,0.11,0.04,12,1,0,6,1,12,12,0.3,0.79
4781,4782,301236,122,1,2,33,,4533,6,2,2,0.6,48,30,260,11,20,6,15,8,1,23,0.16,0.16,0.05,9,4,1,7,1,23,26,0.6,1.12
4782,4783,301236,27,2,2,33,,4534,7,2,0,1.2,57,39,497,9,20,11,11,12,2,30,0.12,0.0,0.07,9,2,0,12,1,31,32,1.2,0.74
4783,4784,301236,27,3,6,112,,4535,8,0,0,0.0,11,3,68,1,7,3,1,0,0,7,0.0,0.0,0.01,4,0,0,3,0,5,5,0.0,0.4
4784,4785,302215,21,1,4,66,133,4536,8,2,1,2.0,103,68,889,9,37,12,16,29,0,42,0.13,0.06,0.13,14,3,1,8,7,78,41,2.0,1.75
4785,4786,302215,21,2,2,55,,4537,9,2,3,1.6,69,35,605,15,30,10,4,18,0,26,0.22,0.33,0.18,11,5,0,9,5,44,35,1.6,1.33
4786,4787,302215,21,3,2,136,,4538,10,0,0,0.4,33,18,315,6,11,9,6,10,0,17,0.0,0.0,0.07,7,0,0,4,1,13,21,0.4,1.56
4787,4788,302215,21,4,2,93,,4539,11,3,1,2.2,75,39,643,15,46,14,8,33,0,42,0.23,0.08,0.17,26,4,0,6,6,30,46,2.2,1.99
4788,4789,302371,95,7,3,9,2692,4540,12,3,0,1.5,4,4,61,7,5,0,7,5,0,1,0.54,0.0,0.27,0,3,0,37,2,3,16,1.5,4.51
4789,4790,303116,70,2,2,40,,4541,7,3,2,3.5,144,142,886,36,59,15,31,29,0,53,0.1,0.07,0.12,18,5,1,22,6,86,113,3.5,1.65
4790,4791,303116,70,3,2,11,,4542,8,5,3,3.0,108,74,573,18,33,34,14,25,1,42,0.19,0.12,0.11,11,8,0,13,0,54,61,3.0,1.23
4791,4792,303116,70,4,2,42,,4543,9,1,1,1.0,78,40,404,14,25,11,6,18,0,23,0.06,0.06,0.07,12,2,0,8,4,30,49,1.0,0.97
4792,4793,303116,70,5,2,5,,4544,10,2,1,1.2,14,12,188,8,10,8,5,5,0,9,0.25,0.13,0.15,2,3,0,4,1,13,18,1.2,2.26
4793,4794,303116,70,6,5,41,,4545,11,1,2,0.3,12,14,75,7,3,2,3,4,0,8,0.25,0.49,0.08,1,3,0,3,0,8,10,0.3,1.23
4794,4795,303254,55,2,1,25,,4546,6,1,0,0.4,50,14,1019,4,29,22,48,13,0,15,0.07,0.0,0.03,10,1,2,34,3,15,20,0.4,0.49
4795,4796,303254,51,4,1,11,1076,4547,8,0,0,1.1,82,14,1524,4,73,45,84,37,0,26,0.0,0.0,0.04,18,0,1,51,1,8,19,1.1,0.4
4796,4797,303254,51,5,1,8,,4548,9,1,1,1.3,122,26,1697,9,70,29,88,46,0,34,0.03,0.03,0.04,22,2,1,62,4,6,23,1.3,0.29
4797,4798,303254,51,6,1,65,,4549,10,4,0,3.7,63,16,1541,4,42,26,75,34,1,29,0.17,0.0,0.16,18,4,1,29,0,13,12,3.7,0.72
4798,4799,305274,130,6,7,2,1965,4550,11,0,0,0.2,6,9,91,2,10,1,13,3,0,12,0.0,0.0,0.04,5,0,0,8,0,6,5,0.2,1.11
4799,4800,306024,22,1,3,5,,4551,6,6,2,5.5,31,32,266,12,13,7,19,16,0,15,0.3,0.1,0.28,7,8,0,110,3,25,35,5.5,2.62
4800,4801,306024,22,2,3,11,,4552,7,13,1,15.3,50,40,359,15,7,6,36,15,0,10,0.45,0.03,0.52,1,14,0,177,2,28,56,15.3,2.91
4801,4802,306024,22,3,3,43,,4553,8,16,0,16.3,46,36,469,18,17,6,33,22,0,12,0.5,0.0,0.51,6,16,0,153,1,23,55,16.3,2.6
4802,4803,306024,22,4,3,65,,4554,9,5,2,6.5,17,9,167,10,11,3,12,5,0,8,0.35,0.14,0.46,3,7,0,94,0,3,30,4.2,2.1
4803,4804,306024,22,5,3,104,,4555,10,2,1,5.8,15,18,131,9,4,3,18,5,0,5,0.15,0.08,0.45,1,3,0,66,0,11,24,5.0,2.32
4804,4805,306024,22,6,3,26,,4556,11,7,2,12.9,31,36,248,19,13,4,38,14,0,15,0.29,0.08,0.54,2,9,0,137,1,21,54,11.4,2.94
4805,4806,306024,22,7,3,42,,4557,12,2,1,4.4,13,19,128,5,7,6,15,5,0,2,0.15,0.07,0.32,0,3,0,58,0,7,17,4.4,2.49
4806,4807,306191,2,4,2,30,,4558,16,1,5,1.7,134,26,1158,46,29,8,4,14,0,34,0.05,0.26,0.09,12,6,1,11,3,25,89,1.7,1.2
4807,4808,306382,26,6,5,17,1966,4559,11,0,0,0.3,6,3,49,2,6,0,1,0,0,7,0.0,0.0,0.08,4,0,0,8,0,4,6,0.3,0.97
4808,4809,307183,134,7,5,71,2461,4560,13,0,1,0.5,8,11,55,5,7,0,1,1,0,3,0.0,0.26,0.12,2,1,0,6,0,3,11,0.5,1.02
4809,4810,307519,109,2,2,3,,4561,7,0,0,0.1,51,0,545,6,26,28,13,20,0,29,0.0,0.0,0.0,7,0,1,30,0,6,18,0.0,0.15
4810,4811,307519,17,5,2,17,1501,4562,10,0,1,0.3,45,1,518,6,41,17,28,34,0,46,0.0,0.05,0.02,22,1,0,23,2,7,18,0.3,0.29
4811,4812,307519,17,6,2,3,,4563,11,1,0,0.1,4,0,43,1,3,2,1,3,1,4,0.59,0.0,0.03,1,1,0,3,0,0,2,0.1,0.59
4812,4813,308133,103,5,3,17,,4564,11,2,1,1.6,30,11,252,8,11,2,5,5,0,13,0.17,0.08,0.13,5,3,0,37,2,11,20,1.6,1.58
4813,4814,308133,140,7,4,40,,4565,14,2,0,2.9,16,7,137,6,5,1,6,1,1,6,0.36,0.0,0.52,2,2,0,16,0,8,14,2.9,2.54
4814,4815,308279,38,1,2,25,128,4566,6,3,2,1.7,108,18,973,29,66,43,59,49,1,69,0.09,0.06,0.05,24,5,0,49,1,18,60,1.7,1.42
4815,4816,308279,38,2,2,16,,4567,7,0,2,3.6,93,12,789,34,47,26,25,30,0,55,0.0,0.09,0.16,15,2,0,20,1,21,68,3.6,2.41
4816,4817,308279,38,3,2,5,734,4568,8,0,0,1.0,19,2,127,4,8,6,5,10,0,10,0.0,0.0,0.23,3,0,0,6,0,1,7,1.0,2.04
4817,4818,308279,38,3,2,5,735,4568,8,0,0,1.0,19,2,127,4,8,6,5,10,0,10,0.0,0.0,0.23,3,0,0,6,0,1,7,1.0,2.04
4818,4819,308279,16,4,2,24,1123,4569,9,0,2,1.2,82,20,647,31,21,10,13,18,1,21,0.0,0.14,0.08,12,2,0,16,0,14,52,1.2,1.57
4819,4820,308279,70,5,2,41,1562,4570,10,2,4,1.5,142,18,790,34,42,16,21,25,0,52,0.09,0.18,0.07,23,6,0,35,1,25,87,1.5,1.71
4820,4821,308279,70,6,2,41,,4571,11,3,3,3.5,93,7,606,13,26,9,18,14,0,22,0.17,0.17,0.2,10,6,1,31,0,6,35,3.5,1.7
4821,4822,308279,70,7,2,57,,4572,12,0,0,0.2,16,4,152,6,2,6,6,4,0,2,0.0,0.0,0.05,0,0,1,4,0,5,11,0.2,1.89
4822,4823,309110,15,1,4,2,,4573,6,6,7,5.5,112,60,919,45,61,24,24,32,0,53,0.23,0.27,0.21,14,13,0,29,4,42,92,4.7,2.68
4823,4824,309110,15,2,4,11,,4574,7,0,2,2.1,69,35,510,17,26,12,23,20,0,39,0.0,0.12,0.13,12,2,1,32,3,22,41,2.1,1.52
4824,4825,309110,15,3,4,16,,4575,8,9,0,8.2,118,37,919,18,59,32,34,27,0,65,0.3,0.0,0.28,16,9,0,32,6,34,61,7.4,1.65
4825,4826,309110,15,4,2,5,,4576,9,4,5,4.6,195,57,1195,35,68,37,30,52,0,87,0.12,0.15,0.14,26,9,0,45,13,68,78,4.6,1.67
4826,4827,309110,96,5,2,10,1285,4577,10,8,4,5.6,137,41,1010,48,58,12,14,27,0,64,0.3,0.15,0.21,24,12,1,25,7,44,98,5.6,2.24
4827,4828,309110,96,6,4,26,,4578,11,5,6,4.2,128,45,942,40,42,12,21,23,0,43,0.19,0.22,0.16,15,11,0,25,10,40,101,4.2,2.46
4828,4829,309110,96,7,2,7,,4579,12,2,1,2.2,55,19,414,16,16,4,12,9,0,16,0.18,0.09,0.2,7,3,1,10,1,11,30,2.2,1.61
4829,4830,309400,9,1,4,26,,4580,4,17,3,12.1,207,107,1573,35,26,16,29,31,0,32,0.53,0.09,0.38,8,20,0,55,5,68,127,9.7,2.61
4830,4831,309400,9,2,4,51,,4581,5,12,6,9.1,139,119,1182,59,21,2,22,22,0,39,0.44,0.22,0.34,6,18,0,43,5,93,122,8.4,2.13
4831,4832,309400,55,3,4,137,736,4582,6,4,3,5.5,74,47,658,18,18,4,22,25,0,27,0.24,0.18,0.33,6,7,1,28,2,37,49,5.5,1.95
4832,4833,309400,55,4,5,31,,4583,7,8,3,8.7,62,64,537,21,17,4,32,28,0,14,0.4,0.15,0.43,4,11,1,38,3,23,61,8.7,2.79
4833,4834,309400,55,5,5,31,,4584,8,7,1,11.6,89,59,727,38,34,7,41,28,0,30,0.25,0.04,0.41,10,8,0,79,2,33,63,10.8,2.45
4834,4835,309400,41,6,4,55,1723,4585,9,13,7,12.3,99,55,764,46,35,20,22,26,0,39,0.44,0.24,0.42,14,20,0,102,2,36,106,11.6,2.32
4835,4836,309400,41,7,5,55,,4586,10,6,2,6.7,47,24,287,13,12,6,28,16,0,10,0.39,0.13,0.44,3,8,1,49,1,21,37,6.7,2.4
4836,4837,309944,28,4,1,59,873,4587,10,0,0,0.6,29,29,392,5,28,16,38,13,1,18,0.0,0.0,0.05,10,0,1,15,0,20,19,0.6,0.55
4837,4838,309944,28,4,1,59,874,4587,10,0,0,0.6,29,29,392,5,28,16,38,13,1,18,0.0,0.0,0.05,10,0,1,15,0,20,19,0.6,0.55
4838,4839,309944,40,5,1,62,1563,4588,11,2,4,3.1,41,31,688,12,22,12,79,23,0,13,0.09,0.19,0.14,9,6,1,19,0,21,29,3.1,0.89
4839,4840,309944,40,6,1,3,,4589,12,0,1,0.3,37,34,426,11,14,6,27,9,0,11,0.0,0.08,0.02,7,1,1,8,0,14,17,0.3,0.41
4840,4841,310458,69,3,1,14,582,4590,9,0,0,1.0,30,5,459,1,26,44,105,25,0,16,0.0,0.0,0.06,9,0,1,76,0,4,5,1.0,0.77
4841,4842,310458,69,3,1,14,583,4590,9,0,0,1.0,30,5,459,1,26,44,105,25,0,16,0.0,0.0,0.06,9,0,1,76,0,4,5,1.0,0.77
4842,4843,310458,69,5,1,142,,4591,11,0,1,0.5,32,5,367,5,33,21,76,20,1,25,0.0,0.06,0.03,19,1,0,33,0,5,13,0.5,0.41
4843,4844,310458,69,6,1,23,,4592,12,0,0,0.5,79,15,785,6,33,45,118,50,0,25,0.0,0.0,0.02,15,0,0,45,0,13,22,0.5,0.41
4844,4845,310458,69,7,1,23,,4593,14,1,0,1.1,30,3,297,1,20,13,60,16,0,7,0.1,0.0,0.11,7,1,1,25,0,4,4,1.1,1.06
4845,4846,310527,23,6,7,82,,4594,14,0,0,1.2,35,47,322,9,19,16,23,11,0,18,0.0,0.0,0.12,9,0,0,13,0,39,25,1.2,1.99
4846,4847,310527,23,7,1,13,,4595,15,0,0,0.5,13,15,126,5,11,5,11,5,0,9,0.0,0.0,0.11,5,0,0,6,1,10,15,0.5,1.69
4847,4848,311044,17,3,1,119,,4596,13,0,3,0.2,63,31,650,15,92,41,74,30,0,85,0.0,0.1,0.01,43,3,0,36,0,17,23,0.2,0.28
4848,4849,311044,17,4,1,3,,4597,14,2,2,1.7,124,62,1092,35,107,54,87,45,0,112,0.05,0.05,0.05,44,4,1,46,5,50,75,1.5,0.73
4849,4850,311044,17,5,1,6,,4598,15,0,4,1.5,107,53,989,35,87,48,99,52,0,96,0.0,0.12,0.04,48,4,3,33,4,34,70,1.5,0.58
4850,4851,311044,50,6,1,33,2023,4599,16,0,1,1.0,113,41,1061,28,67,40,63,26,0,82,0.0,0.04,0.04,30,1,0,13,2,26,54,1.0,0.65
4851,4852,311044,50,7,1,28,,4600,17,0,0,0.2,15,5,122,1,22,9,13,10,0,25,0.0,0.0,0.05,13,0,0,7,0,5,3,0.2,1.36
4852,4853,313477,122,1,1,63,,4601,6,1,0,0.5,10,11,156,6,8,4,22,2,0,14,0.18,0.0,0.08,6,1,0,2,0,8,10,0.5,1.4
4853,4854,313477,27,2,6,13,,4602,7,0,5,1.8,58,40,633,23,31,9,42,17,0,35,0.0,0.26,0.1,18,5,1,10,0,27,39,1.8,1.21
4854,4855,313477,27,3,7,108,,4603,8,0,4,0.5,27,39,401,18,27,13,25,14,0,28,0.0,0.27,0.04,13,4,0,15,0,27,32,0.5,0.66
4855,4856,313477,27,4,1,160,,4604,9,0,1,0.6,20,13,212,8,17,10,12,11,0,14,0.0,0.15,0.09,9,1,1,7,0,11,12,0.6,1.19
4856,4857,313477,138,5,1,3,,4605,10,1,1,0.8,19,5,159,13,16,4,12,9,0,23,0.13,0.13,0.1,10,2,0,5,0,7,19,0.8,0.89
4857,4858,314183,117,3,5,20,,4606,7,1,0,1.8,13,21,164,3,5,5,17,7,0,4,0.08,0.0,0.15,2,1,0,14,0,8,15,1.8,1.28
4858,4859,314288,74,4,5,20,828,4607,7,8,0,8.8,25,32,258,14,12,4,10,9,0,19,0.44,0.0,0.49,5,8,0,33,2,28,54,8.8,2.88
4859,4860,314288,74,5,3,10,,4608,8,4,0,3.0,18,15,133,6,5,3,4,5,0,3,0.4,0.0,0.3,3,4,0,17,1,7,27,3.0,2.2
4860,4861,314353,21,1,1,20,,4609,4,1,12,1.6,157,70,1644,48,61,35,68,19,0,68,0.04,0.44,0.06,36,13,0,9,3,64,96,1.6,1.06
4861,4862,314353,21,2,1,8,,4610,5,4,13,2.8,247,98,2278,87,55,45,84,27,0,78,0.11,0.37,0.08,36,17,3,15,5,113,155,2.8,1.25
4862,4863,314353,21,3,1,138,,4611,6,2,7,2.6,251,98,2245,77,56,49,50,24,0,56,0.06,0.21,0.08,36,9,3,8,6,95,131,2.6,1.63
4863,4864,314353,21,4,1,36,,4612,7,2,12,2.4,267,53,2039,90,40,43,40,22,0,60,0.06,0.38,0.07,27,14,0,15,17,55,160,2.4,1.61
4864,4865,314353,21,5,1,15,,4613,8,2,9,2.4,235,43,2188,71,57,43,41,25,0,80,0.06,0.28,0.07,42,11,2,20,26,39,124,2.4,1.23
4865,4866,314353,21,6,1,66,,4614,9,3,4,2.6,205,45,1553,64,39,31,48,22,0,87,0.13,0.17,0.11,27,7,5,8,22,48,126,2.3,1.96
4866,4867,314353,21,7,1,31,,4615,11,0,4,0.5,75,25,592,29,38,12,23,14,0,50,0.0,0.32,0.04,25,4,0,2,6,18,44,0.5,1.12
4867,4868,314678,19,1,3,28,122,4616,3,1,1,1.2,12,17,142,7,9,0,0,2,0,8,0.24,0.24,0.29,3,2,0,0,2,10,21,1.2,1.68
4868,4869,314678,19,2,3,45,,4617,4,0,0,0.2,2,6,33,0,1,0,0,2,0,2,0.0,0.0,0.32,0,0,0,0,0,5,1,0.2,4.15
4869,4870,314678,51,3,4,122,737,4618,5,4,3,3.4,43,43,415,20,18,2,2,10,0,23,0.29,0.22,0.25,10,7,0,4,1,41,48,3.4,1.91
4870,4871,314678,51,3,4,122,738,4618,5,4,3,3.4,43,43,415,20,18,2,2,10,0,23,0.29,0.22,0.25,10,7,0,4,1,41,48,3.4,1.91
4871,4872,314678,51,4,2,16,1124,4619,6,3,3,4.1,88,59,605,31,23,8,4,11,0,22,0.15,0.15,0.2,8,6,0,4,5,50,78,4.1,1.46
4872,4873,314678,51,5,4,42,1252,4620,7,6,7,6.0,121,80,575,41,32,7,6,11,0,15,0.28,0.33,0.28,5,13,0,4,11,68,96,6.0,1.64
4873,4874,314678,19,6,5,11,,4621,8,8,6,5.7,75,76,624,30,29,5,2,16,0,13,0.47,0.35,0.33,6,14,0,3,7,61,75,5.7,2.21
4874,4875,314678,19,7,5,22,,4622,10,2,2,1.4,35,15,246,12,14,2,1,8,0,6,0.31,0.31,0.22,1,4,0,1,3,6,27,1.4,1.08
4875,4876,314875,64,2,5,20,274,4623,7,1,4,2.3,19,33,179,15,19,16,8,6,0,17,0.1,0.39,0.22,4,5,0,5,0,23,29,2.3,2.36
4876,4877,314875,64,3,5,11,,4624,8,8,5,7.1,44,83,493,29,26,22,10,19,0,29,0.28,0.18,0.25,10,13,0,23,5,44,79,7.1,1.93
4877,4878,314875,64,4,3,43,,4625,9,12,10,11.9,66,74,574,41,36,21,14,29,0,44,0.36,0.3,0.36,17,22,0,38,3,43,98,11.9,2.38
4878,4879,314875,64,5,5,104,,4626,10,6,5,8.9,72,101,552,48,39,36,25,47,0,58,0.17,0.14,0.25,16,11,0,34,6,44,108,7.8,2.03
4879,4880,314875,64,6,3,93,,4627,11,16,6,11.6,52,90,484,31,42,19,14,37,0,35,0.48,0.18,0.35,13,22,0,33,5,40,81,11.6,2.5
4880,4881,314875,64,7,5,8,,4628,13,4,4,3.8,59,59,304,36,25,11,17,11,0,26,0.24,0.24,0.22,11,8,0,4,6,26,73,3.0,2.51
4881,4882,314912,3,3,7,44,,4629,19,2,0,0.4,55,25,687,6,38,22,34,16,0,31,0.11,0.0,0.02,17,2,0,19,0,14,17,0.4,0.22
4882,4883,314940,14,1,8,3,,4630,15,0,2,1.0,58,35,667,14,33,18,22,11,0,45,0.0,0.14,0.07,21,2,0,4,1,26,34,1.0,1.53
4883,4884,314940,14,2,2,3,,4631,16,2,3,1.6,98,34,791,33,37,17,25,18,0,39,0.12,0.18,0.1,18,5,0,16,1,28,72,1.6,2.06
4884,4885,314940,14,3,2,82,,4632,17,2,4,2.8,111,45,860,40,39,18,10,23,0,55,0.1,0.2,0.14,24,6,0,15,0,36,76,1.1,1.38
4885,4886,314940,14,4,7,13,,4633,18,2,3,1.4,114,44,1035,37,71,21,28,12,0,77,0.09,0.13,0.06,46,5,0,19,2,39,70,1.4,1.01
4886,4887,314940,14,5,7,71,,4634,19,0,0,0.6,67,24,728,31,46,16,24,28,0,57,0.0,0.0,0.03,34,0,0,18,0,39,56,0.6,0.76
4887,4888,314965,119,3,1,3,563,4635,7,0,4,0.7,44,32,673,21,50,19,61,33,0,40,0.0,0.14,0.02,21,4,0,27,1,21,36,0.7,0.49
4888,4889,314965,119,3,1,3,564,4635,7,0,4,0.7,44,32,673,21,50,19,61,33,0,40,0.0,0.14,0.02,21,4,0,27,1,21,36,0.7,0.49
4889,4890,314965,135,7,1,17,,4636,11,0,2,0.4,22,24,335,7,17,8,29,10,0,20,0.0,0.16,0.03,9,2,2,12,1,15,15,0.4,0.57
4890,4891,315063,23,2,8,10,528,4637,8,2,3,1.7,134,83,1003,36,58,25,26,30,0,69,0.06,0.09,0.05,25,5,0,25,2,72,96,1.7,0.81
4891,4892,315063,23,3,8,105,,4638,9,2,2,3.3,90,80,892,30,56,23,49,26,1,68,0.07,0.07,0.11,25,4,0,42,0,44,75,3.3,1.05
4892,4893,315063,23,4,8,42,,4639,10,0,2,0.8,64,60,453,22,39,9,15,16,0,33,0.0,0.12,0.05,18,2,1,44,0,45,54,0.8,1.18
4893,4894,315063,23,6,8,9,,4640,12,2,3,3.7,76,57,544,43,59,19,32,25,0,64,0.08,0.12,0.14,27,5,0,37,2,22,71,2.9,0.85
4894,4895,315110,43,1,5,25,,4641,10,10,1,10.6,28,92,379,24,11,11,9,8,0,14,0.42,0.04,0.44,2,11,1,32,1,51,68,10.0,2.43
4895,4896,315110,43,2,3,70,,4642,11,6,2,8.0,10,29,175,9,5,3,2,2,0,4,0.54,0.18,0.73,1,8,0,10,0,16,22,8.0,3.53
4896,4897,315110,34,3,3,24,,4643,12,14,6,17.3,91,118,751,49,16,26,8,20,0,32,0.45,0.19,0.55,8,20,0,35,5,77,97,17.3,2.88
4897,4898,315110,34,4,3,16,,4644,13,12,5,12.6,55,89,732,39,13,20,5,26,0,21,0.47,0.2,0.49,4,17,0,33,6,47,85,11.0,2.9
4898,4899,315110,12,5,5,16,,4645,14,3,2,3.6,21,30,208,12,3,9,3,5,0,9,0.28,0.19,0.33,3,5,0,18,0,23,25,3.6,2.04
4899,4900,315131,116,1,1,25,61,4646,5,0,0,0.1,39,22,375,6,18,12,30,11,0,13,0.0,0.0,0.01,8,0,1,7,1,24,11,0.1,0.45
4900,4901,315131,9,5,1,14,,4647,9,0,0,0.1,7,3,93,4,7,0,1,2,0,4,0.0,0.0,0.05,4,0,0,2,0,2,5,0.1,1.41
4901,4902,315145,1,4,2,9,875,4648,8,1,1,0.4,132,11,985,16,58,62,43,49,1,55,0.04,0.04,0.01,26,2,0,27,2,16,41,0.4,0.37
4902,4903,315145,1,5,2,6,,4649,9,0,0,0.4,213,15,1376,24,66,46,52,37,0,61,0.0,0.0,0.02,36,0,0,32,1,26,68,0.4,0.4
4903,4904,315145,1,6,2,32,2266,4650,10,1,0,0.7,78,12,650,15,39,33,32,21,0,32,0.06,0.0,0.04,22,1,1,25,0,20,32,0.7,0.78
4904,4905,315289,36,4,5,73,920,4651,11,1,1,1.1,12,14,145,7,7,10,7,13,0,2,0.11,0.11,0.12,0,2,0,6,0,11,19,1.1,1.16
4905,4906,315289,36,6,3,20,,4652,13,11,1,12.9,18,21,234,18,18,4,7,19,0,27,0.4,0.04,0.48,6,12,0,11,3,13,33,9.0,2.13
4906,4907,315332,7,3,8,63,,4653,7,2,3,1.9,46,30,362,26,29,10,9,15,0,31,0.18,0.28,0.17,10,5,1,15,2,22,41,1.9,1.75
4907,4908,315332,7,4,8,33,,4654,8,0,0,0.0,9,3,52,1,6,5,6,4,0,7,0.0,0.0,0.02,2,0,0,6,0,5,3,0.0,1.13
4908,4909,315332,62,5,2,40,1618,4655,9,0,1,0.5,40,17,181,8,18,3,9,7,0,10,0.0,0.15,0.08,5,1,0,15,2,16,18,0.5,1.7
4909,4910,315332,62,6,4,3,2202,4656,10,1,0,1.7,16,14,118,5,9,2,1,7,0,6,0.28,0.0,0.48,3,1,0,11,1,4,15,0.9,3.08
4910,4911,315332,62,6,4,3,2203,4656,10,1,0,1.7,16,14,118,5,9,2,1,7,0,6,0.28,0.0,0.48,3,1,0,11,1,4,15,0.9,3.08
4911,4912,315762,15,5,2,59,1197,4657,9,0,2,1.1,62,55,510,13,28,9,6,22,0,32,0.0,0.12,0.06,12,2,0,5,2,48,35,1.1,1.03
4912,4913,315762,15,6,2,23,,4658,10,1,4,2.5,93,58,620,17,39,12,17,23,1,43,0.05,0.18,0.11,22,5,0,14,1,40,43,2.5,1.1
4913,4914,315779,63,1,3,65,167,4659,4,4,4,4.8,20,66,397,18,10,6,10,12,0,6,0.39,0.39,0.47,2,8,0,15,1,52,43,4.8,2.61
4914,4915,315779,63,1,3,65,168,4659,4,4,4,4.8,20,66,397,18,10,6,10,12,0,6,0.39,0.39,0.47,2,8,0,15,1,52,43,4.8,2.61
4915,4916,315779,63,1,3,65,169,4659,4,4,4,4.8,20,66,397,18,10,6,10,12,0,6,0.39,0.39,0.47,2,8,0,15,1,52,43,4.8,2.61
4916,4917,315779,55,2,3,55,,4660,5,9,4,9.0,73,107,539,30,23,6,11,15,0,24,0.47,0.21,0.47,7,13,0,20,4,80,87,9.0,3.29
4917,4918,315779,55,3,5,139,,4661,6,4,2,6.1,82,86,561,25,19,12,9,25,0,21,0.21,0.1,0.32,8,6,0,19,1,50,69,6.1,2.23
4918,4919,315779,55,4,4,8,,4662,7,6,2,4.9,38,44,362,15,10,5,10,12,0,17,0.42,0.14,0.34,3,8,0,12,2,31,36,4.9,1.95
4919,4920,315779,55,5,9,104,,4663,8,1,1,1.7,23,35,238,12,11,4,4,8,0,5,0.11,0.11,0.18,3,2,0,5,1,30,24,1.7,2.08
4920,4921,315779,51,6,5,50,1724,4664,9,12,8,8.0,87,131,832,44,35,10,10,20,0,30,0.42,0.28,0.28,17,20,1,16,3,62,90,8.0,2.25
4921,4922,315779,51,7,4,7,,4665,11,5,4,4.5,49,47,345,28,20,0,5,9,0,14,0.46,0.37,0.41,6,9,1,3,7,30,48,3.7,2.11
4922,4923,315843,106,2,1,88,,4666,6,1,0,0.9,32,14,263,6,10,9,16,10,0,9,0.14,0.0,0.12,7,1,0,4,0,9,13,0.9,0.29
4923,4924,315853,110,1,1,28,202,4667,4,1,0,0.6,32,7,514,1,25,22,96,26,0,15,0.05,0.0,0.03,6,1,0,37,3,9,4,0.6,0.16
4924,4925,315853,110,1,1,28,203,4667,4,1,0,0.6,32,7,514,1,25,22,96,26,0,15,0.05,0.0,0.03,6,1,0,37,3,9,4,0.6,0.16
4925,4926,315853,54,2,1,16,,4668,5,2,0,1.3,107,50,1278,12,32,26,54,18,1,24,0.09,0.0,0.06,15,2,0,43,1,30,36,1.3,0.37
4926,4927,315853,54,3,1,22,,4669,6,0,3,1.0,146,70,2065,12,36,40,75,34,0,27,0.0,0.09,0.03,17,3,0,48,1,55,41,1.0,0.31
4927,4928,315853,54,4,1,54,,4670,7,1,2,0.3,132,30,1599,14,44,35,59,22,0,34,0.04,0.08,0.01,17,3,1,43,2,30,45,0.3,0.35
4928,4929,315853,54,5,1,55,,4671,8,0,2,1.0,141,47,1384,15,41,24,45,27,0,27,0.0,0.08,0.04,11,2,0,39,2,31,52,1.0,0.5
4929,4930,315853,54,6,1,55,,4672,9,1,3,1.2,142,63,1671,22,46,23,48,25,0,40,0.04,0.12,0.05,26,4,1,37,1,66,63,1.2,0.6
4930,4931,315853,54,7,1,31,,4673,10,0,4,0.3,81,26,945,17,22,11,17,10,0,15,0.0,0.31,0.02,10,4,1,22,2,34,32,0.3,0.39
4931,4932,315862,27,3,8,59,739,4674,6,0,0,0.4,16,11,197,4,7,5,8,5,0,6,0.0,0.0,0.08,3,0,0,2,0,7,7,0.4,0.93
4932,4933,315862,27,4,4,59,1125,4675,7,1,0,0.6,27,28,234,15,20,11,8,10,0,16,0.09,0.0,0.06,8,1,1,5,3,23,30,0.6,1.19
4933,4934,315865,122,1,3,3,204,4676,4,5,3,6.5,31,21,292,16,14,5,17,16,0,20,0.28,0.17,0.36,4,8,0,56,0,12,43,6.5,3.32
4934,4935,315865,122,1,3,3,205,4676,4,5,3,6.5,31,21,292,16,14,5,17,16,0,20,0.28,0.17,0.36,4,8,0,56,0,12,43,6.5,3.32
4935,4936,315865,27,2,3,25,309,4677,5,5,1,6.0,37,33,414,15,19,9,25,19,0,25,0.2,0.04,0.24,5,6,0,65,0,12,49,4.3,1.97
4936,4937,315865,27,2,3,25,310,4677,5,5,1,6.0,37,33,414,15,19,9,25,19,0,25,0.2,0.04,0.24,5,6,0,65,0,12,49,4.3,1.97
4937,4938,315865,40,4,3,5,1126,4678,7,13,2,12.7,51,36,381,29,11,7,23,24,0,18,0.41,0.06,0.4,2,15,0,75,4,21,72,9.5,2.7
4938,4939,315865,40,4,3,5,1127,4678,7,13,2,12.7,51,36,381,29,11,7,23,24,0,18,0.41,0.06,0.4,2,15,0,75,4,21,72,9.5,2.7
4939,4940,315865,67,5,3,11,1564,4679,8,5,0,7.1,29,17,324,17,10,2,11,19,1,7,0.21,0.0,0.3,3,5,0,36,1,11,53,6.3,2.75
4940,4941,315865,67,5,3,11,1565,4679,8,5,0,7.1,29,17,324,17,10,2,11,19,1,7,0.21,0.0,0.3,3,5,0,36,1,11,53,6.3,2.75
4941,4942,315865,67,6,3,45,1767,4680,9,11,1,8.9,45,17,411,18,13,1,40,19,0,22,0.32,0.03,0.26,5,12,0,79,1,11,59,6.6,2.34
4942,4943,315865,27,7,3,16,2640,4681,10,6,1,4.1,15,7,176,6,5,1,16,9,0,3,0.41,0.07,0.28,0,7,1,41,1,3,26,4.1,3.1
4943,4944,315865,27,7,3,16,2641,4681,10,6,1,4.1,15,7,176,6,5,1,16,9,0,3,0.41,0.07,0.28,0,7,1,41,1,3,26,4.1,3.1
4944,4945,315867,27,3,3,140,740,4682,6,8,2,7.9,18,20,226,16,19,9,12,21,0,19,0.53,0.13,0.52,7,10,0,41,1,11,30,6.3,3.0
4945,4946,315867,27,3,3,140,741,4682,6,8,2,7.9,18,20,226,16,19,9,12,21,0,19,0.53,0.13,0.52,7,10,0,41,1,11,30,6.3,3.0
4946,4947,315867,67,4,3,16,,4683,7,16,0,11.0,36,21,399,25,19,5,22,16,0,21,0.67,0.0,0.46,5,16,1,51,3,22,57,10.2,3.27
4947,4948,315867,64,5,3,43,1253,4684,8,3,0,2.5,17,13,118,13,10,4,5,3,0,2,0.29,0.0,0.24,2,3,0,17,0,7,24,2.5,2.92
4948,4949,315867,91,6,3,102,1725,4685,9,12,6,6.5,41,22,293,33,15,4,9,7,0,14,0.74,0.37,0.4,7,18,0,21,4,21,62,6.5,3.72
4949,4950,315969,60,1,8,13,,4686,6,2,0,1.5,34,8,376,1,10,15,16,9,0,10,0.21,0.0,0.15,4,2,0,34,1,3,8,1.5,1.56
4950,4951,315969,60,2,2,5,,4687,7,4,1,2.2,95,25,822,16,43,31,34,25,0,32,0.2,0.05,0.11,17,5,2,43,2,27,46,2.2,1.47
4951,4952,315969,60,3,2,126,,4688,8,4,1,2.1,118,57,1139,17,51,29,46,35,0,36,0.17,0.04,0.09,23,5,0,48,0,37,33,2.1,1.1
4952,4953,315969,60,4,2,43,,4689,9,1,1,1.4,125,40,1060,23,65,31,60,45,0,61,0.04,0.04,0.05,30,2,1,67,1,36,51,1.4,1.02
4953,4954,315969,60,5,2,50,,4690,10,1,0,1.9,33,20,355,8,32,14,45,15,0,22,0.08,0.0,0.15,13,1,1,34,3,16,23,1.9,1.01
4954,4955,315969,60,6,4,26,,4691,11,7,1,5.7,64,29,528,11,49,14,54,34,0,33,0.33,0.05,0.27,22,8,0,36,2,22,26,5.7,2.08
4955,4956,316125,57,1,1,23,,4692,6,0,4,1.1,146,146,1544,45,55,38,156,37,0,55,0.0,0.11,0.03,24,4,0,108,3,113,91,1.1,0.61
4956,4957,316125,57,2,1,22,,4693,7,3,3,1.0,126,109,1544,34,43,28,68,30,0,52,0.11,0.11,0.04,23,6,2,55,3,77,72,1.0,0.61
4957,4958,316125,55,3,1,7,742,4694,8,3,5,2.4,111,94,1431,30,42,24,58,28,0,33,0.12,0.2,0.1,15,8,0,38,0,68,66,2.4,1.06
4958,4959,316125,55,4,1,8,,4695,9,3,1,0.9,18,14,268,10,8,4,14,7,0,5,0.5,0.17,0.15,2,4,1,7,0,7,18,0.9,2.16
4959,4960,316125,55,5,7,93,,4696,10,2,2,1.4,41,43,762,21,21,18,26,21,0,25,0.13,0.13,0.09,13,4,0,25,2,36,39,1.4,1.02
4960,4961,316125,55,6,1,22,,4697,11,0,1,1.2,25,22,373,14,15,4,19,11,0,8,0.0,0.12,0.14,5,1,1,12,0,14,22,1.2,1.43
4961,4962,316137,1,1,5,2,,4698,8,3,1,1.4,73,75,496,20,28,7,13,7,0,39,0.17,0.06,0.08,11,4,0,13,1,52,61,1.4,1.63
4962,4963,316137,1,2,5,3,,4699,9,2,1,3.4,79,102,532,25,16,9,5,14,1,24,0.1,0.05,0.18,7,3,0,4,6,67,71,2.6,2.31
4963,4964,316137,1,3,4,3,,4700,10,0,1,0.6,46,50,317,15,10,10,4,5,0,22,0.0,0.1,0.06,4,1,0,3,0,29,35,0.6,1.5
4964,4965,316137,1,4,3,3,,4701,11,0,0,0.9,4,4,28,0,0,0,0,0,0,1,0.0,0.0,0.93,0,0,0,0,0,0,3,0.1,3.14
4965,4966,316575,33,6,3,59,1927,4702,10,0,1,1.0,6,8,67,4,3,2,0,4,1,7,0.0,0.32,0.33,1,1,0,0,0,6,17,1.0,4.48
4966,4967,316575,33,7,4,74,,4703,11,0,0,0.2,12,4,62,4,4,0,1,0,0,2,0.0,0.0,0.1,1,0,0,0,0,1,9,0.2,3.14
4967,4968,316889,89,2,5,7,492,4704,9,4,1,4.2,23,60,247,20,6,5,5,13,0,15,0.35,0.09,0.37,2,5,0,10,1,43,46,4.2,2.99
4968,4969,316889,89,3,3,22,,4705,10,11,3,9.3,44,112,426,35,29,18,14,37,0,36,0.5,0.14,0.43,10,14,0,15,0,44,87,9.3,2.7
4969,4970,316889,89,4,3,65,,4706,11,5,5,5.9,53,82,454,28,28,9,9,24,0,30,0.28,0.28,0.33,8,10,0,10,1,37,65,5.7,2.79
4970,4971,316889,89,5,3,22,,4707,12,3,3,5.4,49,86,441,30,24,15,6,31,0,21,0.17,0.17,0.3,9,6,0,8,0,29,68,4.6,2.3
4971,4972,316934,58,5,2,21,1465,4708,9,1,5,0.8,102,24,643,18,32,8,18,15,0,36,0.07,0.37,0.06,14,6,0,20,4,22,49,0.8,1.54
4972,4973,316934,58,5,2,21,1466,4708,9,1,5,0.8,102,24,643,18,32,8,18,15,0,36,0.07,0.37,0.06,14,6,0,20,4,22,49,0.8,1.54
4973,4974,316934,58,6,2,38,2086,4709,10,1,0,0.7,58,21,469,11,21,7,10,14,0,15,0.11,0.0,0.08,8,1,0,4,1,21,22,0.7,1.18
4974,4975,316934,58,7,2,9,,4710,11,0,1,0.3,63,9,362,10,21,7,10,13,0,19,0.0,0.14,0.04,15,1,0,7,1,7,27,0.3,0.95
4975,4976,318204,8,4,6,23,943,4711,8,3,11,1.7,130,95,1463,83,52,27,39,38,0,64,0.1,0.36,0.05,30,14,1,28,1,39,144,1.7,0.82
4976,4977,318204,93,5,7,45,1325,4712,9,0,2,0.6,69,44,898,36,39,16,26,24,0,29,0.0,0.11,0.03,17,2,1,16,3,23,57,0.6,0.75
4977,4978,318204,93,6,1,11,,4713,10,2,8,0.8,131,77,1566,68,58,27,82,51,0,58,0.07,0.26,0.02,34,10,2,27,2,44,101,0.8,0.46
4978,4979,318204,93,7,1,11,,4714,11,0,1,0.1,19,11,248,15,12,2,10,6,0,7,0.0,0.18,0.02,3,1,0,4,1,5,23,0.1,0.55
4979,4980,318523,61,2,1,30,228,4715,6,0,1,1.1,83,45,889,16,29,27,50,24,0,28,0.0,0.05,0.06,14,1,0,12,0,23,32,1.1,1.19
4980,4981,318523,61,3,1,3,,4716,7,3,7,2.7,132,107,1588,37,60,45,76,36,0,45,0.09,0.2,0.08,24,10,0,24,0,64,86,2.7,1.29
4981,4982,318523,37,4,1,20,889,4717,8,0,1,0.5,48,34,478,8,34,17,42,24,0,29,0.0,0.06,0.03,16,1,0,16,1,24,24,0.5,1.05
4982,4983,318523,37,5,1,20,,4718,9,2,2,1.3,62,33,623,15,54,20,42,24,0,52,0.1,0.1,0.06,28,4,0,14,1,35,38,1.3,1.47
4983,4984,318523,80,7,1,6,2410,4719,12,0,0,0.3,39,36,597,6,27,18,43,11,0,37,0.0,0.0,0.02,16,0,1,7,0,18,19,0.3,0.78
4984,4985,319160,42,1,2,16,206,4720,7,0,0,1.7,52,32,433,6,7,9,16,18,0,15,0.0,0.0,0.16,4,0,0,4,0,25,24,1.7,2.15
4985,4986,319160,42,1,2,16,207,4720,7,0,0,1.7,52,32,433,6,7,9,16,18,0,15,0.0,0.0,0.16,4,0,0,4,0,25,24,1.7,2.15
4986,4987,319160,42,2,4,5,448,4721,8,2,4,2.5,65,49,546,44,27,22,22,30,0,42,0.09,0.17,0.11,10,6,0,9,2,37,75,2.5,1.8
4987,4988,319160,42,3,2,78,,4722,9,6,3,4.6,88,52,621,34,28,24,34,16,0,35,0.22,0.11,0.17,11,9,0,9,2,36,62,4.6,1.46
4988,4989,319160,23,6,4,13,2146,4723,12,1,2,1.5,26,12,161,6,12,5,20,5,0,20,0.1,0.21,0.16,8,3,0,3,3,10,23,1.5,1.24
4989,4990,319301,60,2,3,23,,4724,6,3,6,3.1,60,140,568,26,20,7,12,23,0,45,0.12,0.24,0.12,7,9,0,7,4,69,71,3.1,1.65
4990,4991,319301,60,3,3,126,,4725,7,3,1,2.2,32,36,238,10,15,0,6,10,0,18,0.3,0.1,0.22,3,4,0,5,0,23,17,2.2,1.68
4991,4992,319301,45,5,3,10,,4726,9,0,0,0.3,3,6,24,1,6,2,2,4,0,6,0.0,0.0,0.12,3,0,0,0,0,2,4,0.3,1.36
4992,4993,319745,19,1,4,45,,4727,6,3,0,2.3,140,38,953,24,32,15,6,26,0,31,0.22,0.0,0.16,11,3,0,9,2,46,57,2.3,1.59
4993,4994,319745,41,2,2,43,484,4728,7,0,2,0.6,174,60,1114,28,45,32,16,14,0,61,0.0,0.11,0.03,18,2,1,9,6,52,56,0.6,0.69
4994,4995,319745,41,3,2,50,743,4729,8,0,3,0.6,150,54,1126,27,37,35,14,23,0,51,0.0,0.17,0.04,21,3,1,8,7,49,68,0.6,0.72
4995,4996,319745,19,5,2,16,,4730,10,0,4,0.9,204,60,1362,30,43,25,6,23,0,64,0.0,0.23,0.05,25,4,1,4,6,52,81,0.9,1.04
4996,4997,319745,19,6,4,5,,4731,11,0,2,0.3,47,16,486,11,10,0,4,9,0,14,0.0,0.3,0.05,5,2,1,2,5,17,25,0.3,1.05
4997,4998,319900,130,6,3,9,,4732,10,10,0,5.9,23,16,144,14,4,6,25,13,0,12,0.63,0.0,0.37,1,10,0,43,1,15,31,5.9,1.97
4998,4999,320271,77,2,7,9,286,4733,6,1,0,0.4,11,6,172,4,22,8,13,9,0,10,0.19,0.0,0.09,9,1,1,11,0,5,8,0.4,0.77
4999,5000,320271,77,2,7,9,287,4733,6,1,0,0.4,11,6,172,4,22,8,13,9,0,10,0.19,0.0,0.09,9,1,1,11,0,5,8,0.4,0.77
5000,5001,320271,77,2,7,9,288,4733,6,1,0,0.4,11,6,172,4,22,8,13,9,0,10,0.19,0.0,0.09,9,1,1,11,0,5,8,0.4,0.77
5001,5002,320271,20,3,1,82,,4734,7,1,0,0.7,19,6,276,3,13,10,21,12,0,13,0.12,0.0,0.08,6,1,0,8,0,3,8,0.7,0.25
5002,5003,320271,20,5,7,17,,4735,9,1,0,0.8,40,18,390,15,23,6,14,10,0,21,0.1,0.0,0.08,9,1,0,4,1,15,28,0.8,0.89
5003,5004,320271,47,6,1,28,2024,4736,10,0,1,0.2,39,30,595,10,38,17,27,17,0,27,0.0,0.06,0.01,16,1,0,10,1,23,30,0.2,0.29
5004,5005,320411,128,1,2,13,,4737,7,2,0,1.8,101,53,909,22,73,53,43,57,0,42,0.08,0.0,0.07,19,2,0,86,0,50,68,1.8,1.73
5005,5006,320411,100,2,2,25,513,4738,8,1,1,2.0,100,29,879,15,72,66,97,59,0,65,0.04,0.04,0.07,17,2,1,111,1,30,50,2.0,1.17
5006,5007,320411,100,5,4,10,,4739,11,7,1,4.9,80,37,813,26,63,31,58,48,0,42,0.23,0.03,0.16,11,8,1,52,5,31,54,4.9,1.24
5007,5008,320411,100,6,2,11,,4740,12,2,2,2.5,53,22,404,23,33,20,28,31,1,27,0.13,0.13,0.16,9,4,1,36,0,23,46,2.5,1.93
5008,5009,321070,65,3,4,39,744,4741,6,3,2,1.8,56,34,417,16,26,9,4,18,0,36,0.2,0.13,0.12,8,5,0,13,2,24,38,1.8,1.04
5009,5010,321070,65,3,4,39,745,4741,6,3,2,1.8,56,34,417,16,26,9,4,18,0,36,0.2,0.13,0.12,8,5,0,13,2,24,38,1.8,1.04
5010,5011,321070,65,4,5,41,975,4742,7,0,0,0.2,5,5,82,2,23,2,1,10,0,20,0.0,0.0,0.07,10,0,0,2,2,3,6,0.2,1.76
5011,5012,321070,65,4,5,41,976,4742,7,0,0,0.2,5,5,82,2,23,2,1,10,0,20,0.0,0.0,0.07,10,0,0,2,2,3,6,0.2,1.76
5012,5013,321070,65,5,3,9,,4743,8,1,1,1.4,13,12,146,6,11,3,9,3,0,13,0.2,0.2,0.29,5,2,0,4,1,7,13,1.4,1.6
5013,5014,321528,54,4,1,10,876,4744,10,5,4,5.2,58,55,630,28,32,9,26,15,0,32,0.22,0.18,0.23,16,9,0,43,0,24,63,5.2,1.69
5014,5015,321528,54,5,1,11,,4745,11,1,4,3.6,59,62,745,32,35,12,26,33,0,34,0.04,0.16,0.15,22,5,0,41,1,32,71,3.6,1.34
5015,5016,321528,54,6,1,49,,4746,12,4,4,2.3,51,50,614,27,22,12,33,15,1,23,0.22,0.22,0.12,9,8,1,36,0,19,47,2.3,1.32
5016,5017,321528,54,7,6,102,,4747,13,3,1,2.2,21,18,218,8,9,2,9,11,0,12,0.36,0.12,0.26,5,4,0,19,0,11,20,2.2,2.16
5017,5018,322305,75,1,4,28,,4748,5,1,0,1.4,43,34,358,13,10,9,5,5,0,5,0.09,0.0,0.13,1,1,0,5,0,32,30,1.4,1.14
5018,5019,322305,103,2,2,14,371,4749,6,2,0,0.8,63,37,364,11,14,3,5,7,0,13,0.18,0.0,0.07,4,2,1,3,2,21,21,0.8,1.28
5019,5020,322305,103,2,2,14,372,4749,6,2,0,0.8,63,37,364,11,14,3,5,7,0,13,0.18,0.0,0.07,4,2,1,3,2,21,21,0.8,1.28
5020,5021,322305,38,4,2,23,,4750,8,1,3,3.0,95,55,702,26,30,19,17,26,1,29,0.04,0.11,0.11,15,4,0,10,2,51,59,3.0,1.23
5021,5022,322305,3,6,4,41,,4751,10,0,0,0.3,28,11,244,0,5,8,5,12,0,6,0.0,0.0,0.05,2,0,0,2,0,7,4,0.3,0.94
5022,5023,322655,75,3,1,2,818,4752,4,1,0,0.6,102,25,981,3,23,14,32,17,0,21,0.06,0.0,0.04,10,1,0,16,0,6,14,0.6,0.55
5023,5024,322655,69,7,1,6,2510,4753,8,0,0,0.1,20,7,221,2,18,6,16,6,0,17,0.0,0.0,0.01,10,0,0,11,0,3,7,0.1,0.28
5024,5025,322655,69,7,1,6,2511,4753,8,0,0,0.1,20,7,221,2,18,6,16,6,0,17,0.0,0.0,0.01,10,0,0,11,0,3,7,0.1,0.28
5025,5026,322985,108,6,2,52,1839,4754,11,4,6,3.0,135,36,754,70,39,29,35,33,0,59,0.12,0.19,0.09,16,10,0,6,5,26,116,3.0,1.52
5026,5027,323147,67,1,5,2,,4755,4,1,0,0.6,10,8,57,1,2,1,1,0,0,2,0.51,0.0,0.3,0,1,0,2,0,2,3,0.6,3.09
5027,5028,323169,53,1,5,3,,4756,20,2,1,3.3,65,47,317,27,18,10,4,6,0,16,0.12,0.06,0.2,3,3,0,18,5,37,61,3.3,2.12
5028,5029,323831,7,4,3,16,944,4757,10,8,4,7.5,60,43,489,29,31,5,9,24,0,33,0.3,0.15,0.29,7,12,0,46,4,28,66,7.5,2.01
5029,5030,323831,7,5,4,11,,4758,11,2,2,4.1,34,26,294,15,25,2,9,10,0,17,0.17,0.17,0.34,4,4,0,25,2,13,32,3.3,2.0
5030,5031,323831,111,6,3,5,1910,4759,12,4,0,2.4,28,16,223,13,10,2,10,8,0,16,0.36,0.0,0.22,5,4,0,26,2,14,22,2.4,1.82
5031,5032,323831,111,6,3,5,1911,4759,12,4,0,2.4,28,16,223,13,10,2,10,8,0,16,0.36,0.0,0.22,5,4,0,26,2,14,22,2.4,1.82
5032,5033,323831,111,6,3,5,1912,4759,12,4,0,2.4,28,16,223,13,10,2,10,8,0,16,0.36,0.0,0.22,5,4,0,26,2,14,22,2.4,1.82
5033,5034,323872,102,3,2,108,,4760,9,1,0,0.4,76,6,845,9,80,50,29,37,1,74,0.04,0.0,0.02,33,1,3,4,1,11,21,0.4,0.44
5034,5035,323954,121,1,2,52,134,4761,8,1,1,0.8,88,26,914,15,52,45,36,30,0,61,0.05,0.05,0.04,27,2,1,54,2,20,38,0.8,0.86
5035,5036,323954,38,2,2,41,337,4762,9,0,0,0.8,59,19,600,9,28,33,19,14,0,42,0.0,0.0,0.06,13,0,0,13,0,26,24,0.8,0.87
5036,5037,323954,38,3,2,106,,4763,10,0,0,0.7,95,17,1027,9,50,34,23,36,0,60,0.0,0.0,0.03,21,0,0,13,0,13,27,0.7,0.74
5037,5038,323954,38,4,2,9,,4764,11,1,0,1.5,167,42,1373,29,83,54,32,51,1,113,0.03,0.0,0.04,50,1,1,20,3,24,72,1.5,1.42
5038,5039,323954,38,5,2,9,,4765,12,0,1,1.1,170,47,1482,17,82,51,51,47,0,90,0.0,0.03,0.03,41,1,1,23,1,32,53,1.1,0.9
5039,5040,323954,38,6,2,25,,4766,13,2,0,0.8,127,37,1146,21,66,43,66,43,0,77,0.06,0.0,0.02,36,2,1,29,3,30,57,0.8,0.75
5040,5041,324223,37,5,1,28,1377,4767,9,0,0,0.0,5,4,133,4,5,6,11,3,0,4,0.0,0.0,0.01,3,0,0,9,0,4,6,0.0,0.25
5041,5042,324278,8,2,4,35,,4768,4,7,2,8.8,35,39,344,18,32,8,13,25,0,37,0.42,0.12,0.53,10,9,0,43,0,31,53,8.8,3.32
5042,5043,324278,8,3,4,6,,4769,5,6,3,5.9,110,68,699,34,44,24,24,40,0,51,0.23,0.11,0.23,14,9,0,53,1,59,83,5.9,2.32
5043,5044,324278,8,4,4,42,,4770,6,7,2,7.0,83,34,514,21,28,8,16,24,0,32,0.33,0.1,0.33,13,9,0,37,4,28,53,7.0,2.0
5044,5045,324278,8,5,4,42,,4771,7,7,3,7.1,100,76,610,24,36,15,19,57,0,52,0.25,0.11,0.25,9,10,1,72,4,59,89,7.1,2.31
5045,5046,324278,93,6,4,75,2204,4772,8,5,1,3.7,47,36,340,16,26,5,14,20,0,38,0.39,0.08,0.28,14,6,0,20,4,31,45,3.7,2.41
5046,5047,324278,93,7,2,11,,4773,10,0,1,1.6,22,13,200,13,19,9,9,20,0,26,0.0,0.11,0.18,7,1,1,18,5,15,23,1.6,1.56
5047,5048,324282,125,1,1,40,,4774,6,0,4,1.5,97,63,868,32,74,35,99,42,2,67,0.0,0.15,0.06,34,4,3,31,1,47,57,1.5,0.44
5048,5049,324282,42,2,8,9,,4775,7,0,1,1.1,66,37,459,30,41,16,39,29,0,31,0.0,0.05,0.05,17,1,0,25,2,25,57,1.1,1.26
5049,5050,324358,48,3,3,16,565,4776,9,14,5,14.5,55,84,592,45,29,7,24,21,1,33,0.38,0.14,0.39,10,19,0,136,0,44,112,13.0,2.57
5050,5051,324358,48,4,3,50,,4777,10,11,2,11.6,60,74,484,34,17,12,27,25,0,15,0.34,0.06,0.35,2,13,0,65,4,32,82,11.0,2.32
5051,5052,324358,48,5,3,22,,4778,11,15,6,16.5,39,50,391,31,19,10,39,21,0,27,0.43,0.17,0.47,10,21,0,70,0,24,79,14.9,2.42
5052,5053,324358,48,6,3,7,,4779,12,19,13,16.8,55,62,459,45,12,4,20,26,0,11,0.53,0.36,0.47,5,32,0,49,5,37,100,16.8,2.99
5053,5054,324358,48,7,3,66,,4780,13,7,3,8.8,12,24,127,12,5,2,3,7,0,6,0.55,0.24,0.7,1,10,0,18,0,13,30,8.0,3.4
5054,5055,324377,70,4,2,17,,4781,7,2,2,2.3,43,12,332,14,27,6,2,14,0,25,0.18,0.18,0.2,12,4,0,11,0,9,24,2.3,1.85
5055,5056,324377,40,6,2,52,2087,4782,9,0,1,1.6,117,17,790,34,74,25,29,62,0,52,0.0,0.03,0.05,23,1,0,17,4,25,62,1.6,0.62
5056,5057,324377,40,6,2,52,2088,4782,9,0,1,1.6,117,17,790,34,74,25,29,62,0,52,0.0,0.03,0.05,23,1,0,17,4,25,62,1.6,0.62
5057,5058,324377,40,7,2,52,2642,4783,11,0,1,0.4,39,5,219,7,16,7,13,18,0,15,0.0,0.1,0.04,5,1,0,5,1,5,15,0.4,1.03
5058,5059,324804,110,2,5,41,373,4784,6,1,1,0.6,15,13,107,11,10,2,3,5,0,9,0.16,0.16,0.1,3,2,0,0,0,7,30,0.6,1.73
5059,5060,324804,110,2,5,41,374,4784,6,1,1,0.6,15,13,107,11,10,2,3,5,0,9,0.16,0.16,0.1,3,2,0,0,0,7,30,0.6,1.73
5060,5061,324804,110,3,5,21,746,4785,7,2,1,4.2,33,45,275,15,27,4,11,6,0,31,0.14,0.07,0.29,11,3,0,8,2,43,39,4.2,1.53
5061,5062,324804,16,5,4,154,1188,4786,9,4,0,3.3,12,27,163,11,5,0,2,5,0,5,0.5,0.0,0.41,1,4,1,7,2,10,22,3.3,2.51
5062,5063,324804,16,7,5,28,,4787,11,0,0,0.4,11,6,55,4,3,0,1,2,0,5,0.0,0.0,0.14,3,0,0,3,1,5,11,0.4,2.73
5063,5064,324811,35,1,5,27,,4788,5,3,1,3.7,30,53,266,12,14,5,9,13,0,11,0.26,0.09,0.32,4,4,0,11,1,41,31,3.7,3.51
5064,5065,324811,35,2,5,33,,4789,6,1,0,0.9,20,41,199,10,7,4,6,11,0,13,0.1,0.0,0.09,4,1,0,8,1,28,26,0.9,1.29
5065,5066,324811,35,3,4,52,,4790,7,4,4,3.9,46,55,382,23,14,9,10,13,0,21,0.2,0.2,0.2,6,8,0,7,0,42,71,3.9,2.24
5066,5067,324811,35,4,5,52,,4791,8,4,4,3.5,44,73,442,23,21,6,8,19,0,22,0.19,0.19,0.17,8,8,0,16,1,41,51,3.5,2.16
5067,5068,324811,82,5,3,14,1417,4792,9,9,3,6.5,63,109,485,20,26,14,7,19,0,28,0.34,0.11,0.24,12,12,0,21,2,63,63,6.5,2.21
5068,5069,324811,82,6,5,9,,4793,10,5,3,3.6,52,56,304,21,12,2,10,11,1,16,0.36,0.22,0.26,6,8,0,9,2,48,56,3.6,2.09
5069,5070,324811,82,7,3,20,2595,4794,11,4,0,4.0,19,49,213,13,23,5,7,11,0,18,0.33,0.0,0.33,10,4,0,11,3,20,29,2.5,2.06
5070,5071,325993,69,5,2,25,,4795,11,0,0,0.1,15,2,115,6,10,5,17,7,0,16,0.0,0.0,0.02,7,0,0,50,0,3,9,0.1,0.46
5071,5072,326029,63,4,3,43,1008,4796,7,5,3,4.6,39,61,394,21,13,10,11,10,0,13,0.27,0.16,0.24,7,8,0,9,2,34,63,4.6,2.51
5072,5073,326029,63,5,3,102,,4797,8,9,6,9.1,60,87,463,29,13,4,11,14,0,12,0.47,0.32,0.48,5,15,0,6,1,37,80,9.1,3.38
5073,5074,326029,63,6,5,37,,4798,9,13,1,9.5,57,73,410,22,11,2,8,11,0,6,0.66,0.05,0.48,2,14,0,7,6,49,74,9.5,3.64
5074,5075,326029,63,7,5,7,2495,4799,10,3,0,2.8,17,23,133,1,0,3,6,2,0,2,0.45,0.0,0.43,0,3,0,1,1,9,12,2.8,2.7
5075,5076,326300,66,1,5,23,147,4800,5,3,3,5.5,136,135,933,34,40,19,10,20,0,39,0.11,0.11,0.19,16,6,0,17,6,123,100,4.7,1.27
5076,5077,326300,66,2,2,32,342,4801,6,1,1,0.8,6,4,28,1,3,0,1,1,0,1,1.14,1.14,0.86,1,2,0,2,0,5,3,0.8,2.28
5077,5078,326300,34,4,8,42,,4802,8,0,1,0.2,16,7,139,8,5,0,0,2,0,5,0.0,0.45,0.08,4,1,1,0,3,5,13,0.2,1.36
5078,5079,326330,24,2,2,18,349,4803,7,2,2,1.3,146,77,1519,25,26,21,9,17,1,22,0.09,0.09,0.06,7,4,0,14,6,74,52,1.3,0.17
5079,5080,326330,24,3,8,123,,4804,8,3,4,4.8,238,95,2575,49,44,38,29,20,0,35,0.09,0.11,0.14,15,7,2,39,2,103,89,4.8,0.49
5080,5081,326330,24,4,2,66,,4805,9,3,3,4.8,206,78,1504,43,35,20,16,19,1,23,0.11,0.11,0.18,12,6,0,25,9,71,83,4.8,0.62
5081,5082,326330,24,5,2,55,,4806,10,2,4,2.4,279,92,2089,45,46,35,22,11,0,41,0.07,0.14,0.09,17,6,1,32,19,95,110,2.4,0.64
5082,5083,326330,24,6,2,55,,4807,11,2,0,0.7,168,69,1542,21,43,14,28,18,0,19,0.11,0.0,0.04,8,2,1,23,12,52,60,0.7,0.39
5083,5084,326330,24,7,2,31,,4808,12,1,1,0.2,21,5,173,5,1,1,0,3,0,1,0.38,0.38,0.1,0,2,0,1,1,7,10,0.2,0.77
5084,5085,326416,76,3,1,86,,4809,11,2,0,1.3,31,2,637,0,20,11,71,18,0,10,0.1,0.0,0.06,7,2,0,34,0,1,1,1.3,0.4
5085,5086,327126,109,1,4,29,,4810,8,1,0,2.7,35,15,296,2,33,11,25,14,0,14,0.08,0.0,0.22,6,1,1,26,1,10,10,2.7,0.83
5086,5087,327126,109,7,5,59,,4811,14,2,0,0.9,5,5,89,2,11,6,7,9,0,10,0.3,0.0,0.13,2,2,1,14,1,3,6,0.9,0.74
5087,5088,327863,2,4,1,74,,4812,11,0,3,1.6,142,114,1688,45,72,58,48,32,0,71,0.0,0.08,0.04,37,3,0,28,1,71,97,1.6,0.84
5088,5089,328658,52,4,1,14,918,4813,8,1,3,0.8,82,30,627,8,29,26,74,19,0,21,0.05,0.14,0.04,13,4,0,49,2,25,33,0.8,0.32
5089,5090,328658,52,6,1,37,,4814,10,2,1,1.3,61,22,610,12,38,25,79,26,0,36,0.1,0.05,0.06,23,3,1,63,1,11,27,1.3,0.59
5090,5091,328658,52,7,1,16,,4815,11,0,0,0.5,27,15,265,3,9,6,23,8,0,12,0.0,0.0,0.06,4,0,0,13,0,7,9,0.5,0.38
5091,5092,329373,141,7,2,29,,4816,10,1,0,0.6,23,7,189,4,19,10,15,13,0,10,0.1,0.0,0.06,5,1,1,16,0,5,20,0.6,0.97
5092,5093,330208,27,7,1,3,2643,4817,11,2,0,1.3,26,9,266,1,15,9,20,11,0,12,0.25,0.0,0.17,10,2,0,11,0,8,6,1.3,0.63
5093,5094,330223,121,1,3,58,,4818,8,6,1,8.0,31,29,251,27,18,5,44,14,0,24,0.31,0.05,0.42,3,7,0,124,1,15,53,8.0,3.24
5094,5095,330659,5,1,3,32,69,4819,4,1,6,1.3,35,68,344,36,28,7,12,17,0,23,0.07,0.4,0.09,10,7,0,10,0,41,73,1.3,1.41
5095,5096,330659,5,2,3,11,,4820,5,4,1,2.5,49,56,388,21,17,6,7,15,1,16,0.24,0.06,0.15,7,5,0,7,0,54,59,2.5,2.02
5096,5097,330659,75,4,2,10,977,4821,7,4,5,2.8,56,83,423,35,19,14,6,13,1,21,0.19,0.24,0.14,5,9,0,14,5,63,64,2.8,1.45
5097,5098,330659,75,4,2,10,978,4821,7,4,5,2.8,56,83,423,35,19,14,6,13,1,21,0.19,0.24,0.14,5,9,0,14,5,63,64,2.8,1.45
5098,5099,330659,20,5,5,16,1300,4822,8,6,0,6.6,33,58,276,23,17,7,4,4,0,12,0.37,0.0,0.41,6,6,0,8,0,33,61,5.9,2.67
5099,5100,330659,20,5,5,16,1301,4822,8,6,0,6.6,33,58,276,23,17,7,4,4,0,12,0.37,0.0,0.41,6,6,0,8,0,33,61,5.9,2.67
5100,5101,330659,100,6,4,5,1819,4823,9,7,1,6.2,50,65,288,21,28,8,11,16,0,30,0.33,0.05,0.29,8,8,0,12,0,37,59,6.2,2.63
5101,5102,330659,100,7,4,24,,4824,10,6,2,6.1,40,25,211,18,13,8,13,13,0,8,0.51,0.17,0.52,3,8,1,6,2,18,39,2.2,2.47
5102,5103,331362,142,7,3,17,,4825,12,1,1,2.2,17,16,121,10,5,2,11,4,0,4,0.12,0.12,0.27,2,2,0,39,2,7,26,2.2,2.1
5103,5104,331389,118,3,7,119,,4826,8,1,0,0.3,20,12,133,1,9,6,6,8,0,20,0.22,0.0,0.07,5,1,0,10,0,4,3,0.3,1.53
5104,5105,331496,129,1,6,1,,4827,3,0,1,0.1,17,29,320,3,20,8,10,15,0,17,0.0,0.1,0.01,10,1,0,8,0,17,18,0.1,0.2
5105,5106,331496,129,6,4,17,,4828,8,2,0,0.7,12,20,188,5,11,1,4,6,0,8,0.36,0.0,0.12,6,2,0,2,1,10,14,0.7,0.89
5106,5107,331496,47,7,4,28,2717,4829,10,2,0,0.8,3,2,48,0,8,0,1,2,0,7,0.81,0.0,0.34,5,2,0,1,0,2,2,0.8,1.21
5107,5108,331505,24,3,1,34,,4830,6,2,2,1.0,99,23,1545,8,52,20,48,19,0,53,0.09,0.09,0.05,30,4,2,14,0,32,21,1.0,0.57
5108,5109,331505,24,4,1,9,,4831,7,0,1,0.3,43,13,652,9,25,9,22,5,0,23,0.0,0.1,0.03,16,1,1,9,2,16,13,0.3,0.2
5109,5110,331505,15,6,7,28,,4832,9,2,2,2.6,170,74,1478,48,62,17,49,38,0,80,0.06,0.06,0.08,37,4,2,16,9,76,106,2.6,0.84
5110,5111,331505,15,7,8,20,,4833,10,2,5,0.7,80,41,781,20,20,9,20,15,0,34,0.13,0.33,0.04,16,7,3,6,1,30,48,0.7,0.99
5111,5112,331560,58,2,1,21,320,4834,5,1,3,1.1,177,73,1374,18,42,49,78,34,0,41,0.04,0.11,0.04,22,4,1,56,0,46,44,1.1,0.68
5112,5113,331560,58,3,1,16,,4835,6,2,0,2.1,150,56,1366,8,47,54,106,37,0,34,0.07,0.0,0.07,21,2,0,91,0,39,38,2.1,0.53
5113,5114,331560,41,6,1,26,,4836,9,2,1,1.5,72,17,574,6,20,18,33,10,1,18,0.16,0.08,0.12,11,3,0,25,2,14,17,1.5,1.33
5114,5115,331726,55,2,3,16,,4837,6,15,3,16.4,34,31,275,21,8,6,27,20,0,14,0.61,0.12,0.67,3,18,0,89,2,17,57,16.4,3.58
5115,5116,331726,55,3,3,7,,4838,7,6,1,5.9,11,12,149,9,7,5,17,6,0,7,0.52,0.09,0.51,1,7,0,38,0,5,17,5.9,2.77
5116,5117,331726,5,4,3,7,1047,4839,8,17,4,20.7,70,41,485,38,27,5,27,17,0,22,0.5,0.12,0.6,9,21,0,78,5,31,94,18.4,2.68
5117,5118,331726,5,5,3,65,,4840,9,8,3,10.8,54,35,342,33,17,3,14,10,0,16,0.33,0.12,0.45,3,11,0,80,4,20,70,10.8,2.55
5118,5119,332560,84,5,7,40,,4841,13,4,3,1.3,54,59,719,20,45,21,27,21,1,34,0.16,0.12,0.05,21,7,0,15,0,41,42,1.3,0.74
5119,5120,332560,84,6,1,14,,4842,14,4,0,1.7,26,22,383,13,24,7,8,13,0,20,0.32,0.0,0.13,15,4,0,12,0,15,24,1.7,1.28
5120,5121,332560,84,7,7,14,,4843,16,0,0,1.3,11,15,215,7,13,5,7,7,1,10,0.0,0.0,0.22,9,0,0,6,0,6,17,1.3,1.49
5121,5122,332697,112,1,4,38,,4844,4,1,4,3.0,59,29,488,19,28,36,46,28,0,35,0.05,0.21,0.16,11,5,1,85,3,30,44,3.0,1.29
5122,5123,332697,112,2,8,11,,4845,5,3,0,2.7,94,34,844,17,38,46,39,38,0,40,0.13,0.0,0.12,13,3,0,63,3,34,50,2.7,1.39
5123,5124,332697,68,3,2,11,747,4846,6,5,2,4.9,79,35,659,27,34,28,26,21,0,33,0.26,0.11,0.26,12,7,0,29,1,27,55,4.9,1.53
5124,5125,332697,68,3,2,11,748,4846,6,5,2,4.9,79,35,659,27,34,28,26,21,0,33,0.26,0.11,0.26,12,7,0,29,1,27,55,4.9,1.53
5125,5126,332697,68,4,2,26,1128,4847,7,3,0,2.1,51,30,424,20,20,23,20,17,0,26,0.2,0.0,0.14,8,3,0,29,2,15,39,2.1,1.51
5126,5127,332697,45,5,2,26,1566,4848,8,0,1,0.8,82,14,472,13,30,22,26,22,0,29,0.0,0.06,0.05,10,1,0,25,4,16,29,0.8,0.81
5127,5128,332697,45,5,2,26,1567,4848,8,0,1,0.8,82,14,472,13,30,22,26,22,0,29,0.0,0.06,0.05,10,1,0,25,4,16,29,0.8,0.81
5128,5129,332697,68,6,8,10,,4849,9,0,7,3.0,92,64,898,41,48,18,69,28,0,27,0.0,0.24,0.1,17,7,0,37,3,39,82,3.0,0.8
5129,5130,332697,68,7,8,26,,4850,11,2,2,1.1,26,6,246,5,8,6,3,7,0,4,0.29,0.29,0.15,2,4,0,6,1,9,16,1.1,0.86
5130,5131,332705,93,1,2,30,135,4851,4,0,2,0.1,64,19,424,5,29,16,8,17,0,26,0.0,0.25,0.01,11,2,0,17,4,19,12,0.1,0.25
5131,5132,332705,93,2,8,47,,4852,5,0,0,0.4,34,11,584,7,22,14,14,16,0,25,0.0,0.0,0.04,12,0,0,14,0,9,19,0.4,0.66
5132,5133,332705,93,3,8,141,,4853,6,1,1,1.3,113,27,1173,14,35,29,30,22,0,31,0.05,0.05,0.07,17,2,0,21,0,31,37,1.3,0.34
5133,5134,332705,100,7,2,16,,4854,10,0,0,1.1,19,2,169,4,26,18,11,6,0,16,0.0,0.0,0.21,11,0,0,7,1,4,12,1.1,0.99
5134,5135,332889,71,1,2,32,,4855,8,4,5,6.0,232,72,1631,85,86,33,19,46,0,65,0.11,0.14,0.17,26,9,0,35,6,58,175,4.4,1.98
5135,5136,332889,49,2,2,16,375,4856,9,0,2,2.3,99,39,1089,28,76,36,16,30,0,63,0.0,0.1,0.12,22,2,2,25,2,28,55,1.6,1.81
5136,5137,332889,49,3,2,37,,4857,10,1,2,0.7,108,30,1186,12,93,28,21,32,0,85,0.05,0.1,0.03,43,3,1,25,3,23,43,0.7,0.81
5137,5138,332889,49,4,8,16,,4858,11,0,1,2.4,195,52,1753,17,77,33,14,26,0,60,0.0,0.04,0.1,28,1,0,19,5,56,58,2.4,1.15
5138,5139,332889,49,5,2,5,,4859,12,1,2,1.7,238,57,1855,32,93,54,38,50,0,77,0.03,0.06,0.05,41,3,1,43,6,52,72,1.7,0.65
5139,5140,332889,49,6,2,10,,4860,13,0,0,0.6,73,19,504,9,23,15,18,16,0,26,0.0,0.0,0.06,14,0,0,9,8,14,28,0.6,1.06
5140,5141,332889,49,7,8,16,,4861,15,1,0,0.6,24,13,354,3,17,11,14,14,0,13,0.19,0.0,0.11,8,1,1,2,0,5,9,0.6,0.74
5141,5142,333014,108,2,2,42,458,4862,6,1,1,0.6,52,18,298,2,22,10,16,15,0,10,0.1,0.1,0.06,5,2,0,35,0,8,7,0.6,0.48
5142,5143,333014,108,3,2,11,,4863,7,1,1,1.2,39,39,378,13,16,4,18,11,0,15,0.08,0.08,0.1,7,2,0,16,0,30,23,0.4,0.72
5143,5144,333014,56,6,2,10,1840,4864,10,1,2,1.9,164,64,1376,29,76,23,60,49,1,58,0.03,0.06,0.06,34,3,2,64,7,57,67,1.9,0.75
5144,5145,333241,8,1,5,48,,4865,6,7,5,8.3,72,53,558,43,35,14,8,36,0,30,0.3,0.21,0.35,10,12,0,62,2,46,89,8.3,2.37
5145,5146,333241,83,2,3,22,338,4866,7,2,2,5.5,56,47,637,30,34,11,30,32,0,32,0.07,0.07,0.18,9,4,0,169,3,37,71,5.5,1.68
5146,5147,333241,83,3,5,26,,4867,8,4,2,5.4,39,34,427,17,33,9,24,30,0,37,0.18,0.09,0.25,14,6,0,81,0,21,54,4.6,1.95
5147,5148,333241,83,4,4,45,,4868,9,4,1,3.3,92,45,718,29,72,34,50,46,0,61,0.14,0.04,0.12,26,5,2,99,1,42,67,3.3,1.58
5148,5149,333241,83,5,4,10,,4869,10,6,1,7.1,130,64,1035,26,70,48,39,52,0,62,0.2,0.03,0.24,26,7,0,66,3,45,80,7.1,1.72
5149,5150,333241,83,6,4,93,,4870,11,2,1,3.1,56,29,524,23,39,19,11,23,0,38,0.14,0.07,0.22,14,3,1,18,3,24,47,3.1,1.34
5150,5151,333241,83,7,4,7,,4871,13,2,0,2.2,68,22,488,15,33,12,26,22,0,24,0.14,0.0,0.15,13,2,1,31,4,12,36,2.2,1.71
5151,5152,333361,133,5,1,3,,4872,8,1,0,0.4,32,13,664,2,29,15,53,20,0,23,0.06,0.0,0.02,14,1,0,11,0,6,11,0.4,0.18
5152,5153,333383,3,4,2,27,1159,4873,10,0,0,0.2,26,2,334,4,27,16,14,11,0,26,0.0,0.0,0.02,11,0,0,7,0,3,10,0.2,0.31
5153,5154,333516,104,2,2,30,,4874,6,1,1,1.6,100,48,806,27,73,34,50,47,0,81,0.03,0.03,0.05,28,2,0,20,1,36,69,1.6,1.19
5154,5155,333516,81,4,2,28,,4875,8,0,0,0.4,40,10,219,6,31,25,31,15,0,42,0.0,0.0,0.03,15,0,1,17,0,10,24,0.4,0.91
5155,5156,333647,62,1,5,17,,4876,3,0,0,0.8,5,3,29,5,4,3,5,2,0,2,0.0,0.0,0.28,1,0,0,4,1,6,9,0.8,2.08
5156,5157,333647,62,2,5,60,,4877,4,1,0,0.7,3,5,37,1,9,0,1,6,0,8,0.36,0.0,0.27,3,1,0,1,0,3,4,0.7,2.49
5157,5158,333647,62,3,5,40,,4878,5,2,0,3.7,33,39,280,14,27,8,15,20,0,19,0.13,0.0,0.24,11,2,0,20,2,26,35,3.7,1.9
5158,5159,333647,62,4,5,33,,4879,6,11,3,12.8,64,65,399,32,17,8,16,31,0,25,0.38,0.1,0.44,6,14,0,36,0,37,79,12.0,2.69
5159,5160,333647,62,5,4,45,,4880,7,1,2,3.0,14,9,71,7,3,1,1,6,0,4,0.17,0.34,0.5,1,3,0,8,2,7,20,2.2,3.38
5160,5161,333647,62,6,5,5,,4881,8,8,2,6.1,28,36,266,15,12,3,2,16,0,11,0.47,0.12,0.36,4,10,0,13,2,25,41,5.3,2.34
5161,5162,333647,62,7,3,5,,4882,9,10,1,7.3,23,13,184,10,5,0,11,6,0,4,0.86,0.09,0.62,1,11,0,10,1,11,26,6.5,2.57
5162,5163,334186,81,3,2,2,,4883,7,0,0,0.3,57,13,437,6,38,18,22,19,0,42,0.0,0.0,0.02,19,0,1,39,0,14,17,0.3,0.5
5163,5164,334186,81,4,2,13,,4884,8,0,0,0.4,58,4,371,6,35,19,27,17,0,32,0.0,0.0,0.03,15,0,1,37,0,8,18,0.4,0.79
5164,5165,334213,33,6,4,13,1928,4885,9,1,1,2.3,17,11,107,10,9,2,2,7,0,9,0.17,0.17,0.39,4,2,0,5,2,11,20,2.3,2.18
5165,5166,334213,33,7,4,74,,4886,11,1,1,2.7,10,7,89,6,4,0,4,5,0,9,0.24,0.24,0.64,2,2,0,4,3,7,10,1.9,1.89
5166,5167,334221,81,3,1,3,,4887,7,1,1,1.2,86,21,1269,6,58,66,160,48,0,33,0.03,0.03,0.04,20,2,3,69,0,4,19,1.2,0.47
5167,5168,334221,81,4,1,52,,4888,8,0,0,0.8,63,7,902,5,58,50,132,37,0,51,0.0,0.0,0.03,32,0,1,57,0,2,13,0.8,0.53
5168,5169,334221,111,5,1,9,1619,4889,9,2,1,0.7,84,14,943,5,46,30,94,23,0,40,0.09,0.05,0.03,24,3,1,68,0,12,19,0.7,0.51
5169,5170,334222,76,3,3,74,566,4890,9,7,2,5.2,54,43,491,14,47,19,21,37,1,49,0.23,0.07,0.17,10,9,0,43,1,29,43,5.2,1.94
5170,5171,334222,76,3,3,74,567,4890,9,7,2,5.2,54,43,491,14,47,19,21,37,1,49,0.23,0.07,0.17,10,9,0,43,1,29,43,5.2,1.94
5171,5172,334222,76,4,3,40,855,4891,10,7,3,4.6,37,37,306,22,27,2,23,24,0,24,0.37,0.16,0.24,9,10,0,31,1,32,47,4.6,2.57
5172,5173,334222,76,5,3,16,,4892,11,7,2,8.3,63,58,510,29,36,15,46,33,1,35,0.26,0.07,0.3,17,9,0,49,2,33,75,7.5,2.6
5173,5174,334222,36,6,3,6,1820,4893,12,6,3,6.2,65,36,454,26,50,10,46,35,1,34,0.21,0.11,0.22,14,9,0,58,2,42,78,6.2,1.98
5174,5175,334526,65,1,2,11,,4894,6,4,0,3.8,90,56,629,16,40,26,20,38,0,30,0.18,0.0,0.18,12,4,0,16,2,41,39,3.8,1.65
5175,5176,334526,65,2,8,11,,4895,7,2,2,2.3,91,43,769,11,49,37,31,39,0,39,0.09,0.09,0.11,20,4,1,21,5,34,35,2.3,1.06
5176,5177,334526,65,3,8,94,,4896,8,1,1,1.5,57,29,564,9,30,23,29,20,0,20,0.06,0.06,0.09,11,2,1,13,1,15,21,1.5,0.7
5177,5178,334526,68,4,2,7,979,4897,9,1,1,1.5,14,8,129,3,11,11,7,16,0,11,0.15,0.15,0.22,3,2,0,2,0,9,9,1.5,1.36
5178,5179,334526,13,6,8,10,2147,4898,11,4,0,1.4,107,27,1081,11,38,47,41,39,2,30,0.17,0.0,0.06,12,4,0,10,2,39,36,1.4,1.09
5179,5180,334526,13,7,2,26,,4899,13,2,2,1.9,30,8,399,4,12,14,22,10,0,11,0.22,0.22,0.2,7,4,0,5,2,11,14,1.9,0.97
5180,5181,334835,10,1,2,69,120,4900,6,2,0,1.2,64,20,481,20,32,9,22,13,0,31,0.14,0.0,0.08,11,2,1,31,2,16,35,1.2,1.35
5181,5182,334835,10,2,2,9,,4901,7,1,3,0.8,77,19,457,23,26,9,12,14,0,27,0.09,0.27,0.07,12,4,1,18,3,16,35,0.8,1.54
5182,5183,334835,10,3,2,6,,4902,8,4,1,4.6,111,31,1048,26,33,32,42,21,0,58,0.14,0.03,0.16,16,5,1,25,1,24,58,4.6,1.56
5183,5184,334835,6,5,2,20,,4903,10,1,0,1.8,22,14,214,8,6,7,8,9,0,8,0.18,0.0,0.32,3,1,0,14,2,8,13,1.8,1.93
5184,5185,334835,73,6,2,6,2089,4904,11,0,0,0.6,53,11,442,16,20,14,29,18,0,27,0.0,0.0,0.05,10,0,0,8,1,15,27,0.6,0.93
5185,5186,334835,73,6,2,6,2090,4904,11,0,0,0.6,53,11,442,16,20,14,29,18,0,27,0.0,0.0,0.05,10,0,0,8,1,15,27,0.6,0.93
5186,5187,335103,121,1,5,2,,4905,4,1,3,1.6,52,61,374,15,28,14,4,20,0,23,0.06,0.19,0.1,12,4,0,3,2,40,45,1.6,1.4
5187,5188,335103,30,5,5,40,1302,4906,8,3,7,4.6,61,90,474,35,18,5,9,19,0,30,0.12,0.28,0.19,7,10,0,1,1,53,71,4.6,1.41
5188,5189,335103,30,6,5,52,,4907,9,1,3,1.9,61,109,484,20,18,6,12,12,0,28,0.05,0.14,0.09,9,4,0,0,0,64,58,1.9,1.56
5189,5190,335147,82,1,4,48,95,4908,6,0,1,2.1,38,35,304,22,15,5,3,14,0,15,0.0,0.1,0.21,6,1,0,12,0,30,46,2.1,2.24
5190,5191,335147,82,2,7,14,,4909,7,1,1,0.6,23,14,194,4,8,8,6,4,1,13,0.15,0.15,0.09,3,2,0,8,1,14,20,0.6,1.99
5191,5192,335147,82,3,7,80,,4910,8,1,6,1.0,118,61,1021,26,41,39,46,27,0,38,0.04,0.22,0.04,26,7,0,41,1,72,78,1.0,0.66
5192,5193,335147,82,4,6,14,,4911,9,1,0,1.6,52,54,551,11,22,21,31,22,1,22,0.06,0.0,0.09,13,1,0,25,0,41,34,1.6,1.17
5193,5194,335147,73,5,1,52,1418,4912,10,0,1,0.6,27,23,312,7,12,8,16,9,0,10,0.0,0.13,0.08,6,1,1,15,0,22,22,0.6,1.68
5194,5195,335147,73,6,7,33,,4913,11,1,2,0.5,41,23,397,12,12,11,28,15,0,11,0.09,0.17,0.05,6,3,0,23,0,20,27,0.5,1.05
5195,5196,335721,25,3,7,25,,4914,7,0,0,0.5,149,50,1491,8,49,62,56,46,1,57,0.0,0.0,0.01,24,0,0,49,1,41,32,0.5,0.28
5196,5197,335721,41,4,1,26,1048,4915,8,0,0,1.0,124,38,1554,13,44,42,102,42,0,45,0.0,0.0,0.03,28,0,0,60,5,15,33,1.0,0.37
5197,5198,335721,41,5,1,7,,4916,9,2,5,1.3,249,64,1888,26,60,22,79,47,0,70,0.06,0.15,0.04,42,7,1,33,6,46,64,1.3,0.29
5198,5199,335721,41,6,1,8,,4917,10,4,4,1.2,192,44,1828,38,48,32,77,48,0,58,0.12,0.12,0.03,26,8,1,36,5,34,86,1.2,0.39
5199,5200,335721,41,7,1,54,,4918,12,0,1,0.1,30,4,294,3,10,11,23,6,0,21,0.0,0.13,0.02,9,1,0,10,1,7,8,0.1,0.52
5200,5201,336125,16,3,6,3,749,4919,10,2,2,1.1,46,17,589,8,24,18,35,19,0,22,0.13,0.13,0.07,12,4,1,12,0,12,17,1.1,0.4
5201,5202,336125,16,4,1,9,,4920,11,0,3,1.2,114,44,904,22,38,20,51,27,0,36,0.0,0.14,0.05,20,3,0,24,0,37,44,1.2,0.82
5202,5203,336125,16,5,1,67,,4921,12,0,5,1.5,125,30,887,23,22,10,31,14,0,24,0.0,0.26,0.08,12,5,1,10,4,27,62,1.5,1.2
5203,5204,336125,16,6,1,14,,4922,13,0,3,0.4,91,30,762,18,17,13,28,12,0,16,0.0,0.2,0.02,11,3,0,5,2,28,38,0.4,0.59
5204,5205,336747,17,3,5,56,,4923,11,1,0,1.1,27,18,135,7,7,2,3,2,0,8,0.17,0.0,0.19,1,1,0,4,0,18,14,1.1,2.41
5205,5206,336960,110,3,1,112,750,4924,7,1,4,0.2,69,58,766,19,34,12,52,22,0,41,0.05,0.2,0.01,22,5,3,20,0,45,29,0.2,0.34
5206,5207,336960,91,4,7,6,1129,4925,8,0,2,0.6,46,35,508,9,28,9,16,13,0,18,0.0,0.17,0.05,8,2,0,14,0,29,13,0.6,0.76
5207,5208,336960,91,4,7,6,1130,4925,8,0,2,0.6,46,35,508,9,28,9,16,13,0,18,0.0,0.17,0.05,8,2,0,14,0,29,13,0.6,0.76
5208,5209,336960,40,6,1,28,2091,4926,10,0,0,0.2,44,44,434,8,25,2,35,17,0,28,0.0,0.0,0.01,20,0,0,13,1,22,19,0.2,0.25
5209,5210,336960,40,7,6,73,,4927,12,0,1,0.3,27,36,320,12,25,5,44,11,0,32,0.0,0.08,0.02,17,1,0,7,0,15,19,0.3,0.53
5210,5211,337036,121,1,4,44,70,4928,5,2,0,1.2,30,28,234,15,16,3,4,4,0,12,0.27,0.0,0.16,8,2,0,0,0,25,27,1.2,2.65
5211,5212,337036,94,6,4,17,2295,4929,10,0,0,0.1,13,6,57,6,5,0,2,1,0,5,0.0,0.0,0.06,2,0,0,1,1,2,9,0.1,1.71
5212,5213,337036,94,7,5,28,,4930,11,0,0,0.3,7,5,71,3,5,1,1,0,0,2,0.0,0.0,0.14,2,0,0,0,1,7,7,0.3,1.61
5213,5214,337066,109,1,4,30,,4931,8,2,2,1.9,69,76,442,24,51,12,10,15,0,47,0.1,0.1,0.1,20,4,0,3,0,48,71,1.9,1.79
5214,5215,337066,109,2,2,14,,4932,9,0,1,1.1,61,60,322,11,31,8,11,16,0,50,0.0,0.07,0.07,13,1,0,4,1,44,39,1.1,1.26
5215,5216,337066,109,3,4,108,,4933,10,2,0,0.8,54,35,272,13,31,5,3,15,0,42,0.19,0.0,0.07,15,2,0,6,1,25,46,0.8,1.39
5216,5217,337333,112,5,2,25,1351,4934,9,0,0,1.5,100,41,586,11,34,17,53,31,0,37,0.0,0.0,0.06,17,0,0,48,2,21,53,1.5,1.22
5217,5218,337333,44,6,2,67,1913,4935,10,0,0,1.7,44,15,340,5,19,11,30,15,0,20,0.0,0.0,0.11,8,0,0,16,3,16,23,1.7,1.18
5218,5219,337333,44,6,2,67,1914,4935,10,0,0,1.7,44,15,340,5,19,11,30,15,0,20,0.0,0.0,0.11,8,0,0,16,3,16,23,1.7,1.18
5219,5220,337333,53,7,2,9,2568,4936,11,0,0,0.8,52,25,368,6,41,16,27,21,0,17,0.0,0.0,0.04,9,0,0,17,4,14,22,0.8,0.75
5220,5221,337333,53,7,2,9,2569,4936,11,0,0,0.8,52,25,368,6,41,16,27,21,0,17,0.0,0.0,0.04,9,0,0,17,4,14,22,0.8,0.75
5221,5222,337381,106,2,1,27,,4937,7,1,0,0.4,42,14,694,3,20,33,96,38,1,17,0.05,0.0,0.02,6,1,1,47,1,3,8,0.4,0.29
5222,5223,337715,96,6,3,10,,4938,11,3,1,3.6,13,18,131,10,15,0,10,9,0,8,0.25,0.08,0.3,4,4,0,29,0,11,23,3.6,2.76
5223,5224,337716,67,1,4,14,,4939,5,1,0,0.7,4,6,74,2,4,1,4,3,0,2,0.33,0.0,0.24,1,1,0,2,0,4,1,0.7,0.67
5224,5225,337716,69,2,1,33,,4940,6,0,0,0.2,5,4,58,0,5,3,7,4,0,3,0.0,0.0,0.09,2,0,0,3,0,4,1,0.2,1.17
5225,5226,337725,27,1,3,80,211,4941,5,4,5,8.0,67,74,617,48,31,25,28,23,0,13,0.12,0.15,0.23,2,9,0,195,2,50,110,8.0,2.55
5226,5227,337725,70,2,5,16,449,4942,6,1,1,1.1,7,7,73,5,3,1,1,5,0,1,0.3,0.3,0.32,0,2,0,12,1,6,12,1.1,2.99
5227,5228,337725,70,2,5,16,450,4942,6,1,1,1.1,7,7,73,5,3,1,1,5,0,1,0.3,0.3,0.32,0,2,0,12,1,6,12,1.1,2.99
5228,5229,337725,70,3,3,70,751,4943,7,1,1,3.2,16,12,234,12,9,5,4,9,0,12,0.09,0.09,0.29,4,2,0,38,1,8,19,3.2,1.54
5229,5230,337725,70,5,3,20,,4944,9,4,4,5.3,54,50,468,39,27,12,8,15,0,14,0.19,0.19,0.26,7,8,0,62,1,32,83,5.3,2.03
5230,5231,337725,70,6,3,5,,4945,10,2,1,1.9,41,12,325,12,13,2,10,16,0,10,0.17,0.08,0.16,6,3,0,56,3,12,36,1.9,1.98
5231,5232,337725,70,7,5,32,2644,4946,12,0,1,1.0,15,7,131,9,12,2,9,2,0,3,0.0,0.15,0.15,0,1,0,27,0,6,22,1.0,1.39
5232,5233,337725,70,7,5,32,2645,4946,12,0,1,1.0,15,7,131,9,12,2,9,2,0,3,0.0,0.15,0.15,0,1,0,27,0,6,22,1.0,1.39
5233,5234,337798,46,4,1,59,,4947,8,0,1,0.2,37,31,447,9,22,4,10,12,0,24,0.0,0.07,0.01,12,1,0,9,0,32,23,0.2,0.33
5234,5235,337798,46,5,1,28,,4948,9,1,2,0.6,56,32,591,14,25,6,25,13,0,22,0.07,0.14,0.04,12,3,0,16,2,21,24,0.6,0.27
5235,5236,337811,122,6,8,29,,4949,11,0,0,0.7,61,42,604,25,19,11,27,19,0,24,0.0,0.0,0.04,10,0,1,15,2,25,48,0.7,0.58
5236,5237,337922,113,2,1,27,,4950,12,1,0,0.6,30,1,246,1,11,17,66,11,0,9,0.08,0.0,0.05,5,1,2,30,0,0,4,0.6,0.24
5237,5238,337922,113,3,1,129,,4951,13,3,1,3.3,25,4,417,2,7,23,54,8,0,5,0.24,0.08,0.27,1,4,2,30,0,0,6,1.0,0.24
5238,5239,337946,17,3,8,86,,4952,11,1,0,0.8,28,33,327,7,21,14,12,7,0,31,0.07,0.0,0.05,12,1,0,10,1,26,18,0.8,0.7
5239,5240,338032,39,3,6,23,,4953,7,1,0,0.2,31,23,354,12,13,12,36,15,1,19,0.1,0.0,0.02,8,1,0,36,0,17,29,0.2,0.3
5240,5241,338285,98,1,1,41,,4954,6,0,0,1.1,39,0,469,3,15,28,60,20,0,11,0.0,0.0,0.09,7,0,2,43,1,2,5,1.1,1.02
5241,5242,338285,98,2,1,41,,4955,7,0,0,0.7,53,4,601,3,13,23,71,25,0,16,0.0,0.0,0.04,6,0,0,48,0,5,7,0.7,0.46
5242,5243,338285,98,3,1,11,,4956,8,1,1,1.8,65,10,988,6,23,32,110,19,0,15,0.04,0.04,0.08,10,2,0,61,1,8,11,1.8,0.51
5243,5244,338285,98,4,1,11,,4957,9,0,0,0.8,33,8,292,2,4,8,26,9,0,6,0.0,0.0,0.12,3,0,2,12,0,3,3,0.8,0.87
5244,5245,338285,15,5,1,21,1502,4958,10,0,0,1.2,146,31,1744,5,47,72,135,27,0,34,0.0,0.0,0.03,18,0,1,70,0,25,19,1.2,0.43
5245,5246,338285,15,6,1,6,2025,4959,11,1,0,1.4,106,10,1303,10,51,52,153,38,0,49,0.03,0.0,0.05,23,1,3,89,2,10,26,1.4,0.71
5246,5247,338425,16,1,8,9,,4960,8,2,3,1.0,45,63,535,35,31,8,14,20,0,34,0.12,0.18,0.06,14,5,0,17,3,54,72,1.0,1.33
5247,5248,338425,16,2,8,6,,4961,9,6,2,4.0,77,97,582,35,20,18,17,17,0,33,0.3,0.1,0.2,8,8,0,15,4,58,85,4.0,1.97
5248,5249,338425,16,3,2,106,752,4962,10,0,0,0.4,6,5,32,0,2,0,1,2,0,5,0.0,0.0,0.3,2,0,0,2,2,3,3,0.4,1.37
5249,5250,338425,98,4,2,41,,4963,11,3,6,5.2,77,59,548,43,45,16,20,40,0,51,0.12,0.25,0.22,11,9,0,49,7,39,77,4.5,1.87
5250,5251,338425,98,5,3,5,,4964,12,4,1,4.3,77,73,630,52,58,10,6,37,0,60,0.16,0.04,0.17,23,5,0,35,0,54,98,4.3,2.19
5251,5252,338425,98,6,3,16,,4965,13,7,3,5.2,30,61,373,33,23,5,13,23,0,24,0.4,0.17,0.29,7,10,0,20,4,35,60,4.4,1.75
5252,5253,338425,98,7,5,5,,4966,14,4,4,3.9,32,29,278,19,14,5,6,6,0,14,0.35,0.35,0.34,9,8,0,16,3,16,40,3.1,1.92
5253,5254,338629,30,2,1,14,459,4967,5,6,0,2.7,76,12,1008,5,37,42,99,32,1,39,0.22,0.0,0.1,20,6,0,71,1,8,20,2.7,0.66
5254,5255,338629,30,3,1,5,,4968,6,1,1,1.5,43,4,752,1,29,40,104,33,0,25,0.04,0.04,0.07,14,2,0,62,0,4,8,1.5,0.78
5255,5256,338629,74,4,1,5,980,4969,7,1,0,1.1,35,0,1007,3,30,42,97,29,0,25,0.04,0.0,0.05,16,1,1,63,0,1,5,1.1,0.58
5256,5257,338629,74,5,1,41,,4970,8,1,0,0.4,85,6,1062,1,29,31,83,27,0,22,0.05,0.0,0.02,16,1,1,51,0,3,7,0.4,0.19
5257,5258,338629,74,6,1,57,,4971,9,0,0,0.8,41,2,737,3,26,18,81,21,0,19,0.0,0.0,0.05,13,0,0,29,0,5,5,0.8,0.63
5258,5259,338629,74,7,1,25,,4972,10,2,0,0.8,11,0,173,0,7,9,26,13,0,6,0.29,0.0,0.11,2,2,0,24,0,1,3,0.8,0.86
5259,5260,338635,56,6,1,73,1797,4973,9,0,0,0.4,18,2,300,4,10,9,26,9,0,4,0.0,0.0,0.05,3,0,0,8,0,2,7,0.4,0.61
5260,5261,338668,111,6,2,33,1798,4974,9,0,3,0.4,66,10,746,15,64,41,56,41,0,70,0.0,0.15,0.02,30,3,0,12,2,9,27,0.4,0.6
5261,5262,338668,111,7,2,9,,4975,10,0,0,0.3,41,6,523,5,35,26,29,25,0,30,0.0,0.0,0.02,23,0,5,8,2,6,14,0.3,0.52
5262,5263,339314,25,5,5,9,,4976,11,5,0,4.5,10,12,122,8,7,0,1,4,0,8,0.72,0.0,0.65,2,5,0,5,3,6,22,4.5,3.87
5263,5264,339314,32,6,5,41,2148,4977,12,18,10,15.0,120,45,595,39,28,6,5,17,0,15,0.78,0.43,0.65,4,28,0,17,18,36,103,14.3,4.57
5264,5265,339314,32,6,5,41,2149,4977,12,18,10,15.0,120,45,595,39,28,6,5,17,0,15,0.78,0.43,0.65,4,28,0,17,18,36,103,14.3,4.57
5265,5266,339314,32,7,5,42,2496,4978,13,5,0,4.8,31,15,150,5,4,3,3,3,0,5,0.7,0.0,0.66,0,5,0,5,0,9,18,4.8,4.48
5266,5267,339808,96,1,1,11,37,4979,5,1,2,1.4,72,87,937,18,54,33,42,21,1,44,0.05,0.09,0.06,28,3,3,22,2,78,48,1.4,1.09
5267,5268,339808,51,2,1,16,485,4980,6,6,3,5.8,144,125,1645,42,56,43,62,34,0,53,0.19,0.1,0.19,33,9,2,43,2,110,101,5.8,1.6
5268,5269,339808,51,3,1,7,,4981,7,7,5,4.3,133,146,1527,42,48,34,64,29,0,38,0.21,0.15,0.13,19,12,5,50,1,101,94,4.3,1.44
5269,5270,339808,51,4,1,8,,4982,8,5,5,3.7,116,120,1404,51,53,23,29,16,2,40,0.17,0.17,0.12,29,10,3,25,4,88,104,2.8,1.33
5270,5271,339808,51,5,1,54,,4983,9,4,3,4.1,128,108,1391,37,43,21,35,34,0,38,0.13,0.1,0.13,22,7,1,37,1,80,87,3.3,1.66
5271,5272,339808,51,6,1,55,,4984,10,5,4,4.9,166,115,1717,44,30,23,42,33,1,22,0.16,0.13,0.16,11,9,1,29,6,93,119,3.4,1.77
5272,5273,339808,51,7,1,55,,4985,12,2,2,1.3,46,30,522,16,14,12,29,9,1,13,0.18,0.18,0.12,7,4,2,12,2,12,38,0.5,1.09
5273,5274,339816,76,3,4,29,753,4986,8,2,5,1.7,48,45,539,15,31,13,28,20,0,39,0.09,0.22,0.07,9,7,0,21,0,33,38,1.7,0.85
5274,5275,339816,76,4,2,17,,4987,9,3,3,3.0,50,59,393,16,21,12,12,30,0,28,0.17,0.17,0.16,7,6,0,22,2,27,36,3.0,1.54
5275,5276,339816,76,5,8,23,,4988,10,4,0,4.2,63,60,571,16,33,25,28,23,0,36,0.17,0.0,0.18,15,4,0,35,0,39,53,4.2,2.0
5276,5277,339816,115,7,5,28,2742,4989,13,2,0,1.4,31,19,180,6,11,6,8,8,0,18,0.26,0.0,0.18,3,2,1,10,1,18,15,1.4,1.45
5277,5278,340070,16,2,4,13,,4990,7,1,1,1.2,19,13,94,6,13,1,3,1,1,12,0.23,0.23,0.28,2,2,0,4,0,5,22,1.2,3.39
5278,5279,340151,27,1,9,14,,4991,6,0,2,0.3,3,7,36,3,1,0,1,1,0,1,0.0,1.06,0.15,0,2,0,9,0,1,7,0.3,2.65
5279,5280,340151,27,2,3,6,,4992,7,0,0,1.3,11,14,133,7,8,0,7,5,0,11,0.0,0.0,0.18,4,0,0,29,1,11,16,1.3,1.91
5280,5281,340151,69,3,3,52,,4993,8,2,0,1.6,2,7,54,2,3,0,2,2,0,3,0.53,0.0,0.42,2,2,0,17,0,6,7,1.6,3.45
5281,5282,340205,98,5,3,27,1690,4994,10,6,1,6.1,37,15,286,14,24,4,8,23,0,24,0.38,0.06,0.39,11,7,0,29,0,10,39,6.1,3.23
5282,5283,340205,98,6,3,3,,4995,11,14,5,11.6,55,18,422,27,34,17,23,36,0,30,0.57,0.2,0.47,9,19,0,70,1,13,56,10.8,2.56
5283,5284,340205,98,7,3,16,,4996,13,5,2,2.8,14,3,171,9,8,5,11,20,0,16,0.46,0.18,0.26,4,7,0,20,0,7,14,2.8,2.49
5284,5285,340321,52,5,2,41,,4997,8,4,2,1.5,62,60,491,12,18,5,7,22,0,15,0.26,0.13,0.1,6,6,1,6,1,43,42,1.5,1.17
5285,5286,340322,37,3,5,61,,4998,6,1,1,1.6,9,19,99,6,8,3,2,13,0,15,0.12,0.12,0.2,6,2,0,1,0,18,21,1.6,2.05
5286,5287,340322,37,4,4,17,,4999,7,0,1,0.6,17,22,103,7,13,6,9,13,0,17,0.0,0.11,0.07,6,1,0,6,1,22,23,0.6,1.34
5287,5288,340322,9,6,7,5,1841,5000,9,5,2,3.5,28,35,279,14,13,3,8,10,0,10,0.55,0.22,0.38,5,7,0,5,1,15,36,3.5,2.31
5288,5289,340322,9,7,4,64,,5001,10,0,2,0.6,10,13,94,6,4,2,1,5,0,6,0.0,0.42,0.12,2,2,0,4,1,8,14,0.6,1.7
5289,5290,340324,41,2,3,20,514,5002,5,2,0,3.1,16,19,105,5,7,2,5,9,1,6,0.28,0.0,0.45,2,2,0,7,2,5,12,3.1,2.13
5290,5291,340324,41,3,3,5,,5003,6,2,1,1.8,6,6,76,8,3,0,5,6,0,2,0.43,0.21,0.38,0,3,0,7,0,1,11,1.8,2.55
5291,5292,340324,41,4,3,10,,5004,7,5,1,4.4,21,27,175,13,9,4,5,9,0,4,0.54,0.11,0.47,1,6,0,8,1,20,26,4.4,3.13
5292,5293,340324,41,5,3,37,,5005,8,4,1,8.2,15,32,205,9,13,1,7,7,0,10,0.33,0.08,0.68,2,5,0,10,0,16,29,8.2,3.39
5293,5294,340324,41,6,3,26,,5006,9,5,2,4.5,20,22,168,9,12,4,4,11,0,7,0.42,0.17,0.38,2,7,0,23,3,12,28,4.5,3.16
5294,5295,340324,29,7,4,43,2379,5007,10,0,1,1.4,10,27,109,10,12,1,5,6,0,9,0.0,0.16,0.22,5,1,0,9,0,15,19,1.4,3.11
5295,5296,340328,99,2,5,56,523,5008,6,5,1,2.9,30,54,275,8,18,7,5,11,0,26,0.32,0.06,0.19,10,6,0,5,2,40,27,2.9,1.68
5296,5297,340328,99,2,5,56,524,5008,6,5,1,2.9,30,54,275,8,18,7,5,11,0,26,0.32,0.06,0.19,10,6,0,5,2,40,27,2.9,1.68
5297,5298,340328,82,3,5,14,613,5009,7,9,0,5.6,23,76,377,14,18,14,6,12,0,23,0.4,0.0,0.25,8,9,0,12,0,35,36,5.6,1.33
5298,5299,340328,82,4,5,6,,5010,8,8,3,7.6,34,74,434,23,24,8,11,23,0,39,0.31,0.12,0.3,14,11,0,7,1,46,65,7.6,2.35
5299,5300,340328,82,5,3,41,,5011,9,4,2,4.3,22,34,236,13,24,4,10,21,1,27,0.28,0.14,0.3,13,6,0,10,1,37,44,4.3,2.59
5300,5301,340328,57,7,3,39,,5012,11,2,0,1.1,39,45,249,12,20,2,4,16,0,23,0.21,0.0,0.11,9,2,0,6,4,20,30,1.1,1.38
5301,5302,340329,41,2,4,6,,5013,4,1,1,1.6,41,39,287,12,25,4,11,16,0,21,0.11,0.11,0.17,8,2,2,8,2,24,31,1.6,1.58
5302,5303,340329,83,4,2,37,1049,5014,6,2,0,3.2,58,48,450,18,64,21,10,37,0,68,0.09,0.0,0.14,29,2,1,16,1,30,51,3.2,1.55
5303,5304,340329,83,5,2,42,,5015,7,3,6,7.0,121,97,777,39,51,25,17,54,0,58,0.11,0.21,0.25,25,9,0,16,4,62,85,7.0,2.04
5304,5305,340329,83,6,2,93,,5016,8,1,0,0.8,17,16,136,7,13,1,1,7,0,11,0.21,0.0,0.17,4,1,0,1,1,5,13,0.8,1.5
5305,5306,340329,83,7,4,43,,5017,10,0,1,0.7,21,17,141,11,13,3,5,11,0,14,0.0,0.17,0.11,9,1,0,1,0,13,21,0.7,1.54
5306,5307,340339,105,7,1,74,,5018,13,1,0,0.4,11,3,336,2,18,12,62,8,1,9,0.13,0.0,0.05,5,1,0,18,0,1,7,0.4,0.13
5307,5308,340376,129,7,3,5,2693,5019,9,3,0,2.7,13,13,158,4,3,2,3,4,0,5,0.32,0.0,0.29,2,3,0,6,0,6,8,1.9,1.84
5308,5309,340394,104,2,2,17,515,5020,7,4,1,3.1,42,15,346,7,20,8,18,9,0,27,0.34,0.09,0.26,9,5,1,26,0,10,36,2.3,3.52
5309,5310,340394,42,4,4,17,1001,5021,9,3,2,1.4,35,13,259,13,34,7,3,10,0,25,0.3,0.2,0.14,7,5,0,26,0,14,28,1.4,1.61
5310,5311,340394,42,4,4,17,1002,5021,9,3,2,1.4,35,13,259,13,34,7,3,10,0,25,0.3,0.2,0.14,7,5,0,26,0,14,28,1.4,1.61
5311,5312,340394,42,5,4,23,1568,5022,10,2,0,3.0,49,7,310,14,18,2,5,18,0,13,0.17,0.0,0.26,4,2,0,30,3,20,41,1.4,2.61
5312,5313,340394,42,5,4,23,1569,5022,10,2,0,3.0,49,7,310,14,18,2,5,18,0,13,0.17,0.0,0.26,4,2,0,30,3,20,41,1.4,2.61
5313,5314,340394,42,5,4,23,1570,5022,10,2,0,3.0,49,7,310,14,18,2,5,18,0,13,0.17,0.0,0.26,4,2,0,30,3,20,41,1.4,2.61
5314,5315,340394,42,5,4,23,1571,5022,10,2,0,3.0,49,7,310,14,18,2,5,18,0,13,0.17,0.0,0.26,4,2,0,30,3,20,41,1.4,2.61
5315,5316,340456,86,5,1,11,1198,5023,9,1,4,1.1,99,39,738,19,29,10,25,13,0,24,0.08,0.33,0.09,15,5,0,17,2,26,33,1.1,0.67
5316,5317,340456,86,6,1,49,,5024,10,0,3,0.9,103,34,865,15,32,20,27,14,0,21,0.0,0.23,0.07,13,3,1,19,0,23,36,0.9,0.9
5317,5318,340456,60,7,1,43,2570,5025,12,0,1,0.4,55,17,764,5,55,14,41,19,0,49,0.0,0.07,0.03,32,1,0,25,3,14,18,0.4,0.43
5318,5319,340459,33,7,4,9,2587,5026,11,2,0,1.3,15,2,176,4,15,7,13,10,0,17,0.26,0.0,0.16,9,2,1,18,1,4,9,1.3,1.31
5319,5320,340707,138,5,1,17,,5027,10,2,2,1.3,62,60,615,25,45,38,55,23,0,43,0.08,0.08,0.05,29,4,0,29,2,45,55,1.3,0.97
5320,5321,340853,109,5,1,28,,5028,10,1,0,0.7,74,21,962,3,43,46,116,32,0,26,0.04,0.0,0.03,17,1,0,46,1,9,16,0.7,0.34
5321,5322,340867,120,3,2,2,,5029,8,1,1,1.5,87,42,663,11,50,17,14,27,0,65,0.04,0.04,0.06,24,2,0,26,0,33,44,1.5,1.05
5322,5323,340950,72,1,5,5,117,5030,6,9,5,8.8,71,125,574,27,28,13,11,20,0,38,0.34,0.19,0.34,10,14,0,27,3,94,89,8.8,2.22
5323,5324,340950,72,2,3,22,,5031,7,7,1,11.5,68,131,682,29,28,9,10,17,0,48,0.28,0.04,0.45,12,8,2,28,4,93,102,11.5,2.72
5324,5325,340950,21,3,3,49,754,5032,8,9,0,6.4,43,54,321,12,12,5,3,9,0,29,0.73,0.0,0.51,2,9,0,14,1,42,37,6.4,3.72
5325,5326,340950,21,4,3,7,,5033,9,15,4,16.3,87,74,559,40,39,6,6,19,0,55,0.57,0.15,0.62,13,19,0,37,10,52,98,16.3,3.43
5326,5327,340950,21,5,3,55,,5034,10,7,4,6.5,30,34,286,17,23,3,11,5,0,37,0.56,0.32,0.52,12,11,0,18,3,26,33,6.5,2.79
5327,5328,340950,21,6,3,8,,5035,11,10,3,5.3,34,54,287,22,23,7,4,9,1,23,0.79,0.24,0.42,10,13,0,17,5,29,48,5.3,3.22
5328,5329,340950,21,7,3,8,,5036,13,3,2,3.2,12,18,95,6,4,3,4,2,0,8,0.51,0.34,0.55,3,5,0,14,0,12,15,3.2,2.9
5329,5330,341051,37,3,1,20,755,5037,8,0,2,1.0,89,92,1321,16,83,38,66,41,0,57,0.0,0.07,0.04,34,2,2,16,0,67,53,1.0,0.61
5330,5331,341051,37,4,1,10,,5038,9,1,2,1.1,147,134,1071,24,57,37,53,29,0,38,0.03,0.07,0.04,26,3,1,27,2,92,70,1.1,0.89
5331,5332,341051,37,5,1,42,,5039,10,1,0,1.0,97,102,1019,15,61,27,52,47,0,43,0.03,0.0,0.03,22,1,0,16,1,76,53,1.0,0.44
5332,5333,341051,37,7,1,11,,5040,12,0,2,0.3,62,57,806,9,20,11,43,15,0,19,0.0,0.13,0.02,9,2,0,5,1,27,22,0.3,0.6
5333,5334,341092,70,1,3,65,,5041,5,6,3,8.8,106,158,653,52,46,10,12,24,0,40,0.18,0.09,0.26,10,9,0,14,8,89,145,8.8,3.95
5334,5335,341092,70,2,9,55,,5042,6,10,6,12.2,96,108,602,48,38,6,6,19,0,52,0.34,0.2,0.42,10,16,0,8,11,55,112,10.6,3.72
5335,5336,341092,70,3,1,113,756,5043,7,1,1,0.8,8,13,90,5,6,1,3,3,0,8,0.37,0.37,0.31,3,2,0,1,0,5,10,0.8,3.75
5336,5337,341092,68,4,4,55,1077,5044,8,2,2,2.2,32,36,218,17,26,4,3,7,0,26,0.21,0.21,0.23,12,4,0,0,0,20,41,2.2,2.92
5337,5338,341092,68,5,7,66,1572,5045,9,2,5,1.5,34,46,246,20,22,0,1,13,0,14,0.21,0.53,0.15,5,7,0,1,1,28,41,1.5,2.75
5338,5339,341092,68,6,3,8,,5046,10,9,2,6.4,70,111,498,54,20,6,4,17,0,13,0.37,0.08,0.26,3,11,0,0,6,56,117,5.6,3.03
5339,5340,341110,15,4,2,9,926,5047,12,4,3,3.1,61,35,560,12,73,21,19,38,0,77,0.2,0.15,0.15,33,7,0,17,0,20,33,3.1,1.1
5340,5341,341110,15,5,8,9,,5048,13,0,4,2.3,69,45,620,27,76,36,16,33,1,66,0.0,0.19,0.11,33,4,0,12,1,38,61,2.3,1.09
5341,5342,341110,15,6,8,23,,5049,14,0,1,0.5,24,16,225,10,24,9,4,16,0,24,0.0,0.16,0.08,13,1,0,6,0,11,18,0.5,1.32
5342,5343,341227,112,2,1,9,260,5050,4,0,0,0.1,39,15,295,11,14,10,27,12,0,18,0.0,0.0,0.02,6,0,1,9,0,9,16,0.1,0.58
5343,5344,341227,112,2,1,9,261,5050,4,0,0,0.1,39,15,295,11,14,10,27,12,0,18,0.0,0.0,0.02,6,0,1,9,0,9,16,0.1,0.58
5344,5345,341227,80,3,1,14,757,5051,5,1,2,0.7,68,21,691,12,27,29,58,18,0,32,0.05,0.11,0.04,16,3,1,27,0,18,25,0.7,0.54
5345,5346,341227,80,3,1,14,758,5051,5,1,2,0.7,68,21,691,12,27,29,58,18,0,32,0.05,0.11,0.04,16,3,1,27,0,18,25,0.7,0.54
5346,5347,341227,80,4,1,9,856,5052,6,0,2,0.2,33,7,385,7,21,15,22,10,0,22,0.0,0.23,0.02,12,2,0,12,0,10,13,0.2,0.69
5347,5348,341227,80,5,1,9,,5053,7,3,2,2.4,73,26,588,21,23,20,63,20,1,29,0.18,0.12,0.14,14,5,0,21,2,22,38,2.4,1.28
5348,5349,341227,80,6,1,25,,5054,8,1,1,1.6,103,35,913,23,38,19,62,31,0,31,0.05,0.05,0.08,17,2,0,26,0,24,45,1.6,0.78
5349,5350,341227,58,7,1,32,2445,5055,9,0,3,0.3,64,16,577,20,18,13,16,12,0,17,0.0,0.29,0.03,9,3,0,16,2,11,34,0.3,1.06
5350,5351,341278,129,5,2,30,1691,5056,8,3,3,2.4,56,30,565,17,9,9,12,12,0,23,0.17,0.17,0.14,8,6,0,12,0,19,34,2.4,1.02
5351,5352,341278,129,6,2,23,2026,5057,9,5,4,2.9,143,84,1487,29,44,21,14,25,0,57,0.16,0.13,0.09,22,9,0,8,2,62,71,2.9,0.63
5352,5353,341278,129,7,2,16,,5058,10,1,0,0.7,79,31,756,16,16,5,3,12,0,19,0.09,0.0,0.06,6,1,1,2,1,31,35,0.7,0.35
5353,5354,341317,95,2,4,32,537,5059,7,1,2,2.9,16,49,218,6,19,8,16,24,0,23,0.06,0.13,0.18,10,3,0,40,1,23,18,2.9,1.32
5354,5355,341317,95,2,4,32,538,5059,7,1,2,2.9,16,49,218,6,19,8,16,24,0,23,0.06,0.13,0.18,10,3,0,40,1,23,18,2.9,1.32
5355,5356,341317,108,3,3,106,759,5060,8,1,1,2.1,19,30,178,15,16,2,6,24,0,24,0.07,0.07,0.15,5,2,0,30,1,20,27,2.1,1.77
5356,5357,341317,111,7,5,3,,5061,12,1,0,0.8,4,4,28,3,6,0,1,2,0,3,0.74,0.0,0.6,2,1,0,10,0,3,8,0.8,3.72
5357,5358,341501,57,1,2,13,,5062,5,0,0,0.5,21,3,205,5,24,15,13,12,0,15,0.0,0.0,0.07,9,0,0,5,0,5,15,0.5,0.61
5358,5359,341501,57,2,2,9,,5063,6,1,1,0.4,32,5,428,4,17,24,13,15,1,25,0.1,0.1,0.04,3,2,0,12,0,8,11,0.4,0.71
5359,5360,341501,57,3,2,20,,5064,7,0,0,0.4,15,3,192,0,8,4,9,4,0,10,0.0,0.0,0.11,4,0,1,6,0,1,3,0.4,1.14
5360,5361,341705,70,1,4,41,,5065,6,3,3,2.8,150,82,932,37,42,16,32,46,0,38,0.11,0.11,0.1,12,6,0,35,4,63,103,2.8,1.45
5361,5362,341705,49,4,4,24,,5066,9,9,4,4.9,94,61,1184,30,42,16,16,26,0,35,0.32,0.14,0.17,8,13,2,23,1,51,82,4.9,1.59
5362,5363,341705,49,5,2,42,,5067,10,2,0,0.8,21,9,150,4,6,2,4,5,0,5,0.43,0.0,0.18,3,2,0,8,0,7,12,0.8,1.94
5363,5364,341710,74,1,1,14,,5068,8,2,1,1.4,132,62,1309,39,82,85,127,41,0,75,0.07,0.03,0.05,35,3,3,50,0,52,78,1.4,0.84
5364,5365,341710,74,2,1,25,,5069,9,1,1,1.6,73,41,628,15,55,24,38,10,0,59,0.07,0.07,0.11,27,2,1,18,0,42,33,1.6,1.19
5365,5366,342039,94,2,2,89,,5070,4,0,0,0.1,5,1,47,1,2,4,4,3,0,6,0.0,0.0,0.04,0,0,0,3,0,0,2,0.1,1.03
5366,5367,342039,94,3,2,68,,5071,5,0,0,0.3,25,1,155,3,12,10,8,9,0,9,0.0,0.0,0.05,7,0,0,14,0,2,6,0.3,1.45
5367,5368,342039,94,4,2,71,,5072,6,0,0,1.0,17,3,126,3,11,1,8,7,0,15,0.0,0.0,0.18,5,0,0,10,1,3,8,1.0,1.79
5368,5369,342039,94,5,2,14,,5073,7,0,2,0.2,26,12,189,4,11,13,8,6,0,5,0.0,0.26,0.02,3,2,0,14,0,9,11,0.2,0.53
5369,5370,342039,94,6,7,14,,5074,8,1,0,0.7,48,4,443,2,20,12,44,17,0,15,0.1,0.0,0.07,10,1,3,23,0,3,11,0.7,0.59
5370,5371,342039,32,7,8,9,2571,5075,9,0,0,0.4,8,1,65,1,2,1,2,3,0,3,0.0,0.0,0.32,2,0,0,2,0,0,2,0.4,2.76
5371,5372,342048,64,1,4,17,,5076,5,0,1,0.5,21,20,196,12,20,1,4,11,0,14,0.0,0.15,0.08,5,1,0,7,0,14,28,0.5,1.48
5372,5373,342048,117,3,4,9,,5077,7,1,0,1.1,32,25,260,5,35,16,9,16,0,43,0.07,0.0,0.08,19,1,0,22,1,25,26,1.1,1.02
5373,5374,342209,26,2,2,14,376,5078,8,0,0,0.4,86,21,802,6,43,26,23,20,0,40,0.0,0.0,0.02,17,0,0,30,1,16,40,0.4,0.49
5374,5375,342209,26,2,2,14,377,5078,8,0,0,0.4,86,21,802,6,43,26,23,20,0,40,0.0,0.0,0.02,17,0,0,30,1,16,40,0.4,0.49
5375,5376,342209,26,4,2,28,,5079,10,0,0,1.1,63,3,437,11,10,19,21,24,0,20,0.0,0.0,0.08,3,0,0,15,1,1,23,1.1,0.51
5376,5377,342209,26,6,2,17,,5080,12,0,2,0.3,62,12,481,7,31,27,38,17,0,38,0.0,0.11,0.02,17,2,0,24,1,11,22,0.3,0.39
5377,5378,342226,61,2,5,17,460,5081,6,6,3,5.5,53,37,274,19,13,1,7,8,0,32,0.37,0.19,0.34,9,9,0,22,1,26,38,5.5,3.1
5378,5379,342226,61,3,3,6,,5082,7,8,1,7.7,34,46,320,20,10,9,23,17,0,22,0.35,0.04,0.34,4,9,2,23,2,26,40,7.7,2.44
5379,5380,342226,61,4,5,20,,5083,8,4,2,2.9,18,28,209,15,13,5,17,10,0,16,0.27,0.13,0.19,3,6,0,13,0,23,27,2.9,1.75
5380,5381,342226,61,5,5,9,1303,5084,9,0,0,0.2,4,3,34,3,2,2,2,3,0,3,0.0,0.0,0.07,0,0,0,4,1,1,3,0.2,1.55
5381,5382,342226,53,7,5,40,2475,5085,12,1,1,1.1,14,14,97,9,8,3,10,5,0,15,0.15,0.15,0.16,6,2,0,8,1,13,20,1.1,1.52
5382,5383,342226,53,7,5,40,2476,5085,12,1,1,1.1,14,14,97,9,8,3,10,5,0,15,0.15,0.15,0.16,6,2,0,8,1,13,20,1.1,1.52
5383,5384,342229,90,1,3,4,96,5086,4,33,7,28.0,97,114,632,47,8,5,2,2,1,6,1.27,0.27,1.08,1,40,0,1,8,66,121,26.4,4.72
5384,5385,342229,90,2,3,91,,5087,5,18,5,15.6,59,115,501,39,7,3,0,4,0,10,1.07,0.3,0.93,3,23,0,4,3,58,94,15.6,5.18
5385,5386,342229,90,3,3,12,,5088,6,27,7,22.1,80,163,789,33,4,3,4,7,0,9,1.02,0.26,0.83,2,34,1,5,1,101,108,17.4,3.71
5386,5387,342229,90,4,3,159,,5089,7,28,17,23.8,107,210,1139,70,11,5,13,6,0,13,0.83,0.51,0.71,7,45,0,4,7,122,181,20.7,4.26
5387,5388,342229,90,5,3,159,,5090,8,29,5,26.3,128,165,1096,55,10,5,6,5,0,16,0.93,0.16,0.84,5,34,0,8,8,126,143,22.2,4.6
5388,5389,342229,90,6,3,12,,5091,9,27,7,21.0,122,114,801,40,4,2,2,4,0,9,1.13,0.29,0.87,4,34,0,0,12,69,97,14.5,4.67
5389,5390,342385,80,2,2,41,246,5092,10,1,0,0.7,42,4,438,3,24,10,21,13,0,25,0.1,0.0,0.06,15,1,0,19,0,12,10,0.7,1.15
5390,5391,342385,80,3,2,41,,5093,11,1,0,2.3,127,14,1378,11,98,68,58,52,0,85,0.03,0.0,0.07,40,1,2,56,1,17,42,2.3,0.94
5391,5392,342385,80,4,2,16,,5094,12,1,2,1.0,123,13,1245,14,97,31,56,55,1,98,0.04,0.07,0.04,54,3,0,33,3,15,51,1.0,0.75
5392,5393,342385,80,5,2,26,,5095,13,1,0,1.2,123,11,1464,11,115,42,76,58,0,101,0.03,0.0,0.04,54,1,1,44,3,14,37,1.2,0.69
5393,5394,342385,80,6,2,49,,5096,14,2,0,0.7,65,8,888,4,53,29,44,27,0,55,0.1,0.0,0.03,34,2,0,20,1,13,24,0.7,0.88
5394,5395,342385,64,7,2,11,2718,5097,15,0,0,0.1,28,2,351,2,26,10,22,15,0,26,0.0,0.0,0.02,11,0,1,7,1,5,9,0.1,0.76
5395,5396,343052,31,1,5,20,,5098,8,22,11,21.1,116,139,982,70,27,13,11,33,0,35,0.6,0.3,0.57,8,33,1,42,16,134,176,13.3,2.92
5396,5397,343052,41,2,3,66,378,5099,9,5,6,4.9,67,98,610,39,32,8,5,15,0,16,0.22,0.27,0.22,8,11,0,21,10,64,72,4.1,2.19
5397,5398,343052,41,3,3,110,,5100,10,10,1,5.8,45,56,519,11,20,12,19,16,1,23,0.56,0.06,0.32,8,11,0,36,1,28,43,5.0,2.62
5398,5399,343052,41,4,5,93,,5101,11,1,2,2.6,17,20,283,12,8,8,2,9,0,9,0.13,0.26,0.34,3,3,0,18,1,11,36,2.6,2.97
5399,5400,343052,75,5,5,26,1659,5102,12,6,0,8.1,53,48,558,28,25,3,1,17,0,25,0.36,0.0,0.48,11,6,0,8,2,29,56,5.8,2.77
5400,5401,343052,75,5,5,26,1660,5102,12,6,0,8.1,53,48,558,28,25,3,1,17,0,25,0.36,0.0,0.48,11,6,0,8,2,29,56,5.8,2.77
5401,5402,343052,43,7,5,41,2399,5103,14,1,2,2.0,22,25,196,6,4,3,3,3,0,3,0.16,0.32,0.32,0,3,0,7,1,16,19,2.0,3.5
5402,5403,343463,109,5,3,39,1189,5104,12,8,3,7.5,17,25,170,16,9,0,15,6,0,7,0.49,0.18,0.46,3,11,0,43,1,15,33,5.9,3.0
5403,5404,343463,109,5,3,39,1190,5104,12,8,3,7.5,17,25,170,16,9,0,15,6,0,7,0.49,0.18,0.46,3,11,0,43,1,15,33,5.9,3.0
5404,5405,343463,109,5,3,39,1191,5104,12,8,3,7.5,17,25,170,16,9,0,15,6,0,7,0.49,0.18,0.46,3,11,0,43,1,15,33,5.9,3.0
5405,5406,343463,47,6,3,20,1821,5105,13,3,2,9.0,13,20,184,11,17,3,17,16,0,7,0.15,0.1,0.45,2,5,0,83,1,13,26,9.0,3.41
5406,5407,343463,47,6,3,20,1822,5105,13,3,2,9.0,13,20,184,11,17,3,17,16,0,7,0.15,0.1,0.45,2,5,0,83,1,13,26,9.0,3.41
5407,5408,343463,47,7,3,14,,5106,14,5,2,4.7,8,9,118,4,5,1,4,7,0,3,0.46,0.18,0.43,0,7,0,33,0,7,14,3.9,2.1
5408,5409,343475,78,2,1,33,,5107,6,0,0,0.7,76,23,1470,3,22,25,152,41,1,18,0.0,0.0,0.02,10,0,3,66,1,19,13,0.7,0.51
5409,5410,343475,22,3,1,141,760,5108,7,0,2,1.0,63,46,1109,4,55,33,120,56,0,41,0.0,0.07,0.03,27,2,0,57,1,27,12,1.0,0.47
5410,5411,343475,22,4,1,26,,5109,8,0,0,1.4,67,23,611,12,47,15,100,41,0,39,0.0,0.0,0.06,24,0,2,36,0,24,32,1.4,0.8
5411,5412,343475,22,6,1,16,,5110,10,0,0,1.7,43,11,336,3,30,16,57,14,0,28,0.0,0.0,0.14,15,0,0,25,0,12,17,1.7,1.21
5412,5413,343537,129,6,3,39,1886,5111,11,24,8,24.2,26,18,277,27,4,0,17,8,0,2,0.83,0.28,0.84,0,32,0,39,2,7,57,17.9,2.68
5413,5414,343537,5,7,3,43,2446,5112,12,5,1,5.8,7,11,166,9,3,1,7,6,0,2,0.36,0.07,0.42,0,6,0,26,1,7,23,5.8,2.25
5414,5415,343945,119,3,2,62,,5113,7,1,1,0.4,65,9,607,9,24,16,12,19,0,36,0.05,0.05,0.02,13,2,2,19,1,8,24,0.4,0.27
5415,5416,344009,143,7,5,14,,5114,11,0,0,0.0,2,3,17,1,2,0,0,1,0,1,0.0,0.0,0.04,1,0,0,0,0,4,2,0.0,1.8
5416,5417,344069,62,4,2,2,945,5115,7,1,6,2.1,103,48,671,32,28,51,25,24,0,38,0.05,0.29,0.1,15,7,0,52,3,36,59,2.1,2.37
5417,5418,344069,62,5,2,20,,5116,8,1,4,2.2,106,37,619,31,27,41,25,28,0,38,0.04,0.17,0.1,16,5,0,72,6,28,59,2.2,1.57
5418,5419,344069,8,6,2,16,2205,5117,9,2,3,1.7,143,49,1031,19,73,72,67,38,0,63,0.08,0.12,0.07,33,5,1,52,8,43,61,1.7,1.47
5419,5420,344069,8,7,7,16,,5118,11,0,1,0.8,75,13,718,11,36,21,52,18,0,25,0.0,0.07,0.05,18,1,1,28,3,10,21,0.8,0.84
5420,5421,344072,103,1,1,9,,5119,5,0,1,0.6,106,46,942,8,68,36,113,36,0,30,0.0,0.03,0.02,20,1,1,47,0,48,38,0.6,0.56
5421,5422,344072,103,2,1,9,,5120,6,0,2,0.4,68,38,546,5,27,18,56,14,0,25,0.0,0.11,0.02,14,2,0,21,1,28,14,0.4,0.44
5422,5423,344072,11,4,1,33,1172,5121,8,1,1,2.6,64,38,887,12,66,32,75,39,2,41,0.03,0.03,0.09,30,2,0,41,1,25,33,2.6,0.88
5423,5424,344072,11,5,1,33,,5122,9,0,1,2.7,102,53,830,18,54,22,87,34,1,31,0.0,0.04,0.1,24,1,1,34,1,31,45,2.7,0.99
5424,5425,344072,71,7,7,28,,5123,11,0,0,0.1,34,17,320,8,26,2,23,8,0,16,0.0,0.0,0.01,13,0,0,8,2,16,20,0.1,0.3
5425,5426,344381,90,1,4,23,,5124,5,3,2,2.6,61,52,572,17,21,9,7,12,0,16,0.23,0.16,0.21,7,5,1,11,5,42,37,2.6,1.79
5426,5427,344381,93,2,4,5,379,5125,6,5,13,7.8,94,86,661,74,21,20,8,25,0,33,0.23,0.61,0.36,9,18,0,25,5,48,127,7.8,2.43
5427,5428,344381,93,3,5,22,,5126,7,6,6,6.9,76,65,761,71,16,9,14,27,0,18,0.29,0.29,0.33,8,12,0,29,1,51,143,6.9,2.62
5428,5429,344381,93,4,5,95,,5127,8,20,13,16.1,117,100,813,64,23,15,15,23,0,35,0.66,0.43,0.53,9,33,0,26,12,55,145,15.3,2.68
5429,5430,344381,93,5,5,66,,5128,9,16,4,14.4,71,43,497,39,6,8,11,8,0,6,0.76,0.19,0.68,1,20,0,17,11,23,98,11.3,3.32
5430,5431,344381,55,6,5,15,2206,5129,10,3,0,2.3,19,10,159,3,5,2,4,4,0,2,0.61,0.0,0.47,1,3,0,10,3,6,13,2.3,3.25
5431,5432,344381,55,7,3,31,,5130,12,2,1,3.0,9,7,96,7,3,2,6,5,0,2,0.56,0.28,0.83,2,3,0,6,0,3,17,3.0,3.64
5432,5433,344575,102,1,2,29,,5131,7,7,2,1.9,94,41,705,27,34,15,13,15,0,58,0.29,0.08,0.08,16,9,0,17,3,31,65,1.9,1.5
5433,5434,344575,66,3,4,80,,5132,9,0,1,1.0,61,20,441,17,23,2,1,4,0,15,0.0,0.1,0.1,9,1,0,8,2,24,44,1.0,2.17
5434,5435,344598,63,1,1,9,,5133,4,2,0,1.4,70,6,918,2,13,25,70,17,0,6,0.14,0.0,0.1,4,2,2,49,0,7,8,1.4,0.71
5435,5436,344598,63,2,1,43,,5134,5,1,1,0.3,51,7,759,6,16,15,38,12,0,8,0.09,0.09,0.03,6,2,0,35,0,6,9,0.3,0.37
5436,5437,344598,63,4,1,42,,5135,7,0,0,0.3,50,4,802,0,13,15,38,14,0,10,0.0,0.0,0.02,7,0,2,37,0,4,10,0.3,0.38
5437,5438,344598,32,5,1,21,,5136,8,0,0,1.7,44,3,841,9,14,21,81,19,0,14,0.0,0.0,0.12,5,0,1,53,0,1,14,1.7,0.92
5438,5439,344598,32,6,1,33,,5137,9,1,0,1.0,75,2,1179,3,21,20,78,23,0,8,0.06,0.0,0.06,4,1,1,60,1,5,10,1.0,0.68
5439,5440,344599,102,3,2,23,,5138,6,0,0,0.8,61,26,442,25,16,4,5,9,0,25,0.0,0.0,0.06,7,0,1,6,2,19,51,0.8,1.31
5440,5441,344605,31,1,2,32,,5139,4,1,1,0.4,51,13,299,5,20,7,5,9,0,18,0.16,0.16,0.07,10,2,0,6,2,15,14,0.4,0.48
5441,5442,344605,31,3,2,102,,5140,6,0,1,0.3,181,29,1350,13,44,39,21,14,0,29,0.0,0.05,0.01,14,1,0,30,0,27,35,0.3,0.38
5442,5443,344605,57,4,2,64,890,5141,7,0,1,0.4,45,10,444,6,19,14,18,13,0,17,0.0,0.08,0.03,8,1,0,27,0,16,18,0.4,0.49
5443,5444,344695,93,1,1,26,,5142,4,0,0,0.9,59,12,617,3,22,33,47,19,0,18,0.0,0.0,0.06,15,0,0,46,0,9,10,0.9,0.7
5444,5445,344695,93,2,1,43,,5143,5,0,1,1.9,186,38,1751,9,52,43,88,31,1,43,0.0,0.04,0.07,23,1,1,54,0,25,33,1.9,0.5
5445,5446,344695,93,3,1,65,,5144,6,1,0,1.3,156,24,1953,8,37,33,74,25,0,20,0.04,0.0,0.05,14,1,2,74,0,13,27,1.3,0.54
5446,5447,344695,86,4,1,55,981,5145,7,1,6,0.6,183,32,2048,11,66,32,71,20,0,36,0.04,0.24,0.02,24,7,6,62,3,25,26,0.6,0.45
5447,5448,344695,86,5,1,65,,5146,8,0,1,0.7,169,31,2101,6,65,27,71,26,1,45,0.0,0.04,0.03,28,1,4,47,0,28,23,0.7,0.27
5448,5449,344695,86,6,1,55,,5147,9,1,0,1.7,137,28,1678,6,34,19,56,19,1,29,0.05,0.0,0.08,15,1,3,42,1,24,27,1.7,0.56
5449,5450,344695,86,7,1,8,,5148,11,2,0,1.1,97,12,1332,5,21,22,31,13,0,23,0.14,0.0,0.08,12,2,1,45,0,17,11,1.1,0.72
5450,5451,344830,111,3,4,100,761,5149,5,0,1,0.3,12,12,82,6,11,5,1,4,0,8,0.0,0.23,0.08,4,1,0,1,0,5,12,0.3,2.1
5451,5452,344830,111,3,4,100,762,5149,5,0,1,0.3,12,12,82,6,11,5,1,4,0,8,0.0,0.23,0.08,4,1,0,1,0,5,12,0.3,2.1
5452,5453,344830,130,6,4,23,1842,5150,8,4,0,2.7,72,57,428,10,36,8,11,30,0,33,0.18,0.0,0.12,15,4,1,9,5,47,49,2.7,1.41
5453,5454,344888,26,2,3,33,,5151,9,12,3,9.6,19,35,299,24,2,4,43,6,1,6,0.49,0.12,0.39,0,15,0,111,0,28,54,7.2,2.99
5454,5455,344888,14,4,3,41,,5152,11,11,1,8.8,27,19,249,14,9,4,11,13,0,8,0.64,0.06,0.51,0,12,0,55,3,13,33,7.2,2.86
5455,5456,344888,14,5,3,5,,5153,12,20,1,17.7,41,40,397,27,18,12,26,19,1,16,0.63,0.03,0.55,6,21,0,135,7,28,63,14.5,2.81
5456,5457,344892,140,5,4,3,,5154,10,2,0,3.9,76,61,588,29,27,6,10,10,0,48,0.1,0.0,0.19,18,2,0,3,2,36,63,3.9,1.82
5457,5458,345041,102,2,3,2,,5155,7,0,0,0.4,0,2,21,3,3,0,1,0,0,1,0.0,0.0,0.3,1,0,0,1,0,0,5,0.4,1.46
5458,5459,345189,138,5,1,17,,5156,9,1,2,0.6,70,17,627,5,45,22,89,31,0,31,0.05,0.1,0.03,22,3,0,38,0,14,14,0.6,0.39
5459,5460,345458,23,3,1,142,,5157,5,0,1,0.7,39,16,702,2,27,36,60,22,0,30,0.0,0.06,0.04,12,1,0,16,0,10,4,0.7,0.17
5460,5461,345458,40,5,1,9,1573,5158,7,0,0,0.3,13,6,345,1,9,7,30,10,0,6,0.0,0.0,0.05,4,0,0,4,0,2,4,0.3,0.3
5461,5462,345458,40,5,1,9,1574,5158,7,0,0,0.3,13,6,345,1,9,7,30,10,0,6,0.0,0.0,0.05,4,0,0,4,0,2,4,0.3,0.3
5462,5463,345458,40,6,1,23,1768,5159,8,0,0,0.1,45,14,842,3,39,15,121,50,0,41,0.0,0.0,0.01,28,0,0,39,0,13,14,0.1,0.18
5463,5464,345590,58,6,5,6,2228,5160,9,2,0,1.5,9,9,94,2,4,1,3,9,0,3,0.42,0.0,0.31,1,2,0,12,0,3,8,1.5,2.3
5464,5465,345590,58,6,5,6,2229,5160,9,2,0,1.5,9,9,94,2,4,1,3,9,0,3,0.42,0.0,0.31,1,2,0,12,0,3,8,1.5,2.3
5465,5466,345590,58,7,4,52,2646,5161,10,3,0,1.1,22,20,208,5,11,5,6,7,0,9,0.31,0.0,0.12,3,3,0,21,2,13,22,1.1,2.06
5466,5467,346018,78,2,1,14,,5162,6,1,0,0.4,74,100,1052,15,51,25,68,27,0,36,0.04,0.0,0.01,22,1,0,7,1,65,36,0.4,0.35
5467,5468,346018,83,3,1,39,763,5163,7,0,1,0.1,41,27,637,14,37,11,44,21,0,38,0.0,0.05,0.01,16,1,1,10,0,20,29,0.1,0.15
5468,5469,346289,20,1,1,24,97,5164,6,2,0,1.3,48,7,592,0,14,20,94,24,0,10,0.11,0.0,0.07,5,2,1,36,0,2,11,1.3,0.63
5469,5470,346289,20,2,1,16,,5165,7,0,0,0.1,43,16,718,2,11,11,73,17,0,8,0.0,0.0,0.0,5,0,0,37,0,6,7,0.1,0.06
5470,5471,346289,20,3,1,42,,5166,8,1,0,1.2,47,7,841,1,16,27,102,28,1,12,0.04,0.0,0.05,8,1,1,45,0,7,7,1.2,0.48
5471,5472,346289,20,4,1,41,,5167,9,0,1,0.6,51,18,540,4,35,30,87,29,0,23,0.0,0.05,0.03,13,1,3,33,0,8,10,0.6,0.37
5472,5473,346289,20,5,1,25,,5168,10,3,0,2.7,86,19,971,5,30,20,111,30,1,20,0.11,0.0,0.1,13,3,2,48,0,14,15,2.7,0.77
5473,5474,346289,20,6,7,6,,5169,11,1,0,0.7,29,7,475,2,18,11,62,17,0,13,0.08,0.0,0.06,11,1,0,25,0,6,6,0.7,0.59
5474,5475,346314,3,3,7,23,568,5170,6,2,2,1.6,93,25,1026,8,45,69,56,20,0,50,0.08,0.08,0.06,24,4,0,43,3,26,33,1.6,0.6
5475,5476,346314,3,3,7,23,569,5170,6,2,2,1.6,93,25,1026,8,45,69,56,20,0,50,0.08,0.08,0.06,24,4,0,43,3,26,33,1.6,0.6
5476,5477,346314,55,4,1,23,,5171,7,3,1,1.1,88,24,1158,4,40,19,43,16,0,31,0.19,0.06,0.07,24,4,2,32,3,34,14,1.1,0.56
5477,5478,346314,55,5,1,11,,5172,8,0,0,0.9,71,17,1051,4,31,24,56,17,0,35,0.0,0.0,0.05,24,0,1,31,0,13,16,0.9,0.5
5478,5479,346314,55,6,1,10,,5173,9,1,0,0.2,31,5,700,2,16,8,51,8,0,15,0.09,0.0,0.02,10,1,0,19,1,5,5,0.2,0.19
5479,5480,346314,29,7,1,47,2380,5174,10,2,0,0.9,26,6,284,4,18,17,49,18,0,20,0.2,0.0,0.09,10,2,3,17,1,7,7,0.9,0.82
5480,5481,346332,112,3,4,59,,5175,6,1,0,1.6,22,9,120,3,13,7,9,10,0,12,0.15,0.0,0.23,2,1,0,12,0,9,17,1.6,2.08
5481,5482,346478,88,2,1,30,,5176,5,0,0,0.1,14,3,190,1,17,11,31,7,0,17,0.0,0.0,0.01,10,0,2,18,0,3,5,0.1,0.51
5482,5483,346478,88,4,1,20,,5177,7,0,0,0.4,20,13,333,2,14,9,31,13,1,19,0.0,0.0,0.05,9,0,0,15,0,11,3,0.4,0.86
5483,5484,346499,141,7,5,27,,5178,12,0,1,0.2,12,5,89,4,5,1,4,3,0,3,0.0,0.37,0.09,1,1,0,2,3,3,10,0.2,2.93
5484,5485,346561,73,4,1,147,1003,5179,7,1,0,0.6,76,37,698,11,38,22,67,18,0,33,0.04,0.0,0.03,19,1,0,18,0,22,26,0.6,0.39
5485,5486,346561,70,6,1,28,,5180,9,2,1,0.9,99,17,1142,7,14,29,64,25,0,13,0.09,0.04,0.04,8,3,0,40,0,22,22,0.9,0.44
5486,5487,346567,23,2,1,9,451,5181,5,0,5,0.8,62,63,775,22,31,21,45,19,0,38,0.0,0.24,0.04,15,5,2,18,0,52,52,0.8,0.66
5487,5488,346567,23,2,1,9,452,5181,5,0,5,0.8,62,63,775,22,31,21,45,19,0,38,0.0,0.24,0.04,15,5,2,18,0,52,52,0.8,0.66
5488,5489,346567,23,2,1,9,453,5181,5,0,5,0.8,62,63,775,22,31,21,45,19,0,38,0.0,0.24,0.04,15,5,2,18,0,52,52,0.8,0.66
5489,5490,346567,68,4,1,41,,5182,7,0,1,0.3,35,21,521,13,23,5,23,9,0,19,0.0,0.08,0.02,12,1,0,9,1,25,30,0.3,0.49
5490,5491,346567,6,6,1,25,2092,5183,9,1,0,0.2,46,18,372,2,18,9,20,7,1,17,0.11,0.0,0.03,9,1,0,13,1,8,14,0.2,0.8
5491,5492,346567,6,7,1,33,2647,5184,10,0,1,0.1,20,8,161,6,5,5,8,4,0,5,0.0,0.24,0.03,2,1,0,5,0,12,18,0.1,0.97
5492,5493,346707,83,2,2,28,,5185,6,1,1,1.4,33,8,509,15,35,19,20,23,1,50,0.07,0.07,0.09,20,2,2,17,1,5,36,1.4,1.63
5493,5494,346707,83,3,2,70,,5186,7,0,1,1.4,45,5,467,12,31,19,14,26,0,42,0.0,0.06,0.09,18,1,2,11,0,5,29,1.4,0.96
5494,5495,346707,83,4,2,16,,5187,8,1,1,0.7,43,2,481,7,54,9,18,18,0,65,0.06,0.06,0.05,24,2,0,13,1,7,26,0.7,0.92
5495,5496,346707,83,5,2,47,,5188,9,1,4,3.6,116,21,943,23,42,16,23,35,0,52,0.04,0.14,0.13,20,5,0,23,7,16,62,3.6,1.18
5496,5497,346707,83,6,2,26,,5189,10,6,2,6.6,145,24,991,20,54,17,23,43,0,63,0.2,0.07,0.22,24,8,0,18,8,24,51,6.6,1.34
5497,5498,346707,83,7,2,26,,5190,12,0,0,0.6,38,4,261,4,27,5,4,13,0,26,0.0,0.0,0.08,18,0,0,6,2,10,14,0.6,0.76
5498,5499,346766,87,1,1,9,,5191,6,0,0,0.9,13,15,231,1,11,9,8,6,0,7,0.0,0.0,0.14,6,0,0,3,0,8,5,0.9,0.86
5499,5500,346849,137,6,1,3,1929,5192,8,2,2,1.2,64,9,1044,12,37,21,94,31,0,36,0.08,0.08,0.05,24,4,1,42,0,7,22,1.2,0.34
5500,5501,346853,111,3,4,82,,5193,5,0,3,0.7,57,19,328,15,22,8,6,21,0,35,0.0,0.23,0.05,8,3,0,6,1,20,36,0.7,1.38
5501,5502,346853,111,5,4,33,,5194,7,1,3,1.5,75,34,561,22,24,7,12,21,0,22,0.06,0.18,0.09,10,4,0,18,5,30,49,1.5,1.07
5502,5503,346853,111,6,4,52,,5195,8,4,6,5.2,144,75,941,51,35,11,17,36,0,46,0.14,0.21,0.18,14,10,2,24,12,72,118,5.2,1.31
5503,5504,346853,111,7,2,41,,5196,9,1,2,1.6,126,57,560,23,21,10,5,21,0,30,0.07,0.14,0.11,12,3,0,9,9,38,56,1.6,1.49
5504,5505,346890,51,6,5,42,1747,5197,8,6,2,3.8,15,29,120,8,6,0,10,8,0,10,0.61,0.2,0.38,3,8,0,7,1,11,18,3.8,2.23
5505,5506,346890,51,7,3,11,2648,5198,9,1,0,1.5,12,21,77,4,2,2,1,1,0,1,0.22,0.0,0.33,0,1,0,2,0,11,11,1.5,2.83
5506,5507,347253,135,5,5,6,,5199,9,5,1,5.1,34,66,425,27,8,6,25,5,0,10,0.24,0.05,0.24,2,6,0,33,1,35,57,5.1,1.32
5507,5508,347253,135,6,5,6,,5200,10,4,3,3.6,57,112,625,34,13,2,18,4,0,17,0.18,0.13,0.16,8,7,0,40,1,82,71,3.6,1.67
5508,5509,347253,135,7,4,9,,5201,11,4,0,2.8,23,32,199,7,8,7,9,11,0,4,0.38,0.0,0.26,2,4,1,26,2,16,26,2.8,2.06
5509,5510,347595,102,1,3,27,,5202,8,4,0,2.3,13,9,110,4,2,0,6,3,0,4,0.82,0.0,0.46,1,4,0,52,1,3,15,2.3,5.71
5510,5511,348026,93,1,1,25,98,5203,5,1,1,0.4,75,40,519,11,38,24,35,17,0,22,0.07,0.07,0.03,19,2,0,37,2,20,30,0.4,0.59
5511,5512,348026,93,2,6,16,,5204,6,3,1,2.8,99,36,989,14,61,47,57,26,0,38,0.15,0.05,0.14,25,4,0,50,0,28,41,2.8,1.11
5512,5513,348026,93,3,1,11,,5205,7,3,1,2.6,73,39,895,11,44,23,33,33,0,37,0.16,0.05,0.14,21,4,2,54,0,30,29,2.6,1.13
5513,5514,348026,93,4,6,64,,5206,8,1,3,1.9,76,26,851,14,35,31,44,31,0,27,0.05,0.15,0.09,14,4,2,47,0,21,29,1.9,1.07
5514,5515,348026,90,5,1,11,1620,5207,9,0,3,1.0,26,19,585,10,31,14,16,22,0,29,0.0,0.24,0.08,19,3,0,21,0,10,20,1.0,0.87
5515,5516,348026,90,6,1,10,,5208,10,0,0,1.3,32,12,486,3,12,14,28,17,0,15,0.0,0.0,0.15,8,0,0,26,1,6,9,1.3,1.02
5516,5517,348791,1,5,3,32,1214,5209,14,6,5,5.7,141,133,708,65,40,8,4,29,1,53,0.19,0.15,0.18,13,11,1,29,22,89,141,5.7,1.3
5517,5518,348791,1,6,5,41,,5210,15,3,7,4.5,139,123,741,80,33,14,7,23,0,36,0.1,0.23,0.15,10,10,0,18,10,76,135,4.5,1.53
5518,5519,348791,1,7,3,20,,5211,16,3,3,2.6,76,62,393,46,20,6,3,18,0,29,0.21,0.21,0.18,6,6,1,12,7,47,62,2.6,1.03
5519,5520,348795,88,2,4,7,289,5212,8,0,2,1.3,112,62,839,29,51,9,19,20,0,59,0.0,0.12,0.08,12,2,0,8,8,55,70,1.3,1.09
5520,5521,348795,88,2,4,7,290,5212,8,0,2,1.3,112,62,839,29,51,9,19,20,0,59,0.0,0.12,0.08,12,2,0,8,8,55,70,1.3,1.09
5521,5522,348795,88,2,4,7,291,5212,8,0,2,1.3,112,62,839,29,51,9,19,20,0,59,0.0,0.12,0.08,12,2,0,8,8,55,70,1.3,1.09
5522,5523,348795,88,3,2,7,764,5213,9,1,1,1.4,71,21,469,15,28,7,5,12,0,29,0.1,0.1,0.14,10,2,0,14,1,20,32,1.4,1.43
5523,5524,348795,43,5,4,42,1503,5214,11,2,3,2.4,97,35,578,31,32,6,5,14,0,21,0.16,0.24,0.19,12,5,0,2,11,28,60,2.4,2.4
5524,5525,348795,43,5,4,42,1504,5214,11,2,3,2.4,97,35,578,31,32,6,5,14,0,21,0.16,0.24,0.19,12,5,0,2,11,28,60,2.4,2.4
5525,5526,348795,88,6,2,10,,5215,12,2,2,0.6,68,25,449,18,22,5,2,4,0,14,0.36,0.36,0.1,9,4,0,1,2,20,28,0.6,2.31
5526,5527,348795,80,7,2,37,2534,5216,13,7,1,3.2,88,12,450,24,24,4,3,8,0,17,0.72,0.1,0.33,13,8,1,4,8,19,60,1.6,2.17
5527,5528,349066,96,2,3,20,493,5217,4,9,1,7.3,36,46,215,14,7,3,6,8,0,8,0.54,0.06,0.43,1,10,0,23,3,30,31,7.3,2.63
5528,5529,349066,96,3,3,26,,5218,5,17,2,16.8,44,44,319,10,9,3,7,17,0,8,0.65,0.08,0.64,3,19,0,38,5,33,50,16.0,3.08
5529,5530,349066,96,4,3,42,,5219,6,6,2,9.8,43,58,316,20,7,3,10,14,0,12,0.25,0.08,0.41,2,8,0,28,5,48,62,8.2,2.99
5530,5531,349066,83,6,3,31,,5220,8,21,2,20.3,71,68,385,27,5,6,13,16,0,8,0.84,0.08,0.81,2,23,0,10,5,31,72,15.6,2.87
5531,5532,349066,83,7,3,18,,5221,10,10,4,8.6,38,33,217,24,5,1,5,10,0,7,0.75,0.3,0.65,3,14,1,12,4,17,48,8.6,3.45
5532,5533,349433,137,6,7,74,1930,5222,9,1,1,0.9,70,35,713,30,29,17,26,11,0,41,0.06,0.06,0.05,22,2,0,13,2,26,52,0.9,1.13
5533,5534,349503,143,7,4,25,,5223,12,1,1,1.2,25,10,170,6,11,3,2,8,0,13,0.15,0.15,0.17,6,2,0,1,9,7,18,1.2,1.76
5534,5535,349599,77,2,1,30,262,5224,6,1,5,1.6,132,114,1311,44,84,58,61,30,0,77,0.03,0.15,0.05,42,6,6,43,1,82,84,1.6,0.57
5535,5536,349599,77,2,1,30,263,5224,6,1,5,1.6,132,114,1311,44,84,58,61,30,0,77,0.03,0.15,0.05,42,6,6,43,1,82,84,1.6,0.57
5536,5537,349599,43,3,1,143,765,5225,7,0,0,0.5,35,39,516,17,37,35,14,10,0,23,0.0,0.0,0.04,14,0,2,10,1,27,32,0.5,0.77
5537,5538,349599,43,4,1,24,,5226,8,0,1,0.8,70,50,820,13,36,25,29,13,0,24,0.0,0.06,0.04,17,1,2,23,0,29,29,0.8,0.8
5538,5539,349599,25,5,1,11,1505,5227,9,1,5,1.7,157,91,1576,51,61,37,37,30,0,60,0.03,0.17,0.06,35,6,1,36,5,55,87,1.7,0.98
5539,5540,349599,25,6,1,50,,5228,10,2,3,1.0,83,47,809,26,26,21,20,14,0,30,0.14,0.22,0.07,14,5,0,12,1,30,42,1.0,0.8
5540,5541,349599,25,7,1,43,,5229,11,0,1,0.5,60,31,642,18,28,15,32,5,0,19,0.0,0.08,0.04,12,1,0,18,0,27,32,0.5,1.02
5541,5542,349701,116,3,1,52,570,5230,7,0,0,0.4,82,98,974,29,45,37,68,21,1,44,0.0,0.0,0.02,27,0,0,36,0,78,60,0.4,0.42
5542,5543,349701,116,6,1,5,,5231,10,0,6,0.7,129,99,1514,33,93,80,117,56,0,110,0.0,0.17,0.02,52,6,3,42,1,70,69,0.7,0.44
5543,5544,349701,116,7,1,26,,5232,12,0,6,0.3,62,53,738,20,50,35,60,20,0,48,0.0,0.35,0.02,27,6,0,15,0,24,37,0.3,0.53
5544,5545,349856,92,3,7,56,,5233,11,0,0,0.6,62,23,480,18,18,12,20,11,0,19,0.0,0.0,0.05,9,0,0,9,0,20,35,0.6,0.65
5545,5546,349856,92,4,1,30,,5234,12,1,0,0.9,96,37,789,16,28,19,33,11,1,34,0.05,0.0,0.04,17,1,1,10,3,23,39,0.9,0.64
5546,5547,351749,45,3,2,16,,5235,9,1,2,0.5,137,13,1222,35,74,45,53,49,0,62,0.04,0.07,0.02,26,3,3,30,2,12,70,0.5,0.56
5547,5548,351749,45,4,2,102,,5236,10,0,1,0.7,93,6,786,9,54,24,18,37,0,57,0.0,0.06,0.04,24,1,0,17,1,5,30,0.7,0.85
5548,5549,351749,143,7,2,26,2535,5237,14,0,0,0.3,28,4,226,2,15,8,11,16,1,18,0.0,0.0,0.05,8,0,1,4,1,3,10,0.3,0.95
5549,5550,351749,143,7,2,26,2536,5237,14,0,0,0.3,28,4,226,2,15,8,11,16,1,18,0.0,0.0,0.05,8,0,1,4,1,3,10,0.3,0.95
5550,5551,351755,117,3,1,14,,5238,9,1,3,2.0,78,44,682,16,45,49,90,39,0,44,0.03,0.09,0.06,21,4,0,117,0,23,34,2.0,0.8
5551,5552,351816,40,1,2,23,,5239,5,0,5,0.6,199,49,1666,32,94,57,34,38,0,75,0.0,0.15,0.02,32,5,0,32,4,51,74,0.6,0.58
5552,5553,351816,51,2,2,41,311,5240,6,1,0,0.7,190,41,1571,29,67,54,15,25,0,73,0.04,0.0,0.03,29,1,2,16,1,45,76,0.7,0.54
5553,5554,351816,51,3,2,42,,5241,7,0,2,0.9,82,20,851,5,39,20,12,10,0,32,0.0,0.14,0.06,15,2,0,11,0,23,28,0.9,0.81
5554,5555,351816,51,4,2,93,,5242,8,2,1,0.7,140,28,950,22,44,25,15,20,0,50,0.12,0.06,0.04,21,3,0,15,4,27,61,0.7,0.94
5555,5556,351816,51,5,2,95,,5243,9,2,2,1.0,132,30,1219,43,59,26,16,25,0,51,0.09,0.09,0.04,30,4,1,22,4,30,87,1.0,0.72
5556,5557,351816,51,6,2,7,,5244,10,2,2,1.7,68,24,711,17,29,12,9,12,0,22,0.16,0.16,0.13,11,4,2,13,7,21,38,0.9,0.86
5557,5558,351843,46,4,1,17,,5245,13,0,1,0.9,94,37,1120,9,58,40,94,30,0,34,0.0,0.03,0.03,26,1,0,46,1,26,23,0.9,0.34
5558,5559,351843,46,5,1,3,,5246,14,1,0,1.2,121,24,1198,5,51,39,124,34,1,35,0.03,0.0,0.04,21,1,0,54,1,23,22,1.2,0.48
5559,5560,351843,132,6,1,3,2267,5247,15,1,1,1.1,48,8,612,6,22,21,57,21,0,20,0.06,0.06,0.06,13,2,0,29,1,16,17,1.1,0.57
5560,5561,351955,115,5,1,83,1520,5248,10,3,0,1.9,107,12,1049,8,40,36,192,45,0,36,0.08,0.0,0.05,22,3,0,91,1,4,20,1.9,0.57
5561,5562,351955,115,7,1,6,,5249,13,0,0,0.4,26,5,625,1,20,15,71,24,0,15,0.0,0.0,0.02,12,0,0,34,0,4,5,0.4,0.41
5562,5563,353032,39,3,1,28,543,5250,8,0,0,0.3,55,8,732,3,16,21,61,14,0,16,0.0,0.0,0.02,7,0,1,32,0,6,7,0.3,0.42
5563,5564,353032,20,4,1,38,982,5251,9,2,0,0.8,89,17,580,4,53,35,153,30,0,53,0.07,0.0,0.03,34,2,0,69,0,14,17,0.8,0.67
5564,5565,353032,20,4,1,38,983,5251,9,2,0,0.8,89,17,580,4,53,35,153,30,0,53,0.07,0.0,0.03,34,2,0,69,0,14,17,0.8,0.67
5565,5566,353032,97,5,1,41,1506,5252,10,1,1,0.6,96,28,509,5,35,26,85,23,0,40,0.04,0.04,0.03,28,2,0,61,1,15,24,0.6,0.75
5566,5567,353032,97,5,1,41,1507,5252,10,1,1,0.6,96,28,509,5,35,26,85,23,0,40,0.04,0.04,0.03,28,2,0,61,1,15,24,0.6,0.75
5567,5568,353032,97,6,1,14,2027,5253,11,0,1,1.2,98,23,678,13,28,13,111,30,1,35,0.0,0.04,0.05,19,1,0,55,0,13,31,1.2,0.98
5568,5569,353032,97,7,1,9,,5254,13,0,0,0.5,73,21,457,10,26,21,74,17,0,17,0.0,0.0,0.03,13,0,1,54,2,16,26,0.5,1.13
5569,5570,353366,32,1,1,26,,5255,7,0,0,0.9,92,22,1275,11,28,48,189,27,0,19,0.0,0.0,0.03,12,0,2,81,0,16,19,0.9,0.41
5570,5571,353366,86,2,1,43,399,5256,8,4,4,2.0,224,70,2187,19,34,52,60,28,0,28,0.13,0.13,0.06,16,8,0,72,0,47,48,2.0,0.74
5571,5572,353366,86,3,1,49,,5257,9,0,0,0.4,162,49,1414,13,44,48,31,29,0,40,0.0,0.0,0.02,23,0,1,36,0,29,30,0.4,0.51
5572,5573,353366,86,4,1,22,,5258,10,0,1,0.7,193,50,1838,18,35,36,50,28,1,29,0.0,0.04,0.03,19,1,1,45,2,32,51,0.7,0.78
5573,5574,353366,86,5,1,43,,5259,11,4,1,2.5,202,37,2120,19,70,44,83,35,0,48,0.15,0.04,0.09,36,5,0,64,2,21,45,2.5,1.26
5574,5575,353366,54,6,1,7,2207,5260,12,0,2,0.7,89,25,1180,10,34,32,44,25,0,24,0.0,0.11,0.04,20,2,1,35,0,25,27,0.7,0.81
5575,5576,353399,12,1,4,17,141,5261,7,0,3,0.8,49,69,393,24,36,20,7,19,0,37,0.0,0.2,0.05,13,3,1,20,3,39,53,0.8,1.34
5576,5577,353399,12,2,5,33,,5262,8,2,5,3.1,39,52,372,21,20,7,7,12,0,27,0.14,0.36,0.23,6,7,0,20,5,40,47,2.3,1.96
5577,5578,353399,12,3,4,6,,5263,9,0,5,1.1,41,24,267,19,30,3,4,6,0,25,0.0,0.69,0.15,5,5,1,11,0,11,38,1.1,2.21
5578,5579,353399,61,5,4,23,,5264,11,6,6,6.3,75,47,448,36,39,11,5,14,0,36,0.38,0.38,0.4,16,12,0,18,8,36,68,2.4,1.96
5579,5580,353399,61,6,3,23,,5265,12,8,8,5.2,155,101,989,89,46,9,8,33,0,70,0.29,0.29,0.19,18,16,0,22,9,95,166,2.9,1.33
5580,5581,353399,61,7,3,21,,5266,13,4,3,3.7,41,20,309,27,18,5,0,11,0,19,0.46,0.34,0.42,11,7,0,7,3,19,49,0.5,1.03
5581,5582,353404,140,5,4,63,,5267,11,3,1,2.9,69,55,315,25,17,10,9,15,0,30,0.19,0.06,0.19,8,4,0,14,3,36,58,2.1,1.68
5582,5583,353404,140,7,4,23,,5268,13,5,4,2.7,46,23,276,26,31,6,2,5,0,28,0.44,0.36,0.24,17,9,0,2,2,20,44,2.7,2.04
5583,5584,353796,11,3,2,62,,5269,7,3,1,4.7,77,38,565,13,61,19,25,33,0,53,0.12,0.04,0.19,21,4,1,31,5,26,35,4.7,1.54
5584,5585,353796,11,4,2,52,,5270,8,2,3,4.0,120,39,834,31,58,29,33,30,0,77,0.06,0.1,0.13,31,5,0,33,7,36,73,4.0,1.34
5585,5586,353796,73,6,2,67,,5271,10,4,2,2.3,64,8,619,11,49,24,38,27,1,42,0.2,0.1,0.11,20,6,0,24,1,3,32,2.3,1.15
5586,5587,353892,32,4,1,83,921,5272,7,1,1,0.5,120,21,1486,15,43,53,95,40,0,43,0.04,0.04,0.02,25,2,0,40,2,16,26,0.5,0.42
5587,5588,353892,32,4,1,83,922,5272,7,1,1,0.5,120,21,1486,15,43,53,95,40,0,43,0.04,0.04,0.02,25,2,0,40,2,16,26,0.5,0.42
5588,5589,353892,32,5,1,52,1621,5273,8,1,1,0.8,158,29,1708,20,40,40,94,38,0,35,0.04,0.04,0.03,18,2,0,38,1,27,49,0.8,0.74
5589,5590,353892,32,6,1,32,,5274,9,0,2,0.9,121,29,1833,19,19,29,86,29,0,26,0.0,0.08,0.04,11,2,2,30,3,26,35,0.9,0.73
5590,5591,353948,34,1,2,26,,5275,6,0,0,0.9,94,9,854,10,74,26,27,30,2,59,0.0,0.0,0.05,25,0,0,31,3,18,36,0.9,1.25
5591,5592,353948,34,2,2,11,380,5276,7,2,2,2.1,83,15,796,10,58,31,27,19,0,56,0.1,0.1,0.11,17,4,1,46,3,16,30,2.1,1.43
5592,5593,353948,34,2,2,11,381,5276,7,2,2,2.1,83,15,796,10,58,31,27,19,0,56,0.1,0.1,0.11,17,4,1,46,3,16,30,2.1,1.43
5593,5594,353948,34,2,2,11,382,5276,7,2,2,2.1,83,15,796,10,58,31,27,19,0,56,0.1,0.1,0.11,17,4,1,46,3,16,30,2.1,1.43
5594,5595,353948,39,3,2,37,,5277,8,1,0,1.5,84,24,655,9,33,40,52,33,0,27,0.04,0.0,0.06,13,1,0,63,2,15,33,1.5,1.29
5595,5596,353948,39,4,2,37,,5278,9,2,0,1.5,79,30,515,12,42,35,55,30,0,34,0.09,0.0,0.07,10,2,0,39,4,17,38,1.5,1.06
5596,5597,353948,39,5,2,21,,5279,10,5,2,3.6,93,37,530,18,73,48,75,42,0,60,0.15,0.06,0.11,27,7,1,91,1,16,53,3.6,1.31
5597,5598,353948,44,6,2,21,2208,5280,11,0,0,1.5,51,15,389,7,35,25,41,32,0,37,0.0,0.0,0.09,17,0,0,38,3,13,24,1.5,1.43
5598,5599,353948,44,7,2,25,,5281,12,0,0,0.2,6,0,27,0,2,2,2,3,0,2,0.0,0.0,0.14,0,0,0,4,0,0,3,0.2,2.4
5599,5600,354666,2,6,3,38,1960,5282,11,4,3,5.9,33,18,272,18,6,0,15,6,0,4,0.24,0.18,0.36,1,7,0,47,1,16,44,4.4,2.3
5600,5601,354666,2,6,3,38,1961,5282,11,4,3,5.9,33,18,272,18,6,0,15,6,0,4,0.24,0.18,0.36,1,7,0,47,1,16,44,4.4,2.3
5601,5602,354726,84,3,3,17,,5283,14,8,3,10.2,81,43,656,25,31,9,24,27,0,22,0.3,0.11,0.38,6,11,0,89,2,42,68,8.6,2.57
5602,5603,354726,84,4,5,40,,5284,15,6,4,8.5,124,51,911,31,31,25,41,31,0,51,0.22,0.15,0.31,12,10,0,89,4,44,80,6.9,2.5
5603,5604,354726,84,5,4,28,,5285,16,7,9,10.5,186,53,1172,59,39,29,51,41,0,40,0.21,0.27,0.31,15,16,0,56,10,61,135,8.1,2.53
5604,5605,354726,84,6,4,14,,5286,17,7,6,9.1,156,56,1071,52,33,20,34,41,1,38,0.24,0.21,0.32,17,13,0,92,12,70,109,5.9,2.25
5605,5606,354726,84,7,5,23,,5287,19,0,0,2.6,43,14,245,7,9,2,13,8,0,9,0.0,0.0,0.32,6,0,0,21,2,11,18,2.6,2.92
5606,5607,354909,23,4,1,88,914,5288,7,1,0,1.0,71,13,531,8,39,30,70,17,0,26,0.06,0.0,0.06,21,1,0,46,0,15,27,1.0,1.11
5607,5608,354909,28,7,1,3,2596,5289,11,0,0,0.2,13,3,217,1,9,11,31,13,0,11,0.0,0.0,0.02,4,0,0,16,0,8,4,0.2,0.47
5608,5609,355335,120,1,1,29,,5290,7,0,0,0.1,8,2,151,1,16,12,46,9,0,16,0.0,0.0,0.02,9,0,1,17,1,3,4,0.1,0.12
5609,5610,355627,133,5,1,14,,5291,9,1,0,1.5,58,60,821,21,27,14,41,22,0,22,0.04,0.0,0.06,12,1,0,14,3,34,36,1.5,0.9
5610,5611,355627,133,6,1,21,1823,5292,10,2,0,1.2,28,27,620,17,27,10,34,14,0,16,0.11,0.0,0.06,13,2,0,10,1,23,32,1.2,0.48
5611,5612,355627,1,7,1,25,,5293,12,1,1,0.4,25,24,347,7,17,7,36,10,0,16,0.08,0.08,0.03,12,2,3,11,0,17,13,0.4,0.76
5612,5613,355628,96,1,2,3,,5294,6,0,1,0.5,89,22,1031,8,61,45,60,30,0,54,0.0,0.04,0.02,22,1,0,59,0,20,17,0.5,0.53
5613,5614,355628,96,2,8,43,,5295,7,0,1,0.4,127,22,1479,5,42,26,82,38,0,35,0.0,0.03,0.01,17,1,2,65,1,9,15,0.4,0.48
5614,5615,355628,96,3,1,75,,5296,8,1,1,1.3,75,17,1060,5,23,12,46,20,0,14,0.05,0.05,0.06,8,2,0,51,0,5,10,1.3,0.41
5615,5616,355628,96,4,1,11,,5297,9,0,1,0.6,63,8,908,2,20,27,53,16,0,18,0.0,0.05,0.03,12,1,0,41,2,6,7,0.6,0.49
5616,5617,355628,96,5,1,16,,5298,10,1,1,0.9,128,14,1329,3,35,21,93,23,0,35,0.04,0.04,0.03,25,2,0,60,1,3,11,0.9,0.21
5617,5618,355628,96,7,1,42,,5299,12,0,0,0.1,60,12,782,3,21,16,55,22,0,20,0.0,0.0,0.01,12,0,2,41,2,5,10,0.1,0.39
5618,5619,355816,65,5,1,9,1672,5300,10,0,2,0.6,59,19,1424,4,29,27,95,41,2,30,0.0,0.09,0.03,16,2,0,42,1,19,18,0.6,0.5
5619,5620,355816,65,6,7,5,,5301,11,3,0,1.3,36,14,798,5,34,22,62,32,0,26,0.17,0.0,0.08,16,3,0,38,1,11,17,1.3,1.18
5620,5621,355816,65,7,1,5,,5302,12,1,0,0.6,34,11,841,5,21,13,78,20,0,18,0.07,0.0,0.04,12,1,0,28,0,10,11,0.6,0.67
5621,5622,355861,100,2,2,5,461,5303,7,0,0,1.2,21,31,183,5,4,8,4,2,0,4,0.0,0.0,0.17,1,0,1,2,0,19,12,1.2,1.86
5622,5623,355861,43,4,3,5,1018,5304,9,10,3,11.9,27,71,278,15,7,2,3,5,0,4,0.61,0.18,0.73,2,13,0,3,1,27,39,9.5,3.61
5623,5624,355861,22,6,4,102,1726,5305,11,1,0,2.6,9,24,102,6,6,3,0,4,0,4,0.15,0.0,0.4,1,1,0,3,1,15,18,2.6,3.78
5624,5625,355861,22,6,4,102,1727,5305,11,1,0,2.6,9,24,102,6,6,3,0,4,0,4,0.15,0.0,0.4,1,1,0,3,1,15,18,2.6,3.78
5625,5626,355861,43,7,3,47,2537,5306,12,2,0,0.8,1,4,23,1,2,0,0,1,0,1,0.9,0.0,0.37,0,2,0,2,0,3,2,0.8,2.7
5626,5627,355861,43,7,3,47,2538,5306,12,2,0,0.8,1,4,23,1,2,0,0,1,0,1,0.9,0.0,0.37,0,2,0,2,0,3,2,0.8,2.7
5627,5628,355915,27,1,1,61,138,5307,5,2,2,1.9,38,7,660,3,61,37,128,49,2,40,0.08,0.08,0.07,27,4,1,60,0,3,14,1.9,0.77
5628,5629,355915,27,2,1,16,312,5308,6,1,1,2.0,54,19,1380,10,52,75,116,59,1,41,0.03,0.03,0.07,12,2,2,71,0,14,31,2.0,0.52
5629,5630,355915,27,2,1,16,313,5308,6,1,1,2.0,54,19,1380,10,52,75,116,59,1,41,0.03,0.03,0.07,12,2,2,71,0,14,31,2.0,0.52
5630,5631,355915,27,2,1,16,314,5308,6,1,1,2.0,54,19,1380,10,52,75,116,59,1,41,0.03,0.03,0.07,12,2,2,71,0,14,31,2.0,0.52
5631,5632,355915,91,3,1,122,766,5309,7,2,2,1.3,71,26,1134,9,63,96,71,31,0,49,0.07,0.07,0.05,27,4,2,112,1,18,28,1.3,0.5
5632,5633,355915,88,4,1,26,1078,5310,8,1,0,0.5,65,23,1149,6,62,33,74,46,0,34,0.05,0.0,0.02,22,1,1,43,2,22,19,0.5,0.29
5633,5634,355915,88,4,1,26,1079,5310,8,1,0,0.5,65,23,1149,6,62,33,74,46,0,34,0.05,0.0,0.02,22,1,1,43,2,22,19,0.5,0.29
5634,5635,355915,88,5,1,7,1352,5311,9,0,1,1.5,92,19,1407,8,68,44,102,40,1,46,0.0,0.04,0.06,29,1,3,57,4,25,24,1.5,0.42
5635,5636,355915,88,5,1,7,1353,5311,9,0,1,1.5,92,19,1407,8,68,44,102,40,1,46,0.0,0.04,0.06,29,1,3,57,4,25,24,1.5,0.42
5636,5637,355915,88,6,1,55,,5312,10,5,0,3.5,179,32,2390,7,66,44,106,46,1,44,0.16,0.0,0.11,32,5,1,87,6,42,35,3.5,0.77
5637,5638,355915,88,7,1,55,,5313,11,1,0,1.1,48,10,793,6,27,13,32,13,0,22,0.09,0.0,0.1,15,1,0,27,4,16,16,1.1,1.02
5638,5639,356118,44,2,5,48,,5314,7,1,0,1.1,3,2,19,1,0,1,1,2,0,3,0.57,0.0,0.65,0,1,0,6,0,2,4,1.1,3.44
5639,5640,356141,7,2,4,52,,5315,7,2,4,6.7,119,63,568,37,29,10,6,16,0,42,0.09,0.18,0.31,8,6,0,10,4,39,100,6.7,2.1
5640,5641,356141,7,3,2,20,,5316,8,5,12,5.6,124,63,730,56,48,14,22,18,0,49,0.19,0.46,0.21,16,17,0,16,7,41,112,5.6,1.45
5641,5642,356141,7,4,2,37,,5317,9,4,3,4.6,128,57,672,31,40,8,10,18,0,40,0.17,0.13,0.19,11,7,0,17,4,42,82,4.6,1.51
5642,5643,356141,7,5,2,42,,5318,10,9,6,9.9,160,47,1005,34,51,16,17,31,0,57,0.36,0.24,0.39,31,15,1,18,5,37,85,7.5,1.63
5643,5644,356141,6,6,2,102,2209,5319,11,2,2,1.8,96,40,810,24,53,18,7,24,0,52,0.12,0.12,0.11,28,4,0,3,4,30,47,1.8,1.69
5644,5645,356141,29,7,2,16,2351,5320,13,0,0,0.6,45,14,263,13,22,8,8,9,1,21,0.0,0.0,0.07,6,0,0,2,2,10,28,0.6,1.14
5645,5646,356197,43,1,6,33,,5321,7,3,3,3.7,74,88,701,25,59,29,55,33,0,62,0.13,0.13,0.16,22,6,0,27,3,49,50,3.7,1.55
5646,5647,356197,80,2,1,16,292,5322,8,1,0,1.1,52,43,584,10,30,16,26,18,0,33,0.07,0.0,0.08,19,1,1,12,0,29,26,1.1,1.0
5647,5648,356197,80,2,1,16,293,5322,8,1,0,1.1,52,43,584,10,30,16,26,18,0,33,0.07,0.0,0.08,19,1,1,12,0,29,26,1.1,1.0
5648,5649,356197,43,3,1,78,,5323,9,1,2,1.7,47,88,942,27,35,34,47,21,0,31,0.04,0.09,0.07,11,3,1,32,0,51,56,1.7,0.95
5649,5650,356197,43,4,1,41,,5324,10,4,4,1.9,64,94,723,24,34,31,32,12,0,28,0.21,0.21,0.1,10,8,0,14,0,49,40,1.9,1.16
5650,5651,356197,43,5,1,10,,5325,11,0,3,1.2,31,68,641,18,35,18,31,19,0,29,0.0,0.17,0.07,19,3,0,12,0,46,39,1.2,1.43
5651,5652,356197,43,6,1,16,,5326,12,1,3,0.6,31,56,459,20,25,13,19,16,1,17,0.08,0.24,0.05,9,4,0,6,2,36,32,0.6,0.73
5652,5653,357072,102,1,1,67,99,5327,5,0,1,0.7,76,75,724,13,55,23,81,24,1,39,0.0,0.04,0.03,23,1,1,20,0,48,39,0.7,0.34
5653,5654,357072,102,1,1,67,100,5327,5,0,1,0.7,76,75,724,13,55,23,81,24,1,39,0.0,0.04,0.03,23,1,1,20,0,48,39,0.7,0.34
5654,5655,357072,12,2,1,6,,5328,6,3,1,0.6,53,74,757,13,51,23,59,13,0,26,0.15,0.05,0.03,14,4,0,16,1,57,35,0.6,0.6
5655,5656,357072,12,3,1,20,,5329,7,0,1,1.0,58,43,640,10,20,17,36,9,0,19,0.0,0.08,0.07,11,1,0,14,0,42,24,1.0,2.08
5656,5657,357072,82,5,9,9,1215,5330,9,5,5,3.3,51,37,436,23,52,20,23,31,0,41,0.23,0.23,0.16,18,10,0,13,1,41,57,3.3,1.59
5657,5658,357072,82,5,9,9,1216,5330,9,5,5,3.3,51,37,436,23,52,20,23,31,0,41,0.23,0.23,0.16,18,10,0,13,1,41,57,3.3,1.59
5658,5659,357119,93,1,1,25,,5331,4,1,1,1.7,108,33,789,6,44,58,126,29,0,27,0.04,0.04,0.06,17,2,0,97,1,16,26,1.7,0.48
5659,5660,357119,93,3,1,144,,5332,6,1,0,0.7,29,6,480,0,6,8,24,6,0,8,0.13,0.0,0.09,2,1,0,29,0,5,2,0.7,0.52
5660,5661,357119,21,5,1,7,,5333,8,0,0,1.1,56,7,988,1,38,26,61,12,0,27,0.0,0.0,0.07,16,0,4,46,2,7,17,1.1,0.64
5661,5662,357119,21,6,1,93,,5334,9,0,0,0.7,118,24,1286,8,36,20,51,18,1,24,0.0,0.0,0.04,18,0,1,77,5,17,24,0.7,0.63
5662,5663,357119,21,7,1,65,,5335,10,1,1,0.8,35,5,678,3,14,4,44,13,0,12,0.09,0.09,0.08,9,2,1,28,0,2,8,0.8,0.74
5663,5664,357147,51,3,1,10,767,5336,6,1,1,0.4,39,28,467,9,32,25,42,18,0,34,0.08,0.08,0.03,17,2,0,21,1,12,21,0.4,0.83
5664,5665,357147,51,3,1,10,768,5336,6,1,1,0.4,39,28,467,9,32,25,42,18,0,34,0.08,0.08,0.03,17,2,0,21,1,12,21,0.4,0.83
5665,5666,357147,60,4,1,41,,5337,7,0,0,0.6,105,53,934,16,55,29,59,24,0,57,0.0,0.0,0.03,31,0,0,29,2,29,42,0.6,0.65
5666,5667,357147,60,5,1,10,,5338,8,1,2,2.5,92,46,1141,29,54,37,55,25,0,45,0.04,0.08,0.1,33,3,2,39,3,32,52,2.5,0.92
5667,5668,357147,60,6,1,22,,5339,9,2,3,1.7,124,52,1486,37,81,37,111,44,1,74,0.06,0.09,0.05,51,5,0,32,1,43,78,1.7,0.85
5668,5669,357147,60,7,1,22,,5340,10,0,1,1.2,55,22,754,11,38,24,33,14,0,27,0.0,0.06,0.07,17,1,0,17,3,18,30,1.2,0.66
5669,5670,357156,44,6,1,5,1915,5341,9,0,0,0.8,121,14,1263,6,52,47,155,48,0,51,0.0,0.0,0.03,25,0,1,71,1,9,24,0.8,0.43
5670,5671,357156,44,7,1,16,,5342,10,0,1,0.6,53,13,522,9,41,29,56,30,0,30,0.0,0.08,0.05,19,1,1,34,0,13,13,0.6,0.92
5671,5672,357158,72,1,7,2,118,5343,4,0,0,0.5,22,45,296,6,14,14,16,10,0,5,0.0,0.0,0.06,2,0,1,9,1,22,21,0.5,0.51
5672,5673,357164,31,1,3,17,108,5344,4,8,3,4.3,17,17,177,13,5,4,12,13,0,15,0.56,0.21,0.3,2,11,0,27,1,16,25,4.3,2.59
5673,5674,357164,51,2,3,5,343,5345,5,6,1,4.3,39,66,349,31,7,0,5,4,0,9,0.38,0.06,0.28,3,7,0,19,0,45,63,4.3,2.82
5674,5675,357164,51,3,3,11,,5346,6,6,6,6.0,45,77,362,27,13,4,14,17,0,15,0.28,0.28,0.28,6,12,1,42,1,38,66,6.0,2.01
5675,5676,357164,51,4,3,26,,5347,7,11,10,8.8,101,161,555,45,17,12,8,12,0,20,0.38,0.35,0.3,10,21,0,28,4,109,113,8.8,3.35
5676,5677,357164,51,5,5,8,,5348,8,15,8,10.8,122,136,595,49,8,15,8,9,1,14,0.56,0.3,0.4,6,23,0,29,5,113,123,10.8,3.42
5677,5678,357164,51,6,3,15,,5349,9,9,9,10.0,117,160,760,59,16,9,19,15,0,13,0.32,0.32,0.36,8,18,0,24,7,99,135,10.0,2.51
5678,5679,357164,51,7,3,51,,5350,10,3,4,4.5,46,56,309,28,7,4,0,8,0,10,0.26,0.35,0.39,5,7,0,10,6,33,61,4.5,3.05
5679,5680,357498,70,2,3,17,,5351,4,6,0,7.0,23,42,209,10,6,7,6,5,1,13,0.36,0.0,0.42,4,6,0,39,1,21,39,6.2,3.84
5680,5681,357498,70,3,3,10,,5352,5,21,3,18.5,31,36,394,18,13,4,15,16,0,16,0.65,0.09,0.57,5,24,0,114,0,29,52,13.8,2.46
5681,5682,357498,70,4,3,26,1080,5353,6,17,2,12.9,40,18,270,20,5,1,16,6,0,11,0.82,0.1,0.62,2,19,0,40,7,13,54,8.2,3.34
5682,5683,357498,68,5,3,19,,5354,7,10,2,9.7,40,22,271,21,11,3,8,10,0,10,0.47,0.09,0.45,4,12,1,36,1,22,45,7.3,3.04
5683,5684,357498,68,6,3,18,,5355,8,16,4,16.6,46,36,380,29,9,1,11,4,1,11,0.62,0.16,0.65,4,20,0,37,2,19,73,13.3,4.14
5684,5685,357498,68,7,3,66,,5356,9,7,1,9.5,13,12,154,9,2,1,8,5,0,2,0.51,0.07,0.69,1,8,1,20,2,4,27,6.3,3.41
5685,5686,357662,64,1,2,3,,5357,4,2,0,1.2,127,27,1313,9,98,52,56,51,0,88,0.06,0.0,0.04,38,2,0,54,2,26,35,1.2,0.66
5686,5687,357662,64,2,2,22,,5358,5,1,3,1.3,180,52,1506,21,116,77,55,41,0,98,0.03,0.08,0.03,47,4,0,51,1,47,58,1.3,0.82
5687,5688,357662,64,3,2,145,,5359,6,2,1,3.2,169,74,1352,22,59,59,41,39,0,51,0.06,0.03,0.1,21,3,0,43,1,58,59,1.6,0.78
5688,5689,357662,64,4,2,55,,5360,7,1,4,1.1,256,104,1986,24,80,63,52,45,0,71,0.03,0.11,0.03,38,5,1,42,1,99,78,1.1,0.74
5689,5690,357662,64,5,2,15,,5361,8,4,1,2.4,240,89,1846,37,79,63,58,45,0,50,0.11,0.03,0.07,31,5,0,37,4,76,100,1.6,0.96
5690,5691,357662,41,6,2,51,2150,5362,9,7,8,3.3,278,75,2041,47,83,44,52,37,0,57,0.2,0.22,0.09,32,15,0,39,2,70,100,3.3,1.62
5691,5692,357662,41,7,2,4,,5363,10,1,3,1.1,89,41,610,24,23,10,20,14,1,14,0.08,0.23,0.08,8,4,0,17,1,27,45,1.1,1.35
5692,5693,357796,31,3,1,146,,5364,5,1,2,0.2,44,42,722,11,28,26,21,14,0,27,0.07,0.14,0.01,12,3,0,19,0,33,24,0.2,0.29
5693,5694,357796,73,6,1,25,,5365,8,0,3,0.8,76,57,1184,36,29,32,62,22,0,25,0.0,0.1,0.03,15,3,1,23,2,38,61,0.8,0.62
5694,5695,357796,69,7,1,9,2649,5366,10,0,0,0.1,14,14,219,10,12,2,18,5,0,12,0.0,0.0,0.01,7,0,0,5,0,11,17,0.1,0.47
5695,5696,357796,69,7,1,9,2650,5366,10,0,0,0.1,14,14,219,10,12,2,18,5,0,12,0.0,0.0,0.01,7,0,0,5,0,11,17,0.1,0.47
5696,5697,357884,109,1,1,44,,5367,7,1,0,0.8,102,19,1218,5,51,55,170,55,0,38,0.03,0.0,0.02,23,1,0,69,0,14,24,0.8,0.29
5697,5698,357884,53,5,7,40,,5368,11,0,1,0.7,64,9,617,4,46,13,52,31,0,34,0.0,0.06,0.04,21,1,0,35,0,8,22,0.7,0.39
5698,5699,357885,43,1,4,16,,5369,7,2,3,3.7,174,55,897,44,49,24,19,32,0,54,0.07,0.11,0.13,15,5,0,20,11,46,107,3.7,2.11
5699,5700,357885,64,2,4,26,486,5370,8,2,5,2.3,91,45,678,19,46,25,15,35,0,64,0.08,0.21,0.1,19,7,0,10,6,31,51,2.3,1.49
5700,5701,357885,64,3,5,11,,5371,9,5,4,6.0,134,59,853,31,44,36,9,43,0,73,0.17,0.14,0.21,11,9,0,23,1,41,81,6.0,1.75
5701,5702,357885,64,4,5,10,,5372,10,6,3,4.6,191,49,1052,48,54,27,16,49,0,84,0.19,0.1,0.15,22,9,1,23,11,37,109,4.6,1.38
5702,5703,357885,64,5,5,42,,5373,11,3,1,2.2,89,33,557,20,30,14,9,16,0,34,0.18,0.06,0.13,13,4,0,11,7,24,57,2.2,1.62
5703,5704,357885,64,6,4,42,2151,5374,12,0,0,0.3,29,4,162,5,10,6,7,8,0,16,0.0,0.0,0.07,5,0,0,3,0,7,16,0.3,1.48
5704,5705,357885,80,7,4,24,,5375,13,1,0,1.2,79,16,403,22,11,14,8,17,0,14,0.09,0.0,0.11,4,1,1,14,5,18,54,1.2,1.38
5705,5706,358008,23,6,5,52,2093,5376,8,4,1,1.3,41,17,171,16,7,3,4,4,1,7,0.48,0.12,0.15,2,5,0,4,2,14,34,0.5,1.57
5706,5707,358008,23,6,5,52,2094,5376,8,4,1,1.3,41,17,171,16,7,3,4,4,1,7,0.48,0.12,0.15,2,5,0,4,2,14,34,0.5,1.57
5707,5708,358008,23,7,4,9,2352,5377,9,0,1,3.4,22,6,141,10,6,4,7,5,0,11,0.0,0.16,0.54,3,1,0,7,2,9,22,3.4,3.19
5708,5709,358008,23,7,4,9,2353,5377,9,0,1,3.4,22,6,141,10,6,4,7,5,0,11,0.0,0.16,0.54,3,1,0,7,2,9,22,3.4,3.19
5709,5710,358032,69,5,4,62,1199,5378,7,3,1,2.0,13,18,98,11,7,6,4,7,0,11,0.36,0.12,0.24,3,4,0,17,1,11,27,2.0,3.14
5710,5711,358032,69,6,5,3,2095,5379,8,6,2,4.2,44,53,234,21,14,4,10,7,0,14,0.38,0.13,0.27,5,8,0,24,4,29,60,3.4,2.64
5711,5712,358032,89,7,9,5,,5380,9,0,0,0.5,5,3,33,3,4,0,3,0,0,3,0.0,0.0,0.43,1,0,0,1,0,3,11,0.5,7.36
5712,5713,358115,109,7,1,82,,5381,14,0,0,0.1,55,24,514,16,27,20,53,18,0,26,0.0,0.0,0.01,17,0,0,8,2,15,33,0.1,0.18
5713,5714,358165,110,3,1,3,769,5382,11,0,0,0.7,39,11,1017,3,22,53,77,30,0,24,0.0,0.0,0.04,9,0,1,45,0,12,10,0.7,0.35
5714,5715,358166,27,3,3,114,770,5383,10,8,1,5.7,32,33,329,20,28,6,11,17,0,37,0.43,0.05,0.31,9,9,0,46,1,19,48,5.7,2.09
5715,5716,358166,5,4,5,25,1081,5384,11,3,4,4.3,17,28,152,20,5,2,5,8,0,10,0.34,0.46,0.49,1,7,0,22,1,15,30,4.3,3.56
5716,5717,358166,11,5,3,41,1254,5385,12,1,1,2.8,15,7,143,11,5,3,4,5,0,11,0.11,0.11,0.31,2,2,0,20,3,4,19,2.8,2.0
5717,5718,358166,11,5,3,41,1255,5385,12,1,1,2.8,15,7,143,11,5,3,4,5,0,11,0.11,0.11,0.31,2,2,0,20,3,4,19,2.8,2.0
5718,5719,358166,23,6,5,6,2096,5386,13,3,3,3.5,18,12,153,10,11,4,4,5,0,10,0.29,0.29,0.34,6,6,0,21,2,13,24,3.5,2.02
5719,5720,358166,23,6,5,6,2097,5386,13,3,3,3.5,18,12,153,10,11,4,4,5,0,10,0.29,0.29,0.34,6,6,0,21,2,13,24,3.5,2.02
5720,5721,358166,5,7,5,9,,5387,14,1,1,0.7,5,2,27,2,1,0,0,2,0,1,0.79,0.79,0.52,0,2,0,5,0,0,5,0.7,3.16
5721,5722,358250,15,2,1,14,462,5388,8,0,1,1.0,89,17,1078,3,43,45,124,31,0,27,0.0,0.04,0.04,13,1,3,49,1,7,12,1.0,0.36
5722,5723,358250,15,4,1,25,,5389,10,0,0,0.3,110,25,1270,6,39,38,96,23,0,31,0.0,0.0,0.01,17,0,3,62,1,10,16,0.3,0.2
5723,5724,358250,15,5,1,25,,5390,11,3,0,1.0,95,15,1525,2,51,31,150,26,1,28,0.09,0.0,0.03,16,3,0,63,0,6,10,1.0,0.4
5724,5725,358421,12,1,2,28,,5391,13,1,0,0.6,38,10,341,4,17,3,17,7,0,20,0.13,0.0,0.07,10,1,1,19,0,3,10,0.6,0.63
5725,5726,358515,35,3,3,27,,5392,8,0,0,0.3,6,1,26,2,5,1,3,5,0,4,0.0,0.0,0.12,2,0,0,3,0,1,6,0.3,1.61
5726,5727,358515,35,4,3,59,,5393,9,1,1,1.6,8,11,65,5,7,0,1,7,0,10,0.2,0.2,0.31,2,2,0,17,1,6,15,1.6,2.38
5727,5728,358870,104,2,4,30,,5394,4,0,0,0.3,1,7,35,2,2,3,0,3,0,1,0.0,0.0,0.17,0,0,0,0,0,4,6,0.3,1.02
5728,5729,360518,91,4,2,16,877,5395,8,4,1,1.7,162,38,1173,48,40,15,19,31,0,54,0.17,0.04,0.07,22,5,0,27,3,37,93,1.7,1.19
5729,5730,360518,91,5,2,26,,5396,9,10,4,7.6,186,60,1271,58,46,19,36,41,0,55,0.31,0.13,0.24,28,14,2,38,5,64,132,4.3,1.73
5730,5731,360518,91,6,2,43,,5397,10,12,5,6.5,169,79,1092,60,39,10,35,33,0,50,0.41,0.17,0.22,17,17,0,29,3,54,122,5.0,1.78
5731,5732,360518,68,7,4,8,2651,5398,11,1,3,2.3,46,16,411,24,15,5,9,11,0,16,0.1,0.29,0.22,5,4,0,6,1,15,29,2.3,1.82
5732,5733,361068,39,4,4,14,878,5399,6,3,0,1.5,24,9,165,8,8,4,5,9,0,7,0.38,0.0,0.19,2,3,0,9,1,7,16,1.5,1.75
5733,5734,361068,38,7,2,52,2624,5400,9,0,2,0.9,28,5,199,5,18,5,13,10,0,19,0.0,0.27,0.12,10,2,0,8,1,4,14,0.9,1.35
5734,5735,361093,31,3,1,17,607,5401,5,0,0,1.2,183,24,2249,5,31,57,126,31,0,26,0.0,0.0,0.03,14,0,2,118,2,19,21,1.2,0.44
5735,5736,361093,31,4,1,26,,5402,6,3,1,1.6,79,12,1340,7,24,26,116,32,0,18,0.12,0.04,0.06,12,4,0,57,0,4,18,1.6,0.6
5736,5737,361093,83,5,1,43,1419,5403,7,0,0,2.5,87,8,1527,9,38,34,126,44,0,28,0.0,0.0,0.07,22,0,2,75,0,5,24,2.5,0.63
5737,5738,361093,83,6,1,65,,5404,8,2,2,0.6,35,0,921,5,20,9,61,20,0,13,0.13,0.13,0.04,8,4,3,34,0,4,14,0.6,0.65
5738,5739,361238,77,2,4,3,252,5405,11,8,2,7.2,119,48,717,49,55,11,23,34,0,46,0.33,0.08,0.29,18,10,1,26,1,44,111,6.4,2.26
5739,5740,361238,77,3,4,32,590,5406,12,3,5,2.6,98,40,778,53,50,29,20,28,0,45,0.1,0.17,0.09,14,8,0,51,0,49,92,1.8,0.96
5740,5741,361238,77,4,4,41,,5407,13,1,6,3.1,96,39,899,58,43,24,16,31,0,49,0.04,0.23,0.12,16,7,0,28,1,52,115,1.6,1.17
5741,5742,361238,77,5,5,20,,5408,14,2,2,1.8,40,16,411,25,20,12,13,14,0,24,0.16,0.16,0.14,7,4,0,12,6,13,54,1.8,1.55
5742,5743,361238,77,6,5,6,,5409,15,3,2,2.3,59,16,519,31,32,12,23,23,0,33,0.17,0.12,0.13,13,5,0,30,2,26,65,2.3,1.63
5743,5744,361238,77,7,5,28,,5410,16,2,2,1.0,52,12,373,15,27,10,17,17,0,27,0.18,0.18,0.09,16,4,0,12,0,16,38,1.0,0.89
5744,5745,361254,120,3,3,23,554,5411,8,13,1,15.3,39,42,249,9,15,15,25,14,0,22,0.41,0.03,0.48,7,14,0,103,0,27,31,13.0,3.66
5745,5746,361254,87,4,3,67,859,5412,9,10,0,7.5,16,18,234,7,4,0,17,4,0,11,0.5,0.0,0.37,0,10,0,58,1,12,31,7.5,3.09
5746,5747,361254,87,5,3,37,,5413,10,6,0,7.4,11,12,176,9,8,4,11,5,0,5,0.42,0.0,0.51,2,6,0,37,1,5,19,7.4,3.47
5747,5748,361254,87,6,5,41,,5414,11,2,0,1.4,2,3,61,5,2,1,1,2,0,2,0.46,0.0,0.33,1,2,0,12,0,2,13,1.4,3.45
5748,5749,361260,32,1,1,58,213,5415,3,3,0,1.3,44,13,432,2,33,23,58,15,0,19,0.2,0.0,0.09,9,3,1,54,0,11,19,1.3,0.73
5749,5750,361260,112,2,1,38,222,5416,4,3,1,1.8,62,13,846,3,37,37,97,33,0,21,0.15,0.05,0.09,14,4,0,75,0,12,11,1.8,0.56
5750,5751,361260,78,4,1,26,1050,5417,6,0,0,0.3,20,9,350,2,10,16,26,19,0,9,0.0,0.0,0.03,5,0,0,22,0,4,10,0.3,0.39
5751,5752,361260,78,4,1,26,1051,5417,6,0,0,0.3,20,9,350,2,10,16,26,19,0,9,0.0,0.0,0.03,5,0,0,22,0,4,10,0.3,0.39
5752,5753,361260,8,5,1,47,1354,5418,7,2,2,1.3,76,23,1056,4,51,45,83,35,2,30,0.08,0.08,0.05,17,4,0,80,0,16,15,1.3,0.9
5753,5754,361260,8,6,1,41,,5419,8,4,0,2.2,110,21,1159,8,48,46,106,43,1,33,0.16,0.0,0.09,19,4,2,68,4,21,22,2.2,0.75
5754,5755,361914,99,1,1,56,68,5420,7,3,0,1.5,32,11,465,2,17,14,59,20,1,19,0.26,0.0,0.13,8,3,1,41,0,6,8,1.5,0.86
5755,5756,361914,99,2,1,17,,5421,8,1,0,0.3,27,0,492,0,13,18,54,11,0,12,0.09,0.0,0.03,8,1,0,43,0,0,4,0.3,0.38
5756,5757,361914,12,3,1,112,771,5422,9,3,1,3.2,136,14,2449,5,37,47,102,34,0,33,0.09,0.03,0.09,21,4,0,121,0,16,20,3.2,0.8
5757,5758,361914,12,4,1,20,,5423,10,2,2,2.1,101,11,1959,4,27,24,127,24,1,24,0.07,0.07,0.07,14,4,1,95,2,7,15,2.1,0.82
5758,5759,361914,64,5,1,5,1420,5424,11,2,0,2.2,25,2,599,6,27,18,79,26,0,20,0.11,0.0,0.13,13,2,2,32,0,1,14,2.2,0.68
5759,5760,361914,64,6,1,50,,5425,12,1,0,1.5,68,10,943,4,26,17,85,33,1,22,0.05,0.0,0.07,16,1,2,48,1,8,14,1.5,0.68
5760,5761,361914,96,7,1,22,2539,5426,13,0,0,1.9,37,12,726,3,19,9,46,11,0,13,0.0,0.0,0.15,7,0,0,33,0,9,9,1.9,0.82
5761,5762,361914,96,7,1,22,2540,5426,13,0,0,1.9,37,12,726,3,19,9,46,11,0,13,0.0,0.0,0.15,7,0,0,33,0,9,9,1.9,0.82
5762,5763,362108,31,4,7,79,1009,5427,7,1,0,2.2,51,49,512,11,43,20,13,15,0,35,0.07,0.0,0.15,17,1,0,16,0,40,27,2.2,1.27
5763,5764,362108,31,5,6,67,,5428,8,0,0,0.5,31,44,369,11,19,10,20,11,0,22,0.0,0.0,0.05,12,0,0,12,0,25,22,0.5,0.75
5764,5765,362108,31,6,6,52,,5429,9,1,0,1.1,37,39,437,13,22,15,25,14,0,20,0.07,0.0,0.08,12,1,0,9,0,19,22,1.1,1.07
5765,5766,362108,31,7,1,9,,5430,10,0,0,0.3,48,37,422,8,20,7,20,14,0,24,0.0,0.0,0.03,14,0,2,8,1,20,16,0.3,0.83
5766,5767,362842,24,1,2,43,144,5431,6,0,1,0.3,120,16,1200,14,15,9,9,8,0,13,0.0,0.06,0.02,6,1,1,3,6,22,30,0.3,0.38
5767,5768,362842,24,2,2,55,,5432,7,3,3,1.3,88,30,942,11,15,4,5,9,0,12,0.23,0.23,0.1,4,6,2,3,6,45,29,1.3,0.61
5768,5769,362842,68,3,2,118,772,5433,8,1,0,0.1,79,9,1016,17,17,18,9,6,0,31,0.08,0.0,0.01,12,1,1,2,0,22,25,0.1,0.23
5769,5770,362842,70,6,2,16,1728,5434,11,2,3,1.0,133,21,1372,34,45,18,8,27,0,42,0.09,0.14,0.05,26,5,0,7,3,43,72,0.3,0.5
5770,5771,363205,18,1,3,31,,5435,6,7,3,11.2,21,35,294,21,10,3,4,16,0,5,0.61,0.26,0.97,0,10,0,15,2,23,48,10.5,3.65
5771,5772,363205,18,2,3,31,,5436,7,14,7,18.2,37,55,533,32,17,11,6,26,0,25,0.62,0.31,0.81,7,21,0,41,1,22,73,17.4,4.43
5772,5773,363205,18,3,3,118,,5437,8,9,4,8.7,41,54,631,30,17,15,5,16,0,28,0.39,0.17,0.38,11,13,0,18,2,38,78,8.7,2.4
5773,5774,363205,18,4,3,55,,5438,9,8,8,9.8,55,51,637,38,18,15,8,18,0,26,0.38,0.38,0.47,6,16,0,21,4,20,85,9.0,3.02
5774,5775,363205,41,5,3,8,1355,5439,10,11,6,13.9,64,44,561,31,33,11,15,27,0,31,0.48,0.26,0.61,15,17,1,44,4,31,83,13.1,3.31
5775,5776,363205,41,6,3,18,,5440,11,4,5,6.3,42,38,403,29,24,13,12,23,0,18,0.24,0.3,0.39,5,9,0,15,8,21,59,6.3,3.35
5776,5777,363205,41,7,3,66,,5441,12,2,0,1.7,11,8,89,5,6,4,5,7,0,5,0.5,0.0,0.44,3,2,0,5,0,5,14,1.7,3.77
5777,5778,364133,16,5,3,52,1575,5442,6,2,0,1.5,8,4,61,5,6,0,4,5,0,3,0.39,0.0,0.29,2,2,0,11,0,2,8,1.5,1.94
5778,5779,364133,16,6,3,14,,5443,7,1,1,1.0,8,14,86,4,5,2,3,4,0,5,0.12,0.12,0.12,1,2,0,23,0,15,12,1.0,1.55
5779,5780,364133,40,7,3,23,2652,5444,8,3,0,0.3,8,12,50,7,7,0,3,2,0,4,0.65,0.0,0.06,2,3,0,3,0,6,15,0.3,1.74
5780,5781,364133,40,7,3,23,2653,5444,8,3,0,0.3,8,12,50,7,7,0,3,2,0,4,0.65,0.0,0.06,2,3,0,3,0,6,15,0.3,1.74
5781,5782,364135,68,1,3,5,,5445,3,6,0,3.6,4,11,67,5,0,2,1,1,0,1,1.0,0.0,0.6,0,6,0,7,0,6,8,3.6,3.33
5782,5783,364135,68,5,3,49,1256,5446,7,6,0,6.3,13,30,130,8,8,5,2,4,1,7,0.54,0.0,0.57,3,6,0,9,1,15,31,6.3,3.44
5783,5784,364135,68,6,3,10,2098,5447,8,0,0,2.1,6,12,66,5,7,2,5,4,0,3,0.0,0.0,0.28,1,0,0,10,0,6,14,2.1,2.2
5784,5785,364135,70,7,3,24,2654,5448,9,10,1,10.4,14,19,116,10,5,0,9,4,0,3,0.74,0.07,0.77,2,11,1,27,1,10,32,8.8,3.85
5785,5786,364245,13,7,1,37,2401,5449,10,1,0,1.2,14,6,142,5,10,2,4,9,1,9,0.29,0.0,0.35,3,1,0,5,0,9,8,1.2,1.17
5786,5787,364405,13,1,2,10,,5450,8,0,1,0.3,7,5,83,6,2,3,1,4,0,4,0.0,0.37,0.12,1,1,0,9,0,5,13,0.3,2.25
5787,5788,364405,72,3,5,50,,5451,9,2,2,2.0,70,219,572,55,28,7,12,23,0,21,0.07,0.07,0.07,13,4,1,73,1,111,115,2.0,1.46
5788,5789,364405,72,4,5,22,,5452,10,1,0,3.0,29,84,242,18,8,2,1,4,0,7,0.08,0.0,0.25,3,1,0,15,2,42,60,3.0,1.94
5789,5790,364405,72,5,5,23,,5453,11,2,1,1.4,36,85,325,24,14,3,17,8,0,9,0.12,0.06,0.08,4,3,0,39,3,41,45,1.4,1.14
5790,5791,364405,116,6,5,9,,5454,12,2,3,1.5,16,29,97,7,4,1,2,2,0,6,0.48,0.72,0.36,3,5,0,9,0,13,14,1.5,2.63
5791,5792,364405,116,7,5,21,,5455,13,1,3,2.9,31,47,207,20,9,1,4,5,0,8,0.11,0.32,0.31,3,4,1,16,2,21,41,2.9,2.44
5792,5793,364409,130,6,1,27,,5456,9,2,0,1.1,37,10,580,2,41,31,92,37,0,27,0.1,0.0,0.05,16,2,0,36,0,9,8,1.1,0.49
5793,5794,364409,140,7,1,23,2381,5457,11,1,0,0.7,27,9,416,0,12,11,52,22,0,11,0.09,0.0,0.07,6,1,0,10,0,3,1,0.7,0.27
5794,5795,364525,139,5,3,27,,5458,12,1,0,1.8,10,10,90,5,3,2,8,5,0,2,0.13,0.0,0.24,1,1,0,53,0,8,18,1.8,2.58
5795,5796,364827,1,7,1,28,2517,5459,13,0,1,0.3,25,4,433,5,22,15,57,15,0,22,0.0,0.1,0.03,17,1,1,15,2,3,14,0.3,0.51
5796,5797,364857,82,5,1,23,1304,5460,12,1,3,0.8,76,50,999,19,46,33,75,43,0,51,0.03,0.1,0.03,32,4,1,17,2,36,38,0.8,0.21
5797,5798,365108,75,3,5,13,,5461,4,1,1,0.7,7,22,130,5,7,7,4,4,0,8,0.16,0.16,0.12,1,2,0,5,0,9,14,0.7,1.96
5798,5799,365108,58,6,5,33,1975,5462,7,1,1,4.9,36,88,467,22,30,10,14,20,0,39,0.05,0.05,0.25,17,2,0,7,0,56,62,4.9,2.08
5799,5800,365108,58,7,3,24,,5463,9,3,2,3.5,38,59,215,10,8,3,2,10,0,12,0.33,0.22,0.38,5,5,0,3,3,21,33,2.7,2.62
5800,5801,365172,57,4,3,42,1108,5464,7,5,3,4.2,17,10,165,13,15,2,8,7,0,19,0.39,0.23,0.32,2,8,0,17,1,4,30,4.2,2.02
5801,5802,365172,57,5,3,11,,5465,8,4,4,3.5,17,18,195,17,14,7,7,14,0,13,0.3,0.3,0.27,3,8,0,26,5,8,28,3.5,2.27
5802,5803,366045,26,6,4,17,,5466,9,3,2,2.0,42,29,248,12,8,8,3,4,0,5,0.29,0.2,0.19,3,5,0,5,2,27,30,1.2,1.67
5803,5804,366930,120,3,4,147,773,5467,4,0,1,0.8,34,22,321,15,29,14,9,15,0,22,0.0,0.11,0.09,11,1,0,0,1,24,20,0.8,1.14
5804,5805,366930,96,7,8,41,2541,5468,9,0,4,0.5,57,25,610,28,46,10,16,26,0,30,0.0,0.26,0.03,17,4,1,10,1,27,60,0.5,0.59
5805,5806,367466,20,3,1,134,,5469,6,1,1,0.5,46,48,892,18,47,42,63,24,1,43,0.04,0.04,0.02,21,2,1,31,2,32,39,0.5,0.34
5806,5807,367466,20,4,1,28,,5470,7,0,1,0.3,53,27,453,8,35,19,27,20,0,29,0.0,0.06,0.02,14,1,0,19,1,16,22,0.3,0.19
5807,5808,367466,20,6,1,5,,5471,9,0,2,0.6,80,40,1017,18,63,33,61,39,1,49,0.0,0.08,0.03,28,2,0,16,2,27,51,0.6,0.21
5808,5809,367466,20,7,1,6,,5472,10,0,0,0.3,44,16,330,5,27,4,18,10,0,23,0.0,0.0,0.04,13,0,0,4,0,9,16,0.3,0.82
5809,5810,367992,58,6,3,10,2230,5473,10,0,0,0.4,16,13,103,5,3,4,1,4,0,8,0.0,0.0,0.11,2,0,0,0,0,7,11,0.4,1.57
5810,5811,367992,58,7,3,41,2354,5474,11,1,0,0.7,6,6,72,2,1,0,3,4,0,2,0.3,0.0,0.22,0,1,0,2,0,8,9,0.7,1.81
5811,5812,367992,58,7,3,41,2355,5474,11,1,0,0.7,6,6,72,2,1,0,3,4,0,2,0.3,0.0,0.22,0,1,0,2,0,8,9,0.7,1.81
5812,5813,368559,58,1,2,80,,5475,8,0,0,0.2,53,10,442,9,29,25,12,13,1,21,0.0,0.0,0.02,11,0,2,5,0,11,19,0.2,0.55
5813,5814,368887,84,5,3,14,1200,5476,7,21,4,18.4,42,61,297,24,11,2,6,9,0,13,0.75,0.14,0.66,2,25,0,13,7,40,67,17.6,3.68
5814,5815,368887,93,6,3,11,1863,5477,8,24,7,22.1,45,77,348,35,3,5,14,19,0,6,0.8,0.23,0.74,0,31,0,22,5,30,84,19.7,3.94
5815,5816,368887,93,7,3,55,,5478,9,6,4,6.0,24,32,162,16,6,2,4,8,0,4,0.43,0.29,0.43,1,10,0,8,0,13,34,5.2,2.86
5816,5817,368891,58,4,1,17,829,5479,6,2,1,1.5,107,37,1231,6,33,42,69,29,0,31,0.07,0.04,0.05,14,3,0,39,2,38,24,1.5,0.78
5817,5818,368891,58,4,1,17,830,5479,6,2,1,1.5,107,37,1231,6,33,42,69,29,0,31,0.07,0.04,0.05,14,3,0,39,2,38,24,1.5,0.78
5818,5819,368891,12,5,1,16,1576,5480,7,4,0,4.5,248,37,2296,9,29,30,114,26,0,30,0.12,0.0,0.13,17,4,3,70,0,35,23,4.5,0.89
5819,5820,368891,12,5,1,16,1577,5480,7,4,0,4.5,248,37,2296,9,29,30,114,26,0,30,0.12,0.0,0.13,17,4,3,70,0,35,23,4.5,0.89
5820,5821,368891,12,6,1,42,,5481,8,2,0,1.9,151,33,1444,6,30,31,90,40,0,37,0.08,0.0,0.07,24,2,2,41,0,36,21,1.9,0.86
5821,5822,368891,7,7,1,11,2597,5482,9,0,0,0.8,64,23,680,6,18,21,61,23,1,19,0.0,0.0,0.06,8,0,1,21,2,18,18,0.8,1.4
5822,5823,368891,7,7,1,11,2598,5482,9,0,0,0.8,64,23,680,6,18,21,61,23,1,19,0.0,0.0,0.06,8,0,1,21,2,18,18,0.8,1.4
5823,5824,369081,19,1,2,23,,5483,5,0,0,0.3,58,17,323,9,12,21,10,10,0,11,0.0,0.0,0.04,5,0,0,9,2,17,22,0.3,0.96
5824,5825,369081,19,2,2,11,,5484,6,2,5,2.0,112,41,961,20,38,21,12,38,0,36,0.09,0.24,0.09,12,7,2,25,5,43,49,2.0,1.04
5825,5826,369081,19,3,2,55,,5485,7,3,1,2.3,96,41,673,22,25,22,4,16,0,26,0.2,0.07,0.15,10,4,0,10,1,34,50,2.3,1.49
5826,5827,369081,19,4,2,31,,5486,8,0,1,0.9,129,76,1039,24,36,24,12,23,0,31,0.0,0.05,0.05,12,1,0,15,4,81,71,0.9,1.67
5827,5828,369081,19,5,4,31,,5487,9,7,4,4.3,151,70,1427,43,31,17,15,31,0,26,0.25,0.14,0.15,13,11,0,31,3,68,81,4.3,2.27
5828,5829,369081,19,6,2,36,,5488,10,2,7,3.5,231,104,1901,49,47,43,40,39,0,42,0.06,0.22,0.11,24,9,0,21,14,102,119,3.5,1.74
5829,5830,369081,19,7,8,4,,5489,11,5,2,0.7,108,29,1011,22,27,35,21,25,0,21,0.29,0.12,0.04,15,7,1,15,1,34,45,0.7,1.15
5830,5831,369567,32,3,3,3,,5490,8,16,5,10.4,46,18,455,26,16,9,21,10,0,17,0.67,0.21,0.44,2,21,0,93,3,16,52,10.4,2.87
5831,5832,369567,32,4,3,25,,5491,9,6,1,6.6,26,14,255,21,10,2,14,5,0,11,0.44,0.07,0.49,3,7,0,62,2,6,34,5.0,2.65
5832,5833,370683,62,5,1,23,1217,5492,10,1,3,0.4,43,6,536,5,35,33,77,16,0,39,0.06,0.18,0.03,22,4,2,69,1,11,8,0.4,0.42
5833,5834,370691,80,1,6,44,,5493,7,0,1,0.4,44,59,776,14,51,21,47,15,0,41,0.0,0.05,0.02,23,1,4,8,0,48,33,0.4,0.51
5834,5835,370789,44,4,1,13,,5494,8,2,0,1.3,50,30,482,18,27,16,32,12,0,25,0.13,0.0,0.08,17,2,0,18,0,22,34,1.3,1.07
5835,5836,370789,44,5,1,14,1622,5495,9,0,0,0.7,32,20,350,8,28,12,19,15,0,25,0.0,0.0,0.06,15,0,0,5,1,16,27,0.7,1.39
5836,5837,370789,63,6,1,41,,5496,10,4,1,1.8,64,41,974,14,41,10,35,31,0,47,0.2,0.05,0.09,27,5,3,8,0,41,29,1.8,0.92
5837,5838,370789,63,7,1,11,,5497,12,1,1,0.3,28,22,467,12,16,12,11,11,0,21,0.1,0.1,0.03,14,2,1,3,0,17,19,0.3,0.67
5838,5839,370791,75,4,2,38,1010,5498,9,0,2,1.2,186,23,1522,20,59,38,43,33,0,66,0.0,0.07,0.04,26,2,0,43,0,33,52,1.2,0.63
5839,5840,370791,75,5,8,20,,5499,10,0,1,0.9,112,18,930,19,46,23,32,15,0,34,0.0,0.05,0.05,18,1,1,16,1,19,42,0.9,0.51
5840,5841,370791,75,6,8,6,,5500,11,0,0,1.2,93,20,1056,17,36,29,39,27,0,34,0.0,0.0,0.05,23,0,0,35,5,19,39,1.2,0.72
5841,5842,370791,75,7,8,20,,5501,12,1,1,1.8,54,10,437,11,15,22,29,12,0,12,0.08,0.08,0.14,6,2,2,14,2,8,23,1.0,0.55
5842,5843,370846,31,3,5,148,,5502,5,3,0,3.0,19,26,226,5,15,4,5,7,0,14,0.31,0.0,0.31,7,3,0,11,0,14,15,3.0,2.46
5843,5844,370846,31,4,4,5,,5503,6,3,4,3.7,43,55,407,26,19,10,7,16,1,20,0.17,0.22,0.21,10,7,0,21,2,38,53,3.7,1.89
5844,5845,370846,31,5,6,47,,5504,7,0,2,2.5,79,69,824,16,24,23,18,17,0,29,0.0,0.1,0.13,16,2,0,13,0,48,44,2.5,1.54
5845,5846,370846,68,6,6,24,2268,5505,8,0,1,1.5,48,35,476,13,27,5,15,12,0,20,0.0,0.07,0.11,15,1,0,10,0,19,30,1.5,0.86
5846,5847,370846,68,7,3,5,,5506,9,4,1,2.6,16,24,210,8,10,4,5,7,0,8,0.52,0.13,0.34,4,5,0,6,2,11,13,2.6,1.17
5847,5848,371436,85,4,1,2,,5507,9,0,0,0.1,2,1,142,0,7,6,35,7,0,8,0.0,0.0,0.01,5,0,0,15,0,0,2,0.1,0.21
5848,5849,371554,139,5,4,83,,5508,10,0,1,0.7,17,17,212,8,29,11,5,18,0,33,0.0,0.08,0.06,12,1,0,5,0,12,14,0.7,0.59
5849,5850,371814,21,3,1,13,,5509,8,1,1,1.0,55,9,948,7,22,20,81,17,0,24,0.06,0.06,0.06,11,2,0,95,0,10,12,1.0,0.93
5850,5851,371851,38,5,1,33,1467,5510,8,3,2,2.2,66,3,1170,9,39,29,165,41,0,27,0.1,0.07,0.07,16,5,0,87,4,7,21,2.2,0.66
5851,5852,372246,20,1,2,26,,5511,6,2,6,4.1,123,48,741,34,41,19,37,46,0,65,0.07,0.22,0.15,16,8,0,23,4,48,66,4.1,1.5
5852,5853,372246,20,2,2,8,,5512,7,2,0,1.7,86,29,582,15,21,9,14,16,0,39,0.09,0.0,0.07,9,2,0,18,3,20,42,1.7,0.78
5853,5854,372246,20,3,2,7,,5513,8,11,8,9.5,153,46,1272,45,41,23,41,35,0,52,0.36,0.26,0.31,19,19,0,18,2,50,83,2.4,0.92
5854,5855,372246,20,4,2,22,,5514,9,11,5,9.1,101,40,659,53,29,14,28,19,0,37,0.4,0.18,0.33,11,16,0,12,3,40,88,3.5,1.24
5855,5856,372246,20,5,2,8,1508,5515,10,1,0,0.9,13,3,92,4,2,0,2,1,0,3,0.37,0.0,0.35,2,1,0,1,0,4,6,0.2,1.49
5856,5857,372246,90,6,8,43,,5516,11,2,2,1.5,74,15,670,20,15,5,11,10,0,21,0.17,0.17,0.12,6,4,1,6,4,23,37,1.5,1.16
5857,5858,372246,64,7,2,11,2599,5517,12,0,1,0.7,27,9,257,8,6,2,6,11,0,13,0.0,0.15,0.11,2,1,0,4,4,11,29,0.7,2.37
5858,5859,372711,112,1,4,26,,5518,6,1,1,1.0,59,64,347,21,15,9,2,11,0,24,0.08,0.08,0.09,8,2,0,7,0,43,48,1.0,1.0
5859,5860,372711,112,2,4,16,,5519,7,6,4,3.3,134,94,754,44,16,7,2,13,0,25,0.26,0.17,0.14,6,10,1,8,8,71,92,2.5,1.2
5860,5861,372711,112,3,4,75,,5520,8,2,5,1.5,93,83,639,51,22,17,7,9,0,23,0.09,0.21,0.07,10,7,1,6,7,70,99,1.5,0.94
5861,5862,372711,49,4,5,5,984,5521,9,4,4,2.5,65,50,611,26,18,4,2,10,0,17,0.31,0.31,0.2,9,8,0,6,2,35,49,2.5,1.16
5862,5863,372711,49,5,4,41,1421,5522,10,0,0,0.5,38,19,221,15,6,4,6,4,0,8,0.0,0.0,0.09,3,0,0,1,2,13,30,0.5,1.05
5863,5864,372711,49,5,4,41,1422,5522,10,0,0,0.5,38,19,221,15,6,4,6,4,0,8,0.0,0.0,0.09,3,0,0,1,2,13,30,0.5,1.05
5864,5865,372711,49,6,4,5,2269,5523,11,1,2,3.7,127,84,815,39,28,12,4,31,0,37,0.05,0.1,0.18,13,3,0,4,9,69,90,3.7,1.63
5865,5866,372711,49,7,2,16,,5524,12,2,3,0.7,33,12,188,16,7,3,1,6,1,2,0.38,0.57,0.14,1,5,1,1,3,14,27,0.7,0.95
5866,5867,372712,14,1,2,71,142,5525,5,3,2,1.5,141,58,997,22,60,34,39,37,0,55,0.1,0.07,0.05,23,5,1,59,3,37,68,1.5,0.95
5867,5868,372712,14,2,2,38,,5526,6,0,1,0.8,74,44,535,14,46,20,25,14,0,48,0.0,0.06,0.05,16,1,0,31,0,38,36,0.8,0.9
5868,5869,372712,14,3,2,106,,5527,7,0,0,2.0,128,28,885,6,68,48,44,22,0,68,0.0,0.0,0.07,28,0,0,55,0,30,34,2.0,0.87
5869,5870,372712,14,4,8,67,,5528,8,2,5,2.6,100,50,826,28,47,35,31,32,0,46,0.08,0.2,0.1,19,7,0,59,2,36,57,2.6,1.02
5870,5871,372712,14,5,2,20,,5529,9,0,2,0.7,67,18,489,11,40,10,19,20,0,42,0.0,0.14,0.05,22,2,0,30,2,23,32,0.7,0.89
5871,5872,372712,14,6,2,6,,5530,10,0,1,1.0,88,15,614,12,47,19,30,21,0,30,0.0,0.05,0.05,23,1,0,29,2,30,35,1.0,0.77
5872,5873,372712,33,7,2,6,2600,5531,12,1,1,0.6,52,20,343,12,31,15,23,15,0,20,0.08,0.08,0.05,10,2,0,30,2,9,33,0.6,0.93
5873,5874,372713,106,2,5,13,229,5532,7,0,0,2.4,16,18,207,9,17,4,18,17,1,13,0.0,0.0,0.15,6,0,1,44,1,15,36,2.4,1.5
5874,5875,372713,140,7,3,40,,5533,12,0,0,0.4,3,2,57,1,2,3,5,3,0,1,0.0,0.0,0.12,0,0,0,8,0,2,1,0.4,1.45
5875,5876,372809,11,4,1,83,,5534,7,1,1,0.2,25,3,504,3,17,19,47,29,0,16,0.07,0.07,0.01,10,2,0,37,0,4,7,0.2,0.14
5876,5877,373373,70,3,1,41,774,5535,9,1,0,1.5,70,31,667,7,32,39,48,27,1,41,0.06,0.0,0.09,18,1,0,28,0,31,17,1.5,0.97
5877,5878,373373,70,4,1,41,,5536,10,1,0,1.2,76,22,1007,5,36,19,46,22,0,34,0.06,0.0,0.07,21,1,0,47,0,16,14,1.2,1.01
5878,5879,373373,70,5,1,5,,5537,11,1,1,2.5,119,19,1245,8,80,48,78,41,0,61,0.04,0.04,0.1,42,2,1,76,0,25,28,2.5,1.12
5879,5880,373373,70,6,1,41,,5538,12,5,1,2.7,177,23,1362,15,75,30,69,38,0,54,0.2,0.04,0.11,36,6,4,49,2,20,39,2.7,0.94
5880,5881,373373,70,7,1,16,,5539,13,1,0,0.7,14,3,226,1,12,3,25,5,0,13,0.26,0.0,0.19,8,1,1,12,0,2,4,0.7,0.77
5881,5882,373899,16,3,2,30,,5540,8,0,0,0.2,4,2,94,1,5,0,1,0,0,5,0.0,0.0,0.1,2,0,0,1,0,1,6,0.2,1.88
5882,5883,374040,139,5,2,27,,5541,10,0,2,2.3,143,66,837,15,55,19,31,23,0,68,0.0,0.07,0.09,25,2,0,5,11,59,52,2.3,1.36
5883,5884,374139,80,1,6,1,,5542,6,3,4,2.2,83,73,914,20,38,23,48,27,0,24,0.14,0.19,0.1,10,7,0,34,1,40,36,2.2,0.88
5884,5885,374139,24,2,1,26,,5543,7,1,1,0.7,57,39,734,10,23,17,12,15,0,17,0.09,0.09,0.06,11,2,1,11,0,36,14,0.7,0.36
5885,5886,374139,24,3,7,11,,5544,8,1,1,0.7,7,8,202,5,1,4,7,5,0,1,0.31,0.31,0.21,0,2,0,3,0,8,8,0.7,0.31
5886,5887,374139,45,4,7,41,,5545,9,0,2,0.9,111,36,768,22,61,24,37,22,0,59,0.0,0.11,0.05,31,2,0,27,0,29,52,0.9,0.58
5887,5888,374139,45,5,1,5,,5546,10,1,1,0.1,54,20,454,8,47,24,40,23,1,46,0.07,0.07,0.01,24,2,0,17,1,16,21,0.1,0.13
5888,5889,375391,26,6,5,17,2270,5547,9,2,1,0.6,16,14,94,8,13,6,9,7,0,10,0.21,0.11,0.06,3,3,0,17,0,13,21,0.6,0.64
5889,5890,375885,103,1,2,29,,5548,5,1,3,2.3,227,37,1212,20,102,29,49,52,0,63,0.04,0.11,0.09,32,4,2,39,11,43,56,2.3,1.35
5890,5891,375885,103,2,2,5,,5549,6,0,1,2.0,175,35,1009,27,84,39,49,28,0,74,0.0,0.04,0.08,33,1,4,45,5,27,65,2.0,0.91
5891,5892,377219,109,5,4,9,1218,5550,10,2,1,0.9,10,11,63,3,15,5,2,2,1,8,0.67,0.34,0.29,5,3,0,7,0,7,11,0.9,1.69
5892,5893,377219,20,6,5,14,1824,5551,11,0,1,0.4,21,7,120,4,17,11,6,13,1,9,0.0,0.15,0.06,3,1,0,11,2,13,14,0.4,1.64
5893,5894,377219,20,6,5,14,1825,5551,11,0,1,0.4,21,7,120,4,17,11,6,13,1,9,0.0,0.15,0.06,3,1,0,11,2,13,14,0.4,1.64
5894,5895,377219,109,7,4,3,,5552,13,2,1,2.6,27,11,147,6,13,7,2,13,0,7,0.26,0.13,0.33,1,3,1,2,2,7,16,1.8,1.79
5895,5896,377393,75,1,2,9,,5553,10,2,1,3.3,143,35,1227,30,74,36,37,44,1,62,0.08,0.04,0.12,25,3,0,15,2,39,74,3.3,1.47
5896,5897,377393,75,2,2,20,,5554,11,5,6,4.2,157,57,1019,33,63,32,43,38,0,88,0.2,0.24,0.17,31,11,0,14,3,49,68,4.2,2.16
5897,5898,377393,75,3,2,41,,5555,12,4,2,4.7,141,38,1019,12,67,29,31,50,1,83,0.17,0.09,0.2,25,6,1,14,1,35,55,3.9,1.83
5898,5899,377393,78,4,2,25,891,5556,13,1,0,1.6,114,33,807,25,58,25,23,37,0,92,0.04,0.0,0.06,25,1,0,14,7,26,55,1.6,1.31
5899,5900,377393,61,5,2,6,1356,5557,14,5,5,2.1,179,33,1198,16,97,52,46,48,1,123,0.16,0.16,0.07,57,10,1,18,8,44,56,2.1,1.4
5900,5901,377393,61,6,2,14,,5558,15,4,0,2.4,193,51,1425,27,96,43,64,61,1,129,0.14,0.0,0.09,49,4,3,20,6,56,84,2.4,1.86
5901,5902,377393,61,7,2,41,,5559,16,0,0,0.3,34,11,225,2,11,4,2,4,0,10,0.0,0.0,0.09,7,0,0,1,0,9,11,0.3,2.31
5902,5903,378139,105,2,7,27,264,5560,8,0,0,0.7,36,40,293,12,27,8,11,18,0,39,0.0,0.0,0.05,16,0,0,6,0,28,36,0.7,1.18
5903,5904,378139,105,2,7,27,265,5560,8,0,0,0.7,36,40,293,12,27,8,11,18,0,39,0.0,0.0,0.05,16,0,0,6,0,28,36,0.7,1.18
5904,5905,378139,80,3,5,119,,5561,9,2,2,2.9,54,40,411,24,32,11,8,26,0,35,0.11,0.11,0.16,10,4,0,14,0,26,54,2.9,1.86
5905,5906,378139,80,4,9,3,,5562,10,0,0,1.0,28,21,258,11,21,8,6,8,0,34,0.0,0.0,0.11,10,0,0,5,0,10,34,1.0,2.1
5906,5907,378139,80,5,6,23,,5563,11,0,0,0.8,62,38,647,15,47,24,41,17,1,58,0.0,0.0,0.05,31,0,0,14,1,27,37,0.8,0.93
5907,5908,378139,80,6,6,9,,5564,12,2,1,0.8,54,22,445,11,46,14,33,12,0,59,0.18,0.09,0.07,32,3,1,4,0,15,33,0.8,1.15
5908,5909,378139,80,7,9,33,,5565,13,0,2,0.5,18,12,193,12,12,8,13,9,0,14,0.0,0.3,0.08,8,2,0,4,0,11,23,0.5,1.18
5909,5910,378293,120,1,8,48,136,5566,5,0,0,0.5,46,5,352,4,48,14,32,13,0,43,0.0,0.0,0.04,23,0,0,31,0,11,19,0.5,1.09
5910,5911,378293,120,1,8,48,137,5566,5,0,0,0.5,46,5,352,4,48,14,32,13,0,43,0.0,0.0,0.04,23,0,0,31,0,11,19,0.5,1.09
5911,5912,378293,36,2,2,17,294,5567,6,2,3,2.7,107,13,692,18,88,34,28,38,0,80,0.08,0.11,0.1,36,5,0,78,3,17,52,2.7,1.29
5912,5913,378293,36,3,2,41,594,5568,7,3,1,2.6,117,13,588,11,59,26,32,53,0,41,0.12,0.04,0.1,11,4,1,122,1,16,42,2.6,1.29
5913,5914,378293,53,4,2,16,860,5569,8,1,1,1.1,74,12,702,12,41,19,33,27,1,39,0.05,0.05,0.06,18,2,1,55,1,16,27,1.1,0.82
5914,5915,378293,53,4,2,16,861,5569,8,1,1,1.1,74,12,702,12,41,19,33,27,1,39,0.05,0.05,0.06,18,2,1,55,1,16,27,1.1,0.82
5915,5916,378293,129,5,4,24,1509,5570,9,2,2,2.3,46,18,332,11,26,4,12,14,0,15,0.19,0.19,0.22,6,4,0,18,4,14,21,2.3,2.24
5916,5917,378293,129,5,4,24,1510,5570,9,2,2,2.3,46,18,332,11,26,4,12,14,0,15,0.19,0.19,0.22,6,4,0,18,4,14,21,2.3,2.24
5917,5918,378293,129,6,2,9,2028,5571,10,5,0,4.9,92,31,972,18,64,24,45,30,0,56,0.21,0.0,0.21,30,5,1,61,1,32,48,4.9,2.22
5918,5919,378293,129,7,2,26,,5572,11,2,1,1.7,49,9,386,7,28,12,17,7,0,23,0.22,0.11,0.19,13,3,0,18,1,14,18,1.7,1.67
5919,5920,378954,87,1,7,16,,5573,6,0,0,0.1,25,10,234,2,11,10,16,2,0,7,0.0,0.0,0.03,4,0,0,18,0,6,5,0.1,0.61
5920,5921,378954,12,2,1,6,,5574,7,0,1,0.6,35,10,586,4,16,18,61,21,0,11,0.0,0.07,0.04,10,1,0,53,0,2,6,0.6,0.63
5921,5922,378965,127,1,1,29,,5575,8,0,0,0.4,57,44,416,12,37,23,46,13,0,25,0.0,0.0,0.03,15,0,1,18,1,34,30,0.4,0.48
5922,5923,379807,16,3,1,38,,5576,8,0,0,1.0,69,16,1079,6,21,46,76,36,0,14,0.0,0.0,0.05,8,0,0,36,0,18,17,1.0,0.55
5923,5924,379807,37,4,1,9,,5577,9,0,0,0.3,18,3,282,3,18,13,50,18,0,18,0.0,0.0,0.03,10,0,1,19,0,1,10,0.3,0.59
5924,5925,379807,37,5,1,9,,5578,10,1,1,0.6,35,13,400,4,24,20,65,30,0,18,0.08,0.08,0.04,12,2,2,25,3,8,9,0.6,0.92
5925,5926,380350,70,3,1,9,555,5579,7,0,0,0.3,78,27,722,3,15,23,34,17,0,12,0.0,0.0,0.02,7,0,0,10,0,13,13,0.3,0.08
5926,5927,380350,70,4,1,9,1131,5580,8,0,0,0.4,95,20,1550,6,53,31,46,37,0,40,0.0,0.0,0.02,30,0,4,46,1,8,19,0.4,0.28
5927,5928,380598,50,1,2,30,,5581,6,1,1,0.7,99,13,910,13,56,30,45,30,0,61,0.04,0.04,0.03,22,2,2,36,1,11,30,0.7,0.35
5928,5929,380598,50,4,2,17,,5582,9,1,2,3.7,165,46,1214,27,87,33,30,46,1,104,0.03,0.07,0.12,40,3,0,56,3,44,60,3.7,1.07
5929,5930,380598,50,5,2,14,,5583,10,3,2,2.5,150,40,1024,41,71,32,17,39,0,82,0.11,0.07,0.09,38,5,0,32,0,43,87,2.5,0.92
5930,5931,380598,43,6,2,9,1826,5584,11,2,0,1.9,92,23,752,12,44,22,27,33,2,38,0.11,0.0,0.1,19,2,1,31,2,25,37,1.9,0.93
5931,5932,380598,43,7,2,6,,5585,13,2,2,1.1,87,19,620,16,39,12,23,28,0,33,0.14,0.14,0.08,16,4,1,14,3,14,41,1.1,0.78
5932,5933,381187,132,6,5,27,2244,5586,10,5,1,4.1,36,38,258,10,38,19,7,26,0,39,0.28,0.06,0.23,16,6,0,12,2,16,44,2.5,1.65
5933,5934,381187,132,7,4,74,,5587,12,0,0,1.8,9,6,64,3,7,2,3,2,0,4,0.0,0.0,0.37,3,0,0,7,1,3,17,1.8,2.65
5934,5935,381362,48,2,3,10,,5588,7,5,1,6.4,21,13,265,11,15,4,23,10,0,5,0.25,0.05,0.32,0,6,0,69,0,10,32,5.5,1.72
5935,5936,381753,111,5,2,13,,5589,7,0,0,0.3,61,26,673,8,44,22,21,23,0,31,0.0,0.0,0.02,18,0,1,16,3,17,24,0.3,0.34
5936,5937,381950,51,2,9,33,321,5590,5,1,0,0.6,14,21,271,7,14,8,1,13,1,20,0.13,0.0,0.08,6,1,0,5,1,15,26,0.6,1.18
5937,5938,381950,51,2,9,33,322,5590,5,1,0,0.6,14,21,271,7,14,8,1,13,1,20,0.13,0.0,0.08,6,1,0,5,1,15,26,0.6,1.18
5938,5939,381950,51,3,3,100,775,5591,6,2,4,2.4,59,43,679,30,43,25,6,29,1,60,0.09,0.18,0.11,19,6,0,7,1,26,86,2.4,1.25
5939,5940,381950,51,4,3,10,,5592,7,1,3,2.9,54,63,681,38,43,15,8,19,0,51,0.05,0.14,0.14,15,4,0,9,2,39,82,2.9,1.88
5940,5941,381950,51,5,9,45,,5593,8,2,3,2.5,52,52,480,22,31,19,11,13,0,41,0.13,0.19,0.16,19,5,0,9,3,23,63,2.5,2.25
5941,5942,381950,58,6,5,16,2099,5594,9,4,2,2.6,77,65,786,44,32,13,10,13,1,27,0.19,0.1,0.13,12,6,1,8,5,49,85,2.6,1.38
5942,5943,381950,58,6,5,16,2100,5594,9,4,2,2.6,77,65,786,44,32,13,10,13,1,27,0.19,0.1,0.13,12,6,1,8,5,49,85,2.6,1.38
5943,5944,381967,41,4,2,5,1023,5595,6,0,0,0.6,84,28,727,18,22,13,12,12,0,14,0.0,0.0,0.05,12,0,4,15,6,20,39,0.6,1.59
5944,5945,381967,130,6,2,16,2152,5596,8,1,3,0.6,72,29,669,9,29,11,14,23,0,24,0.07,0.21,0.04,17,4,0,15,5,19,27,0.6,0.55
5945,5946,381967,87,7,2,16,2382,5597,10,0,1,0.3,52,16,453,8,11,2,15,6,0,5,0.0,0.12,0.04,4,1,2,15,3,9,14,0.3,0.71
5946,5947,381967,87,7,2,16,2383,5597,10,0,1,0.3,52,16,453,8,11,2,15,6,0,5,0.0,0.12,0.04,4,1,2,15,3,9,14,0.3,0.71
5947,5948,382571,28,4,3,28,,5598,13,1,0,1.0,7,3,52,4,3,0,2,1,0,5,0.21,0.0,0.23,2,1,0,18,0,3,8,1.0,2.35
5948,5949,384060,34,3,3,14,,5599,9,10,3,9.9,39,36,453,20,35,21,31,16,0,49,0.45,0.13,0.44,17,13,0,33,2,24,69,9.9,2.64
5949,5950,384060,34,4,3,5,,5600,10,1,0,2.5,14,12,133,8,7,4,1,7,1,13,0.18,0.0,0.45,4,1,1,6,1,11,15,2.5,3.2
5950,5951,384060,47,5,5,6,1423,5601,11,1,0,1.6,4,14,95,3,6,2,1,6,0,9,0.17,0.0,0.26,4,1,0,30,0,5,12,1.6,3.15
5951,5952,384060,47,5,5,6,1424,5601,11,1,0,1.6,4,14,95,3,6,2,1,6,0,9,0.17,0.0,0.26,4,1,0,30,0,5,12,1.6,3.15
5952,5953,384060,34,6,5,14,2029,5602,12,0,0,0.7,12,4,89,6,1,5,7,3,0,5,0.0,0.0,0.2,1,0,0,10,0,2,9,0.7,1.82
5953,5954,384060,71,7,4,28,2601,5603,13,1,2,1.6,16,4,110,8,13,5,8,3,0,12,0.19,0.38,0.3,6,3,0,13,1,4,17,1.6,1.33
5954,5955,384553,30,5,1,14,1326,5604,7,1,0,1.1,53,14,585,3,22,11,48,16,2,21,0.08,0.0,0.09,12,1,0,23,0,8,10,1.1,0.32
5955,5956,384593,75,2,5,13,230,5605,6,1,1,3.2,64,64,501,20,26,11,4,20,0,35,0.06,0.06,0.18,13,2,0,9,1,63,58,3.2,2.1
5956,5957,384593,75,3,4,20,,5606,7,4,5,3.8,76,61,604,35,40,14,3,16,0,48,0.19,0.24,0.18,14,9,0,8,1,45,70,3.8,1.6
5957,5958,384593,75,4,2,25,,5607,8,0,2,0.4,7,5,88,8,2,3,1,7,0,4,0.0,0.86,0.17,1,2,0,1,0,6,12,0.4,2.58
5958,5959,384593,75,6,2,52,,5608,10,0,0,0.8,21,15,202,7,12,5,7,4,0,5,0.0,0.0,0.13,1,0,0,3,0,20,14,0.8,3.21
5959,5960,384593,59,7,5,33,2602,5609,11,4,1,0.8,17,14,125,5,13,5,1,2,0,7,0.62,0.16,0.13,4,5,0,5,1,12,17,0.8,2.65
5960,5961,384745,4,4,2,59,,5610,6,0,1,0.2,18,14,215,2,12,3,1,10,0,7,0.0,0.15,0.02,5,1,0,1,2,11,6,0.2,0.75
5961,5962,384859,26,2,1,71,231,5611,8,0,3,0.5,80,97,972,22,76,59,98,30,0,57,0.0,0.11,0.02,34,3,0,39,0,62,46,0.5,0.32
5962,5963,384859,26,3,1,9,,5612,9,1,0,1.2,107,117,1375,22,104,112,119,62,0,73,0.03,0.0,0.03,43,1,1,56,3,80,59,1.2,0.67
5963,5964,384859,26,4,1,25,,5613,10,4,1,0.7,55,46,591,11,33,32,51,37,0,32,0.23,0.06,0.04,13,5,0,10,0,28,27,0.7,0.85
5964,5965,385105,103,6,1,28,,5614,10,0,4,0.7,114,44,1163,43,66,26,33,37,0,86,0.0,0.15,0.03,38,4,0,17,8,50,83,0.7,0.38
5965,5966,385105,103,7,1,33,,5615,12,0,3,0.1,39,16,325,13,25,14,8,12,0,28,0.0,0.37,0.01,14,3,0,6,1,12,26,0.1,0.24
5966,5967,385271,89,2,2,55,,5616,13,2,1,0.5,82,25,726,15,50,16,11,19,0,54,0.14,0.07,0.04,18,3,1,9,2,27,46,0.5,0.84
5967,5968,385271,22,3,2,7,,5617,14,0,0,0.3,92,30,908,17,80,19,25,31,0,95,0.0,0.0,0.01,28,0,1,4,1,31,39,0.3,0.31
5968,5969,385271,22,4,2,23,,5618,15,0,2,0.2,130,26,778,15,74,23,39,40,1,105,0.0,0.08,0.01,34,2,1,11,1,24,38,0.2,0.29
5969,5970,385394,23,6,1,87,,5619,9,2,4,2.2,89,9,1042,12,55,45,172,50,0,48,0.06,0.12,0.07,32,6,2,118,3,6,29,2.2,0.73
5970,5971,385394,144,7,1,9,2655,5620,11,0,1,0.5,27,4,583,1,17,13,63,12,1,12,0.0,0.08,0.04,7,1,1,43,0,1,6,0.5,0.71
5971,5972,386047,1,2,1,29,,5621,6,1,0,2.8,114,42,1270,5,32,26,97,29,0,27,0.04,0.0,0.1,17,1,0,71,2,11,22,2.8,0.56
5972,5973,386047,13,3,1,20,614,5622,7,3,0,2.4,87,19,1336,4,29,26,66,18,2,35,0.13,0.0,0.11,20,3,1,50,0,6,8,2.4,0.81
5973,5974,386047,13,4,1,10,,5623,8,1,0,2.1,120,27,1542,7,42,26,75,40,0,39,0.03,0.0,0.07,23,1,0,71,2,13,13,2.1,0.66
5974,5975,386047,13,5,1,16,,5624,9,3,3,3.8,206,64,1630,9,30,56,112,51,0,27,0.08,0.08,0.1,13,6,2,97,2,45,26,3.0,0.76
5975,5976,386047,55,6,1,43,2271,5625,10,2,0,2.4,112,30,2031,3,33,18,102,26,0,30,0.07,0.0,0.08,23,2,2,72,3,20,13,2.4,0.56
5976,5977,386047,55,7,1,7,2542,5626,11,1,0,0.2,11,3,189,0,5,1,9,3,0,7,0.33,0.0,0.08,4,1,0,4,0,2,0,0.2,0.33
5977,5978,386047,55,7,1,7,2543,5626,11,1,0,0.2,11,3,189,0,5,1,9,3,0,7,0.33,0.0,0.08,4,1,0,4,0,2,0,0.2,0.33
5978,5979,386057,3,3,1,17,,5627,11,0,0,0.8,74,17,1240,7,65,65,125,34,1,74,0.0,0.0,0.03,42,0,0,80,1,6,25,0.8,0.27
5979,5980,386057,3,4,1,3,,5628,12,2,0,1.9,82,12,1223,5,63,54,174,37,0,64,0.06,0.0,0.06,32,2,0,78,1,11,12,1.9,0.53
5980,5981,386057,3,5,1,23,,5629,13,0,0,0.3,41,4,681,1,22,18,108,33,0,22,0.0,0.0,0.02,16,0,2,31,0,5,9,0.3,0.33
5981,5982,386057,3,6,1,28,,5630,14,0,0,0.8,56,5,883,1,23,11,116,36,0,36,0.0,0.0,0.04,16,0,1,38,0,3,8,0.8,0.64
5982,5983,386315,127,1,5,27,,5631,7,0,0,1.9,11,5,74,5,1,0,2,6,0,3,0.0,0.0,0.39,0,0,0,38,0,3,10,1.9,3.11
5983,5984,386446,16,4,1,63,,5632,7,0,1,0.9,30,8,451,5,20,31,44,12,0,13,0.0,0.08,0.07,9,1,0,53,1,11,9,0.9,0.46
5984,5985,386446,16,5,1,14,,5633,8,1,2,2.2,81,13,1332,8,38,60,105,38,0,31,0.03,0.07,0.07,16,3,2,99,1,16,22,2.2,0.66
5985,5986,386446,16,6,1,20,,5634,9,3,0,1.6,62,14,1012,4,70,69,131,20,0,34,0.11,0.0,0.06,24,3,0,78,1,10,22,1.6,0.46
5986,5987,386446,89,7,1,43,2356,5635,10,1,0,0.8,67,13,842,4,25,24,43,21,0,20,0.07,0.0,0.05,17,1,1,26,0,4,13,0.8,0.47
5987,5988,386552,66,3,2,119,,5636,9,1,1,1.2,65,20,547,7,78,33,17,29,1,75,0.05,0.05,0.06,39,2,0,28,1,19,16,1.2,0.75
5988,5989,386552,73,4,2,3,1087,5637,10,0,0,1.0,82,39,677,10,58,22,27,40,0,62,0.0,0.0,0.04,24,0,0,22,0,38,43,1.0,0.85
5989,5990,386552,73,5,2,23,,5638,11,3,3,0.8,120,52,978,20,84,25,33,35,0,73,0.09,0.09,0.03,30,6,2,29,3,39,56,0.8,0.5
5990,5991,386552,73,6,2,9,,5639,12,0,1,0.6,88,29,736,11,47,16,29,23,0,49,0.0,0.04,0.03,22,1,0,29,1,35,40,0.6,0.56
5991,5992,386552,115,7,2,33,2656,5640,13,0,0,0.1,38,6,297,5,18,8,15,19,0,22,0.0,0.0,0.01,7,0,0,9,1,7,17,0.1,0.17
5992,5993,386755,68,3,7,68,,5641,6,0,1,0.2,32,14,400,4,7,14,15,9,0,12,0.0,0.13,0.03,5,1,0,12,0,10,14,0.2,0.65
5993,5994,387047,44,5,1,23,1201,5642,9,5,1,1.9,73,15,756,7,38,29,93,27,0,26,0.2,0.04,0.08,14,6,0,61,0,9,21,1.9,0.69
5994,5995,387047,44,6,1,5,,5643,10,2,0,1.2,65,7,738,4,34,38,111,46,0,21,0.08,0.0,0.05,15,2,1,53,0,16,25,1.2,0.67
5995,5996,387047,44,7,1,45,,5644,11,1,0,1.5,46,6,435,6,19,22,46,19,0,11,0.07,0.0,0.1,8,1,0,33,1,6,16,1.5,1.07
5996,5997,387106,12,4,4,47,1163,5645,8,6,8,5.3,147,77,801,45,32,11,9,26,0,42,0.29,0.39,0.26,11,14,0,3,6,73,102,5.3,2.21
5997,5998,387106,12,5,4,10,,5646,9,2,5,3.3,134,66,758,36,34,21,5,21,0,29,0.11,0.27,0.18,8,7,1,7,6,64,79,2.5,1.78
5998,5999,387106,74,7,2,11,,5647,11,2,0,1.1,2,2,30,1,0,0,1,2,0,2,1.24,0.0,0.71,0,2,0,2,0,2,3,0.4,1.24
5999,6000,387234,40,4,2,3,1004,5648,8,6,2,3.7,101,70,702,20,58,35,32,43,0,68,0.23,0.08,0.14,29,8,1,24,4,59,77,3.7,1.83
6000,6001,387234,40,6,2,52,1769,5649,10,4,0,1.0,20,17,193,4,15,6,11,5,0,15,0.41,0.0,0.1,5,4,0,7,0,15,17,1.0,1.66
6001,6002,387234,40,6,2,52,1770,5649,10,4,0,1.0,20,17,193,4,15,6,11,5,0,15,0.41,0.0,0.1,5,4,0,7,0,15,17,1.0,1.66
6002,6003,387626,9,1,3,65,,5650,5,5,1,5.0,72,102,623,47,15,14,11,20,0,20,0.24,0.05,0.24,6,6,0,13,0,46,90,5.0,2.63
6003,6004,387626,9,2,5,7,,5651,6,5,3,4.3,36,61,316,21,6,8,3,9,2,16,0.41,0.25,0.36,6,8,0,10,1,36,42,4.3,2.39
6004,6005,387626,9,3,5,131,,5652,7,9,8,6.2,63,112,668,48,14,9,3,13,0,15,0.38,0.34,0.26,4,17,0,18,1,68,100,6.2,2.44
6005,6006,387626,48,4,5,22,985,5653,8,1,2,1.5,24,34,150,7,17,1,2,10,0,13,0.12,0.24,0.18,6,3,0,10,1,14,20,1.5,2.48
6006,6007,387626,48,5,5,43,,5654,9,4,4,5.3,28,85,337,30,14,6,12,13,0,20,0.18,0.18,0.24,5,8,0,24,4,33,62,5.3,2.33
6007,6008,387626,48,6,4,49,,5655,10,10,9,6.3,82,102,573,52,13,9,6,18,0,20,0.44,0.39,0.27,5,19,0,14,11,47,97,6.3,2.31
6008,6009,387626,48,7,5,22,,5656,12,0,2,0.6,21,35,168,10,3,2,7,6,0,3,0.0,0.25,0.07,0,2,0,3,4,13,19,0.6,1.35
6009,6010,388160,1,4,5,48,,5657,6,0,0,0.5,4,6,50,4,3,4,5,3,0,2,0.0,0.0,0.14,0,0,0,16,1,2,4,0.5,1.54
6010,6011,388160,137,6,5,74,1799,5658,8,0,0,0.7,2,7,35,4,0,0,4,2,0,1,0.0,0.0,0.27,0,0,0,11,0,3,8,0.7,4.15
6011,6012,388165,3,3,4,23,,5659,8,10,4,12.1,63,81,549,29,35,20,14,25,0,34,0.34,0.13,0.41,11,14,0,47,5,53,89,8.8,1.75
6012,6013,388165,52,4,3,20,892,5660,9,7,1,3.1,29,19,188,9,12,8,6,12,0,16,0.49,0.07,0.22,1,8,0,20,2,12,27,3.1,2.24
6013,6014,388165,52,5,3,5,,5661,10,7,3,5.7,27,24,238,13,17,6,15,10,0,13,0.39,0.17,0.32,6,10,0,24,4,12,36,5.7,1.79
6014,6015,388165,52,6,3,10,,5662,11,12,3,10.6,48,45,327,30,28,9,15,24,0,20,0.43,0.11,0.38,5,15,0,38,3,33,64,10.6,2.42
6015,6016,388165,52,7,3,49,,5663,13,9,1,6.4,26,20,202,9,3,3,4,6,0,5,0.77,0.09,0.55,0,10,0,12,2,8,26,6.4,2.06
6016,6017,388198,94,2,1,68,,5664,4,0,0,0.2,13,6,158,3,6,3,20,7,0,5,0.0,0.0,0.06,2,0,1,24,0,7,6,0.2,0.72
6017,6018,388198,44,3,1,14,776,5665,5,1,0,2.3,74,23,657,3,34,31,29,13,1,28,0.07,0.0,0.16,18,1,1,43,0,20,23,2.3,1.54
6018,6019,388198,44,3,1,14,777,5665,5,1,0,2.3,74,23,657,3,34,31,29,13,1,28,0.07,0.0,0.16,18,1,1,43,0,20,23,2.3,1.54
6019,6020,388198,94,4,1,14,,5666,6,4,1,3.6,173,35,1403,12,72,56,154,41,0,48,0.13,0.03,0.11,33,5,1,109,4,26,56,3.6,1.16
6020,6021,388198,63,5,1,49,1327,5667,7,4,5,1.6,159,39,1648,14,59,32,71,38,0,53,0.16,0.2,0.06,37,9,1,60,2,39,32,1.6,0.72
6021,6022,388198,63,6,1,7,,5668,8,2,1,3.0,186,55,2381,16,70,45,101,52,0,65,0.06,0.03,0.1,41,3,3,58,4,42,46,3.0,0.85
6022,6023,388198,63,7,1,43,,5669,10,0,2,0.6,113,26,1153,12,30,18,52,20,1,35,0.0,0.14,0.05,23,2,0,32,2,22,32,0.6,0.51
6023,6024,388294,134,6,1,107,1924,5670,10,0,2,0.3,78,61,881,19,60,40,54,32,0,56,0.0,0.07,0.01,32,2,1,15,1,40,44,0.3,0.4
6024,6025,388294,134,7,6,3,,5671,11,0,1,0.0,49,38,353,5,21,10,26,14,0,15,0.0,0.08,0.0,12,1,0,9,0,19,17,0.0,0.08
6025,6026,388382,115,5,3,17,1185,5672,13,6,0,5.1,16,21,226,8,23,3,24,15,0,17,0.3,0.0,0.25,9,6,0,63,0,15,37,4.3,2.04
6026,6027,388409,65,7,2,3,2462,5673,11,1,0,0.5,30,4,259,2,15,7,16,9,0,10,0.16,0.0,0.09,6,1,0,20,1,3,10,0.5,1.28
6027,6028,388795,139,5,1,17,,5674,9,0,0,1.0,54,12,899,1,51,52,82,32,0,37,0.0,0.0,0.04,23,0,0,63,1,6,4,1.0,0.38
6028,6029,389324,18,1,2,16,,5675,18,1,3,1.6,236,58,1799,22,57,41,70,28,0,47,0.04,0.11,0.06,26,4,0,75,13,66,72,1.6,1.14
6029,6030,389324,18,2,1,5,,5676,19,0,1,1.0,213,51,2008,8,50,25,82,28,2,48,0.0,0.04,0.04,29,1,0,74,0,27,31,1.0,0.64
6030,6031,389324,18,3,2,20,,5677,20,0,2,0.7,114,31,889,14,31,23,17,11,0,43,0.0,0.15,0.05,20,2,0,30,1,42,31,0.7,1.06
6031,6032,389324,18,4,8,28,,5678,21,2,1,1.6,81,16,746,10,21,8,13,8,0,27,0.19,0.09,0.15,9,3,1,22,6,18,30,1.6,1.68
6032,6033,389837,6,5,1,6,1257,5679,9,1,1,0.6,70,11,1485,4,42,17,73,25,0,34,0.04,0.04,0.02,22,2,1,45,2,3,12,0.6,0.3
6033,6034,389837,6,6,1,45,,5680,10,0,0,0.9,49,20,940,2,15,12,61,19,0,15,0.0,0.0,0.05,6,0,0,23,0,9,12,0.9,0.4
6034,6035,390160,11,5,2,80,,5681,6,1,0,0.7,51,4,500,12,15,11,18,9,1,21,0.09,0.0,0.06,5,1,0,7,1,3,28,0.7,1.3
6035,6036,391004,74,4,5,9,1098,5682,7,5,1,4.5,57,9,244,15,10,6,13,8,0,4,0.38,0.08,0.34,1,6,0,54,7,11,39,4.5,2.75
6036,6037,391004,74,5,3,41,,5683,8,6,0,5.2,41,7,247,14,14,1,10,14,0,10,0.42,0.0,0.36,5,6,0,61,2,13,37,4.4,2.02
6037,6038,391004,74,6,3,24,,5684,9,11,7,9.4,88,17,473,38,13,3,21,13,0,17,0.37,0.24,0.32,7,18,0,90,11,21,76,8.5,2.44
6038,6039,391004,74,7,4,11,,5685,10,6,1,2.7,33,6,145,10,2,3,4,7,0,3,0.82,0.14,0.36,1,7,0,31,2,4,26,1.7,1.91
6039,6040,391192,2,4,1,30,,5686,12,0,0,0.2,21,4,417,1,17,10,35,9,0,11,0.0,0.0,0.01,8,0,0,29,0,1,4,0.2,0.46
6040,6041,391376,102,2,2,13,232,5687,6,0,0,1.4,41,11,278,10,65,25,11,29,0,43,0.0,0.0,0.09,21,0,1,40,0,10,22,1.4,0.98
6041,6042,391376,102,3,2,142,,5688,7,1,1,2.6,48,19,564,19,66,59,39,48,0,65,0.04,0.04,0.11,30,2,2,30,0,18,35,2.6,0.99
6042,6043,391719,85,1,2,13,217,5689,3,1,0,0.2,20,8,195,2,9,3,1,6,0,11,0.27,0.0,0.04,3,1,0,2,0,5,9,0.2,1.33
6043,6044,391719,36,3,2,108,778,5690,5,2,0,0.3,10,5,68,5,5,2,0,8,0,6,0.53,0.0,0.08,3,2,0,4,0,3,11,0.3,2.11
6044,6045,391719,36,3,2,108,779,5690,5,2,0,0.3,10,5,68,5,5,2,0,8,0,6,0.53,0.0,0.08,3,2,0,4,0,3,11,0.3,2.11
6045,6046,391780,111,7,1,106,2400,5691,10,2,2,0.7,22,19,318,10,9,5,16,15,0,6,0.23,0.23,0.08,4,4,0,4,1,7,26,0.7,1.25
6046,6047,392085,5,1,4,13,214,5692,4,4,2,4.4,50,48,450,18,35,13,8,14,0,37,0.2,0.1,0.23,7,6,0,12,2,38,63,4.4,2.45
6047,6048,392085,5,2,5,7,,5693,5,6,2,3.6,46,65,343,24,15,5,5,14,0,24,0.36,0.12,0.22,3,8,0,7,4,41,62,3.6,2.75
6048,6049,392085,5,4,5,7,,5694,7,2,1,5.6,57,87,356,28,24,7,6,19,2,28,0.09,0.05,0.25,6,3,0,19,2,67,86,5.6,3.2
6049,6050,392085,5,5,4,95,1578,5695,8,1,0,2.9,19,34,125,8,7,2,0,11,0,7,0.1,0.0,0.29,2,1,0,5,3,27,27,2.9,2.83
6050,6051,392085,48,6,5,49,1715,5696,9,2,0,2.6,30,35,150,10,19,1,11,13,0,17,0.21,0.0,0.28,9,2,0,7,0,16,30,2.6,2.9
6051,6052,392085,48,6,5,49,1716,5696,9,2,0,2.6,30,35,150,10,19,1,11,13,0,17,0.21,0.0,0.28,9,2,0,7,0,16,30,2.6,2.9
6052,6053,392085,91,7,5,11,2384,5697,10,2,2,0.8,12,5,66,7,0,0,0,0,0,1,0.65,0.65,0.25,0,4,0,4,0,6,13,0.8,3.26
6053,6054,392085,91,7,5,11,2385,5697,10,2,2,0.8,12,5,66,7,0,0,0,0,0,1,0.65,0.65,0.25,0,4,0,4,0,6,13,0.8,3.26
6054,6055,392085,91,7,5,11,2386,5697,10,2,2,0.8,12,5,66,7,0,0,0,0,0,1,0.65,0.65,0.25,0,4,0,4,0,6,13,0.8,3.26
6055,6056,392163,94,5,8,63,,5698,5,0,1,0.2,14,14,111,8,11,6,8,4,0,7,0.0,0.21,0.03,2,1,0,4,1,4,13,0.2,0.42
6056,6057,392163,94,6,6,14,,5699,6,1,2,0.4,26,41,284,16,9,8,12,8,0,11,0.12,0.24,0.05,5,3,0,3,1,27,32,0.4,0.36
6057,6058,392516,115,5,1,13,,5700,7,0,1,0.6,154,71,843,38,56,13,71,37,1,57,0.0,0.04,0.02,38,1,0,25,0,44,64,0.6,0.36
6058,6059,392516,115,6,1,28,,5701,8,0,3,0.5,125,69,995,47,43,25,67,34,0,49,0.0,0.11,0.02,31,3,0,25,0,53,72,0.5,0.54
6059,6060,392516,115,7,1,23,,5702,9,0,2,0.1,51,29,384,22,26,9,51,15,1,20,0.0,0.16,0.01,10,2,0,6,0,19,34,0.1,0.41
6060,6061,392538,11,3,2,3,780,5703,6,6,0,3.2,38,12,342,7,24,9,22,10,0,31,0.44,0.0,0.23,11,6,0,17,0,10,23,3.2,1.61
6061,6062,392538,11,3,2,3,781,5703,6,6,0,3.2,38,12,342,7,24,9,22,10,0,31,0.44,0.0,0.23,11,6,0,17,0,10,23,3.2,1.61
6062,6063,392538,16,4,2,6,1132,5704,7,4,2,3.2,128,33,918,24,48,25,38,32,0,40,0.16,0.08,0.13,21,6,0,77,0,42,63,3.2,1.93
6063,6064,392538,16,4,2,6,1133,5704,7,4,2,3.2,128,33,918,24,48,25,38,32,0,40,0.16,0.08,0.13,21,6,0,77,0,42,63,3.2,1.93
6064,6065,392538,51,5,2,37,,5705,8,2,0,1.4,36,8,307,5,27,9,11,12,0,20,0.2,0.0,0.15,13,2,0,13,0,12,22,1.4,2.04
6065,6066,392538,51,6,2,16,,5706,9,0,0,0.2,11,6,103,1,16,6,7,10,0,13,0.0,0.0,0.06,6,0,0,2,1,4,4,0.2,1.41
6066,6067,392538,58,7,2,41,2657,5707,10,2,0,1.1,12,5,165,4,16,8,7,11,1,16,0.36,0.0,0.19,10,2,0,6,0,6,11,0.9,2.0
6067,6068,392545,138,5,3,59,,5708,8,3,1,2.0,18,15,184,10,10,8,9,7,0,9,0.26,0.09,0.17,3,4,0,59,0,10,22,2.0,2.23
6068,6069,392569,23,4,1,25,1134,5709,6,0,0,0.6,41,22,454,7,21,14,28,15,1,24,0.0,0.0,0.05,6,0,0,12,0,23,19,0.6,0.47
6069,6070,392569,23,6,1,3,,5710,8,1,3,1.5,99,35,1024,24,54,20,75,29,0,41,0.04,0.11,0.05,29,4,2,19,2,29,60,1.5,0.67
6070,6071,392569,23,7,1,28,,5711,10,2,0,0.6,75,28,730,13,21,10,45,22,0,16,0.12,0.0,0.04,10,2,0,17,0,16,27,0.6,0.42
6071,6072,392591,130,6,8,3,1967,5712,11,4,1,4.2,53,127,589,25,17,7,34,14,0,22,0.18,0.05,0.19,12,5,2,28,0,74,79,4.2,1.58
6072,6073,392710,134,6,2,74,,5713,8,1,1,0.8,62,3,698,8,43,25,88,33,0,59,0.04,0.04,0.03,25,2,0,67,0,8,20,0.8,0.55
6073,6074,392763,45,3,2,61,,5714,5,0,0,0.3,17,21,86,5,5,1,2,5,0,7,0.0,0.0,0.08,1,0,0,0,0,10,9,0.3,1.27
6074,6075,392765,41,3,4,23,571,5715,5,2,4,1.8,68,51,648,27,14,10,12,15,0,17,0.12,0.25,0.11,6,6,0,4,1,20,49,1.8,0.81
6075,6076,392765,41,4,4,47,,5716,6,10,2,6.0,85,65,682,30,14,15,10,18,0,20,0.47,0.09,0.28,4,12,1,7,4,44,67,6.0,1.87
6076,6077,392765,41,5,4,7,,5717,7,0,2,0.3,7,2,74,6,1,0,2,1,0,3,0.0,1.05,0.14,1,2,0,0,0,1,9,0.3,2.09
6077,6078,392765,41,6,2,22,,5718,8,0,1,2.0,23,11,188,4,4,3,1,3,0,4,0.0,0.25,0.5,2,1,0,3,0,8,13,2.0,3.82
6078,6079,392765,116,7,2,42,2544,5719,9,3,2,2.2,74,35,505,16,21,7,7,10,0,17,0.25,0.17,0.18,6,5,0,4,2,22,40,2.2,1.49
6079,6080,392768,55,2,5,26,,5720,3,1,5,1.9,43,63,380,20,10,5,4,9,0,7,0.1,0.52,0.2,1,6,1,2,0,27,46,1.9,2.19
6080,6081,392768,55,3,9,135,,5721,4,2,3,1.3,75,89,533,31,23,6,6,15,0,21,0.17,0.25,0.11,8,5,0,1,1,39,63,1.3,1.95
6081,6082,392768,55,4,4,22,,5722,5,1,2,2.5,41,67,317,25,14,2,6,8,0,23,0.09,0.19,0.23,8,3,1,4,0,31,55,2.5,1.68
6082,6083,392768,9,5,5,43,1357,5723,6,0,1,0.2,31,30,206,13,5,2,4,0,0,1,0.0,0.15,0.03,1,1,0,0,1,23,26,0.2,0.6
6083,6084,392768,9,5,5,43,1358,5723,6,0,1,0.2,31,30,206,13,5,2,4,0,0,1,0.0,0.15,0.03,1,1,0,0,1,23,26,0.2,0.6
6084,6085,392768,131,6,5,45,1916,5724,7,8,1,2.7,58,111,574,36,18,7,12,16,0,28,0.39,0.05,0.13,7,9,1,2,3,57,82,2.7,1.84
6085,6086,392768,131,7,5,16,,5725,9,2,1,1.4,40,74,392,29,13,9,4,4,0,9,0.15,0.07,0.1,6,3,1,0,1,33,63,1.4,1.61
6086,6087,392770,31,4,4,6,,5726,5,1,1,1.1,43,16,306,14,23,3,4,4,0,15,0.09,0.09,0.11,10,2,0,5,7,16,28,1.1,1.32
6087,6088,392770,31,5,2,25,,5727,6,2,6,4.6,166,39,1517,34,41,13,11,22,0,49,0.06,0.19,0.15,18,8,1,8,8,57,89,3.8,1.76
6088,6089,392770,31,6,2,37,,5728,7,0,8,2.0,204,49,1566,48,26,18,28,23,0,32,0.0,0.28,0.07,14,8,1,7,10,56,107,2.0,1.19
6089,6090,392770,31,7,2,42,,5729,9,1,1,1.7,35,13,222,13,7,0,2,0,0,7,0.15,0.15,0.24,1,2,0,4,2,14,24,0.9,0.88
6090,6091,392771,108,3,7,21,,5730,4,0,0,0.3,100,25,870,11,57,49,87,40,0,46,0.0,0.0,0.01,20,0,3,52,0,28,20,0.3,0.3
6091,6092,392771,28,4,8,5,,5731,5,0,3,0.3,112,26,867,15,67,51,76,49,2,58,0.0,0.12,0.01,24,3,0,66,4,23,45,0.3,0.28
6092,6093,392771,11,5,7,47,,5732,6,0,1,1.1,125,28,1254,13,66,36,98,48,1,41,0.0,0.03,0.04,17,1,0,61,3,21,40,1.1,0.55
6093,6094,392775,116,1,9,26,,5733,3,2,6,4.0,57,57,567,33,22,19,49,25,0,22,0.08,0.23,0.16,6,8,1,18,5,34,73,4.0,1.1
6094,6095,392775,8,3,6,135,782,5734,5,2,3,0.8,68,45,716,16,47,30,46,26,0,34,0.11,0.17,0.05,15,5,0,16,1,31,31,0.8,0.29
6095,6096,392775,8,3,6,135,783,5734,5,2,3,0.8,68,45,716,16,47,30,46,26,0,34,0.11,0.17,0.05,15,5,0,16,1,31,31,0.8,0.29
6096,6097,392775,88,4,7,11,,5735,6,0,2,0.3,22,30,315,14,25,7,26,18,0,22,0.0,0.17,0.03,11,2,0,11,0,7,20,0.3,0.52
6097,6098,392775,88,5,1,10,,5736,7,2,0,1.6,22,24,280,6,16,6,17,8,0,12,0.22,0.0,0.18,6,2,1,10,2,11,23,1.6,1.99
6098,6099,392810,123,1,5,28,,5737,10,6,3,5.6,27,95,384,24,53,22,12,22,0,49,0.22,0.11,0.2,20,9,0,30,3,97,54,4.8,1.9
6099,6100,392810,66,2,4,23,,5738,11,3,1,3.2,21,30,156,12,5,3,2,5,1,5,0.4,0.13,0.42,1,4,0,13,1,29,35,3.2,4.08
6100,6101,392810,66,4,3,17,,5739,13,0,0,0.8,5,6,56,1,5,1,0,2,0,5,0.0,0.0,0.18,2,0,0,2,0,11,4,0.8,1.98
6101,6102,392959,135,5,2,28,1258,5740,8,4,1,2.1,51,31,319,17,14,3,6,14,0,12,0.38,0.09,0.2,8,5,0,6,3,32,38,2.1,2.37
6102,6103,392959,135,6,4,14,,5741,9,8,4,4.8,120,90,752,56,25,14,14,11,0,20,0.27,0.14,0.16,11,12,0,9,2,69,120,4.8,2.2
6103,6104,392959,70,7,5,10,2658,5742,10,2,1,2.1,43,31,274,11,10,6,9,5,0,7,0.16,0.08,0.18,1,3,0,8,1,31,29,2.1,2.38
6104,6105,392959,70,7,5,10,2659,5742,10,2,1,2.1,43,31,274,11,10,6,9,5,0,7,0.16,0.08,0.18,1,3,0,8,1,31,29,2.1,2.38
6105,6106,392966,73,4,7,56,1005,5743,7,1,2,0.5,31,49,310,16,21,7,33,14,0,19,0.06,0.13,0.03,11,3,0,8,0,27,37,0.5,1.02
6106,6107,392966,73,4,7,56,1006,5743,7,1,2,0.5,31,49,310,16,21,7,33,14,0,19,0.06,0.13,0.03,11,3,0,8,0,27,37,0.5,1.02
6107,6108,392966,91,5,7,62,1579,5744,8,1,0,0.1,9,11,60,3,10,0,4,4,0,4,0.41,0.0,0.05,3,1,0,5,1,7,8,0.1,1.62
6108,6109,392966,91,5,7,62,1580,5744,8,1,0,0.1,9,11,60,3,10,0,4,4,0,4,0.41,0.0,0.05,3,1,0,5,1,7,8,0.1,1.62
6109,6110,392966,122,6,1,3,1771,5745,9,1,5,0.4,42,31,418,21,21,4,29,13,0,22,0.07,0.36,0.03,10,6,1,11,0,18,41,0.4,0.72
6110,6111,392966,122,6,1,3,1772,5745,9,1,5,0.4,42,31,418,21,21,4,29,13,0,22,0.07,0.36,0.03,10,6,1,11,0,18,41,0.4,0.72
6111,6112,392966,23,7,6,23,2660,5746,10,2,0,1.3,21,25,219,10,14,5,17,2,0,14,0.19,0.0,0.12,7,2,2,4,1,13,22,1.3,1.24
6112,6113,393238,103,5,5,3,1202,5747,7,10,5,11.5,72,100,576,22,33,22,23,18,0,45,0.36,0.18,0.42,14,15,0,12,1,48,80,11.5,3.02
6113,6114,393238,103,6,4,25,,5748,8,3,0,2.8,20,23,140,5,9,1,2,9,0,12,0.36,0.0,0.33,3,3,0,6,0,13,20,2.0,3.22
6114,6115,393238,103,7,4,41,,5749,9,5,2,7.5,18,24,147,8,12,6,5,10,0,14,0.38,0.15,0.57,4,7,0,17,0,17,23,6.7,3.05
6115,6116,393323,45,5,4,11,1238,5750,6,1,3,3.9,86,43,592,46,45,5,6,43,0,46,0.04,0.11,0.15,15,4,1,8,8,34,95,3.9,1.56
6116,6117,393323,44,6,4,26,2153,5751,7,2,2,2.0,56,37,365,22,32,2,4,26,1,32,0.14,0.14,0.14,16,4,0,13,5,29,53,2.0,1.28
6117,6118,393323,44,6,4,26,2154,5751,7,2,2,2.0,56,37,365,22,32,2,4,26,1,32,0.14,0.14,0.14,16,4,0,13,5,29,53,2.0,1.28
6118,6119,393325,111,1,3,58,,5752,3,2,0,1.5,1,5,48,2,2,0,3,2,0,2,0.85,0.0,0.63,2,2,0,3,0,4,4,1.5,1.7
6119,6120,393325,111,2,3,14,,5753,4,4,2,4.2,21,17,242,12,11,14,21,17,0,12,0.25,0.13,0.26,2,6,0,45,0,12,34,4.2,1.91
6120,6121,393325,111,3,5,143,,5754,5,5,2,5.5,45,28,411,33,32,17,36,39,0,27,0.18,0.07,0.2,13,7,0,62,0,20,64,5.5,1.58
6121,6122,393325,78,4,5,21,,5755,6,2,1,2.5,12,21,292,11,26,11,18,29,0,39,0.11,0.06,0.14,14,3,2,40,1,14,25,2.5,1.37
6122,6123,393512,111,3,1,3,620,5756,5,1,0,0.6,9,7,210,3,20,12,18,14,0,18,0.13,0.0,0.08,10,1,0,13,0,4,8,0.6,0.51
6123,6124,393512,111,7,1,28,,5757,10,2,0,0.7,16,17,306,11,10,8,23,6,0,11,0.23,0.0,0.07,5,2,0,9,0,6,17,0.7,0.34
6124,6125,393904,73,4,1,34,,5758,7,0,0,0.2,7,3,86,1,6,4,14,6,0,14,0.0,0.0,0.06,5,0,0,4,0,5,4,0.2,1.08
6125,6126,394033,134,7,5,2,,5759,15,0,0,1.0,3,0,25,2,2,0,0,1,0,1,0.0,0.0,0.56,1,0,0,2,0,0,3,1.0,4.82
6126,6127,394285,53,2,3,34,,5760,7,0,0,1.7,8,21,94,2,12,2,4,8,0,19,0.0,0.0,0.17,3,0,0,14,0,10,20,1.7,1.66
6127,6128,394300,67,4,2,25,,5761,6,4,3,5.9,113,79,1035,30,46,29,62,44,0,52,0.13,0.09,0.19,26,7,1,26,5,61,88,5.9,2.11
6128,6129,394300,67,5,2,11,,5762,7,7,0,7.8,137,73,812,27,63,16,42,27,0,44,0.22,0.0,0.24,25,7,0,23,6,54,79,7.8,2.0
6129,6130,394300,54,6,2,26,2101,5763,8,6,3,7.1,37,27,235,10,10,5,19,9,0,8,0.57,0.28,0.67,4,9,0,14,2,17,26,7.1,3.02
6130,6131,394300,54,6,2,26,2102,5763,8,6,3,7.1,37,27,235,10,10,5,19,9,0,8,0.57,0.28,0.67,4,9,0,14,2,17,26,7.1,3.02
6131,6132,394300,54,7,2,22,2661,5764,10,3,1,1.5,17,12,161,3,8,2,2,4,0,11,0.46,0.15,0.23,6,4,1,6,4,8,7,1.5,2.01
6132,6133,394327,49,1,1,33,,5765,3,1,0,1.0,88,19,1219,7,67,45,95,24,0,49,0.04,0.0,0.04,32,1,2,61,6,16,31,1.0,0.41
6133,6134,394327,49,2,7,16,,5766,4,1,2,0.8,87,9,1120,7,67,34,53,27,1,57,0.04,0.08,0.03,27,3,1,53,2,13,20,0.8,0.63
6134,6135,394327,49,3,2,43,,5767,5,0,2,0.8,201,41,1762,26,88,34,51,36,0,74,0.0,0.06,0.03,40,2,0,63,0,33,64,0.8,0.59
6135,6136,394327,49,4,8,92,,5768,6,1,0,1.0,206,25,2193,24,68,46,44,29,0,47,0.03,0.0,0.03,26,1,1,40,7,38,53,1.0,0.71
6136,6137,394327,48,5,2,26,1425,5769,7,0,1,0.2,84,16,798,7,58,19,24,38,0,56,0.0,0.05,0.01,27,1,3,22,2,11,23,0.2,0.2
6137,6138,394327,48,6,2,43,,5770,8,0,1,0.1,83,19,922,20,43,21,16,21,1,47,0.0,0.05,0.01,24,1,0,19,6,22,38,0.1,0.27
6138,6139,394346,125,1,4,30,,5771,2,1,1,0.5,24,12,250,11,8,10,0,4,0,6,0.14,0.14,0.07,0,2,0,3,0,16,26,0.5,1.24
6139,6140,394346,58,3,5,149,,5772,4,1,4,1.5,79,43,526,26,18,10,7,6,0,15,0.07,0.3,0.11,3,5,0,3,4,28,50,1.5,1.72
6140,6141,394346,58,4,8,6,,5773,5,0,1,0.3,55,22,341,12,12,2,5,2,0,13,0.0,0.15,0.04,6,1,0,6,2,17,28,0.3,0.76
6141,6142,394694,36,6,2,13,,5774,13,0,4,0.7,113,34,1080,12,83,28,43,24,0,84,0.0,0.14,0.03,38,4,1,32,3,24,47,0.7,0.47
6142,6143,395236,10,2,2,67,,5775,4,3,3,0.8,65,38,448,19,22,8,3,10,0,34,0.26,0.26,0.07,11,6,0,10,6,31,45,0.8,1.5
6143,6144,395236,10,3,2,100,,5776,5,2,5,1.9,188,54,1327,53,74,39,17,27,0,92,0.07,0.19,0.07,35,7,2,27,6,50,104,1.9,0.89
6144,6145,395236,10,4,4,21,1088,5777,6,1,7,2.0,164,66,906,59,43,37,11,33,0,68,0.04,0.28,0.08,19,8,2,12,11,50,121,2.0,1.27
6145,6146,395236,10,4,4,21,1089,5777,6,1,7,2.0,164,66,906,59,43,37,11,33,0,68,0.04,0.28,0.08,19,8,2,12,11,50,121,2.0,1.27
6146,6147,395236,51,5,4,21,,5778,7,0,0,0.1,10,7,49,2,6,1,1,2,0,2,0.0,0.0,0.05,2,0,0,1,0,5,3,0.1,1.25
6147,6148,395236,51,6,2,20,,5779,8,1,2,0.3,125,30,1125,22,34,20,15,22,0,35,0.06,0.13,0.02,13,3,1,15,3,27,62,0.3,0.26
6148,6149,395236,70,7,2,16,2357,5780,9,2,3,0.2,51,11,406,15,19,3,14,8,0,23,0.25,0.38,0.02,11,5,0,5,2,13,30,0.2,0.63
6149,6150,395516,90,1,8,2,,5781,4,2,6,2.2,37,60,447,20,14,12,6,7,0,11,0.16,0.47,0.18,2,8,0,2,6,32,34,2.2,1.81
6150,6151,395516,9,2,5,5,344,5782,5,5,5,5.1,44,118,506,34,10,9,4,6,0,15,0.25,0.25,0.26,5,10,0,3,1,76,72,5.1,2.08
6151,6152,395516,9,3,5,43,,5783,6,4,11,4.6,62,142,712,44,10,12,5,11,0,20,0.15,0.41,0.17,6,15,0,5,1,75,82,4.6,1.88
6152,6153,395516,9,4,5,93,,5784,7,13,12,8.0,110,131,738,60,20,8,2,11,1,38,0.42,0.39,0.26,5,25,0,6,12,71,115,7.2,1.73
6153,6154,395516,9,5,5,54,,5785,8,9,8,11.0,104,125,741,58,14,5,3,8,0,14,0.3,0.27,0.37,7,17,0,2,12,73,110,10.3,2.63
6154,6155,395516,48,6,5,8,2210,5786,9,6,8,7.0,72,94,485,47,12,9,6,8,0,22,0.25,0.33,0.29,4,14,0,2,6,43,80,7.0,2.24
6155,6156,395693,34,1,2,26,,5787,5,7,7,6.8,274,96,1793,44,63,32,25,33,0,61,0.21,0.21,0.2,17,14,3,17,8,69,123,6.8,2.09
6156,6157,395693,34,2,4,65,,5788,6,3,4,3.7,134,105,910,24,28,13,11,15,0,35,0.14,0.18,0.17,10,7,0,17,5,78,85,3.7,2.12
6157,6158,395693,34,3,4,54,,5789,7,7,3,9.9,130,74,833,38,17,17,4,17,1,25,0.35,0.15,0.5,8,10,0,4,2,54,105,8.3,3.44
6158,6159,395693,34,4,4,104,,5790,8,6,4,6.3,165,88,1243,38,46,20,5,26,0,54,0.22,0.14,0.22,27,10,0,6,13,79,101,6.3,2.73
6159,6160,395693,34,5,2,43,,5791,9,1,1,1.4,37,12,299,6,12,8,3,12,0,9,0.17,0.17,0.25,3,2,0,6,1,19,15,1.4,2.4
6160,6161,395693,5,6,4,16,1864,5792,10,4,0,2.3,26,17,300,10,16,4,2,5,0,12,0.48,0.0,0.28,3,4,1,10,0,15,21,2.3,1.43
6161,6162,395695,140,7,2,28,,5793,12,1,1,0.3,45,4,371,5,43,22,20,17,0,31,0.07,0.07,0.02,20,2,0,11,0,6,15,0.3,0.3
6162,6163,396174,56,3,1,34,,5794,7,1,0,0.5,4,0,105,2,3,6,16,3,0,2,0.33,0.0,0.17,1,1,1,23,0,0,3,0.5,2.33
6163,6164,396334,120,3,3,44,,5795,6,0,0,0.0,2,2,10,1,0,1,0,0,0,2,0.0,0.0,0.08,0,0,0,1,0,0,2,0.0,2.2
6164,6165,397033,106,2,2,16,,5796,4,1,7,1.2,181,45,1110,68,39,41,42,36,0,55,0.03,0.21,0.04,16,8,0,10,2,38,135,1.2,0.87
6165,6166,397033,51,3,2,22,584,5797,5,0,0,0.4,84,22,630,16,28,22,18,18,1,28,0.0,0.0,0.03,13,0,0,6,0,23,36,0.4,0.68
6166,6167,397033,51,3,2,22,585,5797,5,0,0,0.4,84,22,630,16,28,22,18,18,1,28,0.0,0.0,0.03,13,0,0,6,0,23,36,0.4,0.68
6167,6168,397033,51,4,2,102,1135,5798,6,5,2,4.1,141,51,1214,44,54,34,19,26,0,41,0.17,0.07,0.14,21,7,0,10,4,43,82,4.1,1.28
6168,6169,397033,51,5,2,7,,5799,7,2,7,2.4,159,61,1185,62,64,25,26,34,0,44,0.07,0.23,0.08,27,9,1,15,7,40,101,2.4,1.06
6169,6170,397033,83,6,2,8,2103,5800,8,1,0,0.7,19,11,241,7,7,2,4,3,0,9,0.21,0.0,0.13,3,1,0,1,0,4,12,0.7,0.62
6170,6171,397033,83,7,2,93,,5801,9,0,1,1.2,32,5,353,5,18,17,11,12,0,15,0.0,0.11,0.13,8,1,1,4,1,7,21,1.2,1.3
6171,6172,397171,140,5,1,28,,5802,9,0,0,0.1,116,56,1126,25,80,38,41,33,0,77,0.0,0.0,0.0,44,0,0,21,2,63,50,0.1,0.2
6172,6173,397225,27,7,6,9,2662,5803,9,0,0,0.1,15,40,184,13,20,5,24,7,0,10,0.0,0.0,0.01,6,0,0,11,1,30,21,0.1,0.3
6173,6174,397225,27,7,6,9,2663,5803,9,0,0,0.1,15,40,184,13,20,5,24,7,0,10,0.0,0.0,0.01,6,0,0,11,1,30,21,0.1,0.3
6174,6175,397486,110,3,5,9,784,5804,6,2,1,2.5,38,22,220,5,12,2,6,5,0,21,0.26,0.13,0.33,6,3,0,6,0,23,20,2.5,2.45
6175,6176,397486,110,7,5,38,,5805,11,4,3,3.3,41,45,408,34,6,8,8,8,0,15,0.27,0.2,0.22,4,7,0,4,2,26,62,3.3,2.29
6176,6177,398030,122,6,5,80,,5806,9,0,0,0.3,20,15,95,3,4,0,0,0,0,3,0.0,0.0,0.06,2,0,0,0,1,14,12,0.3,1.51
6177,6178,398065,57,1,4,17,219,5807,5,1,2,3.9,27,62,244,17,10,3,7,7,0,6,0.09,0.18,0.35,4,3,0,7,2,23,50,3.9,3.59
6178,6179,398065,57,1,4,17,220,5807,5,1,2,3.9,27,62,244,17,10,3,7,7,0,6,0.09,0.18,0.35,4,3,0,7,2,23,50,3.9,3.59
6179,6180,398065,57,2,4,25,,5808,6,6,8,8.1,90,95,562,35,16,8,6,13,0,23,0.26,0.35,0.35,5,14,1,28,5,54,87,8.1,2.64
6180,6181,398065,57,3,5,70,,5809,7,9,4,5.9,56,105,459,26,19,8,11,16,0,22,0.42,0.19,0.27,5,13,0,24,2,79,71,5.9,2.59
6181,6182,398065,57,4,5,22,,5810,8,6,10,5.6,59,107,550,29,31,5,7,24,0,23,0.26,0.43,0.24,7,16,0,24,7,61,63,5.6,2.83
6182,6183,398065,57,5,5,50,,5811,9,13,1,8.9,79,100,549,19,26,8,12,32,0,42,0.43,0.03,0.3,14,14,0,29,5,72,63,8.9,2.39
6183,6184,398065,83,6,5,22,2155,5812,10,5,3,3.6,34,45,208,13,6,5,3,1,0,2,0.56,0.34,0.4,1,8,0,4,1,21,29,3.6,3.03
6184,6185,398065,83,7,3,22,,5813,12,5,1,2.7,39,40,212,11,9,4,5,4,0,5,0.6,0.12,0.32,3,6,1,3,1,21,30,2.7,3.12
6185,6186,398073,63,1,1,9,38,5814,4,2,4,1.7,107,72,1341,11,34,29,45,27,0,36,0.1,0.21,0.09,17,6,2,15,5,50,43,1.7,1.03
6186,6187,398073,63,2,7,43,339,5815,5,5,10,4.9,168,159,2026,35,60,30,27,26,0,64,0.17,0.33,0.16,27,15,2,15,3,109,93,4.9,1.26
6187,6188,398073,54,3,1,55,602,5816,6,7,8,4.7,98,113,1253,36,53,22,23,31,0,48,0.24,0.27,0.16,23,15,1,16,1,58,89,4.7,1.32
6188,6189,398073,90,4,1,55,1136,5817,7,4,6,2.5,99,71,1626,31,74,28,23,26,1,72,0.15,0.22,0.09,40,10,2,9,1,52,52,2.5,0.73
6189,6190,398073,90,5,7,66,,5818,8,5,3,3.8,99,85,1373,33,54,16,19,34,2,59,0.22,0.13,0.17,31,8,0,7,1,66,75,3.8,0.79
6190,6191,398073,90,6,1,66,,5819,9,4,5,4.2,218,84,1712,43,29,12,28,28,0,34,0.19,0.23,0.2,17,9,2,9,4,78,93,4.2,1.96
6191,6192,398073,90,7,1,55,,5820,11,2,5,2.0,100,61,1098,35,32,19,9,13,0,32,0.15,0.37,0.15,20,7,2,6,2,28,69,2.0,1.42
6192,6193,398163,5,2,2,44,266,5821,6,0,0,1.0,11,1,130,2,5,2,3,2,0,4,0.0,0.0,0.31,2,0,0,2,0,4,8,1.0,0.6
6193,6194,398163,5,3,2,23,,5822,7,0,1,0.4,122,50,1173,8,44,22,14,25,0,61,0.0,0.05,0.02,18,1,1,26,2,36,36,0.4,0.48
6194,6195,398163,97,4,2,16,1082,5823,8,0,1,0.4,14,7,118,1,5,1,1,4,0,5,0.0,0.3,0.12,2,1,0,3,2,5,9,0.4,0.6
6195,6196,398163,97,4,2,16,1083,5823,8,0,1,0.4,14,7,118,1,5,1,1,4,0,5,0.0,0.3,0.12,2,1,0,3,2,5,9,0.4,0.6
6196,6197,398163,36,6,2,80,2030,5824,10,1,3,1.9,74,27,775,14,51,6,26,32,0,41,0.05,0.15,0.09,26,4,1,31,5,32,50,1.9,1.1
6197,6198,398402,131,5,3,3,,5825,9,1,0,1.8,6,2,40,1,5,0,7,5,0,4,0.28,0.0,0.5,1,1,0,13,0,5,4,1.8,2.51
6198,6199,399776,43,2,1,28,,5826,7,2,1,1.7,104,27,1732,11,34,27,153,39,0,24,0.06,0.03,0.05,16,3,1,45,1,16,15,1.7,0.3
6199,6200,399776,43,3,1,11,,5827,8,2,2,1.5,133,47,1812,6,17,23,111,33,0,18,0.06,0.06,0.05,11,4,1,55,1,24,20,1.5,0.24
6200,6201,399776,43,4,1,8,,5828,9,5,1,3.0,162,59,1700,9,32,19,105,32,0,25,0.16,0.03,0.09,18,6,2,58,3,31,30,3.0,0.76
6201,6202,399776,43,5,1,8,,5829,10,1,0,2.4,197,76,1855,14,43,13,146,36,0,36,0.03,0.0,0.07,23,1,3,59,8,48,41,2.4,0.35
6202,6203,399776,48,6,1,65,1827,5830,11,2,0,1.0,128,42,1562,8,29,14,75,28,0,30,0.07,0.0,0.04,14,2,0,23,1,42,23,1.0,0.44
6203,6204,399776,48,7,1,65,,5831,12,0,0,0.3,69,30,881,1,17,6,42,11,0,12,0.0,0.0,0.02,9,0,2,12,4,18,11,0.3,0.37
6204,6205,399887,27,1,2,13,,5832,8,0,0,0.8,34,13,283,10,46,16,12,18,0,44,0.0,0.0,0.07,20,0,0,9,0,12,23,0.8,0.69
6205,6206,400485,89,1,4,52,,5833,6,3,0,1.4,30,45,230,18,5,2,0,6,0,11,0.5,0.0,0.24,2,3,1,4,4,35,37,1.4,3.51
6206,6207,400485,75,2,5,41,315,5834,7,2,4,2.0,52,41,373,25,10,11,8,9,1,13,0.16,0.32,0.16,5,6,1,2,7,30,53,2.0,1.68
6207,6208,400485,75,2,5,41,316,5834,7,2,4,2.0,52,41,373,25,10,11,8,9,1,13,0.16,0.32,0.16,5,6,1,2,7,30,53,2.0,1.68
6208,6209,400485,89,4,4,20,,5835,9,0,0,0.7,31,28,158,12,6,2,3,3,0,7,0.0,0.0,0.19,3,0,0,1,2,14,29,0.7,3.59
6209,6210,400485,31,6,3,25,,5836,11,1,0,0.6,20,20,138,13,4,6,1,2,0,7,0.22,0.0,0.14,2,1,0,6,2,12,28,0.6,1.94
6210,6211,401173,63,1,5,20,,5837,3,12,14,7.0,130,149,1148,62,19,14,12,21,0,31,0.44,0.51,0.26,10,26,1,1,8,100,138,7.0,1.46
6211,6212,401173,63,2,5,15,,5838,4,17,16,10.1,168,135,1324,68,14,14,6,8,0,24,0.67,0.63,0.4,8,33,0,1,12,106,128,10.1,2.05
6212,6213,401173,63,3,5,97,,5839,5,8,11,6.6,178,114,1139,67,18,16,9,20,0,16,0.35,0.48,0.29,7,19,0,2,6,77,125,5.8,2.23
6213,6214,401173,60,4,5,36,986,5840,6,3,3,3.6,88,111,805,41,14,15,5,19,0,22,0.14,0.14,0.17,8,6,3,2,5,70,88,3.6,1.23
6214,6215,401173,60,5,5,15,,5841,7,6,3,4.2,76,88,647,43,16,7,6,25,0,28,0.32,0.16,0.22,8,9,0,2,4,39,87,4.2,1.12
6215,6216,401173,55,7,3,43,2572,5842,9,2,3,0.8,39,42,284,15,4,0,0,2,0,5,0.27,0.4,0.11,2,5,0,0,5,16,34,0.8,1.21
6216,6217,401320,56,6,1,9,1843,5843,9,3,4,0.7,122,32,1393,13,39,35,158,41,1,26,0.09,0.12,0.02,11,7,2,127,3,14,32,0.7,0.59
6217,6218,401320,143,7,1,25,2545,5844,10,0,0,0.6,38,2,556,0,20,19,76,26,0,11,0.0,0.0,0.05,7,0,3,54,0,0,10,0.6,0.8
6218,6219,401356,64,6,2,22,2231,5845,10,1,1,1.3,91,20,1033,12,80,42,81,59,0,66,0.04,0.04,0.05,31,2,0,30,2,27,32,1.3,0.64
6219,6220,401356,64,7,2,22,,5846,12,0,0,0.2,40,10,383,6,20,11,22,12,1,16,0.0,0.0,0.02,11,0,0,16,3,9,15,0.2,0.79
6220,6221,401529,70,5,1,17,1365,5847,8,1,3,0.7,141,72,1222,28,40,25,37,26,1,46,0.04,0.12,0.03,22,4,0,19,2,58,65,0.7,0.42
6221,6222,401529,70,6,1,30,,5848,9,0,0,0.1,39,20,278,10,5,5,11,2,0,5,0.0,0.0,0.01,2,0,0,4,1,10,15,0.1,0.34
6222,6223,401529,70,7,1,45,,5849,11,0,0,0.3,66,74,619,16,15,20,28,10,0,18,0.0,0.0,0.02,9,0,1,7,2,45,35,0.3,0.74
6223,6224,401530,19,2,1,22,238,5850,6,0,0,0.1,26,3,602,2,25,20,42,12,0,17,0.0,0.0,0.01,10,0,0,36,1,4,6,0.1,0.18
6224,6225,401530,19,3,1,7,,5851,7,1,0,1.1,24,13,714,0,20,19,42,19,1,14,0.08,0.0,0.08,8,1,0,31,0,4,9,1.1,0.95
6225,6226,401530,19,4,1,43,,5852,8,1,2,2.5,102,22,1801,12,50,52,107,42,0,39,0.03,0.06,0.07,20,3,3,83,5,17,36,2.5,0.98
6226,6227,401530,19,5,1,55,,5853,9,5,0,2.4,98,28,1660,6,46,42,104,67,0,33,0.17,0.0,0.08,26,5,2,64,2,20,22,2.4,0.73
6227,6228,401530,19,6,1,31,,5854,10,0,0,0.1,15,7,297,0,7,4,19,4,0,9,0.0,0.0,0.02,6,0,1,11,0,4,2,0.1,0.36
6228,6229,401530,19,7,1,55,,5855,11,1,1,0.6,46,7,636,6,19,12,35,13,0,12,0.1,0.1,0.06,7,2,0,21,0,7,12,0.6,0.96
6229,6230,401571,95,7,5,52,2346,5856,11,1,0,1.3,6,8,90,6,4,4,5,9,0,10,0.19,0.0,0.25,2,1,0,10,1,9,10,1.3,2.81
6230,6231,401578,9,4,2,10,,5857,7,2,2,0.8,77,10,677,8,30,28,11,20,0,38,0.16,0.16,0.06,15,4,2,7,7,14,26,0.8,0.82
6231,6232,401578,9,5,2,16,,5858,8,4,2,3.0,105,12,1022,15,59,33,28,29,0,48,0.22,0.11,0.16,29,6,0,13,4,15,51,0.6,0.93
6232,6233,401578,9,6,2,42,,5859,9,4,4,3.3,162,24,1856,27,60,29,20,24,0,53,0.2,0.2,0.16,26,8,2,8,7,24,53,1.8,0.93
6233,6234,401578,9,7,2,65,,5860,11,1,4,0.2,32,4,357,14,7,3,4,8,0,5,0.26,1.03,0.06,3,5,0,0,6,11,19,0.2,0.52
6234,6235,401922,43,1,4,2,,5861,4,5,2,5.2,55,102,377,22,19,10,2,11,0,31,0.26,0.11,0.27,9,7,0,15,2,39,62,5.2,3.06
6235,6236,401922,43,2,5,41,,5862,5,3,2,3.4,85,119,546,39,23,10,14,15,0,30,0.13,0.09,0.15,13,5,1,13,6,71,105,3.4,2.11
6236,6237,401922,43,3,4,102,,5863,6,4,2,2.4,53,84,395,29,12,10,3,8,0,17,0.26,0.13,0.16,3,6,0,10,3,49,65,2.4,2.04
6237,6238,401922,43,4,4,11,,5864,7,3,3,4.6,41,89,337,29,13,5,4,7,0,6,0.2,0.2,0.31,3,6,0,7,9,42,51,4.6,2.16
6238,6239,401922,43,5,5,11,,5865,8,6,5,6.5,85,133,697,44,14,12,16,13,0,23,0.23,0.19,0.25,7,11,0,14,9,63,110,6.5,2.31
6239,6240,401922,51,6,3,26,2031,5866,9,1,3,1.7,51,52,330,20,18,6,3,3,0,17,0.09,0.27,0.15,9,4,0,9,7,27,48,1.7,2.48
6240,6241,401922,51,7,3,11,,5867,10,1,0,1.4,20,34,231,16,10,0,4,3,0,14,0.13,0.0,0.19,5,1,0,3,1,19,31,1.4,2.8
6241,6242,402008,93,1,2,23,62,5868,5,1,0,0.6,32,10,150,6,13,4,7,9,0,14,0.24,0.0,0.14,8,1,0,10,3,7,13,0.6,2.86
6242,6243,402008,93,2,2,11,,5869,6,0,1,0.7,55,15,474,12,26,8,10,14,0,24,0.0,0.12,0.09,10,1,1,15,3,18,41,0.7,2.26
6243,6244,402008,93,3,4,150,,5870,7,3,1,3.9,99,53,869,35,50,30,24,33,0,36,0.14,0.05,0.18,11,4,0,34,1,28,67,3.9,2.03
6244,6245,402008,93,4,2,42,,5871,8,3,1,1.2,99,12,655,8,30,16,8,22,0,37,0.2,0.07,0.08,17,4,1,20,2,17,31,1.2,0.95
6245,6246,402008,93,5,2,75,,5872,9,2,1,2.8,85,10,684,12,25,26,20,26,0,34,0.13,0.06,0.18,13,3,0,24,4,19,36,2.8,1.2
6246,6247,402008,93,6,2,45,,5873,10,2,1,1.1,97,8,694,17,42,21,37,28,0,41,0.12,0.06,0.07,23,3,0,34,2,10,41,1.1,1.24
6247,6248,402117,99,1,5,13,,5874,5,2,1,2.1,17,25,101,9,10,2,1,2,0,12,0.39,0.2,0.42,5,3,0,2,1,16,24,2.1,3.16
6248,6249,402733,87,4,1,84,946,5875,9,1,2,0.3,43,29,524,11,15,10,22,8,0,24,0.08,0.17,0.02,12,3,0,10,0,16,23,0.3,0.42
6249,6250,402733,87,5,1,24,,5876,10,0,3,0.8,57,34,661,20,26,19,38,25,1,29,0.0,0.18,0.04,15,3,0,13,3,28,41,0.8,0.47
6250,6251,403898,65,1,1,34,,5877,3,0,0,0.4,31,10,412,2,32,11,32,12,0,24,0.0,0.0,0.05,17,0,0,14,0,8,8,0.4,0.62
6251,6252,404842,22,4,1,16,917,5878,7,1,0,0.5,27,8,319,8,25,16,37,15,0,21,0.09,0.0,0.04,12,1,0,10,1,6,16,0.5,0.68
6252,6253,404842,22,5,1,10,,5879,8,0,0,0.5,100,31,966,19,58,46,99,50,0,51,0.0,0.0,0.02,28,0,0,25,1,33,45,0.5,0.34
6253,6254,404842,22,6,1,26,,5880,9,2,0,1.5,55,14,869,13,69,36,92,36,0,66,0.07,0.0,0.06,41,2,0,30,2,22,37,1.5,0.95
6254,6255,405385,37,7,1,5,2402,5881,9,1,1,0.3,46,16,455,13,21,6,27,12,0,19,0.1,0.1,0.03,12,2,2,2,0,11,27,0.3,0.82
6255,6256,405393,112,5,5,1,,5882,6,1,0,1.1,10,15,52,4,6,3,3,5,0,6,0.24,0.0,0.26,4,1,0,3,0,6,10,1.1,3.32
6256,6257,405397,1,6,5,9,1748,5883,8,4,1,3.2,56,48,292,14,28,6,7,15,0,37,0.26,0.07,0.21,17,5,0,11,2,24,37,3.2,2.67
6257,6258,405397,1,7,3,21,,5884,9,6,1,4.1,39,41,239,8,15,7,7,10,0,15,0.46,0.08,0.32,7,7,0,3,2,19,27,4.1,2.87
6258,6259,405398,47,2,4,2,223,5885,3,4,4,3.0,94,102,526,34,34,23,10,19,0,44,0.16,0.16,0.12,15,8,0,11,2,77,97,3.0,2.14
6259,6260,405398,43,3,4,122,785,5886,4,0,0,1.5,15,18,99,10,1,1,2,2,1,5,0.0,0.0,0.45,1,0,0,0,0,12,13,1.5,2.41
6260,6261,405398,43,3,4,122,786,5886,4,0,0,1.5,15,18,99,10,1,1,2,2,1,5,0.0,0.0,0.45,1,0,0,0,0,12,13,1.5,2.41
6261,6262,405398,43,3,4,122,787,5886,4,0,0,1.5,15,18,99,10,1,1,2,2,1,5,0.0,0.0,0.45,1,0,0,0,0,12,13,1.5,2.41
6262,6263,405398,43,3,4,122,788,5886,4,0,0,1.5,15,18,99,10,1,1,2,2,1,5,0.0,0.0,0.45,1,0,0,0,0,12,13,1.5,2.41
6263,6264,405398,47,4,5,11,862,5887,5,1,0,2.8,68,65,349,32,31,8,4,24,0,24,0.06,0.0,0.15,10,1,0,11,6,31,75,2.8,2.69
6264,6265,405398,47,4,5,11,863,5887,5,1,0,2.8,68,65,349,32,31,8,4,24,0,24,0.06,0.0,0.15,10,1,0,11,6,31,75,2.8,2.69
6265,6266,405398,96,5,5,21,1286,5888,6,9,4,5.9,81,117,621,39,44,9,4,29,0,38,0.33,0.15,0.22,16,13,0,16,3,60,96,5.9,2.66
6266,6267,405398,96,6,5,16,,5889,7,7,4,3.5,89,136,611,58,26,11,8,21,0,23,0.29,0.17,0.15,9,11,1,11,6,57,110,3.5,1.93
6267,6268,405398,96,7,4,8,,5890,8,3,0,1.9,57,70,324,22,20,8,5,26,0,23,0.23,0.0,0.15,12,3,1,4,4,25,52,1.9,1.59
6268,6269,405670,144,7,2,80,2463,5891,8,1,0,0.5,23,7,314,6,18,4,14,1,0,14,0.15,0.0,0.08,10,1,0,5,0,7,12,0.5,0.9
6269,6270,405687,112,5,2,14,1673,5892,6,2,0,2.2,86,35,578,11,112,36,35,39,0,100,0.07,0.0,0.08,51,2,0,27,2,26,44,2.2,0.89
6270,6271,405687,112,5,2,14,1674,5892,6,2,0,2.2,86,35,578,11,112,36,35,39,0,100,0.07,0.0,0.08,51,2,0,27,2,26,44,2.2,0.89
6271,6272,405687,62,6,2,25,2211,5893,7,1,2,0.8,68,12,486,7,57,17,28,33,0,58,0.07,0.13,0.05,21,3,0,15,2,13,22,0.8,1.27
6272,6273,405885,67,2,4,2,,5894,4,2,0,1.3,10,7,90,5,8,1,0,5,0,4,0.68,0.0,0.45,3,2,0,1,0,7,12,1.3,3.75
6273,6274,405885,67,3,5,151,,5895,5,6,0,4.3,33,21,269,27,5,2,9,13,0,4,0.44,0.0,0.31,0,6,0,3,2,12,62,4.3,1.75
6274,6275,405885,67,4,4,16,,5896,6,10,4,7.2,86,49,814,43,29,9,11,29,1,38,0.33,0.13,0.24,11,14,0,9,10,28,103,7.2,2.33
6275,6276,405885,89,6,5,22,2104,5897,8,5,3,5.9,54,29,525,36,21,3,7,15,0,15,0.28,0.17,0.33,6,8,0,7,6,18,75,4.5,3.41
6276,6277,405885,89,7,5,49,,5898,9,0,0,0.8,10,4,76,5,3,2,1,5,0,4,0.0,0.0,0.27,2,0,0,1,1,2,11,0.8,2.8
6277,6278,406008,37,2,1,28,,5899,5,0,0,0.3,14,20,191,2,20,13,32,9,0,19,0.0,0.0,0.03,11,0,2,20,1,11,9,0.3,0.35
6278,6279,406040,22,1,5,25,,5900,5,0,2,1.4,24,34,224,10,15,7,2,10,0,6,0.0,0.29,0.2,4,2,0,6,1,19,27,1.4,1.75
6279,6280,406040,93,2,5,11,516,5901,6,0,0,1.3,22,19,110,7,6,1,0,3,0,1,0.0,0.0,0.38,1,0,1,0,0,17,14,1.3,2.91
6280,6281,406040,116,3,5,122,789,5902,7,4,4,6.3,110,110,892,61,35,20,9,31,0,44,0.13,0.13,0.21,13,8,0,7,6,67,127,5.5,2.23
6281,6282,406040,116,3,5,122,790,5902,7,4,4,6.3,110,110,892,61,35,20,9,31,0,44,0.13,0.13,0.21,13,8,0,7,6,67,127,5.5,2.23
6282,6283,406040,57,4,5,47,1052,5903,8,6,0,4.5,54,43,405,23,32,10,4,19,0,28,0.37,0.0,0.28,10,6,0,3,3,26,46,4.5,1.61
6283,6284,406040,57,4,5,47,1053,5903,8,6,0,4.5,54,43,405,23,32,10,4,19,0,28,0.37,0.0,0.28,10,6,0,3,3,26,46,4.5,1.61
6284,6285,406040,91,5,5,41,1661,5904,9,13,6,9.1,79,73,492,39,13,4,1,18,0,15,0.68,0.31,0.47,3,19,0,3,6,28,87,6.7,2.55
6285,6286,406040,91,6,5,43,,5905,10,11,7,9.1,97,72,635,50,20,9,0,19,0,22,0.52,0.33,0.43,8,18,1,18,6,42,101,9.1,3.18
6286,6287,406040,91,7,5,7,,5906,12,9,4,5.3,33,60,325,32,17,1,1,11,0,12,0.86,0.38,0.5,7,13,1,7,2,34,77,4.5,3.73
6287,6288,406042,28,4,5,30,,5907,8,1,2,2.3,31,36,188,24,14,5,3,14,0,18,0.06,0.12,0.14,6,3,0,5,0,23,32,2.3,0.87
6288,6289,406625,54,1,5,26,139,5908,5,6,2,7.7,31,26,172,20,6,3,7,16,0,6,0.4,0.13,0.52,2,8,0,33,6,11,41,6.9,4.29
6289,6290,406625,54,2,3,43,,5909,6,14,3,14.6,59,59,305,30,22,15,11,30,1,34,0.51,0.11,0.54,4,17,0,35,1,38,92,12.3,4.48
6290,6291,406625,54,3,3,128,,5910,7,17,6,15.2,61,48,380,38,25,27,16,31,0,24,0.6,0.21,0.53,7,23,0,25,1,24,86,13.6,3.76
6291,6292,406625,54,4,3,15,,5911,8,21,3,20.9,48,34,371,28,20,18,6,21,0,11,0.83,0.12,0.83,6,24,0,29,3,16,73,16.7,4.42
6292,6293,406625,54,5,3,31,,5912,9,21,6,18.1,83,49,503,46,25,13,16,31,0,23,0.73,0.21,0.63,7,27,1,40,6,33,94,16.5,4.37
6293,6294,406625,54,6,3,15,,5913,10,24,3,17.6,80,54,604,36,22,20,10,30,0,19,0.81,0.1,0.6,4,27,0,38,12,29,102,15.3,3.56
6294,6295,406625,54,7,3,53,,5914,12,5,2,4.7,25,13,191,16,9,5,3,7,0,9,0.39,0.15,0.36,4,7,0,10,4,9,30,4.7,2.94
6295,6296,406635,18,1,2,9,,5915,3,1,0,2.1,18,23,202,8,7,4,1,1,0,9,0.27,0.0,0.57,2,1,0,2,3,9,16,2.1,3.76
6296,6297,406635,18,2,5,26,,5916,4,5,2,3.3,49,36,446,18,14,6,2,5,0,19,0.5,0.2,0.33,6,7,0,10,4,29,57,3.3,3.4
6297,6298,406635,18,3,5,102,,5917,5,9,5,5.0,69,81,689,30,22,11,11,9,0,23,0.5,0.28,0.28,9,14,0,16,2,40,66,5.0,2.51
6298,6299,406635,18,4,3,31,,5918,6,9,5,9.4,98,71,881,40,16,11,5,9,0,17,0.38,0.21,0.4,7,14,0,5,7,43,89,9.4,2.41
6299,6300,406635,18,5,3,51,,5919,7,11,6,5.9,88,68,904,43,16,5,12,25,0,19,0.54,0.29,0.29,8,17,0,19,4,43,99,5.9,2.25
6300,6301,406635,18,6,5,53,,5920,8,19,8,10.3,168,93,1511,73,31,13,18,30,0,31,0.6,0.25,0.33,13,27,1,6,15,79,144,10.3,3.31
6301,6302,406635,18,7,4,97,,5921,9,1,1,2.0,43,20,389,20,2,4,3,4,0,7,0.11,0.11,0.22,2,2,0,1,3,8,49,2.0,3.33
6302,6303,406638,88,4,2,20,,5922,5,0,0,0.2,76,27,763,8,33,12,10,19,0,31,0.0,0.0,0.02,15,0,1,12,3,28,24,0.2,0.27
6303,6304,406638,88,5,2,10,,5923,6,1,0,0.3,56,14,660,10,34,17,19,17,0,33,0.06,0.0,0.02,16,1,1,7,1,15,27,0.3,0.42
6304,6305,406638,88,6,8,16,,5924,7,0,0,0.7,37,8,351,7,18,3,9,12,0,18,0.0,0.0,0.09,11,0,0,3,1,4,14,0.7,0.51
6305,6306,406638,57,7,2,16,2546,5925,9,0,0,0.1,19,12,263,7,9,8,8,9,0,9,0.0,0.0,0.01,6,0,1,6,2,6,9,0.1,0.26
6306,6307,406640,74,4,4,71,1180,5926,5,0,0,0.8,13,11,88,0,3,7,6,2,0,2,0.0,0.0,0.22,0,0,0,11,1,8,12,0.8,2.51
6307,6308,406640,74,5,2,13,,5927,6,3,5,2.7,86,23,534,20,41,25,31,26,0,34,0.15,0.25,0.13,16,8,0,44,8,22,50,2.7,1.81
6308,6309,406640,63,6,2,20,1917,5928,7,1,2,1.7,45,19,382,14,19,11,19,18,0,22,0.09,0.18,0.15,11,3,0,20,1,20,35,1.7,2.03
6309,6310,406640,63,7,2,11,,5929,9,2,1,0.2,44,4,417,8,22,14,20,13,0,14,0.21,0.1,0.02,8,3,0,13,1,6,15,0.2,0.62
6310,6311,406806,73,4,2,17,1090,5930,7,0,1,0.1,20,14,231,11,15,12,14,17,0,20,0.0,0.13,0.02,10,1,0,6,0,10,25,0.1,0.52
6311,6312,406806,73,4,2,17,1091,5930,7,0,1,0.1,20,14,231,11,15,12,14,17,0,20,0.0,0.13,0.02,10,1,0,6,0,10,25,0.1,0.52
6312,6313,406973,33,5,5,88,1462,5931,6,2,0,1.3,3,7,29,1,0,0,6,1,0,5,0.85,0.0,0.54,0,2,0,8,0,0,7,1.3,2.11
6313,6314,406973,33,6,3,2,,5932,7,2,3,2.4,10,18,135,15,11,0,6,11,0,8,0.14,0.22,0.17,2,5,0,34,0,10,34,2.4,1.88
6314,6315,406973,33,7,5,3,,5933,9,1,1,2.4,10,15,108,3,13,0,10,12,0,9,0.1,0.1,0.25,1,2,0,25,0,10,18,2.4,2.78
6315,6316,407265,68,2,5,99,,5934,6,0,0,0.0,2,3,43,2,5,0,0,1,0,2,0.0,0.0,0.03,1,0,0,1,0,4,4,0.0,1.5
6316,6317,407265,138,5,4,3,,5935,9,0,0,1.2,26,22,213,14,21,9,5,9,0,21,0.0,0.0,0.14,8,0,0,3,0,20,33,1.2,2.29
6317,6318,408471,53,1,5,34,,5936,5,0,0,0.9,5,15,64,4,2,6,4,5,0,7,0.0,0.0,0.21,0,0,0,9,0,9,11,0.9,2.01
6318,6319,408471,53,4,4,3,,5937,8,4,1,4.9,56,64,520,21,24,11,24,18,0,37,0.16,0.04,0.2,12,5,0,13,4,46,45,4.9,1.6
6319,6320,408471,53,5,5,20,,5938,9,7,2,7.8,58,60,450,25,20,10,14,12,0,28,0.27,0.08,0.3,12,9,0,21,0,37,57,7.8,2.19
6320,6321,408471,53,7,5,20,,5939,11,6,1,5.4,34,31,224,9,12,3,10,8,0,5,0.4,0.07,0.35,4,7,0,5,3,25,25,4.6,2.24
6321,6322,409153,1,6,2,9,1800,5940,14,6,3,3.1,157,29,1181,42,54,20,6,33,0,62,0.26,0.13,0.13,25,9,0,10,6,38,92,2.3,1.83
6322,6323,409153,1,7,2,25,,5941,16,1,0,1.2,12,4,196,6,7,5,4,6,0,11,0.31,0.0,0.38,4,1,0,2,0,3,18,0.4,1.86
6323,6324,409517,44,6,5,77,1976,5942,7,3,2,2.7,13,10,98,7,3,1,3,8,0,4,0.46,0.3,0.41,1,5,0,4,1,6,19,2.7,3.64
6324,6325,409517,44,7,4,9,,5943,8,1,0,1.2,15,14,125,14,6,3,6,6,0,6,0.13,0.0,0.16,2,1,0,5,1,12,29,1.2,3.23
6325,6326,410059,101,1,1,3,,5944,13,1,1,1.3,94,37,1090,7,38,44,102,40,1,27,0.03,0.03,0.04,18,2,0,51,1,29,21,1.3,0.34
6326,6327,410059,101,2,1,23,,5945,14,2,0,1.2,48,15,715,2,26,37,78,29,1,20,0.1,0.0,0.06,15,2,2,25,0,6,7,1.2,0.24
6327,6328,410185,61,3,1,142,791,5946,7,1,0,0.5,124,34,1158,16,60,30,57,17,0,52,0.04,0.0,0.02,35,1,0,21,1,30,40,0.5,0.31
6328,6329,410185,61,4,1,14,893,5947,8,0,1,0.6,138,65,1198,15,79,48,74,22,0,73,0.0,0.04,0.02,42,1,0,14,1,46,49,0.6,0.18
6329,6330,410185,53,5,1,9,1305,5948,9,1,0,0.2,7,7,77,2,17,9,11,5,1,11,0.38,0.0,0.06,5,1,0,4,0,3,4,0.2,0.76
6330,6331,410185,53,5,1,9,1306,5948,9,1,0,0.2,7,7,77,2,17,9,11,5,1,11,0.38,0.0,0.06,5,1,0,4,0,3,4,0.2,0.76
6331,6332,410185,53,5,1,9,1307,5948,9,1,0,0.2,7,7,77,2,17,9,11,5,1,11,0.38,0.0,0.06,5,1,0,4,0,3,4,0.2,0.76
6332,6333,410425,25,1,2,14,101,5949,6,0,0,1.8,83,53,588,13,62,33,29,21,0,38,0.0,0.0,0.09,20,0,2,27,3,42,54,1.8,1.57
6333,6334,410425,25,2,2,16,,5950,7,1,0,0.4,63,25,529,4,49,21,23,18,0,40,0.07,0.0,0.03,17,1,0,16,3,20,15,0.4,1.14
6334,6335,410425,25,3,2,78,,5951,8,1,0,1.4,146,55,1476,16,104,64,67,42,1,67,0.03,0.0,0.04,33,1,0,38,2,45,59,1.4,1.22
6335,6336,410425,25,4,2,45,,5952,9,1,2,0.9,92,40,1061,8,76,50,49,33,0,37,0.04,0.09,0.04,21,3,0,16,3,39,31,0.9,0.9
6336,6337,410425,88,6,2,26,,5953,11,0,0,1.4,169,43,1689,11,80,37,43,28,2,61,0.0,0.0,0.06,41,0,3,14,3,42,44,1.4,1.04
6337,6338,410425,88,7,2,22,,5954,13,2,0,0.3,54,12,482,4,29,11,20,5,0,23,0.22,0.0,0.03,14,2,2,2,2,13,12,0.3,0.43
6338,6339,410708,45,3,7,61,,5955,5,1,0,1.7,71,4,1118,4,49,47,92,35,0,28,0.04,0.0,0.07,17,1,0,46,0,8,15,1.7,0.61
6339,6340,410708,45,4,7,25,,5956,6,1,0,1.4,86,8,1089,11,61,33,60,35,1,50,0.04,0.0,0.06,30,1,2,40,1,5,21,1.4,0.48
6340,6341,410708,45,5,1,16,,5957,7,2,1,1.4,119,24,1046,14,84,32,70,32,0,75,0.08,0.04,0.06,49,3,1,60,0,25,35,1.4,0.65
6341,6342,411975,10,1,1,13,,5958,4,0,1,1.0,149,32,1614,10,48,50,193,44,0,41,0.0,0.03,0.03,27,1,7,116,4,15,28,1.0,0.35
6342,6343,411975,87,2,1,5,345,5959,5,1,1,2.2,82,27,1279,4,23,23,91,16,0,18,0.04,0.04,0.09,10,2,2,93,0,14,21,2.2,0.9
6343,6344,411975,87,3,1,126,,5960,6,2,1,2.0,167,45,2133,10,27,40,104,24,0,24,0.06,0.03,0.06,10,3,0,102,0,44,33,2.0,0.64
6344,6345,411975,87,4,1,8,,5961,7,2,1,1.1,168,48,1894,17,40,21,101,33,2,28,0.07,0.03,0.04,18,3,2,77,1,41,43,1.1,0.43
6345,6346,411975,24,5,1,55,1511,5962,8,1,3,1.1,185,58,1775,16,37,19,61,24,0,31,0.04,0.11,0.04,21,4,3,43,4,52,41,1.1,0.52
6346,6347,411975,24,6,1,55,,5963,9,1,2,2.0,245,67,2478,23,37,25,83,32,0,51,0.03,0.06,0.06,28,3,5,71,2,67,62,2.0,0.75
6347,6348,411975,24,7,1,8,,5964,11,1,3,0.7,91,29,1013,20,42,9,39,22,0,45,0.06,0.18,0.04,33,4,2,17,5,23,30,0.7,0.65
6348,6349,412045,53,7,2,3,,5965,10,0,0,0.0,46,3,319,9,31,10,11,15,0,30,0.0,0.0,0.0,14,0,0,6,1,3,18,0.0,0.2
6349,6350,412092,102,1,1,30,,5966,9,0,0,0.1,40,10,502,9,43,22,50,24,0,48,0.0,0.0,0.01,23,0,0,18,1,9,32,0.1,0.2
6350,6351,412095,75,1,3,29,,5967,6,0,1,0.8,8,7,84,5,7,2,2,5,1,5,0.0,0.2,0.16,2,1,0,4,0,7,13,0.7,1.22
6351,6352,412363,19,2,3,7,249,5968,3,2,0,2.3,36,55,419,14,6,10,5,13,0,21,0.18,0.0,0.2,2,2,0,9,0,36,29,2.3,1.41
6352,6353,412363,19,3,3,65,,5969,4,1,6,2.0,28,45,333,19,15,7,4,15,0,17,0.09,0.55,0.18,2,7,0,5,1,34,41,2.0,2.29
6353,6354,412363,19,4,3,65,,5970,5,4,4,3.4,49,76,555,28,18,11,3,21,0,18,0.24,0.24,0.2,3,8,0,14,1,55,69,3.4,2.01
6354,6355,412363,19,5,5,55,,5971,6,9,8,13.7,81,146,918,47,17,8,5,23,0,23,0.34,0.3,0.52,4,17,0,14,2,81,133,12.9,3.67
6355,6356,412363,19,6,3,36,,5972,7,10,5,11.7,90,159,883,46,16,8,6,14,0,19,0.38,0.19,0.44,5,15,0,5,3,106,111,10.9,3.25
6356,6357,412363,19,7,3,53,,5973,8,5,3,1.8,49,50,441,27,9,2,4,11,0,13,0.46,0.28,0.17,4,8,0,4,1,39,52,1.7,2.21
6357,6358,412513,28,4,3,40,831,5974,11,9,2,6.8,31,20,263,20,9,2,25,11,1,13,0.38,0.09,0.29,5,11,0,90,3,12,41,6.8,2.17
6358,6359,412513,69,5,3,9,1581,5975,12,2,0,1.7,18,3,115,13,5,0,14,6,0,5,0.17,0.0,0.15,1,2,0,46,1,7,22,1.7,1.57
6359,6360,412660,48,2,3,3,,5976,6,0,0,2.7,9,19,101,5,1,0,3,4,0,3,0.0,0.0,0.44,0,0,0,27,0,11,18,2.7,2.79
6360,6361,412660,48,3,5,147,,5977,7,1,1,1.5,6,7,55,6,2,0,2,1,0,1,0.32,0.32,0.47,0,2,0,18,0,6,14,1.5,2.92
6361,6362,412660,38,7,3,23,,5978,11,2,1,1.5,20,16,146,15,6,1,4,2,0,2,0.26,0.13,0.2,1,3,0,21,0,8,24,1.5,1.83
6362,6363,412671,103,2,4,46,,5979,7,1,1,0.8,41,27,391,17,31,12,4,11,0,35,0.08,0.08,0.07,14,2,1,13,1,26,43,0.8,1.34
6363,6364,412671,3,3,4,82,792,5980,8,2,2,2.1,43,28,360,22,24,15,1,17,0,24,0.14,0.14,0.14,11,4,0,6,0,24,58,2.1,1.64
6364,6365,412671,3,4,4,28,,5981,9,1,1,0.8,31,18,286,11,19,6,5,15,0,17,0.09,0.09,0.08,8,2,0,9,1,14,27,0.8,1.5
6365,6366,412671,3,5,2,40,1426,5982,10,1,0,0.4,11,7,79,4,6,4,2,3,0,4,0.49,0.0,0.19,3,1,0,2,0,4,9,0.4,2.93
6366,6367,412671,3,5,2,40,1427,5982,10,1,0,0.4,11,7,79,4,6,4,2,3,0,4,0.49,0.0,0.19,3,1,0,2,0,4,9,0.4,2.93
6367,6368,412932,13,4,3,16,879,5983,5,4,1,6.6,11,7,128,6,9,2,1,6,0,5,0.37,0.09,0.62,1,5,0,15,0,6,22,6.6,1.97
6368,6369,412932,13,5,3,24,,5984,6,3,0,2.6,3,5,39,4,3,0,1,1,0,7,0.92,0.0,0.79,1,3,0,11,0,1,7,2.6,2.14
6369,6370,412932,13,6,3,20,1865,5985,7,1,0,0.4,1,3,10,0,2,0,0,2,0,2,1.06,0.0,0.46,1,1,0,1,0,1,1,0.4,2.12
6370,6371,412932,13,6,3,20,1866,5985,7,1,0,0.4,1,3,10,0,2,0,0,2,0,2,1.06,0.0,0.46,1,1,0,1,0,1,1,0.4,2.12
6371,6372,413032,61,2,2,29,,5986,5,0,1,0.2,69,24,732,10,38,23,16,9,0,29,0.0,0.06,0.01,12,1,3,15,4,11,19,0.2,0.29
6372,6373,413032,37,4,2,68,,5987,7,0,2,0.4,57,17,361,16,22,9,10,7,0,24,0.0,0.18,0.04,10,2,0,11,0,24,30,0.4,0.7
6373,6374,413039,52,4,3,5,,5988,6,4,7,9.3,56,81,527,34,28,11,20,21,0,20,0.12,0.22,0.29,6,11,0,29,5,39,86,8.5,2.35
6374,6375,413039,52,5,3,42,,5989,7,9,8,9.6,88,66,655,51,26,13,21,24,0,42,0.28,0.25,0.3,8,17,0,35,7,33,97,8.8,2.17
6375,6376,413039,52,6,3,22,,5990,8,9,6,9.8,88,74,511,32,15,7,13,26,0,19,0.41,0.28,0.45,5,15,0,23,15,52,82,7.4,2.3
6376,6377,413039,52,7,3,7,,5991,10,10,2,4.9,60,51,407,30,21,7,24,12,0,13,0.59,0.12,0.29,9,12,0,17,8,31,61,3.3,1.54
6377,6378,413112,10,1,2,9,,5992,3,0,0,0.3,25,5,224,3,24,21,14,11,0,18,0.0,0.0,0.04,7,0,0,11,0,5,7,0.3,0.89
6378,6379,413112,10,2,2,25,346,5993,4,0,1,0.7,88,9,589,6,30,13,19,11,0,27,0.0,0.08,0.06,11,1,1,18,1,10,17,0.7,0.97
6379,6380,413112,13,3,2,45,,5994,5,2,4,4.1,197,42,1516,17,127,60,47,39,1,92,0.06,0.12,0.12,48,6,0,81,4,33,56,4.1,1.56
6380,6381,413112,13,4,2,26,,5995,6,3,2,2.0,250,47,1795,21,86,101,34,39,1,55,0.09,0.06,0.06,29,5,0,77,6,41,71,2.0,1.69
6381,6382,413112,19,5,2,55,1428,5996,7,0,4,1.8,142,41,1578,22,64,49,50,20,0,38,0.0,0.17,0.08,23,4,0,48,7,43,63,1.8,1.61
6382,6383,413112,19,6,8,19,,5997,8,3,1,1.3,111,28,1377,11,38,28,52,21,0,18,0.14,0.05,0.06,9,4,1,51,1,41,35,1.3,1.22
6383,6384,413112,19,7,8,36,,5998,9,0,0,0.9,94,11,879,3,24,24,20,11,0,19,0.0,0.0,0.07,9,0,0,23,0,4,20,0.9,0.53
6384,6385,413220,57,3,1,142,,5999,7,2,1,2.2,94,64,1004,19,61,30,58,36,0,41,0.09,0.04,0.09,20,3,1,26,0,51,61,2.2,0.43
6385,6386,413220,57,4,1,45,,6000,8,0,0,0.3,44,23,540,9,22,17,34,16,0,15,0.0,0.0,0.03,7,0,0,13,0,18,17,0.3,0.45
6386,6387,413220,57,7,1,16,,6001,11,2,1,0.7,39,18,589,5,35,24,66,23,0,33,0.13,0.06,0.04,19,3,1,33,0,10,17,0.7,0.77
6387,6388,413262,43,3,4,82,,6002,9,0,0,0.3,10,8,63,2,2,0,0,1,0,8,0.0,0.0,0.2,2,0,0,1,0,4,9,0.3,3.6
6388,6389,413262,105,7,5,73,,6003,14,1,3,1.8,14,14,94,11,14,6,5,5,0,14,0.2,0.59,0.36,6,4,0,1,5,10,28,0.2,1.39
6389,6390,413403,48,2,1,33,275,6004,6,1,2,1.5,53,8,677,11,18,25,70,34,0,16,0.04,0.09,0.06,7,3,2,47,0,9,15,1.5,0.49
6390,6391,413403,48,3,1,38,,6005,7,2,0,2.4,32,3,1102,2,25,29,162,53,0,13,0.06,0.0,0.07,9,2,1,93,0,1,7,2.4,0.62
6391,6392,413403,48,4,1,10,,6006,8,2,0,1.6,45,8,875,4,25,15,86,31,2,13,0.07,0.0,0.06,10,2,2,58,0,5,13,1.6,0.55
6392,6393,413403,48,6,1,26,,6007,10,1,0,2.5,136,37,1907,8,54,28,73,36,0,27,0.03,0.0,0.07,23,1,3,30,1,20,34,2.5,0.56
6393,6394,413403,48,7,1,22,,6008,12,1,0,0.6,39,11,656,2,19,11,45,6,0,13,0.07,0.0,0.04,11,1,0,10,6,7,10,0.6,0.35
6394,6395,413507,70,1,1,21,,6009,5,3,0,2.7,159,38,1465,4,59,48,143,39,1,33,0.09,0.0,0.08,17,3,0,107,1,22,23,2.7,0.87
6395,6396,413507,70,2,1,43,,6010,6,5,0,2.6,144,44,1542,8,46,29,129,39,0,31,0.14,0.0,0.07,11,5,1,77,0,25,25,2.6,0.8
6396,6397,413507,70,3,1,75,,6011,7,3,1,3.9,123,25,1435,7,49,44,122,42,1,33,0.09,0.03,0.12,21,4,1,101,0,23,23,3.9,0.62
6397,6398,413507,70,4,1,26,,6012,8,1,0,2.1,114,13,1877,2,54,39,94,30,1,34,0.03,0.0,0.07,29,1,0,98,0,11,17,2.1,0.71
6398,6399,413507,70,6,1,10,,6013,10,0,0,0.4,81,8,1341,8,41,27,95,22,0,36,0.0,0.0,0.01,22,0,1,111,0,12,23,0.4,0.36
6399,6400,413507,131,7,1,16,2665,6014,12,2,1,2.5,24,2,386,4,17,15,67,23,0,6,0.12,0.06,0.16,5,3,0,41,0,1,10,2.5,1.06
6400,6401,413565,58,5,1,5,1219,6015,9,0,1,0.7,84,37,1731,9,53,35,100,43,0,43,0.0,0.03,0.02,24,1,1,41,3,15,30,0.7,0.34
6401,6402,413565,58,6,1,5,,6016,10,0,0,0.8,93,28,1734,4,48,16,68,32,0,36,0.0,0.0,0.03,27,0,2,29,0,21,20,0.8,0.45
6402,6403,413843,94,1,1,68,,6017,6,0,0,0.2,24,5,390,0,22,13,26,17,0,12,0.0,0.0,0.02,8,0,0,13,0,3,2,0.2,0.23
6403,6404,413843,44,2,1,1,247,6018,7,0,0,0.9,40,5,665,1,52,40,113,40,1,29,0.0,0.0,0.04,17,0,1,60,0,4,8,0.9,0.51
6404,6405,413843,44,2,1,1,248,6018,7,0,0,0.9,40,5,665,1,52,40,113,40,1,29,0.0,0.0,0.04,17,0,1,60,0,4,8,0.9,0.51
6405,6406,413843,94,3,1,33,,6019,8,0,0,0.5,56,2,665,1,31,36,89,26,0,23,0.0,0.0,0.02,10,0,2,50,0,4,6,0.5,0.38
6406,6407,413843,33,6,1,23,2212,6020,11,5,1,2.0,93,9,802,10,42,33,104,33,0,30,0.21,0.04,0.08,25,6,2,112,0,4,27,2.0,1.11
6407,6408,413843,33,6,1,23,2213,6020,11,5,1,2.0,93,9,802,10,42,33,104,33,0,30,0.21,0.04,0.08,25,6,2,112,0,4,27,2.0,1.11
6408,6409,413843,59,7,1,9,2497,6021,12,2,1,0.6,43,2,457,4,11,10,57,11,1,10,0.17,0.09,0.05,6,3,1,27,2,5,18,0.6,0.87
6409,6410,415912,32,3,1,112,793,6022,7,0,0,1.6,82,10,848,5,42,59,66,25,0,46,0.0,0.0,0.1,27,0,1,46,0,12,13,1.6,0.92
6410,6411,415912,32,4,1,28,987,6023,8,4,0,2.7,124,33,1493,10,57,69,174,46,0,51,0.13,0.0,0.09,30,4,2,91,1,21,31,2.7,1.1
6411,6412,415912,32,5,1,16,1623,6024,9,2,1,4.0,120,34,1255,15,50,63,99,39,1,38,0.08,0.04,0.16,28,3,0,81,2,26,37,4.0,1.89
6412,6413,415912,64,6,1,16,2214,6025,10,1,0,1.2,38,10,482,3,28,23,79,21,0,21,0.06,0.0,0.07,17,1,3,44,1,1,10,1.2,0.72
6413,6414,415912,64,7,1,10,,6026,12,0,0,0.9,37,10,515,3,21,20,50,16,0,15,0.0,0.0,0.08,11,0,1,25,1,5,11,0.9,1.08
6414,6415,415970,131,5,1,14,,6027,10,1,0,0.8,67,5,891,5,53,26,111,33,0,35,0.04,0.0,0.03,25,1,1,55,0,5,16,0.8,0.28
6415,6416,416380,7,4,4,40,,6028,8,0,1,0.4,2,8,37,3,2,0,1,3,0,4,0.0,0.35,0.14,1,1,0,18,0,5,8,0.4,3.47
6416,6417,416386,67,4,2,33,880,6029,8,0,0,0.5,29,9,252,5,11,4,5,14,0,11,0.0,0.0,0.1,8,0,0,6,1,9,13,0.5,2.59
6417,6418,416386,67,4,2,33,881,6029,8,0,0,0.5,29,9,252,5,11,4,5,14,0,11,0.0,0.0,0.1,8,0,0,6,1,9,13,0.5,2.59
6418,6419,416386,67,5,2,23,1582,6030,9,2,0,1.5,36,21,254,6,17,2,10,6,0,7,0.28,0.0,0.2,2,2,0,9,1,20,15,1.5,1.95
6419,6420,416386,122,6,4,134,2105,6031,10,3,3,3.1,38,43,303,16,23,5,8,19,0,16,0.26,0.26,0.27,8,6,0,12,4,31,39,2.3,2.83
6420,6421,416386,69,7,4,134,2666,6032,11,1,2,2.2,21,23,160,4,9,2,5,5,0,4,0.19,0.39,0.43,4,3,0,8,1,20,15,2.2,2.92
6421,6422,417346,45,3,4,38,572,6033,8,8,8,5.8,98,108,778,59,63,15,21,30,0,59,0.25,0.25,0.18,26,16,0,26,2,54,117,5.8,1.42
6422,6423,417346,45,4,5,16,1054,6034,9,8,1,4.4,89,120,656,42,57,21,19,35,0,76,0.27,0.03,0.15,31,9,0,19,7,60,86,4.4,1.47
6423,6424,417346,45,5,5,10,,6035,10,5,7,4.7,103,103,732,53,41,22,25,47,0,52,0.17,0.23,0.16,12,12,0,5,4,56,114,4.7,1.3
6424,6425,417346,22,6,4,42,1729,6036,11,3,3,3.6,62,65,409,28,37,12,24,25,0,49,0.12,0.12,0.14,17,6,0,10,4,31,66,3.6,1.38
6425,6426,417346,22,7,3,10,2547,6037,13,0,0,2.1,17,20,147,9,16,5,16,4,0,19,0.0,0.0,0.24,9,0,2,3,2,9,16,2.1,1.57
6426,6427,418543,16,5,1,20,1203,6038,7,0,2,0.9,56,14,1058,7,51,28,102,28,0,26,0.0,0.08,0.04,14,2,0,60,0,16,20,0.9,0.54
6427,6428,418543,16,6,1,11,,6039,8,1,0,0.7,19,9,359,0,20,9,23,10,0,9,0.12,0.0,0.08,3,1,0,15,0,6,2,0.7,0.82
6428,6429,418559,73,5,4,14,1186,6040,7,1,3,0.6,21,11,165,9,11,0,4,3,0,13,0.1,0.31,0.06,6,4,0,20,1,5,17,0.6,0.73
6429,6430,418560,63,2,3,9,383,6041,4,13,2,8.8,21,22,166,9,4,4,4,7,0,4,1.1,0.17,0.74,0,15,0,18,2,13,26,8.8,2.88
6430,6431,418560,63,3,3,55,,6042,5,27,6,23.5,39,47,333,27,7,4,16,19,0,4,1.01,0.22,0.88,1,33,0,37,2,16,68,20.3,3.33
6431,6432,418560,63,4,3,53,,6043,6,22,8,17.9,41,40,331,23,2,1,31,8,0,1,1.04,0.38,0.84,0,30,0,38,3,15,61,13.2,3.49
6432,6433,418560,18,5,3,96,1624,6044,7,36,8,28.4,58,35,360,29,3,3,14,12,0,5,1.17,0.26,0.92,1,44,0,50,4,10,72,23.0,3.77
6433,6434,418560,18,6,3,12,,6045,8,27,5,29.2,26,35,295,29,6,2,16,11,0,3,0.95,0.18,1.03,2,32,0,39,2,13,59,22.9,3.99
6434,6435,418560,18,7,3,12,,6046,9,13,1,13.1,11,9,122,12,6,3,15,3,0,2,0.77,0.06,0.77,1,14,0,22,1,9,32,12.4,4.12
6435,6436,418571,115,6,2,27,2175,6047,9,1,0,0.8,46,15,359,15,44,11,13,27,0,30,0.07,0.0,0.06,13,1,0,9,4,12,33,0.8,1.2
6436,6437,418571,115,7,2,87,,6048,10,0,0,0.3,38,13,341,16,33,4,15,7,0,28,0.0,0.0,0.04,13,0,0,3,2,15,34,0.3,0.85
6437,6438,418658,35,3,5,63,,6049,5,3,2,2.1,21,13,128,6,8,4,5,6,0,12,0.3,0.2,0.21,3,5,0,37,0,15,14,2.1,1.87
6438,6439,418659,75,3,5,14,794,6050,5,12,7,14.4,78,87,871,51,31,17,23,22,0,41,0.39,0.23,0.47,10,19,0,20,5,74,134,11.5,2.49
6439,6440,418659,75,4,5,11,,6051,6,10,9,11.8,104,93,786,49,22,11,17,22,0,32,0.33,0.29,0.39,10,19,1,12,6,82,132,7.9,2.32
6440,6441,418659,75,5,5,8,1308,6052,7,0,0,0.6,1,8,53,3,1,0,3,1,0,1,0.0,0.0,0.23,0,0,0,3,0,3,7,0.6,1.99
6441,6442,418659,12,6,5,22,,6053,8,7,3,7.4,82,59,625,21,20,14,12,18,0,19,0.3,0.13,0.32,8,10,0,15,2,50,85,7.3,3.4
6442,6443,418659,12,7,4,26,2603,6054,9,2,1,3.0,39,18,222,5,8,1,2,7,0,7,0.21,0.11,0.31,2,3,0,6,3,8,22,3.0,2.74
6443,6444,418662,139,5,2,44,,6055,9,0,0,0.1,14,1,120,0,6,7,2,3,0,4,0.0,0.0,0.01,2,0,0,1,0,4,1,0.1,0.55
6444,6445,420002,62,1,3,28,143,6056,6,14,2,13.8,37,44,322,30,13,3,22,15,0,10,0.51,0.07,0.5,1,16,0,107,1,12,73,13.8,3.52
6445,6446,420002,62,2,3,42,,6057,7,3,1,5.9,10,11,129,6,2,1,11,3,1,6,0.26,0.09,0.51,0,4,0,39,1,11,17,5.2,2.91
6446,6447,420002,29,4,3,16,1055,6058,9,5,1,5.8,6,16,158,7,8,4,13,11,0,18,0.39,0.08,0.46,3,6,0,39,0,6,20,5.8,2.91
6447,6448,420002,29,4,3,16,1056,6058,9,5,1,5.8,6,16,158,7,8,4,13,11,0,18,0.39,0.08,0.46,3,6,0,39,0,6,20,5.8,2.91
6448,6449,420002,29,5,3,20,,6059,10,2,0,3.4,6,9,104,5,7,3,18,3,0,3,0.23,0.0,0.39,1,2,0,26,0,9,8,3.4,3.16
6449,6450,420002,29,6,3,25,,6060,11,16,5,10.9,25,29,309,32,22,4,14,13,0,10,0.63,0.2,0.43,6,21,0,50,1,15,65,9.4,1.74
6450,6451,420002,29,7,3,41,,6061,12,4,1,5.0,22,16,134,17,7,1,13,7,0,6,0.29,0.07,0.36,0,5,0,29,2,10,28,4.2,2.3
6451,6452,420210,93,7,1,50,2403,6062,9,1,0,1.0,51,13,582,5,21,12,32,7,0,21,0.1,0.0,0.09,9,1,3,10,1,7,13,1.0,0.49
6452,6453,421637,52,4,2,6,1151,6063,8,0,0,0.8,35,18,259,4,25,14,13,16,0,27,0.0,0.0,0.07,8,0,0,15,0,7,17,0.8,1.38
6453,6454,421637,52,5,2,21,,6064,9,0,2,1.0,28,9,193,7,19,10,16,16,0,24,0.0,0.21,0.11,10,2,0,7,0,8,23,1.0,0.96
6454,6455,421637,52,6,2,20,,6065,10,1,2,2.2,33,17,299,12,37,23,17,15,0,29,0.08,0.16,0.17,16,3,0,10,2,15,32,2.2,1.71
6455,6456,421726,44,3,4,63,,6066,7,1,0,1.4,7,16,75,7,8,6,4,5,0,9,0.2,0.0,0.28,3,1,0,5,0,6,16,1.4,1.58
6456,6457,422355,51,3,3,125,795,6067,5,2,0,0.9,25,10,155,11,7,1,3,4,0,10,0.34,0.0,0.15,6,2,0,5,0,7,21,0.9,1.18
6457,6458,422355,7,4,4,78,1137,6068,6,2,2,2.0,35,21,305,12,14,3,5,7,0,23,0.17,0.17,0.18,7,4,0,10,6,22,33,2.0,1.64
6458,6459,422355,7,4,4,78,1138,6068,6,2,2,2.0,35,21,305,12,14,3,5,7,0,23,0.17,0.17,0.18,7,4,0,10,6,22,33,2.0,1.64
6459,6460,422380,107,2,5,48,,6069,6,0,1,0.4,18,21,61,5,4,2,0,5,0,2,0.0,0.2,0.08,0,1,0,5,0,11,15,0.4,2.21
6460,6461,422460,92,3,3,59,,6070,7,2,2,2.7,33,42,252,11,4,2,4,3,0,11,0.11,0.11,0.15,0,4,0,12,1,25,33,2.7,1.67
6461,6462,422460,92,4,3,17,,6071,8,4,2,4.7,15,22,155,13,7,3,5,3,0,12,0.34,0.17,0.4,4,6,0,4,2,12,25,4.7,2.62
6462,6463,422466,129,5,1,28,1692,6072,9,1,2,1.3,78,41,613,8,21,7,38,10,0,21,0.08,0.16,0.1,13,3,0,10,0,24,24,1.3,1.29
6463,6464,422466,17,6,1,28,2032,6073,10,1,2,1.4,94,40,922,32,43,19,72,34,0,46,0.04,0.07,0.05,25,3,1,31,1,44,63,1.4,1.07
6464,6465,422466,105,7,1,28,,6074,11,0,1,0.2,27,20,344,10,18,17,53,15,0,27,0.0,0.08,0.02,10,1,0,11,1,14,15,0.2,0.39
6465,6466,422715,2,4,6,27,,6075,11,0,0,0.5,26,30,315,9,6,7,17,6,0,11,0.0,0.0,0.05,2,0,0,5,1,21,15,0.5,1.14
6466,6467,422850,1,3,1,67,,6076,9,2,1,0.3,120,106,1170,18,57,30,67,25,0,56,0.07,0.03,0.01,32,3,0,25,0,71,43,0.3,0.28
6467,6468,422850,1,4,1,6,,6077,10,1,3,0.6,109,90,978,31,35,28,45,35,0,30,0.04,0.11,0.02,16,4,0,13,0,65,54,0.6,0.71
6468,6469,423436,32,1,2,16,,6078,6,0,0,1.3,100,27,888,13,78,43,34,48,1,74,0.0,0.0,0.05,34,0,1,28,1,26,45,1.3,0.7
6469,6470,423436,39,3,2,20,,6079,8,1,0,0.3,31,7,291,6,30,13,14,23,0,28,0.12,0.0,0.03,15,1,0,9,0,4,14,0.3,0.83
6470,6471,423436,39,4,2,38,,6080,9,0,1,0.9,86,13,959,11,93,41,42,31,0,89,0.0,0.04,0.03,38,1,0,33,1,8,39,0.9,0.49
6471,6472,423436,138,5,2,38,,6081,10,0,0,0.4,41,1,358,8,29,13,11,14,0,35,0.0,0.0,0.05,14,0,0,10,0,3,25,0.4,1.73
6472,6473,423443,133,5,1,17,,6082,9,1,2,0.4,35,17,412,13,22,11,40,13,1,22,0.08,0.16,0.03,16,3,0,7,0,11,24,0.4,0.4
6473,6474,423443,133,6,1,17,,6083,10,0,1,0.0,31,16,400,11,11,18,29,5,0,18,0.0,0.09,0.0,8,1,0,15,1,13,27,0.0,0.18
6474,6475,423444,15,1,2,17,39,6084,4,1,0,1.2,67,15,783,10,23,19,15,19,0,31,0.06,0.0,0.07,13,1,1,5,3,17,31,1.2,1.01
6475,6476,423444,15,2,2,10,,6085,5,1,0,1.5,67,16,761,12,31,14,17,14,1,35,0.05,0.0,0.07,11,1,0,8,0,24,35,1.5,0.69
6476,6477,423444,15,3,4,122,,6086,6,3,0,1.2,55,8,697,4,30,16,24,14,0,24,0.19,0.0,0.08,8,3,0,4,0,16,20,1.2,1.22
6477,6478,423444,15,4,2,5,,6087,7,1,0,0.4,131,18,1716,11,56,32,39,29,0,68,0.03,0.0,0.01,28,1,0,16,1,33,38,0.4,0.69
6478,6479,423444,15,5,2,24,,6088,8,0,2,0.9,138,27,1604,24,34,53,35,29,0,55,0.0,0.06,0.03,14,2,2,18,0,45,66,0.9,0.76
6479,6480,423444,15,6,2,16,,6089,9,0,0,0.7,134,28,1180,18,56,18,34,28,0,63,0.0,0.0,0.03,24,0,0,13,4,33,49,0.7,0.78
6480,6481,423444,15,7,2,6,,6090,10,1,0,0.3,66,13,575,7,24,8,18,15,0,25,0.08,0.0,0.03,11,1,2,8,3,12,17,0.3,0.75
6481,6482,423744,78,4,2,25,1057,6091,5,0,1,0.9,112,30,991,25,41,17,29,21,0,52,0.0,0.05,0.04,14,1,0,13,2,23,55,0.9,0.87
6482,6483,423744,78,4,2,25,1058,6091,5,0,1,0.9,112,30,991,25,41,17,29,21,0,52,0.0,0.05,0.04,14,1,0,13,2,23,55,0.9,0.87
6483,6484,423744,25,5,2,5,1359,6092,6,0,1,0.5,35,5,364,2,5,6,5,5,0,8,0.0,0.18,0.09,2,1,0,5,2,8,14,0.5,1.07
6484,6485,423744,25,6,2,21,,6093,7,0,1,1.0,193,39,1915,22,26,11,14,23,1,35,0.0,0.04,0.04,11,1,1,11,9,53,69,1.0,1.06
6485,6486,424015,22,5,7,20,,6094,5,0,0,0.5,24,16,488,6,49,15,45,24,0,54,0.0,0.0,0.03,29,0,0,10,1,12,20,0.5,0.56
6486,6487,424042,38,3,1,3,796,6095,7,2,5,1.4,70,34,769,22,27,21,49,26,0,42,0.1,0.25,0.07,16,7,1,11,1,23,50,1.4,0.79
6487,6488,424042,38,4,1,9,,6096,8,7,2,3.8,100,61,860,39,41,22,44,24,1,48,0.24,0.07,0.13,16,9,2,10,3,42,91,3.8,1.5
6488,6489,424042,79,5,1,11,1583,6097,9,4,2,2.6,112,73,1452,38,69,18,63,38,1,91,0.13,0.06,0.08,39,6,1,22,7,43,92,2.6,0.66
6489,6490,424042,79,6,1,75,,6098,10,2,3,1.3,68,47,957,19,38,9,36,19,1,54,0.1,0.15,0.06,26,5,1,7,1,43,53,1.3,0.58
6490,6491,424042,79,7,1,22,,6099,11,0,3,0.4,27,20,413,8,19,7,23,8,0,29,0.0,0.35,0.05,14,3,0,6,1,11,24,0.4,0.47
6491,6492,424051,10,1,3,14,,6100,5,3,2,3.4,49,62,364,29,27,8,4,11,1,11,0.21,0.14,0.24,4,5,1,21,3,40,59,2.6,2.81
6492,6493,424051,10,2,6,41,,6101,6,1,1,2.7,44,54,380,10,33,24,10,13,0,36,0.07,0.07,0.18,16,2,0,19,2,29,41,2.7,2.59
6493,6494,424051,10,3,5,20,,6102,7,4,1,1.8,26,34,216,10,21,9,2,14,0,13,0.37,0.09,0.16,4,5,0,14,0,19,23,1.8,2.33
6494,6495,424051,85,4,3,25,,6103,8,0,0,0.4,8,7,56,1,2,3,3,2,0,1,0.0,0.0,0.16,1,0,0,0,0,5,7,0.4,1.62
6495,6496,424204,86,2,1,41,,6104,3,3,5,2.3,135,121,1556,37,70,31,51,35,1,58,0.12,0.2,0.09,38,8,0,30,0,90,73,2.3,0.48
6496,6497,424204,86,3,1,7,,6105,4,1,2,0.2,123,80,1322,21,39,28,33,21,1,40,0.05,0.1,0.01,28,3,1,12,0,63,63,0.2,0.2
6497,6498,424204,86,4,1,18,,6106,5,0,3,1.3,98,113,1106,34,34,23,26,27,0,31,0.0,0.16,0.07,13,3,1,11,4,73,70,1.3,0.93
6498,6499,424204,86,5,1,31,,6107,6,1,4,1.7,133,117,1361,44,45,24,24,28,0,39,0.04,0.18,0.07,18,5,4,6,2,66,88,1.7,0.84
6499,6500,424204,86,6,1,31,,6108,7,2,5,1.0,117,121,1440,37,47,26,49,30,0,53,0.09,0.22,0.04,30,7,1,14,4,93,76,1.0,0.57
6500,6501,424204,86,7,1,55,,6109,9,1,2,0.9,76,53,819,21,20,8,15,12,0,16,0.08,0.17,0.08,11,3,1,7,3,33,46,0.9,0.99
6501,6502,424709,101,1,5,58,,6110,5,1,1,2.7,19,32,262,15,18,12,13,14,0,16,0.06,0.06,0.17,3,2,0,21,1,17,32,2.7,2.16
6502,6503,424709,101,2,4,2,,6111,6,0,0,0.1,3,4,32,1,1,2,1,0,0,1,0.0,0.0,0.11,0,0,0,4,2,3,2,0.1,2.35
6503,6504,424784,24,1,3,19,2,6112,16,21,6,23.1,97,73,744,47,18,8,24,12,0,10,0.67,0.19,0.74,4,27,0,22,12,50,121,20.0,3.44
6504,6505,424784,24,1,3,19,3,6112,16,21,6,23.1,97,73,744,47,18,8,24,12,0,10,0.67,0.19,0.74,4,27,0,22,12,50,121,20.0,3.44
6505,6506,424784,24,2,3,2,267,6113,17,16,8,12.7,43,30,505,26,4,1,11,6,0,12,0.72,0.36,0.57,2,24,0,11,1,31,68,12.0,3.51
6506,6507,424784,24,2,3,2,268,6113,17,16,8,12.7,43,30,505,26,4,1,11,6,0,12,0.72,0.36,0.57,2,24,0,11,1,31,68,12.0,3.51
6507,6508,424784,79,3,3,22,587,6114,18,21,3,16.2,46,30,418,27,11,5,13,7,0,12,0.75,0.11,0.58,3,24,0,26,5,15,64,13.9,3.62
6508,6509,424784,79,4,3,16,,6115,19,11,2,10.0,40,16,363,15,8,1,14,8,0,10,0.54,0.1,0.49,2,13,0,19,7,11,38,7.7,2.5
6509,6510,425400,66,1,4,27,,6116,6,0,1,0.4,12,13,104,4,8,5,1,2,0,12,0.0,0.27,0.1,3,1,0,1,3,15,11,0.4,2.2
6510,6511,425400,66,2,4,30,,6117,7,3,0,1.4,4,10,65,1,7,2,4,5,0,14,0.88,0.0,0.41,4,3,0,2,1,6,10,1.4,1.76
6511,6512,425400,66,3,5,82,,6118,8,1,0,1.2,13,16,106,2,9,6,2,12,0,13,0.22,0.0,0.26,2,1,0,2,0,12,10,1.2,2.83
6512,6513,425400,66,5,6,13,,6119,10,0,0,1.1,24,42,196,4,21,8,7,16,0,22,0.0,0.0,0.12,11,0,0,2,0,26,12,1.1,1.23
6513,6514,425400,66,7,3,17,,6120,12,1,2,1.6,15,37,185,13,18,7,8,9,0,21,0.1,0.19,0.15,7,3,1,4,0,21,35,1.6,2.28
6514,6515,425902,131,5,2,14,,6121,9,0,2,2.3,43,11,455,7,38,10,44,26,0,22,0.0,0.1,0.11,14,2,0,29,0,4,24,2.3,1.27
6515,6516,425902,131,6,2,39,,6122,10,1,1,2.6,73,18,658,7,66,21,44,42,0,34,0.05,0.05,0.12,19,2,1,41,2,15,30,2.6,1.45
6516,6517,425902,131,7,2,5,,6123,12,1,0,1.7,33,12,425,12,28,18,36,18,0,19,0.07,0.0,0.13,10,1,1,30,0,14,26,1.7,1.7
6517,6518,425918,11,4,2,29,1174,6124,6,0,0,0.4,48,5,539,8,50,40,53,38,0,57,0.0,0.0,0.02,26,0,0,29,0,3,15,0.4,0.37
6518,6519,425918,41,5,1,40,1259,6125,7,1,0,0.1,6,0,177,1,7,6,10,5,0,8,0.21,0.0,0.02,5,1,0,8,1,3,1,0.1,0.21
6519,6520,425918,41,6,1,11,,6126,8,1,3,0.8,55,4,523,6,20,8,28,11,0,19,0.1,0.29,0.08,14,4,1,15,1,8,13,0.8,0.57
6520,6521,427161,14,2,3,25,,6127,8,3,3,4.6,16,23,192,10,4,3,1,5,0,6,0.26,0.26,0.39,1,6,0,29,1,10,26,4.6,2.32
6521,6522,427161,14,5,5,3,,6128,11,3,0,1.1,7,7,75,1,1,0,4,6,0,1,0.62,0.0,0.22,0,3,0,10,0,4,6,1.1,1.86
6522,6523,427161,14,6,3,74,,6129,12,3,0,4.6,9,8,86,5,5,0,11,6,0,4,0.44,0.0,0.67,3,3,0,22,0,6,12,4.6,2.33
6523,6524,427572,35,7,4,23,2719,6130,8,5,2,3.6,37,40,316,22,10,9,3,8,0,23,0.35,0.14,0.25,8,7,0,8,2,34,50,2.8,2.12
6524,6525,428563,58,5,4,3,1682,6131,7,7,0,4.7,88,31,1039,16,44,19,25,22,0,40,0.27,0.0,0.18,20,7,0,27,4,37,62,4.7,1.67
6525,6526,428563,58,6,2,21,,6132,8,6,3,5.4,142,57,1571,32,37,17,27,25,0,37,0.2,0.1,0.18,16,9,1,34,7,45,83,5.4,1.99
6526,6527,428563,58,7,2,75,,6133,10,0,0,0.0,4,4,46,2,3,0,1,1,0,4,0.0,0.0,0.02,2,0,0,0,0,5,2,0.0,0.91
6527,6528,428954,3,3,4,59,,6134,6,0,0,0.1,8,8,57,6,0,4,1,6,0,7,0.0,0.0,0.04,0,0,0,0,0,2,9,0.1,0.91
6528,6529,428954,3,4,4,28,,6135,7,0,0,1.1,16,33,148,12,11,7,1,4,0,10,0.0,0.0,0.18,5,0,0,2,3,16,31,1.1,2.23
6529,6530,428954,3,5,5,17,,6136,8,2,0,2.2,33,40,240,11,25,22,9,13,0,29,0.17,0.0,0.19,11,2,0,5,0,25,35,2.2,1.69
6530,6531,429014,72,1,4,13,,6137,3,0,1,1.1,28,13,272,11,6,1,0,6,0,4,0.0,0.14,0.15,1,1,0,12,4,8,18,1.1,1.09
6531,6532,429014,72,3,4,148,797,6138,5,1,0,0.8,28,15,193,8,9,3,1,6,0,12,0.22,0.0,0.17,5,1,0,2,0,15,16,0.8,2.17
6532,6533,429014,72,3,4,148,798,6138,5,1,0,0.8,28,15,193,8,9,3,1,6,0,12,0.22,0.0,0.17,5,1,0,2,0,15,16,0.8,2.17
6533,6534,429014,72,5,5,39,1378,6139,7,0,0,0.7,12,4,75,1,3,1,3,2,0,4,0.0,0.0,0.36,2,0,0,2,0,3,4,0.7,1.5
6534,6535,429014,131,6,4,43,,6140,8,5,10,6.9,170,80,1045,74,36,17,21,31,0,33,0.14,0.29,0.2,14,15,0,60,17,62,149,6.1,2.0
6535,6536,429014,131,7,2,7,,6141,9,2,2,1.6,54,29,369,23,23,8,11,4,1,11,0.18,0.18,0.14,7,4,0,14,8,19,46,1.6,2.06
6536,6537,429874,63,3,4,58,,6142,3,1,1,0.1,2,9,18,4,0,0,0,3,0,1,1.27,1.27,0.1,0,2,0,1,0,3,8,0.1,2.54
6537,6538,429874,7,5,1,9,1328,6143,5,1,1,0.9,40,47,455,8,36,15,26,19,0,34,0.07,0.07,0.06,15,2,0,9,1,26,24,0.9,1.05
6538,6539,429874,7,6,8,20,2215,6144,6,7,2,5.7,57,77,475,18,43,20,15,40,1,31,0.3,0.09,0.24,17,9,0,23,3,34,61,5.7,1.58
6539,6540,429874,7,7,8,41,,6145,7,1,4,1.1,27,24,177,12,24,7,11,12,0,7,0.13,0.52,0.14,5,5,0,11,1,14,27,1.1,1.7
6540,6541,429901,80,5,8,9,,6146,9,0,0,0.2,10,1,160,0,16,12,17,2,0,20,0.0,0.0,0.03,13,0,1,6,1,2,2,0.2,0.6
6541,6542,429983,15,5,3,23,1204,6147,7,4,4,5.6,14,17,232,12,15,3,24,14,0,30,0.21,0.21,0.3,7,8,0,42,0,6,29,5.6,2.16
6542,6543,429983,15,6,3,39,,6148,8,13,3,14.5,25,33,423,24,21,5,17,15,0,38,0.41,0.09,0.46,8,16,0,73,3,24,61,14.5,2.58
6543,6544,429983,72,7,3,11,2447,6149,9,6,2,4.1,12,6,134,10,4,4,16,14,0,18,0.39,0.13,0.27,1,8,0,41,0,5,21,4.1,1.67
6544,6545,429983,72,7,3,11,2448,6149,9,6,2,4.1,12,6,134,10,4,4,16,14,0,18,0.39,0.13,0.27,1,8,0,41,0,5,21,4.1,1.67
6545,6546,430280,73,5,2,59,1678,6150,7,1,0,0.4,19,4,184,2,15,7,7,9,0,15,0.15,0.0,0.07,9,1,1,9,0,3,9,0.4,0.77
6546,6547,430280,73,5,2,59,1679,6150,7,1,0,0.4,19,4,184,2,15,7,7,9,0,15,0.15,0.0,0.07,9,1,1,9,0,3,9,0.4,0.77
6547,6548,430280,73,5,2,59,1680,6150,7,1,0,0.4,19,4,184,2,15,7,7,9,0,15,0.15,0.0,0.07,9,1,1,9,0,3,9,0.4,0.77
6548,6549,430280,28,7,2,23,2667,6151,9,3,2,1.0,47,11,382,11,21,8,16,10,1,25,0.25,0.17,0.09,15,5,2,10,1,9,28,1.0,1.85
6549,6550,430280,28,7,2,23,2668,6151,9,3,2,1.0,47,11,382,11,21,8,16,10,1,25,0.25,0.17,0.09,15,5,2,10,1,9,28,1.0,1.85
6550,6551,431755,110,2,5,13,519,6152,4,10,8,6.7,128,164,865,77,41,23,17,25,0,64,0.31,0.25,0.2,19,18,0,10,7,98,147,5.9,1.87
6551,6552,431755,110,2,5,13,520,6152,4,10,8,6.7,128,164,865,77,41,23,17,25,0,64,0.31,0.25,0.2,19,18,0,10,7,98,147,5.9,1.87
6552,6553,431755,110,2,5,13,521,6152,4,10,8,6.7,128,164,865,77,41,23,17,25,0,64,0.31,0.25,0.2,19,18,0,10,7,98,147,5.9,1.87
6553,6554,431755,110,2,5,13,522,6152,4,10,8,6.7,128,164,865,77,41,23,17,25,0,64,0.31,0.25,0.2,19,18,0,10,7,98,147,5.9,1.87
6554,6555,431755,68,3,4,22,,6153,5,4,3,3.0,70,104,588,52,33,9,2,22,0,43,0.19,0.14,0.14,14,7,1,11,3,52,97,3.0,1.59
6555,6556,431755,88,4,4,7,1102,6154,6,5,8,2.7,35,51,404,25,19,13,3,14,0,23,0.36,0.57,0.2,5,13,0,3,7,27,51,2.7,1.86
6556,6557,431755,88,5,4,22,1360,6155,7,2,7,2.5,67,87,582,47,38,13,7,19,0,44,0.09,0.3,0.11,16,9,0,3,5,46,97,2.5,1.87
6557,6558,431755,88,6,5,54,1730,6156,8,8,3,4.7,144,151,953,66,62,18,2,24,0,67,0.26,0.1,0.15,25,11,1,7,12,61,127,4.7,1.86
6558,6559,431755,88,7,4,54,,6157,9,5,3,2.5,71,78,362,37,19,8,8,17,0,22,0.34,0.2,0.17,7,8,0,4,6,42,80,2.5,1.91
6559,6560,431811,5,5,4,3,1187,6158,8,1,2,0.6,14,5,112,11,2,2,8,2,0,7,0.18,0.36,0.11,2,3,0,4,1,11,16,0.6,1.61
6560,6561,431811,40,7,4,28,2732,6159,11,0,0,0.8,15,13,92,7,5,2,8,0,0,4,0.0,0.0,0.12,2,0,0,7,1,6,9,0.8,0.46
6561,6562,432090,68,5,2,14,,6160,6,3,3,1.5,56,27,505,15,29,8,7,16,0,27,0.18,0.18,0.09,8,6,1,1,5,19,39,1.5,0.77
6562,6563,432090,68,6,2,11,,6161,7,0,2,0.4,23,8,193,11,5,4,1,3,0,7,0.0,0.41,0.08,3,2,0,1,1,6,16,0.4,1.24
6563,6564,432090,68,7,2,16,2669,6162,8,0,0,0.6,40,19,358,4,13,2,5,4,0,8,0.0,0.0,0.09,6,0,0,2,2,22,10,0.6,1.94
6564,6565,432090,68,7,2,16,2670,6162,8,0,0,0.6,40,19,358,4,13,2,5,4,0,8,0.0,0.0,0.09,6,0,0,2,2,22,10,0.6,1.94
6565,6566,432281,39,4,1,71,,6163,4,0,1,0.1,19,7,265,2,10,20,33,16,0,18,0.0,0.12,0.01,8,1,2,12,0,1,7,0.1,0.48
6566,6567,432281,39,5,7,9,,6164,5,1,0,0.1,21,2,225,4,17,11,45,14,0,18,0.1,0.0,0.01,9,1,1,17,1,1,10,0.1,0.19
6567,6568,432772,14,1,4,9,102,6165,6,0,0,0.0,6,9,59,1,9,1,0,2,1,7,0.0,0.0,0.01,3,0,0,2,0,3,10,0.0,0.38
6568,6569,432772,14,1,4,9,103,6165,6,0,0,0.0,6,9,59,1,9,1,0,2,1,7,0.0,0.0,0.01,3,0,0,2,0,3,10,0.0,0.38
6569,6570,432772,14,1,4,9,104,6165,6,0,0,0.0,6,9,59,1,9,1,0,2,1,7,0.0,0.0,0.01,3,0,0,2,0,3,10,0.0,0.38
6570,6571,432772,61,2,5,23,384,6166,7,3,1,2.4,54,63,363,20,34,14,5,9,0,30,0.18,0.06,0.15,11,4,0,5,3,41,46,2.4,1.69
6571,6572,432772,61,2,5,23,385,6166,7,3,1,2.4,54,63,363,20,34,14,5,9,0,30,0.18,0.06,0.15,11,4,0,5,3,41,46,2.4,1.69
6572,6573,432772,132,6,4,3,,6167,11,1,1,2.6,35,22,209,14,16,3,3,4,2,18,0.15,0.15,0.39,8,2,1,1,2,23,31,1.9,2.08
6573,6574,432982,58,2,5,20,455,6168,4,1,0,2.1,20,41,269,8,11,8,5,10,0,12,0.12,0.0,0.24,4,1,0,7,0,21,21,2.1,2.37
6574,6575,432982,58,3,9,143,,6169,5,2,3,4.1,29,61,407,20,19,3,25,15,0,21,0.15,0.23,0.31,11,5,0,9,0,26,40,4.1,2.29
6575,6576,432982,58,4,9,38,1099,6170,6,0,2,0.9,19,29,304,8,12,3,11,9,0,11,0.0,0.24,0.11,5,2,0,4,1,24,23,0.9,0.84
6576,6577,433177,41,2,6,25,,6171,2,1,5,1.0,67,67,646,21,36,12,19,12,0,37,0.05,0.26,0.05,19,6,0,7,5,41,48,1.0,0.67
6577,6578,433177,41,3,5,42,,6172,3,5,3,6.9,101,85,858,38,25,25,24,21,0,40,0.18,0.11,0.24,11,8,0,13,2,53,108,6.9,2.15
6578,6579,433177,41,4,5,55,,6173,4,11,7,10.3,101,140,893,68,40,22,23,28,0,39,0.33,0.21,0.31,13,18,0,23,4,78,158,8.7,2.87
6579,6580,433177,41,5,3,66,,6174,5,14,11,11.2,109,179,1054,75,63,14,19,38,0,44,0.4,0.31,0.32,20,25,0,16,2,92,161,9.1,2.43
6580,6581,433177,41,6,3,53,,6175,6,16,9,15.5,126,155,1143,91,66,15,24,43,0,59,0.49,0.28,0.48,26,25,1,23,4,68,188,10.8,3.14
6581,6582,433177,41,7,5,97,,6176,8,5,10,4.2,53,72,406,42,22,2,7,16,0,19,0.35,0.71,0.3,9,15,0,8,4,19,89,3.4,3.19
6582,6583,433183,72,6,2,9,1844,6177,6,0,0,0.4,81,21,801,8,26,12,18,22,0,23,0.0,0.0,0.03,14,0,0,0,2,17,26,0.4,1.03
6583,6584,433183,72,6,2,9,1845,6177,6,0,0,0.4,81,21,801,8,26,12,18,22,0,23,0.0,0.0,0.03,14,0,0,0,2,17,26,0.4,1.03
6584,6585,433183,72,7,2,41,2548,6178,8,0,1,0.5,29,4,225,6,7,3,6,5,0,9,0.0,0.27,0.13,3,1,0,1,0,1,14,0.5,1.86
6585,6586,433188,21,2,2,17,,6179,3,1,0,0.4,9,4,107,0,4,2,1,2,0,4,0.71,0.0,0.32,3,1,0,2,0,5,3,0.4,4.29
6586,6587,433188,21,3,2,40,,6180,4,1,2,1.7,89,42,900,12,16,19,11,13,0,25,0.08,0.15,0.13,12,3,1,14,1,43,40,1.7,1.45
6587,6588,433188,21,4,2,43,,6181,5,1,1,0.9,58,25,538,11,11,6,4,4,0,10,0.11,0.11,0.1,1,2,0,7,1,18,28,0.9,2.12
6588,6589,433188,21,5,2,49,,6182,6,3,1,1.2,69,31,611,14,34,3,9,12,0,31,0.26,0.09,0.1,18,4,0,3,5,15,38,1.2,1.3
6589,6590,433188,21,6,2,45,,6183,7,1,1,2.6,74,31,707,11,27,7,8,22,1,23,0.08,0.08,0.2,10,2,0,7,4,25,36,2.6,1.47
6590,6591,433188,21,7,2,22,,6184,8,2,1,1.9,40,9,386,6,14,2,5,8,0,10,0.27,0.14,0.26,5,3,0,5,0,6,12,1.9,2.05
6591,6592,433584,89,5,3,3,,6185,8,0,0,0.3,6,5,56,0,10,2,2,2,0,8,0.0,0.0,0.12,4,0,0,0,0,0,2,0.3,2.27
6592,6593,433584,135,6,6,14,2106,6186,9,0,1,0.4,20,17,218,12,18,3,5,16,1,13,0.0,0.13,0.05,4,1,0,2,1,19,29,0.4,0.79
6593,6594,433584,135,6,6,14,2107,6186,9,0,1,0.4,20,17,218,12,18,3,5,16,1,13,0.0,0.13,0.05,4,1,0,2,1,19,29,0.4,0.79
6594,6595,433984,58,6,1,52,2232,6187,9,1,1,1.9,76,14,1842,7,27,15,99,35,1,25,0.04,0.04,0.07,16,2,2,46,1,10,21,1.9,0.42
6595,6596,434358,102,1,1,17,,6188,5,1,0,0.5,79,43,832,21,81,46,57,15,0,63,0.05,0.0,0.02,36,1,0,18,2,36,56,0.5,0.62
6596,6597,434358,102,2,1,9,,6189,6,0,0,0.9,78,32,648,11,45,23,39,13,0,48,0.0,0.0,0.06,25,0,3,10,0,22,33,0.9,0.58
6597,6598,434433,115,6,3,73,2176,6190,8,7,1,11.6,52,32,354,41,17,4,22,12,1,10,0.27,0.04,0.44,6,8,0,63,5,21,78,9.2,3.38
6598,6599,434433,115,7,3,6,,6191,9,4,1,6.4,25,17,200,11,13,5,10,8,0,11,0.26,0.06,0.41,5,5,0,43,3,11,44,4.8,3.96
6599,6600,434675,21,5,5,42,1205,6192,8,7,2,6.2,50,36,293,23,26,4,2,13,0,38,0.43,0.12,0.38,13,9,0,26,3,32,49,6.2,2.41
6600,6601,434675,21,6,5,54,,6193,9,8,5,9.0,83,43,436,25,27,14,7,21,0,25,0.44,0.27,0.49,8,13,0,32,1,31,73,9.0,3.6
6601,6602,434675,21,7,3,8,,6194,10,3,1,3.0,23,21,207,15,15,6,9,9,0,13,0.36,0.12,0.35,8,4,1,7,1,13,31,3.0,2.97
6602,6603,434676,42,1,2,3,,6195,5,0,0,0.5,33,4,338,4,19,8,24,10,0,9,0.0,0.0,0.08,5,0,1,14,0,7,12,0.5,1.05
6603,6604,434676,42,2,2,9,,6196,6,0,1,1.5,126,29,770,24,33,21,31,14,1,28,0.0,0.05,0.08,6,1,0,38,1,22,56,1.5,1.53
6604,6605,435228,40,4,1,28,1139,6197,9,0,0,0.3,51,18,616,3,13,24,80,21,0,14,0.0,0.0,0.02,5,0,0,38,1,7,11,0.3,0.35
6605,6606,435228,40,5,1,40,,6198,10,0,0,0.7,42,10,871,5,40,27,120,47,0,24,0.0,0.0,0.03,18,0,0,57,1,2,11,0.7,0.39
6606,6607,435338,31,1,1,27,,6199,5,1,0,0.8,40,5,554,3,18,19,60,14,0,7,0.08,0.0,0.06,4,1,2,41,1,2,14,0.8,0.84
6607,6608,435338,31,2,1,17,,6200,6,1,0,1.3,107,25,1236,3,41,22,86,27,0,22,0.04,0.0,0.06,15,1,2,81,2,12,18,1.3,0.73
6608,6609,435338,41,3,1,42,615,6201,7,2,0,1.3,80,18,1332,2,25,26,74,27,1,19,0.09,0.0,0.06,13,2,2,57,1,6,13,1.3,0.72
6609,6610,435338,41,4,1,26,,6202,8,5,0,3.2,110,12,1828,9,50,13,112,34,1,41,0.15,0.0,0.09,30,5,4,55,3,14,22,3.2,0.85
6610,6611,435338,41,5,1,43,,6203,9,3,0,5.1,153,18,2155,5,48,32,125,49,0,27,0.08,0.0,0.13,18,3,3,100,1,43,24,5.1,0.84
6611,6612,435338,41,6,1,8,,6204,10,4,0,4.3,117,13,1914,3,48,31,100,44,0,22,0.12,0.0,0.13,17,4,1,77,2,37,23,4.3,0.92
6612,6613,435338,41,7,1,66,,6205,12,3,1,2.1,59,5,788,6,11,8,44,28,0,9,0.21,0.07,0.15,5,4,2,30,0,8,17,2.1,1.14
6613,6614,435485,31,1,5,21,,6206,7,3,2,2.1,43,30,232,12,23,3,4,6,1,24,0.35,0.23,0.24,9,5,0,1,2,25,30,2.1,2.77
6614,6615,435485,31,2,5,25,,6207,8,2,1,1.0,29,30,222,12,20,4,6,14,0,31,0.22,0.11,0.11,5,3,0,4,2,22,32,1.0,2.61
6615,6616,435485,31,3,2,67,,6208,9,4,2,3.7,65,50,455,22,38,11,3,23,0,28,0.24,0.12,0.22,8,6,0,10,1,47,54,3.7,2.95
6616,6617,435648,58,5,3,20,1220,6209,6,2,2,3.1,17,10,198,16,4,4,4,4,0,7,0.22,0.22,0.34,2,4,0,12,2,16,36,3.1,3.18
6617,6618,435648,58,6,3,21,,6210,7,11,4,9.0,86,53,710,43,32,3,36,25,0,24,0.36,0.13,0.29,13,15,0,29,7,46,97,7.4,2.74
6618,6619,435648,60,7,5,7,2358,6211,8,3,1,3.0,20,5,145,8,4,2,2,7,0,3,0.41,0.14,0.41,3,4,0,14,1,4,19,3.0,2.18
6619,6620,435772,51,5,4,102,1221,6212,6,0,1,2.0,59,45,299,20,26,4,9,14,0,30,0.0,0.08,0.16,13,1,0,19,2,26,47,2.0,1.53
6620,6621,435772,91,6,5,102,1773,6213,7,10,8,7.1,126,88,565,49,33,7,6,30,0,20,0.44,0.36,0.31,10,18,0,38,6,51,93,6.3,1.95
6621,6622,435772,91,6,5,102,1774,6213,7,10,8,7.1,126,88,565,49,33,7,6,30,0,20,0.44,0.36,0.31,10,18,0,38,6,51,93,6.3,1.95
6622,6623,435772,91,7,4,43,2359,6214,8,5,5,2.8,75,55,411,27,5,1,6,4,0,6,0.41,0.41,0.23,1,10,0,19,10,41,48,2.8,2.06
6623,6624,435796,74,5,6,3,1675,6215,6,0,0,0.3,23,6,223,5,9,5,18,6,0,11,0.0,0.0,0.06,6,0,0,2,0,5,7,0.3,0.54
6624,6625,436585,62,5,5,61,,6216,8,0,1,0.2,4,4,40,1,3,0,2,2,0,3,0.0,0.37,0.06,2,1,0,1,0,2,5,0.2,1.48
6625,6626,438001,129,5,1,3,,6217,8,0,1,1.3,148,30,1576,9,63,31,105,34,1,36,0.0,0.03,0.04,24,1,2,74,1,13,24,1.3,0.39
6626,6627,438001,72,7,1,20,,6218,11,0,0,0.3,15,1,351,0,13,4,25,16,0,11,0.0,0.0,0.03,8,0,0,20,0,1,6,0.3,0.23
6627,6628,438315,137,6,2,13,2296,6219,8,0,0,0.1,13,3,129,1,14,4,5,5,0,9,0.0,0.0,0.03,4,0,0,3,0,4,5,0.1,0.77
6628,6629,439914,74,1,4,30,,6220,3,0,0,0.0,4,2,18,2,0,1,0,1,0,3,0.0,0.0,0.06,0,0,0,0,0,1,4,0.0,1.64
6629,6630,439914,28,7,4,17,2694,6221,9,0,1,0.2,7,15,63,2,3,2,0,2,0,6,0.0,0.35,0.07,0,1,0,2,0,8,5,0.2,1.41
6630,6631,441170,99,1,7,23,,6222,6,0,4,0.6,53,41,717,11,44,32,45,25,0,31,0.0,0.25,0.04,16,4,1,18,0,28,32,0.6,0.86
6631,6632,441170,105,7,1,14,2604,6223,13,0,1,0.2,22,17,380,5,36,18,61,15,0,35,0.0,0.08,0.02,22,1,1,13,0,11,12,0.2,0.41
6632,6633,441385,42,2,4,9,,6224,5,0,1,1.0,14,12,72,10,3,3,0,1,0,7,0.0,0.5,0.49,3,1,0,1,0,11,19,0.2,1.99
6633,6634,441515,67,6,2,33,1983,6225,9,1,0,0.5,109,27,956,14,48,14,33,23,1,46,0.04,0.0,0.02,27,1,2,24,1,33,52,0.5,0.58
6634,6635,442248,52,4,1,9,,6226,13,1,1,1.2,77,11,1218,11,51,44,154,30,0,38,0.03,0.03,0.04,25,2,1,142,0,7,31,1.2,0.53
6635,6636,442248,52,5,1,5,,6227,14,3,0,3.0,52,2,914,8,52,35,215,41,0,24,0.1,0.0,0.1,18,3,2,105,0,2,25,3.0,0.5
6636,6637,442248,52,6,1,24,,6228,15,2,0,2.0,61,11,1192,4,35,43,170,40,0,20,0.07,0.0,0.07,9,2,3,113,0,5,24,2.0,0.68
6637,6638,442248,52,7,1,5,,6229,16,2,0,0.9,33,2,712,8,29,18,105,25,0,17,0.12,0.0,0.05,12,2,3,46,0,3,19,0.9,0.56
6638,6639,442552,3,4,1,74,,6230,8,0,1,1.0,78,56,1174,13,58,41,128,41,1,57,0.0,0.03,0.03,40,1,4,27,0,42,40,1.0,0.59
6639,6640,442703,115,6,2,30,2245,6231,12,1,0,1.0,121,36,991,16,68,44,44,54,0,96,0.03,0.0,0.03,37,1,0,29,3,31,55,1.0,0.94
6640,6641,442703,115,7,2,14,,6232,13,0,1,0.3,41,7,476,11,32,12,21,22,0,27,0.0,0.07,0.02,19,1,3,5,2,8,23,0.3,0.59
6641,6642,442805,47,2,2,44,,6233,8,0,0,1.0,127,16,1029,6,59,39,42,31,0,70,0.0,0.0,0.03,20,0,0,62,2,23,28,1.0,0.47
6642,6643,442805,47,4,2,17,,6234,10,1,0,1.4,73,14,617,10,57,24,34,19,0,43,0.05,0.0,0.06,25,1,1,41,0,24,26,1.4,1.07
6643,6644,442805,47,5,8,33,,6235,11,0,0,0.6,47,3,476,5,31,11,39,18,0,32,0.0,0.0,0.03,15,0,0,37,1,5,13,0.6,0.63
6644,6645,442805,133,6,2,23,2033,6236,12,0,0,0.7,60,1,543,6,46,11,27,20,0,39,0.0,0.0,0.05,17,0,2,30,2,3,18,0.7,0.5
6645,6646,442805,133,6,2,23,2034,6236,12,0,0,0.7,60,1,543,6,46,11,27,20,0,39,0.0,0.0,0.05,17,0,2,30,2,3,18,0.7,0.5
6646,6647,442816,47,2,1,2,,6237,13,0,1,0.6,68,37,617,13,64,29,41,31,0,74,0.0,0.05,0.03,33,1,0,11,0,32,28,0.6,0.71
6647,6648,443331,33,4,2,34,864,6238,6,0,1,0.3,11,2,148,4,9,11,8,7,0,7,0.0,0.15,0.05,3,1,0,14,0,6,10,0.3,0.6
6648,6649,443331,33,6,2,3,,6239,8,2,1,1.4,64,26,658,13,38,27,32,36,0,36,0.1,0.05,0.07,17,3,1,26,5,16,49,1.4,1.06
6649,6650,443710,8,4,2,28,919,6240,5,2,1,1.1,115,20,798,15,30,9,16,32,0,23,0.11,0.05,0.06,9,3,2,26,1,15,32,1.1,0.8
6650,6651,443710,8,5,2,6,,6241,6,1,1,0.3,34,4,279,3,26,10,14,12,0,12,0.13,0.13,0.04,8,2,0,16,2,7,16,0.3,0.89
6651,6652,443710,32,7,2,10,,6242,8,0,2,0.6,127,23,1037,30,23,9,25,9,0,14,0.0,0.14,0.04,8,2,1,7,7,11,57,0.6,0.49
6652,6653,444523,51,1,2,16,145,6243,5,1,1,1.3,48,21,282,9,18,4,11,12,1,24,0.11,0.11,0.14,7,2,2,16,1,15,26,1.3,1.39
6653,6654,444523,51,2,4,22,,6244,6,0,1,2.1,76,28,438,18,33,8,9,17,0,37,0.0,0.08,0.17,14,1,0,21,4,25,48,2.1,2.69
6654,6655,444523,34,3,2,49,586,6245,7,9,5,7.0,190,40,1007,44,70,20,16,28,1,66,0.36,0.2,0.28,23,14,1,38,6,41,90,7.0,2.18
6655,6656,444523,34,4,4,26,,6246,8,9,6,9.8,168,59,1241,41,68,9,22,43,0,51,0.3,0.2,0.33,17,15,0,44,16,55,120,9.0,2.87
6656,6657,444523,64,5,2,22,1429,6247,9,4,3,4.4,147,25,907,32,71,16,31,41,0,68,0.17,0.13,0.18,27,7,0,36,13,34,79,3.6,2.18
6657,6658,444523,64,6,5,65,,6248,10,4,6,5.4,187,34,1082,43,71,21,28,28,0,52,0.14,0.21,0.18,25,10,2,59,30,40,95,3.8,1.37
6658,6659,444523,64,7,2,66,,6249,12,3,0,3.5,65,9,524,20,30,9,22,20,0,25,0.23,0.0,0.26,10,3,3,18,5,15,46,1.9,1.58
6659,6660,445126,138,5,1,40,,6250,8,2,3,2.2,90,111,753,53,54,22,44,17,0,69,0.06,0.1,0.07,29,5,1,13,4,58,94,2.2,1.29
6660,6661,445126,122,6,1,33,1775,6251,9,0,1,0.9,41,38,341,23,19,9,22,14,0,21,0.0,0.08,0.07,10,1,0,9,1,26,37,0.9,1.45
6661,6662,445126,110,7,1,147,2671,6252,11,1,2,0.3,38,25,322,12,19,13,33,13,0,20,0.08,0.17,0.02,14,3,1,7,0,17,29,0.3,0.83
6662,6663,445939,74,5,3,6,,6253,8,5,1,6.1,51,36,299,11,16,7,4,21,0,16,0.3,0.06,0.37,4,6,0,43,1,31,43,6.1,2.93
6663,6664,445939,7,6,5,6,2216,6254,9,12,6,11.6,60,88,407,40,21,11,7,13,0,16,0.47,0.23,0.46,6,18,0,27,7,52,75,10.1,3.01
6664,6665,445939,7,7,5,42,2498,6255,10,13,7,7.5,38,63,250,30,11,2,2,7,0,7,0.92,0.49,0.53,3,20,0,6,5,48,81,6.0,4.38
6665,6666,447052,98,1,1,46,,6256,4,2,0,0.4,24,2,239,1,11,10,18,11,1,9,0.39,0.0,0.08,5,2,0,14,0,4,4,0.4,0.78
6666,6667,447661,48,2,2,28,487,6257,6,3,2,2.6,143,35,1010,17,46,36,54,42,0,65,0.1,0.07,0.09,19,5,1,30,4,23,54,2.6,1.31
6667,6668,447661,48,3,2,10,,6258,7,0,2,1.2,131,47,1217,19,49,43,44,52,1,58,0.0,0.06,0.04,20,2,2,42,0,42,52,1.2,0.84
6668,6669,447661,48,4,2,22,,6259,8,2,3,2.0,105,28,1290,37,59,34,28,30,0,72,0.07,0.1,0.07,21,5,1,26,7,16,89,2.0,0.76
6669,6670,447661,48,5,2,93,,6260,9,6,6,2.8,148,48,1494,45,72,40,27,36,1,63,0.18,0.18,0.09,29,12,2,25,6,39,96,2.8,1.05
6670,6671,447661,48,6,2,7,,6261,10,9,5,6.9,168,60,1800,53,58,23,18,32,0,53,0.27,0.15,0.21,25,14,2,25,11,48,117,3.8,1.32
6671,6672,447661,68,7,2,31,2387,6262,11,0,0,0.5,19,12,216,8,7,2,0,3,0,6,0.0,0.0,0.15,4,0,0,2,0,6,12,0.5,1.52
6672,6673,448028,134,6,4,17,,6263,8,3,0,2.9,51,29,331,17,17,4,17,12,0,16,0.27,0.0,0.25,7,3,0,14,2,21,41,2.9,2.58
6673,6674,448177,39,3,3,44,,6264,5,2,0,0.4,1,3,37,2,5,0,1,6,0,3,0.61,0.0,0.12,1,2,0,4,0,1,3,0.4,1.82
6674,6675,448177,4,4,3,74,989,6265,6,2,1,1.8,2,4,25,1,3,0,1,3,0,2,0.53,0.26,0.47,1,3,0,7,0,3,3,1.8,2.38
6675,6676,448177,4,4,3,74,990,6265,6,2,1,1.8,2,4,25,1,3,0,1,3,0,2,0.53,0.26,0.47,1,3,0,7,0,3,3,1.8,2.38
6676,6677,448177,39,5,5,3,1625,6266,7,4,0,4.1,7,9,70,6,14,1,4,6,0,14,0.44,0.0,0.45,6,4,0,14,0,7,19,3.3,1.96
6677,6678,448177,39,5,5,3,1626,6266,7,4,0,4.1,7,9,70,6,14,1,4,6,0,14,0.44,0.0,0.45,6,4,0,14,0,7,19,3.3,1.96
6678,6679,448258,32,5,1,23,1676,6267,6,2,2,2.9,43,27,453,11,26,8,29,20,1,27,0.12,0.12,0.18,15,4,1,23,1,24,28,2.9,1.52
6679,6680,448258,32,6,1,9,,6268,7,2,2,1.3,33,19,516,7,28,2,16,11,0,30,0.15,0.15,0.1,15,4,1,8,0,15,21,1.3,1.29
6680,6681,448258,32,7,7,41,,6269,9,1,0,1.0,25,13,408,13,11,9,29,8,0,15,0.08,0.0,0.08,8,1,0,12,1,10,16,1.0,0.82
6681,6682,448344,53,1,4,27,,6270,5,0,5,0.4,126,46,746,34,17,13,9,17,0,26,0.0,0.23,0.02,10,5,0,8,13,62,70,0.4,0.41
6682,6683,448344,36,6,4,3,,6271,10,0,0,0.4,38,21,328,11,14,5,4,13,0,12,0.0,0.0,0.04,4,0,1,6,6,19,18,0.4,0.48
6683,6684,448628,120,3,1,74,,6272,10,1,2,0.3,100,94,1399,42,88,39,61,30,0,72,0.03,0.06,0.01,46,3,0,15,0,65,80,0.3,0.26
6684,6685,448628,15,4,1,33,865,6273,11,0,3,0.5,104,123,1697,23,108,45,52,48,0,99,0.0,0.08,0.01,42,3,0,25,1,83,62,0.4,0.52
6685,6686,448628,15,5,1,21,,6274,12,0,3,0.6,125,141,1577,52,104,41,63,54,0,98,0.0,0.09,0.02,48,3,1,33,2,104,93,0.6,0.37
6686,6687,448844,36,2,1,34,,6275,8,0,1,0.9,60,44,606,10,16,28,60,15,0,21,0.0,0.04,0.04,9,1,0,22,0,25,17,0.9,0.33
6687,6688,448844,36,3,1,30,,6276,9,0,0,0.5,34,17,421,6,12,27,58,16,0,11,0.0,0.0,0.03,6,0,0,15,0,10,18,0.5,0.4
6688,6689,448844,36,4,1,9,,6277,10,0,0,1.0,37,27,676,13,31,32,81,27,0,28,0.0,0.0,0.04,16,0,0,20,0,15,35,1.0,0.26
6689,6690,448854,85,4,5,39,832,6278,8,10,6,7.3,61,90,411,33,51,15,13,36,1,52,0.35,0.21,0.26,17,16,0,45,6,53,85,7.3,2.09
6690,6691,448854,131,5,5,24,1662,6279,9,2,2,1.9,17,24,124,7,17,2,6,13,0,18,0.25,0.25,0.23,8,4,0,13,0,15,25,1.9,2.62
6691,6692,449151,119,3,4,44,,6280,14,9,4,7.6,135,166,871,32,60,35,40,32,0,70,0.25,0.11,0.21,22,13,0,34,1,115,112,7.6,2.74
6692,6693,449151,51,4,5,33,1140,6281,15,5,2,3.5,45,63,364,21,34,17,17,11,0,34,0.32,0.13,0.22,15,7,0,28,1,47,53,3.5,2.77
6693,6694,449151,51,4,5,33,1141,6281,15,5,2,3.5,45,63,364,21,34,17,17,11,0,34,0.32,0.13,0.22,15,7,0,28,1,47,53,3.5,2.77
6694,6695,449151,51,5,9,6,1584,6282,16,5,2,2.3,54,45,430,13,24,7,28,20,0,19,0.3,0.12,0.14,5,7,0,25,4,42,46,2.3,1.92
6695,6696,449151,27,6,8,52,2108,6283,17,1,0,1.6,29,35,245,15,26,5,22,9,0,19,0.09,0.0,0.14,8,1,0,15,1,29,42,1.6,1.88
6696,6697,449151,27,6,8,52,2109,6283,17,1,0,1.6,29,35,245,15,26,5,22,9,0,19,0.09,0.0,0.14,8,1,0,15,1,29,42,1.6,1.88
6697,6698,449151,27,6,8,52,2110,6283,17,1,0,1.6,29,35,245,15,26,5,22,9,0,19,0.09,0.0,0.14,8,1,0,15,1,29,42,1.6,1.88
6698,6699,449151,27,7,4,28,,6284,18,1,0,1.9,10,11,53,4,4,4,7,1,0,2,0.29,0.0,0.56,1,1,0,5,0,12,14,1.0,2.61
6699,6700,449496,109,5,2,40,,6285,11,1,2,1.0,139,29,930,35,27,13,15,16,0,25,0.05,0.1,0.05,15,3,0,15,3,43,76,1.0,0.95
6700,6701,450050,14,2,2,13,233,6286,6,0,0,1.0,64,40,589,21,40,22,6,16,0,21,0.0,0.0,0.06,13,0,0,9,1,27,51,1.0,1.08
6701,6702,450050,14,3,4,142,,6287,7,1,1,2.1,68,64,618,19,56,19,16,20,0,23,0.04,0.04,0.09,14,2,0,23,0,40,45,2.1,0.99
6702,6703,450050,14,4,2,9,,6288,8,2,3,1.9,107,75,876,23,51,27,19,29,0,41,0.08,0.12,0.07,17,5,0,18,5,53,52,1.9,1.2
6703,6704,450050,14,5,4,20,,6289,9,2,6,2.5,153,104,952,57,47,26,22,26,0,25,0.07,0.22,0.09,11,8,0,20,6,97,102,2.5,1.41
6704,6705,450050,72,6,4,41,1867,6290,10,2,1,1.6,39,30,241,12,17,8,14,18,1,15,0.19,0.09,0.15,7,3,0,8,1,28,30,1.6,1.41
6705,6706,450050,72,7,4,16,,6291,11,1,2,0.6,13,19,158,10,10,6,7,9,0,6,0.12,0.25,0.07,4,3,0,3,1,13,23,0.6,1.11
6706,6707,450417,26,2,1,25,323,6292,9,0,0,0.1,11,0,248,0,7,6,42,11,0,7,0.0,0.0,0.01,4,0,0,13,0,0,2,0.1,0.22
6707,6708,450417,26,3,1,14,,6293,10,2,0,2.3,119,37,1498,7,57,44,112,31,0,44,0.05,0.0,0.06,24,2,0,44,1,26,35,0.7,0.37
6708,6709,450417,26,4,1,6,,6294,11,1,2,1.8,58,14,955,4,47,40,78,32,1,31,0.04,0.07,0.06,20,3,1,28,4,11,15,1.8,0.53
6709,6710,450417,73,5,1,14,1430,6295,12,0,0,0.7,70,10,855,5,34,20,58,32,1,30,0.0,0.0,0.03,20,0,1,34,1,6,14,0.7,0.43
6710,6711,450826,100,1,3,41,,6296,11,14,9,13.4,44,49,303,30,9,4,16,14,0,8,0.5,0.32,0.48,0,23,0,46,2,18,78,11.9,2.24
6711,6712,450826,100,2,3,43,,6297,12,8,1,9.9,52,45,334,28,12,4,16,16,0,17,0.25,0.03,0.31,2,9,0,65,3,26,60,9.9,1.7
6712,6713,450826,83,3,3,75,,6298,13,12,5,12.4,32,42,242,17,12,7,14,10,0,12,0.52,0.22,0.54,2,17,0,43,2,29,51,9.3,1.94
6713,6714,450826,83,4,3,26,,6299,14,8,0,6.2,9,14,107,10,9,3,10,7,0,4,0.52,0.0,0.4,1,8,0,29,1,9,25,4.6,2.14
6714,6715,450826,83,5,3,10,,6300,15,18,5,17.4,19,27,160,23,9,1,5,8,0,3,0.86,0.24,0.84,0,23,0,20,2,14,43,15.1,3.36
6715,6716,450826,83,6,3,37,,6301,16,9,1,8.8,9,11,105,8,5,2,4,6,0,4,0.82,0.09,0.8,0,10,0,9,2,8,22,7.2,3.0
6716,6717,451276,93,4,4,26,,6302,5,6,8,4.8,85,44,742,39,17,10,15,30,0,27,0.35,0.47,0.28,8,14,0,17,4,37,79,4.0,2.33
6717,6718,451276,93,5,4,49,,6303,6,6,8,5.5,151,75,1262,70,45,17,27,43,2,42,0.22,0.29,0.2,17,14,0,7,16,68,150,4.7,2.14
6718,6719,451276,21,6,2,7,1918,6304,7,3,2,3.7,152,75,1280,56,32,15,16,37,0,50,0.13,0.09,0.16,16,5,1,12,3,67,115,3.7,2.57
6719,6720,451276,21,7,2,18,,6305,9,2,2,4.0,55,37,552,25,14,7,6,22,0,17,0.16,0.16,0.32,7,4,0,12,2,21,51,4.0,2.09
6720,6721,451801,50,5,1,23,1456,6306,9,0,0,0.4,19,5,299,1,11,9,36,13,0,7,0.0,0.0,0.04,3,0,2,13,0,6,6,0.4,0.59
6721,6722,451801,50,6,1,17,,6307,10,1,0,0.4,38,6,617,4,19,22,82,27,1,10,0.05,0.0,0.02,8,1,1,39,0,2,11,0.4,0.32
6722,6723,451801,50,7,1,28,,6308,11,2,1,0.4,26,6,532,1,19,18,93,23,1,16,0.13,0.07,0.03,7,3,0,20,0,5,6,0.4,0.47
6723,6724,452477,94,6,5,20,1984,6309,7,0,0,0.1,1,1,18,1,5,0,2,1,0,2,0.0,0.0,0.05,1,0,0,5,0,1,2,0.1,1.71
6724,6725,452477,94,7,3,9,,6310,8,2,1,3.8,5,5,114,13,3,6,9,7,1,4,0.22,0.11,0.41,0,3,0,23,1,3,21,3.8,2.19
6725,6726,453016,14,2,1,23,,6311,7,1,4,0.4,52,12,414,12,29,19,15,15,0,17,0.13,0.52,0.05,8,5,1,6,2,16,21,0.4,0.52
6726,6727,453016,14,4,1,14,,6312,9,1,3,0.9,174,65,1260,28,65,33,49,22,0,55,0.04,0.11,0.03,33,4,1,38,1,43,55,0.9,0.56
6727,6728,453016,62,5,1,6,1309,6313,10,2,1,0.6,90,20,815,21,58,54,40,28,0,42,0.09,0.04,0.03,28,3,0,20,0,16,50,0.6,0.44
6728,6729,453016,62,6,1,57,,6314,11,2,3,1.5,144,43,1118,25,56,32,45,43,0,44,0.07,0.11,0.06,27,5,0,29,1,20,59,1.5,1.12
6729,6730,453016,62,7,1,25,,6315,12,0,3,0.8,58,19,502,23,26,12,23,13,0,21,0.0,0.22,0.06,13,3,1,22,2,11,47,0.8,1.03
6730,6731,453376,1,6,1,14,1801,6316,11,1,0,1.5,94,15,1062,0,44,35,112,27,0,38,0.05,0.0,0.08,24,1,2,41,0,16,14,1.5,0.57
6731,6732,453376,1,7,1,21,,6317,12,1,0,0.4,29,2,273,1,16,11,29,13,0,13,0.16,0.0,0.06,9,1,2,11,2,2,8,0.4,0.64
6732,6733,453594,128,1,5,21,,6318,7,0,0,0.6,5,22,114,5,6,1,2,7,0,11,0.0,0.0,0.11,3,0,0,6,1,15,15,0.6,1.14
6733,6734,453824,10,2,3,87,,6319,5,6,2,3.6,8,9,171,11,5,1,3,8,0,10,0.73,0.24,0.44,1,8,0,5,2,10,25,3.6,2.2
6734,6735,453824,116,3,3,100,,6320,6,3,0,4.5,15,5,154,7,7,4,1,3,0,10,0.33,0.0,0.5,4,3,0,12,0,4,19,3.7,2.22
6735,6736,453870,44,6,5,86,1925,6321,7,5,0,3.4,39,49,253,14,17,4,3,28,0,22,0.35,0.0,0.24,7,5,0,19,0,28,41,3.4,2.39
6736,6737,453870,44,7,4,33,,6322,8,3,1,2.9,31,44,208,12,19,1,4,15,0,19,0.24,0.08,0.24,10,4,0,13,2,25,37,2.9,2.1
6737,6738,454238,17,4,2,156,,6323,7,0,1,1.1,55,6,398,14,31,30,31,19,0,31,0.0,0.06,0.07,10,1,0,15,2,8,28,1.1,0.95
6738,6739,454863,44,4,2,71,1105,6324,7,1,1,0.6,13,4,66,4,4,2,4,7,0,5,0.38,0.38,0.23,0,2,0,1,0,3,6,0.6,2.64
6739,6740,454863,44,5,2,3,,6325,8,0,0,0.4,26,15,205,3,21,4,11,12,0,14,0.0,0.0,0.05,6,0,0,11,1,12,10,0.4,0.73
6740,6741,454863,44,6,2,9,,6326,9,1,2,1.8,59,37,418,18,29,20,25,25,1,20,0.07,0.15,0.13,11,3,0,22,2,25,38,1.8,1.56
6741,6742,454863,44,7,2,9,,6327,10,1,1,0.5,36,12,251,5,24,12,13,15,0,20,0.13,0.13,0.07,14,2,0,15,0,7,15,0.5,1.06
6742,6743,455181,92,3,2,3,799,6328,8,4,9,3.4,74,72,481,40,48,16,18,25,0,41,0.16,0.37,0.14,11,13,0,13,2,41,70,3.4,1.07
6743,6744,455181,92,4,4,14,,6329,9,4,7,4.9,49,60,320,22,33,12,13,11,0,51,0.2,0.36,0.25,10,11,0,7,0,31,62,4.9,2.35
6744,6745,455181,50,6,5,20,2049,6330,11,2,0,2.6,40,42,344,17,19,7,18,12,0,22,0.12,0.0,0.15,7,2,0,14,0,29,51,2.6,1.68
6745,6746,455181,50,7,4,14,,6331,12,3,2,2.8,27,36,253,19,23,8,15,11,0,27,0.22,0.15,0.2,10,5,0,6,1,24,35,2.8,1.81
6746,6747,455349,98,3,4,103,,6332,6,2,2,1.2,51,54,316,24,16,15,11,9,0,30,0.13,0.13,0.08,7,4,0,12,0,38,45,1.2,1.58
6747,6748,455661,111,3,4,35,,6333,3,0,1,0.3,6,4,25,3,3,0,0,1,0,4,0.0,0.61,0.2,2,1,0,2,0,3,6,0.3,3.06
6748,6749,455661,111,6,5,30,,6334,6,2,0,2.4,43,21,316,24,34,5,17,12,0,21,0.15,0.0,0.18,15,2,0,28,2,23,53,2.4,1.67
6749,6750,455661,32,7,5,14,2573,6335,7,4,1,3.2,17,7,94,8,1,0,4,5,0,1,0.97,0.24,0.78,0,5,0,10,1,3,22,2.4,3.15
6750,6751,456080,102,3,3,27,,6336,11,0,0,0.8,2,4,38,2,2,0,3,1,0,5,0.0,0.0,0.24,0,0,0,12,0,3,6,0.8,2.45
6751,6752,456492,30,6,5,28,2217,6337,7,4,0,3.0,33,51,196,14,10,8,15,23,0,18,0.28,0.0,0.21,4,4,1,18,0,23,34,3.0,2.32
6752,6753,457221,133,5,2,14,,6338,10,2,7,2.6,155,47,1051,53,50,46,46,45,0,64,0.06,0.22,0.08,28,9,1,20,10,48,109,2.6,1.17
6753,6754,457221,133,6,2,25,,6339,11,0,5,1.0,128,31,1107,34,61,51,43,43,0,50,0.0,0.19,0.04,25,5,0,38,10,27,75,1.0,1.4
6754,6755,457422,67,6,5,52,1749,6340,7,0,0,1.6,1,8,81,6,1,1,2,7,0,2,0.0,0.0,0.31,1,0,0,23,0,8,10,1.6,2.53
6755,6756,457673,114,2,7,44,,6341,7,1,2,2.6,62,72,658,26,64,21,17,29,1,54,0.04,0.09,0.11,22,3,0,10,1,48,75,2.6,2.26
6756,6757,457673,115,5,5,38,,6342,10,8,4,6.2,107,72,553,48,50,16,15,36,0,53,0.29,0.15,0.23,27,12,0,16,6,58,101,3.9,2.51
6757,6758,457673,115,6,3,41,1776,6343,11,1,0,2.5,54,34,300,20,24,7,11,17,0,20,0.08,0.0,0.2,14,1,0,4,3,37,41,1.7,2.19
6758,6759,457673,115,6,3,41,1777,6343,11,1,0,2.5,54,34,300,20,24,7,11,17,0,20,0.08,0.0,0.2,14,1,0,4,3,37,41,1.7,2.19
6759,6760,457673,144,7,5,6,2474,6344,12,2,1,2.1,53,35,396,23,30,4,13,12,0,27,0.14,0.07,0.15,12,3,0,4,4,24,51,2.1,2.27
6760,6761,457736,69,6,5,61,2233,6345,9,5,4,3.6,26,29,235,26,18,2,14,17,0,16,0.34,0.27,0.24,6,9,0,49,0,22,55,3.6,2.42
6761,6762,457736,6,7,5,28,2360,6346,10,2,1,1.2,13,7,124,7,4,0,7,13,0,3,0.33,0.17,0.2,0,3,0,15,1,8,18,1.2,1.84
6762,6763,458178,143,7,2,40,,6347,11,1,0,0.5,28,8,164,5,5,3,12,3,0,8,0.27,0.0,0.14,3,1,0,6,2,6,17,0.5,2.95
6763,6764,458777,138,5,1,71,,6348,7,0,1,0.5,28,19,221,13,10,11,8,7,1,11,0.0,0.13,0.06,5,1,0,2,0,18,28,0.5,1.16
6764,6765,459151,40,5,5,3,1521,6349,6,6,1,3.4,42,73,321,15,30,9,8,19,1,27,0.42,0.07,0.23,8,7,0,3,0,30,53,3.4,2.52
6765,6766,459151,40,6,5,23,1778,6350,7,1,1,3.9,63,128,483,31,51,14,8,26,0,35,0.04,0.04,0.14,16,2,0,9,2,51,92,3.9,2.5
6766,6767,459658,27,4,1,58,,6351,6,1,4,0.7,53,71,690,16,46,23,37,33,1,32,0.05,0.2,0.03,18,5,1,7,1,41,39,0.7,0.65
6767,6768,459658,58,5,1,9,1260,6352,7,0,3,0.9,83,64,1277,28,57,26,33,26,0,65,0.0,0.12,0.04,28,3,1,3,0,59,55,0.9,0.71
6768,6769,459658,58,5,1,9,1261,6352,7,0,3,0.9,83,64,1277,28,57,26,33,26,0,65,0.0,0.12,0.04,28,3,1,3,0,59,55,0.9,0.71
6769,6770,459658,58,5,1,9,1262,6352,7,0,3,0.9,83,64,1277,28,57,26,33,26,0,65,0.0,0.12,0.04,28,3,1,3,0,59,55,0.9,0.71
6770,6771,459658,68,6,6,20,,6353,8,2,3,2.2,71,87,1007,38,47,11,26,28,0,43,0.08,0.11,0.08,25,5,1,13,2,53,78,2.2,1.1
6771,6772,459658,68,7,6,26,,6354,9,2,0,0.4,64,52,843,20,23,8,17,13,0,24,0.15,0.0,0.03,16,2,2,3,1,41,51,0.4,0.74
6772,6773,460245,3,4,1,27,1166,6355,7,1,0,1.2,29,9,584,2,26,28,55,19,1,24,0.07,0.0,0.08,11,1,0,30,0,7,9,1.2,0.59
6773,6774,460245,112,5,1,28,1431,6356,8,0,0,1.0,18,6,374,1,14,8,53,16,0,8,0.0,0.0,0.1,5,0,1,34,0,1,12,1.0,0.95
6774,6775,460245,112,5,1,28,1432,6356,8,0,0,1.0,18,6,374,1,14,8,53,16,0,8,0.0,0.0,0.1,5,0,1,34,0,1,12,1.0,0.95
6775,6776,460245,112,5,1,28,1433,6356,8,0,0,1.0,18,6,374,1,14,8,53,16,0,8,0.0,0.0,0.1,5,0,1,34,0,1,12,1.0,0.95
6776,6777,460245,62,7,1,32,2574,6357,10,0,0,0.1,14,0,266,2,14,9,52,10,0,8,0.0,0.0,0.02,5,0,0,32,0,0,5,0.1,0.28
6777,6778,460245,62,7,1,32,2575,6357,10,0,0,0.1,14,0,266,2,14,9,52,10,0,8,0.0,0.0,0.02,5,0,0,32,0,0,5,0.1,0.28
6778,6779,460651,23,6,2,23,,6358,10,1,0,0.7,137,37,1065,14,41,16,27,23,2,30,0.03,0.0,0.02,15,1,2,11,4,26,51,0.7,0.27
6779,6780,460939,51,6,2,20,1741,6359,10,3,3,3.2,204,88,1575,50,46,18,26,26,0,43,0.1,0.1,0.1,21,6,0,8,7,81,132,3.2,1.4
6780,6781,460939,51,7,2,43,,6360,11,4,2,1.9,92,49,540,18,6,12,10,3,1,11,0.3,0.15,0.14,2,6,1,2,7,48,39,1.9,1.91
6781,6782,461019,135,5,1,28,1263,6361,8,0,1,1.1,43,55,572,18,35,16,30,28,0,29,0.0,0.06,0.07,18,1,0,6,0,35,35,1.1,0.9
6782,6783,461019,135,6,1,147,,6362,9,0,2,1.1,70,63,902,24,28,18,48,30,0,25,0.0,0.09,0.05,14,2,0,8,1,40,43,1.1,1.12
6783,6784,461019,135,7,7,33,,6363,10,1,0,0.3,12,12,136,7,10,2,7,2,0,5,0.24,0.0,0.07,3,1,0,2,0,8,10,0.3,0.94
6784,6785,461617,79,6,7,41,,6364,8,3,5,2.7,53,87,501,28,30,9,20,19,0,46,0.18,0.29,0.16,18,8,0,5,1,54,61,2.7,2.18
6785,6786,461617,79,7,7,26,,6365,9,0,0,0.7,19,35,163,9,8,1,3,2,0,9,0.0,0.0,0.15,4,0,0,3,0,18,19,0.7,2.45
6786,6787,461790,26,4,3,1,,6366,12,2,0,1.4,4,3,110,2,0,0,4,1,0,5,0.34,0.0,0.24,0,2,0,10,0,1,11,1.4,1.54
6787,6788,461833,91,5,1,33,,6367,6,0,0,0.5,19,4,345,0,21,30,44,10,0,25,0.0,0.0,0.04,10,0,3,43,0,5,2,0.5,0.66
6788,6789,461833,122,6,1,41,2111,6368,7,0,1,0.6,118,22,1407,5,56,29,156,48,0,44,0.0,0.03,0.02,29,1,4,74,0,9,21,0.6,0.4
6789,6790,461833,122,6,1,41,2112,6368,7,0,1,0.6,118,22,1407,5,56,29,156,48,0,44,0.0,0.03,0.02,29,1,4,74,0,9,21,0.6,0.4
6790,6791,461883,116,6,1,16,2234,6369,8,1,0,0.3,62,15,1440,1,49,28,84,32,1,29,0.04,0.0,0.01,21,1,4,30,0,11,15,0.3,0.2
6791,6792,461883,116,7,1,37,,6370,9,0,0,0.3,44,9,861,2,19,7,51,27,0,11,0.0,0.0,0.02,8,0,3,13,0,8,7,0.3,0.44
6792,6793,461906,72,1,2,58,,6371,16,1,8,0.7,220,34,1649,84,113,40,50,56,0,126,0.03,0.24,0.02,44,9,0,19,4,37,141,0.7,0.53
6793,6794,461906,72,2,2,2,,6372,17,1,6,0.9,216,38,1647,77,93,50,18,43,0,139,0.03,0.17,0.03,46,7,1,19,5,37,125,0.9,0.64
6794,6795,461906,72,3,2,83,,6373,18,1,1,0.6,169,32,1553,46,75,47,28,18,1,91,0.04,0.04,0.02,35,2,0,18,5,38,96,0.6,0.5
6795,6796,461906,72,4,2,30,,6374,19,2,1,1.3,196,42,1700,39,74,34,36,48,0,106,0.06,0.03,0.04,30,3,2,15,5,43,82,1.3,0.61
6796,6797,462250,79,2,5,16,239,6375,4,6,1,7.6,51,43,405,15,9,10,4,4,0,14,0.31,0.05,0.39,4,7,1,17,6,45,55,7.6,3.3
6797,6798,462250,79,3,5,51,,6376,5,7,5,5.5,73,49,567,21,8,5,2,3,0,17,0.4,0.29,0.31,4,12,0,21,8,54,46,3.9,2.12
6798,6799,462250,79,4,5,36,,6377,6,8,4,5.7,49,42,325,19,5,7,8,4,1,5,0.57,0.29,0.41,1,12,0,19,10,44,49,5.7,2.78
6799,6800,462250,55,5,5,31,1287,6378,7,4,0,4.9,47,34,274,7,14,1,1,3,1,12,0.38,0.0,0.47,4,4,1,3,5,40,31,4.9,4.4
6800,6801,462250,24,6,3,8,2156,6379,8,7,3,8.7,68,69,538,19,22,10,11,14,0,22,0.41,0.18,0.51,8,10,0,8,8,53,62,8.7,3.56
6801,6802,462250,24,6,3,8,2157,6379,8,7,3,8.7,68,69,538,19,22,10,11,14,0,22,0.41,0.18,0.51,8,10,0,8,8,53,62,8.7,3.56
6802,6803,462250,55,7,5,43,2449,6380,10,1,1,1.8,20,17,137,5,7,3,2,2,0,8,0.3,0.3,0.54,5,2,0,2,2,8,12,1.8,4.53
6803,6804,462250,55,7,5,43,2450,6380,10,1,1,1.8,20,17,137,5,7,3,2,2,0,8,0.3,0.3,0.54,5,2,0,2,2,8,12,1.8,4.53
6804,6805,462250,55,7,5,43,2451,6380,10,1,1,1.8,20,17,137,5,7,3,2,2,0,8,0.3,0.3,0.54,5,2,0,2,2,8,12,1.8,4.53
6805,6806,462348,71,5,3,67,1192,6381,9,8,2,7.3,22,13,215,15,18,10,33,23,0,20,0.37,0.09,0.34,9,10,0,76,1,13,37,7.3,2.69
6806,6807,462348,71,5,3,67,1193,6381,9,8,2,7.3,22,13,215,15,18,10,33,23,0,20,0.37,0.09,0.34,9,10,0,76,1,13,37,7.3,2.69
6807,6808,462348,71,5,3,67,1194,6381,9,8,2,7.3,22,13,215,15,18,10,33,23,0,20,0.37,0.09,0.34,9,10,0,76,1,13,37,7.3,2.69
6808,6809,462348,71,6,3,6,2272,6382,10,8,2,7.8,25,23,238,23,21,12,29,21,1,28,0.36,0.09,0.35,6,10,0,72,5,18,48,5.5,2.79
6809,6810,462348,71,7,3,41,,6383,12,1,0,1.7,14,5,56,2,8,2,10,2,0,7,0.19,0.0,0.32,2,1,0,21,1,6,6,1.7,3.36
6810,6811,462823,6,6,3,32,2246,6384,7,3,1,1.6,21,36,218,19,4,4,4,11,0,9,0.25,0.08,0.13,1,4,0,4,3,21,41,1.6,1.93
6811,6812,462823,6,7,3,5,,6385,8,2,2,1.9,13,32,247,13,8,5,6,4,0,13,0.19,0.19,0.18,3,4,0,6,1,18,31,1.9,2.18
6812,6813,463603,13,1,1,58,,6386,2,1,0,0.8,93,18,977,2,25,21,79,12,0,25,0.05,0.0,0.04,17,1,2,36,1,4,14,0.8,0.31
6813,6814,463603,13,2,1,21,,6387,3,0,0,0.7,87,19,802,2,18,27,57,20,0,12,0.0,0.0,0.04,6,0,1,55,2,5,9,0.7,0.64
6814,6815,463603,13,3,1,10,,6388,4,2,1,2.3,170,17,2124,6,24,58,102,21,0,28,0.06,0.03,0.07,13,3,4,108,1,16,32,2.3,0.75
6815,6816,463603,13,4,1,49,,6389,5,1,0,1.6,111,16,1212,3,36,28,68,18,0,23,0.05,0.0,0.08,14,1,1,57,1,4,15,1.6,0.69
6816,6817,463603,55,5,1,43,1434,6390,6,1,0,1.2,56,11,769,3,14,16,34,5,0,14,0.1,0.0,0.12,9,1,1,35,1,2,12,1.2,0.6
6817,6818,463603,55,6,1,7,,6391,7,0,1,0.3,46,3,1065,6,21,18,66,21,0,14,0.0,0.07,0.02,9,1,2,28,1,5,23,0.3,0.4
6818,6819,463605,103,2,1,13,,6392,3,2,0,1.6,43,9,568,1,23,20,75,18,1,13,0.13,0.0,0.11,7,2,0,23,0,6,9,1.6,0.66
6819,6820,463605,31,5,1,23,1329,6393,6,3,0,1.7,179,43,1728,7,54,17,58,37,0,57,0.1,0.0,0.06,32,3,0,41,0,44,36,1.7,0.64
6820,6821,463605,31,6,1,20,,6394,7,5,2,2.0,95,15,1206,13,29,21,49,16,0,32,0.27,0.11,0.11,24,7,1,32,0,15,22,2.0,0.85
6821,6822,463605,31,7,1,10,,6395,8,2,1,1.1,36,6,964,2,15,16,42,13,0,17,0.13,0.07,0.07,11,3,3,34,1,5,8,1.1,0.47
6822,6823,463613,12,2,3,58,,6396,3,1,1,0.2,9,9,39,5,2,1,0,1,0,2,0.4,0.4,0.1,0,2,0,1,0,6,8,0.2,1.19
6823,6824,463613,12,3,4,23,,6397,4,0,0,0.9,13,18,89,5,6,1,3,1,0,8,0.0,0.0,0.26,3,0,1,4,2,12,13,0.9,2.67
6824,6825,463613,103,6,4,40,1977,6398,7,3,2,1.2,48,65,211,18,14,4,2,21,0,23,0.23,0.15,0.09,8,5,0,5,5,42,39,1.2,1.74
6825,6826,463613,103,7,4,33,,6399,8,2,2,2.3,47,63,194,13,18,3,3,10,0,17,0.15,0.15,0.17,9,4,0,4,3,37,40,2.3,1.73
6826,6827,463618,75,3,2,14,,6400,4,2,0,1.0,86,32,846,5,32,18,22,21,0,27,0.12,0.0,0.06,9,2,1,18,2,19,23,1.0,0.6
6827,6828,463618,75,4,2,21,,6401,5,4,2,2.7,123,65,971,22,33,28,19,31,0,35,0.19,0.09,0.13,17,6,0,21,3,56,52,2.7,1.09
6828,6829,463618,75,5,2,24,,6402,6,2,4,3.2,128,92,1155,36,51,38,34,33,0,43,0.07,0.14,0.11,19,6,0,16,6,78,84,3.2,1.34
6829,6830,463618,75,6,2,50,,6403,7,1,1,3.4,104,67,978,31,42,18,37,21,0,40,0.04,0.04,0.14,20,2,0,19,8,67,79,3.4,1.67
6830,6831,463618,68,7,2,22,2411,6404,8,0,2,1.8,42,29,451,10,14,5,20,7,0,11,0.0,0.22,0.2,8,2,0,14,1,20,22,1.8,1.66
6831,6832,463620,13,3,4,100,,6405,3,1,0,1.2,5,3,88,3,12,3,5,9,1,13,0.31,0.0,0.36,5,1,0,12,1,3,7,1.2,1.84
6832,6833,463620,71,4,5,6,,6406,4,2,1,1.8,5,15,95,3,8,6,5,5,0,12,0.33,0.17,0.3,5,3,0,10,1,5,3,1.8,1.99
6833,6834,464598,69,7,5,9,2695,6407,9,5,0,3.7,19,22,138,8,6,3,20,4,0,5,0.46,0.0,0.34,3,5,0,12,1,8,18,2.9,1.92
6834,6835,464598,69,7,5,9,2696,6407,9,5,0,3.7,19,22,138,8,6,3,20,4,0,5,0.46,0.0,0.34,3,5,0,12,1,8,18,2.9,1.92
6835,6836,465717,108,3,7,25,573,6408,5,2,0,1.9,24,11,296,4,33,14,22,14,0,39,0.16,0.0,0.16,20,2,0,18,0,7,12,1.9,1.38
6836,6837,465717,108,6,1,77,,6409,8,3,0,2.3,60,38,684,10,66,32,97,42,0,70,0.1,0.0,0.07,35,3,0,50,1,32,33,2.3,1.03
6837,6838,465967,96,3,2,6,,6410,8,1,1,0.4,140,31,1175,14,35,25,35,19,0,30,0.04,0.04,0.02,15,2,1,26,1,24,36,0.4,0.39
6838,6839,465967,95,6,2,28,2035,6411,11,1,0,0.7,187,53,1111,21,59,13,46,34,0,64,0.03,0.0,0.02,31,1,1,45,8,43,69,0.7,0.49
6839,6840,466268,110,3,5,112,,6412,8,1,2,0.9,20,23,153,8,2,1,2,5,0,6,0.19,0.38,0.17,1,3,0,3,0,12,16,0.9,1.89
6840,6841,466298,43,1,2,6,,6413,6,0,1,0.5,101,11,784,15,67,14,24,22,0,57,0.0,0.06,0.03,25,1,1,25,2,10,31,0.5,0.28
6841,6842,466602,61,5,5,46,1683,6414,4,0,0,0.2,5,7,59,3,2,1,0,1,0,2,0.0,0.0,0.11,2,0,0,0,0,7,8,0.2,2.01
6842,6843,466794,18,2,1,25,,6415,3,0,0,0.5,53,7,680,2,6,18,33,2,0,9,0.0,0.0,0.06,5,0,0,11,0,3,5,0.5,0.23
6843,6844,466794,24,4,1,11,1059,6416,5,0,0,0.2,137,36,1568,4,27,44,53,22,1,26,0.0,0.0,0.01,11,0,3,32,2,12,27,0.2,0.26
6844,6845,466794,24,5,7,10,,6417,6,1,0,1.6,105,25,1142,1,24,19,36,23,0,20,0.06,0.0,0.1,9,1,1,23,2,22,10,1.6,0.44
6845,6846,466794,24,7,8,11,,6418,8,0,1,0.9,39,9,361,1,13,4,11,8,0,8,0.0,0.17,0.14,6,1,0,15,1,3,11,0.9,1.01
6846,6847,466801,80,6,2,44,2303,6419,6,1,0,0.2,31,10,289,4,15,9,10,12,0,23,0.16,0.0,0.03,11,1,0,2,0,4,14,0.2,1.11
6847,6848,466801,80,6,2,44,2304,6419,6,1,0,0.2,31,10,289,4,15,9,10,12,0,23,0.16,0.0,0.03,11,1,0,2,0,4,14,0.2,1.11
6848,6849,466801,80,7,2,23,,6420,8,0,1,1.4,57,11,589,13,31,9,15,18,0,32,0.0,0.08,0.12,18,1,1,5,4,7,28,1.3,1.1
6849,6850,466807,105,7,6,3,2720,6421,8,0,0,0.1,20,14,206,1,20,12,26,7,0,19,0.0,0.0,0.01,10,0,2,9,0,10,5,0.1,0.46
6850,6851,466807,105,7,6,3,2721,6421,8,0,0,0.1,20,14,206,1,20,12,26,7,0,19,0.0,0.0,0.01,10,0,2,9,0,10,5,0.1,0.46
6851,6852,466810,24,2,3,26,,6422,1,7,1,3.8,29,77,438,18,16,8,3,14,1,15,0.61,0.09,0.33,5,8,0,6,0,35,39,3.8,2.89
6852,6853,466810,24,3,3,94,,6423,2,4,0,1.8,12,32,168,9,9,3,1,4,0,10,0.84,0.0,0.37,2,4,0,2,3,16,21,1.8,2.92
6853,6854,466810,24,4,3,15,,6424,3,4,0,1.3,9,20,133,2,3,1,0,4,0,1,1.07,0.0,0.36,1,4,0,1,1,11,10,1.3,4.82
6854,6855,466810,24,5,3,55,,6425,4,7,3,9.1,48,47,509,16,16,5,6,19,0,18,0.45,0.19,0.59,5,10,0,7,1,28,50,9.1,3.94
6855,6856,466810,25,6,4,22,1828,6426,5,2,0,3.4,28,16,178,6,5,3,3,8,0,11,0.35,0.0,0.59,1,2,0,1,1,5,23,3.4,4.49
6856,6857,466810,25,6,4,22,1829,6426,5,2,0,3.4,28,16,178,6,5,3,3,8,0,11,0.35,0.0,0.59,1,2,0,1,1,5,23,3.4,4.49
6857,6858,467623,56,6,5,25,,6427,7,5,3,4.5,37,55,312,19,19,3,34,13,1,17,0.24,0.14,0.21,6,8,0,50,3,31,41,4.5,1.61
6858,6859,467632,103,6,2,33,2327,6428,8,1,3,1.1,87,14,837,15,70,27,33,34,0,61,0.05,0.14,0.05,29,4,1,15,3,26,37,1.1,0.69
6859,6860,467632,103,7,2,14,,6429,9,0,1,0.4,45,7,388,11,44,19,14,16,0,37,0.0,0.08,0.03,17,1,1,11,2,4,21,0.4,0.49
6860,6861,467720,63,5,3,16,,6430,2,7,3,6.4,11,9,142,12,13,2,1,9,0,6,0.55,0.24,0.5,3,10,0,5,1,7,29,6.4,2.76
6861,6862,467720,63,6,3,43,,6431,3,5,0,3.9,15,16,104,7,4,2,4,4,0,7,0.72,0.0,0.56,3,5,0,6,1,8,13,3.9,2.02
6862,6863,467720,75,7,5,26,2499,6432,5,2,1,2.2,4,2,28,5,1,0,0,0,0,1,0.99,0.5,1.07,0,3,0,2,0,0,5,2.2,2.49
6863,6864,467720,75,7,5,26,2500,6432,5,2,1,2.2,4,2,28,5,1,0,0,0,0,1,0.99,0.5,1.07,0,3,0,2,0,0,5,2.2,2.49
6864,6865,467992,16,4,2,21,1007,6433,4,0,0,0.4,31,5,367,4,8,14,9,7,0,5,0.0,0.0,0.05,2,0,0,1,1,13,14,0.4,0.5
6865,6866,467992,16,5,2,5,1586,6434,5,2,1,1.7,104,43,1034,16,32,17,29,20,0,23,0.09,0.04,0.07,18,3,1,11,2,30,38,1.7,0.91
6866,6867,467992,16,6,2,16,,6435,6,1,2,1.3,122,47,1121,26,33,27,25,21,1,23,0.04,0.08,0.05,15,3,0,17,1,35,68,1.3,1.13
6867,6868,467992,16,7,2,42,,6436,8,0,0,0.8,62,26,610,7,19,14,25,11,0,12,0.0,0.0,0.05,9,0,2,9,3,23,29,0.8,0.81
6868,6869,468002,64,3,6,13,,6437,5,1,0,0.4,20,11,157,4,11,11,9,5,0,9,0.17,0.0,0.07,7,1,0,6,0,12,7,0.4,0.52
6869,6870,468002,64,4,1,23,,6438,6,1,0,0.2,64,23,519,9,33,22,55,16,0,28,0.06,0.0,0.01,21,1,0,15,0,23,24,0.2,0.32
6870,6871,468002,64,5,1,21,,6439,7,0,0,0.1,37,15,395,3,20,9,28,12,0,18,0.0,0.0,0.01,12,0,1,16,0,6,8,0.1,0.21
6871,6872,468002,64,6,6,41,,6440,8,0,0,0.2,22,17,246,0,11,5,14,2,0,14,0.0,0.0,0.03,9,0,0,7,0,11,9,0.2,0.99
6872,6873,468002,143,7,6,20,2549,6441,9,0,1,0.0,13,8,160,3,22,9,10,9,0,21,0.0,0.18,0.01,13,1,0,6,1,7,10,0.0,0.18
6873,6874,468066,1,4,4,9,1103,6442,6,2,0,1.7,13,10,66,2,10,5,6,7,0,17,0.49,0.0,0.43,6,2,0,3,0,8,7,0.9,1.98
6874,6875,468066,1,5,2,9,,6443,7,3,1,1.5,109,46,606,16,46,18,22,30,1,48,0.18,0.06,0.09,25,4,0,13,6,36,51,1.5,1.59
6875,6876,468066,89,6,2,6,2273,6444,8,0,2,1.5,37,19,369,15,36,4,15,20,0,37,0.0,0.18,0.13,20,2,0,15,1,18,37,1.5,1.42
6876,6877,468198,37,5,4,41,1684,6445,11,2,0,1.5,39,19,280,9,31,10,11,14,0,20,0.15,0.0,0.11,11,2,0,30,0,10,27,1.5,1.03
6877,6878,468198,37,7,2,9,,6446,13,2,0,2.2,32,22,378,7,20,9,15,11,0,19,0.19,0.0,0.21,9,2,1,13,1,15,18,2.2,1.03
6878,6879,469050,56,4,1,3,1019,6447,5,2,0,1.5,44,7,448,6,37,24,83,38,1,27,0.11,0.0,0.08,17,2,2,57,1,6,18,1.5,0.81
6879,6880,469050,52,6,1,42,2158,6448,7,1,1,1.7,97,11,1261,11,38,44,141,46,0,29,0.03,0.03,0.06,19,2,4,73,2,15,24,1.7,0.34
6880,6881,469050,52,7,1,26,,6449,8,2,1,2.0,68,14,833,5,21,17,88,36,0,18,0.12,0.06,0.11,14,3,0,62,2,4,19,2.0,0.59
6881,6882,469211,40,5,1,13,1222,6450,6,0,0,0.6,41,21,338,8,25,4,16,15,0,15,0.0,0.0,0.09,9,0,0,7,0,14,23,0.6,1.07
6882,6883,469211,40,6,1,3,,6451,7,0,1,0.4,84,34,832,21,40,19,56,23,0,38,0.0,0.05,0.02,24,1,0,17,2,29,42,0.4,0.61
6883,6884,469211,40,7,7,3,,6452,9,1,2,0.6,17,19,161,12,11,1,20,14,0,10,0.13,0.27,0.09,7,3,0,8,1,10,20,0.6,1.35
6884,6885,469669,35,3,2,29,819,6453,8,1,2,1.3,118,45,1118,15,58,31,13,34,0,60,0.04,0.07,0.05,25,3,1,26,0,31,45,1.3,1.07
6885,6886,469669,35,3,2,29,820,6453,8,1,2,1.3,118,45,1118,15,58,31,13,34,0,60,0.04,0.07,0.05,25,3,1,26,0,31,45,1.3,1.07
6886,6887,469669,35,3,2,29,821,6453,8,1,2,1.3,118,45,1118,15,58,31,13,34,0,60,0.04,0.07,0.05,25,3,1,26,0,31,45,1.3,1.07
6887,6888,469669,35,4,2,52,,6454,9,0,0,0.1,39,8,427,7,29,23,13,8,1,27,0.0,0.0,0.01,9,0,0,6,1,8,19,0.1,0.58
6888,6889,469669,105,7,2,82,,6455,12,1,1,0.4,39,12,421,4,28,14,18,17,0,22,0.08,0.08,0.03,12,2,1,9,1,9,11,0.4,0.73
6889,6890,469822,89,7,5,26,2697,6456,12,1,4,1.5,11,29,137,9,5,2,0,2,0,4,0.23,0.91,0.34,2,5,0,0,1,13,28,1.5,3.65
6890,6891,469949,30,2,1,1,,6457,3,0,0,0.1,60,28,517,9,29,29,26,12,0,28,0.0,0.0,0.01,11,0,0,22,3,23,26,0.1,0.21
6891,6892,469949,30,3,7,25,,6458,4,0,0,0.3,60,27,511,10,18,23,22,7,0,21,0.0,0.0,0.02,13,0,0,18,0,24,28,0.3,0.73
6892,6893,469958,130,6,4,6,1846,6459,10,2,0,2.8,19,25,136,8,19,8,22,20,0,18,0.18,0.0,0.25,7,2,0,43,0,14,15,2.8,2.3
6893,6894,470607,131,5,5,16,,6460,6,8,3,8.6,30,88,291,28,34,5,7,30,0,29,0.25,0.09,0.26,8,11,1,18,0,46,55,6.2,1.6
6894,6895,470607,88,7,3,113,,6461,8,6,2,7.2,35,38,252,12,26,3,8,13,0,22,0.45,0.15,0.54,11,8,0,7,0,10,26,7.2,2.84
6895,6896,470618,103,5,2,13,,6462,8,0,1,0.6,27,9,243,6,35,8,9,16,0,31,0.0,0.14,0.08,13,1,0,5,0,14,18,0.6,0.96
6896,6897,470618,103,6,4,17,,6463,9,0,0,0.4,14,6,148,6,12,6,8,8,0,15,0.0,0.0,0.07,8,0,0,6,2,5,13,0.4,0.58
6897,6898,470794,69,3,2,125,800,6464,4,2,0,1.6,134,38,959,17,26,27,26,17,0,21,0.1,0.0,0.08,7,2,0,35,0,29,47,1.6,0.59
6898,6899,470794,69,3,2,125,801,6464,4,2,0,1.6,134,38,959,17,26,27,26,17,0,21,0.1,0.0,0.08,7,2,0,35,0,29,47,1.6,0.59
6899,6900,470794,69,4,2,9,1085,6465,5,1,3,2.4,134,39,1102,20,39,22,55,34,1,54,0.04,0.11,0.09,20,4,0,51,0,47,56,2.4,0.78
6900,6901,470794,69,5,2,24,1587,6466,6,0,1,0.4,39,18,279,16,16,8,14,10,0,11,0.0,0.11,0.04,6,1,0,10,1,13,28,0.4,0.95
6901,6902,470794,69,5,2,24,1588,6466,6,0,1,0.4,39,18,279,16,16,8,14,10,0,11,0.0,0.11,0.04,6,1,0,10,1,13,28,0.4,0.95
6902,6903,470794,16,6,2,16,1779,6467,7,3,2,2.1,138,49,1101,47,22,20,31,20,0,27,0.13,0.09,0.09,13,5,0,19,1,32,73,2.1,1.16
6903,6904,470794,16,7,2,10,,6468,8,1,0,0.9,28,18,293,6,2,4,3,0,0,4,0.15,0.0,0.14,0,1,0,4,1,15,24,0.9,1.33
6904,6905,470815,62,4,7,71,,6469,5,0,0,0.3,12,2,146,0,16,9,14,6,1,14,0.0,0.0,0.06,9,0,0,8,0,3,6,0.3,0.37
6905,6906,471474,86,1,2,1,,6470,14,3,0,1.5,69,11,794,7,26,31,13,17,0,16,0.21,0.0,0.11,5,3,0,51,1,14,21,1.5,1.24
6906,6907,471474,77,4,4,34,,6471,6,1,1,0.8,28,24,291,11,21,9,10,6,0,29,0.1,0.1,0.08,10,2,0,9,0,15,27,0.8,0.92
6907,6908,472249,30,2,5,46,,6472,2,0,1,0.3,16,9,96,3,9,8,6,8,0,12,0.0,0.16,0.05,5,1,0,5,0,6,5,0.3,1.3
6908,6909,472249,30,3,5,28,,6473,3,2,3,1.4,28,18,214,10,11,9,2,10,0,9,0.17,0.26,0.12,5,5,0,9,0,15,19,1.4,1.05
6909,6910,472249,30,4,4,14,,6474,4,3,3,1.4,40,36,232,23,24,10,11,23,0,23,0.23,0.23,0.1,8,6,0,21,2,31,46,1.4,1.13
6910,6911,472249,30,5,3,32,,6475,5,2,2,1.1,19,27,158,10,9,9,7,16,0,11,0.21,0.21,0.11,2,4,0,13,0,15,29,1.1,1.35
6911,6912,472249,30,6,9,32,,6476,6,1,0,2.3,51,46,364,16,28,8,28,31,1,24,0.06,0.0,0.13,12,1,0,20,2,34,43,2.3,2.11
6912,6913,473050,94,4,4,44,,6477,4,4,1,2.1,16,23,102,7,9,3,16,15,0,10,0.43,0.11,0.23,3,5,0,40,0,17,24,2.0,2.06
6913,6914,473050,52,5,3,25,1627,6478,5,0,1,2.1,15,24,103,8,12,4,6,7,0,10,0.0,0.12,0.25,5,1,0,30,1,12,27,2.1,1.48
6914,6915,473050,52,5,3,25,1628,6478,5,0,1,2.1,15,24,103,8,12,4,6,7,0,10,0.0,0.12,0.25,5,1,0,30,1,12,27,2.1,1.48
6915,6916,473050,52,6,5,11,1731,6479,6,2,1,1.2,9,8,58,4,3,1,4,2,0,5,0.54,0.27,0.32,0,3,0,17,1,3,12,1.2,2.16
6916,6917,473050,52,7,3,42,,6480,8,4,2,3.6,14,24,101,4,19,1,9,6,0,12,0.47,0.24,0.42,9,6,0,33,1,11,14,3.6,2.37
6917,6918,474662,61,2,2,58,,6481,6,0,0,0.2,18,4,127,4,16,7,4,4,0,9,0.0,0.0,0.09,5,0,0,4,0,6,12,0.2,2.29
6918,6919,474662,61,3,2,27,,6482,7,0,0,0.3,35,6,290,3,24,14,8,6,0,40,0.0,0.0,0.04,20,0,0,3,1,5,13,0.3,1.34
6919,6920,474662,61,4,2,71,,6483,8,0,1,0.5,68,16,574,7,50,25,13,14,0,50,0.0,0.06,0.03,22,1,0,6,1,17,20,0.5,1.05
6920,6921,474662,61,5,2,17,,6484,9,1,2,0.8,70,32,634,12,43,25,12,21,0,63,0.05,0.11,0.05,23,3,0,7,0,35,34,0.8,0.91
6921,6922,474662,61,6,2,3,,6485,10,2,0,2.4,101,36,1008,24,49,18,18,19,0,58,0.08,0.0,0.09,24,2,0,13,1,43,60,2.4,1.38
6922,6923,474662,61,7,2,6,,6486,11,0,0,0.4,33,5,388,5,20,7,11,9,0,19,0.0,0.0,0.03,8,0,0,4,0,8,14,0.4,0.62
6923,6924,474701,45,5,3,3,,6487,5,4,2,2.9,45,51,308,16,30,13,11,20,0,23,0.25,0.13,0.18,11,6,0,5,1,27,49,2.9,1.83
6924,6925,474701,64,7,5,11,2518,6488,8,1,1,1.5,14,26,155,14,13,0,7,10,0,8,0.14,0.14,0.21,3,2,0,1,3,12,26,1.5,1.4
6925,6926,474800,84,3,1,52,802,6489,6,2,0,1.2,133,24,1353,8,39,39,51,25,0,38,0.09,0.0,0.05,24,2,3,25,0,10,31,1.2,0.4
6926,6927,474800,84,4,1,41,,6490,7,1,0,1.3,201,52,2018,5,61,37,78,24,0,62,0.03,0.0,0.05,38,1,3,37,2,21,33,1.3,0.31
6927,6928,474800,84,5,1,39,,6491,8,2,4,2.6,238,81,2260,15,31,26,62,25,0,35,0.06,0.13,0.08,13,6,1,37,4,63,46,2.6,0.58
6928,6929,474800,84,6,1,37,,6492,9,1,3,1.1,219,51,1823,25,64,24,59,38,0,69,0.03,0.1,0.04,44,4,2,37,6,53,63,1.1,0.63
6929,6930,474800,84,7,7,26,,6493,10,0,0,1.0,75,28,739,9,28,18,30,13,0,21,0.0,0.0,0.07,13,0,0,16,2,23,29,1.0,0.95
6930,6931,475188,57,4,2,3,,6494,7,1,2,1.2,132,82,950,35,39,21,26,37,0,40,0.04,0.09,0.05,19,3,1,16,5,66,77,1.2,0.9
6931,6932,475188,57,5,2,9,,6495,8,2,2,2.4,132,68,872,39,53,28,21,55,1,47,0.08,0.08,0.09,19,4,0,15,9,36,78,2.4,1.01
6932,6933,475411,35,2,1,14,,6496,3,1,0,0.9,33,30,536,2,25,36,55,10,0,18,0.07,0.0,0.07,12,1,4,62,1,10,6,0.9,0.52
6933,6934,475411,57,4,1,43,,6497,5,0,0,0.4,28,10,470,2,12,12,26,5,0,11,0.0,0.0,0.06,7,0,1,20,0,9,4,0.4,0.43
6934,6935,475411,57,5,1,7,1663,6498,6,0,0,0.1,6,3,117,0,4,9,5,1,0,3,0.0,0.0,0.06,1,0,0,5,0,5,2,0.1,1.0
6935,6936,475416,71,7,3,154,2519,6499,10,1,0,1.2,22,25,186,20,8,2,10,8,0,9,0.14,0.0,0.17,5,1,1,0,0,15,34,1.2,0.83
6936,6937,475416,71,7,3,154,2520,6499,10,1,0,1.2,22,25,186,20,8,2,10,8,0,9,0.14,0.0,0.17,5,1,1,0,0,15,34,1.2,0.83
6937,6938,476219,129,7,3,28,2436,6500,10,2,1,2.6,2,3,63,2,6,2,7,4,0,7,0.28,0.14,0.37,2,3,0,7,0,0,7,2.6,1.55
6938,6939,476237,25,2,8,28,,6501,5,0,0,1.2,66,34,556,14,33,14,13,18,0,27,0.0,0.0,0.09,17,0,0,9,1,34,38,1.2,0.98
6939,6940,476237,25,3,2,147,,6502,6,1,0,0.8,39,16,403,11,17,8,10,8,0,15,0.1,0.0,0.08,6,1,0,7,0,8,24,0.8,0.7
6940,6941,476237,25,4,2,25,,6503,7,0,0,0.1,21,3,204,2,10,10,10,2,0,7,0.0,0.0,0.02,4,0,0,4,1,7,6,0.1,0.22
6941,6942,476836,103,6,5,28,1802,6504,10,0,1,1.0,66,69,428,24,16,8,16,13,0,22,0.0,0.06,0.06,7,1,1,6,4,37,53,1.0,1.18
6942,6943,477109,81,4,3,40,,6505,7,2,0,0.8,7,21,107,7,6,1,9,7,0,3,0.21,0.0,0.08,0,2,0,33,0,7,19,0.8,1.33
6943,6944,477758,60,2,1,26,326,6506,6,0,4,0.7,134,100,1673,25,129,66,83,46,0,86,0.0,0.12,0.02,64,4,0,24,2,67,51,0.7,0.21
6944,6945,477758,60,3,1,50,,6507,7,2,4,0.9,145,89,1805,31,88,62,84,65,0,45,0.06,0.12,0.03,32,6,2,38,0,65,57,0.9,0.21
6945,6946,477758,60,4,1,7,,6508,8,0,0,0.3,61,55,925,14,49,34,41,24,0,20,0.0,0.0,0.02,14,0,2,19,0,41,35,0.3,0.25
6946,6947,477758,60,5,1,43,,6509,9,0,0,1.2,55,41,706,15,40,22,41,24,0,25,0.0,0.0,0.07,23,0,0,13,2,24,30,1.2,0.63
6947,6948,477758,60,6,1,42,,6510,10,0,2,0.1,77,30,823,12,42,41,68,29,0,26,0.0,0.1,0.01,19,2,1,21,0,27,26,0.1,0.15
6948,6949,477758,64,7,1,11,2550,6511,12,2,0,0.6,67,48,590,12,30,27,49,13,0,14,0.13,0.0,0.04,11,2,0,9,3,26,44,0.6,0.47
6949,6950,478573,86,5,2,22,1206,6512,5,0,0,0.9,44,11,326,8,17,9,10,9,0,13,0.0,0.0,0.14,7,0,0,4,0,18,25,0.9,1.72
6950,6951,478573,21,7,2,22,,6513,7,0,1,0.6,82,33,853,9,31,33,17,20,0,28,0.0,0.06,0.04,17,1,0,15,4,34,24,0.6,0.45
6951,6952,479999,29,3,2,41,574,6514,7,4,6,2.2,127,79,945,43,27,24,9,19,0,35,0.14,0.21,0.08,16,10,1,12,1,70,95,2.2,1.3
6952,6953,479999,29,4,4,11,,6515,8,1,1,0.4,33,20,234,11,10,5,1,4,0,11,0.15,0.15,0.07,6,2,0,7,1,16,24,0.4,1.49
6953,6954,479999,29,5,4,42,,6516,9,10,4,7.3,131,69,923,57,42,13,10,22,0,38,0.34,0.14,0.25,18,14,0,19,11,57,118,6.5,2.39
6954,6955,479999,29,6,4,7,,6517,10,11,4,9.1,93,68,700,54,35,11,6,27,0,31,0.48,0.18,0.4,15,15,0,12,7,61,110,8.3,3.59
6955,6956,479999,29,7,4,54,,6518,11,1,2,3.5,54,36,371,25,20,6,3,11,0,19,0.08,0.17,0.29,9,3,1,2,4,21,54,3.5,3.59
6956,6957,480116,100,6,1,10,,6519,9,0,1,0.3,56,15,673,9,24,13,67,22,0,25,0.0,0.06,0.02,14,1,0,28,1,10,29,0.3,0.23
6957,6958,480692,21,4,3,10,927,6520,9,4,3,3.6,38,53,392,20,9,4,2,7,0,8,0.38,0.28,0.33,2,7,0,15,0,22,60,3.6,3.57
6958,6959,480692,21,5,3,65,,6521,10,4,2,2.5,49,39,376,13,17,6,2,8,0,15,0.36,0.18,0.22,8,6,0,8,0,31,41,2.5,2.44
6959,6960,480692,21,6,3,18,,6522,11,8,5,11.9,113,137,898,64,35,3,8,15,0,30,0.27,0.17,0.41,7,13,0,26,4,77,163,11.9,3.22
6960,6961,480692,21,7,3,18,,6523,12,7,2,4.8,44,42,291,21,13,3,4,10,0,14,0.65,0.19,0.44,6,9,1,6,1,24,56,4.8,2.89
6961,6962,480762,60,5,1,50,1207,6524,9,1,0,0.5,83,12,1330,6,54,33,103,51,0,43,0.04,0.0,0.02,30,1,0,32,7,16,18,0.5,0.43
6962,6963,480762,60,7,1,65,,6525,11,0,1,1.1,83,13,893,6,29,26,39,16,0,26,0.0,0.07,0.08,15,1,1,11,4,12,18,1.1,0.87
6963,6964,480763,88,1,1,9,,6526,5,1,0,0.7,26,8,512,4,31,10,50,12,1,19,0.1,0.0,0.07,14,1,1,25,1,6,10,0.7,0.41
6964,6965,480763,43,4,1,41,866,6527,8,1,1,0.7,91,48,982,10,69,20,50,29,1,47,0.05,0.05,0.03,35,2,0,36,2,28,28,0.7,0.28
6965,6966,480763,43,5,1,26,,6528,9,1,0,1.1,100,47,1116,13,73,20,68,32,0,57,0.05,0.0,0.05,41,1,0,36,4,36,29,1.1,0.64
6966,6967,480763,43,6,1,26,,6529,10,1,1,0.4,51,19,565,5,26,12,44,17,0,27,0.08,0.08,0.03,12,2,0,26,1,28,12,0.4,0.51
6967,6968,480987,100,2,1,5,,6530,6,1,0,0.9,28,4,434,1,20,17,62,17,0,14,0.1,0.0,0.09,11,1,1,33,0,1,6,0.9,0.69
6968,6969,480987,100,5,1,14,,6531,9,0,0,0.7,42,2,870,4,45,30,152,40,0,30,0.0,0.0,0.03,19,0,0,53,0,6,8,0.7,0.33
6969,6970,481513,26,6,1,17,,6532,10,0,2,0.2,29,10,317,6,20,13,38,9,0,17,0.0,0.21,0.02,11,2,1,13,0,11,13,0.2,0.52
6970,6971,481834,23,4,1,9,,6533,5,0,0,0.7,97,29,809,4,53,27,87,42,0,42,0.0,0.0,0.03,19,0,0,41,1,27,20,0.7,0.41
6971,6972,481834,135,5,1,9,1589,6534,6,0,0,0.1,9,4,69,1,3,3,2,3,0,5,0.0,0.0,0.03,2,0,1,0,0,2,3,0.1,0.54
6972,6973,481834,135,5,1,9,1590,6534,6,0,0,0.1,9,4,69,1,3,3,2,3,0,5,0.0,0.0,0.03,2,0,1,0,0,2,3,0.1,0.54
6973,6974,481834,135,6,1,14,,6535,7,1,0,1.2,46,13,833,9,38,17,56,23,0,31,0.06,0.0,0.07,20,1,1,21,0,13,17,1.2,1.09
6974,6975,484547,9,4,1,14,,6536,5,1,6,0.6,70,112,970,30,32,17,40,24,0,23,0.04,0.26,0.03,12,7,2,19,0,73,54,0.6,0.48
6975,6976,484547,9,5,7,11,,6537,6,8,7,7.6,62,155,982,45,53,16,40,24,0,44,0.27,0.23,0.25,23,15,0,12,0,103,103,7.6,1.26
6976,6977,484547,9,6,1,22,,6538,7,9,7,8.2,49,153,797,45,26,7,17,26,0,20,0.36,0.28,0.33,8,16,0,13,4,62,84,8.2,2.2
6977,6978,484547,9,7,7,8,,6539,9,2,3,1.7,23,41,304,17,15,6,9,11,0,16,0.17,0.25,0.15,8,5,0,6,0,17,35,1.7,1.01
6978,6979,484888,35,7,3,28,,6540,14,3,1,4.3,11,12,108,7,11,2,13,9,0,5,0.34,0.11,0.49,2,4,0,24,1,11,20,3.5,2.36
6979,6980,484988,103,5,1,29,,6541,6,0,0,0.6,18,5,194,2,9,4,12,6,0,9,0.0,0.0,0.13,6,0,0,5,0,3,7,0.6,1.08
6980,6981,484988,103,6,1,74,,6542,7,1,1,1.4,145,19,1491,6,40,23,120,42,0,24,0.03,0.03,0.05,15,2,1,64,0,30,21,1.4,0.48
6981,6982,485583,140,7,1,52,2521,6543,7,0,1,0.1,37,23,292,11,22,11,29,16,1,22,0.0,0.1,0.01,13,1,0,14,0,25,16,0.1,0.38
6982,6983,485585,48,7,1,43,2501,6544,7,0,0,0.1,16,8,166,9,11,3,7,2,0,6,0.0,0.0,0.02,4,0,1,4,0,4,22,0.1,1.24
6983,6984,485706,31,4,2,17,947,6545,4,1,0,2.6,59,24,516,15,48,30,19,10,1,25,0.07,0.0,0.17,18,1,0,24,4,15,33,2.6,0.99
6984,6985,485706,22,5,2,41,1310,6546,5,1,2,3.0,79,27,816,22,72,37,39,25,0,42,0.04,0.07,0.11,30,3,0,60,5,30,45,3.0,1.23
6985,6986,485706,22,6,2,104,,6547,6,2,0,2.0,107,21,871,18,71,21,31,25,0,42,0.09,0.0,0.09,21,2,0,52,6,30,56,2.0,1.25
6986,6987,485706,48,7,2,8,2551,6548,8,2,0,1.8,24,9,341,3,28,17,18,9,0,17,0.22,0.0,0.2,9,2,2,14,0,11,14,1.8,1.33
6987,6988,485960,61,3,1,71,544,6549,5,1,1,0.6,51,2,569,5,19,23,38,13,0,11,0.09,0.09,0.06,7,2,1,33,1,11,9,0.6,0.56
6988,6989,485960,61,3,1,71,545,6549,5,1,1,0.6,51,2,569,5,19,23,38,13,0,11,0.09,0.09,0.06,7,2,1,33,1,11,9,0.6,0.56
6989,6990,485960,61,4,1,3,894,6550,6,1,0,1.1,86,31,1012,8,40,32,86,31,0,21,0.04,0.0,0.04,10,1,0,42,0,12,20,1.1,0.44
6990,6991,485960,61,5,1,14,,6551,7,0,0,1.1,111,20,1257,7,42,53,132,42,0,32,0.0,0.0,0.03,23,0,1,61,1,22,29,1.1,0.58
6991,6992,485960,61,6,1,9,,6552,8,3,0,1.1,121,20,1503,6,31,41,93,28,1,24,0.1,0.0,0.04,12,3,0,55,2,12,18,1.1,0.4
6992,6993,485960,49,7,1,41,2412,6553,10,0,0,0.2,29,9,450,0,6,4,25,7,0,4,0.0,0.0,0.04,3,0,1,16,0,4,1,0.2,0.72
6993,6994,485960,49,7,1,41,2413,6553,10,0,0,0.2,29,9,450,0,6,4,25,7,0,4,0.0,0.0,0.04,3,0,1,16,0,4,1,0.2,0.72
6994,6995,485963,49,3,2,60,546,6554,6,2,0,1.2,130,16,1159,6,49,47,34,25,1,45,0.09,0.0,0.05,15,2,0,46,0,16,38,1.2,0.74
6995,6996,485963,49,4,2,20,,6555,7,0,1,1.7,88,24,854,9,38,24,16,15,0,31,0.0,0.06,0.1,16,1,0,21,2,25,29,1.7,1.77
6996,6997,485963,87,5,2,5,1435,6556,8,1,3,1.3,59,9,447,10,37,22,10,21,3,33,0.08,0.23,0.1,16,4,0,19,1,13,31,1.3,1.54
6997,6998,485963,49,6,8,41,,6557,9,1,0,0.4,61,8,396,4,33,13,12,17,0,19,0.12,0.0,0.05,13,1,0,15,0,13,19,0.4,0.94
6998,6999,485963,43,7,4,6,2414,6558,10,0,0,1.5,72,18,416,9,28,12,24,9,1,13,0.0,0.0,0.13,11,0,0,13,4,16,24,1.5,2.12
6999,7000,485965,82,4,1,77,,6559,7,2,2,1.6,78,47,1115,11,80,38,82,35,1,65,0.06,0.06,0.05,35,4,1,40,0,31,32,1.6,0.19
7000,7001,485965,71,7,7,33,2605,6560,10,1,0,1.0,32,13,293,4,27,11,28,11,0,21,0.1,0.0,0.09,12,1,0,9,1,3,12,1.0,0.87
7001,7002,486078,113,1,3,17,11,6561,19,14,1,12.2,55,10,381,15,7,4,14,14,0,13,0.72,0.05,0.63,2,15,0,101,2,14,42,6.7,2.9
7002,7003,486078,113,2,3,3,473,6562,20,6,0,4.6,20,7,233,11,10,7,6,7,0,22,0.42,0.0,0.32,4,6,0,64,0,5,28,3.0,1.59
7003,7004,486078,113,2,3,3,474,6562,20,6,0,4.6,20,7,233,11,10,7,6,7,0,22,0.42,0.0,0.32,4,6,0,64,0,5,28,3.0,1.59
7004,7005,486624,91,1,3,2,,6563,4,1,2,2.9,25,33,183,16,9,0,2,4,0,6,0.15,0.3,0.44,4,3,0,10,2,20,33,2.9,4.49
7005,7006,486624,58,2,5,9,,6564,5,9,2,5.3,62,59,427,34,20,5,11,15,0,20,0.6,0.13,0.35,6,11,0,11,3,38,80,4.5,4.25
7006,7007,486624,58,3,5,5,,6565,6,8,8,7.0,103,88,818,60,26,11,15,37,0,25,0.25,0.25,0.22,10,16,0,23,1,52,111,6.2,2.71
7007,7008,486624,58,4,5,11,,6566,7,6,6,5.9,82,61,698,45,12,6,8,20,0,20,0.25,0.25,0.25,6,12,0,15,7,51,87,5.9,2.99
7008,7009,486624,58,5,5,10,,6567,8,3,8,3.0,58,68,583,43,21,1,7,25,0,14,0.14,0.37,0.14,8,11,0,12,5,59,71,3.0,2.98
7009,7010,487465,72,4,5,22,,6568,6,1,1,1.5,10,27,181,13,4,6,1,0,0,9,0.19,0.19,0.29,0,2,0,3,1,22,25,1.5,3.28
7010,7011,487465,72,5,5,50,,6569,7,0,0,1.1,24,37,284,20,11,4,4,5,0,17,0.0,0.0,0.1,7,0,0,0,2,24,41,1.1,1.59
7011,7012,487465,72,6,5,49,,6570,8,2,9,3.5,54,98,538,38,7,5,2,5,0,15,0.12,0.53,0.21,5,11,0,4,1,65,75,3.5,2.14
7012,7013,487465,55,7,3,54,2388,6571,9,1,2,0.6,15,52,250,17,10,5,2,7,0,9,0.11,0.22,0.07,4,3,0,6,0,24,33,0.6,1.89
7013,7014,487474,68,7,5,16,2341,6572,7,1,3,0.8,22,56,236,16,11,4,2,2,1,15,0.12,0.36,0.1,4,4,0,0,0,19,36,0.8,2.3
7014,7015,487474,68,7,5,16,2342,6572,7,1,3,0.8,22,56,236,16,11,4,2,2,1,15,0.12,0.36,0.1,4,4,0,0,0,19,36,0.8,2.3
7015,7016,487474,68,7,5,16,2343,6572,7,1,3,0.8,22,56,236,16,11,4,2,2,1,15,0.12,0.36,0.1,4,4,0,0,0,19,36,0.8,2.3
7016,7017,487688,36,3,5,134,803,6573,6,1,2,0.7,15,6,92,6,7,1,2,7,0,10,0.23,0.46,0.17,4,3,0,2,0,6,9,0.7,0.46
7017,7018,487688,36,4,4,3,,6574,7,0,0,0.8,21,8,125,8,12,3,4,21,0,7,0.0,0.0,0.12,1,0,0,10,1,5,14,0.8,1.09
7018,7019,487843,115,5,3,33,1522,6575,5,5,2,6.2,21,14,208,17,17,2,7,22,0,14,0.3,0.12,0.37,6,7,0,41,0,12,43,4.6,2.55
7019,7020,487843,115,5,3,33,1523,6575,5,5,2,6.2,21,14,208,17,17,2,7,22,0,14,0.3,0.12,0.37,6,7,0,41,0,12,43,4.6,2.55
7020,7021,487843,135,6,3,9,1780,6576,6,4,1,3.6,24,16,185,8,17,0,14,18,0,14,0.26,0.07,0.24,8,5,0,19,0,9,28,3.6,2.45
7021,7022,487843,135,6,3,9,1781,6576,6,4,1,3.6,24,16,185,8,17,0,14,18,0,14,0.26,0.07,0.24,8,5,0,19,0,9,28,3.6,2.45
7022,7023,487843,40,7,5,6,2672,6577,7,4,1,3.5,20,18,170,11,13,1,8,14,0,13,0.32,0.08,0.28,5,5,0,24,2,17,28,2.7,2.08
7023,7024,487850,141,7,5,3,,6578,11,2,0,2.6,22,32,206,12,15,7,10,9,0,12,0.17,0.0,0.22,5,2,0,8,0,25,33,2.6,2.24
7024,7025,487969,71,4,5,9,,6579,7,12,4,10.7,28,81,368,40,28,6,31,14,0,25,0.37,0.12,0.33,10,16,0,66,0,57,83,10.7,1.65
7025,7026,487969,7,5,3,16,1311,6580,8,15,11,13.2,61,97,419,41,14,3,13,19,1,9,0.51,0.38,0.45,1,26,0,60,4,54,105,11.6,2.57
7026,7027,487969,90,7,3,55,2415,6581,11,2,1,4.7,5,8,57,5,4,0,5,1,0,2,0.5,0.25,1.17,0,3,0,9,2,4,13,3.9,3.77
7027,7028,488362,117,3,2,6,575,6582,5,2,2,1.5,97,32,737,20,81,27,31,47,0,97,0.07,0.07,0.05,29,4,0,22,1,27,46,1.5,1.03
7028,7029,488362,117,3,2,6,576,6582,5,2,2,1.5,97,32,737,20,81,27,31,47,0,97,0.07,0.07,0.05,29,4,0,22,1,27,46,1.5,1.03
7029,7030,488362,29,4,2,5,1060,6583,6,8,3,6.3,94,42,890,38,69,29,26,58,0,69,0.25,0.09,0.2,21,11,0,23,2,23,91,6.3,1.64
7030,7031,488362,29,4,2,5,1061,6583,6,8,3,6.3,94,42,890,38,69,29,26,58,0,69,0.25,0.09,0.2,21,11,0,23,2,23,91,6.3,1.64
7031,7032,488362,55,5,2,26,,6584,7,3,1,2.5,105,40,706,21,46,23,18,41,1,37,0.17,0.06,0.14,10,4,1,19,1,40,47,2.5,1.55
7032,7033,488362,55,6,2,50,,6585,8,5,7,4.2,172,62,1801,52,85,43,34,50,1,77,0.14,0.2,0.12,33,12,0,25,5,54,109,4.2,1.38
7033,7034,488362,79,7,2,113,2389,6586,9,2,0,1.7,24,9,330,3,23,7,14,11,0,24,0.22,0.0,0.19,11,2,0,6,1,5,10,1.7,1.0
7034,7035,488626,77,6,1,74,,6587,9,1,6,0.2,106,78,1021,36,45,18,58,36,0,38,0.03,0.2,0.01,31,7,0,28,1,60,70,0.2,0.3
7035,7036,488656,100,5,5,80,,6588,10,0,0,0.2,4,5,37,4,3,1,1,1,0,1,0.0,0.0,0.15,0,0,0,0,0,2,5,0.2,1.64
7036,7037,489611,135,5,2,40,1524,6589,6,1,0,1.2,26,13,201,7,11,4,7,5,0,12,0.17,0.0,0.21,4,1,0,2,3,18,19,1.2,3.23
7037,7038,489611,40,6,8,40,2113,6590,7,0,0,0.2,21,5,152,4,16,3,14,9,0,16,0.0,0.0,0.04,7,0,0,6,1,4,8,0.2,1.13
7038,7039,489611,40,6,8,40,2114,6590,7,0,0,0.2,21,5,152,4,16,3,14,9,0,16,0.0,0.0,0.04,7,0,0,6,1,4,8,0.2,1.13
7039,7040,489611,40,6,8,40,2115,6590,7,0,0,0.2,21,5,152,4,16,3,14,9,0,16,0.0,0.0,0.04,7,0,0,6,1,4,8,0.2,1.13
7040,7041,490223,3,5,3,40,,6591,8,7,1,5.6,27,15,240,15,24,4,18,13,0,11,0.4,0.06,0.32,5,8,0,55,2,13,37,3.2,1.6
7041,7042,490307,25,4,2,47,,6592,8,2,4,2.1,27,22,289,9,22,12,19,20,0,27,0.18,0.36,0.19,5,6,0,9,4,16,26,2.1,1.72
7042,7043,490307,25,5,5,10,,6593,9,0,1,0.2,6,5,61,3,10,1,1,3,0,4,0.0,0.42,0.09,3,1,0,0,0,2,7,0.2,0.85
7043,7044,490384,27,6,1,14,2116,6594,6,0,1,0.8,76,21,1122,5,44,21,78,30,1,31,0.0,0.04,0.03,21,1,0,58,1,13,24,0.8,0.42
7044,7045,490384,27,6,1,14,2117,6594,6,0,1,0.8,76,21,1122,5,44,21,78,30,1,31,0.0,0.04,0.03,21,1,0,58,1,13,24,0.8,0.42
7045,7046,490384,27,7,1,41,2361,6595,7,1,0,0.6,18,3,285,2,12,8,34,2,0,6,0.14,0.0,0.08,4,1,0,27,0,2,3,0.6,0.71
7046,7047,490417,26,2,3,28,,6596,5,3,0,2.5,19,19,195,9,8,10,11,5,0,16,0.28,0.0,0.24,5,3,1,18,0,26,25,1.7,2.74
7047,7048,490417,26,3,3,108,,6597,6,6,0,3.5,12,9,106,3,1,0,8,3,0,2,0.81,0.0,0.47,1,6,0,23,0,8,17,2.7,2.99
7048,7049,490417,26,4,3,21,,6598,7,3,1,3.7,20,14,301,11,1,3,16,6,1,5,0.17,0.06,0.21,0,4,0,65,2,26,29,2.9,2.39
7049,7050,490417,66,5,3,6,1312,6599,8,2,0,3.4,24,11,175,8,6,1,9,8,0,6,0.16,0.0,0.27,1,2,0,23,2,11,20,3.4,2.06
7050,7051,490417,66,5,3,6,1313,6599,8,2,0,3.4,24,11,175,8,6,1,9,8,0,6,0.16,0.0,0.27,1,2,0,23,2,11,20,3.4,2.06
7051,7052,490417,66,7,3,74,,6600,10,2,0,3.0,5,11,99,4,5,2,3,5,0,3,0.27,0.0,0.4,3,2,2,14,1,11,13,2.2,2.44
7052,7053,490426,13,3,8,105,616,6601,6,1,0,0.4,11,16,114,2,4,4,1,5,0,3,0.23,0.0,0.1,1,1,0,7,0,12,7,0.4,0.69
7053,7054,490426,13,4,8,10,,6602,7,1,0,0.1,14,8,79,3,3,1,0,2,0,3,0.32,0.0,0.04,1,1,0,12,0,2,4,0.1,0.95
7054,7055,490426,13,5,4,47,,6603,8,4,2,4.6,90,80,581,26,30,17,12,29,0,32,0.17,0.09,0.2,13,6,0,41,0,51,68,4.6,1.74
7055,7056,490426,13,7,1,5,,6604,10,0,0,0.2,9,5,91,1,11,3,7,4,0,13,0.0,0.0,0.08,7,0,1,8,0,3,5,0.2,0.92
7056,7057,491296,56,6,5,25,1847,6605,7,0,0,0.2,2,2,43,2,1,0,1,2,1,4,0.0,0.0,0.1,0,0,1,0,0,2,2,0.2,1.78
7057,7058,491296,84,7,5,21,2522,6606,9,0,1,0.9,29,15,174,15,7,0,4,5,1,12,0.0,0.14,0.13,3,1,0,2,2,13,24,0.9,2.11
7058,7059,493003,29,7,1,16,,6607,13,2,1,2.7,38,23,490,16,56,16,43,14,0,44,0.13,0.07,0.18,25,3,0,35,0,14,35,2.7,1.13
7059,7060,494236,75,3,1,142,,6608,5,0,0,0.1,60,22,825,1,18,20,35,11,0,12,0.0,0.0,0.01,9,0,0,10,0,4,4,0.1,0.15
7060,7061,494236,2,6,1,23,1887,6609,8,0,0,0.3,120,39,1412,6,51,33,99,37,0,40,0.0,0.0,0.01,32,0,2,25,2,24,21,0.3,0.06
7061,7062,494880,97,4,1,23,903,6610,6,1,0,0.9,61,4,742,2,46,39,155,29,2,28,0.03,0.0,0.03,21,1,0,79,0,8,9,0.9,0.54
7062,7063,494880,97,4,1,23,904,6610,6,1,0,0.9,61,4,742,2,46,39,155,29,2,28,0.03,0.0,0.03,21,1,0,79,0,8,9,0.9,0.54
7063,7064,494880,43,6,1,9,,6611,8,3,1,1.2,78,11,957,6,42,21,114,26,0,30,0.14,0.05,0.06,19,4,0,60,0,13,15,1.2,0.92
7064,7065,495621,95,6,2,28,2050,6612,8,0,1,0.8,133,20,811,20,61,35,30,25,1,86,0.0,0.04,0.03,31,1,0,21,4,15,45,0.8,0.74
7065,7066,495621,95,7,2,32,,6613,9,0,1,0.5,58,2,393,6,29,23,20,16,0,35,0.0,0.08,0.04,14,1,1,12,4,12,20,0.5,0.92
7066,7067,495625,17,4,1,34,905,6614,6,0,0,0.7,47,17,677,0,19,16,87,20,0,17,0.0,0.0,0.04,11,0,0,30,0,6,11,0.7,0.44
7067,7068,495625,17,4,1,34,906,6614,6,0,0,0.7,47,17,677,0,19,16,87,20,0,17,0.0,0.0,0.04,11,0,0,30,0,6,11,0.7,0.44
7068,7069,495625,17,5,1,28,1512,6615,7,1,0,0.9,22,4,364,1,9,10,53,8,0,7,0.09,0.0,0.09,4,1,0,16,0,2,5,0.9,0.19
7069,7070,495629,20,3,1,34,,6616,5,1,0,0.7,93,18,1035,1,23,27,102,19,0,20,0.05,0.0,0.03,8,1,3,51,0,8,7,0.7,0.32
7070,7071,495629,20,4,8,32,,6617,6,1,0,0.4,139,11,890,13,43,30,53,26,2,44,0.04,0.0,0.02,18,1,1,48,2,16,33,0.4,0.27
7071,7072,495629,20,5,2,11,,6618,7,1,4,1.1,101,11,852,25,20,19,30,14,0,24,0.06,0.22,0.06,8,5,2,20,4,15,61,0.3,0.17
7072,7073,495629,20,6,2,42,,6619,8,1,0,0.2,65,6,564,9,24,12,25,8,0,17,0.07,0.0,0.01,11,1,2,15,2,5,30,0.2,0.21
7073,7074,495629,20,7,2,20,,6620,9,0,0,0.1,13,0,136,1,10,5,8,2,0,9,0.0,0.0,0.02,8,0,0,5,0,1,6,0.1,0.54
7074,7075,495666,75,3,1,126,804,6621,4,1,0,0.8,106,36,1339,2,15,26,80,17,0,6,0.05,0.0,0.04,5,1,2,36,0,3,10,0.8,0.3
7075,7076,495666,75,3,1,126,805,6621,4,1,0,0.8,106,36,1339,2,15,26,80,17,0,6,0.05,0.0,0.04,5,1,2,36,0,3,10,0.8,0.3
7076,7077,495666,49,4,1,10,1152,6622,5,0,0,1.7,220,50,2853,6,54,48,85,24,0,35,0.0,0.0,0.05,27,0,0,46,0,24,29,1.7,0.47
7077,7078,495666,49,4,1,10,1153,6622,5,0,0,1.7,220,50,2853,6,54,48,85,24,0,35,0.0,0.0,0.05,27,0,0,46,0,24,29,1.7,0.47
7078,7079,495666,41,5,1,43,,6623,6,2,1,0.9,99,13,1698,6,34,19,85,13,0,18,0.07,0.04,0.03,15,3,4,53,0,14,14,0.9,0.22
7079,7080,495666,41,6,1,54,,6624,7,2,1,1.6,157,16,2635,6,41,29,81,32,0,27,0.05,0.03,0.04,20,3,3,72,3,22,29,1.6,0.26
7080,7081,495666,41,7,1,15,,6625,8,2,0,1.9,53,8,1051,2,36,11,47,10,1,19,0.13,0.0,0.12,15,2,3,22,0,5,11,1.9,0.2
7081,7082,495667,75,4,2,23,1167,6626,5,0,1,0.8,11,15,114,13,13,1,2,2,0,11,0.0,0.23,0.19,6,1,0,6,0,9,23,0.8,2.29
7082,7083,495667,75,4,2,23,1168,6626,5,0,1,0.8,11,15,114,13,13,1,2,2,0,11,0.0,0.23,0.19,6,1,0,6,0,9,23,0.8,2.29
7083,7084,495667,144,7,2,80,,6627,8,1,0,0.3,37,20,419,16,20,8,14,5,0,13,0.1,0.0,0.04,8,1,0,7,1,22,32,0.3,0.93
7084,7085,496094,63,5,5,22,1395,6628,5,6,5,5.0,47,49,335,28,16,7,3,18,0,30,0.39,0.32,0.33,8,11,0,10,2,32,59,4.3,2.4
7085,7086,496094,63,6,5,7,,6629,6,3,1,3.5,26,52,218,9,16,3,5,11,1,20,0.3,0.1,0.34,8,4,0,14,0,22,25,3.5,2.27
7086,7087,496094,63,7,5,49,,6630,7,2,3,0.9,4,14,67,9,7,1,1,6,0,4,0.51,0.76,0.23,2,5,0,1,1,11,15,0.9,2.8
7087,7088,496706,3,5,1,74,1468,6631,9,1,2,0.7,61,13,1753,5,53,40,190,55,0,35,0.03,0.05,0.02,22,3,3,90,0,7,11,0.7,0.24
7088,7089,496706,3,6,1,9,,6632,10,0,0,0.6,88,15,1008,7,38,32,114,39,0,32,0.0,0.0,0.02,19,0,0,51,0,12,16,0.6,0.2
7089,7090,496745,11,5,1,30,,6633,7,1,1,1.2,40,41,342,13,26,9,41,21,0,31,0.06,0.06,0.08,16,2,0,65,1,24,36,1.2,0.97
7090,7091,496745,91,6,1,9,1782,6634,8,1,1,2.7,27,28,304,4,28,7,25,25,0,36,0.1,0.1,0.26,16,2,0,28,1,20,20,2.7,2.47
7091,7092,496745,91,6,1,9,1783,6634,8,1,1,2.7,27,28,304,4,28,7,25,25,0,36,0.1,0.1,0.26,16,2,0,28,1,20,20,2.7,2.47
7092,7093,496857,31,4,4,3,1169,6635,7,2,1,0.5,20,28,179,8,14,2,2,4,1,6,0.37,0.19,0.1,5,3,0,1,0,20,30,0.5,2.81
7093,7094,496857,31,5,5,3,,6636,8,3,4,3.6,52,74,464,30,18,2,2,9,0,20,0.26,0.34,0.31,12,7,0,0,2,53,78,3.6,3.58
7094,7095,496857,31,6,3,25,,6637,9,6,6,6.2,90,110,764,46,32,8,8,17,1,36,0.24,0.24,0.24,14,12,0,6,1,78,123,6.2,3.23
7095,7096,496857,31,7,5,16,,6638,10,4,1,2.3,54,37,316,16,5,4,1,8,0,7,0.37,0.09,0.21,2,5,0,3,2,31,38,2.3,2.12
7096,7097,497291,58,2,2,84,529,6639,6,0,1,0.4,40,7,337,11,21,12,7,12,0,18,0.0,0.13,0.05,7,1,0,4,2,6,21,0.4,1.29
7097,7098,497291,58,2,2,84,530,6639,6,0,1,0.4,40,7,337,11,21,12,7,12,0,18,0.0,0.13,0.05,7,1,0,4,2,6,21,0.4,1.29
7098,7099,497291,58,2,2,84,531,6639,6,0,1,0.4,40,7,337,11,21,12,7,12,0,18,0.0,0.13,0.05,7,1,0,4,2,6,21,0.4,1.29
7099,7100,497291,58,3,2,150,,6640,7,1,0,1.2,72,21,614,19,48,24,20,26,0,37,0.07,0.0,0.08,15,1,0,20,1,14,48,1.2,1.29
7100,7101,497291,58,4,2,41,,6641,8,0,3,1.2,113,18,994,27,76,32,34,38,0,76,0.0,0.13,0.05,32,3,1,32,7,21,61,1.2,0.94
7101,7102,497291,58,5,2,47,,6642,9,3,2,2.6,147,39,1169,36,79,21,29,29,0,76,0.12,0.08,0.1,39,5,1,37,19,41,71,2.6,1.64
7102,7103,497291,131,7,4,45,,6643,11,0,0,1.2,31,8,365,3,29,16,15,17,0,29,0.0,0.0,0.14,14,0,0,9,1,5,11,1.2,1.23
7103,7104,500054,8,6,1,9,2159,6644,7,0,1,0.2,12,12,166,6,14,3,22,7,0,17,0.0,0.18,0.03,7,1,1,5,0,7,11,0.2,0.91
7104,7105,500054,8,6,1,9,2160,6644,7,0,1,0.2,12,12,166,6,14,3,22,7,0,17,0.0,0.18,0.03,7,1,1,5,0,7,11,0.2,0.91
7105,7106,500067,39,5,5,32,1469,6645,9,0,3,1.5,39,38,227,10,5,4,1,4,0,5,0.0,0.3,0.15,1,3,0,5,3,21,41,1.5,2.43
7106,7107,500067,39,5,5,32,1470,6645,9,0,3,1.5,39,38,227,10,5,4,1,4,0,5,0.0,0.3,0.15,1,3,0,5,3,21,41,1.5,2.43
7107,7108,500067,87,7,5,6,2464,6646,11,1,0,0.7,23,50,211,14,5,1,2,6,0,9,0.17,0.0,0.11,3,1,0,3,2,22,30,0.7,1.82
7108,7109,500689,75,3,3,44,824,6647,4,0,0,0.1,2,1,2,0,0,1,1,1,0,1,0.0,0.0,0.18,0,0,0,1,0,0,1,0.1,3.1
7109,7110,500689,75,3,3,44,825,6647,4,0,0,0.1,2,1,2,0,0,1,1,1,0,1,0.0,0.0,0.18,0,0,0,1,0,0,1,0.1,3.1
7110,7111,500689,75,4,3,17,,6648,5,1,2,1.8,7,6,51,5,9,0,1,4,0,8,0.21,0.41,0.37,3,3,0,12,0,5,14,1.8,2.47
7111,7112,500689,71,5,5,23,1436,6649,6,3,2,2.6,37,46,196,13,24,9,6,17,0,12,0.21,0.14,0.18,6,5,0,28,2,24,28,2.6,1.57
7112,7113,500689,71,5,5,23,1437,6649,6,3,2,2.6,37,46,196,13,24,9,6,17,0,12,0.21,0.14,0.18,6,5,0,28,2,24,28,2.6,1.57
7113,7114,500689,75,6,3,52,,6650,7,6,0,8.4,34,40,218,15,16,12,7,12,0,7,0.35,0.0,0.48,6,6,0,24,3,29,47,6.8,2.67
7114,7115,500689,75,7,5,20,,6651,8,6,3,5.6,44,47,201,14,18,6,9,10,0,2,0.42,0.21,0.39,0,9,0,15,5,28,49,5.6,2.71
7115,7116,501418,53,1,1,34,,6652,5,1,0,0.5,19,21,246,8,14,8,27,10,0,14,0.12,0.0,0.06,7,1,0,4,2,22,12,0.5,0.71
7116,7117,501418,53,2,7,44,,6653,6,1,0,1.2,25,32,366,4,19,11,32,12,0,25,0.08,0.0,0.1,7,1,0,9,2,24,28,1.2,0.99
7117,7118,501418,53,4,1,9,,6654,8,1,1,1.0,69,90,935,23,58,25,92,25,0,57,0.03,0.03,0.03,26,2,2,17,0,66,52,1.0,0.83
7118,7119,501418,87,6,1,9,2036,6655,10,1,4,0.7,61,46,681,27,46,15,54,26,0,34,0.05,0.21,0.04,23,5,0,10,2,38,52,0.7,0.82
7119,7120,501418,87,7,1,25,,6656,11,0,1,0.3,30,13,412,7,31,9,36,20,0,32,0.0,0.09,0.02,19,1,0,5,0,19,18,0.3,0.63
7120,7121,502670,89,5,3,16,1372,6657,6,12,10,8.2,91,139,900,54,43,5,6,20,0,43,0.43,0.36,0.29,17,22,1,8,14,62,136,6.6,2.97
7121,7122,502670,89,6,3,19,,6658,7,11,6,11.1,89,184,965,63,42,13,9,15,0,49,0.36,0.2,0.37,15,17,0,11,6,108,155,11.1,4.21
7122,7123,502670,89,7,5,15,2673,6659,8,5,3,4.1,54,70,320,25,14,2,7,12,0,14,0.41,0.24,0.33,4,8,0,2,7,49,51,3.3,3.51
7123,7124,503075,69,6,1,6,1784,6660,9,0,0,0.4,26,8,324,0,17,7,33,12,1,19,0.0,0.0,0.04,10,0,1,34,0,3,3,0.4,0.42
7124,7125,503075,91,7,1,11,,6661,10,0,0,0.5,18,3,519,1,25,15,37,14,0,19,0.0,0.0,0.04,12,0,1,28,0,6,3,0.5,0.26
7125,7126,503160,62,4,4,30,,6662,3,0,1,0.5,5,2,60,4,5,0,1,0,0,3,0.0,0.39,0.19,2,1,0,0,0,3,6,0.5,1.18
7126,7127,503160,62,7,2,33,,6663,7,5,1,2.1,28,25,285,8,13,8,14,14,0,11,0.57,0.11,0.24,4,6,1,8,5,13,21,2.1,1.94
7127,7128,503680,131,5,1,20,1379,6664,6,1,0,1.3,33,51,533,15,72,33,48,33,0,71,0.05,0.0,0.06,38,1,0,17,3,33,39,1.3,1.2
7128,7129,503680,131,6,1,11,,6665,7,0,1,0.8,47,48,519,11,69,22,53,44,0,56,0.0,0.05,0.04,35,1,0,31,0,24,31,0.8,0.82
7129,7130,503680,131,7,1,45,,6666,8,0,1,0.8,29,23,222,6,24,5,34,12,0,24,0.0,0.12,0.09,13,1,0,13,0,7,19,0.8,1.83
7130,7131,503733,22,2,4,17,,6667,3,0,1,0.3,9,13,93,6,11,8,4,6,0,15,0.0,0.2,0.06,5,1,0,1,3,13,8,0.3,1.23
7131,7132,503733,22,4,4,9,,6668,5,4,2,3.5,51,74,482,35,54,22,17,49,0,59,0.16,0.08,0.14,21,6,0,17,2,53,77,3.5,1.73
7132,7133,503733,83,5,5,37,1361,6669,6,1,0,1.7,15,20,162,6,14,2,1,9,0,20,0.18,0.0,0.31,9,1,1,0,2,13,16,1.7,1.48
7133,7134,503733,83,6,3,22,,6670,7,11,10,10.2,101,138,803,57,55,7,7,27,1,64,0.34,0.31,0.32,22,21,0,9,8,73,143,9.4,2.49
7134,7135,503733,83,7,3,55,,6671,8,3,3,5.3,43,59,365,36,18,5,3,19,0,17,0.21,0.21,0.38,6,6,1,3,5,34,68,3.8,2.05
7135,7136,503743,48,6,4,40,1848,6672,6,3,1,1.4,28,22,147,9,8,3,11,11,0,11,0.42,0.14,0.19,2,4,0,7,2,11,23,1.4,1.55
7136,7137,503743,48,6,4,40,1849,6672,6,3,1,1.4,28,22,147,9,8,3,11,11,0,11,0.42,0.14,0.19,2,4,0,7,2,11,23,1.4,1.55
7137,7138,503743,48,7,4,20,,6673,7,5,3,3.5,60,54,328,26,15,3,10,12,0,20,0.32,0.19,0.23,7,8,0,3,11,34,54,3.5,2.06
7138,7139,503749,48,3,2,17,,6674,4,0,0,0.5,23,8,192,6,10,4,5,13,0,12,0.0,0.0,0.07,2,0,0,7,0,9,16,0.5,1.58
7139,7140,503749,48,4,2,33,,6675,5,6,1,4.0,132,91,889,21,67,24,28,36,0,69,0.22,0.04,0.15,30,7,0,16,3,63,75,4.0,1.24
7140,7141,503749,48,5,4,42,,6676,6,6,7,5.0,98,94,728,42,69,23,34,48,0,69,0.2,0.24,0.17,32,13,0,16,3,62,81,5.0,1.13
7141,7142,503749,48,6,5,50,,6677,7,1,1,2.2,28,33,257,10,16,3,8,15,0,15,0.11,0.11,0.23,5,2,0,5,3,19,29,2.2,2.0
7142,7143,503749,48,7,5,22,,6678,8,0,2,0.7,28,28,223,8,7,5,2,8,0,5,0.0,0.28,0.1,3,2,0,1,2,17,27,0.7,1.42
7143,7144,503770,1,5,3,14,1380,6679,6,21,2,26.6,55,56,408,36,9,3,15,20,0,20,0.63,0.06,0.8,2,23,0,14,4,27,80,21.0,3.63
7144,7145,503770,1,5,3,14,1381,6679,6,21,2,26.6,55,56,408,36,9,3,15,20,0,20,0.63,0.06,0.8,2,23,0,14,4,27,80,21.0,3.63
7145,7146,503770,13,6,3,26,1870,6680,7,7,5,11.0,30,35,263,26,12,3,4,10,0,13,0.37,0.27,0.59,5,12,0,8,3,18,61,8.5,3.35
7146,7147,503770,13,7,3,43,,6681,8,3,0,3.8,9,13,64,6,0,0,0,0,0,2,0.58,0.0,0.73,0,3,0,1,0,6,16,3.8,4.41
7147,7148,503866,12,7,4,5,2733,6682,8,2,1,1.4,29,22,143,19,21,4,6,7,0,26,0.24,0.12,0.17,10,3,0,3,1,14,29,1.4,2.41
7148,7149,503866,12,7,4,5,2734,6682,8,2,1,1.4,29,22,143,19,21,4,6,7,0,26,0.24,0.12,0.17,10,3,0,3,1,14,29,1.4,2.41
7149,7150,503866,12,7,4,5,2735,6682,8,2,1,1.4,29,22,143,19,21,4,6,7,0,26,0.24,0.12,0.17,10,3,0,3,1,14,29,1.4,2.41
7150,7151,503871,27,4,7,33,1154,6683,5,0,0,0.5,25,13,239,4,40,17,7,19,0,29,0.0,0.0,0.06,13,0,1,12,0,8,14,0.5,0.52
7151,7152,503871,27,6,2,154,,6684,7,2,5,1.7,105,36,979,13,133,51,42,55,0,91,0.06,0.14,0.05,55,7,1,31,1,20,59,1.7,0.86
7152,7153,503871,27,7,2,16,,6685,8,1,0,0.8,41,9,462,5,62,20,26,29,0,43,0.06,0.0,0.05,23,1,0,14,0,10,24,0.8,0.78
7153,7154,503881,74,4,2,124,1024,6686,3,2,0,2.6,37,17,335,11,34,13,16,19,0,26,0.16,0.0,0.21,14,2,0,11,3,11,32,2.6,1.97
7154,7155,503881,74,6,2,57,,6687,5,0,0,0.1,48,3,499,5,32,14,29,17,0,28,0.0,0.0,0.01,15,0,0,15,1,6,11,0.1,0.31
7155,7156,503977,37,7,1,42,2523,6688,7,1,0,1.2,55,9,1009,7,11,16,63,36,0,12,0.07,0.0,0.08,8,1,3,23,2,10,15,1.2,0.69
7156,7157,503980,45,4,5,63,,6689,4,2,2,3.0,15,17,106,9,4,0,3,9,0,10,0.24,0.24,0.36,2,4,0,11,1,12,26,3.0,2.77
7157,7158,503980,45,5,3,9,,6690,5,0,2,0.8,6,2,43,2,6,0,4,5,0,5,0.0,0.85,0.36,3,2,0,5,1,2,4,0.8,4.25
7158,7159,503987,55,5,3,10,1208,6691,5,1,0,0.9,36,48,223,13,12,4,7,13,0,13,0.14,0.0,0.13,6,1,0,2,0,21,24,0.9,1.68
7159,7160,503987,55,6,3,49,,6692,6,5,2,2.5,52,76,412,20,16,4,14,11,0,34,0.43,0.17,0.21,11,7,0,7,2,36,51,1.7,2.65
7160,7161,503987,55,7,3,49,,6693,7,5,3,5.0,44,79,277,16,14,5,5,11,0,21,0.43,0.26,0.43,9,8,0,7,1,34,40,5.0,4.24
7161,7162,503991,20,3,2,34,,6694,2,1,0,1.1,20,43,314,8,21,15,12,20,0,24,0.06,0.0,0.06,8,1,1,20,0,33,27,1.1,0.35
7162,7163,503991,20,4,4,41,,6695,3,1,0,0.5,44,59,277,10,23,14,11,19,0,20,0.07,0.0,0.04,6,1,0,16,0,37,33,0.5,0.5
7163,7164,503991,20,5,2,16,,6696,4,0,2,1.8,93,72,604,16,48,11,16,20,1,30,0.0,0.09,0.08,20,2,2,28,3,62,47,1.8,0.94
7164,7165,503991,51,6,4,42,1830,6697,5,0,2,0.6,64,48,566,14,25,10,16,18,0,15,0.0,0.12,0.04,8,2,1,14,0,39,38,0.6,0.85
7165,7166,504148,25,3,7,33,,6698,4,1,1,0.7,26,40,372,9,17,19,12,8,1,13,0.1,0.1,0.07,6,2,1,5,1,36,23,0.7,0.61
7166,7167,504148,25,4,6,10,,6699,5,0,2,0.8,36,81,593,21,36,21,23,13,0,25,0.0,0.12,0.05,15,2,0,7,2,51,54,0.8,1.1
7167,7168,504148,25,7,1,5,,6700,9,1,2,0.1,6,12,119,3,4,4,9,7,0,7,0.35,0.69,0.04,2,3,0,1,0,4,6,0.1,0.69
7168,7169,504153,65,4,1,3,,6701,3,1,2,1.4,57,35,795,18,40,22,38,27,0,41,0.05,0.09,0.07,17,3,0,18,3,23,41,1.4,0.85
7169,7170,504153,65,5,1,20,,6702,4,0,0,0.5,57,29,921,13,31,8,61,17,0,31,0.0,0.0,0.02,24,0,0,18,0,23,35,0.5,0.29
7170,7171,504153,65,6,1,5,,6703,5,1,4,0.6,75,39,1052,16,41,18,78,31,0,40,0.04,0.16,0.02,23,5,2,22,0,33,30,0.6,0.44
7171,7172,504209,28,4,2,6,1176,6704,4,1,1,0.9,79,26,733,16,53,21,30,45,0,63,0.05,0.05,0.04,28,2,1,31,2,23,40,0.9,0.65
7172,7173,504209,28,7,2,38,,6705,7,1,0,1.3,47,29,307,15,16,4,21,13,0,22,0.08,0.0,0.1,9,1,0,8,3,29,36,1.3,1.43
7173,7174,504849,25,5,5,28,,6706,10,7,5,8.1,90,143,780,41,44,17,10,25,0,41,0.27,0.19,0.31,20,12,0,18,4,82,109,8.1,2.02
7174,7175,504849,25,6,3,42,,6707,11,3,4,3.5,64,121,509,25,13,5,12,15,0,19,0.18,0.24,0.21,5,7,0,11,3,54,62,3.5,2.06
7175,7176,504849,25,7,5,65,,6708,12,3,2,4.0,52,86,421,25,24,8,3,25,0,32,0.19,0.12,0.25,12,5,0,12,5,43,59,4.0,1.99
7176,7177,505194,57,3,1,13,,6709,4,1,0,0.3,27,15,358,7,23,17,21,15,0,21,0.09,0.0,0.03,14,1,0,20,0,8,17,0.3,0.65
7177,7178,505194,108,6,1,5,2161,6710,7,0,0,0.5,33,8,234,2,20,10,27,23,0,14,0.0,0.0,0.05,8,0,0,10,0,7,10,0.5,0.59
7178,7179,505194,108,6,1,5,2162,6710,7,0,0,0.5,33,8,234,2,20,10,27,23,0,14,0.0,0.0,0.05,8,0,0,10,0,7,10,0.5,0.59
7179,7180,505194,108,6,1,5,2163,6710,7,0,0,0.5,33,8,234,2,20,10,27,23,0,14,0.0,0.0,0.05,8,0,0,10,0,7,10,0.5,0.59
7180,7181,505219,22,5,8,25,1382,6711,6,0,1,0.8,33,8,256,7,16,12,13,9,0,19,0.0,0.11,0.09,9,1,0,12,0,9,19,0.8,1.01
7181,7182,505219,22,6,2,24,,6712,7,1,2,2.7,100,36,958,44,83,45,47,45,0,82,0.03,0.06,0.08,35,3,1,23,4,37,98,2.7,1.23
7182,7183,505653,72,3,3,21,806,6713,3,4,3,5.3,17,14,237,11,6,4,5,12,0,12,0.26,0.2,0.35,4,7,1,34,1,8,29,4.5,3.09
7183,7184,505653,72,4,3,26,,6714,4,0,0,1.8,14,14,93,3,3,1,1,2,0,8,0.0,0.0,0.28,0,0,0,9,1,13,16,1.8,2.99
7184,7185,505653,72,6,3,47,2235,6715,6,0,0,1.0,10,5,61,4,7,2,0,1,0,3,0.0,0.0,0.35,2,0,0,2,1,5,9,1.0,2.39
7185,7186,505653,72,6,3,47,2236,6715,6,0,0,1.0,10,5,61,4,7,2,0,1,0,3,0.0,0.0,0.35,2,0,0,2,1,5,9,1.0,2.39
7186,7187,505653,136,7,5,39,2581,6716,7,5,2,3.6,12,21,155,5,5,3,14,8,0,8,0.47,0.19,0.34,1,7,0,29,1,6,20,2.9,2.33
7187,7188,505653,136,7,5,39,2582,6716,7,5,2,3.6,12,21,155,5,5,3,14,8,0,8,0.47,0.19,0.34,1,7,0,29,1,6,20,2.9,2.33
7188,7189,505674,50,5,3,28,1288,6717,6,6,5,7.3,42,40,408,28,16,2,26,9,0,17,0.22,0.19,0.27,5,11,0,27,1,36,62,7.3,2.85
7189,7190,505674,50,5,3,28,1289,6717,6,6,5,7.3,42,40,408,28,16,2,26,9,0,17,0.22,0.19,0.27,5,11,0,27,1,36,62,7.3,2.85
7190,7191,505674,50,6,3,41,1831,6718,7,3,1,4.5,41,22,273,20,16,3,15,10,0,15,0.16,0.05,0.24,6,4,0,16,6,20,46,4.5,1.79
7191,7192,505674,50,7,3,23,,6719,8,2,1,3.3,21,16,160,16,9,4,15,8,0,6,0.21,0.1,0.34,4,3,0,9,6,13,31,3.3,2.46
7192,7193,506009,26,4,4,3,,6720,8,0,0,0.2,13,5,85,7,6,0,0,5,0,3,0.0,0.0,0.09,1,0,0,1,0,3,12,0.2,1.96
7193,7194,506189,64,5,2,3,1383,6721,8,0,0,0.4,22,3,289,2,16,7,6,15,0,12,0.0,0.0,0.05,6,0,0,9,0,5,13,0.4,0.47
7194,7195,506189,37,7,2,25,2335,6722,10,1,0,0.6,48,18,669,12,32,19,27,17,0,26,0.07,0.0,0.04,10,1,3,11,6,14,23,0.6,0.48
7195,7196,506248,113,2,2,30,269,6723,7,4,1,2.7,104,24,743,20,52,31,18,20,0,49,0.16,0.04,0.1,18,5,1,42,1,30,52,1.0,1.24
7196,7197,506248,113,3,2,108,,6724,8,0,3,3.3,169,45,853,43,51,22,17,25,0,66,0.0,0.11,0.12,20,3,0,33,2,36,88,1.7,1.5
7197,7198,506248,53,5,2,14,1693,6725,10,2,2,0.9,72,19,389,22,34,12,20,7,1,23,0.16,0.16,0.07,13,4,0,14,3,15,45,0.9,1.47
7198,7199,507341,12,6,2,5,1888,6726,6,1,0,0.3,41,10,169,4,13,5,2,3,0,11,0.25,0.0,0.07,6,1,0,6,0,6,13,0.3,1.23
7199,7200,507341,32,7,4,41,2416,6727,7,1,3,1.1,28,14,214,9,13,6,3,8,0,21,0.14,0.42,0.15,6,4,0,3,2,11,25,1.1,1.98
7200,7201,507341,32,7,4,41,2417,6727,7,1,3,1.1,28,14,214,9,13,6,3,8,0,21,0.14,0.42,0.15,6,4,0,3,2,11,25,1.1,1.98
7201,7202,507344,82,6,7,52,1889,6728,6,0,0,0.5,71,21,904,10,48,27,65,51,0,33,0.0,0.0,0.02,20,0,0,30,0,13,25,0.5,0.35
7202,7203,507344,82,7,1,6,,6729,7,0,0,0.1,28,9,345,1,16,5,29,8,0,14,0.0,0.0,0.02,9,0,0,6,0,4,2,0.1,0.36
7203,7204,507345,32,6,1,33,1890,6730,6,1,0,0.4,17,6,308,5,15,5,13,8,0,13,0.15,0.0,0.05,9,1,0,4,0,5,7,0.4,0.45
7204,7205,507345,32,6,1,33,1891,6730,6,1,0,0.4,17,6,308,5,15,5,13,8,0,13,0.15,0.0,0.05,9,1,0,4,0,5,7,0.4,0.45
7205,7206,507486,110,3,2,48,547,6731,4,1,0,0.6,33,13,354,4,18,5,7,8,0,26,0.1,0.0,0.06,11,1,0,9,0,11,11,0.6,0.5
7206,7207,507486,110,7,2,134,,6732,8,3,0,1.9,51,34,475,5,14,12,23,5,0,19,0.2,0.0,0.13,9,3,0,16,4,23,35,1.9,1.29
7207,7208,507700,60,2,1,25,,6733,3,1,0,1.0,44,40,530,13,21,16,27,9,0,29,0.09,0.0,0.09,9,1,0,10,1,23,25,1.0,0.54
7208,7209,507700,60,3,1,5,,6734,4,0,0,0.2,5,5,120,1,0,1,7,1,0,1,0.0,0.0,0.11,0,0,0,0,0,5,2,0.2,0.48
7209,7210,507700,78,4,1,41,1062,6735,5,0,1,0.2,90,57,899,21,55,44,50,26,0,64,0.0,0.04,0.01,36,1,0,14,4,47,44,0.2,0.17
7210,7211,508941,46,4,4,63,,6736,8,0,1,0.6,47,7,379,9,16,8,4,9,0,25,0.0,0.12,0.07,4,1,0,13,2,8,21,0.6,1.2
7211,7212,509022,68,5,1,14,,6737,9,0,0,0.6,56,18,808,6,15,21,54,20,0,15,0.0,0.0,0.03,9,0,2,32,0,14,19,0.6,0.81
7212,7213,509022,68,6,1,5,,6738,10,4,0,5.5,122,52,1166,10,33,19,90,26,0,24,0.14,0.0,0.19,19,4,1,50,1,31,29,5.5,1.19
7213,7214,509022,68,7,1,10,,6739,11,1,0,1.6,28,13,838,2,13,8,32,14,0,12,0.07,0.0,0.12,8,1,1,23,0,3,6,1.6,0.74
7214,7215,512352,142,7,1,2,,6740,7,1,0,0.4,14,6,111,6,13,8,18,10,0,11,0.19,0.0,0.07,8,1,1,8,0,3,10,0.4,0.75
7215,7216,512356,55,1,2,59,,6741,11,2,0,1.4,323,30,2785,29,76,64,38,46,0,96,0.06,0.0,0.04,45,2,1,12,34,72,73,0.6,0.51
7216,7217,512356,55,2,2,69,,6742,12,4,2,3.2,218,24,2000,23,66,64,27,30,0,91,0.15,0.08,0.12,35,6,2,14,16,34,81,0.9,0.34
7217,7218,512356,55,4,2,65,,6743,14,6,2,5.8,178,18,1681,27,64,36,21,27,0,83,0.24,0.08,0.23,29,8,1,13,8,27,70,0.3,0.36
7218,7219,512385,45,5,3,37,1209,6744,8,5,0,3.7,39,30,273,9,21,8,2,11,1,18,0.52,0.0,0.39,11,5,0,18,2,17,33,3.7,2.91
7219,7220,512385,100,6,5,42,2164,6745,9,2,2,2.5,38,51,226,20,23,8,4,18,0,16,0.26,0.26,0.33,9,4,0,16,1,20,42,2.5,3.48
7220,7221,512385,100,6,5,42,2165,6745,9,2,2,2.5,38,51,226,20,23,8,4,18,0,16,0.26,0.26,0.33,9,4,0,16,1,20,42,2.5,3.48
7221,7222,512385,100,7,5,45,2552,6746,10,1,1,1.1,3,14,54,9,5,0,5,3,0,4,0.43,0.43,0.48,0,2,0,1,0,4,13,1.1,5.19
7222,7223,513031,47,4,4,2,,6747,9,1,0,1.4,66,24,519,9,53,32,32,32,1,49,0.06,0.0,0.08,19,1,1,11,1,21,35,1.4,1.0
7223,7224,513031,47,5,8,17,,6748,10,0,0,0.6,34,22,312,6,19,22,14,18,0,34,0.0,0.0,0.05,10,0,1,7,0,19,18,0.6,1.0
7224,7225,513031,47,6,2,28,,6749,11,3,1,2.5,57,35,378,12,25,13,13,24,0,32,0.19,0.06,0.16,11,4,0,7,1,26,33,2.5,1.43
7225,7226,513031,47,7,7,28,,6750,12,0,0,0.7,23,11,218,4,15,11,20,11,0,19,0.0,0.0,0.08,9,0,0,3,1,5,10,0.7,0.9
7226,7227,513245,7,4,4,25,1155,6751,6,5,4,8.0,43,80,413,47,28,24,11,30,0,36,0.23,0.18,0.37,12,9,1,5,1,37,89,8.0,2.46
7227,7228,513245,7,5,4,24,,6752,7,7,2,5.9,33,65,325,19,26,9,9,25,0,22,0.38,0.11,0.32,7,9,0,6,4,41,55,5.9,2.41
7228,7229,513245,22,7,3,42,2674,6753,9,0,0,1.4,9,17,126,10,20,3,6,9,0,30,0.0,0.0,0.23,11,0,0,3,1,9,24,1.4,3.18
7229,7230,513245,22,7,3,42,2675,6753,9,0,0,1.4,9,17,126,10,20,3,6,9,0,30,0.0,0.0,0.23,11,0,0,3,1,9,24,1.4,3.18
7230,7231,517753,50,4,2,30,,6754,11,0,0,1.2,140,27,1102,15,102,39,43,56,0,105,0.0,0.0,0.04,44,0,0,35,0,24,41,1.2,0.39
7231,7232,517753,50,5,2,28,,6755,12,0,0,0.5,133,21,957,19,92,44,30,60,0,121,0.0,0.0,0.02,46,0,0,27,1,24,48,0.5,0.46
7232,7233,517753,50,6,2,9,,6756,13,1,0,1.7,132,24,1005,11,107,35,52,62,1,101,0.03,0.0,0.06,46,1,1,33,5,24,42,1.7,0.5
7233,7234,517753,50,7,2,14,,6757,15,0,0,0.4,58,7,399,5,36,18,38,23,0,40,0.0,0.0,0.03,20,0,0,23,0,5,29,0.4,0.23
7234,7235,517842,96,3,1,14,,6758,7,0,1,0.3,41,30,505,6,23,10,31,12,0,19,0.0,0.07,0.02,11,1,0,14,0,20,17,0.3,0.3
7235,7236,517842,96,5,1,6,,6759,9,0,1,0.2,57,37,781,14,38,9,38,26,0,47,0.0,0.05,0.01,22,1,0,21,0,32,36,0.2,0.31
7236,7237,517842,96,6,1,6,,6760,10,0,2,0.3,39,24,504,12,36,9,33,16,0,35,0.0,0.16,0.02,24,2,0,23,0,23,24,0.3,0.56
7237,7238,518505,4,4,5,40,,6761,5,5,1,4.0,34,76,255,16,13,13,5,9,0,16,0.23,0.05,0.18,3,6,0,14,0,27,45,4.0,2.02
7238,7239,518505,44,5,5,52,1330,6762,6,1,1,0.7,4,8,39,3,5,1,0,3,0,5,0.34,0.34,0.22,3,2,0,1,0,11,10,0.7,3.06
7239,7240,518505,32,6,5,33,1919,6763,7,4,4,6.1,35,65,470,23,18,5,13,21,0,17,0.24,0.24,0.36,5,8,0,4,2,38,61,6.1,2.6
7240,7241,518505,32,6,5,33,1920,6763,7,4,4,6.1,35,65,470,23,18,5,13,21,0,17,0.24,0.24,0.36,5,8,0,4,2,38,61,6.1,2.6
7241,7242,518505,32,7,5,6,2502,6764,8,1,0,0.5,26,25,182,10,5,4,7,10,0,9,0.14,0.0,0.06,3,1,0,3,0,16,21,0.5,1.64
7242,7243,518644,133,5,5,14,,6765,6,3,1,4.2,30,59,195,13,15,15,10,11,0,27,0.19,0.06,0.27,8,4,0,5,3,31,42,3.4,2.57
7243,7244,518644,133,6,5,6,,6766,7,3,5,4.7,42,59,203,26,12,34,10,16,2,26,0.17,0.29,0.27,6,8,0,5,4,41,57,4.7,2.32
7244,7245,520454,76,3,5,1,,6767,25,0,0,0.6,6,7,106,2,0,0,0,1,0,1,0.0,0.0,0.2,0,0,0,2,0,2,3,0.6,0.95
7245,7246,520468,59,2,7,3,250,6768,7,1,1,0.7,20,12,183,4,19,14,27,6,0,18,0.13,0.13,0.09,9,2,0,8,0,5,8,0.7,0.27
7246,7247,520468,59,3,1,14,,6769,8,1,1,1.1,37,39,591,15,37,22,55,17,0,29,0.06,0.06,0.06,17,2,0,21,0,24,32,1.1,0.52
7247,7248,520468,59,4,1,38,,6770,9,2,5,0.9,84,59,795,32,49,27,62,28,0,34,0.08,0.21,0.04,15,7,0,24,1,37,57,0.9,0.5
7248,7249,520468,59,6,1,67,,6771,11,1,1,1.4,54,24,536,17,36,18,43,39,0,33,0.06,0.06,0.08,17,2,0,20,1,20,42,1.4,1.0
7249,7250,520530,26,4,1,44,928,6772,8,0,2,0.3,20,13,348,12,30,6,21,11,0,31,0.0,0.18,0.03,13,2,0,18,0,10,17,0.3,0.55
7250,7251,520530,26,6,1,3,,6773,10,0,1,0.8,38,4,628,6,40,20,107,41,0,35,0.0,0.05,0.04,20,1,1,30,0,12,17,0.8,0.63
7251,7252,520624,34,3,2,22,,6774,7,3,1,2.6,196,40,1303,18,76,14,13,24,0,64,0.15,0.05,0.13,30,4,0,9,6,54,66,1.8,1.28
7252,7253,520624,83,4,2,43,1156,6775,8,5,1,3.1,54,18,441,12,44,9,13,25,0,38,0.44,0.09,0.27,21,6,0,4,4,15,31,3.1,2.0
7253,7254,520624,83,5,2,7,,6776,9,4,5,2.8,222,41,1387,42,78,36,22,28,0,65,0.13,0.17,0.09,38,9,1,19,25,47,110,2.8,0.92
7254,7255,520624,83,6,2,31,,6777,10,7,8,4.8,283,65,1941,62,88,35,20,52,0,77,0.19,0.22,0.13,40,15,0,18,26,73,143,4.8,1.32
7255,7256,520624,83,7,2,19,,6778,12,1,4,1.8,111,22,665,19,37,15,14,15,0,29,0.06,0.24,0.11,16,5,2,6,11,20,50,1.8,1.22
7256,7257,520947,17,4,2,9,,6779,8,1,0,0.2,3,9,105,1,14,4,7,6,0,13,0.19,0.0,0.04,6,1,0,12,0,9,5,0.2,1.34
7257,7258,520947,17,5,7,3,,6780,9,0,0,0.2,17,8,150,6,9,2,15,11,0,21,0.0,0.0,0.04,6,0,1,6,0,9,11,0.2,0.75
7258,7259,521407,122,6,3,20,1750,6781,10,7,1,9.0,22,31,262,16,12,5,10,6,0,8,0.3,0.04,0.38,4,8,0,37,1,14,38,8.2,2.5
7259,7260,521407,122,6,3,20,1751,6781,10,7,1,9.0,22,31,262,16,12,5,10,6,0,8,0.3,0.04,0.38,4,8,0,37,1,14,38,8.2,2.5
7260,7261,521407,122,6,3,20,1752,6781,10,7,1,9.0,22,31,262,16,12,5,10,6,0,8,0.3,0.04,0.38,4,8,0,37,1,14,38,8.2,2.5
7261,7262,522223,141,7,2,28,,6782,10,0,0,0.4,6,5,54,2,1,2,4,3,0,3,0.0,0.0,0.14,0,0,0,7,0,4,5,0.4,1.19
7262,7263,523318,15,6,3,6,1742,6783,8,7,1,4.6,13,10,105,8,15,2,9,6,0,8,0.7,0.1,0.46,3,8,0,35,1,6,20,4.6,2.59
7263,7264,523318,15,7,3,6,2452,6784,10,3,1,4.4,6,6,70,3,8,3,5,5,0,5,0.43,0.14,0.63,3,4,0,13,0,7,11,4.4,2.43
7264,7265,524010,98,4,2,2,,6785,7,1,0,1.3,74,24,378,5,13,19,10,17,0,28,0.08,0.0,0.1,3,1,0,10,1,21,26,0.5,1.31
7265,7266,524010,98,5,2,33,,6786,8,0,0,1.3,37,12,294,12,14,10,5,7,0,20,0.0,0.0,0.13,8,0,0,9,1,15,25,1.3,1.9
7266,7267,524010,38,6,2,23,2037,6787,9,2,0,0.6,8,5,92,2,3,5,16,5,0,5,0.45,0.0,0.13,1,2,1,3,0,4,6,0.6,1.34
7267,7268,524285,39,3,6,13,,6788,2,1,0,0.7,9,12,126,2,14,6,8,3,0,17,0.29,0.0,0.21,6,1,0,5,0,6,6,0.7,0.58
7268,7269,524285,65,4,6,33,991,6789,3,0,4,2.1,24,13,412,15,24,13,33,24,0,40,0.0,0.26,0.14,11,4,1,7,1,6,33,2.1,0.9
7269,7270,524285,65,5,1,38,,6790,4,1,3,1.0,12,12,279,5,25,6,27,5,0,32,0.13,0.38,0.13,19,4,0,8,1,10,15,1.0,0.51
7270,7271,524285,65,6,1,38,,6791,5,0,4,1.0,81,46,945,37,38,22,76,36,0,43,0.0,0.16,0.04,23,4,1,37,2,33,70,1.0,0.69
7271,7272,524925,82,6,1,23,2237,6792,9,2,0,1.2,25,7,442,3,34,15,67,13,0,25,0.17,0.0,0.1,15,2,0,20,0,3,8,1.2,0.77
7272,7273,524925,82,6,1,23,2238,6792,9,2,0,1.2,25,7,442,3,34,15,67,13,0,25,0.17,0.0,0.1,15,2,0,20,0,3,8,1.2,0.77
7273,7274,524925,82,7,1,23,,6793,10,1,0,0.6,20,7,473,5,26,17,53,12,0,26,0.08,0.0,0.05,15,1,3,18,0,3,7,0.6,0.65
7274,7275,525287,13,1,5,27,109,6794,8,2,1,2.7,9,8,55,7,4,1,2,7,0,1,0.34,0.17,0.47,0,3,0,13,0,6,19,2.7,2.58
7275,7276,525287,13,1,5,27,110,6794,8,2,1,2.7,9,8,55,7,4,1,2,7,0,1,0.34,0.17,0.47,0,3,0,13,0,6,19,2.7,2.58
7276,7277,525287,13,1,5,27,111,6794,8,2,1,2.7,9,8,55,7,4,1,2,7,0,1,0.34,0.17,0.47,0,3,0,13,0,6,19,2.7,2.58
7277,7278,525287,13,1,5,27,112,6794,8,2,1,2.7,9,8,55,7,4,1,2,7,0,1,0.34,0.17,0.47,0,3,0,13,0,6,19,2.7,2.58
7278,7279,525287,88,3,3,37,807,6795,10,1,0,1.2,2,1,24,2,3,2,5,0,0,1,0.29,0.0,0.36,1,1,0,14,0,2,5,1.2,2.05
7279,7280,525287,88,3,3,37,808,6795,10,1,0,1.2,2,1,24,2,3,2,5,0,0,1,0.29,0.0,0.36,1,1,0,14,0,2,5,1.2,2.05
7280,7281,525287,116,5,3,5,1210,6796,12,5,2,3.3,15,9,119,7,4,0,10,7,0,4,0.41,0.16,0.27,0,7,0,27,3,10,16,3.3,1.7
7281,7282,525287,116,5,3,5,1211,6796,12,5,2,3.3,15,9,119,7,4,0,10,7,0,4,0.41,0.16,0.27,0,7,0,27,3,10,16,3.3,1.7
7282,7283,525287,116,6,3,6,2166,6797,13,2,0,1.6,3,3,46,5,3,0,1,4,0,4,0.57,0.0,0.46,0,2,0,4,0,4,9,1.6,2.57
7283,7284,525287,116,6,3,6,2167,6797,13,2,0,1.6,3,3,46,5,3,0,1,4,0,4,0.57,0.0,0.46,0,2,0,4,0,4,9,1.6,2.57
7284,7285,525578,50,4,2,27,907,6798,12,2,1,1.7,55,8,435,4,31,30,27,16,0,26,0.16,0.08,0.14,12,3,0,34,2,13,24,1.7,1.56
7285,7286,525578,50,5,8,3,,6799,13,1,0,2.6,65,10,575,6,39,22,34,23,0,34,0.07,0.0,0.18,15,1,0,34,0,16,21,2.6,1.4
7286,7287,525578,50,6,2,23,,6800,14,1,0,1.5,84,14,738,11,44,30,54,27,0,29,0.05,0.0,0.08,16,1,0,50,2,9,29,1.5,1.19
7287,7288,525578,50,7,2,28,,6801,15,1,1,0.6,43,6,285,9,16,13,29,10,0,17,0.12,0.12,0.08,7,2,0,18,2,7,21,0.6,1.23
7288,7289,525704,27,3,2,30,816,6802,3,0,2,0.9,59,15,710,16,29,20,19,11,0,32,0.0,0.15,0.07,9,2,1,7,3,18,28,0.9,0.83
7289,7290,525704,27,3,2,30,817,6802,3,0,2,0.9,59,15,710,16,29,20,19,11,0,32,0.0,0.15,0.07,9,2,1,7,3,18,28,0.9,0.83
7290,7291,525704,27,4,2,9,1142,6803,4,0,3,0.7,84,31,762,30,37,20,20,21,0,40,0.0,0.18,0.04,15,3,0,5,3,23,61,0.7,1.04
7291,7292,525704,6,6,2,10,2118,6804,6,0,2,0.6,56,21,851,10,46,23,29,27,0,36,0.0,0.14,0.04,16,2,0,11,2,11,22,0.6,0.34
7292,7293,525704,6,7,2,10,2676,6805,8,0,0,0.3,69,15,813,10,41,20,17,9,0,37,0.0,0.0,0.02,19,0,2,2,3,19,26,0.3,0.7
7293,7294,526466,141,7,5,23,,6806,9,2,2,0.9,12,14,61,7,12,1,1,6,0,11,0.52,0.52,0.24,6,4,0,0,0,7,19,0.9,2.62
7294,7295,527698,109,3,2,46,,6807,8,0,0,0.8,63,18,422,12,26,17,18,10,0,33,0.0,0.0,0.06,7,0,0,24,0,15,24,0.8,1.16
7295,7296,527698,76,4,4,30,867,6808,9,2,0,1.0,19,23,181,6,8,3,4,6,0,10,0.35,0.0,0.17,0,2,0,14,4,19,18,1.0,1.73
7296,7297,527698,76,4,4,30,868,6808,9,2,0,1.0,19,23,181,6,8,3,4,6,0,10,0.35,0.0,0.17,0,2,0,14,4,19,18,1.0,1.73
7297,7298,527698,109,5,2,17,,6809,10,1,2,2.3,134,54,927,32,67,20,28,26,0,68,0.04,0.08,0.09,25,3,0,31,4,46,77,2.3,1.79
7298,7299,527698,50,6,4,52,1832,6810,11,1,0,1.9,47,17,279,7,27,8,6,11,0,23,0.11,0.0,0.2,11,1,0,11,6,10,27,1.9,1.4
7299,7300,527698,50,6,4,52,1833,6810,11,1,0,1.9,47,17,279,7,27,8,6,11,0,23,0.11,0.0,0.2,11,1,0,11,6,10,27,1.9,1.4
7300,7301,527698,109,7,2,23,2722,6811,12,1,0,1.3,50,13,340,11,33,7,15,14,0,24,0.09,0.0,0.12,13,1,0,9,2,11,25,1.3,1.46
7301,7302,530902,71,1,2,9,,6812,9,3,1,2.2,146,38,1096,24,48,47,29,25,1,56,0.1,0.03,0.07,19,4,1,47,3,44,75,2.2,1.8
7302,7303,530902,71,2,2,41,,6813,10,3,0,3.1,130,34,1122,17,32,29,18,31,0,30,0.12,0.0,0.12,10,3,1,37,1,28,41,1.5,1.3
7303,7304,530902,71,3,2,20,,6814,11,2,2,2.6,101,22,799,14,28,22,19,17,0,31,0.11,0.11,0.14,14,4,0,33,3,22,41,1.8,1.39
7304,7305,530902,132,6,2,63,,6815,14,2,0,3.0,148,22,1031,12,47,25,33,30,0,60,0.08,0.0,0.12,30,2,0,42,1,37,44,1.4,1.22
7305,7306,530902,132,7,2,28,,6816,15,3,1,3.7,57,6,423,3,31,19,20,17,0,26,0.23,0.08,0.29,18,4,2,17,1,8,21,1.4,1.47
7306,7307,531065,58,6,2,30,1978,6817,7,2,2,0.5,19,4,352,6,12,6,12,8,0,14,0.33,0.33,0.08,7,4,0,5,0,3,10,0.5,0.33
7307,7308,531277,50,4,5,17,,6818,7,0,0,0.6,4,1,21,0,0,0,0,1,0,1,0.0,0.0,0.3,0,0,0,2,0,1,2,0.6,2.42
7308,7309,531277,50,5,5,74,,6819,8,0,0,0.5,4,3,39,1,4,1,2,2,0,5,0.0,0.0,0.21,3,0,0,5,0,3,6,0.5,1.76
7309,7310,531824,80,4,1,34,,6820,6,1,0,0.2,0,1,50,0,2,0,5,2,0,2,1.0,0.0,0.18,2,1,1,6,0,0,0,0.2,2.0
7310,7311,531829,120,3,5,129,,6821,7,1,1,2.1,27,28,194,8,9,8,5,11,1,10,0.11,0.11,0.23,3,2,0,17,1,23,25,2.1,1.05
7311,7312,531949,75,1,3,28,,6822,4,2,0,2.9,14,21,173,11,3,1,7,2,0,7,0.17,0.0,0.25,0,2,0,23,2,7,30,2.9,2.35
7312,7313,531949,75,2,5,23,,6823,5,3,1,1.9,33,33,274,13,10,4,13,8,0,18,0.22,0.07,0.14,3,4,0,13,2,20,37,1.9,1.23
7313,7314,531949,84,3,3,142,809,6824,6,7,0,7.8,13,27,193,14,4,6,3,7,0,12,0.48,0.0,0.54,3,7,0,21,1,10,36,7.8,2.76
7314,7315,531949,84,4,3,20,,6825,7,5,1,4.2,14,11,142,11,3,2,3,4,0,6,0.44,0.09,0.37,2,6,0,19,2,8,29,4.2,2.72
7315,7316,532040,118,3,5,153,,6826,4,0,0,0.6,10,9,55,1,2,0,4,5,0,4,0.0,0.0,0.2,0,0,0,7,0,5,8,0.6,1.23
7316,7317,532178,45,5,4,28,,6827,5,1,2,0.7,15,7,107,13,15,1,1,10,0,21,0.21,0.42,0.15,8,3,0,1,0,8,24,0.7,2.55
7317,7318,532539,111,5,6,33,,6828,6,1,0,0.3,21,10,179,5,14,12,21,5,0,12,0.19,0.0,0.06,6,1,0,8,1,4,7,0.3,0.95
7318,7319,532776,9,4,5,9,1020,6829,6,3,2,4.3,56,51,376,14,27,11,12,26,0,15,0.21,0.14,0.31,8,5,0,12,6,29,49,4.3,2.65
7319,7320,532776,9,5,5,5,,6830,7,5,3,5.0,49,46,427,20,18,6,7,28,2,17,0.31,0.19,0.31,5,8,0,29,3,29,56,5.0,2.32
7320,7321,532776,9,6,4,16,,6831,8,4,6,3.3,39,32,367,21,16,6,5,10,0,17,0.4,0.6,0.33,7,10,0,21,2,25,52,3.3,2.71
7321,7322,532937,27,4,1,6,1093,6832,7,1,0,0.8,62,12,829,4,79,42,85,32,0,75,0.04,0.0,0.03,48,1,0,59,0,13,16,0.8,0.55
7322,7323,532937,27,4,1,6,1094,6832,7,1,0,0.8,62,12,829,4,79,42,85,32,0,75,0.04,0.0,0.03,48,1,0,59,0,13,16,0.8,0.55
7323,7324,532937,138,5,1,14,1591,6833,8,1,0,0.7,48,18,632,6,41,45,93,27,0,39,0.05,0.0,0.04,18,1,1,35,1,11,20,0.7,0.6
7324,7325,532937,138,5,1,14,1592,6833,8,1,0,0.7,48,18,632,6,41,45,93,27,0,39,0.05,0.0,0.04,18,1,1,35,1,11,20,0.7,0.6
7325,7326,532937,27,6,1,142,,6834,9,1,1,1.9,81,29,1069,11,51,45,113,50,0,50,0.03,0.03,0.06,32,2,0,77,0,26,39,1.9,1.07
7326,7327,532937,27,7,1,41,,6835,11,0,0,1.0,38,12,618,3,19,21,57,24,0,16,0.0,0.0,0.07,5,0,1,33,0,10,13,1.0,0.76
7327,7328,533295,81,4,5,17,1109,6836,5,3,6,3.7,76,64,427,42,53,27,13,30,0,61,0.13,0.26,0.16,22,9,0,40,9,43,91,3.7,2.46
7328,7329,533295,74,5,5,20,1331,6837,6,4,8,4.4,64,42,334,37,39,15,15,27,0,38,0.22,0.44,0.24,12,12,0,22,4,17,72,4.4,1.69
7329,7330,533295,74,6,5,5,,6838,7,2,0,1.4,15,8,128,4,14,3,7,14,1,18,0.31,0.0,0.22,8,2,0,13,0,8,16,1.4,1.53
7330,7331,533295,74,7,4,16,,6839,8,0,2,1.2,29,10,107,11,15,9,4,10,1,12,0.0,0.28,0.17,6,2,0,15,2,11,23,1.2,1.28
7331,7332,533568,95,4,1,23,948,6840,10,0,0,0.3,42,17,305,3,42,26,42,10,0,37,0.0,0.0,0.02,24,0,0,23,0,14,19,0.3,0.5
7332,7333,533568,95,6,1,23,2051,6841,12,1,0,0.6,45,17,330,6,29,12,59,14,0,28,0.08,0.0,0.05,16,1,0,25,1,10,24,0.6,0.63
7333,7334,533568,95,7,1,3,,6842,13,1,1,0.5,28,16,337,9,39,14,44,9,0,33,0.07,0.07,0.04,21,2,0,16,0,14,23,0.5,0.7
7334,7335,533662,37,7,3,16,2390,6843,8,2,0,4.4,9,13,113,1,8,2,5,5,0,4,0.2,0.0,0.44,1,2,0,5,1,4,10,3.6,2.11
7335,7336,533662,37,7,3,16,2391,6843,8,2,0,4.4,9,13,113,1,8,2,5,5,0,4,0.2,0.0,0.44,1,2,0,5,1,4,10,3.6,2.11
7336,7337,533738,31,3,3,26,617,6844,5,13,2,9.1,47,46,444,35,17,3,9,19,0,24,0.5,0.08,0.35,9,15,0,15,1,37,72,9.1,2.1
7337,7338,533738,31,4,3,22,,6845,6,15,0,14.6,67,43,504,34,24,5,15,14,0,30,0.48,0.0,0.47,9,15,0,26,2,28,77,12.3,2.15
7338,7339,533738,31,5,3,65,,6846,7,24,4,23.6,95,67,716,53,24,8,13,20,0,27,0.68,0.11,0.67,10,28,0,16,6,44,116,15.1,2.7
7339,7340,533738,31,6,3,55,,6847,8,19,4,17.5,79,47,537,32,26,9,4,16,0,26,0.65,0.14,0.6,8,23,0,21,0,33,77,15.0,2.6
7340,7341,533738,31,7,3,8,,6848,9,11,1,9.4,25,17,240,8,12,3,3,6,0,10,0.84,0.08,0.71,4,12,0,8,1,13,23,5.4,2.21
7341,7342,533916,52,4,2,13,,6849,8,1,0,0.7,35,14,257,9,14,11,12,10,1,15,0.1,0.0,0.07,6,1,0,7,0,13,21,0.7,1.19
7342,7343,533916,52,5,2,23,,6850,9,0,1,0.4,39,8,247,10,15,7,10,10,1,17,0.0,0.15,0.05,7,1,0,6,2,12,18,0.4,0.58
7343,7344,533916,52,6,2,23,,6851,10,1,1,0.9,5,3,66,4,4,3,6,5,0,5,0.39,0.39,0.35,1,2,0,3,0,1,5,0.9,0.79
7344,7345,534033,25,2,4,41,532,6852,5,0,0,0.5,6,2,77,5,9,1,2,12,0,9,0.0,0.0,0.12,5,0,0,2,0,3,11,0.5,1.79
7345,7346,534033,25,2,4,41,533,6852,5,0,0,0.5,6,2,77,5,9,1,2,12,0,9,0.0,0.0,0.12,5,0,0,2,0,3,11,0.5,1.79
7346,7347,534033,25,3,4,39,,6853,6,1,1,1.3,48,15,320,15,26,9,4,25,0,38,0.08,0.08,0.1,11,2,0,7,3,12,34,1.3,1.94
7347,7348,534033,25,4,4,41,,6854,7,5,2,6.3,137,30,858,31,65,13,22,37,0,68,0.21,0.08,0.27,29,7,0,24,4,38,83,4.0,2.42
7348,7349,534033,25,5,2,37,,6855,8,10,2,12.1,174,69,1586,47,70,22,10,26,0,71,0.31,0.06,0.38,34,12,1,25,15,74,106,7.3,2.49
7349,7350,534033,21,6,2,66,2168,6856,9,5,5,3.7,209,44,1704,47,99,35,25,65,1,125,0.17,0.17,0.13,59,10,1,31,14,45,108,2.9,1.49
7350,7351,534033,21,7,2,31,,6857,11,1,0,1.0,66,14,526,15,43,8,10,29,0,46,0.09,0.0,0.09,24,1,1,8,2,13,45,1.0,0.94
7351,7352,534084,73,6,1,82,1985,6858,6,1,0,0.2,16,3,264,1,17,11,36,24,0,22,0.1,0.0,0.03,11,1,0,17,0,5,9,0.2,0.83
7352,7353,534084,73,6,1,82,1986,6858,6,1,0,0.2,16,3,264,1,17,11,36,24,0,22,0.1,0.0,0.03,11,1,0,17,0,5,9,0.2,0.83
7353,7354,534379,136,6,3,40,,6859,12,2,0,1.3,20,17,166,9,12,2,5,4,0,18,0.36,0.0,0.23,6,2,0,4,1,15,19,1.3,3.04
7354,7355,534700,45,4,7,28,,6860,6,0,0,0.2,36,20,353,1,27,8,12,11,0,25,0.0,0.0,0.02,13,0,1,5,0,13,10,0.2,0.51
7355,7356,535834,13,3,2,29,,6861,3,1,1,0.8,7,2,69,3,11,1,2,1,1,7,0.29,0.29,0.22,3,2,0,1,0,4,6,0.8,0.86
7356,7357,535834,13,4,2,17,,6862,4,0,0,0.1,46,14,341,4,8,13,9,11,0,11,0.0,0.0,0.01,2,0,0,8,1,8,11,0.1,0.46
7357,7358,535834,13,5,2,20,,6863,5,1,0,0.2,60,5,399,2,26,15,11,18,0,26,0.08,0.0,0.02,11,1,1,10,0,13,11,0.2,0.31
7358,7359,535834,13,6,2,25,2274,6864,6,0,1,0.1,10,2,50,2,3,3,0,1,0,4,0.0,0.88,0.07,2,1,0,4,0,4,2,0.1,0.88
7359,7360,535834,13,6,2,25,2275,6864,6,0,1,0.1,10,2,50,2,3,3,0,1,0,4,0.0,0.88,0.07,2,1,0,4,0,4,2,0.1,0.88
7360,7361,535955,41,4,1,25,929,6865,6,1,1,1.9,42,47,581,10,21,9,33,15,0,18,0.08,0.08,0.14,8,2,1,23,0,29,27,1.9,1.76
7361,7362,535955,49,5,7,16,1664,6866,7,6,0,4.5,115,96,1058,24,56,15,25,32,1,56,0.23,0.0,0.17,28,6,0,23,3,68,66,4.5,2.49
7362,7363,535955,49,5,7,16,1665,6866,7,6,0,4.5,115,96,1058,24,56,15,25,32,1,56,0.23,0.0,0.17,28,6,0,23,3,68,66,4.5,2.49
7363,7364,535955,131,6,1,10,2276,6867,8,0,0,0.2,24,14,201,2,11,1,21,6,0,9,0.0,0.0,0.03,8,0,0,3,0,12,9,0.2,1.38
7364,7365,535955,131,6,1,10,2277,6867,8,0,0,0.2,24,14,201,2,11,1,21,6,0,9,0.0,0.0,0.03,8,0,0,3,0,12,9,0.2,1.38
7365,7366,535955,6,7,1,16,2553,6868,9,0,8,0.7,52,53,427,20,19,11,29,7,1,20,0.0,0.74,0.06,9,8,1,8,2,33,37,0.7,1.57
7366,7367,535955,6,7,1,16,2554,6868,9,0,8,0.7,52,53,427,20,19,11,29,7,1,20,0.0,0.74,0.06,9,8,1,8,2,33,37,0.7,1.57
7367,7368,536030,133,5,4,13,,6869,6,1,0,1.1,16,24,193,8,22,11,6,7,0,17,0.12,0.0,0.13,12,1,0,3,4,11,26,1.1,2.01
7368,7369,536482,99,3,5,13,548,6870,4,1,1,3.4,67,65,634,25,38,14,9,17,0,45,0.04,0.04,0.14,15,2,0,17,3,58,65,3.4,1.89
7369,7370,536482,99,3,5,13,549,6870,4,1,1,3.4,67,65,634,25,38,14,9,17,0,45,0.04,0.04,0.14,15,2,0,17,3,58,65,3.4,1.89
7370,7371,536482,90,4,2,6,,6871,5,0,0,0.1,21,7,192,1,9,2,1,5,0,3,0.0,0.0,0.03,2,0,0,1,0,7,4,0.1,1.14
7371,7372,536482,7,5,7,9,1438,6872,6,3,1,3.7,45,38,366,9,30,11,20,18,0,33,0.25,0.08,0.31,16,4,0,23,2,22,17,3.7,2.2
7372,7373,536482,7,5,7,9,1439,6872,6,3,1,3.7,45,38,366,9,30,11,20,18,0,33,0.25,0.08,0.31,16,4,0,23,2,22,17,3.7,2.2
7373,7374,536482,7,6,8,41,2218,6873,7,5,3,5.0,79,57,715,20,44,9,39,28,0,41,0.23,0.14,0.23,18,8,1,41,7,32,54,5.0,2.39
7374,7375,536508,140,5,2,14,1384,6874,6,0,0,1.4,48,21,385,11,27,14,7,12,0,16,0.0,0.0,0.11,7,0,0,6,5,26,28,1.4,1.05
7375,7376,536508,140,5,2,14,1385,6874,6,0,0,1.4,48,21,385,11,27,14,7,12,0,16,0.0,0.0,0.11,7,0,0,6,5,26,28,1.4,1.05
7376,7377,536835,60,6,5,47,,6875,6,1,1,0.5,10,11,149,10,10,1,6,3,0,7,0.23,0.23,0.12,3,2,0,4,0,12,20,0.5,2.31
7377,7378,536835,60,7,9,10,,6876,7,2,6,2.2,39,64,420,25,24,8,11,3,0,18,0.18,0.55,0.2,12,8,0,6,2,36,57,2.2,2.49
7378,7379,537127,82,5,1,74,1471,6877,8,1,1,0.4,14,5,219,6,13,10,11,7,0,14,0.17,0.17,0.07,7,2,0,6,0,9,11,0.4,0.51
7379,7380,537127,82,6,1,3,,6878,9,0,0,0.1,15,8,136,1,17,3,15,9,0,19,0.0,0.0,0.03,11,0,0,3,0,6,3,0.1,0.78
7380,7381,537382,87,1,4,44,,6879,2,1,1,0.8,7,10,52,2,6,1,0,0,0,5,0.54,0.54,0.45,1,2,0,0,0,3,6,0.8,2.16
7381,7382,537382,88,4,5,16,869,6880,5,0,0,0.1,7,6,50,2,3,0,0,2,0,2,0.0,0.0,0.06,1,0,0,0,0,4,5,0.1,0.96
7382,7383,537382,88,4,5,16,870,6880,5,0,0,0.1,7,6,50,2,3,0,0,2,0,2,0.0,0.0,0.06,1,0,0,0,0,4,5,0.1,0.96
7383,7384,537382,88,4,5,16,871,6880,5,0,0,0.1,7,6,50,2,3,0,0,2,0,2,0.0,0.0,0.06,1,0,0,0,0,4,5,0.1,0.96
7384,7385,537382,88,5,4,26,1290,6881,6,0,1,0.1,5,4,47,2,3,1,1,3,0,3,0.0,0.61,0.06,0,1,0,0,0,3,5,0.1,1.22
7385,7386,537382,88,5,4,26,1291,6881,6,0,1,0.1,5,4,47,2,3,1,1,3,0,3,0.0,0.61,0.06,0,1,0,0,0,3,5,0.1,1.22
7386,7387,537382,88,6,5,16,,6882,7,0,0,0.8,16,11,127,4,1,3,4,3,0,4,0.0,0.0,0.32,1,0,0,0,0,6,9,0.8,1.72
7387,7388,537382,129,7,5,24,2555,6883,8,2,3,1.8,47,44,422,17,21,5,6,16,0,18,0.17,0.26,0.16,10,5,1,0,0,20,39,1.8,1.96
7388,7389,537382,129,7,5,24,2556,6883,8,2,3,1.8,47,44,422,17,21,5,6,16,0,18,0.17,0.26,0.16,10,5,1,0,0,20,39,1.8,1.96
7389,7390,537762,19,3,4,58,,6884,3,0,0,0.0,8,8,72,1,3,4,2,2,0,3,0.0,0.0,0.02,1,0,0,2,1,3,4,0.0,0.67
7390,7391,537762,133,6,4,9,2305,6885,6,9,4,8.6,81,56,588,42,34,16,8,20,0,31,0.4,0.18,0.38,14,13,1,19,4,39,92,8.6,2.64
7391,7392,538810,17,5,3,27,1292,6886,10,1,0,3.0,6,9,79,4,12,1,19,8,0,11,0.13,0.0,0.38,4,1,0,65,0,3,12,3.0,3.93
7392,7393,538810,17,6,5,17,,6887,11,5,1,10.1,28,31,274,14,28,9,44,23,0,27,0.17,0.03,0.35,8,6,0,172,0,24,39,10.1,2.62
7393,7394,538874,3,3,3,35,551,6888,6,14,2,10.3,34,35,264,26,13,4,8,5,0,19,0.61,0.09,0.45,4,16,0,38,1,35,56,9.5,2.39
7394,7395,538874,3,4,3,20,,6889,7,8,4,11.1,47,50,413,34,17,4,22,11,0,32,0.27,0.13,0.37,9,12,0,45,6,34,68,9.5,1.93
7395,7396,538874,75,5,3,21,1440,6890,8,6,3,8.3,20,25,186,27,12,2,5,3,0,12,0.41,0.2,0.56,2,9,0,19,2,15,51,8.3,2.98
7396,7397,538874,75,5,3,21,1441,6890,8,6,3,8.3,20,25,186,27,12,2,5,3,0,12,0.41,0.2,0.56,2,9,0,19,2,15,51,8.3,2.98
7397,7398,538874,75,6,3,11,1871,6891,9,11,2,10.7,27,24,274,22,7,3,15,14,0,12,0.51,0.09,0.49,3,13,0,20,1,23,44,8.3,2.12
7398,7399,538918,54,2,3,9,,6892,2,1,0,1.8,5,2,41,4,3,3,1,3,0,5,0.45,0.0,0.81,0,1,0,0,1,1,9,1.0,4.52
7399,7400,538918,40,7,5,9,2607,6893,7,5,0,2.5,34,15,174,8,20,8,4,6,0,16,0.54,0.0,0.27,8,5,0,10,1,14,21,1.7,2.83
7400,7401,538918,40,7,5,9,2608,6893,7,5,0,2.5,34,15,174,8,20,8,4,6,0,16,0.54,0.0,0.27,8,5,0,10,1,14,21,1.7,2.83
7401,7402,538964,103,5,3,13,1228,6894,6,12,1,9.8,30,23,327,22,8,3,20,17,0,13,0.46,0.04,0.38,1,13,0,56,0,21,42,9.8,2.33
7402,7403,538964,103,6,3,25,,6895,7,14,2,14.1,38,32,416,17,29,3,35,11,0,15,0.5,0.07,0.51,9,16,0,59,0,24,49,11.8,2.9
7403,7404,538964,58,7,5,10,2609,6896,9,1,0,1.6,4,5,59,3,6,0,4,4,0,2,0.33,0.0,0.54,2,1,0,9,0,1,6,1.6,2.66
7404,7405,538971,29,6,4,41,,6897,6,0,0,0.5,25,19,150,1,13,2,4,3,1,17,0.0,0.0,0.13,8,0,0,3,0,8,9,0.5,2.32
7405,7406,538974,11,4,3,23,,6898,3,1,0,1.4,7,10,136,6,18,4,6,7,0,13,0.11,0.0,0.16,5,1,0,16,1,6,14,1.4,1.24
7406,7407,538974,67,5,3,14,,6899,4,1,0,0.2,1,0,13,0,1,0,0,0,0,1,1.73,0.0,0.31,1,1,0,2,0,0,0,0.2,1.73
7407,7408,538977,8,4,5,17,,6900,4,8,2,7.0,42,38,198,15,18,6,11,29,0,17,0.45,0.11,0.39,6,10,1,40,1,21,46,7.0,2.91
7408,7409,538977,25,7,5,10,2524,6901,7,2,2,2.7,42,27,150,9,20,7,9,13,0,24,0.18,0.18,0.24,8,4,1,19,10,22,37,2.7,3.0
7409,7410,538996,90,2,7,58,,6902,2,2,0,0.9,27,0,310,3,2,3,6,4,0,3,0.4,0.0,0.17,1,2,0,13,0,3,7,0.9,0.6
7410,7411,538996,86,4,1,39,,6903,4,1,1,0.4,41,6,492,5,11,7,17,7,0,11,0.15,0.15,0.06,7,2,0,21,0,3,8,0.4,0.93
7411,7412,538996,87,5,1,21,1332,6904,5,1,0,0.5,66,4,676,1,20,16,44,8,1,11,0.07,0.0,0.03,8,1,3,32,1,6,10,0.5,0.4
7412,7413,539065,75,5,8,23,1472,6905,6,0,0,0.5,25,13,236,3,16,12,6,9,0,15,0.0,0.0,0.08,4,0,0,3,0,12,9,0.5,1.49
7413,7414,539134,51,4,2,30,,6906,4,1,0,0.4,3,7,33,1,8,1,0,4,0,6,0.61,0.0,0.26,2,1,0,3,0,4,1,0.4,1.82
7414,7415,539134,11,5,5,3,1593,6907,5,2,0,1.2,10,13,125,4,12,1,8,9,0,11,0.29,0.0,0.17,4,2,0,12,0,8,22,1.2,2.15
7415,7416,539134,11,5,5,3,1594,6907,5,2,0,1.2,10,13,125,4,12,1,8,9,0,11,0.29,0.0,0.17,4,2,0,12,0,8,22,1.2,2.15
7416,7417,539134,135,6,4,23,2119,6908,6,4,1,1.3,10,15,89,11,3,2,1,2,0,6,1.08,0.27,0.34,3,5,0,1,1,7,19,1.3,3.24
7417,7418,539134,135,6,4,23,2120,6908,6,4,1,1.3,10,15,89,11,3,2,1,2,0,6,1.08,0.27,0.34,3,5,0,1,1,7,19,1.3,3.24
7418,7419,539134,135,7,2,52,2677,6909,8,1,0,2.8,30,31,204,8,14,4,10,7,0,10,0.09,0.0,0.26,6,1,2,14,0,25,30,2.8,2.73
7419,7420,539134,135,7,2,52,2678,6909,8,1,0,2.8,30,31,204,8,14,4,10,7,0,10,0.09,0.0,0.26,6,1,2,14,0,25,30,2.8,2.73
7420,7421,539232,123,1,2,2,,6910,5,0,0,0.2,38,30,377,5,37,18,28,19,0,40,0.0,0.0,0.02,15,0,1,12,0,16,21,0.2,0.5
7421,7422,539232,14,6,4,3,1932,6911,10,0,0,0.3,24,7,221,2,14,9,5,8,0,18,0.0,0.0,0.03,6,0,1,6,1,10,8,0.3,0.39
7422,7423,540536,95,6,3,29,1850,6912,9,2,4,2.3,23,23,201,33,16,4,9,4,0,25,0.16,0.32,0.19,10,6,0,22,1,8,48,2.3,1.21
7423,7424,540536,95,7,5,3,,6913,10,3,1,1.7,27,46,299,31,17,5,15,12,0,17,0.18,0.06,0.1,10,4,0,15,2,22,47,1.7,1.08
7424,7425,540664,10,3,5,44,,6914,2,0,0,0.1,6,1,34,1,2,1,0,2,0,1,0.0,0.0,0.22,0,0,0,1,0,1,5,0.1,4.82
7425,7426,540664,10,4,5,2,,6915,3,0,0,0.1,0,1,7,0,1,0,1,0,0,2,0.0,0.0,0.19,1,0,0,3,0,0,0,0.1,4.19
7426,7427,540664,14,6,5,23,1933,6916,5,3,6,3.2,92,94,587,49,30,20,11,26,1,40,0.12,0.25,0.13,11,9,0,12,9,76,107,3.2,1.82
7427,7428,540664,14,7,5,25,,6917,7,2,5,2.6,59,53,398,29,13,6,16,13,0,14,0.14,0.34,0.18,6,7,0,7,4,37,57,2.6,2.07
7428,7429,541231,112,5,1,9,1386,6918,5,1,0,0.6,12,1,277,2,5,13,33,8,0,4,0.13,0.0,0.08,1,1,2,14,0,0,3,0.6,0.65
7429,7430,541231,62,6,1,9,2219,6919,6,3,0,2.7,95,7,1190,7,38,43,159,66,0,26,0.1,0.0,0.08,15,3,2,171,0,4,23,2.7,0.79
7430,7431,541231,62,6,1,9,2220,6919,6,3,0,2.7,95,7,1190,7,38,43,159,66,0,26,0.1,0.0,0.08,15,3,2,171,0,4,23,2.7,0.79
7431,7432,541231,52,7,1,25,2503,6920,8,0,0,0.6,38,5,464,3,22,10,50,23,0,20,0.0,0.0,0.05,11,0,2,42,0,8,10,0.6,0.61
7432,7433,543382,5,5,2,102,1396,6921,10,0,0,0.6,30,13,252,3,13,10,8,5,0,15,0.0,0.0,0.08,5,0,0,15,2,10,12,0.6,1.42
7433,7434,543382,13,6,2,49,,6922,8,1,2,1.5,76,14,707,14,35,11,7,8,0,29,0.09,0.17,0.13,15,3,0,7,1,25,41,0.7,1.13
7434,7435,543387,84,3,2,3,,6923,5,2,1,1.3,179,45,1252,26,87,52,26,20,0,65,0.07,0.03,0.05,32,3,1,25,1,38,70,1.3,1.2
7435,7436,543387,84,4,2,9,,6924,6,1,4,1.6,266,54,1656,41,75,68,24,30,1,79,0.03,0.12,0.05,35,5,0,22,16,52,96,1.6,0.95
7436,7437,543387,29,5,2,41,1314,6925,7,0,3,1.4,140,18,1038,26,77,56,48,47,1,52,0.0,0.1,0.05,29,3,0,30,3,25,61,1.4,1.17
7437,7438,543387,29,6,2,22,,6926,8,0,0,0.3,49,9,367,10,34,20,12,13,0,30,0.0,0.0,0.03,18,0,0,5,5,9,23,0.3,0.59
7438,7439,543499,64,6,5,43,1743,6927,7,8,6,5.1,80,117,677,28,65,11,9,25,0,40,0.29,0.22,0.19,20,14,1,15,3,62,100,5.1,2.43
7439,7440,543499,64,7,4,8,,6928,9,3,1,3.4,36,45,279,13,18,1,1,14,1,14,0.27,0.09,0.31,5,4,0,4,2,27,47,3.4,3.27
7440,7441,543537,105,7,2,74,,6929,8,1,0,0.4,51,13,457,5,26,7,17,13,0,20,0.08,0.0,0.03,9,1,1,13,0,18,20,0.4,0.71
7441,7442,543771,40,4,2,34,,6930,4,1,1,0.8,62,10,638,7,18,19,15,16,0,29,0.07,0.07,0.05,11,2,1,4,1,11,30,0.8,1.13
7442,7443,543771,54,6,2,5,2121,6931,6,1,2,0.6,32,5,662,8,7,11,8,9,0,11,0.11,0.23,0.07,2,3,0,4,2,7,19,0.6,1.72
7443,7444,544106,53,4,1,46,,6932,9,0,2,0.2,30,23,610,16,52,19,33,33,0,46,0.0,0.11,0.01,25,2,2,6,0,18,19,0.2,0.32
7444,7445,544106,53,5,1,44,,6933,10,0,1,0.6,47,39,757,15,63,31,55,51,0,61,0.0,0.04,0.02,32,1,1,13,1,24,33,0.6,0.39
7445,7446,544149,16,4,1,6,1092,6934,5,0,0,0.7,24,7,516,5,20,23,42,15,0,20,0.0,0.0,0.05,9,0,0,45,1,12,9,0.7,0.41
7446,7447,544149,16,5,1,25,,6935,6,0,0,0.8,12,3,154,2,9,9,11,7,0,4,0.0,0.0,0.17,3,0,2,15,0,2,4,0.8,0.89
7447,7448,545520,102,3,1,44,,6936,6,0,0,0.5,24,4,505,1,13,24,51,8,0,16,0.0,0.0,0.04,11,0,0,16,0,3,4,0.5,0.48
7448,7449,545538,115,5,5,44,1518,6937,6,2,1,3.1,28,86,278,14,30,8,5,24,0,41,0.11,0.06,0.17,15,3,0,7,0,55,42,3.1,1.98
7449,7450,545538,115,5,5,44,1519,6937,6,2,1,3.1,28,86,278,14,30,8,5,24,0,41,0.11,0.06,0.17,15,3,0,7,0,55,42,3.1,1.98
7450,7451,545538,115,6,3,14,,6938,7,2,4,3.6,22,70,250,24,27,3,7,18,1,21,0.13,0.27,0.24,7,6,0,9,1,34,62,3.6,3.33
7451,7452,545538,115,7,5,6,,6939,8,0,1,0.7,5,20,98,9,5,1,6,6,0,10,0.0,0.18,0.12,3,1,0,2,1,8,18,0.7,1.98
7452,7453,545647,15,3,1,58,,6940,4,1,0,0.8,6,0,89,1,3,1,7,2,0,1,0.35,0.0,0.27,1,1,0,0,0,3,2,0.8,0.69
7453,7454,546212,79,1,3,8,,6941,14,2,2,1.7,12,18,214,8,4,2,6,5,1,8,0.16,0.16,0.14,1,4,0,29,2,10,16,1.7,1.29
7454,7455,546212,79,2,3,26,,6942,15,5,4,6.7,34,9,253,15,9,3,10,4,0,10,0.33,0.27,0.44,1,9,0,67,1,12,31,4.3,2.13
7455,7456,546212,79,3,3,109,,6943,16,2,0,1.4,6,3,57,4,1,0,2,0,0,3,0.87,0.0,0.6,1,2,0,9,0,5,9,0.6,1.73
7456,7457,546212,72,5,3,14,,6944,18,1,0,3.2,13,19,158,11,3,2,17,6,1,9,0.07,0.0,0.23,2,1,0,30,1,9,23,3.2,2.03
7457,7458,546213,7,4,1,14,,6945,7,4,0,2.2,63,26,1089,4,46,41,76,43,1,47,0.16,0.0,0.09,26,4,1,54,2,17,16,2.2,0.62
7458,7459,546213,7,5,1,41,,6946,8,2,1,2.3,107,23,1486,6,53,49,134,47,0,57,0.07,0.03,0.08,33,3,2,51,2,18,20,2.3,0.56
7459,7460,546213,7,6,1,16,,6947,9,1,2,1.4,138,22,1614,12,63,36,99,29,2,59,0.03,0.07,0.05,39,3,0,52,2,16,35,1.4,0.62
7460,7461,546213,7,7,7,5,,6948,10,1,1,0.4,31,4,587,2,26,21,73,22,0,26,0.08,0.08,0.03,18,2,0,19,2,5,17,0.4,0.56
7461,7462,546543,21,5,3,7,1234,6949,8,9,3,11.6,29,61,258,28,11,3,13,10,1,17,0.48,0.16,0.61,4,12,0,36,2,33,54,11.6,4.46
7462,7463,546543,21,6,3,66,,6950,9,11,8,16.3,54,58,341,33,22,3,9,18,0,23,0.48,0.35,0.72,11,19,0,34,6,35,79,15.5,4.7
7463,7464,546543,21,7,3,31,,6951,10,2,2,2.2,14,16,87,6,16,1,8,3,0,12,0.28,0.28,0.3,5,4,0,8,1,14,18,2.2,2.36
7464,7465,546880,12,3,1,23,,6952,3,0,0,0.2,24,16,321,2,21,6,12,3,0,16,0.0,0.0,0.02,10,0,0,5,1,12,11,0.2,0.81
7465,7466,546880,38,4,7,25,895,6953,4,0,0,0.4,17,25,167,6,20,5,9,10,0,16,0.0,0.0,0.05,11,0,1,6,0,20,15,0.4,0.69
7466,7467,546926,28,7,1,62,,6954,9,1,0,0.8,51,10,714,4,22,11,51,23,0,13,0.07,0.0,0.05,7,1,0,27,1,8,14,0.8,0.54
7467,7468,547985,40,4,1,3,,6955,5,0,1,0.7,74,58,585,9,35,22,42,30,0,31,0.0,0.06,0.04,13,1,0,7,1,41,34,0.7,0.97
7468,7469,547985,40,5,1,52,,6956,6,2,0,1.8,154,102,1263,21,65,41,91,51,1,72,0.06,0.0,0.06,30,2,0,30,1,75,62,1.8,0.67
7469,7470,547985,70,6,1,41,1785,6957,7,0,1,0.9,78,50,830,16,30,17,26,21,0,26,0.0,0.06,0.06,15,1,0,24,2,41,42,0.9,0.74
7470,7471,547985,70,7,1,78,,6958,9,1,0,0.1,7,4,74,0,6,2,4,1,0,2,0.5,0.0,0.07,1,1,0,4,0,4,2,0.1,1.5
7471,7472,548348,94,6,1,5,,6959,6,0,1,0.6,70,22,847,11,43,22,64,33,1,42,0.0,0.05,0.03,26,1,0,32,1,20,30,0.6,0.35
7472,7473,548470,130,6,1,3,,6960,6,1,0,0.6,54,15,728,6,54,57,140,39,0,30,0.04,0.0,0.02,19,1,1,60,1,8,14,0.6,0.4
7473,7474,548650,71,4,5,80,,6961,7,2,4,1.4,20,46,220,18,18,8,1,8,0,22,0.18,0.36,0.12,8,6,0,9,1,28,34,1.4,1.78
7474,7475,548716,123,1,1,46,,6962,5,0,1,0.3,67,45,635,15,31,21,66,9,1,29,0.0,0.05,0.01,15,1,0,26,0,31,39,0.3,0.53
7475,7476,550108,5,4,1,59,,6963,4,0,0,0.4,22,43,397,10,32,16,4,18,0,35,0.0,0.0,0.05,21,0,0,2,0,24,25,0.4,1.02
7476,7477,550108,5,5,1,28,,6964,5,2,1,1.3,85,92,933,12,45,31,23,27,0,71,0.08,0.04,0.05,22,3,0,4,2,56,62,1.3,1.19
7477,7478,550108,5,6,6,11,,6965,6,0,1,0.8,33,54,358,17,20,9,17,12,1,22,0.0,0.09,0.08,8,1,0,10,0,23,37,0.8,1.49
7478,7479,550116,122,6,1,44,1987,6966,6,2,2,1.1,47,4,802,5,23,8,63,22,0,26,0.12,0.12,0.07,12,4,0,41,2,5,14,1.1,0.31
7479,7480,550495,87,2,2,9,,6967,17,2,3,2.6,101,16,1382,10,62,67,73,38,0,58,0.07,0.1,0.09,34,5,1,76,1,13,42,2.6,0.51
7480,7481,550495,87,3,2,41,,6968,18,3,4,1.5,112,17,1423,19,54,41,70,25,0,43,0.11,0.14,0.05,23,7,0,54,3,17,37,1.5,0.21
7481,7482,550495,87,4,8,14,,6969,19,1,1,1.0,86,15,1115,6,24,29,32,21,0,33,0.05,0.05,0.05,12,2,2,35,2,28,26,1.0,0.29
7482,7483,550550,90,6,3,7,1711,6970,7,11,1,10.9,29,11,304,15,25,5,16,12,0,20,0.7,0.06,0.69,6,12,0,30,4,10,34,10.2,3.42
7483,7484,550550,90,6,3,7,1712,6970,7,11,1,10.9,29,11,304,15,25,5,16,12,0,20,0.7,0.06,0.69,6,12,0,30,4,10,34,10.2,3.42
7484,7485,550580,142,7,5,3,,6971,10,6,1,3.0,25,12,176,6,4,4,3,3,0,6,0.75,0.12,0.38,3,7,0,8,0,6,23,2.3,2.24
7485,7486,551752,16,5,4,23,,6972,6,0,0,0.6,17,29,127,6,5,1,1,3,0,3,0.0,0.0,0.1,2,0,0,7,2,19,14,0.6,1.73
7486,7487,551752,16,6,2,134,2122,6973,7,0,0,0.3,12,23,82,2,5,1,0,1,0,4,0.0,0.0,0.07,3,0,0,3,0,20,9,0.3,1.91
7487,7488,552425,77,2,8,17,,6974,6,1,0,0.5,44,8,490,11,52,16,23,29,0,54,0.06,0.0,0.03,27,1,1,21,0,9,21,0.5,0.78
7488,7489,552425,77,3,2,23,,6975,7,2,0,1.4,111,27,934,18,61,23,38,27,1,67,0.07,0.0,0.05,24,2,0,35,0,25,45,1.4,1.29
7489,7490,552425,77,4,2,23,,6976,8,2,3,2.3,131,19,1104,32,40,20,43,26,0,44,0.06,0.09,0.07,17,5,0,18,1,21,67,2.3,1.27
7490,7491,552425,77,5,8,41,,6977,9,1,3,2.0,175,34,1136,27,55,17,32,37,0,76,0.04,0.11,0.07,30,4,2,17,2,29,68,2.0,1.32
7491,7492,552425,77,6,2,5,,6978,10,1,3,0.6,99,14,786,21,27,15,21,31,1,42,0.05,0.15,0.03,17,4,0,16,0,10,54,0.6,0.8
7492,7493,552425,77,7,2,25,,6979,11,0,0,0.8,45,12,328,20,35,8,12,18,0,29,0.0,0.0,0.07,13,0,0,7,0,11,36,0.8,0.93
7493,7494,552472,11,3,2,44,810,6980,9,0,3,1.9,101,32,679,27,13,20,22,23,0,32,0.0,0.15,0.09,5,3,1,13,0,30,55,1.9,1.22
7494,7495,552472,11,3,2,44,811,6980,9,0,3,1.9,101,32,679,27,13,20,22,23,0,32,0.0,0.15,0.09,5,3,1,13,0,30,55,1.9,1.22
7495,7496,552912,36,6,1,9,1951,6981,8,2,0,0.6,47,8,452,4,36,26,45,24,0,37,0.14,0.0,0.04,21,2,0,20,1,4,13,0.6,0.54
7496,7497,553285,30,4,5,44,,6982,4,2,0,1.4,4,8,39,7,4,2,2,1,0,3,1.21,0.0,0.87,1,2,0,5,0,6,12,1.4,4.23
7497,7498,553875,129,1,1,13,,6983,3,0,4,1.6,109,82,837,25,51,39,60,36,0,80,0.0,0.16,0.07,32,4,1,18,1,65,49,1.6,0.94
7498,7499,553875,88,5,7,26,1457,6984,7,3,3,1.8,39,34,465,25,25,15,24,25,0,39,0.24,0.24,0.15,14,6,1,1,7,17,41,1.8,2.07
7499,7500,553875,88,5,7,26,1458,6984,7,3,3,1.8,39,34,465,25,25,15,24,25,0,39,0.24,0.24,0.15,14,6,1,1,7,17,41,1.8,2.07
7500,7501,553875,88,5,7,26,1459,6984,7,3,3,1.8,39,34,465,25,25,15,24,25,0,39,0.24,0.24,0.15,14,6,1,1,7,17,41,1.8,2.07
7501,7502,553875,88,6,1,22,1732,6985,8,3,7,2.9,194,57,1806,51,91,34,102,63,0,120,0.09,0.2,0.09,62,10,3,15,14,46,107,2.9,1.54
7502,7503,553875,88,7,1,65,,6986,10,2,2,1.2,88,41,761,26,31,18,42,24,0,37,0.13,0.13,0.08,20,4,1,6,3,31,52,1.2,1.56
7503,7504,553905,112,3,1,71,,6987,2,0,0,0.1,9,2,92,0,3,7,6,4,0,3,0.0,0.0,0.02,0,0,0,2,0,4,0,0.1,0.3
7504,7505,554251,46,4,1,17,1179,6988,5,0,0,0.1,14,23,128,3,6,7,5,1,0,3,0.0,0.0,0.03,3,0,0,4,0,22,13,0.1,0.79
7505,7506,554251,46,5,7,28,,6989,6,1,1,0.5,63,72,621,17,23,26,46,15,0,24,0.05,0.05,0.03,15,2,0,20,5,49,35,0.5,0.5
7506,7507,554251,108,6,1,33,1872,6990,7,0,0,0.2,14,18,131,2,17,7,20,6,0,14,0.0,0.0,0.04,10,0,1,1,0,13,8,0.2,1.02
7507,7508,554251,108,6,1,33,1873,6990,7,0,0,0.2,14,18,131,2,17,7,20,6,0,14,0.0,0.0,0.04,10,0,1,1,0,13,8,0.2,1.02
7508,7509,555076,61,3,4,83,812,6991,7,6,5,6.2,171,141,1172,63,54,30,18,30,0,54,0.19,0.16,0.19,21,11,0,15,0,115,152,5.4,1.93
7509,7510,555076,34,4,5,20,896,6992,8,3,0,1.8,84,63,492,27,10,3,2,4,0,13,0.3,0.0,0.18,4,3,0,2,2,40,52,1.8,2.02
7510,7511,555076,3,5,4,16,1442,6993,9,5,3,2.7,67,77,452,17,13,1,4,11,0,25,0.36,0.22,0.19,5,8,0,0,4,56,45,2.7,1.81
7511,7512,555076,61,7,5,16,2557,6994,11,2,2,1.6,21,12,140,6,8,3,2,1,0,9,0.37,0.37,0.3,4,4,1,4,2,12,17,0.8,1.48
7512,7513,555076,61,7,5,16,2558,6994,11,2,2,1.6,21,12,140,6,8,3,2,1,0,9,0.37,0.37,0.3,4,4,1,4,2,12,17,0.8,1.48
7513,7514,555143,96,6,4,16,2052,6995,5,1,2,2.4,47,28,379,26,22,4,10,16,0,22,0.07,0.15,0.18,9,3,0,11,3,22,58,2.4,2.42
7514,7515,556385,38,4,1,13,1143,6996,3,5,3,4.4,89,56,701,28,64,27,42,39,0,60,0.18,0.11,0.16,33,8,0,27,0,37,75,4.4,0.98
7515,7516,556385,38,4,1,13,1144,6996,3,5,3,4.4,89,56,701,28,64,27,42,39,0,60,0.18,0.11,0.16,33,8,0,27,0,37,75,4.4,0.98
7516,7517,556385,38,5,1,21,1264,6997,4,3,4,2.9,106,109,931,34,71,36,25,34,0,59,0.1,0.13,0.1,34,7,0,17,1,71,88,2.9,0.9
7517,7518,556385,38,5,1,21,1265,6997,4,3,4,2.9,106,109,931,34,71,36,25,34,0,59,0.1,0.13,0.1,34,7,0,17,1,71,88,2.9,0.9
7518,7519,556385,38,5,1,21,1266,6997,4,3,4,2.9,106,109,931,34,71,36,25,34,0,59,0.1,0.13,0.1,34,7,0,17,1,71,88,2.9,0.9
7519,7520,556385,38,5,1,21,1267,6997,4,3,4,2.9,106,109,931,34,71,36,25,34,0,59,0.1,0.13,0.1,34,7,0,17,1,71,88,2.9,0.9
7520,7521,556385,88,6,1,26,,6998,5,2,3,2.4,155,83,1235,24,68,37,80,27,1,49,0.08,0.11,0.09,27,5,5,22,0,65,57,2.4,0.34
7521,7522,556385,88,7,1,65,,6999,7,0,1,0.3,86,36,675,12,44,16,25,24,0,34,0.0,0.07,0.02,23,1,1,11,0,28,25,0.3,0.35
7522,7523,557610,31,3,4,108,,7000,3,0,1,0.7,10,11,70,4,11,1,0,5,0,5,0.0,0.46,0.34,4,1,1,2,1,7,12,0.7,1.84
7523,7524,557610,31,4,4,14,,7001,4,1,3,0.9,13,15,66,13,3,2,0,1,0,5,0.38,1.13,0.35,1,4,0,1,1,8,18,0.9,1.13
7524,7525,557613,71,4,7,34,,7002,4,2,3,0.4,132,49,1027,31,45,27,29,25,0,49,0.09,0.14,0.02,26,5,2,10,1,40,62,0.4,0.51
7525,7526,557613,71,5,1,23,,7003,5,1,2,0.8,94,43,857,34,31,24,30,27,0,38,0.05,0.1,0.04,18,3,0,16,1,40,58,0.8,0.75
7526,7527,557613,49,6,1,25,2278,7004,6,0,1,0.1,46,15,360,12,13,6,14,4,0,20,0.0,0.13,0.02,8,1,0,2,1,6,23,0.1,0.64
7527,7528,557613,49,7,7,41,,7005,7,1,1,0.6,37,8,386,3,6,7,6,3,0,6,0.16,0.16,0.1,2,2,1,3,0,7,18,0.6,1.46
7528,7529,557939,2,5,1,30,1460,7006,10,3,1,3.1,100,69,1163,28,75,41,62,45,2,75,0.1,0.03,0.1,46,4,1,36,4,57,77,3.1,0.73
7529,7530,557939,2,6,1,3,,7007,11,0,1,0.5,88,58,1148,25,48,57,84,28,1,63,0.0,0.04,0.02,28,1,0,37,3,45,50,0.5,0.57
7530,7531,559328,14,6,3,20,1988,7008,5,8,1,10.8,11,24,215,9,8,2,25,13,0,9,0.35,0.04,0.47,4,9,0,33,0,19,28,10.0,2.04
7531,7532,559328,14,7,3,5,,7009,6,3,1,4.3,3,15,81,7,4,0,9,7,0,2,0.35,0.12,0.5,1,4,0,12,0,5,14,4.3,2.08
7532,7533,559794,143,7,3,16,2525,7010,9,0,2,0.8,15,11,121,9,18,3,6,4,0,17,0.0,0.36,0.14,10,2,0,4,0,7,17,0.8,1.79
7533,7534,559979,95,6,1,74,,7011,9,0,0,0.5,49,7,553,3,35,23,115,31,0,35,0.0,0.0,0.02,21,0,0,39,0,6,12,0.5,0.39
7534,7535,559979,95,7,1,32,,7012,10,0,1,0.4,54,11,382,5,23,24,80,15,0,20,0.0,0.06,0.03,11,1,0,19,1,6,17,0.4,0.32
7535,7536,560483,50,4,5,63,908,7013,8,3,0,3.4,31,21,271,14,24,8,12,21,0,19,0.18,0.0,0.21,8,3,0,61,4,21,36,3.4,1.79
7536,7537,560483,50,6,5,3,,7014,10,1,1,2.3,15,12,129,9,11,2,11,6,0,10,0.16,0.16,0.37,4,2,1,27,1,7,19,1.5,2.2
7537,7538,560483,50,7,3,17,,7015,12,1,0,0.6,6,4,90,7,9,2,9,7,0,7,0.14,0.0,0.09,4,1,0,24,0,3,13,0.6,1.13
7538,7539,560593,75,2,4,30,456,7016,4,1,2,1.0,13,17,150,6,20,13,7,10,1,23,0.18,0.37,0.19,9,3,0,7,1,12,13,1.0,0.73
7539,7540,560593,75,3,2,14,,7017,5,3,2,2.2,64,33,692,8,52,23,26,14,0,68,0.16,0.1,0.11,26,5,1,14,0,28,19,2.2,0.83
7540,7541,560593,75,4,2,14,,7018,6,3,2,1.1,47,38,499,15,31,18,15,17,0,36,0.17,0.11,0.06,13,5,0,13,0,24,32,1.1,0.89
7541,7542,560593,75,5,2,38,,7019,7,1,2,0.9,110,39,1081,23,67,36,16,34,0,53,0.05,0.1,0.04,35,3,0,9,5,54,54,0.9,1.01
7542,7543,560593,75,6,2,25,,7020,8,2,0,3.3,78,28,601,21,41,11,15,15,0,30,0.11,0.0,0.19,21,2,0,22,3,26,47,3.3,1.62
7543,7544,560593,75,7,2,21,,7021,10,1,1,0.9,60,25,384,7,35,12,23,17,0,26,0.09,0.09,0.08,15,2,0,9,3,21,23,0.9,1.47
7544,7545,560694,131,5,2,33,1387,7022,8,1,0,0.3,21,13,166,4,16,5,9,13,0,12,0.15,0.0,0.05,6,1,0,2,0,9,21,0.3,1.08
7545,7546,560694,131,5,2,33,1388,7022,8,1,0,0.3,21,13,166,4,16,5,9,13,0,12,0.15,0.0,0.05,6,1,0,2,0,9,21,0.3,1.08
7546,7547,560725,71,2,5,30,,7023,10,1,3,2.0,58,82,566,37,19,16,8,8,0,30,0.06,0.18,0.12,9,4,0,10,3,66,74,2.0,1.16
7547,7548,560725,71,3,5,3,,7024,11,3,1,2.4,43,41,368,23,18,7,4,10,0,18,0.29,0.1,0.23,11,4,1,4,1,21,45,1.6,1.37
7548,7549,560725,71,5,5,63,1473,7025,13,0,0,0.1,3,1,36,1,0,0,1,3,1,2,0.0,0.0,0.11,0,0,0,2,0,1,3,0.1,1.15
7549,7550,560725,71,5,5,63,1474,7025,13,0,0,0.1,3,1,36,1,0,0,1,3,1,2,0.0,0.0,0.11,0,0,0,2,0,1,3,0.1,1.15
7550,7551,560725,71,6,5,59,,7026,14,2,1,2.1,31,41,267,11,10,4,4,4,0,15,0.29,0.15,0.31,5,3,1,6,3,25,36,2.1,2.06
7551,7552,562049,5,4,8,44,,7027,4,1,0,0.0,3,2,29,0,1,1,0,1,0,2,1.32,0.0,0.02,0,1,0,0,0,1,0,0.0,1.32
7552,7553,562049,5,5,2,30,,7028,5,1,0,0.8,33,9,309,7,35,10,11,15,0,39,0.09,0.0,0.07,16,1,0,14,2,9,17,0.5,0.64
7553,7554,562049,5,6,2,23,,7029,6,0,2,2.0,88,21,649,16,60,11,11,21,0,46,0.0,0.1,0.1,27,2,1,29,3,24,40,2.0,0.96
7554,7555,562049,70,7,4,10,2679,7030,7,1,2,0.6,37,12,280,10,24,6,8,12,0,28,0.11,0.22,0.06,14,3,0,11,1,18,29,0.6,0.75
7555,7556,562049,70,7,4,10,2680,7030,7,1,2,0.6,37,12,280,10,24,6,8,12,0,28,0.11,0.22,0.06,14,3,0,11,1,18,29,0.6,0.75
7556,7557,563812,23,2,2,9,,7031,8,1,1,0.1,36,6,212,2,13,7,14,5,0,15,0.19,0.19,0.02,5,2,0,6,1,3,8,0.1,0.58
7557,7558,563963,109,2,1,46,,7032,5,1,1,1.4,62,2,894,2,41,35,158,32,0,34,0.03,0.03,0.05,21,2,3,77,1,6,3,1.4,0.23
7558,7559,563963,37,3,1,5,595,7033,6,0,0,0.3,13,8,304,2,38,17,30,22,0,34,0.0,0.0,0.03,25,0,0,21,0,3,5,0.3,0.43
7559,7560,563963,37,4,1,41,,7034,7,0,0,2.0,136,31,1388,9,80,78,158,49,1,65,0.0,0.0,0.06,40,0,4,101,0,20,34,2.0,0.73
7560,7561,563963,37,5,1,16,,7035,8,0,1,1.5,82,5,879,7,52,30,122,56,0,34,0.0,0.05,0.07,24,1,1,55,1,10,25,1.5,0.87
7561,7562,563963,13,6,1,10,2169,7036,9,0,1,0.2,72,7,657,3,27,22,44,21,0,26,0.0,0.09,0.02,17,1,0,36,0,13,10,0.2,0.35
7562,7563,563963,13,7,1,16,,7037,10,0,0,0.4,45,6,416,2,20,8,38,9,0,10,0.0,0.0,0.06,10,0,2,23,0,2,9,0.4,0.68
7563,7564,564545,9,3,1,37,,7038,6,1,0,1.0,167,25,2523,3,54,48,96,55,0,45,0.03,0.0,0.03,21,1,0,67,1,23,31,1.0,0.54
7564,7565,564545,9,4,1,7,,7039,7,1,0,0.4,89,13,1265,1,35,29,72,27,0,32,0.05,0.0,0.02,20,1,1,42,1,1,10,0.4,0.3
7565,7566,564545,9,5,1,22,,7040,8,1,0,2.8,169,40,1891,5,51,36,109,40,0,42,0.03,0.0,0.09,30,1,1,55,9,14,31,1.2,0.41
7566,7567,564545,9,6,1,43,,7041,9,0,1,1.0,164,49,1795,9,34,24,52,21,0,24,0.0,0.04,0.04,17,1,3,40,5,45,38,1.0,0.52
7567,7568,564545,9,7,1,65,,7042,10,0,0,0.8,98,32,978,3,26,13,46,7,0,24,0.0,0.0,0.06,12,0,0,28,1,27,19,0.8,0.94
7568,7569,564785,67,5,2,6,1223,7043,8,2,1,2.1,60,31,372,10,16,14,13,19,0,17,0.16,0.08,0.17,6,3,0,28,2,19,28,2.1,1.58
7569,7570,564785,67,6,2,32,,7044,9,6,1,4.4,130,30,710,36,40,21,36,25,0,44,0.23,0.04,0.16,22,7,0,55,0,36,80,4.4,1.58
7570,7571,565822,21,4,2,16,,7045,3,0,0,0.8,36,10,209,9,3,4,2,8,0,6,0.0,0.0,0.21,0,0,0,2,1,15,25,0.8,2.6
7571,7572,565822,21,5,4,42,,7046,4,1,2,2.1,142,54,809,26,27,15,8,26,0,37,0.06,0.11,0.12,9,3,0,4,8,40,75,2.1,2.01
7572,7573,565822,21,6,4,22,,7047,5,3,6,2.7,128,44,825,37,27,6,7,27,0,31,0.2,0.4,0.18,10,9,0,9,3,50,78,2.7,3.26
7573,7574,566574,136,6,2,30,,7048,12,6,2,2.1,296,46,2705,37,52,28,23,39,0,67,0.17,0.06,0.06,24,8,1,22,16,45,77,2.1,1.21
7574,7575,566574,136,7,2,5,,7049,13,0,3,1.3,108,22,835,14,27,7,17,22,0,38,0.0,0.19,0.08,19,3,0,11,8,24,39,1.3,1.0
7575,7576,566823,61,5,1,40,1694,7050,8,1,0,0.4,33,3,547,1,21,19,65,16,0,20,0.07,0.0,0.02,14,1,2,35,0,1,7,0.4,0.27
7576,7577,566931,93,6,2,43,1744,7051,5,8,11,8.3,187,151,1137,79,30,16,4,23,1,31,0.27,0.37,0.28,15,19,0,19,19,133,176,6.7,2.68
7577,7578,566931,93,6,2,43,1745,7051,5,8,11,8.3,187,151,1137,79,30,16,4,23,1,31,0.27,0.37,0.28,15,19,0,19,19,133,176,6.7,2.68
7578,7579,566931,93,7,2,15,2504,7052,6,2,1,1.1,43,24,267,14,8,2,6,3,0,5,0.29,0.15,0.17,3,3,0,2,8,14,28,1.1,1.76
7579,7580,566931,93,7,2,15,2505,7052,6,2,1,1.1,43,24,267,14,8,2,6,3,0,5,0.29,0.15,0.17,3,3,0,2,8,14,28,1.1,1.76
7580,7581,567129,69,5,1,23,1685,7053,5,2,3,1.8,27,41,360,12,19,11,13,25,0,16,0.13,0.2,0.12,6,5,1,16,0,24,35,1.8,1.2
7581,7582,567129,69,6,1,41,1786,7054,6,0,0,0.2,15,23,251,5,16,4,17,12,0,17,0.0,0.0,0.02,13,0,1,5,0,16,9,0.2,0.54
7582,7583,567309,103,6,4,2,,7055,6,0,0,0.5,12,1,56,5,4,0,0,0,0,1,0.0,0.0,0.4,1,0,0,0,0,0,10,0.5,3.75
7583,7584,567576,83,5,4,17,,7056,4,0,1,1.0,24,23,150,9,11,6,2,11,0,12,0.0,0.22,0.22,6,1,0,11,1,15,22,1.0,2.41
7584,7585,567576,83,6,4,20,,7057,5,0,2,1.5,57,37,370,15,24,8,23,23,0,29,0.0,0.18,0.13,15,2,0,19,4,23,34,1.5,1.67
7585,7586,567576,131,7,4,16,2559,7058,7,0,5,0.9,50,24,398,25,38,9,22,21,0,34,0.0,0.46,0.08,18,5,1,18,3,16,51,0.9,1.76
7586,7587,568005,25,5,2,23,,7059,5,0,1,0.3,11,5,53,2,6,1,0,2,0,5,0.0,0.51,0.17,2,1,0,0,0,3,10,0.3,2.56
7587,7588,568149,43,2,1,21,,7060,12,0,0,0.9,63,51,825,10,27,25,36,15,0,25,0.0,0.0,0.05,9,0,0,12,0,39,21,0.9,0.55
7588,7589,568149,43,4,8,23,,7061,14,3,2,3.1,53,34,493,16,13,27,15,13,0,18,0.22,0.15,0.23,5,5,0,7,3,32,37,3.1,1.62
7589,7590,568149,43,5,1,9,,7062,15,0,1,0.9,47,41,605,12,23,23,26,12,0,24,0.0,0.07,0.07,11,1,0,12,1,32,28,0.9,1.04
7590,7591,568149,43,6,1,23,,7063,16,2,2,0.7,55,26,586,16,31,24,33,12,2,30,0.12,0.12,0.04,10,4,0,10,0,21,36,0.7,1.03
7591,7592,568149,144,7,1,40,,7064,17,0,0,0.2,53,16,610,14,19,11,23,9,0,16,0.0,0.0,0.02,9,0,2,6,1,22,24,0.2,0.68
7592,7593,568158,53,1,1,13,,7065,17,0,1,0.7,86,43,848,17,63,40,90,27,1,60,0.0,0.05,0.03,28,1,0,31,1,37,38,0.7,0.32
7593,7594,568158,95,3,7,46,,7066,3,0,0,0.1,7,6,109,3,5,3,3,2,1,3,0.0,0.0,0.04,2,0,1,2,0,4,6,0.1,0.36
7594,7595,568158,95,6,1,34,,7067,6,1,3,0.9,92,53,775,14,23,10,77,25,0,26,0.04,0.11,0.04,15,4,1,28,2,44,51,0.9,0.68
7595,7596,568177,18,4,5,2,,7068,4,0,0,0.4,3,3,46,2,2,1,0,3,0,2,0.0,0.0,0.31,0,0,0,2,1,2,7,0.4,2.93
7596,7597,568177,18,5,4,6,,7069,5,0,1,1.2,13,29,167,5,5,1,2,2,0,5,0.0,0.24,0.3,3,1,0,1,0,8,20,1.2,2.68
7597,7598,568177,55,7,2,54,,7070,7,11,6,10.4,102,56,500,47,12,5,7,11,0,13,0.67,0.37,0.63,4,17,0,0,11,36,91,8.0,3.41
7598,7599,568333,23,6,1,40,,7071,5,0,0,0.1,37,14,372,6,17,21,41,13,0,17,0.0,0.0,0.01,8,0,1,14,1,6,16,0.1,0.29
7599,7600,568333,23,7,1,33,,7072,7,0,0,0.8,17,8,138,4,12,11,18,8,0,12,0.0,0.0,0.18,6,0,1,10,0,4,13,0.8,1.7
7600,7601,568535,36,6,4,74,2297,7073,6,1,0,0.3,5,5,37,0,5,3,2,3,0,3,0.49,0.0,0.14,1,1,0,4,1,4,4,0.3,2.47
7601,7602,568535,36,6,4,74,2298,7073,6,1,0,0.3,5,5,37,0,5,3,2,3,0,3,0.49,0.0,0.14,1,1,0,4,1,4,4,0.3,2.47
7602,7603,568535,36,6,4,74,2299,7073,6,1,0,0.3,5,5,37,0,5,3,2,3,0,3,0.49,0.0,0.14,1,1,0,4,1,4,4,0.3,2.47
7603,7604,568559,88,7,1,26,,7074,7,0,0,0.0,28,3,475,0,9,12,34,13,0,10,0.0,0.0,0.01,6,0,4,20,1,2,3,0.0,0.33
7604,7605,568693,26,4,2,23,1011,7075,3,1,3,2.1,115,37,838,20,45,29,22,33,0,39,0.04,0.13,0.09,18,4,0,29,5,51,62,2.1,1.31
7605,7606,568693,26,4,2,23,1012,7075,3,1,3,2.1,115,37,838,20,45,29,22,33,0,39,0.04,0.13,0.09,18,4,0,29,5,51,62,2.1,1.31
7606,7607,568693,26,4,2,23,1013,7075,3,1,3,2.1,115,37,838,20,45,29,22,33,0,39,0.04,0.13,0.09,18,4,0,29,5,51,62,2.1,1.31
7607,7608,568693,88,6,2,16,,7076,5,3,3,3.4,150,43,1179,20,34,31,28,21,0,36,0.13,0.13,0.15,15,6,1,24,6,58,52,3.4,1.57
7608,7609,568693,88,7,2,7,,7077,7,1,2,1.6,52,14,490,8,29,16,11,15,0,13,0.1,0.2,0.16,6,3,0,15,0,17,23,1.6,1.58
7609,7610,568698,132,6,5,59,1934,7078,7,0,0,0.4,4,4,33,3,2,0,2,0,0,4,0.0,0.0,0.14,0,0,0,19,0,5,7,0.4,1.9
7610,7611,568698,132,6,5,59,1935,7078,7,0,0,0.4,4,4,33,3,2,0,2,0,0,4,0.0,0.0,0.14,0,0,0,19,0,5,7,0.4,1.9
7611,7612,568698,132,6,5,59,1936,7078,7,0,0,0.4,4,4,33,3,2,0,2,0,0,4,0.0,0.0,0.14,0,0,0,19,0,5,7,0.4,1.9
7612,7613,568698,132,7,5,30,,7079,9,0,0,1.0,14,18,116,8,4,3,7,5,0,8,0.0,0.0,0.14,2,0,0,24,0,10,12,1.0,1.44
7613,7614,568701,26,3,5,61,,7080,7,3,2,4.6,30,42,341,19,18,21,5,7,0,24,0.19,0.12,0.29,7,5,0,26,0,31,42,4.6,2.54
7614,7615,568701,26,4,5,17,,7081,8,0,3,1.4,5,16,140,15,5,6,1,4,0,7,0.0,0.49,0.23,3,3,0,4,0,9,22,1.4,2.27
7615,7616,568702,26,3,5,27,,7082,5,3,4,1.4,22,41,189,23,15,4,6,9,0,20,0.27,0.36,0.13,7,7,0,14,2,25,40,1.4,2.52
7616,7617,568702,46,5,7,3,,7083,7,0,2,0.7,16,29,250,10,10,8,10,10,1,22,0.0,0.32,0.11,7,2,0,5,1,20,20,0.7,1.58
7617,7618,568835,92,4,2,29,,7084,8,0,1,0.5,20,8,177,6,15,15,5,6,0,13,0.0,0.14,0.06,4,1,0,11,3,10,11,0.5,1.51
7618,7619,569031,8,6,2,13,,7085,3,0,2,0.5,46,18,366,9,16,6,12,11,0,19,0.0,0.18,0.04,6,2,0,2,2,13,24,0.5,1.34
7619,7620,569033,62,7,5,33,2465,7086,6,2,1,1.7,10,19,88,4,6,1,6,2,0,8,0.36,0.18,0.31,2,3,0,7,1,6,13,1.7,3.76
7620,7621,569033,62,7,5,33,2466,7086,6,2,1,1.7,10,19,88,4,6,1,6,2,0,8,0.36,0.18,0.31,2,3,0,7,1,6,13,1.7,3.76
7621,7622,569140,140,5,4,63,,7087,7,1,2,3.2,74,49,413,23,33,18,17,12,1,40,0.06,0.11,0.18,21,3,0,22,1,33,61,3.2,2.41
7622,7623,569140,140,7,5,3,,7088,10,2,4,2.5,33,28,257,16,15,9,24,9,0,12,0.17,0.35,0.21,7,6,0,8,1,15,48,1.7,1.98
7623,7624,569366,13,3,2,2,,7089,3,0,0,0.2,0,2,16,1,2,2,0,0,0,1,0.0,0.0,0.41,1,0,0,1,0,0,1,0.2,4.39
7624,7625,569366,32,5,2,3,,7090,5,0,1,1.2,29,23,311,12,23,12,7,20,0,19,0.0,0.1,0.12,12,1,0,8,2,14,34,1.2,1.72
7625,7626,569366,32,6,4,25,,7091,6,5,4,5.3,127,46,1238,33,40,16,7,24,0,39,0.2,0.16,0.21,18,9,1,7,12,41,82,4.5,1.53
7626,7627,569366,32,7,4,43,,7092,7,4,2,5.7,70,19,583,14,16,7,2,15,0,20,0.35,0.17,0.5,6,6,1,4,2,14,45,4.8,2.71
7627,7628,569385,35,3,4,152,,7093,3,2,5,3.4,87,56,571,59,38,10,6,15,0,49,0.1,0.26,0.17,13,7,0,13,4,29,95,3.4,1.35
7628,7629,569385,35,4,4,41,,7094,4,0,4,1.2,75,43,457,17,13,17,4,18,0,33,0.0,0.33,0.1,5,4,0,10,1,30,38,1.2,1.75
7629,7630,569385,3,5,2,6,,7095,5,0,0,0.5,23,16,115,1,5,4,1,1,0,9,0.0,0.0,0.2,1,0,0,0,0,10,5,0.5,2.88
7630,7631,569387,115,6,1,14,,7096,8,2,3,1.6,116,76,1031,24,55,35,99,40,0,46,0.06,0.09,0.05,30,5,0,53,4,32,63,1.6,0.53
7631,7632,569388,139,5,7,27,,7097,7,1,0,0.8,61,3,604,1,25,27,73,27,1,38,0.05,0.0,0.04,18,1,1,50,0,3,6,0.8,0.57
7632,7633,569389,13,1,4,23,218,7098,3,0,0,0.6,18,24,161,8,12,8,6,6,0,15,0.0,0.0,0.07,1,0,0,7,2,19,20,0.6,1.21
7633,7634,569389,13,3,4,23,,7099,5,7,1,4.8,127,65,770,29,49,31,15,25,0,53,0.31,0.04,0.21,18,8,0,18,0,43,68,4.8,1.96
7634,7635,569389,13,4,4,41,,7100,6,6,4,5.6,130,75,708,38,38,23,4,10,0,47,0.28,0.18,0.26,15,10,0,12,8,54,78,5.6,1.71
7635,7636,569389,75,6,3,16,,7101,8,0,0,1.2,17,20,143,8,8,3,3,4,0,10,0.0,0.0,0.22,4,0,0,1,0,18,17,1.2,2.53
7636,7637,569389,75,7,4,5,,7102,9,3,2,3.5,28,11,216,12,14,5,4,15,0,14,0.57,0.38,0.67,7,5,0,2,3,11,21,3.5,2.28
7637,7638,569390,3,5,2,63,,7103,6,1,4,1.8,101,53,691,26,28,14,12,27,0,32,0.05,0.22,0.1,10,5,0,8,2,53,50,1.8,0.76
7638,7639,569390,3,6,2,28,,7104,7,3,2,3.3,154,106,1014,35,32,19,20,22,0,30,0.12,0.08,0.13,9,5,0,10,2,93,83,3.3,1.32
7639,7640,569598,14,1,2,58,,7105,4,2,1,1.2,27,21,271,6,28,11,8,7,0,27,0.2,0.1,0.12,9,3,0,5,2,27,17,1.2,1.18
7640,7641,569598,14,2,2,9,347,7106,5,1,0,0.8,56,28,362,8,25,14,7,11,0,30,0.09,0.0,0.07,13,1,0,17,1,30,20,0.8,1.25
7641,7642,569598,13,3,2,5,,7107,6,0,3,1.5,187,57,1435,28,90,34,14,43,1,82,0.0,0.09,0.05,42,3,2,19,3,52,69,1.5,1.13
7642,7643,569598,13,4,2,37,,7108,7,0,4,1.1,146,44,895,20,69,32,22,29,0,56,0.0,0.16,0.05,29,4,2,14,19,41,53,1.1,1.23
7643,7644,569598,13,5,2,24,,7109,8,2,2,2.8,238,81,1419,32,81,56,32,50,2,74,0.06,0.06,0.08,38,4,1,23,11,90,78,2.8,1.22
7644,7645,569598,13,6,2,26,,7110,9,4,4,5.0,249,53,1453,40,61,37,31,35,0,66,0.13,0.13,0.17,30,8,1,17,13,83,100,5.0,1.74
7645,7646,569598,51,7,2,43,2610,7111,10,1,3,0.4,89,16,647,8,24,10,14,13,0,24,0.07,0.22,0.03,12,4,2,6,4,20,26,0.4,1.1
7646,7647,571020,98,2,4,13,,7112,4,1,1,1.0,19,11,159,10,11,2,2,6,0,11,0.12,0.12,0.13,4,2,0,8,0,7,24,1.0,1.21
7647,7648,571020,98,3,5,147,,7113,5,2,2,2.8,41,26,254,12,8,5,7,4,0,7,0.17,0.17,0.25,2,4,0,18,0,18,27,2.8,1.57
7648,7649,571020,98,4,3,33,,7114,6,6,4,3.4,76,28,347,27,12,5,13,2,0,20,0.38,0.25,0.21,5,10,0,17,10,24,59,3.4,1.9
7649,7650,571020,98,5,2,16,,7115,7,10,2,7.6,159,91,788,44,27,4,9,10,1,37,0.36,0.07,0.27,11,12,1,24,9,71,95,6.0,1.99
7650,7651,571020,98,6,2,43,,7116,8,4,5,6.3,121,76,641,42,19,10,5,5,2,21,0.18,0.23,0.29,8,9,0,24,9,68,84,5.5,1.87
7651,7652,571020,98,7,2,22,,7117,9,7,1,5.3,56,33,301,12,10,5,4,8,0,9,0.62,0.09,0.47,4,8,0,7,5,26,30,4.5,1.96
7652,7653,571604,91,4,7,2,,7118,2,1,0,1.3,53,9,405,5,22,22,16,12,0,19,0.12,0.0,0.16,9,1,0,20,0,7,16,1.3,1.89
7653,7654,571604,91,5,1,9,,7119,3,2,2,2.0,158,22,1205,9,54,56,57,36,0,55,0.08,0.08,0.08,29,4,2,49,1,22,33,2.0,0.66
7654,7655,571604,91,6,1,43,,7120,4,1,3,1.4,116,30,1272,11,53,59,71,44,0,40,0.04,0.11,0.05,19,4,0,80,1,22,43,1.4,0.67
7655,7656,571607,68,5,4,9,,7121,3,0,2,2.4,60,33,364,16,24,4,11,20,0,29,0.0,0.15,0.18,12,2,0,10,2,21,48,2.4,1.46
7656,7657,571607,68,6,2,16,,7122,4,1,1,1.2,43,22,344,24,18,7,6,10,0,26,0.08,0.08,0.1,10,2,0,3,2,17,53,1.2,1.63
7657,7658,571607,27,7,4,16,2681,7123,6,1,0,1.0,31,16,173,6,17,5,5,7,0,19,0.13,0.0,0.12,12,1,0,3,3,7,17,1.0,0.88
7658,7659,571607,27,7,4,16,2682,7123,6,1,0,1.0,31,16,173,6,17,5,5,7,0,19,0.13,0.0,0.12,12,1,0,3,3,7,17,1.0,0.88
7659,7660,571743,37,4,3,73,882,7124,4,6,0,5.9,29,56,243,10,12,3,11,17,0,9,0.27,0.0,0.27,2,6,0,88,1,28,38,5.9,2.05
7660,7661,571743,37,4,3,73,883,7124,4,6,0,5.9,29,56,243,10,12,3,11,17,0,9,0.27,0.0,0.27,2,6,0,88,1,28,38,5.9,2.05
7661,7662,571743,55,5,3,10,,7125,5,1,0,0.8,4,8,33,1,4,1,1,10,0,1,0.31,0.0,0.26,1,1,0,9,0,1,4,0.8,1.84
7662,7663,572265,38,6,3,9,2239,7126,7,8,4,7.8,18,10,271,20,19,3,36,18,0,20,0.28,0.14,0.27,5,12,1,95,0,16,46,7.8,2.12
7663,7664,572265,38,6,3,9,2240,7126,7,8,4,7.8,18,10,271,20,19,3,36,18,0,20,0.28,0.14,0.27,5,12,1,95,0,16,46,7.8,2.12
7664,7665,572265,38,7,3,20,2362,7127,9,6,0,2.7,10,6,125,6,8,2,16,6,0,7,0.49,0.0,0.22,4,6,0,32,0,6,13,2.7,2.2
7665,7666,572326,84,4,1,27,1173,7128,4,0,1,1.0,36,16,526,4,29,21,40,21,0,18,0.0,0.09,0.09,11,1,1,27,0,4,11,1.0,0.69
7666,7667,572326,12,6,1,6,,7129,6,1,0,1.3,61,8,675,6,18,18,51,19,1,15,0.06,0.0,0.09,8,1,0,35,1,3,14,1.3,0.65
7667,7668,572326,12,7,1,6,,7130,8,0,0,0.5,35,7,458,0,26,11,35,17,0,19,0.0,0.0,0.06,14,0,0,23,0,2,6,0.5,0.41
7668,7669,573775,20,5,3,41,1513,7131,7,1,1,4.4,19,9,203,11,15,2,7,11,0,17,0.06,0.06,0.29,7,2,1,32,0,6,22,3.6,2.08
7669,7670,573775,20,6,3,9,,7132,8,13,2,11.5,34,27,406,14,16,5,27,24,0,29,0.39,0.06,0.35,9,15,0,58,0,20,49,11.5,2.0
7670,7671,573775,20,7,3,37,,7133,10,4,1,2.7,14,7,146,10,7,6,6,8,0,6,0.32,0.08,0.21,2,5,0,31,0,3,17,2.7,1.82
7671,7672,573907,6,1,1,33,,7134,6,1,1,0.6,43,12,585,4,27,26,57,27,0,20,0.07,0.07,0.04,13,2,1,22,0,11,9,0.6,0.56
7672,7673,573907,6,2,1,41,454,7135,7,1,1,1.0,78,20,1031,4,42,41,69,39,0,32,0.04,0.04,0.05,19,2,2,22,0,13,17,1.0,0.36
7673,7674,573907,6,4,1,11,1084,7136,9,0,0,0.3,78,12,1668,3,41,33,102,40,1,34,0.0,0.0,0.01,20,0,1,43,1,9,14,0.3,0.18
7674,7675,573907,80,5,1,37,1585,7137,10,0,0,0.2,42,1,753,3,34,28,106,43,3,34,0.0,0.0,0.01,18,0,0,31,0,1,7,0.2,0.15
7675,7676,574495,115,5,2,40,,7138,6,0,0,0.5,24,10,165,7,7,11,6,15,0,10,0.0,0.0,0.06,4,0,0,21,0,2,15,0.5,1.24
7676,7677,574671,13,4,1,20,897,7139,5,0,0,0.5,33,10,330,1,23,9,15,5,1,12,0.0,0.0,0.11,8,0,0,18,0,9,1,0.5,1.0
7677,7678,574671,13,4,1,20,898,7139,5,0,0,0.5,33,10,330,1,23,9,15,5,1,12,0.0,0.0,0.11,8,0,0,18,0,9,1,0.5,1.0
7678,7679,574671,51,7,1,26,2512,7140,8,1,0,0.9,35,9,462,4,17,4,28,4,0,19,0.14,0.0,0.12,10,1,0,14,0,9,8,0.9,0.55
7679,7680,575693,103,6,5,2,1746,7141,5,1,1,0.8,12,21,89,6,4,1,0,3,0,3,0.37,0.37,0.29,1,2,0,0,0,9,15,0.8,2.99
7680,7681,575998,49,3,1,20,603,7142,6,2,0,2.0,48,11,921,1,29,28,65,17,1,31,0.11,0.0,0.11,14,2,3,35,0,11,9,2.0,0.72
7681,7682,575998,49,3,1,20,604,7142,6,2,0,2.0,48,11,921,1,29,28,65,17,1,31,0.11,0.0,0.11,14,2,3,35,0,11,9,2.0,0.72
7682,7683,575998,49,6,1,41,,7143,9,2,0,0.9,122,19,1402,5,79,51,91,38,1,67,0.08,0.0,0.03,49,2,0,57,0,23,27,0.9,0.55
7683,7684,576121,1,6,7,17,1970,7144,5,1,1,0.1,19,11,186,5,5,6,7,5,0,8,0.2,0.2,0.03,2,2,0,4,1,10,9,0.1,0.78
7684,7685,576121,1,6,7,17,1971,7144,5,1,1,0.1,19,11,186,5,5,6,7,5,0,8,0.2,0.2,0.03,2,2,0,4,1,10,9,0.1,0.78
7685,7686,576121,1,6,7,17,1972,7144,5,1,1,0.1,19,11,186,5,5,6,7,5,0,8,0.2,0.2,0.03,2,2,0,4,1,10,9,0.1,0.78
7686,7687,576314,25,6,1,14,,7145,8,0,0,1.2,147,25,2225,10,47,30,76,49,0,45,0.0,0.0,0.05,27,0,4,66,3,41,37,1.2,0.57
7687,7688,576314,25,7,1,10,,7146,9,0,1,0.6,116,22,940,7,20,9,51,18,0,20,0.0,0.07,0.04,12,1,2,28,3,19,26,0.6,0.58
7688,7689,577486,97,5,1,2,1181,7147,7,2,0,0.5,38,11,350,4,38,15,35,15,1,42,0.12,0.0,0.03,23,2,0,31,0,8,16,0.5,0.3
7689,7690,577486,97,6,1,9,2038,7148,8,2,0,0.7,63,11,754,8,68,35,80,40,0,57,0.07,0.0,0.03,37,2,0,51,0,12,22,0.7,0.5
7690,7691,578539,29,6,7,41,,7149,8,1,1,0.6,43,1,778,6,46,27,109,32,0,30,0.04,0.04,0.03,20,2,0,61,1,6,16,0.6,0.47
7691,7692,578872,34,2,2,2,,7150,6,1,0,0.4,10,2,131,2,16,2,0,2,0,9,0.45,0.0,0.2,2,1,0,1,1,4,7,0.4,2.7
7692,7693,578872,13,4,2,52,,7151,8,1,1,2.5,81,42,638,17,43,13,4,15,1,40,0.06,0.06,0.15,17,2,1,14,3,37,37,2.5,1.62
7693,7694,578872,13,5,2,20,,7152,9,0,0,0.6,20,5,134,3,9,4,2,2,0,12,0.0,0.0,0.19,6,0,0,1,1,6,5,0.6,1.55
7694,7695,579263,35,7,4,28,2347,7153,9,0,0,0.3,15,11,88,7,4,4,2,1,0,8,0.0,0.0,0.07,2,0,0,2,0,11,17,0.3,2.14
7695,7696,579928,14,7,5,20,2737,7154,7,4,3,3.6,66,31,290,16,10,3,8,10,0,12,0.33,0.25,0.3,4,7,0,2,4,19,41,3.6,1.09
7696,7697,580195,86,3,5,13,,7155,2,6,1,2.9,39,29,351,9,20,14,3,17,0,22,0.61,0.1,0.29,7,7,0,7,0,27,35,2.9,2.66
7697,7698,580195,86,4,4,75,,7156,3,5,5,4.1,95,55,595,28,40,19,2,25,0,36,0.31,0.31,0.25,15,10,1,5,4,37,77,4.1,2.52
7698,7699,580195,86,5,4,66,,7157,4,12,10,8.0,124,89,857,52,34,19,3,30,0,35,0.49,0.41,0.33,13,22,0,12,3,61,120,8.0,2.7
7699,7700,580195,86,6,4,53,,7158,5,10,5,7.9,100,103,621,42,40,16,5,25,0,36,0.51,0.26,0.4,14,15,0,7,12,60,106,7.9,2.97
7700,7701,580195,86,7,2,4,,7159,6,9,2,5.5,69,40,443,23,21,6,4,15,0,15,0.8,0.18,0.49,5,11,1,3,5,20,61,5.5,3.93
7701,7702,580560,96,6,1,6,,7160,7,1,1,1.1,53,9,1019,3,25,10,53,17,0,22,0.06,0.06,0.06,14,2,1,57,1,8,14,1.1,0.35
7702,7703,580657,31,7,5,20,2404,7161,8,0,3,0.6,44,36,268,18,5,4,5,10,0,4,0.0,0.37,0.07,1,3,1,0,4,24,38,0.6,1.24
7703,7704,581357,134,6,2,17,,7162,9,2,2,1.1,72,16,444,13,48,26,57,37,0,42,0.09,0.09,0.05,21,4,0,39,4,11,32,1.1,0.77
7704,7705,581357,134,7,2,28,,7163,10,2,1,2.0,40,16,316,13,25,21,41,18,0,32,0.15,0.07,0.15,13,3,1,23,1,13,23,2.0,1.56
7705,7706,581672,68,5,6,71,,7164,3,1,1,0.7,18,11,96,5,7,2,6,5,0,9,0.28,0.28,0.21,4,2,0,1,1,16,14,0.7,1.13
7706,7707,581672,68,6,7,21,,7165,4,1,2,0.7,25,29,330,19,23,6,19,17,0,18,0.11,0.22,0.08,11,3,0,9,0,15,32,0.7,1.0
7707,7708,581672,58,7,5,5,2363,7166,6,1,0,0.1,7,5,57,1,3,2,1,0,0,1,0.83,0.0,0.11,0,1,0,0,0,4,7,0.1,3.3
7708,7709,581678,63,3,2,5,577,7167,2,1,3,2.5,93,28,866,14,49,24,13,37,1,46,0.05,0.16,0.13,19,4,0,26,3,35,39,2.5,1.75
7709,7710,581678,63,4,2,22,,7168,3,3,8,4.8,144,78,1256,38,52,42,32,50,0,53,0.1,0.26,0.15,21,11,0,28,12,44,104,4.8,1.42
7710,7711,581678,63,5,2,15,,7169,4,8,4,8.2,252,97,1342,34,76,35,30,51,0,51,0.27,0.13,0.27,34,12,0,34,9,50,125,7.4,2.21
7711,7712,581678,19,6,2,4,1921,7170,5,19,6,11.1,196,85,1363,48,42,21,17,55,1,36,0.74,0.23,0.43,12,25,0,24,18,73,99,10.3,2.41
7712,7713,581678,19,7,2,12,,7171,6,6,4,3.4,86,32,613,16,29,13,12,20,0,20,0.47,0.32,0.27,14,10,0,5,6,24,35,2.6,1.42
7713,7714,581781,99,1,2,2,,7172,2,0,1,0.2,40,9,354,6,25,11,7,7,1,21,0.0,0.11,0.02,10,1,0,7,2,12,23,0.2,0.53
7714,7715,581781,99,2,2,67,386,7173,3,0,0,0.1,9,3,94,0,6,2,1,2,0,3,0.0,0.0,0.06,1,0,0,2,0,3,1,0.1,1.41
7715,7716,581781,99,2,2,67,387,7173,3,0,0,0.1,9,3,94,0,6,2,1,2,0,3,0.0,0.0,0.06,1,0,0,2,0,3,1,0.1,1.41
7716,7717,581781,136,6,2,3,,7174,7,0,1,0.5,97,27,935,19,62,12,16,20,0,42,0.0,0.05,0.03,20,1,1,27,8,27,41,0.5,0.8
7717,7718,583189,60,4,3,30,,7175,4,2,2,2.6,18,32,340,9,26,9,7,17,0,29,0.15,0.15,0.19,15,4,0,24,2,24,21,2.6,1.56
7718,7719,583189,60,5,3,16,,7176,5,0,1,0.7,8,12,95,6,3,2,4,4,0,2,0.0,0.21,0.15,1,1,0,8,0,3,17,0.7,2.11
7719,7720,583189,131,6,5,10,2170,7177,6,5,9,6.6,49,98,498,32,33,8,20,22,0,36,0.18,0.33,0.24,17,14,1,17,4,54,70,6.6,2.0
7720,7721,583189,131,7,5,42,,7178,7,2,2,1.3,16,31,176,15,8,4,16,4,0,6,0.2,0.2,0.13,2,4,0,11,0,18,30,1.3,1.53
7721,7722,583255,100,5,5,28,1389,7179,7,1,0,0.3,5,5,38,2,1,2,4,10,0,6,0.35,0.0,0.09,1,1,0,9,0,9,7,0.3,1.05
7722,7723,583255,100,6,3,21,,7180,8,8,2,4.6,64,89,452,29,24,6,21,39,0,27,0.34,0.09,0.2,9,10,0,52,5,51,72,4.6,2.99
7723,7724,583255,100,7,3,41,,7181,9,5,1,5.3,42,68,331,20,25,4,14,31,0,17,0.32,0.06,0.34,5,6,0,27,4,34,58,5.3,4.35
7724,7725,584769,56,2,2,28,,7182,4,2,6,2.3,97,146,894,55,47,30,34,60,0,71,0.05,0.16,0.06,23,8,0,28,4,95,116,2.3,1.29
7725,7726,584769,56,3,2,10,,7183,5,2,5,1.1,101,102,936,48,47,32,32,44,0,56,0.06,0.15,0.03,18,7,1,18,2,73,93,1.1,0.76
7726,7727,584769,56,4,2,42,,7184,6,0,1,2.3,104,93,782,47,78,35,31,64,0,73,0.0,0.03,0.07,33,1,1,13,9,81,112,2.3,1.51
7727,7728,584769,22,5,5,10,1666,7185,7,7,3,3.5,69,76,656,49,64,31,41,46,0,65,0.25,0.11,0.13,27,10,0,14,3,44,108,3.5,1.66
7728,7729,584769,22,6,4,11,,7186,8,3,6,3.4,114,80,874,69,44,22,37,44,0,55,0.09,0.19,0.11,24,9,0,16,14,62,130,3.4,1.77
7729,7730,584769,22,7,4,42,,7187,10,3,3,0.9,60,31,377,32,10,5,1,7,0,16,0.24,0.24,0.07,7,6,1,3,8,28,60,0.9,1.82
7730,7731,585700,80,5,3,3,,7188,7,1,0,0.5,1,7,25,2,1,0,0,1,0,3,0.51,0.0,0.23,1,1,0,1,0,4,3,0.5,2.53
7731,7732,585700,105,7,5,73,2706,7189,9,4,1,1.3,35,29,238,11,8,7,10,7,0,12,0.37,0.09,0.12,5,5,0,3,5,23,26,1.3,1.74
7732,7733,585949,51,3,1,2,823,7190,5,1,1,0.9,40,18,422,6,18,19,20,9,0,14,0.12,0.12,0.11,10,2,0,11,0,12,9,0.9,0.37
7733,7734,585949,51,4,1,25,,7191,6,1,2,0.3,78,21,1020,7,61,26,54,36,0,22,0.05,0.09,0.02,17,3,0,22,0,19,27,0.3,0.23
7734,7735,585949,51,5,1,45,,7192,7,1,0,1.5,138,52,1589,10,57,41,56,41,0,42,0.04,0.0,0.05,28,1,1,36,3,25,33,1.5,0.39
7735,7736,585959,12,5,3,10,1443,7193,5,7,3,7.5,32,36,359,12,15,2,9,15,0,20,0.34,0.15,0.36,5,10,0,13,0,21,35,7.5,2.09
7736,7737,585959,12,6,3,42,,7194,6,10,1,9.0,37,27,405,28,5,4,4,13,0,5,0.42,0.04,0.38,2,11,0,6,2,18,70,7.4,2.48
7737,7738,585959,12,7,3,11,,7195,7,6,0,4.8,24,14,164,5,6,1,2,4,0,3,0.5,0.0,0.4,2,6,0,12,0,16,12,1.7,1.66
7738,7739,585973,34,5,2,23,1333,7196,4,1,2,0.9,125,20,1163,10,58,28,17,29,0,86,0.05,0.09,0.04,32,3,3,16,3,37,35,0.9,0.88
7739,7740,585973,34,6,2,41,,7197,5,0,0,0.1,24,5,165,3,4,4,0,5,0,8,0.0,0.0,0.05,1,0,0,1,1,7,7,0.1,1.42
7740,7741,585973,71,7,2,25,2418,7198,7,2,1,0.7,39,14,254,5,27,10,8,10,0,25,0.21,0.1,0.07,9,3,0,9,0,13,19,0.7,1.23
7741,7742,585973,71,7,2,25,2419,7198,7,2,1,0.7,39,14,254,5,27,10,8,10,0,25,0.21,0.1,0.07,9,3,0,9,0,13,19,0.7,1.23
7742,7743,585982,135,5,1,52,,7199,8,6,5,4.4,101,87,1430,26,73,24,85,24,0,54,0.18,0.15,0.13,33,11,1,57,2,62,56,4.4,1.23
7743,7744,585982,54,6,1,20,1787,7200,9,0,3,1.0,54,42,921,19,29,16,52,20,0,22,0.0,0.16,0.05,15,3,0,59,0,32,36,1.0,1.15
7744,7745,585982,54,6,1,20,1788,7200,9,0,3,1.0,54,42,921,19,29,16,52,20,0,22,0.0,0.16,0.05,15,3,0,59,0,32,36,1.0,1.15
7745,7746,585982,54,7,1,11,2364,7201,10,2,0,0.7,17,6,221,1,7,2,10,3,0,8,0.47,0.0,0.18,4,2,0,11,0,6,3,0.7,0.94
7746,7747,586853,72,3,2,63,,7202,5,0,1,0.5,20,11,302,12,7,3,1,3,0,8,0.0,0.17,0.09,3,1,0,0,3,15,23,0.5,1.38
7747,7748,586853,49,5,3,75,1233,7203,7,2,0,4.0,9,3,77,3,15,2,6,3,0,11,0.39,0.0,0.77,3,2,0,5,1,6,11,4.0,4.85
7748,7749,586853,27,6,5,104,1868,7204,8,2,0,1.1,4,10,34,2,2,0,2,2,0,2,0.63,0.0,0.36,1,2,0,7,0,4,8,1.1,4.42
7749,7750,586853,27,6,5,104,1869,7204,8,2,0,1.1,4,10,34,2,2,0,2,2,0,2,0.63,0.0,0.36,1,2,0,7,0,4,8,1.1,4.42
7750,7751,586853,27,7,3,8,2606,7205,9,0,2,0.7,8,11,77,4,11,6,8,7,0,17,0.0,0.29,0.11,5,2,0,10,1,10,16,0.7,2.44
7751,7752,587458,11,3,3,134,,7206,6,1,2,1.5,43,50,228,12,39,10,2,30,0,34,0.07,0.13,0.1,12,3,0,16,1,35,38,1.5,1.26
7752,7753,587458,11,4,4,33,,7207,7,3,1,2.6,46,41,280,10,44,8,6,22,1,20,0.22,0.07,0.19,7,4,0,15,0,35,39,2.6,1.53
7753,7754,587458,11,5,4,33,,7208,8,0,1,1.5,110,81,531,28,71,10,6,39,0,59,0.0,0.04,0.06,25,1,0,17,5,71,59,1.5,1.18
7754,7755,588426,136,6,1,30,,7209,9,1,0,1.1,69,9,1257,1,32,20,120,27,1,18,0.04,0.0,0.04,11,1,3,58,1,6,6,1.1,0.78
7755,7756,588426,16,7,1,14,2453,7210,10,2,0,0.9,36,8,669,0,16,23,73,21,0,9,0.13,0.0,0.06,3,2,3,34,0,6,6,0.9,0.8
7756,7757,589737,27,4,5,71,1086,7211,6,0,1,1.1,11,23,113,13,14,1,7,22,0,19,0.0,0.11,0.12,9,1,0,31,0,15,34,1.1,1.69
7757,7758,589737,59,5,5,67,1268,7212,7,1,1,1.4,6,13,28,5,6,1,2,7,0,5,0.25,0.25,0.36,2,2,0,14,0,6,14,1.4,3.31
7758,7759,589737,82,6,3,33,2221,7213,8,0,0,0.5,5,9,58,5,4,1,3,3,0,3,0.0,0.0,0.15,1,0,0,11,0,6,9,0.5,1.96
7759,7760,589737,82,6,3,33,2222,7213,8,0,0,0.5,5,9,58,5,4,1,3,3,0,3,0.0,0.0,0.15,1,0,0,11,0,6,9,0.5,1.96
7760,7761,589737,82,6,3,33,2223,7213,8,0,0,0.5,5,9,58,5,4,1,3,3,0,3,0.0,0.0,0.15,1,0,0,11,0,6,9,0.5,1.96
7761,7762,590690,109,2,5,46,,7214,6,1,0,0.1,3,0,25,3,0,0,1,1,0,1,1.02,0.0,0.12,0,1,0,1,0,0,5,0.1,2.05
7762,7763,591193,7,6,7,23,1937,7215,7,3,2,1.3,61,55,625,16,54,16,30,30,1,64,0.21,0.14,0.09,29,5,0,17,8,34,45,1.3,1.51
7763,7764,591193,7,6,7,23,1938,7215,7,3,2,1.3,61,55,625,16,54,16,30,30,1,64,0.21,0.14,0.09,29,5,0,17,8,34,45,1.3,1.51
7764,7765,591914,26,3,4,44,550,7216,7,0,0,0.3,24,4,210,1,7,2,3,6,0,9,0.0,0.0,0.06,3,0,0,6,0,3,11,0.3,1.09
7765,7766,591916,98,5,1,34,,7217,7,0,0,0.5,33,4,464,3,7,14,26,11,0,11,0.0,0.0,0.05,6,0,0,21,1,2,5,0.5,0.84
7766,7767,591916,98,6,1,13,,7218,8,1,0,1.2,107,6,1331,4,20,33,104,23,1,14,0.03,0.0,0.04,7,1,0,60,2,2,15,1.2,0.47
7767,7768,591916,98,7,1,16,,7219,9,2,0,1.3,32,2,474,1,8,15,67,15,1,9,0.18,0.0,0.12,4,2,2,21,0,3,5,1.3,0.35
7768,7769,591949,58,4,1,9,,7220,4,5,1,0.9,52,57,1032,19,46,29,44,36,0,30,0.16,0.03,0.03,20,6,0,17,2,43,44,0.9,0.67
7769,7770,591949,52,5,1,16,1269,7221,5,0,1,0.4,81,41,695,6,38,17,32,18,0,32,0.0,0.05,0.02,18,1,1,14,2,17,20,0.4,0.52
7770,7771,591949,52,6,1,26,,7222,6,0,0,0.2,21,9,243,1,16,3,10,7,0,7,0.0,0.0,0.03,7,0,0,1,1,3,7,0.2,0.88
7771,7772,592534,142,7,2,74,,7223,9,0,1,0.8,37,11,266,5,19,6,29,17,0,13,0.0,0.1,0.08,7,1,0,34,0,9,16,0.8,1.08
7772,7773,592735,109,5,3,6,,7224,6,1,5,3.7,54,97,582,37,66,12,10,40,0,70,0.04,0.2,0.15,23,6,1,17,3,64,93,3.7,1.45
7773,7774,592979,66,5,4,17,1475,7225,7,2,2,1.4,151,58,1043,36,64,28,15,30,0,67,0.08,0.08,0.06,31,4,0,18,8,60,69,1.4,1.01
7774,7775,592979,66,7,4,14,,7226,10,4,1,4.2,104,55,703,23,23,12,11,8,0,23,0.27,0.07,0.28,8,5,1,7,14,40,46,1.8,1.22
7775,7776,594997,2,4,8,17,,7227,9,1,0,1.1,79,8,727,8,53,20,36,17,0,42,0.05,0.0,0.06,24,1,0,36,0,9,27,1.1,1.0
7776,7777,594997,2,5,2,3,,7228,10,0,0,1.1,121,14,1121,21,89,25,46,50,0,106,0.0,0.0,0.04,54,0,0,27,2,28,47,1.1,0.64
7777,7778,594997,2,6,2,28,,7229,11,1,0,1.6,71,14,698,9,49,19,26,38,0,47,0.05,0.0,0.09,22,1,1,31,1,15,28,1.6,0.75
7778,7779,595809,38,4,3,83,930,7230,8,11,0,12.7,26,31,247,20,21,5,25,16,0,19,0.46,0.0,0.53,9,11,1,73,1,33,49,12.7,2.65
7779,7780,595809,38,4,3,83,931,7230,8,11,0,12.7,26,31,247,20,21,5,25,16,0,19,0.46,0.0,0.53,9,11,1,73,1,33,49,12.7,2.65
7780,7781,595809,38,5,3,41,1595,7231,9,10,1,10.9,13,25,190,23,16,6,30,18,0,17,0.42,0.04,0.46,4,11,0,70,0,15,49,10.1,2.54
7781,7782,595809,22,7,3,11,,7232,11,1,0,1.6,1,3,11,0,3,0,2,1,0,2,0.44,0.0,0.71,1,1,0,12,0,3,4,1.6,4.39
7782,7783,596122,50,6,7,17,,7233,10,1,1,1.0,74,28,618,13,23,6,29,15,1,17,0.08,0.08,0.07,11,2,1,13,1,32,35,1.0,0.85
7783,7784,596122,50,7,1,3,,7234,11,0,1,0.6,44,17,431,4,19,14,45,14,0,22,0.0,0.1,0.05,12,1,0,6,0,13,14,0.6,0.39
7784,7785,596153,111,6,3,71,,7235,7,6,2,4.9,13,36,146,13,5,2,6,9,0,9,0.53,0.18,0.44,3,8,0,8,1,27,32,4.9,2.92
7785,7786,596153,111,7,4,21,,7236,9,2,1,1.1,12,14,74,4,2,2,0,2,0,3,0.39,0.2,0.21,2,3,0,8,1,9,17,1.1,2.55
7786,7787,596240,99,1,1,2,,7237,8,1,0,0.2,9,1,144,2,13,11,20,8,1,8,0.22,0.0,0.05,3,1,0,10,1,3,2,0.2,0.44
7787,7788,596240,99,3,1,30,,7238,10,2,0,0.8,47,8,815,1,33,30,89,18,1,24,0.09,0.0,0.04,12,2,0,43,0,6,5,0.8,0.23
7788,7789,596446,143,7,1,6,,7239,9,1,2,0.6,35,28,523,37,25,13,45,12,0,30,0.06,0.12,0.04,18,3,0,18,3,15,61,0.6,0.59
7789,7790,596813,4,4,3,44,,7240,7,0,1,1.8,17,14,84,7,11,4,8,12,0,10,0.0,0.12,0.23,2,1,0,19,2,5,15,1.8,2.23
7790,7791,596881,112,3,2,101,,7241,5,1,0,0.5,6,1,73,0,10,7,5,4,0,16,0.25,0.0,0.12,7,1,1,2,0,0,1,0.5,0.25
7791,7792,596881,112,5,2,13,,7242,7,0,0,0.1,12,2,129,1,12,4,18,9,0,14,0.0,0.0,0.01,4,0,0,14,0,4,7,0.1,0.35
7792,7793,597000,30,5,2,23,1397,7243,5,1,1,1.7,72,17,695,7,66,33,49,29,0,60,0.04,0.04,0.08,30,2,0,57,1,20,30,1.7,1.25
7793,7794,597000,30,6,2,38,,7244,6,1,1,2.2,75,21,913,12,70,43,80,65,0,67,0.04,0.04,0.08,37,2,0,70,0,14,43,2.2,0.99
7794,7795,597432,44,7,1,9,2513,7245,6,0,0,0.5,10,0,176,6,7,8,32,8,0,6,0.0,0.0,0.07,3,0,0,21,0,0,6,0.5,0.81
7795,7796,597659,103,7,1,14,2526,7246,7,0,0,1.4,26,6,540,3,14,15,63,17,0,24,0.0,0.0,0.12,13,0,2,45,0,5,11,1.4,1.02
7796,7797,598577,9,3,2,41,,7247,2,5,6,4.0,114,54,799,46,35,9,8,27,0,37,0.2,0.24,0.16,11,11,0,7,4,41,83,4.0,1.25
7797,7798,598577,9,4,4,65,,7248,3,7,10,5.4,136,75,664,59,25,13,4,12,0,28,0.34,0.49,0.26,10,17,0,7,16,62,117,5.4,1.75
7798,7799,598577,9,5,5,31,,7249,4,1,6,0.8,80,36,473,39,18,1,6,15,0,16,0.08,0.5,0.06,8,7,0,2,15,26,64,0.8,0.58
7799,7800,598577,9,6,2,19,,7250,5,11,11,8.9,224,138,1540,73,27,9,3,36,0,29,0.42,0.42,0.34,9,22,0,9,23,108,166,8.2,2.66
7800,7801,598577,9,7,2,53,,7251,6,7,7,5.1,94,74,810,32,18,8,1,17,0,13,0.52,0.52,0.38,6,14,0,3,11,42,88,2.5,3.07
7801,7802,598765,17,5,4,23,1182,7252,8,1,1,0.5,22,40,274,16,18,3,3,13,0,21,0.08,0.08,0.04,8,2,0,7,0,29,40,0.5,1.05
7802,7803,598765,17,6,4,3,,7253,9,1,0,0.3,9,18,83,2,4,3,0,4,0,5,0.36,0.0,0.1,2,1,0,4,1,15,8,0.3,1.81
7803,7804,602124,70,5,2,35,,7254,4,0,0,0.1,9,4,67,1,5,0,0,1,0,3,0.0,0.0,0.04,2,0,0,2,0,1,4,0.1,1.18
7804,7805,605184,75,3,1,21,813,7255,5,1,0,0.7,77,13,990,3,25,19,48,13,0,31,0.07,0.0,0.05,16,1,1,26,0,6,9,0.7,0.47
7805,7806,605184,75,3,1,21,814,7255,5,1,0,0.7,77,13,990,3,25,19,48,13,0,31,0.07,0.0,0.05,16,1,1,26,0,6,9,0.7,0.47
7806,7807,605184,75,4,1,5,932,7256,6,1,0,2.6,174,33,2131,15,59,51,130,45,0,60,0.03,0.0,0.08,39,1,2,70,5,20,34,2.6,0.55
7807,7808,605184,75,5,1,11,,7257,7,0,0,0.8,153,21,1931,5,76,41,110,41,2,56,0.0,0.0,0.03,41,0,2,39,2,13,22,0.8,0.44
7808,7809,605184,75,6,1,43,,7258,8,0,2,0.6,150,32,2228,9,58,38,97,34,1,56,0.0,0.07,0.02,34,2,1,39,3,19,42,0.6,0.31
7809,7810,605268,7,7,5,14,,7259,6,1,0,1.1,6,2,51,1,1,1,7,2,0,1,0.31,0.0,0.36,0,1,0,9,1,3,8,1.1,3.74
7810,7811,605893,8,2,2,23,,7260,5,1,0,0.5,0,1,15,0,1,1,1,1,0,3,1.38,0.0,0.65,0,1,0,1,1,0,2,0.5,1.38
7811,7812,606119,142,7,3,44,2331,7261,7,4,0,1.8,2,8,46,6,3,2,5,7,0,2,0.62,0.0,0.28,2,4,0,18,0,6,8,1.8,2.64
7812,7813,606450,101,1,2,58,,7262,3,0,0,0.0,4,0,29,0,10,0,0,1,0,8,0.0,0.0,0.04,4,0,0,3,0,0,2,0.0,0.84
7813,7814,607034,82,6,3,14,2302,7263,8,8,1,12.4,17,40,250,17,12,5,11,9,0,7,0.32,0.04,0.5,3,9,0,54,2,23,43,12.4,3.16
7814,7815,607034,82,7,3,41,2611,7264,9,3,1,4.1,5,9,93,11,3,1,4,2,0,3,0.29,0.1,0.4,2,4,1,25,0,4,22,4.1,2.34
7815,7816,607226,12,4,5,44,,7265,2,0,0,0.3,1,3,24,2,3,2,0,0,0,5,0.0,0.0,0.26,1,0,0,2,0,1,3,0.3,2.07
7816,7817,607226,73,6,5,40,2125,7266,4,4,3,2.6,59,72,505,22,20,4,16,20,0,20,0.17,0.13,0.11,10,7,1,27,1,48,56,2.6,1.89
7817,7818,607226,6,7,5,9,2365,7267,6,1,0,2.0,8,14,77,3,5,3,1,1,0,7,0.33,0.0,0.68,3,1,1,2,0,6,13,2.0,4.68
7818,7819,607854,73,4,2,14,950,7268,7,2,1,2.0,34,25,297,9,29,19,8,11,0,26,0.16,0.08,0.16,14,3,0,11,1,27,31,2.0,1.65
7819,7820,607854,73,4,2,14,951,7268,7,2,1,2.0,34,25,297,9,29,19,8,11,0,26,0.16,0.08,0.16,14,3,0,11,1,27,31,2.0,1.65
7820,7821,607854,91,5,2,47,1596,7269,8,1,1,2.0,93,37,884,21,67,36,31,56,0,66,0.04,0.04,0.08,29,2,0,20,1,35,55,2.0,1.46
7821,7822,607854,91,6,2,11,,7270,9,6,1,3.5,214,32,1390,18,83,41,33,48,0,63,0.19,0.03,0.11,44,7,1,35,6,26,71,3.5,1.19
7822,7823,607854,91,7,2,43,,7271,10,2,1,2.1,102,18,826,14,19,20,16,8,0,15,0.13,0.06,0.13,9,3,0,21,2,25,47,2.1,1.08
7823,7824,608175,130,6,1,74,,7272,8,2,8,1.3,106,94,1121,70,63,31,43,51,0,82,0.06,0.25,0.04,37,10,4,23,0,52,115,1.3,0.8
7824,7825,609556,108,6,3,58,,7273,4,0,0,1.6,2,7,49,1,2,2,9,3,0,2,0.0,0.0,0.19,1,0,0,24,0,8,12,1.6,2.4
7825,7826,610431,32,4,3,23,1157,7274,3,1,0,0.4,3,2,21,0,0,0,0,2,0,1,0.73,0.0,0.26,0,1,0,4,0,6,4,0.4,3.66
7826,7827,610849,143,7,3,20,2527,7275,6,6,1,4.4,15,25,90,14,6,2,14,4,0,7,0.46,0.08,0.33,0,7,0,25,6,19,32,4.4,2.12
7827,7828,613393,23,6,5,13,2241,7276,5,2,1,1.8,26,25,164,15,20,9,8,11,0,17,0.16,0.08,0.14,5,3,0,17,0,21,39,1.8,1.87
7828,7829,613393,23,6,5,13,2242,7276,5,2,1,1.8,26,25,164,15,20,9,8,11,0,17,0.16,0.08,0.14,5,3,0,17,0,21,39,1.8,1.87
7829,7830,613393,28,7,4,14,2683,7277,7,2,3,2.8,38,39,177,26,8,5,4,13,0,8,0.14,0.22,0.2,3,5,0,11,1,26,51,2.8,2.02
7830,7831,614258,55,6,1,37,,7278,5,1,1,1.3,73,23,965,7,48,26,66,28,0,34,0.05,0.05,0.06,26,2,0,43,4,17,27,1.3,0.55
7831,7832,614258,55,7,1,8,,7279,6,0,0,0.4,69,4,1078,4,13,16,50,23,0,9,0.0,0.0,0.02,4,0,1,25,3,5,19,0.4,0.25
7832,7833,614742,110,7,4,74,,7280,7,0,0,0.1,7,5,40,0,3,2,1,2,0,3,0.0,0.0,0.06,0,0,0,1,0,4,2,0.1,2.69
7833,7834,615350,20,5,1,87,1224,7281,6,0,0,0.8,61,23,646,4,27,12,47,14,0,19,0.0,0.0,0.05,14,0,4,49,0,18,18,0.8,0.73
7834,7835,615350,20,5,1,87,1225,7281,6,0,0,0.8,61,23,646,4,27,12,47,14,0,19,0.0,0.0,0.05,14,0,4,49,0,18,18,0.8,0.73
7835,7836,615350,20,6,1,9,2039,7282,7,0,0,0.3,56,17,698,1,26,18,84,18,0,23,0.0,0.0,0.01,15,0,1,31,1,8,13,0.3,0.34
7836,7837,616341,90,4,1,45,933,7283,4,0,1,0.3,53,41,980,19,48,21,17,27,0,47,0.0,0.05,0.01,25,1,1,10,0,43,44,0.3,0.38
7837,7838,616341,90,5,1,7,1444,7284,5,1,6,1.0,77,51,793,24,45,17,18,19,0,41,0.06,0.35,0.06,30,7,0,10,2,35,45,1.0,0.58
7838,7839,616341,90,6,1,66,,7285,6,1,1,0.3,21,12,183,3,5,4,2,4,0,7,0.34,0.34,0.11,4,2,0,6,0,11,7,0.3,1.35
7839,7840,616341,90,7,1,54,,7286,7,0,1,0.8,44,21,514,7,13,5,12,10,0,15,0.0,0.14,0.11,9,1,0,5,1,19,29,0.8,1.0
7840,7841,616344,32,4,3,6,934,7287,4,4,0,4.0,21,23,146,7,8,4,1,3,0,6,0.33,0.0,0.33,0,4,0,6,1,13,26,4.0,2.34
7841,7842,616344,32,5,5,25,1629,7288,5,3,3,2.9,25,31,197,20,10,1,5,9,0,13,0.21,0.21,0.2,8,6,0,6,4,17,37,2.9,2.37
7842,7843,616344,74,6,5,25,2224,7289,6,1,1,2.7,17,21,181,9,5,3,9,13,0,6,0.09,0.09,0.23,1,2,0,15,0,13,30,2.7,2.35
7843,7844,616344,74,7,5,6,,7290,7,5,0,3.4,28,21,152,14,12,6,6,7,0,18,0.44,0.0,0.3,6,5,0,6,2,10,32,3.4,1.92
7844,7845,616369,96,2,5,13,,7291,2,1,0,0.9,20,28,134,8,12,3,4,3,0,10,0.2,0.0,0.18,4,1,0,4,1,8,19,0.9,3.05
7845,7846,616369,96,3,4,21,,7292,3,3,0,1.9,37,37,291,15,29,6,8,20,0,24,0.21,0.0,0.13,9,3,0,3,2,23,34,1.9,1.58
7846,7847,616369,96,4,5,16,,7293,4,1,1,0.5,22,20,129,6,15,2,2,7,0,18,0.16,0.16,0.08,8,2,0,4,1,11,14,0.5,1.32
7847,7848,616369,96,5,9,5,,7294,5,3,1,3.0,27,36,288,9,21,5,7,15,0,28,0.31,0.1,0.31,12,4,0,11,1,15,28,3.0,1.85
7848,7849,616369,96,6,5,6,,7295,6,4,1,3.5,39,56,372,13,32,6,5,18,0,26,0.25,0.06,0.22,10,5,0,14,1,35,41,3.5,2.33
7849,7850,616369,96,7,4,11,,7296,7,1,2,1.2,27,26,179,10,11,6,12,10,0,11,0.14,0.28,0.18,2,3,0,4,1,14,21,1.2,2.27
7850,7851,617021,35,7,4,46,,7297,7,0,0,0.8,7,10,62,4,4,1,1,5,0,8,0.0,0.0,0.2,2,0,0,0,1,5,10,0.8,1.91
7851,7852,617074,24,3,2,2,,7298,2,1,2,0.8,25,16,339,7,14,5,4,16,0,10,0.17,0.33,0.13,5,3,1,13,0,12,12,0.8,2.16
7852,7853,617074,20,4,2,9,909,7299,3,0,0,0.7,34,9,216,2,26,12,14,15,1,35,0.0,0.0,0.07,14,0,0,14,2,14,14,0.7,1.54
7853,7854,617074,20,4,2,9,910,7299,3,0,0,0.7,34,9,216,2,26,12,14,15,1,35,0.0,0.0,0.07,14,0,0,14,2,14,14,0.7,1.54
7854,7855,617074,20,4,2,9,911,7299,3,0,0,0.7,34,9,216,2,26,12,14,15,1,35,0.0,0.0,0.07,14,0,0,14,2,14,14,0.7,1.54
7855,7856,617074,20,5,2,41,1293,7300,4,0,2,1.2,67,16,403,12,35,4,12,11,2,24,0.0,0.18,0.11,14,2,0,25,4,13,35,1.2,1.87
7856,7857,617074,20,5,2,41,1294,7300,4,0,2,1.2,67,16,403,12,35,4,12,11,2,24,0.0,0.18,0.11,14,2,0,25,4,13,35,1.2,1.87
7857,7858,617074,97,6,4,6,1834,7301,5,0,2,0.3,21,8,150,5,20,4,10,3,1,9,0.0,0.3,0.05,4,2,0,10,1,8,18,0.3,0.6
7858,7859,617074,15,7,2,23,2454,7302,6,0,1,0.2,51,18,428,14,29,6,14,12,1,30,0.0,0.1,0.02,17,1,0,7,2,19,25,0.2,1.14
7859,7860,617074,15,7,2,23,2455,7302,6,0,1,0.2,51,18,428,14,29,6,14,12,1,30,0.0,0.1,0.02,17,1,0,7,2,19,25,0.2,1.14
7860,7861,618425,32,3,6,83,,7303,4,2,1,2.8,29,46,340,15,26,10,11,20,0,23,0.12,0.06,0.16,11,3,0,16,0,33,38,2.8,1.55
7861,7862,618425,32,4,5,9,,7304,5,0,1,0.8,14,27,239,8,27,4,10,14,0,19,0.0,0.08,0.07,9,1,0,8,2,21,27,0.8,1.08
7862,7863,618425,32,5,9,28,,7305,6,4,0,2.3,12,14,98,6,12,3,0,10,0,12,1.1,0.0,0.63,5,4,0,0,0,9,13,1.5,3.04
7863,7864,618425,82,6,5,28,,7306,7,1,0,2.6,13,27,137,9,13,2,2,11,0,9,0.14,0.0,0.37,4,1,0,8,0,24,20,2.6,2.46
7864,7865,618425,82,7,5,3,,7307,8,1,0,0.6,6,22,95,8,9,4,0,3,2,8,0.21,0.0,0.13,2,1,0,9,2,10,15,0.6,1.85
7865,7866,618472,34,4,1,29,,7308,3,2,0,1.7,80,12,1506,4,34,38,64,18,0,23,0.09,0.0,0.07,15,2,2,41,0,8,14,1.7,0.26
7866,7867,618472,34,5,1,16,,7309,4,2,0,1.2,166,24,2034,3,39,75,105,42,1,31,0.06,0.0,0.03,21,2,1,36,1,29,17,1.2,0.39
7867,7868,618472,93,6,1,26,2279,7310,5,1,0,0.8,107,23,1726,4,19,12,94,35,0,12,0.04,0.0,0.03,10,1,2,32,1,23,12,0.8,0.29
7868,7869,618813,95,7,5,33,2743,7311,7,2,1,1.7,10,7,112,5,21,2,9,14,0,24,0.28,0.14,0.24,5,3,0,4,2,5,13,1.7,1.94
7869,7870,618813,95,7,5,33,2744,7311,7,2,1,1.7,10,7,112,5,21,2,9,14,0,24,0.28,0.14,0.24,5,3,0,4,2,5,13,1.7,1.94
7870,7871,620313,35,3,2,17,,7312,1,0,0,0.5,50,17,532,2,32,24,18,10,0,28,0.0,0.0,0.04,15,0,0,14,1,13,15,0.5,0.34
7871,7872,620313,35,4,2,14,,7313,2,1,0,1.3,69,29,751,9,45,13,9,22,0,36,0.05,0.0,0.07,21,1,2,11,1,17,28,1.3,0.6
7872,7873,620477,68,4,4,5,952,7314,4,0,0,0.7,1,2,29,2,2,0,2,1,0,3,0.0,0.0,0.55,1,0,0,0,0,1,5,0.7,3.72
7873,7874,620477,122,6,3,23,1789,7315,6,3,0,5.4,11,6,116,8,6,1,0,6,0,4,0.33,0.0,0.6,3,3,0,8,0,6,21,3.8,2.77
7874,7875,620477,122,6,3,23,1790,7315,6,3,0,5.4,11,6,116,8,6,1,0,6,0,4,0.33,0.0,0.6,3,3,0,8,0,6,21,3.8,2.77
7875,7876,620598,56,6,1,6,,7316,6,1,0,1.3,35,7,537,2,12,12,38,13,0,10,0.09,0.0,0.11,1,1,2,14,2,9,8,1.3,0.68
7876,7877,621193,57,7,5,59,,7317,8,0,1,0.6,4,12,75,2,10,1,8,7,0,12,0.0,0.27,0.15,5,1,0,7,0,6,8,0.6,1.62
7877,7878,623040,27,4,5,29,,7318,5,0,1,1.5,5,24,110,11,15,1,5,7,0,11,0.0,0.14,0.21,3,1,0,4,0,11,26,1.5,1.56
7878,7879,623040,69,5,4,17,1597,7319,6,1,1,1.7,22,33,148,13,14,8,5,10,0,12,0.1,0.1,0.17,7,2,0,9,0,20,30,1.7,2.09
7879,7880,623521,97,5,3,13,1295,7320,6,1,0,1.1,19,0,80,6,5,1,8,3,0,1,0.2,0.0,0.22,1,1,0,68,0,2,12,1.1,3.01
7880,7881,623521,97,6,3,23,2040,7321,7,2,0,3.6,16,7,192,19,9,4,21,9,1,11,0.12,0.0,0.21,1,2,0,143,2,10,33,3.5,2.55
7881,7882,623521,109,7,3,80,2723,7322,8,0,0,1.1,9,1,54,4,1,0,6,2,1,2,0.0,0.0,0.18,0,0,1,42,0,2,10,1.1,2.23
7882,7883,623570,49,6,5,16,1851,7323,8,3,3,4.5,62,51,465,22,21,6,6,14,1,29,0.17,0.17,0.25,11,6,0,7,2,32,61,4.5,1.95
7883,7884,623570,22,7,3,16,2612,7324,9,2,0,1.4,26,55,292,10,30,15,13,14,0,26,0.14,0.0,0.1,13,2,0,3,0,27,36,1.4,1.22
7884,7885,624037,82,2,2,2,,7325,2,0,0,0.2,59,8,417,11,30,20,12,12,1,35,0.0,0.0,0.02,15,0,1,22,1,9,21,0.2,0.65
7885,7886,624037,82,3,2,100,,7326,3,0,0,0.5,31,5,267,10,12,11,15,12,0,31,0.0,0.0,0.04,6,0,0,10,1,7,18,0.5,0.62
7886,7887,624037,82,4,2,25,,7327,4,1,1,0.9,91,5,1081,12,59,42,56,27,0,78,0.03,0.03,0.03,36,2,0,20,2,7,37,0.9,0.55
7887,7888,624037,82,5,2,41,,7328,5,0,6,0.6,105,8,867,27,64,40,42,40,0,78,0.0,0.22,0.02,40,6,1,12,5,15,40,0.6,0.44
7888,7889,624037,82,6,2,21,,7329,6,0,3,0.6,111,12,961,14,81,44,60,47,0,96,0.0,0.1,0.02,48,3,0,25,6,18,46,0.6,0.73
7889,7890,624037,82,7,2,41,,7330,8,1,0,0.4,39,7,256,4,20,9,16,10,0,19,0.13,0.0,0.06,11,1,0,8,3,4,9,0.4,0.53
7890,7891,624258,21,6,1,17,,7331,5,1,3,0.9,29,35,419,15,33,10,14,17,0,38,0.12,0.36,0.1,24,4,0,11,3,29,27,0.9,1.43
7891,7892,624258,21,7,1,16,,7332,6,0,0,0.4,10,10,166,0,3,2,11,0,0,9,0.0,0.0,0.15,3,0,0,2,0,5,6,0.4,1.91
7892,7893,625047,98,6,8,27,,7333,7,0,0,0.5,87,23,667,10,45,23,27,32,0,42,0.0,0.0,0.03,23,0,0,28,5,21,21,0.5,0.43
7893,7894,625047,98,7,2,20,,7334,8,1,0,0.6,34,10,322,4,16,18,16,13,0,21,0.11,0.0,0.07,5,1,0,13,3,9,8,0.6,0.9
7894,7895,626913,1,2,3,3,,7335,7,7,1,5.7,21,32,236,29,15,7,16,9,0,10,0.35,0.05,0.29,3,8,0,28,1,29,46,5.0,1.89
7895,7896,626913,1,3,5,52,,7336,8,14,1,12.5,56,68,488,29,23,12,37,19,0,22,0.43,0.03,0.39,4,15,1,31,1,39,75,8.6,1.78
7896,7897,626913,43,4,3,5,899,7337,9,5,5,5.4,16,22,189,17,8,5,4,6,0,5,0.35,0.35,0.39,2,10,0,31,1,11,36,5.4,2.62
7897,7898,626913,73,5,5,5,1514,7338,10,16,6,8.8,50,48,449,35,12,7,27,10,0,7,0.57,0.21,0.31,2,22,1,20,2,47,64,8.0,1.68
7898,7899,626913,73,5,5,5,1515,7338,10,16,6,8.8,50,48,449,35,12,7,27,10,0,7,0.57,0.21,0.31,2,22,1,20,2,47,64,8.0,1.68
7899,7900,626913,73,6,5,24,1791,7339,11,4,0,3.9,22,18,204,10,4,3,7,5,0,3,0.31,0.0,0.31,1,4,0,6,2,17,26,3.1,2.2
7900,7901,626913,6,7,4,47,2366,7340,13,4,2,3.0,22,8,186,8,9,3,3,2,0,10,0.42,0.21,0.31,5,6,1,8,4,4,24,3.0,1.47
7901,7902,627224,35,1,1,28,,7341,12,0,2,0.2,38,16,467,7,19,14,60,15,0,17,0.0,0.13,0.01,6,2,1,30,0,9,20,0.2,0.31
7902,7903,627228,129,5,7,9,1461,7342,5,1,2,0.5,55,56,444,19,25,5,10,7,0,20,0.08,0.16,0.04,12,3,0,1,0,31,45,0.5,0.62
7903,7904,627228,129,6,6,14,1835,7343,6,1,8,1.5,97,151,1057,27,45,10,31,14,0,40,0.04,0.32,0.06,20,9,1,4,5,86,56,1.5,1.16
7904,7905,627228,63,7,1,16,2457,7344,7,0,0,0.1,19,14,241,3,9,5,13,9,0,10,0.0,0.0,0.01,6,0,1,1,0,10,8,0.1,0.45
7905,7906,627228,63,7,1,16,2458,7344,7,0,0,0.1,19,14,241,3,9,5,13,9,0,10,0.0,0.0,0.01,6,0,1,1,0,10,8,0.1,0.45
7906,7907,627248,22,6,2,59,,7345,5,1,0,0.3,3,6,44,4,9,1,0,5,0,9,0.39,0.0,0.11,5,1,0,2,0,11,6,0.3,1.94
7907,7908,627626,45,5,5,23,,7346,3,2,4,1.8,35,66,370,22,27,5,7,24,0,30,0.13,0.27,0.12,10,6,0,8,4,37,50,1.8,1.46
7908,7909,628366,70,6,5,6,1931,7347,7,6,2,3.8,49,12,360,25,27,2,11,29,0,20,0.32,0.11,0.2,11,8,0,22,4,10,56,3.0,1.6
7909,7910,628366,70,7,4,37,,7348,8,2,4,2.2,32,13,229,13,11,3,3,7,0,7,0.24,0.48,0.27,3,6,0,6,3,9,28,1.4,1.43
7910,7911,628451,37,5,2,3,1667,7349,3,1,0,0.4,102,22,859,16,60,33,23,47,0,53,0.04,0.0,0.02,21,1,1,7,5,21,41,0.4,0.49
7911,7912,631007,69,5,7,46,,7350,4,0,1,0.2,37,16,235,8,20,10,14,7,0,20,0.0,0.11,0.02,15,1,0,15,1,13,14,0.2,0.55
7912,7913,631007,51,7,7,52,,7351,6,0,0,0.2,14,5,203,2,6,4,6,0,0,6,0.0,0.0,0.03,3,0,0,7,1,3,4,0.2,0.6
7913,7914,631221,36,4,2,44,,7352,5,0,0,0.1,2,3,103,2,3,3,2,5,0,9,0.0,0.0,0.04,1,0,0,3,1,0,4,0.1,1.27
7914,7915,632349,21,6,1,29,,7353,5,2,0,1.0,67,13,1038,3,25,17,39,16,0,20,0.15,0.0,0.08,14,2,1,45,1,10,13,1.0,0.45
7915,7916,632741,80,7,4,17,2477,7354,8,0,0,0.5,14,9,107,6,10,3,2,2,0,10,0.0,0.0,0.13,5,0,0,3,2,6,8,0.5,1.34
7916,7917,632741,80,7,4,17,2478,7354,8,0,0,0.5,14,9,107,6,10,3,2,2,0,10,0.0,0.0,0.13,5,0,0,3,2,6,8,0.5,1.34
7917,7918,633454,142,7,6,17,,7355,11,1,0,0.6,4,3,54,4,5,0,5,4,0,6,0.29,0.0,0.17,4,1,0,4,1,4,6,0.6,2.02
7918,7919,633530,38,6,1,6,2171,7356,8,1,0,0.8,32,23,242,8,24,13,21,5,0,19,0.09,0.0,0.07,11,1,0,9,0,16,19,0.8,0.43
7919,7920,633530,38,7,1,9,,7357,10,1,2,0.7,31,17,306,7,20,13,27,13,0,18,0.1,0.2,0.07,10,3,0,3,0,15,22,0.7,0.69
7920,7921,633668,58,6,4,6,1753,7358,5,5,2,4.2,17,11,225,16,17,7,11,5,0,12,0.43,0.17,0.35,7,7,0,17,1,10,23,4.2,2.38
7921,7922,633668,58,7,2,5,,7359,6,1,0,0.9,5,7,61,2,8,2,4,1,0,8,0.19,0.0,0.18,5,1,0,6,0,2,6,0.9,2.13
7922,7923,633992,3,3,2,60,,7360,5,0,5,1.2,101,47,671,33,51,25,10,30,0,73,0.0,0.25,0.06,27,5,0,4,5,53,60,1.2,1.54
7923,7924,633992,3,4,4,9,,7361,6,2,3,1.9,136,63,965,50,70,29,18,25,0,90,0.08,0.12,0.08,41,5,0,18,4,52,101,1.9,1.35
7924,7925,633992,3,5,2,6,,7362,7,5,6,3.5,218,96,1708,67,108,34,38,50,0,113,0.15,0.18,0.11,43,11,1,11,11,90,120,3.5,1.34
7925,7926,633992,5,7,2,10,2613,7363,9,0,0,0.2,28,15,226,3,7,5,2,9,0,6,0.0,0.0,0.06,2,0,0,2,1,12,9,0.2,1.13
7926,7927,634105,20,6,3,30,,7364,7,1,1,1.8,6,2,38,6,4,0,5,3,0,1,0.33,0.33,0.6,1,2,0,8,0,1,8,1.2,1.96
7927,7928,634131,77,5,4,46,,7365,5,3,6,3.6,86,35,649,33,26,24,6,24,0,30,0.13,0.27,0.16,8,9,0,17,4,34,77,2.8,0.98
7928,7929,634131,77,6,2,16,,7366,6,2,1,3.5,103,52,839,26,43,16,11,27,0,37,0.08,0.04,0.14,13,3,0,19,3,46,70,2.8,0.92
7929,7930,634131,77,7,4,16,,7367,8,1,0,2.0,74,31,432,18,19,15,2,17,0,24,0.06,0.0,0.12,7,1,0,7,4,31,44,2.0,1.35
7930,7931,634431,96,4,2,1,,7368,4,0,0,0.4,11,3,81,3,0,2,2,1,0,4,0.0,0.0,0.18,0,0,0,1,1,4,6,0.4,3.04
7931,7932,634431,96,6,2,3,,7369,6,0,1,1.2,51,26,598,9,31,6,17,19,0,30,0.0,0.05,0.06,13,1,0,16,1,23,29,1.2,1.23
7932,7933,634431,96,7,2,5,,7370,7,0,0,0.4,28,13,216,1,11,4,6,12,0,7,0.0,0.0,0.07,3,0,0,8,0,9,4,0.4,0.8
7933,7934,635346,77,5,1,34,,7371,6,0,0,0.4,14,9,216,3,4,5,21,7,0,8,0.0,0.0,0.06,3,0,0,5,0,5,7,0.4,0.71
7934,7935,636688,24,5,1,14,,7372,3,1,6,1.9,79,96,1482,22,42,12,17,25,0,41,0.04,0.22,0.07,24,7,1,19,0,69,66,1.9,0.69
7935,7936,636688,24,6,1,43,,7373,4,0,1,0.1,41,73,694,13,20,5,21,14,0,11,0.0,0.07,0.01,7,1,1,12,1,36,29,0.1,0.33
7936,7937,636688,24,7,1,7,,7374,6,0,2,0.3,44,58,687,13,10,5,13,13,0,9,0.0,0.14,0.02,6,2,0,7,1,32,41,0.3,0.42
7937,7938,638589,97,5,2,2,,7375,8,0,0,0.3,42,10,420,5,27,3,11,15,0,48,0.0,0.0,0.02,22,0,0,7,0,4,16,0.3,0.55
7938,7939,638793,54,6,1,41,1979,7376,9,1,0,0.2,4,12,58,2,1,0,4,1,0,2,0.56,0.0,0.11,1,1,0,0,0,4,6,0.2,2.24
7939,7940,640428,12,2,2,14,,7377,1,1,2,0.9,96,48,856,7,105,34,35,26,0,96,0.04,0.09,0.04,48,3,0,31,0,36,37,0.9,0.64
7940,7941,640428,12,3,2,104,,7378,2,1,2,1.8,185,85,1425,21,98,23,15,36,0,77,0.04,0.07,0.07,38,3,1,19,3,71,55,1.8,0.97
7941,7942,640428,19,5,8,54,,7379,4,0,1,0.8,165,69,1364,24,68,17,25,24,0,64,0.0,0.04,0.04,24,1,0,22,4,77,72,0.8,0.81
7942,7943,640428,19,6,8,55,,7380,5,0,2,0.9,106,49,1205,20,76,29,29,36,0,39,0.0,0.1,0.05,23,2,1,18,4,56,58,0.9,0.84
7943,7944,641537,40,5,2,30,,7381,4,4,0,2.4,69,57,534,23,25,2,5,21,0,32,0.2,0.0,0.12,7,4,0,3,3,51,60,2.4,1.68
7944,7945,641537,40,6,4,41,1792,7382,5,2,0,2.1,30,20,201,13,4,2,0,7,0,10,0.24,0.0,0.25,3,2,0,1,0,16,36,2.1,1.69
7945,7946,641537,5,7,4,16,,7383,6,1,1,1.0,9,20,145,4,6,4,2,2,0,4,0.23,0.23,0.24,1,2,0,1,1,17,16,1.0,3.0
7946,7947,643574,62,7,2,13,2330,7384,8,0,0,0.3,57,12,442,5,32,27,22,35,0,24,0.0,0.0,0.02,11,0,0,29,0,11,28,0.3,0.61
7947,7948,644401,52,6,9,16,,7385,7,3,1,6.3,32,56,289,13,17,7,23,10,0,15,0.19,0.06,0.39,7,4,0,15,2,32,33,6.3,2.69
7948,7949,644401,52,7,6,16,,7386,8,0,1,0.9,43,45,360,10,21,7,26,10,0,17,0.0,0.07,0.07,11,1,1,8,0,29,28,0.9,0.98
7949,7950,644563,99,2,4,58,,7387,5,0,0,0.5,15,10,94,5,12,2,1,1,0,9,0.0,0.0,0.12,6,0,0,5,1,8,14,0.5,1.41
7950,7951,644676,69,6,1,134,1793,7388,6,0,0,0.3,17,2,217,1,11,9,19,4,0,5,0.0,0.0,0.05,4,0,2,19,0,3,3,0.3,0.78
7951,7952,644771,9,4,1,20,833,7389,5,0,1,0.1,53,13,977,5,23,26,66,36,0,25,0.0,0.05,0.01,15,1,0,30,0,9,16,0.1,0.2
7952,7953,644771,9,6,1,10,,7390,7,1,0,0.6,141,48,1274,10,30,27,43,27,0,26,0.05,0.0,0.03,15,1,1,23,4,35,33,0.6,0.25
7953,7954,644771,91,7,1,22,2576,7391,8,0,0,0.5,23,9,352,1,10,7,11,10,0,7,0.0,0.0,0.07,4,0,0,12,1,4,5,0.5,0.71
7954,7955,644771,91,7,1,22,2577,7391,8,0,0,0.5,23,9,352,1,10,7,11,10,0,7,0.0,0.0,0.07,4,0,0,12,1,4,5,0.5,0.71
7955,7956,645774,134,6,5,13,2225,7392,6,10,5,4.3,89,85,508,36,32,12,21,40,0,48,0.34,0.17,0.15,19,15,0,11,2,59,86,4.3,1.66
7956,7957,645774,134,6,5,13,2226,7392,6,10,5,4.3,89,85,508,36,32,12,21,40,0,48,0.34,0.17,0.15,19,15,0,11,2,59,86,4.3,1.66
7957,7958,645774,94,7,2,41,2506,7393,8,0,2,0.6,21,18,182,16,13,4,1,14,0,13,0.0,0.29,0.09,3,2,0,4,1,15,28,0.6,1.3
7958,7959,646402,80,5,1,32,1367,7394,7,0,0,1.7,16,8,252,2,12,8,24,8,0,16,0.0,0.0,0.25,7,0,0,9,0,7,8,1.7,0.74
7959,7960,646402,34,7,1,25,2724,7395,9,1,0,0.2,36,17,327,7,17,5,22,10,0,17,0.14,0.0,0.03,12,1,0,5,1,7,14,0.2,0.83
7960,7961,646658,41,1,2,7,,7396,12,4,6,3.4,88,47,652,25,34,9,3,7,0,25,0.27,0.41,0.23,7,10,0,13,5,42,48,3.4,2.23
7961,7962,646658,68,2,2,7,,7397,13,3,1,2.5,58,22,632,20,20,11,12,18,0,24,0.26,0.09,0.22,6,4,0,12,2,22,49,2.5,2.4
7962,7963,646658,68,3,2,22,,7398,14,2,4,4.2,72,38,622,31,22,7,8,13,0,25,0.17,0.33,0.35,8,6,2,8,1,25,58,4.2,1.98
7963,7964,646658,75,5,2,23,1529,7399,16,1,1,2.5,126,29,915,28,47,17,18,25,0,39,0.06,0.06,0.14,16,2,1,6,5,34,62,2.5,1.25
7964,7965,646658,75,5,2,23,1530,7399,16,1,1,2.5,126,29,915,28,47,17,18,25,0,39,0.06,0.06,0.14,16,2,1,6,5,34,62,2.5,1.25
7965,7966,646658,75,5,2,23,1531,7399,16,1,1,2.5,126,29,915,28,47,17,18,25,0,39,0.06,0.06,0.14,16,2,1,6,5,34,62,2.5,1.25
7966,7967,646658,56,6,4,9,1854,7400,5,0,0,0.3,8,8,118,1,17,1,10,11,0,16,0.0,0.0,0.06,8,0,0,4,1,5,5,0.3,1.02
7967,7968,646733,2,4,3,17,,7401,11,1,2,2.8,56,77,416,15,18,6,4,11,0,18,0.06,0.12,0.17,5,3,0,16,1,48,53,2.8,2.6
7968,7969,646733,2,5,6,3,,7402,12,1,1,2.5,59,82,658,18,39,24,26,24,0,62,0.04,0.04,0.1,19,2,1,12,0,62,48,2.5,1.2
7969,7970,646733,2,6,8,3,,7403,13,2,1,2.6,52,87,589,20,30,13,30,20,0,35,0.1,0.05,0.12,14,3,0,16,1,55,58,2.6,1.79
7970,7971,646733,66,7,3,3,2614,7404,14,0,2,1.7,30,18,153,7,7,4,8,2,0,13,0.0,0.24,0.2,2,2,0,6,0,16,19,1.7,2.17
7971,7972,646740,24,4,4,26,,7405,1,2,5,3.6,115,72,1086,20,38,25,13,36,1,33,0.08,0.19,0.14,9,7,0,32,11,60,61,3.6,1.17
7972,7973,646740,24,5,4,55,,7406,2,2,4,3.2,134,49,1026,38,47,18,22,32,0,55,0.07,0.14,0.11,21,6,0,39,8,68,72,3.2,1.0
7973,7974,646740,24,6,4,51,,7407,3,1,1,0.9,39,26,489,11,39,8,16,19,0,36,0.1,0.1,0.09,18,2,1,13,3,24,27,0.9,0.86
7974,7975,646750,20,6,1,13,,7408,4,0,0,0.7,77,14,1454,1,57,36,137,42,0,39,0.0,0.0,0.02,25,0,2,52,0,6,16,0.7,0.26
7975,7976,646750,20,7,1,16,,7409,5,0,0,0.2,54,17,835,0,14,19,51,18,0,9,0.0,0.0,0.01,4,0,1,21,0,8,4,0.2,0.18
7976,7977,648046,25,5,3,27,,7410,2,6,2,5.3,14,11,180,11,6,2,6,11,0,7,0.57,0.19,0.51,1,8,0,9,1,4,22,5.3,3.41
7977,7978,648046,25,6,3,41,,7411,3,6,0,4.6,15,13,244,6,14,2,8,10,0,14,0.4,0.0,0.3,5,6,0,13,1,9,22,4.6,2.17
7978,7979,648046,25,7,3,55,2393,7412,5,1,0,0.5,1,2,35,3,3,0,4,3,0,5,0.39,0.0,0.21,2,1,0,4,0,1,4,0.5,2.76
7979,7980,648046,25,7,3,55,2394,7412,5,1,0,0.5,1,2,35,3,3,0,4,3,0,5,0.39,0.0,0.21,2,1,0,4,0,1,4,0.5,2.76
7980,7981,648195,55,5,2,38,1229,7413,6,0,2,0.8,168,22,1269,20,45,16,12,32,0,56,0.0,0.12,0.05,21,2,1,7,11,28,59,0.8,1.16
7981,7982,648195,55,5,2,38,1230,7413,6,0,2,0.8,168,22,1269,20,45,16,12,32,0,56,0.0,0.12,0.05,21,2,1,7,11,28,59,0.8,1.16
7982,7983,648195,55,6,2,19,,7414,7,3,2,6.2,210,52,1574,32,50,17,28,36,0,65,0.12,0.08,0.25,27,5,0,21,21,46,82,4.6,1.83
7983,7984,648195,55,7,2,18,,7415,8,3,4,1.8,73,14,659,25,38,6,10,16,0,45,0.23,0.31,0.14,19,7,3,3,8,12,53,1.8,1.33
7984,7985,648779,16,3,1,2,,7416,4,1,2,1.2,62,73,723,24,29,29,40,13,1,33,0.05,0.1,0.06,17,3,0,50,0,48,41,1.2,0.49
7985,7986,648779,16,4,1,25,,7417,5,3,4,2.6,89,69,1065,23,55,23,47,26,1,34,0.1,0.14,0.09,24,7,0,42,1,56,58,2.6,1.42
7986,7987,648779,16,5,1,16,,7418,6,2,1,2.7,67,54,853,23,27,12,33,15,0,19,0.09,0.04,0.12,12,3,1,53,3,34,45,2.7,1.5
7987,7988,648779,13,6,1,5,2123,7419,7,1,1,0.8,145,38,1282,14,34,51,81,27,1,26,0.04,0.04,0.03,17,2,2,63,2,48,36,0.8,0.78
7988,7989,648779,13,7,1,11,,7420,9,1,1,0.9,60,20,638,2,21,26,50,4,0,14,0.08,0.08,0.07,10,2,1,23,0,8,8,0.9,0.57
7989,7990,649016,1,3,3,28,,7421,3,4,1,3.1,20,13,205,10,22,6,10,8,0,18,0.29,0.07,0.22,8,5,1,69,0,12,14,3.1,1.37
7990,7991,649016,1,4,3,57,,7422,4,2,4,4.1,23,22,242,11,13,6,19,10,0,7,0.15,0.3,0.31,2,6,0,59,0,11,28,3.3,2.41
7991,7992,649016,91,6,3,5,2041,7423,6,2,0,1.2,11,16,92,7,1,1,2,0,0,1,0.46,0.0,0.28,0,2,0,14,1,15,10,1.2,2.74
7992,7993,649016,32,7,5,11,2684,7424,8,2,1,1.6,5,4,58,6,3,0,1,1,0,3,0.57,0.29,0.47,3,3,0,15,1,4,10,1.6,4.01
7993,7994,649016,32,7,5,11,2685,7424,8,2,1,1.6,5,4,58,6,3,0,1,1,0,3,0.57,0.29,0.47,3,3,0,15,1,4,10,1.6,4.01
7994,7995,649020,26,4,2,58,,7425,4,1,1,0.8,85,26,606,16,43,25,11,29,1,39,0.05,0.05,0.04,10,2,1,17,5,22,44,0.8,1.15
7995,7996,649020,72,6,2,9,2172,7426,6,0,0,0.3,29,9,383,6,35,5,7,12,0,21,0.0,0.0,0.03,9,0,0,6,0,14,13,0.3,1.21
7996,7997,649023,3,6,1,23,2126,7427,7,0,0,0.3,61,14,587,2,33,20,59,23,0,33,0.0,0.0,0.02,20,0,1,43,0,9,10,0.3,0.5
7997,7998,649033,1,4,2,30,,7428,4,0,0,1.0,50,16,537,9,53,22,17,20,0,53,0.0,0.0,0.05,21,0,0,14,0,16,22,1.0,0.88
7998,7999,649033,1,5,2,3,,7429,5,0,1,0.9,101,17,627,15,45,22,18,27,2,62,0.0,0.07,0.06,23,1,0,15,0,22,36,0.9,1.17
7999,8000,649033,133,6,2,14,2280,7430,6,0,0,1.3,90,23,745,13,62,15,22,23,0,44,0.0,0.0,0.06,17,0,2,31,2,23,45,1.3,1.08
8000,8001,649317,48,5,5,40,1364,7431,3,0,0,0.6,4,4,16,1,2,2,2,0,0,4,0.0,0.0,0.37,1,0,0,7,0,5,5,0.6,4.63
8001,8002,649317,48,6,5,5,,7432,4,5,0,2.0,9,9,83,4,6,1,10,6,0,6,0.95,0.0,0.38,1,5,0,20,0,5,12,2.0,3.79
8002,8003,649317,48,7,3,11,,7433,6,7,0,4.8,12,7,102,4,8,0,12,5,0,4,1.1,0.0,0.75,1,7,0,18,2,6,15,4.8,4.57
8003,8004,649452,46,4,7,33,1025,7434,5,0,1,0.3,67,99,721,20,45,20,38,27,2,38,0.0,0.04,0.01,20,1,1,11,1,55,52,0.3,0.28
8004,8005,649452,46,4,7,33,1026,7434,5,0,1,0.3,67,99,721,20,45,20,38,27,2,38,0.0,0.04,0.01,20,1,1,11,1,55,52,0.3,0.28
8005,8006,649452,49,5,1,14,1445,7435,6,1,0,0.9,54,39,436,13,33,12,21,11,0,32,0.09,0.0,0.07,21,1,1,3,0,27,35,0.9,0.7
8006,8007,649452,49,5,1,14,1446,7435,6,1,0,0.9,54,39,436,13,33,12,21,11,0,32,0.09,0.0,0.07,21,1,1,3,0,27,35,0.9,0.7
8007,8008,649452,130,6,1,25,2281,7436,7,0,2,0.2,54,60,533,16,52,16,56,22,0,45,0.0,0.1,0.01,24,2,2,17,1,33,32,0.2,0.31
8008,8009,649452,130,6,1,25,2282,7436,7,0,2,0.2,54,60,533,16,52,16,56,22,0,45,0.0,0.1,0.01,24,2,2,17,1,33,32,0.2,0.31
8009,8010,650104,66,5,4,46,,7437,7,0,0,0.3,5,0,34,0,1,2,0,0,0,1,0.0,0.0,0.54,0,0,0,1,0,0,1,0.3,1.76
8010,8011,650966,135,6,4,27,,7438,4,1,0,1.7,13,13,107,4,6,1,1,2,0,3,0.26,0.0,0.44,2,1,0,1,1,8,11,1.7,1.84
8011,8012,650993,67,6,1,30,2042,7439,4,0,0,0.3,8,5,89,2,6,4,8,3,0,11,0.0,0.0,0.1,4,0,0,6,0,2,3,0.3,1.35
8012,8013,651269,142,7,2,3,2728,7440,7,3,0,0.6,23,19,215,5,11,12,16,9,0,14,0.33,0.0,0.07,2,3,0,7,0,11,16,0.6,1.3
8013,8014,651569,69,7,5,71,2731,7441,10,4,1,2.8,10,6,84,7,4,0,4,4,0,2,0.67,0.17,0.46,0,5,0,25,1,8,18,2.8,3.16
8014,8015,652275,31,6,5,6,2247,7442,5,2,0,0.8,48,25,451,15,12,3,5,7,0,21,0.14,0.0,0.05,5,2,0,1,3,27,35,0.8,0.84
8015,8016,652275,31,7,2,21,,7443,6,1,1,1.2,24,11,186,4,12,3,0,2,0,9,0.26,0.26,0.33,5,2,0,0,0,6,7,1.2,2.11
8016,8017,654415,31,5,3,17,1334,7444,4,1,0,3.1,10,12,58,1,3,2,1,0,0,4,0.35,0.0,1.07,0,1,0,1,0,6,8,3.1,4.19
8017,8018,654539,12,3,7,34,,7445,3,1,3,1.1,77,46,1064,21,38,18,38,26,0,24,0.05,0.14,0.05,13,4,1,18,1,38,37,1.1,1.11
8018,8019,654539,12,4,1,20,,7446,4,3,2,1.8,84,66,938,13,29,19,30,25,0,24,0.16,0.11,0.1,11,5,0,16,0,50,37,1.8,1.04
8019,8020,654539,12,5,1,5,,7447,5,0,6,0.6,89,55,1106,22,62,22,55,32,0,46,0.0,0.28,0.03,31,6,0,34,0,53,51,0.6,0.46
8020,8021,654539,12,6,1,10,,7448,6,1,2,1.7,98,51,1047,19,39,19,49,31,0,40,0.04,0.08,0.07,25,3,0,18,0,61,38,1.7,0.84
8021,8022,654539,12,7,7,10,,7449,8,0,0,0.4,49,25,447,3,25,8,22,16,0,22,0.0,0.0,0.04,16,0,0,13,0,18,17,0.4,0.95
8022,8023,654982,57,7,4,26,2467,7450,5,1,1,0.2,42,12,233,10,16,3,2,6,0,7,0.16,0.16,0.04,4,2,0,5,5,9,15,0.2,0.63
8023,8024,654991,68,7,3,46,,7451,5,2,2,0.4,7,12,110,8,11,1,2,4,0,8,0.51,0.51,0.09,5,4,0,1,0,7,12,0.4,1.01
8024,8025,655006,34,6,5,3,2300,7452,3,0,0,0.7,12,10,74,3,0,2,5,3,0,3,0.0,0.0,0.24,0,0,0,5,0,5,4,0.7,1.67
8025,8026,655006,34,6,5,3,2301,7452,3,0,0,0.7,12,10,74,3,0,2,5,3,0,3,0.0,0.0,0.24,0,0,0,5,0,5,4,0.7,1.67
8026,8027,655006,14,7,7,23,2560,7453,5,1,3,0.9,39,38,449,11,20,14,31,8,0,19,0.08,0.23,0.07,9,4,0,15,4,27,26,0.9,0.91
8027,8028,655012,35,7,3,23,2625,7454,5,1,3,1.3,6,7,79,6,5,0,3,4,0,5,0.17,0.51,0.23,3,4,0,5,0,4,10,1.3,1.19
8028,8029,655488,41,2,3,9,534,7455,3,3,0,2.2,12,31,82,2,20,3,8,15,0,20,0.41,0.0,0.29,7,3,0,7,1,15,8,2.2,1.63
8029,8030,655488,41,3,3,49,,7456,4,2,1,3.3,8,23,121,9,7,8,4,6,0,10,0.31,0.15,0.5,4,3,0,7,1,6,21,3.3,3.06
8030,8031,655488,41,4,5,42,,7457,5,6,6,7.3,37,79,439,34,27,20,15,26,1,29,0.29,0.29,0.35,10,12,0,18,5,32,72,6.6,2.47
8031,8032,655488,41,5,3,93,,7458,6,15,5,9.1,94,124,833,59,31,9,14,24,0,22,0.48,0.16,0.29,9,20,0,14,8,65,127,9.1,2.55
8032,8033,655488,41,6,3,31,,7459,7,6,4,6.8,65,127,724,46,30,5,9,23,0,32,0.27,0.18,0.31,13,10,1,15,3,49,92,6.8,2.59
8033,8034,655488,41,7,5,15,,7460,8,4,2,3.0,18,57,211,17,12,1,10,4,0,14,0.38,0.19,0.29,5,6,0,8,0,18,27,3.0,1.71
8034,8035,656441,10,4,2,59,834,7461,6,3,2,1.4,90,18,863,15,70,36,23,37,1,86,0.15,0.1,0.07,35,5,1,46,8,15,38,1.4,1.03
8035,8036,656441,84,5,8,9,1447,7462,7,0,0,0.4,29,12,412,6,28,18,20,15,0,22,0.0,0.0,0.04,10,0,0,9,0,14,12,0.4,0.89
8036,8037,656441,49,6,2,14,1874,7463,8,1,0,0.8,32,9,398,2,23,11,11,10,0,25,0.16,0.0,0.13,13,1,1,11,1,14,10,0.8,1.27
8037,8038,656441,49,6,2,14,1875,7463,8,1,0,0.8,32,9,398,2,23,11,11,10,0,25,0.16,0.0,0.13,13,1,1,11,1,14,10,0.8,1.27
8038,8039,656441,49,6,2,14,1876,7463,8,1,0,0.8,32,9,398,2,23,11,11,10,0,25,0.16,0.0,0.13,13,1,1,11,1,14,10,0.8,1.27
8039,8040,656681,9,6,3,6,1803,7464,7,14,8,15.4,34,50,278,22,6,0,13,6,0,4,0.82,0.47,0.9,1,22,0,27,4,31,57,12.3,4.42
8040,8041,656681,9,7,3,7,,7465,9,6,1,6.5,13,15,92,8,4,0,4,1,0,2,0.82,0.14,0.89,2,7,0,23,0,8,27,5.7,5.47
8041,8042,658536,25,6,3,41,,7466,6,6,1,4.3,50,111,634,33,45,19,22,31,0,42,0.24,0.04,0.17,19,7,0,8,7,48,77,4.3,2.11
8042,8043,658536,25,7,5,43,,7467,7,1,1,0.6,6,14,100,3,9,4,1,5,0,10,0.26,0.26,0.16,4,2,0,1,1,9,12,0.6,2.06
8043,8044,659459,48,4,4,13,,7468,2,0,1,0.6,7,9,98,2,7,1,2,3,0,5,0.0,0.3,0.19,3,1,1,7,0,6,5,0.6,1.2
8044,8045,659459,55,5,4,6,1668,7469,3,0,0,0.4,23,21,179,8,13,6,1,7,0,5,0.0,0.0,0.1,3,0,0,1,0,14,16,0.4,1.27
8045,8046,659459,55,6,4,16,,7470,4,1,1,0.2,12,4,115,4,6,0,1,1,0,3,0.4,0.4,0.06,1,2,0,1,2,5,9,0.2,1.19
8046,8047,659516,135,6,2,71,,7471,4,1,1,0.9,43,31,557,7,29,6,13,13,0,17,0.06,0.06,0.06,13,2,0,10,0,20,30,0.9,1.04
8047,8048,659516,135,7,2,28,2367,7472,6,0,0,0.3,33,19,474,5,29,5,6,15,1,16,0.0,0.0,0.02,11,0,3,4,0,15,24,0.3,0.67
8048,8049,659542,82,4,3,23,,7473,3,10,1,7.8,12,24,158,13,18,4,4,7,0,16,0.5,0.05,0.4,6,11,0,13,0,12,24,7.8,2.17
8049,8050,659542,82,5,3,20,,7474,4,19,5,12.2,25,57,299,22,9,3,5,14,1,14,0.68,0.18,0.44,5,24,0,20,1,40,51,11.4,2.22
8050,8051,659542,49,7,3,22,2420,7475,6,2,1,5.2,7,7,85,6,0,1,0,1,0,4,0.33,0.17,0.85,0,3,0,4,0,0,15,4.4,2.49
8051,8052,659542,49,7,3,22,2421,7475,6,2,1,5.2,7,7,85,6,0,1,0,1,0,4,0.33,0.17,0.85,0,3,0,4,0,0,15,4.4,2.49
8052,8053,659813,9,4,1,71,949,7476,4,1,2,0.6,73,43,971,10,33,33,56,34,0,25,0.05,0.1,0.03,19,3,2,56,2,20,17,0.6,0.46
8053,8054,659813,9,5,7,45,,7477,5,1,1,1.3,83,46,1480,10,51,31,83,41,3,38,0.04,0.04,0.05,25,2,1,59,2,36,21,1.3,0.62
8054,8055,659813,9,6,1,22,,7478,6,1,2,1.9,102,34,1307,6,35,13,43,18,0,17,0.06,0.12,0.12,13,3,0,36,2,32,23,1.9,1.09
8055,8056,659813,9,7,1,7,,7479,7,1,0,1.5,80,24,940,4,22,18,36,18,0,21,0.07,0.0,0.11,13,1,1,20,1,27,12,1.5,0.52
8056,8057,660342,110,7,3,82,,7480,10,1,2,1.3,7,6,33,7,4,0,9,3,0,4,0.33,0.66,0.44,3,3,0,9,1,4,11,1.3,2.99
8057,8058,660860,69,6,1,14,,7481,4,2,0,1.2,40,1,555,4,36,27,89,26,0,33,0.11,0.0,0.07,20,2,1,82,0,2,8,1.2,0.72
8058,8059,660860,69,7,1,6,,7482,5,1,0,0.1,22,3,406,2,23,31,56,22,0,16,0.08,0.0,0.01,11,1,1,44,0,2,4,0.1,0.16
8059,8060,660867,25,5,5,39,1669,7483,3,4,2,4.0,31,39,179,13,13,4,2,9,0,13,0.45,0.22,0.45,8,6,0,6,3,29,45,4.0,4.24
8060,8061,660867,25,6,4,42,,7484,4,0,2,1.4,21,28,132,9,6,0,3,11,0,7,0.0,0.38,0.27,2,2,0,1,2,20,23,1.4,5.31
8061,8062,660867,25,7,4,42,2561,7485,5,0,0,0.5,7,10,74,5,0,0,1,2,0,1,0.0,0.0,0.26,0,0,0,2,0,8,11,0.5,6.23
8062,8063,661053,22,4,1,23,,7486,4,1,0,0.5,12,1,89,0,4,1,20,3,1,8,0.23,0.0,0.12,3,1,0,11,0,0,0,0.5,0.7
8063,8064,661053,22,6,1,25,,7487,6,3,0,1.7,74,2,1105,4,66,50,163,51,0,62,0.09,0.0,0.05,45,3,2,94,0,5,25,1.7,0.4
8064,8065,661145,96,7,1,3,,7488,7,0,0,0.2,56,17,595,10,54,19,44,21,0,59,0.0,0.0,0.01,38,0,0,18,0,12,17,0.2,0.38
8065,8066,661171,7,6,1,21,1804,7489,6,0,3,1.2,148,22,1930,6,62,47,152,51,0,53,0.0,0.09,0.04,31,3,2,54,3,11,30,1.2,0.3
8066,8067,661207,18,6,5,41,,7490,5,1,1,1.4,25,13,155,9,7,5,1,4,0,4,0.3,0.3,0.41,2,2,0,1,3,5,22,1.4,1.19
8067,8068,662261,95,6,1,2,2306,7491,6,0,0,0.7,77,13,846,5,32,33,129,34,0,27,0.0,0.0,0.03,14,0,2,56,0,5,18,0.7,0.48
8068,8069,662261,95,6,1,2,2307,7491,6,0,0,0.7,77,13,846,5,32,33,129,34,0,27,0.0,0.0,0.03,14,0,2,56,0,5,18,0.7,0.48
8069,8070,663244,131,7,5,9,2344,7492,10,0,1,0.5,12,16,72,9,11,10,9,4,0,14,0.0,0.17,0.09,2,1,0,13,1,8,23,0.5,1.56
8070,8071,666234,14,2,1,28,,7493,4,0,0,0.5,72,30,670,10,54,31,25,14,0,34,0.0,0.0,0.03,22,0,0,39,0,29,27,0.5,0.54
8071,8072,666234,14,3,1,20,,7494,5,1,1,1.3,73,18,699,4,32,31,41,17,0,18,0.06,0.06,0.07,9,2,0,27,0,13,18,1.3,0.78
8072,8073,666234,93,4,1,10,900,7495,6,1,0,0.9,80,19,1205,7,48,40,46,22,0,41,0.04,0.0,0.04,27,1,1,63,0,18,18,0.9,0.54
8073,8074,666234,93,5,1,42,,7496,7,1,1,1.7,88,32,901,11,21,16,55,21,0,21,0.06,0.06,0.1,14,2,0,38,3,23,28,1.7,0.74
8074,8075,666234,93,6,1,26,,7497,8,2,3,3.9,106,34,1347,15,48,29,69,36,0,44,0.08,0.13,0.16,32,5,0,60,3,22,44,3.9,1.26
8075,8076,666547,23,6,5,3,,7498,6,4,5,4.0,21,85,246,26,9,1,2,19,0,15,0.18,0.23,0.18,4,9,0,4,2,43,65,4.0,2.36
8076,8077,666547,23,7,5,32,,7499,7,1,1,1.2,23,41,127,10,5,1,4,2,0,10,0.09,0.09,0.11,2,2,0,5,0,13,23,1.2,1.45
8077,8078,667121,72,7,6,5,2698,7500,6,1,0,0.3,6,11,78,4,10,3,8,5,0,9,0.25,0.0,0.08,3,1,1,4,1,7,5,0.3,0.76
8078,8079,667287,25,7,2,52,,7501,6,0,0,1.1,33,14,328,15,32,8,10,9,0,26,0.0,0.0,0.12,14,0,0,4,7,9,32,1.1,1.41
8079,8080,667517,12,7,2,52,2336,7502,5,0,0,0.3,20,3,163,4,6,4,4,4,0,7,0.0,0.0,0.08,5,0,0,1,0,1,7,0.3,1.74
8080,8081,667967,132,6,2,23,,7503,6,2,1,1.6,122,41,778,27,46,23,16,20,0,73,0.1,0.05,0.08,31,3,1,9,4,42,47,1.6,0.97
8081,8082,667967,132,7,4,14,,7504,7,0,0,0.8,39,20,281,9,30,12,7,13,0,39,0.0,0.0,0.07,15,0,1,4,2,13,25,0.8,1.12
8082,8083,668276,93,4,4,29,,7505,3,1,0,1.0,3,3,29,2,4,1,0,2,0,7,0.66,0.0,0.63,2,1,0,2,0,3,3,1.0,1.32
8083,8084,668276,93,5,6,23,1335,7506,4,1,0,0.9,4,5,77,2,8,1,0,4,0,7,0.49,0.0,0.43,4,1,0,3,0,1,2,0.9,1.47
8084,8085,668276,93,5,6,23,1336,7506,4,1,0,0.9,4,5,77,2,8,1,0,4,0,7,0.49,0.0,0.43,4,1,0,3,0,1,2,0.9,1.47
8085,8086,668547,136,6,2,41,1733,7507,5,0,0,0.2,78,12,1181,9,42,24,21,27,0,39,0.0,0.0,0.01,19,0,0,6,4,11,29,0.2,0.39
8086,8087,668547,136,6,2,41,1734,7507,5,0,0,0.2,78,12,1181,9,42,24,21,27,0,39,0.0,0.0,0.01,19,0,0,6,4,11,29,0.2,0.39
8087,8088,669380,74,7,1,6,2334,7508,6,0,2,0.3,44,8,541,4,19,13,61,20,0,16,0.0,0.18,0.03,9,2,0,28,1,11,14,0.3,0.8
8088,8089,670096,28,4,2,13,1177,7509,4,0,0,0.6,23,12,164,4,11,5,22,19,1,14,0.0,0.0,0.09,5,0,0,8,0,10,11,0.6,1.06
8089,8090,670681,90,7,2,54,2699,7510,5,2,6,1.9,90,23,918,22,48,8,8,17,0,34,0.17,0.5,0.16,20,8,0,13,8,33,44,1.9,1.49
8090,8091,670710,22,1,2,42,,7511,10,1,1,1.6,145,49,1026,6,39,20,18,27,0,59,0.05,0.05,0.07,13,2,0,35,1,36,46,1.6,0.95
8091,8092,670710,22,3,2,126,,7512,12,0,1,0.5,103,30,752,15,35,10,12,19,0,58,0.0,0.06,0.03,17,1,1,19,2,25,42,0.5,0.8
8092,8093,670710,22,4,2,11,,7513,13,0,1,0.7,25,6,218,4,16,1,7,8,0,32,0.0,0.15,0.1,8,1,1,8,0,8,21,0.7,2.04
8093,8094,670710,31,5,2,10,,7514,14,3,2,1.1,160,26,1179,14,37,9,16,20,0,52,0.17,0.11,0.06,19,5,1,18,3,35,40,1.1,0.99
8094,8095,670710,22,6,4,37,,7515,15,1,0,0.3,36,8,223,4,7,3,4,10,0,13,0.18,0.0,0.05,3,1,1,1,4,7,18,0.3,1.42
8095,8096,670858,83,6,1,9,1703,7516,3,1,0,0.3,46,19,452,3,28,12,22,17,0,28,0.12,0.0,0.04,17,1,1,10,0,16,20,0.3,1.27
8096,8097,670858,83,6,1,9,1704,7516,3,1,0,0.3,46,19,452,3,28,12,22,17,0,28,0.12,0.0,0.04,17,1,1,10,0,16,20,0.3,1.27
8097,8098,670882,63,5,5,14,,7517,2,3,1,2.4,9,24,104,2,8,1,2,1,0,7,0.51,0.17,0.41,2,4,0,9,2,13,21,2.4,4.05
8098,8099,670882,63,6,5,24,,7518,3,1,4,2.2,26,64,284,18,14,4,7,11,0,17,0.09,0.34,0.19,2,5,0,4,2,50,46,2.2,3.66
8099,8100,670882,63,7,5,49,,7519,5,5,3,2.1,17,65,208,12,19,6,3,8,0,13,0.47,0.28,0.2,9,8,0,2,2,27,37,2.1,2.34
8100,8101,671594,1,5,2,44,,7520,4,2,2,3.7,85,29,428,18,31,13,3,17,0,37,0.16,0.16,0.29,12,4,0,7,5,21,41,2.9,1.95
8101,8102,671594,61,6,2,28,2283,7521,5,6,5,4.2,48,22,420,12,28,9,6,14,0,29,0.61,0.51,0.43,10,11,0,10,2,22,27,4.2,2.56
8102,8103,671594,61,6,2,28,2284,7521,5,6,5,4.2,48,22,420,12,28,9,6,14,0,29,0.61,0.51,0.43,10,11,0,10,2,22,27,4.2,2.56
8103,8104,671594,61,7,4,23,2422,7522,6,1,1,0.5,26,3,238,7,18,11,6,4,0,18,0.16,0.16,0.08,8,2,0,5,3,5,20,0.5,1.29
8104,8105,671915,122,6,2,59,1794,7523,7,0,1,0.6,155,10,1624,25,65,27,61,47,0,70,0.0,0.03,0.02,28,1,2,51,1,12,46,0.6,0.64
8105,8106,671915,122,6,2,59,1795,7523,7,0,1,0.6,155,10,1624,25,65,27,61,47,0,70,0.0,0.03,0.02,28,1,2,51,1,12,46,0.6,0.64
8106,8107,671915,20,7,2,32,2686,7524,8,1,1,0.7,32,5,342,6,16,7,14,11,0,14,0.13,0.13,0.09,7,2,0,11,1,3,16,0.7,0.63
8107,8108,671915,20,7,2,32,2687,7524,8,1,1,0.7,32,5,342,6,16,7,14,11,0,14,0.13,0.13,0.09,7,2,0,11,1,3,16,0.7,0.63
8108,8109,672803,12,6,3,3,1717,7525,6,0,1,1.4,11,9,73,4,7,0,4,8,0,8,0.0,0.19,0.27,3,1,0,17,0,7,14,1.4,1.92
8109,8110,672803,97,7,3,14,2423,7526,7,1,0,2.2,8,5,61,5,6,1,11,8,0,5,0.11,0.0,0.25,1,1,0,53,0,3,15,2.2,1.91
8110,8111,672803,97,7,3,14,2424,7526,7,1,0,2.2,8,5,61,5,6,1,11,8,0,5,0.11,0.0,0.25,1,1,0,53,0,3,15,2.2,1.91
8111,8112,673071,137,6,5,17,,7527,4,4,1,4.1,7,16,123,11,13,3,19,15,0,10,0.26,0.07,0.27,7,5,0,42,0,10,30,4.1,1.83
8112,8113,674612,75,5,8,33,1195,7528,8,1,0,0.5,30,7,337,1,13,12,22,8,0,11,0.16,0.0,0.08,6,1,1,5,1,10,8,0.5,1.27
8113,8114,674612,75,6,8,5,,7529,9,0,0,1.2,96,16,1223,11,31,12,47,19,1,23,0.0,0.0,0.06,12,0,1,35,3,17,29,1.2,0.74
8114,8115,674612,75,7,7,16,,7530,11,1,0,0.3,21,8,343,2,16,7,32,8,0,11,0.15,0.0,0.05,7,1,1,9,1,6,11,0.3,0.77
8115,8116,674806,115,6,4,28,2312,7531,7,0,2,0.5,5,4,48,2,8,1,0,5,0,8,0.0,0.9,0.22,2,2,0,2,0,3,12,0.5,3.15
8116,8117,674806,115,7,3,28,,7532,8,1,1,1.5,9,18,101,10,15,5,12,8,0,20,0.13,0.13,0.2,10,2,0,21,1,9,17,1.5,1.69
8117,8118,676042,87,6,1,30,,7533,4,0,2,0.9,50,42,577,17,56,12,36,24,0,58,0.0,0.15,0.07,34,2,0,14,0,21,35,0.9,0.84
8118,8119,676042,87,7,2,16,,7534,6,2,2,1.1,17,13,174,8,12,7,8,5,1,12,0.28,0.28,0.15,10,4,0,8,0,8,13,1.1,0.97
8119,8120,678406,136,6,1,74,,7535,9,1,2,2.7,160,60,1727,39,90,46,102,45,0,96,0.03,0.06,0.09,55,3,0,52,3,49,77,2.7,0.83
8120,8121,678406,43,7,1,6,2459,7536,10,1,1,1.9,39,32,584,22,33,21,56,33,0,37,0.06,0.06,0.11,23,2,0,23,0,23,40,1.9,0.84
8121,8122,678441,42,5,3,58,,7537,4,0,0,0.5,0,1,23,4,1,0,1,2,0,1,0.0,0.0,0.19,0,0,0,14,0,1,7,0.5,2.73
8122,8123,678479,30,5,4,46,1686,7538,6,4,1,2.4,34,12,216,5,23,4,5,16,0,25,0.46,0.11,0.27,10,5,0,7,0,10,15,2.4,1.82
8123,8124,678479,30,6,2,9,,7539,7,0,3,0.3,93,35,674,16,38,13,14,26,0,31,0.0,0.17,0.02,20,3,0,8,1,30,37,0.3,0.66
8124,8125,683840,24,3,2,148,,7540,2,3,3,4.6,152,65,1498,39,44,33,7,46,0,71,0.11,0.11,0.17,17,6,0,5,8,81,87,4.4,0.93
8125,8126,683840,24,4,2,8,,7541,3,3,1,1.3,84,23,513,15,20,5,7,13,0,20,0.31,0.1,0.13,7,4,1,4,5,33,46,1.3,1.22
8126,8127,683840,24,5,2,15,,7542,4,6,1,4.9,184,67,1251,42,39,13,8,27,0,45,0.27,0.05,0.22,13,7,1,3,24,81,87,4.9,1.0
8127,8128,683840,24,6,4,36,,7543,5,4,2,3.1,136,41,1035,37,33,14,10,27,0,27,0.24,0.12,0.19,8,6,0,3,11,42,69,3.1,0.91
8128,8129,683840,24,7,2,15,,7544,7,4,2,1.7,150,38,986,31,28,12,11,23,0,38,0.25,0.13,0.11,13,6,1,1,12,38,69,1.7,1.01
8129,8130,683895,1,5,1,23,1226,7545,10,0,3,1.7,131,15,1281,13,71,32,107,30,3,65,0.0,0.11,0.06,42,3,3,60,7,19,31,1.7,0.83
8130,8131,683895,1,6,1,6,,7546,11,1,1,2.4,179,42,1599,12,65,55,116,47,0,64,0.03,0.03,0.08,44,2,1,45,5,26,47,2.4,1.11
8131,8132,683895,1,7,1,21,2425,7547,12,0,0,0.5,77,10,810,8,25,19,64,22,0,26,0.0,0.0,0.04,19,0,1,18,3,9,21,0.5,1.07
8132,8133,684210,100,5,4,6,,7548,7,3,1,2.2,49,31,387,12,30,10,19,30,0,24,0.21,0.07,0.16,8,4,0,10,2,25,38,2.2,1.58
8133,8134,684210,100,6,3,21,2173,7549,8,0,0,0.1,8,2,30,0,3,1,3,3,0,7,0.0,0.0,0.04,1,0,0,1,0,2,3,0.1,1.18
8134,8135,684210,100,6,3,21,2174,7549,8,0,0,0.1,8,2,30,0,3,1,3,3,0,7,0.0,0.0,0.04,1,0,0,1,0,2,3,0.1,1.18
8135,8136,687609,87,6,3,58,,7550,8,4,4,7.3,16,31,146,11,6,0,11,12,0,9,0.35,0.35,0.63,5,8,0,16,1,12,29,7.3,3.64
8136,8137,687609,87,7,3,16,,7551,9,2,2,3.5,12,14,176,9,6,1,14,12,0,9,0.16,0.16,0.27,1,4,0,19,1,5,20,3.5,2.53
8137,8138,687626,25,4,2,9,1063,7552,4,1,1,0.8,22,9,225,4,16,10,7,18,0,12,0.14,0.14,0.11,5,2,0,9,1,9,13,0.8,1.36
8138,8139,687626,25,4,2,9,1064,7552,4,1,1,0.8,22,9,225,4,16,10,7,18,0,12,0.14,0.14,0.11,5,2,0,9,1,9,13,0.8,1.36
8139,8140,687626,25,5,2,52,,7553,5,1,1,1.7,219,38,1993,43,100,56,31,43,0,68,0.03,0.03,0.05,40,2,3,37,11,32,88,1.7,0.8
8140,8141,687626,55,6,2,54,1735,7554,6,1,3,0.4,173,27,1907,23,91,37,44,59,0,60,0.03,0.09,0.01,36,4,4,30,12,31,66,0.4,0.41
8141,8142,687626,55,7,2,15,,7555,8,1,2,0.4,85,15,892,17,54,28,23,18,0,42,0.06,0.12,0.02,28,3,0,19,6,13,47,0.4,0.54
8142,8143,688707,2,4,2,29,,7556,6,1,0,0.7,108,24,1535,17,43,42,15,18,3,57,0.04,0.0,0.03,20,1,0,17,1,23,50,0.7,0.66
8143,8144,688707,84,5,2,28,1315,7557,7,1,1,0.9,165,33,1819,17,46,36,26,38,1,52,0.03,0.03,0.03,29,2,0,14,5,56,50,0.9,0.4
8144,8145,689505,80,6,2,33,1952,7558,6,1,2,1.1,45,10,539,8,48,32,31,20,0,33,0.07,0.14,0.07,22,3,0,38,1,10,21,1.1,0.81
8145,8146,690799,103,5,1,23,,7559,6,2,1,3.3,136,10,1802,6,66,56,126,52,1,58,0.05,0.03,0.09,30,3,4,86,1,8,13,3.3,0.52
8146,8147,690799,32,6,1,20,1877,7560,7,0,2,0.1,68,8,824,8,21,8,28,14,0,21,0.0,0.18,0.01,13,2,0,19,2,5,18,0.1,0.27
8147,8148,690799,32,6,1,20,1878,7560,7,0,2,0.1,68,8,824,8,21,8,28,14,0,21,0.0,0.18,0.01,13,2,0,19,2,5,18,0.1,0.27
8148,8149,691316,49,3,9,52,556,7561,3,0,5,0.3,23,27,222,15,5,7,4,5,0,9,0.0,0.67,0.03,4,5,0,3,1,7,26,0.3,0.8
8149,8150,691316,49,3,9,52,557,7561,3,0,5,0.3,23,27,222,15,5,7,4,5,0,9,0.0,0.67,0.03,4,5,0,3,1,7,26,0.3,0.8
8150,8151,691316,49,4,5,20,,7562,4,0,1,0.9,19,15,166,8,4,5,1,2,0,5,0.0,0.13,0.12,2,1,0,0,0,12,13,0.9,0.77
8151,8152,691482,40,5,2,46,,7563,4,0,0,1.0,21,11,257,9,31,7,19,15,0,34,0.0,0.0,0.11,18,0,0,14,1,14,24,1.0,1.53
8152,8153,691482,40,6,2,13,,7564,5,1,1,1.2,47,24,343,24,49,12,18,21,0,53,0.07,0.07,0.09,30,2,0,14,4,19,48,1.2,1.68
8153,8154,691482,40,7,2,6,,7565,6,0,0,0.6,16,13,105,3,17,2,10,7,0,14,0.0,0.0,0.1,10,0,0,6,2,8,17,0.6,1.27
8154,8155,691786,84,6,5,40,1939,7566,10,2,0,1.6,36,16,166,14,21,4,7,11,0,11,0.32,0.0,0.25,5,2,0,16,0,8,27,1.6,3.34
8155,8156,691786,141,7,5,23,2615,7567,11,2,0,3.6,18,23,180,12,21,7,20,15,0,19,0.2,0.0,0.36,10,2,0,40,0,12,26,3.6,2.43
8156,8157,691786,141,7,5,23,2616,7567,11,2,0,3.6,18,23,180,12,21,7,20,15,0,19,0.2,0.0,0.36,10,2,0,40,0,12,26,3.6,2.43
8157,8158,691892,7,7,7,23,,7568,6,3,3,1.8,30,19,248,11,17,2,18,7,0,14,0.48,0.48,0.29,10,6,0,2,2,9,19,1.8,0.95
8158,8159,692070,137,6,1,59,,7569,5,0,0,0.3,47,4,490,6,22,11,26,11,0,24,0.0,0.0,0.03,15,0,0,11,0,10,20,0.3,0.95
8159,8160,692734,39,4,1,71,,7570,2,1,0,0.5,28,7,301,4,15,11,29,12,0,14,0.13,0.0,0.07,7,1,0,8,0,3,8,0.5,0.63
8160,8161,692737,44,7,2,3,,7571,5,1,0,0.7,30,4,249,7,7,4,8,9,0,12,0.14,0.0,0.11,4,1,0,14,0,3,16,0.7,1.3
8161,8162,693095,143,7,1,16,2528,7572,9,0,0,0.4,17,1,342,0,17,9,48,9,0,12,0.0,0.0,0.05,7,0,1,29,0,0,0,0.4,0.75
8162,8163,694509,103,6,1,30,,7573,7,1,2,0.5,70,18,550,10,32,20,43,30,0,27,0.06,0.13,0.03,13,3,0,21,1,18,21,0.5,0.32
8163,8164,694928,20,5,5,25,1235,7574,7,6,1,7.8,93,144,878,27,66,18,16,34,0,72,0.19,0.03,0.24,26,7,0,17,5,100,99,7.7,2.99
8164,8165,694928,20,5,5,25,1236,7574,7,6,1,7.8,93,144,878,27,66,18,16,34,0,72,0.19,0.03,0.24,26,7,0,17,5,100,99,7.7,2.99
8165,8166,694928,20,5,5,25,1237,7574,7,6,1,7.8,93,144,878,27,66,18,16,34,0,72,0.19,0.03,0.24,26,7,0,17,5,100,99,7.7,2.99
8166,8167,694928,79,6,7,37,,7575,8,4,5,5.6,84,131,816,34,61,14,27,37,0,70,0.17,0.22,0.24,35,9,0,9,5,81,77,5.6,2.34
8167,8168,694928,79,7,8,43,,7576,10,1,2,3.6,35,26,309,11,9,4,4,12,0,21,0.13,0.25,0.46,6,3,0,4,1,22,21,3.6,2.78
8168,8169,695454,72,4,6,46,1175,7577,6,0,3,0.6,7,10,70,5,9,2,1,5,0,5,0.0,1.3,0.26,4,3,0,4,0,4,10,0.6,2.16
8169,8170,697714,21,1,2,7,,7578,9,1,2,1.0,130,28,1381,16,59,28,27,34,0,59,0.04,0.09,0.05,24,3,2,54,2,41,42,1.0,0.76
8170,8171,697714,21,2,2,65,,7579,10,2,3,0.4,129,19,1381,19,62,34,19,25,0,67,0.09,0.13,0.02,26,5,1,41,3,23,50,0.4,0.52
8171,8172,697714,21,3,7,118,,7580,11,0,0,0.3,124,27,1910,4,58,44,66,28,0,54,0.0,0.0,0.01,27,0,1,54,0,20,30,0.3,0.35
8172,8173,697714,21,4,2,55,,7581,12,5,1,3.9,134,18,1350,16,46,39,25,33,0,70,0.19,0.04,0.15,24,6,1,43,5,27,53,2.4,0.74
8173,8174,697714,21,5,2,55,,7582,13,0,2,0.7,161,15,1617,17,65,37,40,38,0,62,0.0,0.07,0.02,24,2,0,30,5,28,55,0.7,0.61
8174,8175,698110,42,5,8,46,,7583,3,0,0,0.2,4,1,31,2,1,0,1,1,0,3,0.0,0.0,0.12,1,0,0,2,0,0,2,0.2,1.65
8175,8176,698259,38,6,1,71,2248,7584,6,0,1,1.1,47,20,662,4,35,29,118,29,1,33,0.0,0.04,0.05,21,1,0,58,0,10,15,1.1,0.43
8176,8177,699442,58,6,4,27,,7585,3,0,1,1.1,31,25,313,16,16,4,14,15,0,13,0.0,0.1,0.1,6,1,0,22,1,17,35,1.1,1.65
8177,8178,699442,58,7,2,14,2368,7586,5,1,0,0.3,15,5,106,9,5,2,5,5,0,6,0.36,0.0,0.12,4,1,0,2,1,2,8,0.3,1.46
8178,8179,700106,62,6,4,2,,7587,4,4,3,3.5,71,100,425,43,22,5,4,15,0,24,0.22,0.16,0.19,14,7,0,15,5,55,103,3.5,1.65
8179,8180,700646,87,1,3,42,,7588,7,9,0,10.3,74,50,400,29,8,3,32,17,0,11,0.38,0.0,0.43,1,9,0,66,5,41,67,10.3,2.63
8180,8181,700646,7,3,3,37,,7589,9,28,7,25.6,67,46,561,31,11,3,15,11,0,13,0.91,0.23,0.83,6,35,0,73,2,31,88,20.1,3.59
8181,8182,700646,93,4,3,92,,7590,10,11,3,12.6,50,36,412,16,13,2,15,20,0,13,0.48,0.13,0.54,4,14,0,37,4,22,51,10.7,2.38
8182,8183,700646,93,5,3,50,,7591,11,4,3,9.2,37,35,349,26,12,3,3,11,0,8,0.21,0.16,0.47,3,7,0,20,5,21,63,9.2,3.11
8183,8184,700646,96,6,3,11,,7592,12,3,0,3.3,7,5,134,5,2,1,3,3,0,4,0.37,0.0,0.41,0,3,0,12,1,5,9,2.5,1.85
8184,8185,701819,69,7,1,82,,7593,6,0,0,0.1,19,3,260,1,12,7,36,9,0,16,0.0,0.0,0.02,7,0,0,18,0,4,5,0.1,0.42
8185,8186,707242,75,5,5,58,1699,7594,2,0,4,1.7,31,47,288,22,13,1,2,4,0,14,0.0,0.42,0.18,7,4,0,1,6,25,45,1.7,2.5
8186,8187,707242,75,6,3,28,1879,7595,3,0,0,0.2,2,10,54,6,3,3,0,5,0,4,0.0,0.0,0.12,3,0,0,0,0,10,10,0.2,2.24
8187,8188,707242,75,6,3,28,1880,7595,3,0,0,0.2,2,10,54,6,3,3,0,5,0,4,0.0,0.0,0.12,3,0,0,0,0,10,10,0.2,2.24
8188,8189,707242,75,7,4,9,,7596,5,2,0,1.2,22,22,153,8,3,3,3,9,0,5,0.36,0.0,0.21,0,2,0,1,2,16,20,1.2,3.43
8189,8190,707274,20,7,1,13,,7597,7,2,0,1.5,49,16,526,1,17,8,64,12,0,11,0.15,0.0,0.11,5,2,1,37,0,8,5,1.5,0.81
8190,8191,708072,68,7,1,34,,7598,6,2,0,0.4,43,23,655,11,17,6,9,4,0,14,0.19,0.0,0.04,8,2,0,2,0,18,18,0.4,0.48
8191,8192,708265,34,5,5,2,,7599,4,5,8,3.4,39,51,324,25,25,19,10,29,0,39,0.31,0.5,0.22,8,13,0,16,0,30,39,3.4,1.69
8192,8193,708265,90,7,3,7,,7600,7,10,2,8.2,39,74,344,21,12,8,4,11,0,13,0.86,0.17,0.7,1,12,0,9,2,31,48,8.2,3.68
8193,8194,709187,98,4,2,13,,7601,4,0,0,2.6,27,82,315,16,20,5,9,18,0,31,0.0,0.0,0.17,10,0,0,10,1,38,48,2.6,2.22
8194,8195,709187,98,5,3,5,,7602,5,6,4,4.9,80,174,634,46,31,8,14,40,0,41,0.2,0.14,0.17,19,10,1,20,4,69,105,4.9,2.07
8195,8196,709187,98,6,3,43,,7603,6,5,11,6.0,66,143,579,47,31,3,4,18,1,36,0.2,0.44,0.24,13,16,1,8,8,77,121,6.0,2.23
8196,8197,709187,98,7,3,55,,7604,7,1,3,2.4,44,83,290,30,23,5,5,11,0,21,0.07,0.22,0.17,8,4,0,7,0,38,74,2.4,2.18
8197,8198,709372,43,6,1,1,,7605,6,0,0,0.4,6,6,113,0,11,1,11,3,0,12,0.0,0.0,0.14,7,0,0,1,0,3,1,0.4,0.69
8198,8199,709372,53,7,7,17,2479,7606,8,1,1,1.1,34,26,300,14,31,8,34,13,0,33,0.09,0.09,0.09,17,2,0,5,1,15,27,1.1,1.03
8199,8200,709372,53,7,7,17,2480,7606,8,1,1,1.1,34,26,300,14,31,8,34,13,0,33,0.09,0.09,0.09,17,2,0,5,1,15,27,1.1,1.03
8200,8201,709969,43,6,4,23,2308,7607,4,2,2,3.2,45,68,372,21,36,13,13,10,0,20,0.12,0.12,0.19,10,4,0,3,4,47,57,3.2,1.79
8201,8202,709969,43,7,4,5,,7608,5,1,0,0.6,12,30,136,9,12,3,13,8,0,12,0.15,0.0,0.09,6,1,0,6,1,18,29,0.6,2.62
8202,8203,710004,20,6,4,13,2309,7609,6,0,0,1.7,16,19,108,7,5,7,10,11,0,10,0.0,0.0,0.24,1,0,0,10,0,8,14,1.7,2.36
8203,8204,710004,20,6,4,13,2310,7609,6,0,0,1.7,16,19,108,7,5,7,10,11,0,10,0.0,0.0,0.24,1,0,0,10,0,8,14,1.7,2.36
8204,8205,710004,97,7,4,23,2460,7610,7,0,0,0.3,5,2,56,3,6,0,3,5,0,4,0.0,0.0,0.08,3,0,0,6,0,1,6,0.3,1.47
8205,8206,710131,96,1,1,5,,7611,9,0,0,0.5,58,21,935,2,26,26,83,27,0,29,0.0,0.0,0.03,17,0,2,57,1,6,9,0.5,0.36
8206,8207,710131,96,2,1,26,,7612,10,1,1,1.1,90,30,1427,5,30,28,101,14,1,28,0.04,0.04,0.04,16,2,5,70,1,7,17,1.1,0.39
8207,8208,710131,45,4,1,11,1043,7613,12,3,0,1.0,97,20,1115,2,53,40,77,35,0,47,0.12,0.0,0.04,33,3,2,49,1,2,9,1.0,0.38
8208,8209,710131,45,4,1,11,1044,7613,12,3,0,1.0,97,20,1115,2,53,40,77,35,0,47,0.12,0.0,0.04,33,3,2,49,1,2,9,1.0,0.38
8209,8210,710131,5,6,1,5,2076,7614,14,1,1,0.3,75,20,1501,4,31,22,79,40,0,24,0.04,0.04,0.01,11,2,0,43,1,10,22,0.3,0.37
8210,8211,710131,5,6,1,5,2077,7614,14,1,1,0.3,75,20,1501,4,31,22,79,40,0,24,0.04,0.04,0.01,11,2,0,43,1,10,22,0.3,0.37
8211,8212,710131,80,7,1,25,,7615,16,0,0,0.6,48,1,820,4,19,30,86,18,0,20,0.0,0.0,0.04,11,0,1,40,0,3,10,0.6,0.3
8212,8213,710677,77,5,2,1,,7616,4,0,0,0.1,12,0,90,0,1,3,8,2,0,3,0.0,0.0,0.02,0,0,0,6,0,2,3,0.1,0.71
8213,8214,710677,77,6,2,46,,7617,5,4,0,1.1,80,17,739,5,32,11,50,16,0,31,0.19,0.0,0.05,15,4,0,56,0,14,18,1.1,1.12
8214,8215,711337,100,7,3,43,2345,7618,10,4,0,6.0,10,16,111,14,8,0,11,7,0,7,0.31,0.0,0.46,3,4,0,23,4,8,38,5.2,2.6
8215,8216,711517,74,5,5,9,,7619,4,1,3,0.2,29,24,159,13,13,6,8,7,0,12,0.17,0.51,0.03,9,4,0,3,0,7,25,0.2,0.68
8216,8217,711517,74,6,5,9,,7620,5,3,0,3.0,50,34,455,17,42,23,26,27,0,34,0.19,0.0,0.19,20,3,0,10,0,24,46,3.0,1.19
8217,8218,711544,34,6,1,71,1963,7621,7,4,2,3.6,68,15,1270,5,22,12,98,23,1,20,0.15,0.08,0.14,14,6,1,44,0,8,14,3.6,0.68
8218,8219,711969,12,4,1,44,,7622,6,0,2,0.7,27,19,306,7,15,11,19,3,0,9,0.0,0.29,0.11,5,2,0,11,0,13,18,0.7,0.88
8219,8220,711969,12,5,1,23,,7623,7,0,1,0.3,11,10,127,1,6,2,9,6,0,4,0.0,0.34,0.11,2,1,0,8,0,7,4,0.3,1.03
8220,8221,711969,56,6,1,9,2285,7624,8,1,2,0.4,34,38,352,13,35,19,43,22,1,27,0.07,0.15,0.03,14,3,1,13,0,16,23,0.4,0.66
8221,8222,711969,12,7,7,41,,7625,9,1,1,0.3,43,40,388,8,18,12,38,10,0,21,0.11,0.11,0.03,8,2,0,12,1,27,19,0.3,0.42
8222,8223,711976,84,6,2,62,1892,7626,5,1,0,1.5,80,63,591,21,28,3,5,13,0,22,0.07,0.0,0.1,14,1,1,10,1,48,51,1.5,1.85
8223,8224,711976,84,6,2,62,1893,7626,5,1,0,1.5,80,63,591,21,28,3,5,13,0,22,0.07,0.0,0.1,14,1,1,10,1,48,51,1.5,1.85
8224,8225,711976,84,7,2,21,,7627,6,1,1,1.0,59,42,369,10,17,8,8,16,0,20,0.09,0.09,0.08,10,2,0,7,5,38,32,1.0,1.49
8225,8226,711996,12,5,1,20,,7628,7,0,0,0.6,58,4,911,5,20,17,43,13,1,28,0.0,0.0,0.04,14,0,1,37,4,9,13,0.6,0.2
8226,8227,711996,12,6,1,21,,7629,8,1,0,0.7,123,22,1162,5,32,33,77,30,1,28,0.04,0.0,0.03,16,1,2,50,4,17,21,0.7,0.17
8227,8228,711999,12,4,2,44,,7630,2,1,0,0.3,12,3,194,3,13,4,2,7,0,19,0.22,0.0,0.07,9,1,0,3,0,5,6,0.3,0.89
8228,8229,711999,12,5,2,23,,7631,3,0,1,0.9,50,11,566,3,36,21,16,24,1,24,0.0,0.07,0.06,16,1,0,16,0,16,13,0.9,0.41
8229,8230,713644,36,6,4,13,1855,7632,7,6,2,3.8,36,100,248,22,18,3,3,9,0,23,0.33,0.11,0.21,8,8,0,4,4,61,69,3.0,1.81
8230,8231,713644,77,7,5,5,2578,7633,8,1,5,1.8,26,61,156,20,11,0,8,7,0,16,0.09,0.43,0.15,4,6,0,0,3,38,39,1.8,1.54
8231,8232,713644,77,7,5,5,2579,7633,8,1,5,1.8,26,61,156,20,11,0,8,7,0,16,0.09,0.43,0.15,4,6,0,0,3,38,39,1.8,1.54
8232,8233,713787,84,7,7,3,2426,7634,7,1,0,0.3,9,14,228,9,9,6,13,10,0,7,0.15,0.0,0.05,2,1,0,7,0,6,15,0.3,0.77
8233,8234,716276,43,6,1,23,2323,7635,7,2,1,1.6,36,8,628,5,27,17,65,12,0,15,0.15,0.07,0.11,12,3,0,26,1,8,18,1.6,0.73
8234,8235,716276,43,6,1,23,2324,7635,7,2,1,1.6,36,8,628,5,27,17,65,12,0,15,0.15,0.07,0.11,12,3,0,26,1,8,18,1.6,0.73
8235,8236,717118,3,5,1,74,1476,7636,6,1,1,0.7,24,29,264,9,13,5,11,13,0,15,0.12,0.12,0.08,4,2,0,3,0,16,26,0.7,1.04
8236,8237,717118,3,6,1,74,,7637,7,1,1,0.7,43,39,421,11,30,15,36,14,0,25,0.08,0.08,0.06,14,2,0,11,1,36,27,0.7,1.16
8237,8238,718312,84,7,2,29,2514,7638,6,1,0,0.4,15,2,141,2,17,9,5,8,0,11,0.31,0.0,0.14,4,1,0,6,3,4,9,0.4,1.87
8238,8239,719646,25,1,1,6,,7639,8,0,1,0.4,84,46,729,9,62,34,82,32,0,45,0.0,0.05,0.02,31,1,0,44,0,35,28,0.4,0.41
8239,8240,719646,25,2,7,21,,7640,9,0,0,0.5,56,22,286,4,27,6,24,7,0,17,0.0,0.0,0.06,13,0,0,31,0,6,10,0.5,0.93
8240,8241,719646,33,6,1,28,,7641,13,1,0,1.9,127,26,1167,13,99,55,120,66,0,69,0.03,0.0,0.06,45,1,1,145,0,23,46,1.9,0.89
8241,8242,720038,129,6,4,23,2043,7642,5,0,2,0.8,65,25,356,11,5,4,6,10,0,10,0.0,0.26,0.1,4,2,1,0,8,18,24,0.8,1.67
8242,8243,720038,24,7,4,23,,7643,6,3,1,0.3,15,5,128,5,5,1,4,0,0,2,1.09,0.36,0.09,2,4,1,1,1,7,13,0.3,1.09
8243,8244,724106,67,6,2,46,1705,7644,3,0,0,0.1,20,6,123,3,9,6,7,9,0,11,0.0,0.0,0.02,3,0,0,5,0,1,9,0.1,0.7
8244,8245,724520,24,4,3,103,912,7645,4,1,0,1.3,8,47,132,6,17,9,0,3,0,8,0.16,0.0,0.2,5,1,0,3,0,21,17,1.3,2.48
8245,8246,724520,77,5,5,20,1516,7646,5,4,2,2.7,44,93,365,12,29,4,6,20,2,23,0.24,0.12,0.16,13,6,0,3,3,60,58,2.7,2.39
8246,8247,724520,77,5,5,20,1517,7646,5,4,2,2.7,44,93,365,12,29,4,6,20,2,23,0.24,0.12,0.16,13,6,0,3,3,60,58,2.7,2.39
8247,8248,724520,24,6,5,16,2044,7647,6,0,0,0.2,1,7,23,2,1,0,0,1,0,1,0.0,0.0,0.28,0,0,0,1,0,3,2,0.2,5.29
8248,8249,724520,80,7,5,5,,7648,8,1,1,6.8,52,80,361,19,28,5,9,16,0,17,0.07,0.07,0.47,10,2,0,16,2,56,48,6.0,3.0
8249,8250,724783,72,6,4,1,,7649,4,0,0,0.2,7,1,46,1,7,1,0,0,0,3,0.0,0.0,0.1,2,0,0,1,0,2,3,0.2,1.86
8250,8251,725242,67,5,3,27,,7650,2,0,1,0.3,9,11,61,10,4,1,1,2,0,4,0.0,0.28,0.08,1,1,0,2,1,4,16,0.3,1.99
8251,8252,728733,27,7,7,52,2529,7651,5,0,0,0.1,5,2,32,1,3,1,0,1,0,2,0.0,0.0,0.09,1,0,0,1,0,1,3,0.1,1.59
8252,8253,729814,26,6,3,6,1940,7652,7,13,4,9.5,51,52,299,21,4,8,3,11,1,9,0.67,0.21,0.49,0,17,0,14,2,35,58,7.2,2.83
8253,8254,729814,26,6,3,6,1941,7652,7,13,4,9.5,51,52,299,21,4,8,3,11,1,9,0.67,0.21,0.49,0,17,0,14,2,35,58,7.2,2.83
8254,8255,729814,26,6,3,6,1942,7652,7,13,4,9.5,51,52,299,21,4,8,3,11,1,9,0.67,0.21,0.49,0,17,0,14,2,35,58,7.2,2.83
8255,8256,729814,34,7,3,21,2427,7653,9,4,1,4.9,26,17,147,6,5,1,0,2,0,5,0.62,0.16,0.77,2,5,0,8,2,8,21,3.3,3.72
8256,8257,729814,34,7,3,21,2428,7653,9,4,1,4.9,26,17,147,6,5,1,0,2,0,5,0.62,0.16,0.77,2,5,0,8,2,8,21,3.3,3.72
8257,8258,730893,29,3,1,9,,7654,5,1,1,0.8,77,15,556,3,64,21,62,29,0,40,0.05,0.05,0.04,23,2,1,11,0,11,12,0.8,0.11
8258,8259,730893,29,5,1,45,,7655,7,0,2,0.6,106,23,1152,15,71,42,78,48,1,53,0.0,0.06,0.02,30,2,0,25,0,19,33,0.6,0.19
8259,8260,730893,29,6,7,42,,7656,8,2,3,1.6,94,32,1177,24,105,26,104,63,0,60,0.06,0.08,0.04,43,5,0,21,1,23,47,1.6,0.34
8260,8261,730893,29,7,1,26,,7657,10,0,3,0.3,35,31,509,20,45,7,43,35,0,23,0.0,0.18,0.02,10,3,1,9,0,22,41,0.3,0.31
8261,8262,732507,73,6,2,3,2313,7658,8,1,0,0.6,28,14,248,6,13,4,7,4,0,18,0.12,0.0,0.07,6,1,1,6,1,15,19,0.6,1.85
8262,8263,732507,73,6,2,3,2314,7658,8,1,0,0.6,28,14,248,6,13,4,7,4,0,18,0.12,0.0,0.07,6,1,1,6,1,15,19,0.6,1.85
8263,8264,733576,136,6,5,9,,7659,4,3,3,2.0,87,86,581,27,15,7,10,11,0,30,0.15,0.15,0.1,6,6,0,1,11,67,67,2.0,1.65
8264,8265,733576,136,7,5,16,,7660,6,4,0,3.4,61,46,398,21,17,8,5,17,0,28,0.28,0.0,0.24,13,4,0,1,6,41,59,3.4,2.53
8265,8266,735568,89,6,1,67,1953,7661,7,0,0,0.4,34,15,581,4,14,8,32,12,1,10,0.0,0.0,0.04,5,0,0,25,0,7,9,0.4,0.57
8266,8267,735568,80,7,1,5,2688,7662,8,0,0,0.1,29,9,470,3,13,13,46,10,1,10,0.0,0.0,0.02,10,0,0,29,0,2,4,0.1,0.55
8267,8268,735568,80,7,1,5,2689,7662,8,0,0,0.1,29,9,470,3,13,13,46,10,1,10,0.0,0.0,0.02,10,0,0,29,0,2,4,0.1,0.55
8268,8269,735570,72,5,2,21,1368,7663,6,1,0,0.3,19,7,250,5,29,4,11,12,0,23,0.14,0.0,0.04,13,1,0,7,0,6,14,0.3,0.55
8269,8270,735570,72,6,2,10,,7664,7,2,1,1.7,101,28,1051,20,128,18,29,51,0,99,0.07,0.03,0.06,44,3,2,18,7,22,65,1.7,0.88
8270,8271,735570,72,7,2,49,,7665,8,2,1,1.6,68,28,555,9,52,12,13,14,0,45,0.13,0.07,0.1,14,3,0,5,1,26,25,1.6,1.13
8271,8272,735571,116,6,3,9,,7666,7,9,1,8.7,19,8,136,18,7,6,20,9,0,6,0.51,0.06,0.49,1,10,0,74,1,4,39,8.7,4.12
8272,8273,735571,116,7,3,41,,7667,8,2,1,1.9,13,3,47,6,4,4,5,5,0,3,0.34,0.17,0.33,3,3,0,31,0,1,9,1.9,3.04
8273,8274,737781,61,3,5,58,822,7668,7,1,2,2.2,10,22,125,8,15,8,11,14,0,21,0.11,0.22,0.25,7,3,0,28,0,13,20,2.2,1.43
8274,8275,737781,61,4,5,74,,7669,8,5,3,3.7,18,39,194,15,11,4,14,15,0,17,0.31,0.19,0.23,1,8,0,38,0,20,25,3.7,2.18
8275,8276,737781,61,5,4,23,,7670,9,10,3,8.4,31,38,264,17,15,11,30,29,0,27,0.43,0.13,0.37,3,13,0,61,1,22,46,8.4,2.39
8276,8277,737781,61,6,3,52,,7671,10,4,0,6.2,21,48,252,10,21,2,10,14,0,26,0.22,0.0,0.34,11,4,0,48,1,31,32,6.2,2.78
8277,8278,737781,61,7,3,9,,7672,11,0,0,0.2,1,1,11,0,1,0,0,1,0,1,0.0,0.0,0.14,0,0,0,3,0,0,0,0.2,1.76
8278,8279,739769,1,4,4,13,,7673,8,1,4,1.4,124,60,617,33,31,13,3,16,0,44,0.05,0.2,0.07,12,5,0,2,2,59,71,1.4,1.37
8279,8280,740674,10,4,2,34,,7674,4,0,0,0.2,15,3,183,8,17,7,0,8,1,17,0.0,0.0,0.04,8,0,0,1,3,5,14,0.2,0.62
8280,8281,741238,143,7,4,52,2337,7675,6,1,1,1.3,40,46,332,14,18,6,7,14,0,28,0.07,0.07,0.09,9,2,1,5,4,25,39,1.3,1.46
8281,8282,741292,38,7,5,17,2750,7676,4,1,1,0.5,10,1,59,5,5,0,2,0,0,3,0.37,0.37,0.2,2,2,0,4,0,0,9,0.5,1.49
8282,8283,742201,95,6,3,3,1856,7677,5,1,2,2.4,24,25,114,11,7,5,3,10,0,17,0.14,0.29,0.34,5,3,0,2,1,8,22,1.6,2.0
8283,8284,742201,95,6,3,3,1857,7677,5,1,2,2.4,24,25,114,11,7,5,3,10,0,17,0.14,0.29,0.34,5,3,0,2,1,8,22,1.6,2.0
8284,8285,742201,79,7,8,17,,7678,7,1,2,0.9,19,27,231,9,8,5,5,10,0,8,0.15,0.29,0.13,5,3,0,3,1,15,16,0.9,0.73
8285,8286,743387,87,7,5,30,,7679,4,1,0,0.6,2,7,29,2,8,4,1,3,0,4,0.45,0.0,0.27,2,1,0,1,1,2,2,0.6,1.35
8286,8287,743498,46,5,4,33,1700,7680,2,4,2,2.6,47,72,408,23,20,15,5,11,0,25,0.2,0.1,0.13,9,6,0,7,3,49,62,2.6,1.38
8287,8288,743498,56,6,4,6,2286,7681,3,3,2,2.8,58,102,446,31,17,6,14,26,0,22,0.13,0.09,0.12,6,5,0,8,3,56,76,2.8,2.1
8288,8289,743500,26,4,1,34,,7682,2,0,1,0.2,21,12,224,3,11,5,9,6,0,9,0.0,0.15,0.02,6,1,0,1,1,15,8,0.2,0.89
8289,8290,743589,133,6,1,9,1836,7683,4,1,0,0.2,24,4,217,1,7,3,29,9,0,6,0.17,0.0,0.04,3,1,1,11,0,0,3,0.2,0.52
8290,8291,743589,133,6,1,9,1837,7683,4,1,0,0.2,24,4,217,1,7,3,29,9,0,6,0.17,0.0,0.04,3,1,1,11,0,0,3,0.2,0.52
8291,8292,743598,14,6,5,47,1954,7684,3,0,3,0.4,59,50,300,26,24,9,2,18,0,31,0.0,0.25,0.04,11,3,0,2,4,47,54,0.4,0.74
8292,8293,743598,14,6,5,47,1955,7684,3,0,3,0.4,59,50,300,26,24,9,2,18,0,31,0.0,0.25,0.04,11,3,0,2,4,47,54,0.4,0.74
8293,8294,743598,14,6,5,47,1956,7684,3,0,3,0.4,59,50,300,26,24,9,2,18,0,31,0.0,0.25,0.04,11,3,0,2,4,47,54,0.4,0.74
8294,8295,743600,14,7,2,16,2617,7685,5,6,0,3.3,71,16,598,13,54,13,19,15,0,42,0.44,0.0,0.24,25,6,0,15,4,4,27,3.3,1.38
8295,8296,744149,29,6,2,33,1973,7686,4,0,3,0.3,79,14,464,21,48,20,24,17,0,46,0.0,0.21,0.02,23,3,1,7,3,23,37,0.3,0.69
8296,8297,744149,29,7,2,11,,7687,5,0,0,0.2,61,6,285,8,18,10,13,5,0,26,0.0,0.0,0.03,9,0,0,5,2,10,26,0.2,1.3
8297,8298,745181,13,6,7,30,,7688,4,0,0,0.6,92,7,871,2,56,21,36,21,0,48,0.0,0.0,0.04,26,0,2,24,1,13,13,0.6,0.53
8298,8299,745181,13,7,2,20,,7689,6,0,0,0.3,38,4,344,3,26,13,12,6,0,27,0.0,0.0,0.04,15,0,1,10,3,7,9,0.3,0.55
8299,8300,745191,131,7,5,47,2736,7690,10,1,0,0.7,4,7,39,7,3,2,2,3,0,2,0.6,0.0,0.41,1,1,0,1,0,4,11,0.7,3.6
8300,8301,745461,56,6,4,13,2311,7691,3,1,1,2.0,19,53,192,11,7,2,0,13,0,10,0.09,0.09,0.18,2,2,0,2,0,37,28,2.0,2.13
8301,8302,746695,12,4,4,21,1158,7692,4,4,2,2.3,42,56,266,21,23,4,5,10,0,17,0.35,0.18,0.2,10,6,0,5,1,34,46,2.3,2.31
8302,8303,746695,37,5,5,10,1448,7693,5,2,1,1.7,36,32,189,14,15,6,6,16,0,14,0.19,0.09,0.16,4,3,0,5,1,27,40,1.7,2.24
8303,8304,746739,108,6,8,28,,7694,4,0,0,0.4,18,12,196,3,22,14,20,13,0,21,0.0,0.0,0.04,9,0,0,11,0,15,9,0.4,0.86
8304,8305,746891,5,5,2,59,,7695,3,1,1,0.4,18,8,83,4,3,2,0,2,0,2,0.4,0.4,0.14,0,2,0,1,1,8,6,0.4,1.59
8305,8306,746891,67,6,4,23,2124,7696,4,1,0,0.5,53,34,195,16,16,1,5,7,0,25,0.14,0.0,0.07,9,1,0,7,0,24,35,0.5,1.67
8306,8307,746910,74,7,3,37,2468,7697,9,5,6,3.8,25,43,199,17,9,4,6,18,0,15,0.43,0.51,0.33,4,11,0,7,5,25,37,3.8,3.09
8307,8308,746910,74,7,3,37,2469,7697,9,5,6,3.8,25,43,199,17,9,4,6,18,0,15,0.43,0.51,0.33,4,11,0,7,5,25,37,3.8,3.09
8308,8309,747009,29,7,2,58,,7698,6,1,0,0.5,7,3,70,5,10,0,5,3,0,11,0.39,0.0,0.18,7,1,0,1,0,4,9,0.5,1.57
8309,8310,748319,37,5,4,20,1393,7699,4,4,2,1.9,28,20,222,5,10,1,11,14,0,22,0.35,0.17,0.17,6,6,0,7,2,17,22,1.9,2.1
8310,8311,748319,68,6,2,5,1736,7700,5,0,1,0.4,27,6,143,2,6,5,4,5,0,10,0.0,0.24,0.09,5,1,0,2,2,13,6,0.4,2.61
8311,8312,748382,34,5,3,3,1598,7701,6,1,1,1.2,9,12,104,4,9,0,4,2,0,4,0.17,0.17,0.21,1,2,0,10,0,15,9,1.2,1.01
8312,8313,748382,69,7,3,14,2580,7702,8,2,0,0.5,6,4,78,3,7,1,4,3,0,4,0.49,0.0,0.12,3,2,0,12,0,3,4,0.5,1.22
8313,8314,749552,144,7,3,28,2626,7703,8,1,2,1.3,23,47,263,12,40,5,6,10,0,31,0.08,0.17,0.11,14,3,0,5,2,25,34,1.3,1.68
8314,8315,750903,71,5,1,13,1477,7704,4,0,1,0.2,45,22,378,7,27,12,12,10,0,25,0.0,0.11,0.02,16,1,0,7,0,20,23,0.2,0.67
8315,8316,750904,75,6,8,1,,7705,5,1,1,1.0,18,6,195,7,14,3,9,7,0,11,0.22,0.22,0.23,7,2,0,4,0,8,14,1.0,0.44
8316,8317,750904,75,7,7,28,,7706,6,1,0,0.1,21,12,235,9,18,6,13,8,0,14,0.19,0.0,0.02,12,1,0,8,0,6,18,0.1,0.94
8317,8318,763079,84,6,1,29,2321,7707,4,0,0,0.2,23,5,383,1,21,13,32,13,0,17,0.0,0.0,0.02,9,0,2,6,0,4,6,0.2,0.56
8318,8319,763079,84,7,1,3,2333,7708,5,0,0,0.2,43,2,483,2,15,26,57,17,1,11,0.0,0.0,0.02,7,0,0,27,0,4,11,0.2,0.55
8319,8320,763182,132,6,9,17,,7709,6,0,5,1.9,62,59,572,31,31,13,25,23,0,18,0.0,0.22,0.09,7,5,0,21,1,35,52,1.9,0.98
8320,8321,763182,132,7,9,28,,7710,8,1,1,1.0,18,19,145,7,15,1,16,7,0,9,0.13,0.13,0.13,4,2,1,3,1,9,18,1.0,1.07
8321,8322,764859,15,6,5,14,,7711,4,5,0,2.3,6,7,80,3,9,0,4,11,0,8,1.03,0.0,0.47,5,5,0,5,0,6,11,2.3,2.46
8322,8323,764859,15,7,5,9,,7712,5,2,3,3.3,14,16,138,10,8,1,4,8,0,8,0.26,0.4,0.43,6,5,1,5,2,13,17,3.3,1.99
8323,8324,766412,3,5,8,29,,7713,4,2,2,1.1,47,51,491,14,31,18,31,21,0,33,0.12,0.12,0.07,15,4,0,10,0,31,25,1.1,0.62
8324,8325,766412,3,6,7,23,,7714,5,0,2,1.2,58,56,531,13,35,12,42,24,0,40,0.0,0.12,0.07,19,2,0,7,0,38,28,1.2,0.77
8325,8326,766583,87,6,1,17,,7715,6,3,0,0.8,61,11,794,5,41,26,91,25,0,36,0.17,0.0,0.05,22,3,1,66,2,3,13,0.8,0.9
8326,8327,768380,132,6,1,14,,7716,6,0,0,0.9,107,20,1233,17,53,66,93,35,0,40,0.0,0.0,0.03,24,0,2,50,0,23,39,0.9,0.54
8327,8328,768380,132,7,1,41,,7717,7,1,0,0.2,20,6,232,2,9,14,21,7,0,8,0.17,0.0,0.04,5,1,1,12,0,3,7,0.2,0.52
8328,8329,769063,6,4,3,13,913,7718,1,0,0,0.0,0,6,35,1,2,1,0,0,0,2,0.0,0.0,0.02,0,0,0,0,0,4,2,0.0,1.07
8329,8330,769063,6,5,3,13,,7719,2,1,0,0.9,4,4,70,2,0,3,1,4,0,3,0.6,0.0,0.52,0,1,0,2,0,3,4,0.9,2.98
8330,8331,770895,84,5,6,17,,7720,6,0,0,0.1,6,6,47,1,6,2,3,2,0,6,0.0,0.0,0.06,5,0,0,1,0,4,2,0.1,1.94
8331,8332,775605,79,5,2,1,,7721,4,0,1,0.5,51,16,368,4,19,9,6,12,0,15,0.0,0.12,0.07,8,1,1,6,1,10,20,0.5,1.49
8332,8333,775605,79,6,2,9,,7722,5,0,1,0.9,98,37,728,16,45,28,24,20,0,40,0.0,0.06,0.05,19,1,2,14,3,39,43,0.9,0.98
8333,8334,775605,79,7,2,26,,7723,6,0,2,0.6,70,12,582,14,22,18,16,5,0,18,0.0,0.17,0.05,7,2,3,17,3,14,32,0.6,1.19
8334,8335,776798,66,5,3,20,1390,7724,6,5,1,4.8,21,38,274,16,22,4,19,8,0,19,0.25,0.05,0.24,7,6,0,43,1,25,34,4.8,1.91
8335,8336,776798,66,5,3,20,1391,7724,6,5,1,4.8,21,38,274,16,22,4,19,8,0,19,0.25,0.05,0.24,7,6,0,43,1,25,34,4.8,1.91
8336,8337,776798,61,7,3,32,2583,7725,8,3,1,1.9,10,17,74,2,3,1,3,1,0,4,0.66,0.22,0.42,2,4,0,13,0,5,9,1.9,3.28
8337,8338,776798,61,7,3,32,2584,7725,8,3,1,1.9,10,17,74,2,3,1,3,1,0,4,0.66,0.22,0.42,2,4,0,13,0,5,9,1.9,3.28
8338,8339,776890,43,5,3,2,,7726,6,12,4,7.8,40,49,246,21,14,2,4,18,1,8,0.68,0.23,0.44,2,16,0,13,0,26,47,7.8,2.31
8339,8340,776890,55,6,3,43,2045,7727,7,14,5,18.6,67,70,515,38,21,4,17,20,0,24,0.45,0.16,0.6,5,19,0,35,11,44,95,18.6,2.57
8340,8341,776890,55,7,3,22,,7728,8,9,3,9.0,18,29,166,15,11,2,12,8,0,5,0.64,0.21,0.65,1,12,0,8,0,13,40,9.0,3.15
8341,8342,782630,82,5,2,2,,7729,3,0,2,0.5,22,9,283,12,30,9,4,8,1,21,0.0,0.25,0.06,12,2,0,3,2,12,19,0.5,1.0
8342,8343,782630,82,6,5,28,,7730,4,3,0,1.9,35,18,276,8,28,14,6,15,0,22,0.26,0.0,0.17,9,3,0,12,1,14,19,1.9,1.49
8343,8344,782630,82,7,4,9,,7731,5,0,0,0.2,17,6,121,3,14,1,4,4,0,8,0.0,0.0,0.06,5,0,0,1,2,3,8,0.2,1.06
8344,8345,783094,35,7,2,23,,7732,8,1,0,0.1,36,8,285,4,14,8,6,7,0,18,0.14,0.0,0.02,9,1,1,2,1,4,17,0.1,0.42
8345,8346,785353,77,5,2,29,,7733,8,0,1,1.3,59,15,280,11,29,8,24,19,0,35,0.0,0.08,0.11,12,1,0,24,1,10,19,1.3,1.69
8346,8347,785353,77,6,2,13,,7734,9,1,2,2.3,67,26,343,12,18,9,17,26,0,21,0.08,0.16,0.18,5,3,0,36,0,20,30,2.3,2.11
8347,8348,785353,77,7,2,28,,7735,11,0,1,1.2,21,7,140,1,8,10,14,11,0,14,0.0,0.17,0.2,4,1,0,12,1,5,8,1.2,1.68
8348,8349,786436,14,5,7,17,,7736,4,1,1,0.3,99,27,910,4,48,27,54,26,0,34,0.04,0.04,0.01,20,2,0,29,3,25,20,0.3,0.35
8349,8350,787151,65,7,1,61,,7737,5,0,1,0.4,8,6,176,4,3,7,20,11,0,7,0.0,0.17,0.06,2,1,0,7,0,2,6,0.4,0.83
8350,8351,787232,56,6,3,41,1737,7738,5,4,1,4.5,15,21,117,8,10,1,2,9,0,6,0.41,0.1,0.46,3,5,0,13,1,9,18,4.5,1.95
8351,8352,787232,56,6,3,41,1738,7738,5,4,1,4.5,15,21,117,8,10,1,2,9,0,6,0.41,0.1,0.46,3,5,0,13,1,9,18,4.5,1.95
8352,8353,787232,56,6,3,41,1739,7738,5,4,1,4.5,15,21,117,8,10,1,2,9,0,6,0.41,0.1,0.46,3,5,0,13,1,9,18,4.5,1.95
8353,8354,787912,93,7,1,5,,7739,4,0,0,0.0,15,2,135,2,8,5,13,4,0,5,0.0,0.0,0.02,3,0,1,2,0,0,2,0.0,0.4
8354,8355,789082,13,4,9,29,953,7740,5,2,1,1.2,57,22,423,12,35,13,12,17,0,23,0.16,0.08,0.1,15,3,0,14,1,17,29,1.2,1.13
8355,8356,789082,13,5,7,39,,7741,6,1,4,2.4,108,50,1039,27,84,48,36,36,1,75,0.04,0.16,0.1,44,5,1,27,1,37,62,2.4,1.06
8356,8357,789082,13,6,1,11,,7742,7,3,1,2.1,71,26,734,19,60,35,37,29,1,70,0.16,0.05,0.12,32,4,1,12,2,32,42,2.1,1.65
8357,8358,789082,13,7,1,11,,7743,8,1,1,0.5,33,22,455,9,36,24,21,21,1,29,0.1,0.1,0.05,21,2,1,12,2,11,19,0.5,0.58
8358,8359,789252,74,7,2,3,2700,7744,3,1,1,0.2,13,1,133,7,8,3,10,8,0,8,0.19,0.19,0.05,4,2,0,7,1,3,11,0.2,0.58
8359,8360,790992,55,6,1,34,,7745,4,1,0,0.3,7,1,121,0,4,3,11,6,0,5,0.43,0.0,0.14,2,1,0,2,0,1,3,0.3,2.17
8360,8361,792380,86,6,2,34,,7746,4,2,2,1.2,105,14,897,11,28,17,12,13,0,33,0.15,0.15,0.09,17,4,0,10,0,21,40,1.2,0.59
8361,8362,794349,84,5,1,71,1337,7747,9,0,0,0.6,8,4,90,4,6,2,5,3,0,6,0.0,0.0,0.31,4,0,0,9,0,9,7,0.6,2.73
8362,8363,794349,84,5,1,71,1338,7747,9,0,0,0.6,8,4,90,4,6,2,5,3,0,6,0.0,0.0,0.31,4,0,0,9,0,9,7,0.6,2.73
8363,8364,794349,61,7,1,17,2618,7748,12,0,1,0.3,20,4,378,3,14,24,39,11,0,10,0.0,0.11,0.04,6,1,0,15,0,3,8,0.3,0.79
8364,8365,795431,11,5,5,58,,7749,4,0,0,0.0,5,5,40,3,12,0,2,0,0,8,0.0,0.0,0.02,6,0,0,1,1,4,4,0.0,1.29
8365,8366,798043,44,7,7,20,2701,7750,5,2,2,1.1,26,18,311,8,30,7,26,22,0,32,0.19,0.19,0.1,19,4,1,20,1,10,22,1.1,1.26
8366,8367,798404,2,4,1,29,,7751,6,0,0,0.5,30,10,560,6,34,34,49,25,2,27,0.0,0.0,0.03,16,0,1,16,0,6,17,0.5,0.57
8367,8368,798404,2,5,1,17,,7752,7,0,0,0.1,65,27,1152,7,52,52,50,28,1,51,0.0,0.0,0.01,31,0,2,26,0,34,23,0.1,0.22
8368,8369,798687,60,5,3,22,,7753,7,4,2,6.6,74,95,651,28,22,11,6,18,0,28,0.2,0.1,0.33,8,6,0,5,3,60,74,6.6,3.6
8369,8370,798687,60,6,3,31,,7754,8,1,1,3.4,64,53,468,22,40,12,9,29,0,40,0.07,0.07,0.23,20,2,0,2,3,37,55,3.4,2.92
8370,8371,798929,16,6,2,2,,7755,4,0,0,0.4,25,9,227,8,11,4,9,10,0,7,0.0,0.0,0.07,4,0,1,7,0,5,16,0.4,1.51
8371,8372,798929,16,7,2,3,,7756,5,0,1,0.4,14,5,192,13,11,5,15,7,0,13,0.0,0.15,0.06,5,1,0,5,1,4,21,0.4,1.18
8372,8373,800176,72,7,2,26,2507,7757,8,0,0,0.1,31,5,390,4,33,6,15,21,0,24,0.0,0.0,0.01,17,0,1,1,1,6,14,0.1,0.22
8373,8374,801754,139,5,8,17,,7758,5,0,0,0.2,0,3,75,3,11,2,2,5,0,5,0.0,0.0,0.06,4,0,0,0,0,8,8,0.2,1.94
8374,8375,802747,3,6,3,2,2287,7759,6,1,3,0.9,5,14,71,10,8,1,6,4,0,3,0.21,0.64,0.2,3,4,0,17,2,7,13,0.9,1.91
8375,8376,802747,3,6,3,2,2288,7759,6,1,3,0.9,5,14,71,10,8,1,6,4,0,3,0.21,0.64,0.2,3,4,0,17,2,7,13,0.9,1.91
8376,8377,804812,122,6,1,29,,7760,7,0,1,0.1,33,35,518,10,37,9,32,17,0,34,0.0,0.08,0.01,23,1,0,13,0,19,22,0.1,0.3
8377,8378,805908,1,4,8,44,,7761,4,1,1,0.2,39,30,350,7,28,14,15,20,0,24,0.09,0.09,0.02,14,2,0,12,0,22,20,0.2,0.62
8378,8379,805908,61,6,1,23,1881,7762,6,0,3,0.3,129,83,1544,24,97,40,69,28,0,80,0.0,0.09,0.01,47,3,0,30,1,62,63,0.3,0.36
8379,8380,806168,140,7,1,40,,7763,9,0,1,0.1,29,17,247,9,20,14,19,6,0,23,0.0,0.18,0.02,11,1,5,7,0,13,17,0.1,0.7
8380,8381,806793,140,7,1,27,,7764,8,0,0,0.1,41,19,431,7,26,16,50,21,0,25,0.0,0.0,0.01,16,0,1,14,0,16,13,0.1,0.25
8381,8382,807165,3,5,1,1,,7765,5,1,0,0.7,32,10,838,1,18,16,70,33,0,16,0.06,0.0,0.04,7,1,0,30,0,2,6,0.7,0.18
8382,8383,807688,66,7,4,1,,7766,7,0,0,0.2,16,9,167,2,30,9,13,11,0,29,0.0,0.0,0.04,13,0,0,1,1,2,5,0.2,0.78
8383,8384,807689,103,6,5,13,2127,7767,8,5,2,3.1,34,31,231,14,22,4,17,16,0,21,0.31,0.13,0.19,15,7,0,35,3,17,32,3.1,2.57
8384,8385,807689,103,7,5,23,,7768,10,0,0,0.9,11,6,47,2,1,1,4,8,1,4,0.0,0.0,0.24,1,0,0,13,1,0,9,0.9,3.05
8385,8386,808509,18,1,1,10,49,7769,12,1,0,0.4,77,20,762,4,20,15,22,5,0,17,0.11,0.0,0.05,12,1,1,18,0,31,16,0.4,1.56
8386,8387,808509,68,2,1,30,,7770,13,2,0,0.9,97,40,1057,15,30,26,44,12,1,30,0.12,0.0,0.06,18,2,0,18,1,31,46,0.9,0.87
8387,8388,808509,68,3,7,56,626,7771,14,1,4,1.9,240,59,2184,25,62,66,68,32,0,66,0.03,0.12,0.06,35,5,2,30,2,39,66,1.9,0.59
8388,8389,808509,68,3,7,56,627,7771,14,1,4,1.9,240,59,2184,25,62,66,68,32,0,66,0.03,0.12,0.06,35,5,2,30,2,39,66,1.9,0.59
8389,8390,808509,68,4,7,20,,7772,15,1,2,0.6,115,25,1270,14,37,32,53,21,0,28,0.05,0.1,0.03,18,3,1,37,2,17,39,0.6,0.62
8390,8391,808509,131,5,2,42,1369,7773,6,3,2,1.5,34,13,148,9,18,9,19,26,0,25,0.28,0.18,0.14,6,5,0,4,2,9,23,1.5,1.38
8391,8392,808509,131,6,2,16,,7774,7,2,2,1.8,83,22,589,20,36,35,42,33,0,46,0.1,0.1,0.09,21,4,0,14,4,20,48,1.8,1.16
8392,8393,809498,134,7,8,30,2437,7775,7,0,0,0.2,5,1,27,1,8,0,7,4,0,7,0.0,0.0,0.09,5,0,0,2,0,0,2,0.2,1.41
8393,8394,810092,90,5,8,9,,7776,1,2,0,1.4,32,23,571,6,17,12,17,11,0,29,0.19,0.0,0.14,8,2,0,3,0,22,21,1.4,0.87
8394,8395,810092,90,6,8,10,,7777,2,2,3,1.4,116,54,1311,21,51,15,22,32,0,51,0.09,0.14,0.06,28,5,2,7,2,61,60,1.4,0.64
8395,8396,810092,90,7,8,55,,7778,3,1,1,0.8,61,25,815,9,32,13,15,22,0,27,0.08,0.08,0.07,14,2,2,5,1,26,30,0.8,0.71
8396,8397,810093,3,6,2,13,2289,7779,3,1,1,0.6,37,22,338,13,18,6,9,19,0,19,0.1,0.1,0.06,12,2,1,2,4,23,33,0.6,0.71
8397,8398,810411,3,6,2,17,1943,7780,5,0,0,0.1,5,1,46,0,10,3,1,2,0,10,0.0,0.0,0.07,6,0,0,2,0,2,3,0.1,1.64
8398,8399,810411,3,6,2,17,1944,7780,5,0,0,0.1,5,1,46,0,10,3,1,2,0,10,0.0,0.0,0.07,6,0,0,2,0,2,3,0.1,1.64
8399,8400,810895,13,5,5,34,,7781,2,4,1,1.9,55,31,342,14,18,4,1,18,0,12,0.34,0.09,0.17,4,5,0,9,5,28,29,1.9,1.8
8400,8401,810895,13,6,4,10,,7782,3,2,1,0.8,21,26,174,5,9,2,2,6,1,7,0.42,0.21,0.17,3,3,0,5,2,19,20,0.8,2.94
8401,8402,810895,13,7,4,16,,7783,4,5,3,4.1,71,49,412,19,20,6,1,12,0,19,0.43,0.26,0.35,12,8,0,5,5,54,48,2.6,3.1
8402,8403,811779,60,5,5,3,,7784,3,3,2,3.0,12,33,150,3,5,5,3,5,0,11,0.47,0.32,0.48,1,5,0,3,0,27,22,3.0,3.8
8403,8404,811779,60,6,3,26,,7785,4,7,4,8.4,62,178,675,46,22,18,18,26,0,45,0.25,0.14,0.29,12,11,0,6,2,83,119,8.3,3.51
8404,8405,811779,60,7,5,7,,7786,5,3,1,4.2,19,59,278,14,13,6,8,8,0,13,0.28,0.09,0.38,3,4,1,1,1,31,31,4.2,3.41
8405,8406,813137,5,7,2,33,,7787,5,2,1,1.2,34,12,233,8,12,5,7,8,0,9,0.28,0.14,0.17,6,3,0,1,2,11,22,1.2,2.12
8406,8407,814446,40,7,7,101,,7788,5,0,0,0.0,1,1,23,0,2,0,3,0,0,3,0.0,0.0,0.04,1,0,0,2,0,1,2,0.0,1.91
8407,8408,816308,3,6,1,1,2177,7789,7,1,1,2.1,21,24,275,9,26,8,18,20,0,25,0.09,0.09,0.18,16,2,0,11,0,17,20,2.1,1.47
8408,8409,816580,31,6,1,13,1713,7790,6,1,2,1.4,105,89,1113,27,63,15,37,24,0,52,0.04,0.08,0.05,30,3,0,12,1,55,68,1.4,1.26
8409,8410,816580,31,7,1,16,,7791,7,0,0,0.4,17,24,175,5,12,2,4,2,0,9,0.0,0.0,0.09,6,0,0,6,0,17,16,0.4,1.78
8410,8411,816585,7,7,4,5,2470,7792,4,2,1,1.4,15,4,83,5,5,0,1,5,0,6,0.74,0.37,0.51,4,3,0,3,1,3,11,1.4,3.33
8411,8412,818495,10,1,2,38,,7793,9,0,2,0.8,151,20,1707,10,127,43,54,45,0,109,0.0,0.06,0.02,49,2,1,23,2,20,43,0.8,0.66
8412,8413,818495,10,2,2,25,,7794,10,2,3,0.8,84,13,1356,8,80,41,40,26,0,82,0.08,0.12,0.03,35,5,6,18,3,16,26,0.8,0.9
8413,8414,818495,10,3,2,38,,7795,11,1,0,0.4,53,8,841,2,54,26,36,20,0,55,0.06,0.0,0.03,26,1,0,9,0,13,16,0.4,0.35
8414,8415,818495,10,4,2,25,1150,7796,12,0,0,0.4,49,4,635,6,36,18,11,9,0,39,0.0,0.0,0.03,16,0,0,5,0,8,20,0.4,0.94
8415,8416,820241,30,6,5,46,,7797,4,2,0,1.0,0,1,24,0,1,0,1,1,0,2,0.99,0.0,0.51,1,2,0,1,0,1,4,1.0,2.49
8416,8417,820374,60,6,2,30,,7798,3,3,1,0.9,64,25,748,15,47,22,30,20,0,45,0.14,0.05,0.04,21,4,1,19,8,22,40,0.9,0.51
8417,8418,820374,60,7,2,22,,7799,4,0,0,0.3,38,13,422,8,23,15,5,11,0,21,0.0,0.0,0.03,14,0,1,13,2,11,17,0.3,0.69
8418,8419,822458,49,4,3,2,1014,7800,6,7,1,7.8,15,24,144,8,17,5,8,7,1,14,0.65,0.09,0.72,4,8,0,13,3,10,20,7.1,3.32
8419,8420,822458,49,5,5,41,1449,7801,7,1,0,1.5,1,5,27,2,4,0,0,5,0,4,0.46,0.0,0.71,3,1,0,9,0,1,6,1.5,5.1
8420,8421,822458,3,6,3,20,,7802,8,4,1,3.2,4,5,90,8,3,0,7,3,0,3,0.66,0.16,0.53,1,5,0,17,0,2,19,3.2,2.79
8421,8422,822959,8,5,4,13,,7803,2,0,0,1.0,16,8,84,5,15,1,1,5,0,10,0.0,0.0,0.29,7,0,0,2,1,11,7,1.0,2.0
8422,8423,822959,8,6,4,33,,7804,3,0,2,0.4,18,2,90,5,8,1,2,3,0,9,0.0,1.01,0.19,2,2,0,1,0,7,7,0.4,2.53
8423,8424,822959,8,7,2,33,,7805,4,2,1,0.8,70,23,512,26,50,13,20,26,0,35,0.18,0.09,0.07,20,3,0,5,2,10,54,0.8,1.94
8424,8425,823231,3,4,4,2,,7806,4,1,2,2.1,23,18,170,8,21,14,15,10,0,23,0.11,0.22,0.24,11,3,1,21,3,10,24,2.1,2.66
8425,8426,823231,100,5,4,59,1450,7807,5,1,3,3.6,23,39,210,18,28,13,29,20,0,32,0.07,0.22,0.26,13,4,1,30,5,23,44,3.6,1.89
8426,8427,823231,100,6,9,11,,7808,6,1,2,2.6,35,47,371,17,45,22,35,18,0,34,0.07,0.15,0.19,19,3,0,35,2,24,45,2.6,2.2
8427,8428,823231,100,7,9,11,,7809,7,2,3,3.3,15,31,142,15,23,7,18,15,0,27,0.26,0.38,0.42,13,5,0,16,1,14,26,3.3,2.44
8428,8429,827734,110,7,3,20,,7810,6,4,1,5.4,33,19,218,18,14,0,5,7,0,8,0.31,0.08,0.42,4,5,0,9,3,14,37,3.9,2.53
8429,8430,830108,111,6,1,56,2315,7811,7,1,0,1.0,27,9,295,4,18,13,26,8,0,24,0.15,0.0,0.15,16,1,0,9,0,4,6,1.0,0.45
8430,8431,830108,111,6,1,56,2316,7811,7,1,0,1.0,27,9,295,4,18,13,26,8,0,24,0.15,0.0,0.15,16,1,0,9,0,4,6,1.0,0.45
8431,8432,830108,111,6,1,56,2317,7811,7,1,0,1.0,27,9,295,4,18,13,26,8,0,24,0.15,0.0,0.15,16,1,0,9,0,4,6,1.0,0.45
8432,8433,830108,111,7,1,28,,7812,8,1,1,0.1,20,5,232,1,10,7,16,6,0,10,0.21,0.21,0.03,4,2,0,8,1,7,3,0.1,0.42
8433,8434,830265,71,5,4,1,,7813,4,0,0,0.1,9,2,67,1,3,2,4,2,0,4,0.0,0.0,0.05,3,0,0,0,0,3,6,0.1,0.99
8434,8435,831161,76,5,7,17,,7814,8,0,2,0.0,28,41,235,12,16,2,10,8,0,26,0.0,0.21,0.0,9,2,1,0,0,20,23,0.0,0.1
8435,8436,834470,47,2,4,27,,7815,16,5,2,5.3,151,85,933,39,59,38,27,35,0,61,0.15,0.06,0.16,18,7,1,32,2,59,88,4.5,1.48
8436,8437,834470,47,4,4,74,,7816,18,3,3,3.2,94,65,716,43,53,20,27,28,0,46,0.1,0.1,0.1,15,6,0,39,11,58,92,3.2,1.33
8437,8438,834470,47,5,2,74,,7817,19,3,6,2.4,76,43,537,26,42,21,14,31,0,46,0.13,0.26,0.1,21,9,0,11,5,29,54,2.4,1.07
8438,8439,834470,47,6,2,74,,7818,20,2,4,1.4,118,54,693,48,47,15,21,34,0,45,0.07,0.14,0.05,21,6,0,23,9,47,99,1.4,0.93
8439,8440,834470,47,7,4,13,,7819,21,3,4,1.6,37,21,242,13,25,4,14,9,0,10,0.26,0.35,0.14,8,7,0,12,5,22,24,1.6,1.14
8440,8441,834752,98,6,2,1,,7820,5,2,0,1.5,28,20,198,12,12,2,9,13,0,10,0.21,0.0,0.15,5,2,0,13,1,17,25,1.5,1.65
8441,8442,834752,98,7,4,6,,7821,6,1,1,0.8,15,8,88,3,5,2,6,5,0,2,0.18,0.18,0.13,2,2,0,14,1,5,9,0.8,1.23
8442,8443,834898,56,6,7,14,1968,7822,9,0,2,1.6,66,59,715,11,64,12,47,44,0,86,0.0,0.08,0.06,43,2,4,19,4,38,44,1.6,0.97
8443,8444,834898,56,6,7,14,1969,7822,9,0,2,1.6,66,59,715,11,64,12,47,44,0,86,0.0,0.08,0.06,43,2,4,19,4,38,44,1.6,0.97
8444,8445,842338,82,5,1,34,,7823,4,1,1,0.4,34,25,414,5,26,7,33,17,0,22,0.08,0.08,0.03,13,2,0,17,0,26,21,0.4,0.33
8445,8446,842338,82,6,1,23,,7824,5,0,0,0.3,46,26,478,7,26,11,25,20,0,25,0.0,0.0,0.03,11,0,0,10,0,31,18,0.3,0.4
8446,8447,842338,82,7,1,28,,7825,7,0,0,0.0,32,14,403,6,21,14,29,18,0,24,0.0,0.0,0.0,12,0,0,9,0,10,17,0.0,0.18
8447,8448,842425,82,6,4,29,,7826,6,0,0,0.3,4,2,38,2,7,0,1,2,0,6,0.0,0.0,0.23,1,0,0,1,0,4,6,0.3,3.46
8448,8449,842718,9,2,4,2,,7827,4,3,2,2.0,16,18,115,7,4,1,0,5,0,2,0.89,0.59,0.58,1,5,0,2,1,18,13,2.0,2.66
8449,8450,842718,9,4,5,47,988,7828,6,4,1,4.1,43,58,401,21,22,6,7,14,0,27,0.3,0.07,0.3,13,5,0,8,2,49,51,4.1,2.0
8450,8451,845654,68,6,5,13,,7829,3,2,0,1.6,40,32,284,18,13,1,4,6,0,8,0.19,0.0,0.15,4,2,0,16,2,31,39,1.6,1.8
8451,8452,845654,68,7,5,43,,7830,4,3,2,1.6,51,65,415,20,31,2,5,12,0,13,0.22,0.15,0.12,8,5,0,4,4,33,51,1.6,2.02
8452,8453,846310,7,7,2,71,2729,7831,4,0,0,0.2,13,7,70,3,5,1,1,3,0,1,0.0,0.0,0.15,0,0,0,1,0,5,7,0.2,1.25
8453,8454,847279,1,6,3,17,1974,7832,4,5,1,7.0,28,29,239,15,25,7,7,13,0,21,0.28,0.06,0.4,7,6,0,23,4,21,41,6.2,1.99
8454,8455,847279,1,7,3,6,,7833,6,4,1,4.3,32,16,198,10,15,2,6,8,0,14,0.34,0.08,0.36,7,5,0,20,1,15,29,4.3,1.61
8455,8456,848509,69,7,7,23,2369,7834,8,1,2,0.3,32,46,423,21,26,8,32,14,1,26,0.06,0.13,0.02,19,3,0,17,1,26,30,0.3,0.45
8456,8457,849410,25,6,6,33,2318,7835,4,0,0,0.2,14,8,179,4,11,4,3,3,0,8,0.0,0.0,0.05,6,0,1,1,2,4,8,0.2,1.17
8457,8458,849520,58,6,3,13,2319,7836,3,1,1,1.0,1,1,43,1,2,1,1,1,0,3,0.37,0.37,0.35,1,2,0,5,0,2,0,1.0,2.6
8458,8459,849520,58,7,3,5,,7837,5,4,3,3.4,16,10,176,15,10,2,11,10,0,7,0.3,0.22,0.25,2,7,0,22,3,11,35,2.6,2.15
8459,8460,852024,108,6,5,33,2290,7838,5,0,0,0.3,9,7,55,4,4,1,1,4,0,4,0.0,0.0,0.06,0,0,0,2,2,5,6,0.3,0.23
8460,8461,852024,108,6,5,33,2291,7838,5,0,0,0.3,9,7,55,4,4,1,1,4,0,4,0.0,0.0,0.06,0,0,0,2,2,5,6,0.3,0.23
8461,8462,854853,22,1,2,16,,7839,5,0,0,0.3,55,11,406,5,27,16,9,15,0,23,0.0,0.0,0.03,7,0,1,8,1,13,12,0.3,0.64
8462,8463,854853,22,2,2,16,,7840,6,1,0,1.6,113,24,687,6,38,35,28,12,0,55,0.04,0.0,0.07,17,1,0,35,2,29,30,1.6,0.75
8463,8464,854853,22,4,2,37,,7841,8,1,0,0.8,7,1,60,0,3,2,9,2,0,5,0.38,0.0,0.32,2,1,0,3,1,0,5,0.8,2.31
8464,8465,854853,22,5,2,10,1658,7842,9,0,0,1.2,30,2,173,2,15,4,7,10,0,14,0.0,0.0,0.19,7,0,1,7,3,1,6,1.2,1.51
8465,8466,854853,108,6,2,21,2145,7843,10,0,0,0.4,8,3,68,1,10,3,6,2,0,9,0.0,0.0,0.14,3,0,1,3,1,2,6,0.4,1.63
8466,8467,855056,61,5,3,29,,7844,3,0,0,0.3,1,1,10,2,1,0,2,1,0,3,0.0,0.0,0.19,0,0,0,3,0,1,3,0.3,1.41
8467,8468,855134,34,6,2,13,1945,7845,6,1,0,0.4,27,3,159,1,8,2,5,5,0,9,0.21,0.0,0.09,2,1,0,9,1,4,12,0.4,1.9
8468,8469,855134,34,6,2,13,1946,7845,6,1,0,0.4,27,3,159,1,8,2,5,5,0,9,0.21,0.0,0.09,2,1,0,9,1,4,12,0.4,1.9
8469,8470,855256,100,6,2,24,1858,7846,4,1,1,0.7,50,24,361,22,24,12,18,14,0,28,0.09,0.09,0.06,12,2,2,14,2,21,44,0.7,1.33
8470,8471,855256,100,7,2,11,,7847,6,0,0,0.1,32,5,116,5,16,6,5,9,0,16,0.0,0.0,0.05,12,0,0,1,0,3,11,0.1,1.03
8471,8472,855308,26,6,4,2,,7848,5,1,2,0.6,48,16,301,12,18,10,23,13,0,19,0.1,0.19,0.06,8,3,0,11,1,15,19,0.6,0.88
8472,8473,860056,2,5,2,1,,7849,2,0,1,1.2,9,21,87,6,2,3,5,1,0,10,0.0,0.18,0.22,1,1,0,3,1,9,13,1.2,1.98
8473,8474,860056,2,6,4,2,1882,7850,3,0,0,0.1,2,1,21,0,1,0,0,0,0,3,0.0,0.0,0.2,1,0,0,0,0,1,1,0.1,4.82
8474,8475,860056,2,6,4,2,1883,7850,3,0,0,0.1,2,1,21,0,1,0,0,0,0,3,0.0,0.0,0.2,1,0,0,0,0,1,1,0.1,4.82
8475,8476,861410,19,7,4,43,,7851,4,1,3,1.8,34,16,300,17,15,3,6,9,0,13,0.16,0.47,0.28,6,4,0,5,2,19,32,1.8,2.97
8476,8477,861981,27,7,1,14,,7852,5,0,0,0.1,12,6,208,2,9,11,25,5,0,12,0.0,0.0,0.02,3,0,0,11,0,3,6,0.1,0.41
8477,8478,864799,21,5,2,13,,7853,2,1,0,0.8,24,10,200,4,9,9,4,7,0,27,0.17,0.0,0.13,8,1,0,9,0,7,13,0.8,1.03
8478,8479,866655,37,7,5,9,,7854,3,1,0,1.1,35,44,246,13,18,4,6,8,0,14,0.09,0.0,0.1,8,1,0,3,7,30,36,1.1,1.38
8479,8480,867688,25,6,1,13,,7855,3,3,0,1.9,19,16,418,8,14,14,18,6,0,13,0.31,0.0,0.19,5,3,0,7,0,15,14,1.9,1.45
8480,8481,867688,25,7,8,37,,7856,4,1,0,0.7,31,10,410,7,12,4,14,4,0,11,0.11,0.0,0.08,5,1,1,5,0,6,20,0.7,0.75
8481,8482,872171,90,6,1,28,1957,7857,4,1,0,1.0,44,7,867,4,22,20,25,15,1,25,0.09,0.0,0.09,10,1,0,15,1,22,14,1.0,0.45
8482,8483,872184,15,6,4,28,2320,7858,9,1,0,1.2,7,9,60,2,6,3,3,3,0,6,0.27,0.0,0.33,4,1,0,5,1,4,9,1.2,2.14
8483,8484,872380,5,4,5,9,,7859,3,2,0,1.7,7,19,114,6,10,3,0,4,1,7,0.27,0.0,0.22,4,2,0,11,0,16,23,1.7,2.29
8484,8485,872380,138,5,5,6,,7860,4,0,0,1.9,8,22,146,3,7,1,6,5,0,10,0.0,0.0,0.21,2,0,0,17,0,13,15,1.9,2.31
8485,8486,873981,76,3,1,119,,7861,10,1,0,0.4,36,7,660,1,11,20,49,16,0,11,0.07,0.0,0.03,5,1,1,31,0,1,7,0.4,0.35
8486,8487,873981,76,4,1,59,857,7862,11,0,0,0.3,17,6,594,2,25,19,87,21,1,16,0.0,0.0,0.01,9,0,0,27,0,2,4,0.3,0.2
8487,8488,873981,76,4,1,59,858,7862,11,0,0,0.3,17,6,594,2,25,19,87,21,1,16,0.0,0.0,0.01,9,0,0,27,0,2,4,0.3,0.2
8488,8489,874066,108,6,2,83,2328,7863,4,0,0,0.0,43,13,349,11,23,15,9,17,0,15,0.0,0.0,0.0,7,0,0,9,0,12,23,0.0,0.1
8489,8490,874066,108,6,2,83,2329,7863,4,0,0,0.0,43,13,349,11,23,15,9,17,0,15,0.0,0.0,0.0,7,0,0,9,0,12,23,0.0,0.1
8490,8491,876440,23,3,5,10,815,7864,13,16,3,12.5,94,45,683,38,13,13,28,32,0,27,0.44,0.08,0.35,2,19,0,65,1,36,94,8.7,1.96
8491,8492,876440,85,4,5,41,,7865,4,3,1,3.6,77,54,390,19,20,15,17,23,0,23,0.16,0.05,0.2,6,4,0,55,4,45,60,3.6,2.57
8492,8493,876440,25,6,5,75,1852,7866,6,9,3,11.9,92,83,659,37,31,11,28,15,0,24,0.4,0.13,0.53,14,12,0,41,6,42,91,7.9,3.08
8493,8494,876440,25,6,5,75,1853,7866,6,9,3,11.9,92,83,659,37,31,11,28,15,0,24,0.4,0.13,0.53,14,12,0,41,6,42,91,7.9,3.08
8494,8495,876440,25,7,4,65,2392,7867,8,4,3,2.5,32,34,208,13,7,5,6,5,0,4,0.47,0.35,0.29,1,7,0,14,5,17,24,2.5,2.11
8495,8496,876631,14,5,4,44,,7868,3,3,2,1.8,52,68,506,24,24,11,13,17,0,29,0.17,0.11,0.1,15,5,0,12,3,44,59,1.8,1.27
8496,8497,876631,14,6,4,14,,7869,4,3,1,3.4,107,59,735,21,30,17,15,23,0,33,0.12,0.04,0.13,9,4,0,14,3,62,51,2.7,1.48
8497,8498,876631,14,7,4,10,,7870,5,3,1,1.8,62,32,410,12,10,4,19,8,0,9,0.23,0.08,0.13,5,4,1,8,3,12,24,1.0,1.06
8498,8499,884072,34,5,3,1,1695,7871,7,1,0,1.1,10,27,146,7,17,1,0,6,0,15,0.2,0.0,0.23,6,1,0,3,0,28,19,1.1,2.02
8499,8500,884072,34,5,3,1,1696,7871,7,1,0,1.1,10,27,146,7,17,1,0,6,0,15,0.2,0.0,0.23,6,1,0,3,0,28,19,1.1,2.02
8500,8501,884072,34,5,3,1,1697,7871,7,1,0,1.1,10,27,146,7,17,1,0,6,0,15,0.2,0.0,0.23,6,1,0,3,0,28,19,1.1,2.02
8501,8502,884072,34,6,5,6,1884,7872,8,1,1,1.0,14,15,95,6,11,0,0,1,0,11,0.29,0.29,0.3,4,2,0,4,0,13,17,1.0,3.21
8502,8503,889683,67,1,7,3,,7873,5,1,2,2.4,102,76,1369,19,55,37,109,32,1,55,0.03,0.07,0.08,30,3,1,26,0,42,34,2.4,0.47
8503,8504,889683,67,2,1,20,,7874,6,1,1,0.4,63,44,588,12,22,9,34,13,0,23,0.09,0.09,0.04,16,2,0,9,0,39,32,0.4,0.98
8504,8505,889683,67,3,1,25,,7875,7,0,1,0.5,81,59,1061,12,26,31,53,26,0,27,0.0,0.05,0.03,19,1,0,13,0,49,30,0.5,0.77
8505,8506,889683,67,4,1,6,,7876,8,0,1,0.4,78,61,921,27,21,18,42,20,0,22,0.0,0.05,0.02,15,1,1,10,0,45,51,0.4,0.73
8506,8507,889683,67,5,1,6,,7877,9,0,3,0.5,185,110,1644,30,37,37,70,32,1,35,0.0,0.09,0.02,17,3,0,21,1,65,74,0.5,0.45
8507,8508,889683,74,6,1,67,,7878,10,1,0,0.3,57,27,455,6,14,5,23,16,0,14,0.1,0.0,0.03,10,1,1,7,0,16,19,0.3,0.4
8508,8509,890290,100,7,1,41,2370,7879,4,2,0,1.0,31,8,326,8,9,14,39,9,0,5,0.29,0.0,0.15,2,2,2,18,1,4,15,1.0,0.88
8509,8510,891091,20,6,4,44,,7880,6,3,6,3.7,73,75,512,39,37,20,12,23,0,56,0.1,0.2,0.12,13,9,0,40,4,59,79,3.7,1.39
8510,8511,891091,20,7,4,5,2456,7881,7,3,2,1.8,43,39,340,13,13,4,4,12,0,21,0.21,0.14,0.12,7,5,0,9,3,21,30,1.8,1.26
8511,8512,891998,75,5,1,58,,7882,3,0,1,0.3,21,2,262,6,22,2,16,6,0,15,0.0,0.17,0.06,9,1,0,7,0,5,17,0.3,1.39
8512,8513,891998,75,6,1,13,,7883,4,0,0,0.1,12,3,211,2,7,8,16,4,0,7,0.0,0.0,0.02,3,0,0,7,0,3,7,0.1,0.43
8513,8514,892221,15,6,2,58,,7884,4,0,1,0.3,55,16,516,15,19,2,5,7,0,20,0.0,0.12,0.04,8,1,0,2,0,15,31,0.3,1.0
8514,8515,892929,15,6,8,1,,7885,5,1,1,1.0,34,36,380,19,14,5,9,4,0,20,0.12,0.12,0.12,9,2,0,5,4,15,31,1.0,1.42
8515,8516,892929,15,7,8,29,,7886,6,3,1,1.7,39,62,615,11,23,7,22,17,0,16,0.22,0.07,0.13,9,4,1,4,0,33,32,1.7,1.41
8516,8517,892973,86,6,5,17,,7887,3,1,0,0.1,7,7,50,2,0,0,2,3,0,5,0.55,0.0,0.04,0,1,0,2,1,1,3,0.1,0.55
8517,8518,893675,1,6,2,23,,7888,6,3,1,1.6,72,28,534,12,33,15,30,26,0,22,0.2,0.07,0.11,10,4,0,17,3,28,29,1.6,1.13
8518,8519,893675,70,7,2,6,2619,7889,7,0,0,0.4,14,9,226,3,13,1,11,4,0,8,0.0,0.0,0.1,3,0,1,5,0,4,9,0.4,1.18
8519,8520,894914,93,7,8,16,2627,7890,4,2,3,0.9,37,39,274,17,21,7,8,13,0,27,0.17,0.26,0.08,12,5,0,4,7,26,28,0.9,1.45
8520,8521,900909,134,7,4,9,2471,7891,4,3,1,2.4,26,17,263,14,26,3,11,7,0,20,0.26,0.09,0.21,10,4,0,7,4,19,27,1.6,0.94
8521,8522,900909,134,7,4,9,2472,7891,4,3,1,2.4,26,17,263,14,26,3,11,7,0,20,0.26,0.09,0.21,10,4,0,7,4,19,27,1.6,0.94
8522,8523,901019,84,6,2,71,2053,7892,7,1,2,2.4,59,25,576,16,37,32,21,20,0,46,0.06,0.11,0.14,20,3,1,15,2,21,25,2.4,1.26
8523,8524,901019,84,7,2,20,,7893,8,1,0,0.5,13,3,138,3,11,2,5,7,0,14,0.31,0.0,0.17,4,1,0,5,1,3,6,0.5,1.25
8524,8525,903666,31,7,4,17,2620,7894,2,0,0,0.7,4,1,35,0,1,0,0,4,0,2,0.0,0.0,0.86,0,0,0,1,0,1,3,0.7,4.68
8525,8526,903693,90,7,8,13,,7895,3,1,0,1.5,10,4,70,4,9,2,3,5,0,6,0.47,0.0,0.69,3,1,0,0,0,1,7,1.5,4.22
8526,8527,904662,35,7,2,27,,7896,7,0,0,0.3,20,8,207,8,15,6,10,4,0,9,0.0,0.0,0.05,4,0,0,3,2,2,13,0.3,1.67
8527,8528,905997,15,7,5,44,,7897,8,2,1,1.2,8,9,70,5,3,3,3,1,0,5,0.55,0.27,0.33,2,3,0,1,0,5,9,1.2,1.91
8528,8529,907813,96,5,4,34,,7898,4,0,0,1.2,15,9,128,6,10,4,2,1,0,7,0.0,0.0,0.31,2,0,0,4,1,8,11,1.2,2.25
8529,8530,911328,115,6,2,28,1947,7899,6,0,0,1.2,60,14,349,13,39,12,13,22,1,34,0.0,0.0,0.08,17,0,0,21,1,13,31,1.2,0.91
8530,8531,913495,49,6,8,13,,7900,3,1,1,0.1,3,1,31,2,2,1,3,6,0,3,0.83,0.83,0.07,1,2,0,0,0,2,2,0.1,0.83
8531,8532,914562,12,5,4,29,,7901,2,3,1,1.6,57,39,351,15,37,13,3,17,0,32,0.24,0.08,0.13,13,4,0,10,3,33,35,1.6,1.7
8532,8533,914562,12,6,4,16,,7902,3,4,4,2.4,121,78,576,31,32,14,8,30,0,33,0.22,0.22,0.13,10,8,0,6,6,73,88,2.4,1.88
8533,8534,914562,90,7,3,11,2429,7903,4,1,2,1.6,35,42,259,18,8,3,4,5,0,13,0.15,0.31,0.24,3,3,0,2,3,20,35,1.6,3.83
8534,8535,916920,103,6,5,27,1702,7904,8,1,0,0.6,8,17,77,2,11,0,2,6,0,5,0.24,0.0,0.14,2,1,0,5,0,4,9,0.6,1.93
8535,8536,916920,103,7,4,3,,7905,9,4,0,2.5,8,13,92,6,12,1,3,9,0,11,0.71,0.0,0.44,7,4,2,2,1,9,16,2.5,1.96
8536,8537,917375,110,7,1,35,,7906,7,1,0,0.6,22,16,205,2,12,5,31,8,0,7,0.15,0.0,0.09,6,1,0,15,0,8,6,0.6,0.76
8537,8538,918969,26,6,2,34,,7907,4,1,4,2.2,97,23,715,41,62,28,34,35,0,49,0.04,0.16,0.09,24,5,0,11,1,35,70,1.4,1.16
8538,8539,918969,13,7,2,20,2430,7908,5,2,2,1.0,58,11,504,17,41,18,11,20,1,30,0.19,0.19,0.1,17,4,1,7,1,8,36,1.0,1.17
8539,8540,919620,26,6,8,46,,7909,3,0,0,0.2,22,6,173,2,11,11,15,11,0,9,0.0,0.0,0.02,1,0,1,6,1,12,3,0.2,0.48
8540,8541,922693,88,7,7,37,2338,7910,3,0,0,0.0,11,1,275,0,7,4,7,8,0,6,0.0,0.0,0.01,2,0,2,3,0,1,1,0.0,0.27
8541,8542,922769,83,6,2,28,,7911,2,1,3,1.2,53,14,441,12,33,8,18,20,0,32,0.07,0.22,0.09,15,4,2,11,4,7,31,1.2,0.97
8542,8543,923831,31,6,1,20,,7912,2,2,0,1.5,68,8,1731,2,36,36,97,20,0,31,0.07,0.0,0.05,17,2,1,44,0,7,15,1.5,0.47
8543,8544,924800,61,5,5,1,1362,7913,3,0,0,0.2,4,2,19,2,2,0,0,0,0,1,0.0,0.0,0.22,0,0,0,7,0,3,3,0.2,1.32
8544,8545,924800,61,5,5,1,1363,7913,3,0,0,0.2,4,2,19,2,2,0,0,0,0,1,0.0,0.0,0.22,0,0,0,7,0,3,3,0.2,1.32
8545,8546,926952,115,6,7,29,2046,7914,3,2,0,2.0,49,37,582,18,43,9,45,16,0,34,0.12,0.0,0.11,22,2,2,27,0,34,40,2.0,1.04
8546,8547,926952,115,7,9,5,2690,7915,5,3,0,3.0,37,46,410,11,30,13,32,16,1,30,0.19,0.0,0.19,16,3,2,24,2,30,40,3.0,2.01
8547,8548,928323,12,5,5,34,1698,7916,5,0,0,0.3,14,13,94,6,8,2,0,3,0,15,0.0,0.0,0.1,2,0,0,2,0,11,12,0.3,2.38
8548,8549,928323,12,6,5,23,,7917,6,4,1,3.1,18,15,177,5,15,10,5,4,0,18,0.69,0.17,0.54,11,5,0,4,1,17,17,3.1,2.92
8549,8550,928323,61,7,3,14,2621,7918,8,1,1,0.6,5,15,76,6,3,1,0,2,0,5,0.28,0.28,0.16,1,2,0,1,0,8,11,0.6,3.4
8550,8551,931838,7,6,2,21,2292,7919,4,2,1,1.3,68,26,835,10,32,29,30,34,0,28,0.1,0.05,0.06,15,3,1,9,1,19,25,1.3,0.48
8551,8552,931838,7,7,2,49,,7920,5,2,0,2.2,46,6,390,8,16,14,16,17,0,25,0.19,0.0,0.2,11,2,1,6,0,9,22,2.2,0.74
8552,8553,937941,43,7,3,28,2508,7921,7,7,2,7.8,13,19,98,13,6,0,6,11,0,5,0.56,0.16,0.63,2,9,0,52,1,17,26,7.1,3.47
8553,8554,937958,24,6,3,26,,7922,1,5,5,5.2,80,123,903,38,61,19,11,32,0,48,0.2,0.2,0.21,18,10,0,2,6,78,108,5.2,2.37
8554,8555,937958,24,7,3,18,,7923,2,5,9,4.8,77,77,445,29,22,9,3,7,0,13,0.35,0.64,0.34,6,14,0,0,13,36,80,4.8,3.81
8555,8556,943837,24,6,3,24,1706,7924,3,2,0,2.5,2,12,49,1,3,0,5,3,1,2,0.55,0.0,0.7,0,2,0,3,0,6,4,2.5,3.57
8556,8557,943837,80,7,3,43,,7925,4,4,0,5.8,10,19,103,9,6,5,3,4,0,3,0.37,0.0,0.53,0,4,0,9,1,12,26,5.8,3.4
8557,8558,944570,68,7,4,27,2332,7926,3,0,0,0.0,1,0,12,0,2,0,0,0,0,1,0.0,0.0,0.09,0,0,0,2,0,1,2,0.0,3.6
8558,8559,947360,13,6,6,29,1948,7927,3,1,0,1.3,22,32,213,6,17,13,20,11,0,20,0.14,0.0,0.18,9,1,0,16,0,17,14,1.3,1.13
8559,8560,947360,13,7,6,6,,7928,5,0,1,0.2,13,12,124,3,8,4,1,4,0,12,0.0,0.33,0.05,4,1,0,2,0,2,5,0.2,0.66
8560,8561,947431,53,1,1,38,,7929,13,0,0,1.0,81,23,1070,5,27,28,65,18,0,22,0.0,0.0,0.05,10,0,2,51,0,9,21,1.0,0.45
8561,8562,947431,53,2,7,21,,7930,14,4,2,1.3,108,18,1113,14,38,35,63,28,1,41,0.15,0.07,0.05,13,6,3,76,1,12,36,1.3,0.59
8562,8563,947431,53,4,8,23,,7931,16,0,0,0.4,23,2,354,3,18,10,25,10,0,16,0.0,0.0,0.05,9,0,2,21,1,1,11,0.4,0.61
8563,8564,947431,129,5,1,40,,7932,17,3,1,1.5,54,18,1082,8,31,14,64,29,0,27,0.16,0.05,0.08,19,4,1,29,0,5,11,1.5,0.6
8564,8565,947431,129,6,1,3,1997,7933,18,3,0,2.1,54,15,1468,4,33,20,63,28,0,22,0.14,0.0,0.1,17,3,4,32,0,9,13,1.9,0.73
8565,8566,947431,129,6,1,3,1998,7933,18,3,0,2.1,54,15,1468,4,33,20,63,28,0,22,0.14,0.0,0.1,17,3,4,32,0,9,13,1.9,0.73
8566,8567,947431,129,7,1,1,2481,7934,20,1,0,0.5,71,10,1237,2,19,10,62,16,0,23,0.06,0.0,0.03,13,1,1,20,0,9,14,0.5,0.49
8567,8568,947431,129,7,1,1,2482,7934,20,1,0,0.5,71,10,1237,2,19,10,62,16,0,23,0.06,0.0,0.03,13,1,1,20,0,9,14,0.5,0.49
8568,8569,948275,97,7,3,33,2745,7935,5,2,0,0.6,6,1,63,3,5,3,9,18,0,5,0.37,0.0,0.11,2,2,0,49,0,6,6,0.6,2.4
8569,8570,948275,97,7,3,33,2746,7935,5,2,0,0.6,6,1,63,3,5,3,9,18,0,5,0.37,0.0,0.11,2,2,0,49,0,6,6,0.6,2.4
8570,8571,953901,95,7,1,13,2483,7936,7,0,0,0.2,21,9,204,4,15,11,28,6,0,15,0.0,0.0,0.03,8,0,0,9,0,3,4,0.2,0.43
8571,8572,955070,34,6,5,6,2249,7937,4,3,2,4.0,74,105,535,29,28,8,9,15,0,38,0.15,0.1,0.2,12,5,0,10,0,66,73,4.0,2.11
8572,8573,955070,34,6,5,6,2250,7937,4,3,2,4.0,74,105,535,29,28,8,9,15,0,38,0.15,0.1,0.2,12,5,0,10,0,66,73,4.0,2.11
8573,8574,955070,34,6,5,6,2251,7937,4,3,2,4.0,74,105,535,29,28,8,9,15,0,38,0.15,0.1,0.2,12,5,0,10,0,66,73,4.0,2.11
8574,8575,955070,34,7,5,10,2622,7938,6,0,0,0.9,13,24,124,5,9,2,3,2,0,11,0.0,0.0,0.24,7,0,0,3,1,7,17,0.9,2.6
8575,8576,955357,3,6,5,29,,7939,2,5,3,3.5,12,10,216,11,7,10,5,6,0,9,0.42,0.25,0.29,1,8,0,8,3,13,20,3.5,1.83
8576,8577,957874,27,1,4,23,,7940,16,1,2,1.7,43,52,484,24,26,18,20,16,1,17,0.07,0.13,0.11,7,3,0,4,0,37,44,0.9,0.8
8577,8578,971570,19,7,3,54,2509,7941,3,1,0,0.7,4,5,24,0,0,1,0,0,0,1,0.99,0.0,0.63,0,1,0,2,0,3,3,0.7,9.89
8578,8579,973085,31,5,2,58,,7942,3,0,0,0.5,33,16,249,2,13,1,3,13,1,14,0.0,0.0,0.09,9,0,2,7,0,16,11,0.5,2.26
8579,8580,973085,25,7,2,42,,7943,5,2,1,1.0,58,22,421,11,30,23,7,17,1,29,0.18,0.09,0.1,18,3,0,15,3,21,27,1.0,1.82
8580,8581,973703,38,6,4,20,2325,7944,8,0,0,0.4,8,6,47,2,8,0,2,2,0,7,0.0,0.0,0.18,4,0,0,0,0,4,5,0.4,1.9
8581,8582,973703,38,6,4,20,2326,7944,8,0,0,0.4,8,6,47,2,8,0,2,2,0,7,0.0,0.0,0.18,4,0,0,0,0,4,5,0.4,1.9
8582,8583,973703,38,7,4,25,2664,7945,9,1,2,0.6,7,5,87,5,6,1,6,4,0,8,0.23,0.47,0.15,3,3,0,2,1,4,11,0.6,1.63
8583,8584,977464,9,6,1,9,1958,7946,5,0,2,0.1,7,8,88,5,4,0,7,1,0,2,0.0,0.98,0.04,2,2,0,2,0,6,7,0.1,0.98
8584,8585,980576,66,5,5,44,1339,7947,7,3,1,3.0,21,35,236,9,11,10,2,8,0,12,0.22,0.07,0.22,2,4,0,8,2,19,27,3.0,1.8
8585,8586,980576,1,7,3,28,2484,7948,9,0,0,0.4,7,10,42,2,2,0,0,2,0,3,0.0,0.0,0.13,0,0,0,1,0,7,6,0.4,2.24
8586,8587,982267,69,5,2,1,,7949,4,0,0,0.3,18,4,133,5,19,14,15,8,0,12,0.0,0.0,0.05,6,0,0,10,0,7,13,0.3,1.24
8587,8588,982267,23,6,2,17,1796,7950,5,2,0,0.8,27,15,361,4,36,7,23,24,0,27,0.13,0.0,0.05,17,2,0,13,0,9,20,0.8,0.87
8588,8589,982393,82,6,7,58,,7951,4,1,1,0.4,26,24,326,4,29,8,27,17,1,34,0.09,0.09,0.03,17,2,0,10,1,27,11,0.4,0.55
8589,8590,982393,82,7,1,27,,7952,5,0,0,0.0,11,6,97,1,4,1,8,1,0,5,0.0,0.0,0.0,1,0,0,3,0,4,1,0.0,0.36
8590,8591,983989,25,5,5,103,1231,7953,2,1,1,1.4,13,9,157,6,2,4,3,5,0,22,0.16,0.16,0.22,1,2,0,2,0,5,14,1.4,1.75
8591,8592,983989,25,6,5,5,,7954,3,3,1,2.4,42,23,404,18,42,8,5,22,0,44,0.2,0.07,0.16,14,4,0,6,1,25,38,2.4,1.39
8592,8593,983989,57,7,4,10,2395,7955,5,4,2,3.2,33,27,257,19,27,7,7,24,0,44,0.39,0.2,0.31,12,6,0,8,6,17,37,3.2,2.15
8593,8594,983989,57,7,4,10,2396,7955,5,4,2,3.2,33,27,257,19,27,7,7,24,0,44,0.39,0.2,0.31,12,6,0,8,6,17,37,3.2,2.15
8594,8595,1004741,55,1,3,26,,7956,16,8,2,5.3,94,63,937,28,27,18,8,13,0,35,0.4,0.1,0.27,9,10,1,8,7,53,81,5.3,2.89
8595,8596,1004741,5,3,4,5,,7957,18,5,2,4.2,65,50,479,29,22,9,2,10,1,35,0.28,0.11,0.25,7,7,1,3,11,45,71,4.2,2.43
8596,8597,1004741,6,4,3,5,,7958,19,9,4,4.7,102,84,785,29,36,6,8,18,0,47,0.4,0.18,0.21,16,13,0,3,3,50,64,4.7,1.59
8597,8598,1004741,6,5,3,41,,7959,20,4,3,3.4,52,64,771,23,35,6,4,18,0,30,0.19,0.14,0.16,11,7,1,1,2,42,53,3.4,1.99
8598,8599,1004741,6,6,5,42,1950,7960,21,1,1,1.5,33,31,357,17,16,3,1,16,0,12,0.11,0.11,0.17,3,2,0,2,2,30,27,1.5,1.21
8599,8600,1004741,6,7,5,13,,7961,22,3,0,1.3,28,15,186,8,9,1,2,4,0,9,0.58,0.0,0.25,5,3,0,1,5,8,21,1.3,1.73
8600,8601,1004834,13,7,3,41,2473,7962,3,1,2,3.3,5,7,55,7,1,1,0,0,0,1,0.16,0.33,0.54,0,3,0,13,1,4,11,3.3,2.14
8601,8602,1005240,103,6,1,46,,7963,3,2,0,1.0,39,26,511,3,22,22,41,22,0,23,0.16,0.0,0.08,9,2,1,19,0,25,15,1.0,0.4
8602,8603,1005649,131,6,1,2,1959,7964,6,0,2,1.8,89,22,1123,7,50,37,188,41,0,33,0.0,0.06,0.06,19,2,0,38,6,14,30,1.8,0.55
8603,8604,1005649,131,7,1,26,,7965,7,1,0,1.0,49,11,539,10,21,13,102,31,0,23,0.06,0.0,0.06,12,1,1,18,5,15,23,1.0,0.84
8604,8605,1011200,14,6,4,28,1949,7966,5,1,1,1.4,56,28,416,13,40,18,19,20,0,24,0.06,0.06,0.09,12,2,0,12,5,20,32,1.4,1.24
8605,8606,1012534,25,7,5,5,2405,7967,5,2,1,1.2,13,24,104,10,9,3,5,10,0,12,0.34,0.17,0.21,4,3,0,7,1,9,20,1.2,1.51
8606,8607,1018259,34,6,3,21,1805,7968,6,1,0,1.1,6,8,73,0,4,1,2,2,0,4,0.19,0.0,0.21,1,1,1,3,0,4,8,1.1,1.52
8607,8608,1018259,34,7,9,16,2623,7969,7,2,0,1.2,2,1,22,1,0,0,0,0,0,1,0.97,0.0,0.59,0,2,0,1,0,0,2,1.2,1.94
8608,8609,1028162,132,6,5,2,,7970,5,0,2,1.1,22,35,184,9,20,7,5,11,0,21,0.0,0.23,0.13,11,2,0,10,0,21,31,1.1,2.31
8609,8610,1028162,132,7,4,74,2431,7971,6,0,0,0.3,4,18,51,4,6,3,3,8,0,4,0.0,0.0,0.08,2,0,0,2,1,9,12,0.3,1.53
8610,8611,1028162,132,7,4,74,2432,7971,6,0,0,0.3,4,18,51,4,6,3,3,8,0,4,0.0,0.0,0.08,2,0,0,2,1,9,12,0.3,1.53
8611,8612,1028162,132,7,4,74,2433,7971,6,0,0,0.3,4,18,51,4,6,3,3,8,0,4,0.0,0.0,0.08,2,0,0,2,1,9,12,0.3,1.53
8612,8613,1033005,97,7,5,103,2747,7972,7,0,0,0.2,1,13,33,2,7,2,2,3,0,7,0.0,0.0,0.07,1,0,0,3,1,7,7,0.2,2.45
8613,8614,1047097,90,7,1,2,,7973,3,0,0,0.1,8,4,152,1,4,2,2,2,0,3,0.0,0.0,0.03,2,0,0,1,0,1,1,0.1,0.56
8614,8615,1058368,51,7,5,41,,7974,1,0,0,0.2,0,1,23,1,2,0,3,0,0,3,0.0,0.0,0.18,1,0,0,3,0,0,1,0.2,1.71
8615,8616,1061282,80,6,3,34,,7975,2,2,0,2.5,20,33,200,10,20,7,7,22,0,17,0.17,0.0,0.21,6,2,0,14,0,25,23,2.5,1.8
8616,8617,1061282,80,7,3,5,2725,7976,4,1,2,0.8,1,9,49,8,5,0,3,3,0,9,0.32,0.65,0.26,4,3,0,8,0,3,7,0.8,2.27
8617,8618,1063553,43,7,4,44,2748,7977,4,1,0,0.4,6,9,46,3,3,0,1,3,0,2,0.89,0.0,0.37,2,1,1,1,1,8,8,0.4,2.67
8618,8619,1063553,43,7,4,44,2749,7977,4,1,0,0.4,6,9,46,3,3,0,1,3,0,2,0.89,0.0,0.37,2,1,1,1,1,8,8,0.4,2.67
8619,8620,1064403,50,1,5,9,,7978,10,4,2,4.2,37,67,314,20,22,19,30,24,0,25,0.2,0.1,0.22,4,6,0,2,1,33,45,4.2,1.38
8620,8621,1064403,50,4,5,112,,7979,13,7,4,5.3,86,124,640,43,42,42,24,27,0,35,0.21,0.12,0.16,8,11,0,5,2,49,91,5.3,2.04
8621,8622,1064403,50,5,5,9,,7980,14,5,5,3.6,71,116,664,48,49,34,24,41,0,33,0.16,0.16,0.11,11,10,1,12,1,28,95,3.6,1.63
8622,8623,1064403,50,6,5,6,,7981,15,6,1,6.2,63,56,518,39,34,36,33,35,1,34,0.22,0.04,0.22,7,7,0,14,1,21,79,6.2,1.64
8623,8624,1064403,50,7,5,14,,7982,17,2,0,2.6,36,30,239,21,23,17,22,14,0,16,0.17,0.0,0.22,8,2,1,4,1,10,50,2.6,1.86
8624,8625,1064871,95,6,5,89,,7983,5,0,0,0.6,6,3,29,2,3,1,4,1,0,2,0.0,0.0,0.22,1,0,0,17,0,0,6,0.6,3.58
8625,8626,1068110,82,7,2,34,2434,7984,4,1,0,0.7,22,12,186,4,29,12,10,9,0,24,0.12,0.0,0.08,12,1,0,9,2,9,11,0.7,1.12
8626,8627,1068110,82,7,2,34,2435,7984,4,1,0,0.7,22,12,186,4,29,12,10,9,0,24,0.12,0.0,0.08,12,1,0,9,2,9,11,0.7,1.12
8627,8628,1071956,66,7,1,29,2485,7985,4,1,0,0.7,7,0,235,0,14,6,37,11,0,14,0.12,0.0,0.09,9,1,0,10,0,0,1,0.7,0.37
8628,8629,1074917,105,1,6,23,,7986,9,3,6,1.6,98,48,845,47,51,29,86,23,0,52,0.1,0.2,0.05,23,9,0,16,2,37,83,1.6,0.77
8629,8630,1074917,105,2,1,23,,7987,10,1,2,1.3,100,50,931,30,60,34,46,12,1,52,0.03,0.06,0.04,27,3,0,39,1,42,62,1.3,0.65
8630,8631,1074917,97,4,6,3,,7988,12,0,0,0.0,11,5,62,2,10,3,7,4,0,12,0.0,0.0,0.01,7,0,0,1,0,4,3,0.0,0.4
8631,8632,1076815,15,7,1,46,,7989,6,1,2,0.4,52,14,679,6,25,19,44,13,0,22,0.08,0.16,0.03,14,3,0,20,1,11,15,0.4,0.39
8632,8633,1081219,82,6,3,58,,7990,2,1,0,0.3,2,7,25,3,3,0,0,3,0,1,1.02,0.0,0.27,1,1,0,0,0,6,7,0.3,3.07
8633,8634,1083070,21,3,10,123,,7991,12,1,0,0.1,1,0,1000,0,3,2,26,0,0,4,0.03,0.0,0.0,3,1,7,12,0,0,5,0.1,0.03
8634,8635,1089202,75,7,1,40,2738,7992,9,0,0,0.6,46,14,653,1,17,9,67,18,1,21,0.0,0.0,0.05,14,0,1,20,1,4,8,0.6,0.31
8635,8636,1097139,31,7,2,6,,7993,2,0,1,0.0,20,5,235,4,23,6,4,4,0,13,0.0,0.17,0.01,7,1,0,2,1,2,8,0.0,0.17
8636,8637,1099726,26,6,3,58,,7994,4,2,1,2.6,30,25,167,12,18,11,16,11,0,21,0.2,0.1,0.26,7,3,0,30,2,18,20,2.6,1.32
8637,8638,1111776,26,6,4,58,,7995,3,1,0,0.7,7,6,37,1,6,1,2,3,0,2,0.7,0.0,0.49,2,1,0,1,0,2,2,0.7,1.41
8638,8639,1178474,1,6,2,103,,7996,3,0,0,0.3,28,2,204,3,13,10,10,8,1,10,0.0,0.0,0.05,6,0,0,12,0,5,6,0.3,1.14
8639,8640,1178474,1,7,2,29,,7997,4,0,0,0.1,32,11,219,2,21,6,7,9,1,13,0.0,0.0,0.02,10,0,0,4,0,4,10,0.1,0.97
8640,8641,1178475,3,6,3,44,,7998,6,8,3,6.4,16,25,185,14,14,2,3,7,0,10,0.63,0.24,0.51,4,11,0,23,0,22,32,5.6,2.93
8641,8642,1185888,90,7,5,3,,7999,1,0,0,0.3,3,3,30,0,0,0,0,0,0,3,0.0,0.0,0.27,0,0,0,0,0,5,1,0.3,2.07
8642,8643,1255616,97,7,4,34,,8000,4,0,0,0.2,3,3,25,4,4,0,0,2,0,6,0.0,0.0,0.22,1,0,0,1,0,3,6,0.2,5.22
