"player_id","Name","Role","Season","season_id","Competition","rpi_score","rpi_rank","rpi_rownum","market_id","Market_Value","Value_Tier"
142310,"Willy Boly","Defender",2018,1,"Premier League","97.32","1","1",9,"5000000","Medium"
32113,"Armando Izzo","Defender",2018,1,"Serie A","95.35","2","2",57,"8500000","Medium"
28984,"Sol Bamba","Defender",2018,1,"Premier League","95.28","3","3",13,"1000000","Low"
60990,"Bruno Ecuele Manga","Defender",2018,1,"Premier League","94.22","4","4",23,"3000000","Low"
199704,"Yunis Abdelhamid","Defender",2018,1,"Ligue 1","92.27","5","5",17,"1500000","Low"
88590,"Shkodran Mustafi","Defender",2018,1,"Premier League","91.84","6","6",49,"28000000","High"
57842,"Christopher Schindler","Defender",2018,1,"Premier League","91.11","7","7",23,"3000000","Low"
173504,"James Tarkowski","Defender",2018,1,"Premier League","90.96","8","8",6,"6000000","Medium"
272622,"Issa Diop","Defender",2018,1,"Premier League","90.88","9","9",16,"15000000","Medium"
113133,"Germán Pezzella","Defender",2018,1,"Serie A","90.28","10","10",47,"13000000","Medium"
126664,"Lucas Digne","Defender",2018,1,"Premier League","89.09","11","11",37,"16000000","Medium"
74810,"Ben Mee","Defender",2018,1,"Premier League","88.99","12","12",20,"8000000","Medium"
126534,"Salif Sané","Defender",2018,1,"Bundesliga","88.76","13","13",37,"16000000","Medium"
22386,"Daniel Congré","Defender",2018,1,"Ligue 1","88.59","14","14",13,"1000000","Low"
221150,"Djené","Defender",2018,1,"La Liga","88.51","15","15",32,"7500000","Medium"
341710,"William","Defender",2018,1,"Bundesliga","88.41","16","16",14,"4000000","Low"
79510,"Thiago Cionek","Defender",2018,1,"Serie A","88.28","17","17",30,"800000","Low"
255488,"Yeray Álvarez","Defender",2018,1,"La Liga","87.93","18","18",32,"7500000","Medium"
44136,"Domenico Criscito","Defender",2018,1,"Serie A","87.75","19","19",14,"4000000","Low"
154199,"Wesley Lautoa","Defender",2018,1,"Ligue 1","87.27","20","20",3,"2000000","Low"
158863,"Iñigo Martínez","Defender",2018,1,"La Liga","87.15","21","21",26,"25000000","High"
135343,"Fabian Schär","Defender",2018,1,"Premier League","87.07","22","22",23,"3000000","Low"
413507,"Nikola Milenković","Defender",2018,1,"Serie A","86.89","23","23",21,"9000000","Medium"
67546,"Jorge Pulido","Defender",2018,1,"La Liga","86.84","24","24",27,"600000","Low"
102423,"Leandro Cabrera","Defender",2018,1,"La Liga","86.06","25","25",27,"600000","Low"
193004,"Waldemar Anton","Defender",2018,1,"Bundesliga","86.01","26","26",41,"10000000","Medium"
177046,"Rubén Duarte","Defender",2018,1,"La Liga","85.20","27","27",13,"1000000","Low"
411975,"Jules Koundé","Defender",2018,1,"Ligue 1","85.08","28","28",13,"1000000","Low"
60632,"Theodor Gebre Selassie","Defender",2018,1,"Bundesliga","84.67","29","29",28,"2500000","Low"
67252,"Ryan Bennett","Defender",2018,1,"Premier League","84.29","30","30",28,"2500000","Low"
190338,"Anthony Briançon","Defender",2018,1,"Ligue 1","83.99","31","31",23,"3000000","Low"
357884,"Fernando Calero","Defender",2018,1,"La Liga","83.66","32","32",44,"300000","Low"
115333,"Juanpe","Defender",2018,1,"La Liga","83.56","33","33",28,"2500000","Low"
124410,"Rani Khedira","Defender",2018,1,"Bundesliga","82.58","34","34",33,"3500000","Low"
241229,"Jordan Amavi","Defender",2018,1,"Ligue 1","82.05","35","35",16,"15000000","Medium"
57500,"César Azpilicueta","Defender",2018,1,"Premier League","81.79","36","36",22,"35000000","High"
93128,"Kalidou Koulibaly","Defender",2018,1,"Serie A","81.52","37","37",8,"50000000","High"
54928,"Diego Godín","Defender",2018,1,"La Liga","81.49","38","38",22,"35000000","High"
243028,"Jan Bednarek","Defender",2018,1,"Premier League","81.16","39","39",9,"5000000","Medium"
51667,"Kiko Olivas","Defender",2018,1,"La Liga","81.06","40","40",13,"1000000","Low"
316125,"Ben Chilwell","Defender",2018,1,"Premier League","80.98","41","41",23,"3000000","Low"
131075,"Francesco Acerbi","Defender",2018,1,"Serie A","80.45","42","42",41,"10000000","Medium"
177476,"Nathan Aké","Defender",2018,1,"Premier League","80.43","43","43",16,"15000000","Medium"
357119,"Ibrahima Konaté","Defender",2018,1,"Bundesliga","80.43","44","44",25,"7000000","Medium"
148153,"Lewis Dunk","Defender",2018,1,"Premier League","80.33","45","45",25,"7000000","Medium"
22390,"Loïc Perrin","Defender",2018,1,"Ligue 1","80.13","46","46",14,"4000000","Low"
394327,"Boubacar Kamara","Defender",2018,1,"Ligue 1","80.08","47","47",33,"3500000","Low"
67090,"Dídac Vilà","Defender",2018,1,"La Liga","79.47","48","48",13,"1000000","Low"
279079,"Lukas Mühl","Defender",2018,1,"Bundesliga","79.44","49","49",61,"750000","Low"
90836,"Steve Cook","Defender",2018,1,"Premier League","79.07","50","50",25,"7000000","Medium"
79723,"Sean Morrison","Defender",2018,1,"Premier League","79.04","51","51",9,"5000000","Medium"
59606,"Craig Cathcart","Defender",2018,1,"Premier League","78.61","52","52",14,"4000000","Low"
59699,"Simone Iacoponi","Defender",2018,1,"Serie A","78.54","53","53",27,"600000","Low"
16136,"Dante","Defender",2018,1,"Ligue 1","78.18","54","54",3,"2000000","Low"
160182,"José Ángel","Defender",2018,1,"La Liga","77.60","55","55",1,"100000","Low"
284732,"Ramy Bensebaini","Defender",2018,1,"Ligue 1","77.37","56","56",25,"7000000","Medium"
99331,"Jannik Vestergaard","Defender",2018,1,"Premier League","77.05","57","57",24,"14000000","Medium"
171399,"Nicola Murru","Defender",2018,1,"Serie A","76.59","58","58",14,"4000000","Low"
38410,"Daniel Caligiuri","Defender",2018,1,"Bundesliga","76.41","59","59",32,"7500000","Medium"
296359,"Félix Eboa Eboa","Defender",2018,1,"Ligue 1","76.36","60","60",3,"2000000","Low"
183647,"Álvaro González","Defender",2018,1,"La Liga","76.34","61","61",32,"7500000","Medium"
242940,"Edoardo Goldaniga","Defender",2018,1,"Serie A","76.34","62","63",23,"3000000","Low"
242940,"Edoardo Goldaniga","Defender",2018,1,"Serie A","76.34","62","62",23,"3000000","Low"
242940,"Edoardo Goldaniga","Defender",2018,1,"Serie A","76.34","62","63",23,"3000000","Low"
242940,"Edoardo Goldaniga","Defender",2018,1,"Serie A","76.34","62","62",23,"3000000","Low"
196357,"Jonathan Tah","Defender",2018,1,"Bundesliga","76.31","64","64",43,"30000000","High"
46552,"Kamil Glik","Defender",2018,1,"Ligue 1","76.26","65","65",11,"20000000","High"
355915,"Cristian Romero","Defender",2018,1,"Serie A","76.21","66","66",61,"750000","Low"
249730,"Guillermo Maripán","Defender",2018,1,"La Liga","75.96","67","67",17,"1500000","Low"
125020,"José Luis Palomino","Defender",2018,1,"Serie A","75.86","68","68",32,"7500000","Medium"
139208,"Virgil van Dijk","Defender",2018,1,"Premier League","75.83","69","69",8,"50000000","High"
110036,"Dominique Heintz","Defender",2018,1,"Bundesliga","75.58","70","70",32,"7500000","Medium"
192635,"Nico Elvedi","Defender",2018,1,"Bundesliga","75.35","71","71",16,"15000000","Medium"
201737,"Christopher Jullien","Defender",2018,1,"Ligue 1","74.82","72","72",6,"6000000","Medium"
229804,"Aritz Elustondo","Defender",2018,1,"La Liga","74.70","73","73",28,"2500000","Low"
344072,"Kelvin Amian","Defender",2018,1,"Ligue 1","73.51","74","74",9,"5000000","Medium"
139279,"Nicolas Pallois","Defender",2018,1,"Ligue 1","73.36","75","75",33,"3500000","Low"
11111,"Ramiro Funes Mori","Defender",2018,1,"La Liga","72.88","76","76",5,"12000000","Medium"
83002,"Hiroki Sakai","Defender",2018,1,"Ligue 1","72.73","77","77",33,"3500000","Low"
18944,"Gerard Piqué","Defender",2018,1,"La Liga","72.40","78","78",7,"40000000","High"
45314,"Federico Fazio","Defender",2018,1,"Serie A","72.37","79","79",47,"13000000","Medium"
124555,"Cristiano Biraghi","Defender",2018,1,"Serie A","72.02","80","80",9,"5000000","Medium"
29993,"Sven Bender","Defender",2018,1,"Bundesliga","71.97","81","82",16,"15000000","Medium"
57370,"Damien Da Silva","Defender",2018,1,"Ligue 1","71.97","81","81",33,"3500000","Low"
189458,"Emiliano Velázquez","Defender",2018,1,"La Liga","71.92","83","83",13,"1000000","Low"
79960,"Alex Sandro","Defender",2018,1,"Serie A","71.79","84","84",8,"50000000","High"
90964,"Joe Bennett","Defender",2018,1,"Premier League","71.72","85","85",3,"2000000","Low"
157509,"Kurt Zouma","Defender",2018,1,"Premier League","71.69","86","87",16,"15000000","Medium"
157509,"Kurt Zouma","Defender",2018,1,"Premier League","71.69","86","87",16,"15000000","Medium"
157509,"Kurt Zouma","Defender",2018,1,"Premier League","71.69","86","86",16,"15000000","Medium"
157509,"Kurt Zouma","Defender",2018,1,"Premier League","71.69","86","86",16,"15000000","Medium"
119269,"Shane Duffy","Defender",2018,1,"Premier League","71.39","88","89",20,"8000000","Medium"
156808,"Unai Bustinza","Defender",2018,1,"La Liga","71.39","88","88",30,"800000","Low"
20007,"Pablo Zabaleta","Defender",2018,1,"Premier League","71.36","90","90",9,"5000000","Medium"
61812,"Yuri Berchiche","Defender",2018,1,"La Liga","70.68","91","92",16,"15000000","Medium"
297070,"Hamari Traoré","Defender",2018,1,"Ligue 1","70.68","91","91",14,"4000000","Low"
193098,"Álex Moreno","Defender",2018,1,"La Liga","70.56","93","93",30,"800000","Low"
82350,"Stefan Bell","Defender",2018,1,"Bundesliga","70.45","94","94",6,"6000000","Medium"
76746,"Damián Suárez","Defender",2018,1,"La Liga","70.40","95","95",28,"2500000","Low"
353366,"Benjamin Pavard","Defender",2018,1,"Bundesliga","70.28","96","96",26,"25000000","High"
568158,"Javi López","Defender",2018,1,"La Liga","69.85","97","97",13,"1000000","Low"
83132,"Vincent Manceau","Defender",2018,1,"Ligue 1","69.70","98","98",3,"2000000","Low"
220878,"Issiaga Sylla","Defender",2018,1,"Ligue 1","69.62","99","99",23,"3000000","Low"
228917,"Jorge Miramón","Defender",2018,1,"La Liga","69.32","100","100",2,"500000","Low"
183318,"Jamaal Lascelles","Defender",2018,1,"Premier League","69.24","101","101",25,"7000000","Medium"
324282,"Fabio Depaoli","Defender",2018,1,"Serie A","69.04","102","102",40,"1800000","Low"
46741,"David Luiz","Defender",2018,1,"Premier League","68.94","103","103",49,"28000000","High"
80293,"Aïssa Mandi","Defender",2018,1,"La Liga","68.71","104","104",6,"6000000","Medium"
176553,"Aymeric Laporte","Defender",2018,1,"Premier League","68.64","105","105",26,"25000000","High"
72792,"Niko Gießelmann","Defender",2018,1,"Bundesliga","68.26","106","106",13,"1000000","Low"
256448,"Gianluca Mancini","Defender",2018,1,"Serie A","68.08","107","107",3,"2000000","Low"
169880,"Giovanni Di Lorenzo","Defender",2018,1,"Serie A","68.06","108","108",17,"1500000","Low"
165873,"Federico Barba","Defender",2018,1,"Serie A","67.83","109","109",17,"1500000","Low"
260827,"Joachim Andersen","Defender",2018,1,"Serie A","67.22","110","110",17,"1500000","Low"
197747,"Alessio Romagnoli","Defender",2018,1,"Serie A","66.14","111","113",22,"35000000","High"
106405,"Jeffrey Gouweleeuw","Defender",2018,1,"Bundesliga","66.14","111","112",20,"8000000","Medium"
719646,"Bernardo","Defender",2018,1,"Premier League","66.14","111","111",6,"6000000","Medium"
192492,"Jordan Lefort","Defender",2018,1,"Ligue 1","65.86","114","114",71,"700000","Low"
410059,"Bakaye Dibassy","Defender",2018,1,"Ligue 1","65.81","115","115",3,"2000000","Low"
61592,"James Tomkins","Defender",2018,1,"Premier League","65.76","116","116",25,"7000000","Medium"
84085,"Timothée Kolodziejczak","Defender",2018,1,"Ligue 1","65.48","117","117",28,"2500000","Low"
889683,"Rogério","Defender",2018,1,"Serie A","65.28","118","118",3,"2000000","Low"
177907,"Harry Maguire","Defender",2018,1,"Premier League","65.25","119","119",16,"15000000","Medium"
228948,"Thilo Kehrer","Defender",2018,1,"Ligue 1","65.00","120","120",47,"13000000","Medium"
64598,"Bernardo Espinosa","Defender",2018,1,"La Liga","65.00","120","122",25,"7000000","Medium"
14086,"Ashley Young","Defender",2018,1,"Premier League","65.00","120","121",9,"5000000","Medium"
251075,"Zeki Çelik","Defender",2018,1,"Ligue 1","64.92","123","123",35,"350000","Low"
434358,"Sofiane Alakouch","Defender",2018,1,"Ligue 1","64.75","124","124",17,"1500000","Low"
190685,"Bouna Sarr","Defender",2018,1,"Ligue 1","64.49","125","125",33,"3500000","Low"
85906,"Danny da Costa","Defender",2018,1,"Bundesliga","64.34","126","126",23,"3000000","Low"
277167,"Gian Marco Ferrari","Defender",2018,1,"Serie A","63.51","127","127",41,"10000000","Medium"
185699,"Tim Leibold","Defender",2018,1,"Bundesliga","62.78","128","128",63,"1300000","Low"
236490,"Ola Aina","Defender",2018,1,"Serie A","62.65","129","129",14,"4000000","Low"
236490,"Ola Aina","Defender",2018,1,"Serie A","62.65","129","129",14,"4000000","Low"
236490,"Ola Aina","Defender",2018,1,"Serie A","62.65","129","130",14,"4000000","Low"
236490,"Ola Aina","Defender",2018,1,"Serie A","62.65","129","130",14,"4000000","Low"
25557,"Sergio Ramos","Defender",2018,1,"La Liga","62.55","131","131",7,"40000000","High"
162434,"Niklas Stark","Defender",2018,1,"Bundesliga","62.30","132","132",16,"15000000","Medium"
5017,"Niklas Moisander","Defender",2018,1,"Bundesliga","62.22","133","133",28,"2500000","Low"
203746,"Ruben Aguilar","Defender",2018,1,"Ligue 1","62.20","134","134",28,"2500000","Low"
170321,"Paul Dummett","Defender",2018,1,"Premier League","62.20","135","135",33,"3500000","Low"
51663,"Pedro Alcalá","Defender",2018,1,"La Liga","61.94","136","136",13,"1000000","Low"
124732,"John Brooks","Defender",2018,1,"Bundesliga","61.82","137","137",5,"12000000","Medium"
71548,"Anaitz Arbilla","Defender",2018,1,"La Liga","61.67","138","138",3,"2000000","Low"
250845,"José María Giménez","Defender",2018,1,"La Liga","61.41","139","139",22,"35000000","High"
194460,"Joe Bryan","Defender",2018,1,"Premier League","61.21","140","140",9,"5000000","Medium"
30677,"Gustavo Cabral","Defender",2018,1,"La Liga","60.91","141","141",14,"4000000","Low"
251878,"Aarón Martín","Defender",2018,1,"Bundesliga","60.43","142","142",16,"15000000","Medium"
251878,"Aarón Martín","Defender",2018,1,"Bundesliga","60.43","142","143",16,"15000000","Medium"
251878,"Aarón Martín","Defender",2018,1,"Bundesliga","60.43","142","142",16,"15000000","Medium"
251878,"Aarón Martín","Defender",2018,1,"Bundesliga","60.43","142","143",16,"15000000","Medium"
27374,"Sidnei","Defender",2018,1,"La Liga","59.34","144","145",6,"6000000","Medium"
21725,"Filipe Luís","Defender",2018,1,"La Liga","59.34","144","144",10,"18000000","Medium"
166601,"Niklas Süle","Defender",2018,1,"Bundesliga","59.19","146","146",22,"35000000","High"
158623,"Cyrus Christie","Defender",2018,1,"Premier League","59.19","147","147",23,"3000000","Low"
70285,"Jonathan Schmid","Defender",2018,1,"Bundesliga","59.17","148","148",28,"2500000","Low"
46156,"Aleksandar Kolarov","Defender",2018,1,"Serie A","59.02","149","149",5,"12000000","Medium"
69751,"Jordi Alba","Defender",2018,1,"La Liga","58.99","150","150",7,"40000000","High"
51325,"Georg Margreitter","Defender",2018,1,"Bundesliga","58.94","151","151",13,"1000000","Low"
48002,"Angelo Ogbonna","Defender",2018,1,"Premier League","58.51","152","152",21,"9000000","Medium"
262523,"Davide Calabria","Defender",2018,1,"Serie A","58.38","153","153",41,"10000000","Medium"
86202,"Antonio Rüdiger","Defender",2018,1,"Premier League","58.31","154","154",43,"30000000","High"
34322,"Sokratis Papastathopoulos","Defender",2018,1,"Premier League","57.98","155","155",11,"20000000","High"
184573,"Victor Lindelöf","Defender",2018,1,"Premier League","57.78","156","156",26,"25000000","High"
183288,"Luke Shaw","Defender",2018,1,"Premier League","57.45","157","157",16,"15000000","Medium"
184528,"Emil Krafth","Defender",2018,1,"Ligue 1","57.35","158","158",17,"1500000","Low"
184528,"Emil Krafth","Defender",2018,1,"Ligue 1","57.35","158","159",17,"1500000","Low"
184528,"Emil Krafth","Defender",2018,1,"Ligue 1","57.35","158","158",17,"1500000","Low"
184528,"Emil Krafth","Defender",2018,1,"Ligue 1","57.35","158","159",17,"1500000","Low"
215599,"Lukas Klostermann","Defender",2018,1,"Bundesliga","57.15","160","160",5,"12000000","Medium"
164055,"David Juncà","Defender",2018,1,"La Liga","56.97","161","161",17,"1500000","Low"
174196,"Kenny Lala","Defender",2018,1,"Ligue 1","56.87","162","162",23,"3000000","Low"
37712,"Daniel Carriço","Defender",2018,1,"La Liga","56.84","163","163",17,"1500000","Low"
186368,"Valentino Lazaro","Defender",2018,1,"Bundesliga","56.69","164","164",32,"7500000","Medium"
96718,"Óscar de Marcos","Defender",2018,1,"La Liga","56.69","164","165",6,"6000000","Medium"
81512,"Christian Kabasele","Defender",2018,1,"Premier League","56.69","166","166",25,"7000000","Medium"
56820,"Jérémy Sorbon","Defender",2018,1,"Ligue 1","56.59","167","167",13,"1000000","Low"
10003,"Wes Morgan","Defender",2018,1,"Premier League","56.41","168","168",23,"3000000","Low"
238868,"Rubén Peña","Defender",2018,1,"La Liga","56.39","169","169",13,"1000000","Low"
247377,"Kevin Bonifazi","Defender",2018,1,"Serie A","56.34","170","171",17,"1500000","Low"
247377,"Kevin Bonifazi","Defender",2018,1,"Serie A","56.34","170","171",17,"1500000","Low"
247377,"Kevin Bonifazi","Defender",2018,1,"Serie A","56.34","170","170",17,"1500000","Low"
247377,"Kevin Bonifazi","Defender",2018,1,"Serie A","56.34","170","170",17,"1500000","Low"
214532,"Pierrick Capelle","Defender",2018,1,"Ligue 1","56.06","172","172",13,"1000000","Low"
234803,"Andrew Robertson","Defender",2018,1,"Premier League","56.04","173","173",41,"10000000","Medium"
95810,"Kieran Trippier","Defender",2018,1,"Premier League","55.88","174","174",16,"15000000","Medium"
38145,"Adrian Mariappa","Defender",2018,1,"Premier League","55.86","175","175",17,"1500000","Low"
182579,"Karim Rekik","Defender",2018,1,"Bundesliga","55.63","176","176",41,"10000000","Medium"
57216,"Ismaël Traoré","Defender",2018,1,"Ligue 1","55.53","177","177",17,"1500000","Low"
257097,"Ben Davies","Defender",2018,1,"Premier League","55.00","178","178",10,"18000000","Medium"
553875,"Pedro Porro","Defender",2018,1,"La Liga","54.97","179","179",13,"1000000","Low"
103427,"Chris Smalling","Defender",2018,1,"Premier League","54.80","180","180",10,"18000000","Medium"
240158,"Francesco Vicari","Defender",2018,1,"Serie A","54.52","181","181",3,"2000000","Low"
314353,"Trent Alexander-Arnold","Defender",2018,1,"Premier League","54.37","182","182",20,"8000000","Medium"
165513,"Berat Djimsiti","Defender",2018,1,"Serie A","53.69","183","183",13,"1000000","Low"
68390,"Séamus Coleman","Defender",2018,1,"Premier League","53.66","184","184",16,"15000000","Medium"
291417,"Ferland Mendy","Defender",2018,1,"Ligue 1","53.26","185","185",25,"7000000","Medium"
356197,"Alfonso Pedraza","Defender",2018,1,"La Liga","53.13","186","186",33,"3500000","Low"
277114,"Jason Denayer","Defender",2018,1,"Ligue 1","53.01","187","187",23,"3000000","Low"
163744,"Jack Stephens","Defender",2018,1,"Premier League","53.01","187","188",9,"5000000","Medium"
95424,"Kyle Walker","Defender",2018,1,"Premier League","52.90","189","189",7,"40000000","High"
71905,"Coke","Defender",2018,1,"La Liga","52.58","190","190",3,"2000000","Low"
102745,"Luca Ceppitelli","Defender",2018,1,"Serie A","52.55","191","191",3,"2000000","Low"
120443,"Santiago Arias","Defender",2018,1,"La Liga","52.50","192","192",41,"10000000","Medium"
55769,"Danilo D'Ambrosio","Defender",2018,1,"Serie A","51.97","193","193",5,"12000000","Medium"
229005,"Abdou Diallo","Defender",2018,1,"Bundesliga","51.39","194","194",41,"10000000","Medium"
1074917,"Jonathan Silva","Defender",2018,1,"La Liga","51.31","195","196",23,"3000000","Low"
163532,"Adam Smith","Defender",2018,1,"Premier League","51.31","195","195",9,"5000000","Medium"
76467,"Kiko Femenía","Defender",2018,1,"Premier League","50.86","197","197",9,"5000000","Medium"
262226,"Timothy Castagne","Defender",2018,1,"Serie A","50.83","198","198",9,"5000000","Medium"
126281,"Alexander Hack","Defender",2018,1,"Bundesliga","50.56","199","199",23,"3000000","Low"
161869,"Djibril Sidibé","Defender",2018,1,"Ligue 1","50.45","200","200",64,"23000000","High"
62920,"Víctor Ruiz","Defender",2018,1,"La Liga","49.95","201","201",24,"14000000","Medium"
357072,"Faitout Maouassa","Defender",2018,1,"Ligue 1","49.57","202","202",67,"5500000","Medium"
357072,"Faitout Maouassa","Defender",2018,1,"Ligue 1","49.57","202","203",67,"5500000","Medium"
357072,"Faitout Maouassa","Defender",2018,1,"Ligue 1","49.57","202","203",67,"5500000","Medium"
357072,"Faitout Maouassa","Defender",2018,1,"Ligue 1","49.57","202","202",67,"5500000","Medium"
182904,"Clément Lenglet","Defender",2018,1,"La Liga","49.52","204","204",16,"15000000","Medium"
130365,"Alessandro Florenzi","Defender",2018,1,"Serie A","49.52","204","205",43,"30000000","High"
282041,"Presnel Kimpembe","Defender",2018,1,"Ligue 1","49.39","206","206",10,"18000000","Medium"
63531,"Kwadwo Asamoah","Defender",2018,1,"Serie A","49.24","207","207",24,"14000000","Medium"
45599,"Emiliano Insúa","Defender",2018,1,"Bundesliga","49.19","208","208",9,"5000000","Medium"
187491,"Timo Baumgartl","Defender",2018,1,"Bundesliga","49.17","209","209",41,"10000000","Medium"
339808,"Theo Hernández","Defender",2018,1,"La Liga","49.17","210","210",11,"20000000","High"
184922,"Ambroise Oyongo","Defender",2018,1,"Ligue 1","49.04","211","211",61,"750000","Low"
40611,"Ryan Bertrand","Defender",2018,1,"Premier League","48.46","212","212",11,"20000000","High"
55114,"Oliver Sorg","Defender",2018,1,"Bundesliga","48.31","213","213",28,"2500000","Low"
268176,"Sergi Palencia","Defender",2018,1,"Ligue 1","48.28","214","214",3,"2000000","Low"
101922,"Fabio Pisacane","Defender",2018,1,"Serie A","48.08","215","215",71,"700000","Low"
144143,"Bartosz Bereszyński","Defender",2018,1,"Serie A","47.98","216","216",20,"8000000","Medium"
45319,"Gabriel Mercado","Defender",2018,1,"La Liga","47.63","217","217",9,"5000000","Medium"
275303,"Hans Hateboer","Defender",2018,1,"Serie A","47.42","218","218",25,"7000000","Medium"
240897,"Arturo Calabresi","Defender",2018,1,"Serie A","47.05","219","219",71,"700000","Low"
29260,"Giorgio Chiellini","Defender",2018,1,"Serie A","46.72","220","220",41,"10000000","Medium"
214070,"Ewerton","Defender",2018,1,"Bundesliga","46.57","221","221",62,"1400000","Low"
84435,"Kevin Vogt","Defender",2018,1,"Bundesliga","46.52","222","222",5,"12000000","Medium"
161056,"Joshua Kimmich","Defender",2018,1,"Bundesliga","46.09","223","223",54,"55000000","High"
207715,"Ibrahima Mbaye","Defender",2018,1,"Serie A","46.04","224","225",76,"3300000","Low"
43003,"Nacho Monreal","Defender",2018,1,"Premier League","46.04","224","224",47,"13000000","Medium"
710131,"Diego Llorente","Defender",2018,1,"La Liga","45.66","226","226",5,"12000000","Medium"
296422,"Fodé Ballo-Touré","Defender",2018,1,"Ligue 1","45.38","227","227",3,"2000000","Low"
223974,"Stefan Posch","Defender",2018,1,"Bundesliga","45.15","228","228",28,"2500000","Low"
298975,"Pol Lirola","Defender",2018,1,"Serie A","45.08","229","229",32,"7500000","Medium"
19305,"Oscar Wendt","Defender",2018,1,"Bundesliga","45.08","230","230",28,"2500000","Low"
71019,"Bartosz Salamon","Defender",2018,1,"Serie A","44.75","231","231",62,"1400000","Low"
197545,"Ander Capa","Defender",2018,1,"La Liga","44.42","232","232",9,"5000000","Medium"
127076,"Jérôme Roussillon","Defender",2018,1,"Bundesliga","44.32","233","233",9,"5000000","Medium"
111196,"Stefan de Vrij","Defender",2018,1,"Serie A","44.14","234","234",7,"40000000","High"
57420,"Lamine Koné","Defender",2018,1,"Ligue 1","44.04","235","235",25,"7000000","Medium"
15773,"Phil Bardsley","Defender",2018,1,"Premier League","43.86","236","236",17,"1500000","Low"
103890,"Luis Advíncula","Defender",2018,1,"La Liga","43.38","237","237",17,"1500000","Low"
111347,"Lorenzo Tonelli","Defender",2018,1,"Serie A","43.36","238","239",9,"5000000","Medium"
111347,"Lorenzo Tonelli","Defender",2018,1,"Serie A","43.36","238","238",9,"5000000","Medium"
111347,"Lorenzo Tonelli","Defender",2018,1,"Serie A","43.36","238","239",9,"5000000","Medium"
111347,"Lorenzo Tonelli","Defender",2018,1,"Serie A","43.36","238","238",9,"5000000","Medium"
216499,"Fouad Chafik","Defender",2018,1,"Ligue 1","43.16","240","240",17,"1500000","Low"
947431,"David López","Defender",2018,1,"La Liga","43.01","241","241",38,"6500000","Medium"
188838,"Bruno González","Defender",2018,1,"La Liga","42.58","242","242",30,"800000","Low"
441170,"Valentin Rosier","Defender",2018,1,"Ligue 1","42.37","243","243",23,"3000000","Low"
35939,"Ezequiel Garay","Defender",2018,1,"La Liga","42.30","244","244",16,"15000000","Medium"
195246,"Pascal Stenzel","Defender",2018,1,"Bundesliga","42.17","245","245",9,"5000000","Medium"
85370,"Sergi Roberto","Defender",2018,1,"La Liga","41.99","246","246",7,"40000000","High"
361260,"Ozan Kabak","Defender",2018,1,"Bundesliga","41.82","247","247",58,"150000","Low"
156501,"Felipe","Defender",2018,1,"Bundesliga","41.59","248","248",5,"12000000","Medium"
22140,"Domenico Maietta","Defender",2018,1,"Serie A","41.49","249","249",29,"400000","Low"
50174,"Danny Rose","Defender",2018,1,"Premier League","41.26","250","250",43,"30000000","High"
93935,"Sergio Escudero","Defender",2018,1,"La Liga","39.87","251","251",32,"7500000","Medium"
200056,"Elseid Hysaj","Defender",2018,1,"Serie A","39.70","252","252",26,"25000000","High"
163086,"Cristiano Piccini","Defender",2018,1,"La Liga","39.27","253","253",38,"6500000","Medium"
135492,"Youssouf Sabaly","Defender",2018,1,"Ligue 1","39.22","254","254",9,"5000000","Medium"
93604,"Lukas Kübler","Defender",2018,1,"Bundesliga","38.84","255","255",17,"1500000","Low"
315853,"Alessandro Bastoni","Defender",2018,1,"Serie A","38.61","256","256",28,"2500000","Low"
315853,"Alessandro Bastoni","Defender",2018,1,"Serie A","38.61","256","256",28,"2500000","Low"
315853,"Alessandro Bastoni","Defender",2018,1,"Serie A","38.61","256","257",28,"2500000","Low"
315853,"Alessandro Bastoni","Defender",2018,1,"Serie A","38.61","256","257",28,"2500000","Low"
43763,"Erik Pieters","Defender",2018,1,"Ligue 1","38.59","258","258",25,"7000000","Medium"
374139,"Junior Firpo","Defender",2018,1,"La Liga","38.41","259","259",1,"100000","Low"
348026,"Nordi Mukiele","Defender",2018,1,"Bundesliga","38.03","260","260",25,"7000000","Medium"
51046,"Héctor Moreno","Defender",2018,1,"La Liga","38.03","261","261",14,"4000000","Low"
344695,"Dayot Upamecano","Defender",2018,1,"Bundesliga","37.88","262","262",26,"25000000","High"
72441,"Rafael Tolói","Defender",2018,1,"Serie A","37.85","263","263",39,"11000000","Medium"
38094,"Lee Peltier","Defender",2018,1,"Premier League","37.78","264","264",17,"1500000","Low"
33571,"Lorenzo De Silvestri","Defender",2018,1,"Serie A","37.35","265","265",14,"4000000","Low"
71204,"Javi Moyano","Defender",2018,1,"La Liga","36.92","266","266",29,"400000","Low"
59016,"David Alaba","Defender",2018,1,"Bundesliga","36.74","267","267",8,"50000000","High"
100986,"Thomas Meunier","Defender",2018,1,"Ligue 1","36.49","268","268",16,"15000000","Medium"
370691,"Francis Guerrero","Defender",2018,1,"La Liga","36.21","269","269",44,"300000","Low"
412092,"Gaëtan Paquiez","Defender",2018,1,"Ligue 1","36.21","270","270",30,"800000","Low"
13573,"Simon Francis","Defender",2018,1,"Premier League","35.71","271","271",28,"2500000","Low"
26066,"Iván Ramis","Defender",2018,1,"La Liga","35.68","272","272",2,"500000","Low"
463603,"Benoît Badiashile","Defender",2018,1,"Ligue 1","35.53","273","273",58,"150000","Low"
344598,"Dan-Axel Zagadou","Defender",2018,1,"Bundesliga","35.38","274","274",9,"5000000","Medium"
76277,"Laurent Koscielny","Defender",2018,1,"Premier League","35.30","275","275",11,"20000000","High"
39094,"Sebastian Langkamp","Defender",2018,1,"Bundesliga","35.18","276","276",28,"2500000","Low"
263236,"Kevin Danso","Defender",2018,1,"Bundesliga","35.10","277","277",6,"6000000","Medium"
338285,"Unai Núñez","Defender",2018,1,"La Liga","34.95","278","278",41,"10000000","Medium"
65318,"Jaume Costa","Defender",2018,1,"La Liga","34.75","279","279",21,"9000000","Medium"
126719,"Juan Bernat","Defender",2018,1,"Ligue 1","34.62","280","280",5,"12000000","Medium"
58178,"David Abraham","Defender",2018,1,"Bundesliga","34.60","281","281",9,"5000000","Medium"
117996,"Phil Jones","Defender",2018,1,"Premier League","34.47","282","282",10,"18000000","Medium"
84921,"Lorenzo Ariaudo","Defender",2018,1,"Serie A","34.27","283","283",13,"1000000","Low"
548716,"Yoël Armougom","Defender",2018,1,"Ligue 1","34.24","284","284",46,"250000","Low"
55125,"Chris Löwe","Defender",2018,1,"Premier League","33.81","285","285",17,"1500000","Low"
40605,"Enrico Valentini","Defender",2018,1,"Bundesliga","33.76","286","286",59,"900000","Low"
15956,"Jesús Navas","Defender",2018,1,"La Liga","33.48","287","287",6,"6000000","Medium"
398073,"Achraf Hakimi","Defender",2018,1,"Bundesliga","33.16","288","288",9,"5000000","Medium"
21763,"Federico Peluso","Defender",2018,1,"Serie A","33.03","289","289",30,"800000","Low"
44045,"Kévin Monnet-Paquet","Defender",2018,1,"Ligue 1","32.60","290","290",3,"2000000","Low"
182712,"João Cancelo","Defender",2018,1,"Serie A","32.40","291","292",26,"25000000","High"
43984,"Daniel Brosinski","Defender",2018,1,"Bundesliga","32.40","291","291",23,"3000000","Low"
378965,"Cheick Traoré","Defender",2018,1,"Ligue 1","32.10","293","293",29,"400000","Low"
573907,"Luiz Felipe","Defender",2018,1,"Serie A","32.05","294","294",33,"3500000","Low"
346289,"Mouctar Diakhaby","Defender",2018,1,"La Liga","31.92","295","295",24,"14000000","Medium"
124715,"Nikola Maksimović","Defender",2018,1,"Serie A","30.93","296","296",20,"8000000","Medium"
53437,"Bastian Oczipka","Defender",2018,1,"Bundesliga","30.66","297","297",25,"7000000","Medium"
26485,"Jérôme Boateng","Defender",2018,1,"Bundesliga","30.00","298","298",65,"45000000","High"
186590,"John Stones","Defender",2018,1,"Premier League","29.57","299","299",7,"40000000","High"
158791,"Sergio Postigo","Defender",2018,1,"La Liga","29.37","300","300",40,"1800000","Low"
109110,"Nicolò Brighenti","Defender",2018,1,"Serie A","29.29","301","301",13,"1000000","Low"
14942,"Darijo Srna","Defender",2018,1,"Serie A","29.24","302","302",13,"1000000","Low"
231572,"Nélson Semedo","Defender",2018,1,"La Liga","29.22","303","303",43,"30000000","High"
127108,"Florian Lejeune","Defender",2018,1,"Premier League","28.91","304","304",25,"7000000","Medium"
55854,"Cristian Ansaldi","Defender",2018,1,"Serie A","28.89","305","305",9,"5000000","Medium"
96806,"Jacopo Sala","Defender",2018,1,"Serie A","28.76","306","306",3,"2000000","Low"
435338,"Gabriel Magalhães","Defender",2018,1,"Ligue 1","28.71","307","307",27,"600000","Low"
51118,"Adil Rami","Defender",2018,1,"Ligue 1","28.66","308","308",9,"5000000","Medium"
61819,"Charlie Daniels","Defender",2018,1,"Premier League","28.56","309","309",33,"3500000","Low"
121985,"Juan Jesus","Defender",2018,1,"Serie A","28.33","310","310",47,"13000000","Medium"
157491,"Jordan Ikoko","Defender",2018,1,"Ligue 1","28.23","311","311",17,"1500000","Low"
85867,"Nico Schulz","Defender",2018,1,"Bundesliga","27.42","312","312",14,"4000000","Low"
276111,"David Costas","Defender",2018,1,"La Liga","27.37","313","314",33,"3500000","Low"
140191,"Ryan Fredericks","Defender",2018,1,"Premier League","27.37","313","313",14,"4000000","Low"
281963,"Lucas Hernández","Defender",2018,1,"La Liga","27.02","315","315",11,"20000000","High"
203853,"Oleksandr Zinchenko","Defender",2018,1,"Premier League","26.64","316","316",52,"4500000","Low"
52348,"Benjamin Hübner","Defender",2018,1,"Bundesliga","26.46","317","317",20,"8000000","Medium"
111508,"Allan Nyom","Defender",2018,1,"La Liga","26.44","318","319",52,"4500000","Low"
111508,"Allan Nyom","Defender",2018,1,"La Liga","26.44","318","318",52,"4500000","Low"
111508,"Allan Nyom","Defender",2018,1,"La Liga","26.44","318","319",52,"4500000","Low"
111508,"Allan Nyom","Defender",2018,1,"La Liga","26.44","318","318",52,"4500000","Low"
93707,"Christian Günter","Defender",2018,1,"Bundesliga","26.36","320","320",52,"4500000","Low"
16631,"Ignazio Abate","Defender",2018,1,"Serie A","26.26","321","321",23,"3000000","Low"
196792,"Julian Weigl","Defender",2018,1,"Bundesliga","25.81","322","322",43,"30000000","High"
95336,"Hervé Lybohy","Defender",2018,1,"Ligue 1","25.76","323","323",58,"150000","Low"
225015,"Carlos Akapo","Defender",2018,1,"La Liga","25.76","323","324",27,"600000","Low"
74709,"Emmanuel Imorou","Defender",2018,1,"Ligue 1","25.43","325","325",30,"800000","Low"
162029,"Javier Manquillo","Defender",2018,1,"Premier League","25.13","326","326",9,"5000000","Medium"
361914,"Nayef Aguerd","Defender",2018,1,"Ligue 1","24.92","327","327",56,"550000","Low"
69660,"Jonás Ramalho","Defender",2018,1,"La Liga","24.77","328","328",17,"1500000","Low"
56703,"Simone Padoin","Defender",2018,1,"Serie A","24.65","329","329",2,"500000","Low"
62144,"Antoñito","Defender",2018,1,"La Liga","24.04","330","330",2,"500000","Low"
216872,"Francesco Zampano","Defender",2018,1,"Serie A","23.74","331","331",40,"1800000","Low"
216872,"Francesco Zampano","Defender",2018,1,"Serie A","23.74","331","331",40,"1800000","Low"
216872,"Francesco Zampano","Defender",2018,1,"Serie A","23.74","331","332",40,"1800000","Low"
216872,"Francesco Zampano","Defender",2018,1,"Serie A","23.74","331","332",40,"1800000","Low"
167444,"Luca Paganini","Defender",2018,1,"Serie A","23.74","333","333",63,"1300000","Low"
627224,"Gabriel Silva","Defender",2018,1,"Ligue 1","23.69","334","334",28,"2500000","Low"
230066,"Adama Mbengue","Defender",2018,1,"Ligue 1","23.66","335","335",23,"3000000","Low"
480763,"Juan Foyth","Defender",2018,1,"Premier League","23.46","336","336",9,"5000000","Medium"
34344,"Cristián Zapata","Defender",2018,1,"Serie A","22.47","337","337",28,"2500000","Low"
70411,"Darko Lazović","Defender",2018,1,"Serie A","21.82","338","338",40,"1800000","Low"
206746,"Kenny Tete","Defender",2018,1,"Ligue 1","21.57","339","339",41,"10000000","Medium"
199941,"Andrea Beghetto","Defender",2018,1,"Serie A","21.46","340","340",59,"900000","Low"
84467,"Rafael","Defender",2018,1,"Ligue 1","20.28","341","341",46,"250000","Low"
285845,"Ainsley Maitland-Niles","Defender",2018,1,"Premier League","19.47","342","342",9,"5000000","Medium"
191217,"Héctor Bellerín","Defender",2018,1,"Premier League","18.31","343","343",22,"35000000","High"
290017,"Hassane Kamara","Defender",2018,1,"Ligue 1","18.16","344","344",71,"700000","Low"
171362,"Pablo Insua","Defender",2018,1,"La Liga","18.16","345","345",28,"2500000","Low"
87884,"Mário Rui","Defender",2018,1,"Serie A","17.75","346","346",5,"12000000","Medium"
403898,"Jordan Beyer","Defender",2018,1,"Bundesliga","17.75","347","347",34,"200000","Low"
256178,"Joe Gomez","Defender",2018,1,"Premier League","17.10","348","348",10,"18000000","Medium"
28335,"Christophe Jallet","Defender",2018,1,"Ligue 1","16.79","349","349",13,"1000000","Low"
141834,"Cristian Tello","Defender",2018,1,"La Liga","16.72","350","350",6,"6000000","Medium"
128295,"Tito","Defender",2018,1,"La Liga","16.04","351","351",13,"1000000","Low"
808509,"Danilo","Defender",2018,1,"Premier League","14.07","352","352",10,"18000000","Medium"
138584,"Luka Krajnc","Defender",2018,1,"Serie A","13.43","353","353",17,"1500000","Low"
355335,"Adrián Diéguez","Defender",2018,1,"La Liga","13.31","354","354",29,"400000","Low"
62688,"Scott Dann","Defender",2018,1,"Premier League","12.50","355","355",9,"5000000","Medium"
413843,"Keven Schlotterbeck","Defender",2018,1,"Bundesliga","11.92","356","356",68,"75000","Low"
198116,"Federico Dimarco","Defender",2018,1,"Serie A","11.67","357","357",3,"2000000","Low"
198116,"Federico Dimarco","Defender",2018,1,"Serie A","11.67","357","359",3,"2000000","Low"
198116,"Federico Dimarco","Defender",2018,1,"Serie A","11.67","357","358",3,"2000000","Low"
198116,"Federico Dimarco","Defender",2018,1,"Serie A","11.67","357","357",3,"2000000","Low"
198116,"Federico Dimarco","Defender",2018,1,"Serie A","11.67","357","359",3,"2000000","Low"
198116,"Federico Dimarco","Defender",2018,1,"Serie A","11.67","357","358",3,"2000000","Low"
198116,"Federico Dimarco","Defender",2018,1,"Serie A","11.67","357","357",3,"2000000","Low"
198116,"Federico Dimarco","Defender",2018,1,"Serie A","11.67","357","359",3,"2000000","Low"
198116,"Federico Dimarco","Defender",2018,1,"Serie A","11.67","357","358",3,"2000000","Low"
76285,"Toño","Defender",2018,1,"La Liga","11.64","360","360",29,"400000","Low"
94936,"Vincent Laurini","Defender",2018,1,"Serie A","11.54","361","361",3,"2000000","Low"
286384,"Eric Bailly","Defender",2018,1,"Premier League","11.26","362","362",22,"35000000","High"
280730,"Álvaro Odriozola","Defender",2018,1,"La Liga","10.91","363","363",11,"20000000","High"
50362,"Fabian Delph","Defender",2018,1,"Premier League","10.83","364","364",41,"10000000","Medium"
126729,"Patric","Defender",2018,1,"Serie A","10.45","365","365",40,"1800000","Low"
114093,"Greg Cunningham","Defender",2018,1,"Premier League","10.03","366","366",14,"4000000","Low"
45565,"Luca Antonelli","Defender",2018,1,"Serie A","10.03","366","367",3,"2000000","Low"
47085,"Nenad Tomović","Defender",2018,1,"Serie A","9.60","368","368",17,"1500000","Low"
84344,"Davide Santon","Defender",2018,1,"Serie A","9.52","369","369",23,"3000000","Low"
92572,"Joel Ward","Defender",2018,1,"Premier League","9.42","370","370",9,"5000000","Medium"
315131,"Timothy Fosu-Mensah","Defender",2018,1,"Premier League","9.07","371","371",25,"7000000","Medium"
127032,"Serge Aurier","Defender",2018,1,"Premier League","8.61","372","372",11,"20000000","High"
118196,"Jean Zimmer","Defender",2018,1,"Bundesliga","7.83","373","373",48,"1250000","Low"
357158,"Rúben Vinagre","Defender",2018,1,"Premier League","7.55","374","374",2,"500000","Low"
251876,"Pablo Maffeo","Defender",2018,1,"Bundesliga","7.22","375","375",9,"5000000","Medium"
203517,"Steven Moreira","Defender",2018,1,"Ligue 1","7.07","376","376",48,"1250000","Low"
293194,"Borna Sosa","Defender",2018,1,"Bundesliga","6.99","377","377",60,"1750000","Low"
331496,"Valery Fernández","Defender",2018,1,"La Liga","6.67","378","378",1,"100000","Low"
378954,"Joris Gnagnon","Defender",2018,1,"La Liga","6.62","379","379",16,"15000000","Medium"
157495,"Benjamin Mendy","Defender",2018,1,"Premier League","6.44","380","380",7,"40000000","High"
596240,"Senou Coulibaly","Defender",2018,1,"Ligue 1","6.36","381","381",2,"500000","Low"
51186,"Nicolás Spolli","Defender",2018,1,"Serie A","6.16","382","382",29,"400000","Low"
447052,"Peru Nolaskoain","Defender",2018,1,"La Liga","6.01","383","383",46,"250000","Low"
282577,"Lukas Klünter","Defender",2018,1,"Bundesliga","5.56","384","384",23,"3000000","Low"
256866,"Carlos Salcedo","Defender",2018,1,"Bundesliga","5.56","385","385",6,"6000000","Medium"
501418,"Adrià Pedrosa","Defender",2018,1,"La Liga","5.15","386","386",34,"200000","Low"
274862,"Moses Simon","Defender",2018,1,"La Liga","4.72","387","387",9,"5000000","Medium"
31041,"Fabian Johnson","Defender",2018,1,"Bundesliga","4.47","388","388",52,"4500000","Low"
238716,"Théo Pellenard","Defender",2018,1,"Ligue 1","3.69","389","389",3,"2000000","Low"
88490,"Aleix Vidal","Defender",2018,1,"La Liga","2.88","390","390",32,"7500000","Medium"
346766,"Guilherme Arana","Defender",2018,1,"La Liga","2.22","391","391",9,"5000000","Medium"
154209,"Romain Métanire","Defender",2018,1,"Ligue 1","2.10","392","393",60,"1750000","Low"
313477,"Paolo Ghiglione","Defender",2018,1,"Serie A","2.10","392","392",63,"1300000","Low"
34691,"Stephen Ward","Defender",2018,1,"Premier League","1.24","394","394",23,"3000000","Low"
119164,"Ezequiel Schelotto","Defender",2018,1,"Serie A","0.98","395","395",52,"4500000","Low"
13507,"Leighton Baines","Defender",2018,1,"Premier League","0.56","396","396",41,"10000000","Medium"
173859,"Davide Zappacosta","Defender",2018,1,"Premier League","0.35","397","397",11,"20000000","High"
28003,"Lionel Messi","Forward",2018,1,"La Liga","99.92","1","1",12,"180000000","Elite"
342229,"Kylian Mbappé","Forward",2018,1,"Ligue 1","98.81","2","2",4,"120000000","Elite"
343052,"Nicolas Pépé","Forward",2018,1,"Ligue 1","98.02","3","3",20,"8000000","Medium"
148455,"Mohamed Salah","Forward",2018,1,"Premier League","97.62","4","4",15,"80000000","Elite"
73794,"Duván Zapata","Forward",2018,1,"Serie A","97.44","5","6",11,"20000000","High"
73794,"Duván Zapata","Forward",2018,1,"Serie A","97.44","5","5",11,"20000000","High"
73794,"Duván Zapata","Forward",2018,1,"Serie A","97.44","5","6",11,"20000000","High"
73794,"Duván Zapata","Forward",2018,1,"Serie A","97.44","5","5",11,"20000000","High"
22328,"Fabio Quagliarella","Forward",2018,1,"Serie A","97.38","7","7",3,"2000000","Low"
8198,"Cristiano Ronaldo","Forward",2018,1,"Serie A","96.88","8","8",4,"120000000","Elite"
424784,"Luis Suárez","Forward",2018,1,"La Liga","96.12","9","10",19,"85000000","Elite"
424784,"Luis Suárez","Forward",2018,1,"La Liga","96.12","9","9",19,"85000000","Elite"
424784,"Luis Suárez","Forward",2018,1,"La Liga","96.12","9","9",19,"85000000","Elite"
424784,"Luis Suárez","Forward",2018,1,"La Liga","96.12","9","10",19,"85000000","Elite"
18922,"Karim Benzema","Forward",2018,1,"La Liga","95.12","11","11",8,"50000000","High"
26399,"Sergio Agüero","Forward",2018,1,"Premier League","94.77","12","12",18,"75000000","Elite"
200512,"Sadio Mané","Forward",2018,1,"Premier League","94.50","13","13",55,"60000000","Elite"
146854,"Wissam Ben Yedder","Forward",2018,1,"La Liga","93.71","14","14",26,"25000000","High"
134425,"Raheem Sterling","Forward",2018,1,"Premier League","92.59","15","15",15,"80000000","Elite"
58864,"Pierre-Emerick Aubameyang","Forward",2018,1,"Premier League","92.54","16","16",18,"75000000","Elite"
72047,"Iago Aspas","Forward",2018,1,"La Liga","91.82","17","17",10,"18000000","Medium"
170527,"Timo Werner","Forward",2018,1,"Bundesliga","90.94","18","18",55,"60000000","Elite"
125781,"Antoine Griezmann","Forward",2018,1,"La Liga","90.68","19","19",36,"100000000","Elite"
50202,"Eden Hazard","Forward",2018,1,"Premier League","90.59","20","20",36,"100000000","Elite"
132098,"Harry Kane","Forward",2018,1,"Premier League","90.31","21","21",4,"120000000","Elite"
84765,"Francesco Caputo","Forward",2018,1,"Serie A","90.31","22","22",28,"2500000","Low"
278359,"Borja Iglesias","Forward",2018,1,"La Liga","90.03","23","23",30,"800000","Low"
197838,"Jamie Vardy","Forward",2018,1,"Premier League","89.52","24","24",10,"18000000","Medium"
122797,"Andy Delort","Forward",2018,1,"Ligue 1","89.19","25","26",9,"5000000","Medium"
122797,"Andy Delort","Forward",2018,1,"Ligue 1","89.19","25","25",9,"5000000","Medium"
122797,"Andy Delort","Forward",2018,1,"Ligue 1","89.19","25","25",9,"5000000","Medium"
122797,"Andy Delort","Forward",2018,1,"Ligue 1","89.19","25","26",9,"5000000","Medium"
257462,"Luka Jović","Forward",2018,1,"Bundesliga","89.01","27","27",9,"5000000","Medium"
184892,"Florian Thauvin","Forward",2018,1,"Ligue 1","88.78","28","28",49,"28000000","High"
191891,"Arkadiusz Milik","Forward",2018,1,"Serie A","87.94","29","29",11,"20000000","High"
82009,"Kevin Volland","Forward",2018,1,"Bundesliga","87.84","30","30",42,"22000000","High"
103565,"Wahbi Khazri","Forward",2018,1,"Ligue 1","87.05","31","31",41,"10000000","Medium"
59323,"Cristhian Stuani","Forward",2018,1,"La Liga","86.96","32","32",9,"5000000","Medium"
199258,"Andrea Petagna","Forward",2018,1,"Serie A","86.65","33","34",21,"9000000","Medium"
199258,"Andrea Petagna","Forward",2018,1,"Serie A","86.65","33","33",21,"9000000","Medium"
199258,"Andrea Petagna","Forward",2018,1,"Serie A","86.65","33","33",21,"9000000","Medium"
199258,"Andrea Petagna","Forward",2018,1,"Serie A","86.65","33","34",21,"9000000","Medium"
229004,"Moussa Dembélé","Forward",2018,1,"Ligue 1","86.45","35","35",6,"6000000","Medium"
111039,"Ishak Belfodil","Forward",2018,1,"Bundesliga","86.12","36","36",67,"5500000","Medium"
450826,"Callum Wilson","Forward",2018,1,"Premier League","86.11","37","37",41,"10000000","Medium"
252677,"José Luis Morales","Forward",2018,1,"La Liga","85.23","38","38",28,"2500000","Low"
157635,"Yussuf Poulsen","Forward",2018,1,"Bundesliga","85.15","39","39",41,"10000000","Medium"
57825,"Jorge Molina","Forward",2018,1,"La Liga","85.00","40","40",2,"500000","Low"
48280,"Edinson Cavani","Forward",2018,1,"Ligue 1","84.87","41","41",55,"60000000","Elite"
93720,"Alexandre Lacazette","Forward",2018,1,"Premier League","84.60","42","42",54,"55000000","High"
420002,"Jean-Philippe Mateta","Forward",2018,1,"Bundesliga","83.96","43","43",28,"2500000","Low"
255508,"Iñaki Williams","Forward",2018,1,"La Liga","83.32","44","44",26,"25000000","High"
39152,"Radamel Falcao","Forward",2018,1,"Ligue 1","83.23","45","45",16,"15000000","Medium"
64793,"Leonardo Pavoletti","Forward",2018,1,"Serie A","82.76","46","46",21,"9000000","Medium"
91059,"Joshua King","Forward",2018,1,"Premier League","82.71","47","47",20,"8000000","Medium"
51152,"Aleksandar Mitrović","Forward",2018,1,"Premier League","82.64","48","48",20,"8000000","Medium"
401173,"Jadon Sancho","Forward",2018,1,"Bundesliga","82.06","49","49",20,"8000000","Medium"
292818,"Jonathan Bamba","Forward",2018,1,"Ligue 1","81.29","50","50",6,"6000000","Medium"
133964,"Lorenzo Insigne","Forward",2018,1,"Serie A","80.94","51","51",55,"60000000","Elite"
126716,"Paco Alcácer","Forward",2018,1,"Bundesliga","80.73","52","52",10,"18000000","Medium"
227961,"Jaime Mata","Forward",2018,1,"La Liga","80.71","53","53",13,"1000000","Low"
167329,"Alassane Pléa","Forward",2018,1,"Bundesliga","80.45","54","54",16,"15000000","Medium"
80197,"Salomón Rondón","Forward",2018,1,"Premier League","79.72","55","55",47,"13000000","Medium"
63200,"Ashley Barnes","Forward",2018,1,"Premier League","79.19","56","56",14,"4000000","Low"
122155,"Willian José","Forward",2018,1,"La Liga","79.17","57","57",5,"12000000","Medium"
486078,"Charles","Forward",2018,1,"La Liga","78.75","58","58",17,"1500000","Low"
159471,"Serge Gnabry","Forward",2018,1,"Bundesliga","77.38","59","59",10,"18000000","Medium"
96341,"Romelu Lukaku","Forward",2018,1,"Premier League","76.83","60","61",19,"85000000","Elite"
192565,"Leroy Sané","Forward",2018,1,"Premier League","76.83","60","60",18,"75000000","Elite"
212391,"Roger Martí","Forward",2018,1,"La Liga","76.62","62","62",17,"1500000","Low"
94529,"Stephan El Shaarawy","Forward",2018,1,"Serie A","76.53","63","63",11,"20000000","High"
163222,"Grégoire Defrel","Forward",2018,1,"Serie A","76.50","64","66",41,"10000000","Medium"
163222,"Grégoire Defrel","Forward",2018,1,"Serie A","76.50","64","64",41,"10000000","Medium"
163222,"Grégoire Defrel","Forward",2018,1,"Serie A","76.50","64","65",41,"10000000","Medium"
163222,"Grégoire Defrel","Forward",2018,1,"Serie A","76.50","64","64",41,"10000000","Medium"
163222,"Grégoire Defrel","Forward",2018,1,"Serie A","76.50","64","66",41,"10000000","Medium"
163222,"Grégoire Defrel","Forward",2018,1,"Serie A","76.50","64","66",41,"10000000","Medium"
163222,"Grégoire Defrel","Forward",2018,1,"Serie A","76.50","64","64",41,"10000000","Medium"
163222,"Grégoire Defrel","Forward",2018,1,"Serie A","76.50","64","65",41,"10000000","Medium"
163222,"Grégoire Defrel","Forward",2018,1,"Serie A","76.50","64","65",41,"10000000","Medium"
129476,"Gerard Deulofeu","Forward",2018,1,"Premier League","76.42","67","67",24,"14000000","Medium"
187587,"Ante Rebić","Forward",2018,1,"Bundesliga","76.27","68","68",57,"8500000","Medium"
340950,"Diogo Jota","Forward",2018,1,"Premier League","76.01","69","69",5,"12000000","Medium"
177843,"Domenico Berardi","Forward",2018,1,"Serie A","75.76","70","70",11,"20000000","High"
65477,"Troy Deeney","Forward",2018,1,"Premier League","75.58","71","71",41,"10000000","Medium"
45693,"Glenn Murray","Forward",2018,1,"Premier League","75.58","72","72",23,"3000000","Low"
315110,"Karl Toko Ekambi","Forward",2018,1,"La Liga","75.33","73","73",25,"7000000","Medium"
284727,"Jonathan Calleri","Forward",2018,1,"La Liga","73.32","74","74",9,"5000000","Medium"
108725,"Chris Wood","Forward",2018,1,"Premier League","72.21","75","75",5,"12000000","Medium"
99353,"Portu","Forward",2018,1,"La Liga","72.15","76","76",9,"5000000","Medium"
177467,"Gerard Moreno","Forward",2018,1,"La Liga","71.91","77","77",5,"12000000","Medium"
7971,"Salomon Kalou","Forward",2018,1,"Bundesliga","71.85","78","78",33,"3500000","Low"
700646,"André Silva","Forward",2018,1,"La Liga","71.63","79","79",42,"22000000","High"
333241,"Joelinton","Forward",2018,1,"Bundesliga","71.44","80","80",48,"1250000","Low"
81988,"Sergi Enrich","Forward",2018,1,"La Liga","71.04","81","81",9,"5000000","Medium"
99180,"Federico Santander","Forward",2018,1,"Serie A","70.91","82","82",3,"2000000","Low"
61511,"Camillo Ciano","Forward",2018,1,"Serie A","70.25","83","83",80,"2800000","Low"
190780,"Emiliano Sala","Forward",2018,1,"Ligue 1","70.00","84","84",25,"7000000","Medium"
42936,"Nils Petersen","Forward",2018,1,"Bundesliga","69.95","85","85",32,"7500000","Medium"
77100,"Lucas Moura","Forward",2018,1,"Premier League","69.85","86","86",49,"28000000","High"
39381,"Gareth Bale","Forward",2018,1,"La Liga","69.52","87","87",18,"75000000","Elite"
196095,"Luca Waldschmidt","Forward",2018,1,"Bundesliga","69.36","88","88",28,"2500000","Low"
111961,"Suso","Forward",2018,1,"Serie A","68.78","89","89",22,"35000000","High"
341092,"Federico Chiesa","Forward",2018,1,"Serie A","68.14","90","90",65,"45000000","High"
184935,"Kalifa Coulibaly","Forward",2018,1,"Ligue 1","68.07","91","91",23,"3000000","Low"
134294,"Danny Ings","Forward",2018,1,"Premier League","67.90","92","93",20,"8000000","Medium"
134294,"Danny Ings","Forward",2018,1,"Premier League","67.90","92","92",20,"8000000","Medium"
134294,"Danny Ings","Forward",2018,1,"Premier League","67.90","92","92",20,"8000000","Medium"
134294,"Danny Ings","Forward",2018,1,"Premier League","67.90","92","93",20,"8000000","Medium"
363205,"Gabriel Jesus","Forward",2018,1,"Premier League","67.79","94","94",31,"70000000","Elite"
18900,"Hatem Ben Arfa","Forward",2018,1,"Ligue 1","67.54","95","95",20,"8000000","Medium"
37834,"Felipe Caicedo","Forward",2018,1,"Serie A","67.51","96","96",28,"2500000","Low"
16311,"Rouwen Hennings","Forward",2018,1,"Bundesliga","67.31","97","98",17,"1500000","Low"
51510,"Ángel Rodríguez","Forward",2018,1,"La Liga","67.31","97","97",3,"2000000","Low"
1004741,"Pedro","Forward",2018,1,"Premier League","66.40","99","99",26,"25000000","High"
282388,"Giovanni Simeone","Forward",2018,1,"Serie A","66.30","100","100",26,"25000000","High"
227081,"Joaquín Correa","Forward",2018,1,"Serie A","65.46","101","101",41,"10000000","Medium"
18909,"Jimmy Briand","Forward",2018,1,"Ligue 1","65.02","102","102",28,"2500000","Low"
288230,"Ousmane Dembélé","Forward",2018,1,"La Liga","65.00","103","103",15,"80000000","Elite"
193782,"Lucas Alario","Forward",2018,1,"Bundesliga","64.88","104","104",11,"20000000","High"
39106,"Ádám Szalai","Forward",2018,1,"Bundesliga","64.54","105","105",23,"3000000","Low"
255653,"Santi Mina","Forward",2018,1,"La Liga","64.11","106","106",41,"10000000","Medium"
59340,"Iago Falque","Forward",2018,1,"Serie A","63.42","107","107",47,"13000000","Medium"
283994,"Ludovic Ajorque","Forward",2018,1,"Ligue 1","62.87","108","108",59,"900000","Low"
60540,"Valère Germain","Forward",2018,1,"Ligue 1","61.47","109","109",41,"10000000","Medium"
184672,"Guido Carrillo","Forward",2018,1,"La Liga","61.19","110","110",6,"6000000","Medium"
119234,"Karim Onisiwo","Forward",2018,1,"Bundesliga","60.96","111","111",2,"500000","Low"
27389,"Kévin Gameiro","Forward",2018,1,"La Liga","60.48","112","112",11,"20000000","High"
55735,"Henrikh Mkhitaryan","Forward",2018,1,"Premier League","60.36","113","113",22,"35000000","High"
251106,"Enes Ünal","Forward",2018,1,"La Liga","60.28","114","114",6,"6000000","Medium"
80444,"Philippe Coutinho","Forward",2018,1,"La Liga","59.55","115","115",51,"90000000","Elite"
337725,"Christian Kouamé","Forward",2018,1,"Serie A","59.39","116","116",80,"2800000","Low"
330223,"Hendrik Weydandt","Forward",2018,1,"Bundesliga","59.29","117","117",58,"150000","Low"
206050,"Paulo Dybala","Forward",2018,1,"Serie A","59.11","118","118",36,"100000000","Elite"
392810,"Casimir Ninga","Forward",2018,1,"Ligue 1","58.78","119","119",28,"2500000","Low"
406625,"Lautaro Martínez","Forward",2018,1,"Serie A","57.39","120","120",26,"25000000","High"
357164,"Rafael Leão","Forward",2018,1,"Ligue 1","57.39","120","121",17,"1500000","Low"
243714,"Kingsley Coman","Forward",2018,1,"Bundesliga","57.31","122","122",8,"50000000","High"
45121,"Loïc Rémy","Forward",2018,1,"Ligue 1","57.05","123","123",20,"8000000","Medium"
189441,"Lucas Ocampos","Forward",2018,1,"Ligue 1","56.58","124","124",32,"7500000","Medium"
203507,"Adrien Hunou","Forward",2018,1,"Ligue 1","56.50","125","125",33,"3500000","Low"
387626,"Leon Bailey","Forward",2018,1,"Bundesliga","54.87","126","126",65,"45000000","High"
33713,"Theo Walcott","Forward",2018,1,"Premier League","54.14","127","127",11,"20000000","High"
306024,"Dominic Calvert-Lewin","Forward",2018,1,"Premier League","53.99","128","128",5,"12000000","Medium"
315865,"Andrea Pinamonti","Forward",2018,1,"Serie A","53.65","129","130",3,"2000000","Low"
315865,"Andrea Pinamonti","Forward",2018,1,"Serie A","53.65","129","129",3,"2000000","Low"
315865,"Andrea Pinamonti","Forward",2018,1,"Serie A","53.65","129","130",3,"2000000","Low"
315865,"Andrea Pinamonti","Forward",2018,1,"Serie A","53.65","129","129",3,"2000000","Low"
283528,"Ignacio Pussetto","Forward",2018,1,"Serie A","53.53","131","131",25,"7000000","Medium"
119235,"Carlos Bacca","Forward",2018,1,"La Liga","52.52","132","132",5,"12000000","Medium"
7663,"Joaquín","Forward",2018,1,"La Liga","52.23","133","133",2,"500000","Low"
86792,"Xherdan Shaqiri","Forward",2018,1,"Premier League","52.18","134","134",10,"18000000","Medium"
118732,"Pablo Chavarría","Forward",2018,1,"Ligue 1","51.60","135","135",3,"2000000","Low"
96828,"Simone Zaza","Forward",2018,1,"Serie A","50.83","136","136",26,"25000000","High"
126737,"Juanmi","Forward",2018,1,"La Liga","50.59","137","137",32,"7500000","Medium"
55338,"Willian","Forward",2018,1,"Premier League","50.30","138","138",50,"32000000","High"
29605,"Daniel Ciofani","Forward",2018,1,"Serie A","50.20","139","139",59,"900000","Low"
79501,"Daniel Ginczek","Forward",2018,1,"Bundesliga","50.12","140","140",33,"3500000","Low"
119228,"Luis Muriel","Forward",2018,1,"Serie A","49.26","141","141",16,"15000000","Medium"
119228,"Luis Muriel","Forward",2018,1,"Serie A","49.26","141","141",16,"15000000","Medium"
119228,"Luis Muriel","Forward",2018,1,"Serie A","49.26","141","142",16,"15000000","Medium"
119228,"Luis Muriel","Forward",2018,1,"Serie A","49.26","141","142",16,"15000000","Medium"
326300,"Jeff Reine-Adélaïde","Forward",2018,1,"Ligue 1","48.70","143","143",23,"3000000","Low"
237662,"Breel Embolo","Forward",2018,1,"Bundesliga","48.53","144","144",10,"18000000","Medium"
61087,"Karim Bellarabi","Forward",2018,1,"Bundesliga","48.45","145","145",5,"12000000","Medium"
193130,"Rachid Alioui","Forward",2018,1,"Ligue 1","48.27","146","146",28,"2500000","Low"
182916,"Wesley Saïd","Forward",2018,1,"Ligue 1","48.00","147","147",23,"3000000","Low"
114060,"Enric Gallego","Forward",2018,1,"La Liga","47.85","148","148",35,"350000","Low"
238752,"Keita Baldé","Forward",2018,1,"Serie A","47.77","149","150",43,"30000000","High"
238752,"Keita Baldé","Forward",2018,1,"Serie A","47.77","149","149",43,"30000000","High"
238752,"Keita Baldé","Forward",2018,1,"Serie A","47.77","149","149",43,"30000000","High"
238752,"Keita Baldé","Forward",2018,1,"Serie A","47.77","149","150",43,"30000000","High"
315779,"Christian Pulisic","Forward",2018,1,"Bundesliga","47.41","151","151",65,"45000000","High"
315779,"Christian Pulisic","Forward",2018,1,"Bundesliga","47.41","151","152",65,"45000000","High"
315779,"Christian Pulisic","Forward",2018,1,"Bundesliga","47.41","151","153",65,"45000000","High"
315779,"Christian Pulisic","Forward",2018,1,"Bundesliga","47.41","151","151",65,"45000000","High"
315779,"Christian Pulisic","Forward",2018,1,"Bundesliga","47.41","151","152",65,"45000000","High"
315779,"Christian Pulisic","Forward",2018,1,"Bundesliga","47.41","151","153",65,"45000000","High"
315779,"Christian Pulisic","Forward",2018,1,"Bundesliga","47.41","151","151",65,"45000000","High"
315779,"Christian Pulisic","Forward",2018,1,"Bundesliga","47.41","151","152",65,"45000000","High"
315779,"Christian Pulisic","Forward",2018,1,"Bundesliga","47.41","151","153",65,"45000000","High"
141660,"Jesse Lingard","Forward",2018,1,"Premier League","47.39","154","154",26,"25000000","High"
83877,"Diego Farias","Forward",2018,1,"Serie A","47.29","155","155",76,"3300000","Low"
85324,"Borja Bastón","Forward",2018,1,"La Liga","47.03","156","156",9,"5000000","Medium"
223725,"Munir El Haddadi","Forward",2018,1,"La Liga","46.60","157","157",21,"9000000","Medium"
242631,"Alex Iwobi","Forward",2018,1,"Premier League","46.20","158","158",41,"10000000","Medium"
39153,"Gonzalo Higuaín","Forward",2018,1,"Premier League","45.97","159","159",55,"60000000","Elite"
169555,"Callum Paterson","Forward",2018,1,"Premier League","45.84","160","160",13,"1000000","Low"
178459,"Davie Selke","Forward",2018,1,"Bundesliga","45.59","161","161",5,"12000000","Medium"
292417,"Demarai Gray","Forward",2018,1,"Premier League","45.26","162","162",16,"15000000","Medium"
37304,"Shane Long","Forward",2018,1,"Premier League","45.23","163","163",20,"8000000","Medium"
98349,"Romain Hamouma","Forward",2018,1,"Ligue 1","45.20","164","164",28,"2500000","Low"
204294,"Saman Ghoddos","Forward",2018,1,"Ligue 1","44.46","165","165",60,"1750000","Low"
1064403,"Álvaro García","Forward",2018,1,"La Liga","44.36","166","166",9,"5000000","Medium"
146752,"Gianluca Caprari","Forward",2018,1,"Serie A","44.13","167","167",32,"7500000","Medium"
42783,"André Hahn","Forward",2018,1,"Bundesliga","43.89","168","168",23,"3000000","Low"
49239,"Guido Burgstaller","Forward",2018,1,"Bundesliga","43.70","169","169",41,"10000000","Medium"
54984,"Diego Perotti","Forward",2018,1,"Serie A","43.30","170","170",11,"20000000","High"
12563,"Goran Pandev","Forward",2018,1,"Serie A","42.64","171","171",2,"500000","Low"
5928,"Sergio Pellissier","Forward",2018,1,"Serie A","42.57","172","172",34,"200000","Low"
364135,"Moise Kean","Forward",2018,1,"Serie A","42.44","173","173",5,"12000000","Medium"
532,"Claudio Pizarro","Forward",2018,1,"Bundesliga","41.63","174","174",2,"500000","Low"
392775,"Ryan Sessegnon","Forward",2018,1,"Premier League","41.49","175","175",26,"25000000","High"
243606,"Anastasios Donis","Forward",2018,1,"Bundesliga","40.61","176","176",23,"3000000","Low"
251303,"Johannes Eggestein","Forward",2018,1,"Bundesliga","40.54","177","177",2,"500000","Low"
127194,"Yaya Sanogo","Forward",2018,1,"Ligue 1","40.02","178","178",13,"1000000","Low"
152963,"Florian Niederlechner","Forward",2018,1,"Bundesliga","39.70","179","179",52,"4500000","Low"
298976,"Borja Mayoral","Forward",2018,1,"La Liga","39.17","180","181",32,"7500000","Medium"
298976,"Borja Mayoral","Forward",2018,1,"La Liga","39.17","180","180",32,"7500000","Medium"
298976,"Borja Mayoral","Forward",2018,1,"La Liga","39.17","180","181",32,"7500000","Medium"
298976,"Borja Mayoral","Forward",2018,1,"La Liga","39.17","180","180",32,"7500000","Medium"
16922,"Kevin-Prince Boateng","Forward",2018,1,"Serie A","38.70","182","182",38,"6500000","Medium"
424051,"Samuel Kalu","Forward",2018,1,"Ligue 1","38.66","183","183",14,"4000000","Low"
248999,"Lucas Höler","Forward",2018,1,"Bundesliga","38.35","184","184",17,"1500000","Low"
195171,"Samu Castillejo","Forward",2018,1,"Serie A","37.48","185","185",25,"7000000","Medium"
142281,"Anthony Ujah","Forward",2018,1,"Bundesliga","37.33","186","186",3,"2000000","Low"
242086,"Patrik Schick","Forward",2018,1,"Serie A","36.63","187","187",11,"20000000","High"
238639,"Steve Mounié","Forward",2018,1,"Premier League","36.44","188","188",41,"10000000","Medium"
108650,"Yuya Osako","Forward",2018,1,"Bundesliga","35.50","189","189",52,"4500000","Low"
122116,"Nicolas de Préville","Forward",2018,1,"Ligue 1","35.07","190","190",25,"7000000","Medium"
48298,"Lars Stindl","Forward",2018,1,"Bundesliga","33.88","191","191",10,"18000000","Medium"
82442,"Olivier Giroud","Forward",2018,1,"Premier League","33.88","192","192",11,"20000000","High"
270541,"Serhou Guirassy","Forward",2018,1,"Ligue 1","33.56","193","193",28,"2500000","Low"
270541,"Serhou Guirassy","Forward",2018,1,"Ligue 1","33.56","193","194",28,"2500000","Low"
270541,"Serhou Guirassy","Forward",2018,1,"Ligue 1","33.56","193","194",28,"2500000","Low"
270541,"Serhou Guirassy","Forward",2018,1,"Ligue 1","33.56","193","193",28,"2500000","Low"
324811,"Arnaud Nordin","Forward",2018,1,"Ligue 1","33.30","195","195",27,"600000","Low"
234523,"Antonio Sanabria","Forward",2018,1,"Serie A","32.57","196","196",32,"7500000","Medium"
265078,"Patrick Cutrone","Forward",2018,1,"Serie A","32.49","197","197",11,"20000000","High"
209212,"Solly March","Forward",2018,1,"Premier League","31.73","198","198",33,"3500000","Low"
323169,"Sergio García","Forward",2018,1,"La Liga","31.55","199","199",3,"2000000","Low"
316137,"Moussa Doumbia","Forward",2018,1,"Ligue 1","31.06","200","200",2,"500000","Low"
81460,"Nolan Roux","Forward",2018,1,"Ligue 1","30.53","201","201",28,"2500000","Low"
32711,"Patrick Herrmann","Forward",2018,1,"Bundesliga","30.31","202","202",52,"4500000","Low"
347595,"Clément Depres","Forward",2018,1,"Ligue 1","29.70","203","203",27,"600000","Low"
287876,"Antonino La Gumina","Forward",2018,1,"Serie A","29.47","204","204",3,"2000000","Low"
435485,"Luiz Araújo","Forward",2018,1,"Ligue 1","29.03","205","205",21,"9000000","Medium"
75489,"Niclas Füllkrug","Forward",2018,1,"Bundesliga","28.65","206","206",9,"5000000","Medium"
149716,"Ivan Cavaleiro","Forward",2018,1,"Premier League","28.48","207","207",41,"10000000","Medium"
330659,"Justin Kluivert","Forward",2018,1,"Serie A","28.35","208","208",32,"7500000","Medium"
293281,"Jacob Bruun Larsen","Forward",2018,1,"Bundesliga","28.25","209","209",2,"500000","Low"
129627,"Charlie Austin","Forward",2018,1,"Premier League","27.85","210","210",5,"12000000","Medium"
72519,"Bobby Wood","Forward",2018,1,"Bundesliga","27.44","211","211",23,"3000000","Low"
38607,"Federico Di Francesco","Forward",2018,1,"Serie A","26.85","212","212",33,"3500000","Low"
177847,"Adnan Januzaj","Forward",2018,1,"La Liga","26.82","213","213",41,"10000000","Medium"
264956,"Jean-Kévin Augustin","Forward",2018,1,"Bundesliga","26.62","214","214",11,"20000000","High"
290561,"Alexandre Mendy","Forward",2018,1,"Ligue 1","26.55","215","215",28,"2500000","Low"
93827,"Steven Skrzybski","Forward",2018,1,"Bundesliga","26.52","216","216",60,"1750000","Low"
111048,"Benjamin Jeannot","Forward",2018,1,"Ligue 1","26.37","217","217",28,"2500000","Low"
221316,"Lucas Vázquez","Forward",2018,1,"La Liga","26.16","218","218",16,"15000000","Medium"
35743,"Fabio Ceravolo","Forward",2018,1,"Serie A","25.74","219","219",3,"2000000","Low"
30638,"Sergio Floccari","Forward",2018,1,"Serie A","25.51","220","220",44,"300000","Low"
181547,"Gonçalo Paciência","Forward",2018,1,"Bundesliga","25.46","221","221",3,"2000000","Low"
58345,"Jonathas","Forward",2018,1,"Bundesliga","24.37","222","222",6,"6000000","Medium"
35564,"Fernando Llorente","Forward",2018,1,"Premier League","24.34","223","223",20,"8000000","Medium"
148368,"Divock Origi","Forward",2018,1,"Premier League","24.27","224","224",41,"10000000","Medium"
177065,"Florin Andone","Forward",2018,1,"Premier League","24.11","225","225",14,"4000000","Low"
295331,"Isaac Success","Forward",2018,1,"Premier League","23.80","226","226",14,"4000000","Low"
531949,"Ignatius Ganago","Forward",2018,1,"Ligue 1","23.63","227","227",28,"2500000","Low"
86079,"Luca Siligardi","Forward",2018,1,"Serie A","23.20","228","228",59,"900000","Low"
134936,"Jesé","Forward",2018,1,"La Liga","23.12","229","229",32,"7500000","Medium"
166240,"Jürgen Locadia","Forward",2018,1,"Premier League","23.10","230","230",57,"8500000","Medium"
29124,"Aritz Aduriz","Forward",2018,1,"La Liga","22.77","231","231",13,"1000000","Low"
40660,"Alessandro Matri","Forward",2018,1,"Serie A","22.36","232","232",2,"500000","Low"
525287,"Carlos Vinícius","Forward",2018,1,"Ligue 1","22.33","233","235",27,"600000","Low"
525287,"Carlos Vinícius","Forward",2018,1,"Ligue 1","22.33","233","233",27,"600000","Low"
525287,"Carlos Vinícius","Forward",2018,1,"Ligue 1","22.33","233","234",27,"600000","Low"
525287,"Carlos Vinícius","Forward",2018,1,"Ligue 1","22.33","233","235",27,"600000","Low"
525287,"Carlos Vinícius","Forward",2018,1,"Ligue 1","22.33","233","236",27,"600000","Low"
525287,"Carlos Vinícius","Forward",2018,1,"Ligue 1","22.33","233","233",27,"600000","Low"
525287,"Carlos Vinícius","Forward",2018,1,"Ligue 1","22.33","233","234",27,"600000","Low"
525287,"Carlos Vinícius","Forward",2018,1,"Ligue 1","22.33","233","236",27,"600000","Low"
525287,"Carlos Vinícius","Forward",2018,1,"Ligue 1","22.33","233","233",27,"600000","Low"
525287,"Carlos Vinícius","Forward",2018,1,"Ligue 1","22.33","233","234",27,"600000","Low"
525287,"Carlos Vinícius","Forward",2018,1,"Ligue 1","22.33","233","235",27,"600000","Low"
525287,"Carlos Vinícius","Forward",2018,1,"Ligue 1","22.33","233","236",27,"600000","Low"
525287,"Carlos Vinícius","Forward",2018,1,"Ligue 1","22.33","233","233",27,"600000","Low"
525287,"Carlos Vinícius","Forward",2018,1,"Ligue 1","22.33","233","234",27,"600000","Low"
525287,"Carlos Vinícius","Forward",2018,1,"Ligue 1","22.33","233","235",27,"600000","Low"
525287,"Carlos Vinícius","Forward",2018,1,"Ligue 1","22.33","233","236",27,"600000","Low"
486624,"Musa Barrow","Forward",2018,1,"Serie A","21.96","237","237",2,"500000","Low"
108354,"Jordan Ayew","Forward",2018,1,"Premier League","21.96","237","238",25,"7000000","Medium"
335103,"Linton Maina","Forward",2018,1,"Bundesliga","21.91","239","239",2,"500000","Low"
40433,"Alexis Sánchez","Forward",2018,1,"Premier League","21.50","240","240",31,"70000000","Elite"
19819,"Raffael","Forward",2018,1,"Bundesliga","21.49","241","241",14,"4000000","Low"
402117,"Jules Keita","Forward",2018,1,"Ligue 1","21.19","242","242",13,"1000000","Low"
173900,"Hélder Costa","Forward",2018,1,"Premier League","21.11","243","243",41,"10000000","Medium"
546212,"Diego Costa","Forward",2018,1,"La Liga","20.54","244","244",8,"50000000","High"
68306,"Alberto Paloschi","Forward",2018,1,"Serie A","19.95","245","245",33,"3500000","Low"
424709,"Cheick Timite","Forward",2018,1,"Ligue 1","19.49","246","246",58,"150000","Low"
5303,"Souleymane Camara","Forward",2018,1,"Ligue 1","18.93","247","247",2,"500000","Low"
50201,"Christian Benteke","Forward",2018,1,"Premier League","18.88","248","248",42,"22000000","High"
295330,"Kelechi Iheanacho","Forward",2018,1,"Premier League","18.53","249","249",16,"15000000","Medium"
75287,"Seydou Doumbia","Forward",2018,1,"La Liga","18.35","250","250",9,"5000000","Medium"
98596,"John Guidetti","Forward",2018,1,"La Liga","17.61","251","251",9,"5000000","Medium"
73636,"Hernán Pérez","Forward",2018,1,"La Liga","15.64","252","252",17,"1500000","Low"
81999,"Joselu","Forward",2018,1,"Premier League","15.54","253","253",14,"4000000","Low"
25488,"Antonio Candreva","Forward",2018,1,"Serie A","15.35","254","254",70,"17500000","Medium"
393325,"Josh Sargent","Forward",2018,1,"Bundesliga","14.88","255","255",58,"150000","Low"
199369,"Sandro Ramírez","Forward",2018,1,"La Liga","14.17","256","256",41,"10000000","Medium"
199369,"Sandro Ramírez","Forward",2018,1,"La Liga","14.17","256","257",41,"10000000","Medium"
199369,"Sandro Ramírez","Forward",2018,1,"La Liga","14.17","256","256",41,"10000000","Medium"
199369,"Sandro Ramírez","Forward",2018,1,"La Liga","14.17","256","257",41,"10000000","Medium"
75615,"Douglas Costa","Forward",2018,1,"Serie A","14.01","258","258",7,"40000000","High"
56067,"Pablo Piatti","Forward",2018,1,"La Liga","13.94","259","259",6,"6000000","Medium"
289236,"Jon Bautista","Forward",2018,1,"La Liga","13.76","260","260",23,"3000000","Low"
130394,"Gianluca Lapadula","Forward",2018,1,"Serie A","13.25","261","262",25,"7000000","Medium"
130394,"Gianluca Lapadula","Forward",2018,1,"Serie A","13.25","261","262",25,"7000000","Medium"
130394,"Gianluca Lapadula","Forward",2018,1,"Serie A","13.25","261","261",25,"7000000","Medium"
130394,"Gianluca Lapadula","Forward",2018,1,"Serie A","13.25","261","261",25,"7000000","Medium"
314678,"Brahim Díaz","Forward",2018,1,"La Liga","13.20","263","263",28,"2500000","Low"
89591,"Felix Klaus","Forward",2018,1,"Bundesliga","13.05","264","264",52,"4500000","Low"
208167,"Dawid Kownacki","Forward",2018,1,"Serie A","13.05","264","265",25,"7000000","Medium"
209781,"Oumar Niasse","Forward",2018,1,"Premier League","12.19","266","266",20,"8000000","Medium"
131248,"Joel Campbell","Forward",2018,1,"Serie A","10.25","267","267",23,"3000000","Low"
406040,"Ademola Lookman","Forward",2018,1,"Premier League","9.77","268","268",25,"7000000","Medium"
119369,"Federico Dionisi","Forward",2018,1,"Serie A","9.31","269","269",81,"1900000","Low"
47285,"Ibrahima Traoré","Forward",2018,1,"Bundesliga","9.19","270","270",33,"3500000","Low"
203026,"Danny Ward","Forward",2018,1,"Premier League","9.06","271","271",28,"2500000","Low"
284737,"Törles Knöll","Forward",2018,1,"Bundesliga","8.61","272","272",83,"450000","Low"
58124,"Julian Schieber","Forward",2018,1,"Bundesliga","7.87","273","273",13,"1000000","Low"
127837,"Ibai Gómez","Forward",2018,1,"La Liga","7.19","274","274",23,"3000000","Low"
211251,"Darwin Machís","Forward",2018,1,"Serie A","7.13","275","276",40,"1800000","Low"
211251,"Darwin Machís","Forward",2018,1,"Serie A","7.13","275","275",40,"1800000","Low"
211251,"Darwin Machís","Forward",2018,1,"Serie A","7.13","275","275",40,"1800000","Low"
211251,"Darwin Machís","Forward",2018,1,"Serie A","7.13","275","276",40,"1800000","Low"
323147,"Enrico Brignola","Forward",2018,1,"Serie A","7.08","277","277",2,"500000","Low"
197751,"Alberto Cerri","Forward",2018,1,"Serie A","6.82","278","278",32,"7500000","Medium"
197751,"Alberto Cerri","Forward",2018,1,"Serie A","6.82","278","279",32,"7500000","Medium"
197751,"Alberto Cerri","Forward",2018,1,"Serie A","6.82","278","278",32,"7500000","Medium"
197751,"Alberto Cerri","Forward",2018,1,"Serie A","6.82","278","279",32,"7500000","Medium"
258889,"Dominic Solanke","Forward",2018,1,"Premier League","6.49","280","280",20,"8000000","Medium"
48066,"Andy Carroll","Forward",2018,1,"Premier League","6.25","281","281",41,"10000000","Medium"
119115,"Diego Falcinelli","Forward",2018,1,"Serie A","6.20","282","282",77,"3800000","Low"
20463,"Corentin Jean","Forward",2018,1,"Ligue 1","5.33","283","283",28,"2500000","Low"
165722,"Antonio Di Gaudio","Forward",2018,1,"Serie A","5.28","284","284",40,"1800000","Low"
386315,"Nathaël Julan","Forward",2018,1,"Ligue 1","5.08","285","285",27,"600000","Low"
245078,"Nemanja Radonjić","Forward",2018,1,"Ligue 1","4.93","286","286",28,"2500000","Low"
412095,"Ihsan Sacko","Forward",2018,1,"Ligue 1","4.50","287","287",29,"400000","Low"
45567,"Jonathan Biabiany","Forward",2018,1,"Serie A","4.13","288","288",60,"1750000","Low"
192736,"Sabin Merino","Forward",2018,1,"La Liga","3.89","289","289",17,"1500000","Low"
145769,"Sergio León","Forward",2018,1,"La Liga","3.76","290","290",9,"5000000","Medium"
340151,"Andrea Favilli","Forward",2018,1,"Serie A","3.70","291","291",14,"4000000","Low"
106270,"Florian Kainz","Forward",2018,1,"Bundesliga","3.65","292","292",14,"4000000","Low"
49501,"Elias Kachunga","Forward",2018,1,"Premier League","3.30","293","293",33,"3500000","Low"
408471,"Javi Puado","Forward",2018,1,"La Liga","3.00","294","294",34,"200000","Low"
453594,"Adama Diakhaby","Forward",2018,1,"Premier League","2.85","295","295",21,"9000000","Medium"
80173,"Frédéric Sammaritano","Forward",2018,1,"Ligue 1","2.61","296","296",13,"1000000","Low"
333647,"Jonathan Burkardt","Forward",2018,1,"Bundesliga","2.51","297","297",17,"1500000","Low"
56912,"Levan Mchedlidze","Forward",2018,1,"Serie A","1.80","298","298",27,"600000","Low"
193033,"Tim Kleindienst","Forward",2018,1,"Bundesliga","1.57","299","299",3,"2000000","Low"
238407,"Alexander Sørloth","Forward",2018,1,"Premier League","1.25","300","300",25,"7000000","Medium"
70934,"Nolito","Forward",2018,1,"La Liga","0.66","301","301",6,"6000000","Medium"
181778,"Emerson","Forward",2018,1,"La Liga","0.59","302","302",11,"20000000","High"
193877,"Pascal Köpke","Forward",2018,1,"Bundesliga","0.25","303","303",17,"1500000","Low"
178187,"Álex Alegría","Forward",2018,1,"La Liga","0.10","304","304",13,"1000000","Low"
20005,"Papu Gómez","Midfielder",2018,1,"Serie A","98.74","1","1",10,"18000000","Medium"
86759,"David Silva","Midfielder",2018,1,"Premier League","97.24","2","2",43,"30000000","High"
187492,"Julian Brandt","Midfielder",2018,1,"Bundesliga","95.94","3","3",22,"35000000","High"
126414,"Hakan Çalhanoğlu","Midfielder",2018,1,"Serie A","95.49","4","4",42,"22000000","High"
122153,"Paul Pogba","Midfielder",2018,1,"Premier League","95.44","5","5",51,"90000000","Elite"
69633,"Christian Eriksen","Midfielder",2018,1,"Premier League","95.44","6","6",31,"70000000","Elite"
127156,"Téji Savanier","Midfielder",2018,1,"Ligue 1","95.37","7","7",28,"2500000","Low"
15799,"Santi Cazorla","Midfielder",2018,1,"La Liga","95.15","8","8",9,"5000000","Medium"
120095,"José Campaña","Midfielder",2018,1,"La Liga","94.29","9","9",23,"3000000","Low"
74230,"Pablo Sarabia","Midfielder",2018,1,"La Liga","94.26","10","10",10,"18000000","Medium"
332889,"Valentin Rongier","Midfielder",2018,1,"Ligue 1","93.42","11","11",32,"7500000","Medium"
113707,"Rémy Cabella","Midfielder",2018,1,"Ligue 1","93.13","12","12",9,"5000000","Medium"
128220,"Luis Alberto","Midfielder",2018,1,"Serie A","92.96","13","13",42,"22000000","High"
294057,"James Maddison","Midfielder",2018,1,"Premier League","92.83","14","14",41,"10000000","Medium"
395693,"Houssem Aouar","Midfielder",2018,1,"Ligue 1","92.66","15","15",26,"25000000","High"
146795,"Ryan Fraser","Midfielder",2018,1,"Premier League","92.14","16","16",9,"5000000","Medium"
241641,"Bernardo Silva","Midfielder",2018,1,"Premier League","91.65","17","17",7,"40000000","High"
159372,"Felipe Anderson","Midfielder",2018,1,"Premier League","91.01","18","18",43,"30000000","High"
164771,"Jordan Veretout","Midfielder",2018,1,"Serie A","90.15","19","19",10,"18000000","Medium"
53418,"Kevin Kampl","Midfielder",2018,1,"Bundesliga","89.46","20","20",10,"18000000","Medium"
31909,"Toni Kroos","Midfielder",2018,1,"La Liga","89.31","21","21",15,"80000000","Elite"
68290,"Neymar","Midfielder",2018,1,"Ligue 1","89.09","22","22",12,"180000000","Elite"
12249,"Éver Banega","Midfielder",2018,1,"La Liga","88.87","23","23",5,"12000000","Medium"
461906,"João Moutinho","Midfielder",2018,1,"Premier League","88.13","24","24",58,"150000","Low"
181136,"Piotr Zieliński","Midfielder",2018,1,"Serie A","87.22","25","25",50,"32000000","High"
60444,"Thiago Alcántara","Midfielder",2018,1,"Bundesliga","86.77","26","26",55,"60000000","Elite"
127187,"Abdoulaye Doucouré","Midfielder",2018,1,"Premier League","86.55","27","27",5,"12000000","Medium"
222859,"Florent Mollet","Midfielder",2018,1,"Ligue 1","86.53","28","28",48,"1250000","Low"
175449,"Moi Gómez","Midfielder",2018,1,"La Liga","86.45","29","29",3,"2000000","Low"
225083,"N'Golo Kanté","Midfielder",2018,1,"Premier League","86.40","30","30",55,"60000000","Elite"
255942,"Nicolò Barella","Midfielder",2018,1,"Serie A","86.33","31","31",11,"20000000","High"
135617,"Thiago Mendes","Midfielder",2018,1,"Ligue 1","86.31","32","32",21,"9000000","Medium"
61253,"José Callejón","Midfielder",2018,1,"Serie A","86.11","33","33",75,"24000000","High"
72479,"Clément Grenier","Midfielder",2018,1,"Ligue 1","86.01","34","34",3,"2000000","Low"
58358,"Thomas Müller","Midfielder",2018,1,"Bundesliga","85.91","35","35",54,"55000000","High"
53622,"İlkay Gündoğan","Midfielder",2018,1,"Premier League","85.47","36","36",43,"30000000","High"
106872,"Kevin Stöger","Midfielder",2018,1,"Bundesliga","84.63","37","37",13,"1000000","Low"
309400,"Kai Havertz","Midfielder",2018,1,"Bundesliga","84.48","38","38",26,"25000000","High"
60890,"Fabián Orellana","Midfielder",2018,1,"La Liga","84.36","39","39",3,"2000000","Low"
203496,"Nabil Fekir","Midfielder",2018,1,"Ligue 1","84.14","40","40",8,"50000000","High"
129078,"Nathan Redmond","Midfielder",2018,1,"Premier League","84.01","41","41",10,"18000000","Medium"
263727,"Joan Jordán","Midfielder",2018,1,"La Liga","83.92","42","42",33,"3500000","Low"
66106,"Sergio Canales","Midfielder",2018,1,"La Liga","83.69","43","43",14,"4000000","Low"
184491,"Naïm Sliti","Midfielder",2018,1,"Ligue 1","83.57","44","44",33,"3500000","Low"
266302,"Sergej Milinković-Savić","Midfielder",2018,1,"Serie A","83.52","45","45",31,"70000000","Elite"
37647,"Dimitri Payet","Midfielder",2018,1,"Ligue 1","82.73","46","46",42,"22000000","High"
255284,"Álex Granell","Midfielder",2018,1,"La Liga","82.29","47","47",28,"2500000","Low"
228761,"Jony","Midfielder",2018,1,"La Liga","82.00","48","48",17,"1500000","Low"
351816,"Ismaël Bennacer","Midfielder",2018,1,"Serie A","81.70","49","49",23,"3000000","Low"
294808,"Franck Kessié","Midfielder",2018,1,"Serie A","80.71","50","50",26,"25000000","High"
357885,"Pablo Fornals","Midfielder",2018,1,"La Liga","80.32","51","51",16,"15000000","Medium"
76163,"Franco Vázquez","Midfielder",2018,1,"La Liga","80.25","52","52",5,"12000000","Medium"
309110,"Brais Méndez","Midfielder",2018,1,"La Liga","80.20","53","53",2,"500000","Low"
341705,"Gerson","Midfielder",2018,1,"Serie A","80.07","54","54",41,"10000000","Medium"
227085,"Jonas Hofmann","Midfielder",2018,1,"Bundesliga","79.93","55","55",58,"150000","Low"
74229,"Koke","Midfielder",2018,1,"La Liga","79.04","56","56",31,"70000000","Elite"
15951,"Dani Alves","Midfielder",2018,1,"Ligue 1","78.89","57","57",6,"6000000","Medium"
20506,"Andrés Guardado","Midfielder",2018,1,"La Liga","78.23","58","58",9,"5000000","Medium"
3333,"James Milner","Midfielder",2018,1,"Premier League","78.18","59","59",5,"12000000","Medium"
67808,"Borja García","Midfielder",2018,1,"La Liga","77.68","60","60",28,"2500000","Low"
54235,"Iker Muniain","Midfielder",2018,1,"La Liga","77.66","61","61",21,"9000000","Medium"
89701,"Charles Aránguiz","Midfielder",2018,1,"Bundesliga","77.49","62","62",41,"10000000","Medium"
140757,"Daniel Bessa","Midfielder",2018,1,"Serie A","77.17","63","63",14,"4000000","Low"
278332,"Florian Neuhaus","Midfielder",2018,1,"Bundesliga","77.07","64","64",17,"1500000","Low"
111455,"Granit Xhaka","Midfielder",2018,1,"Premier League","76.45","65","65",22,"35000000","High"
232418,"Ondrej Duda","Midfielder",2018,1,"Bundesliga","76.23","66","66",23,"3000000","Low"
372246,"Carlos Soler","Midfielder",2018,1,"La Liga","76.13","67","67",26,"25000000","High"
215977,"Adrien Thomasson","Midfielder",2018,1,"Ligue 1","76.13","68","68",14,"4000000","Low"
389324,"Fernandinho","Midfielder",2018,1,"Premier League","76.08","69","69",16,"15000000","Medium"
266359,"Benjamin Bourigeaud","Midfielder",2018,1,"Ligue 1","75.99","70","70",20,"8000000","Medium"
41416,"James McArthur","Midfielder",2018,1,"Premier League","75.91","71","71",6,"6000000","Medium"
290593,"Sada Thioub","Midfielder",2018,1,"Ligue 1","75.81","72","72",48,"1250000","Low"
216179,"Stefano Sensi","Midfielder",2018,1,"Serie A","75.74","73","73",33,"3500000","Low"
67548,"Rubén Rochina","Midfielder",2018,1,"La Liga","75.17","74","74",17,"1500000","Low"
91317,"Ashley Westwood","Midfielder",2018,1,"Premier League","75.02","75","75",14,"4000000","Low"
448344,"Óscar Melendo","Midfielder",2018,1,"La Liga","74.93","76","76",27,"600000","Low"
195736,"Florian Grillitsch","Midfielder",2018,1,"Bundesliga","74.83","77","77",32,"7500000","Medium"
142021,"Sergi Darder","Midfielder",2018,1,"La Liga","74.66","78","78",39,"11000000","Medium"
288225,"Ludovic Blas","Midfielder",2018,1,"Ligue 1","73.99","79","79",9,"5000000","Medium"
56762,"Pasquale Schiattarella","Midfielder",2018,1,"Serie A","73.60","80","80",74,"1200000","Low"
182574,"Jean-Paul Boëtius","Midfielder",2018,1,"Bundesliga","73.30","81","81",28,"2500000","Low"
100131,"William Carvalho","Midfielder",2018,1,"La Liga","73.18","82","82",26,"25000000","High"
225873,"Karol Linetty","Midfielder",2018,1,"Serie A","72.98","83","83",16,"15000000","Medium"
71918,"David Ferreiro","Midfielder",2018,1,"La Liga","72.81","84","84",30,"800000","Low"
199248,"Bryan Cristante","Midfielder",2018,1,"Serie A","72.56","85","86",11,"20000000","High"
199248,"Bryan Cristante","Midfielder",2018,1,"Serie A","72.56","85","86",11,"20000000","High"
199248,"Bryan Cristante","Midfielder",2018,1,"Serie A","72.56","85","85",11,"20000000","High"
199248,"Bryan Cristante","Midfielder",2018,1,"Serie A","72.56","85","85",11,"20000000","High"
123275,"Tom Cairney","Midfielder",2018,1,"Premier League","72.56","85","87",16,"15000000","Medium"
277033,"David Brooks","Midfielder",2018,1,"Premier League","72.34","88","88",9,"5000000","Medium"
174094,"Morgan Sanson","Midfielder",2018,1,"Ligue 1","72.29","89","89",10,"18000000","Medium"
263918,"Aleksandr Golovin","Midfielder",2018,1,"Ligue 1","71.80","90","90",10,"18000000","Medium"
82070,"Diego Demme","Midfielder",2018,1,"Bundesliga","71.48","91","91",21,"9000000","Medium"
182889,"Wylan Cyprien","Midfielder",2018,1,"Ligue 1","71.21","92","92",41,"10000000","Medium"
375885,"Ibrahim Sangaré","Midfielder",2018,1,"Ligue 1","70.39","93","93",29,"400000","Low"
263856,"Víctor Camarasa","Midfielder",2018,1,"Premier League","70.30","94","94",6,"6000000","Medium"
184894,"Alfred Duncan","Midfielder",2018,1,"Serie A","70.05","95","95",41,"10000000","Medium"
111078,"Emil Forsberg","Midfielder",2018,1,"Bundesliga","69.63","96","96",26,"25000000","High"
286297,"Lorenzo Pellegrini","Midfielder",2018,1,"Serie A","69.61","97","97",64,"23000000","High"
118278,"Xavier Chavalerin","Midfielder",2018,1,"Ligue 1","69.58","98","98",13,"1000000","Low"
134883,"Daniele Baselli","Midfielder",2018,1,"Serie A","69.24","99","99",41,"10000000","Medium"
205562,"Thomas Lemar","Midfielder",2018,1,"La Liga","69.16","100","100",66,"65000000","Elite"
82873,"Pascal Groß","Midfielder",2018,1,"Premier League","68.60","101","101",21,"9000000","Medium"
207014,"Will Hughes","Midfielder",2018,1,"Premier League","68.45","102","102",41,"10000000","Medium"
182893,"Seko Fofana","Midfielder",2018,1,"Serie A","68.35","103","103",78,"9500000","Medium"
215616,"Erick Pulgar","Midfielder",2018,1,"Serie A","68.18","104","104",6,"6000000","Medium"
246968,"Ayoze Pérez","Midfielder",2018,1,"Premier League","68.15","105","105",20,"8000000","Medium"
84835,"Emanuele Giaccherini","Midfielder",2018,1,"Serie A","67.98","106","106",13,"1000000","Low"
177779,"Janik Haberer","Midfielder",2018,1,"Bundesliga","67.88","107","107",9,"5000000","Medium"
46001,"Moussa Sissoko","Midfielder",2018,1,"Premier League","67.86","108","108",11,"20000000","High"
88755,"Kevin De Bruyne","Midfielder",2018,1,"Premier League","67.36","109","109",53,"110000000","Elite"
138803,"Francisco Portillo","Midfielder",2018,1,"La Liga","67.04","110","110",17,"1500000","Low"
372712,"Ibrahima Sissoko","Midfielder",2018,1,"Ligue 1","66.63","111","111",71,"700000","Low"
230784,"Thomas Partey","Midfielder",2018,1,"La Liga","66.53","112","112",20,"8000000","Medium"
290587,"Ellyes Skhiri","Midfielder",2018,1,"Ligue 1","66.53","113","113",20,"8000000","Medium"
207929,"Dele Alli","Midfielder",2018,1,"Premier League","66.48","114","114",15,"80000000","Elite"
247250,"Rubén Alcaraz","Midfielder",2018,1,"La Liga","66.16","115","115",27,"600000","Low"
225122,"Gonçalo Guedes","Midfielder",2018,1,"La Liga","66.06","116","116",7,"40000000","High"
646658,"Aaron Ramsey","Midfielder",2018,1,"Premier League","65.99","117","117",7,"40000000","High"
197300,"Federico Bernardeschi","Midfielder",2018,1,"Serie A","65.59","118","118",7,"40000000","High"
153084,"Leon Goretzka","Midfielder",2018,1,"Bundesliga","65.57","119","119",7,"40000000","High"
266807,"Ángel Correa","Midfielder",2018,1,"La Liga","65.47","120","120",11,"20000000","High"
22068,"Franck Ribéry","Midfielder",2018,1,"Bundesliga","65.34","121","121",14,"4000000","Low"
75942,"Tomás Rincón","Midfielder",2018,1,"Serie A","65.12","122","122",20,"8000000","Medium"
33218,"Luca Cigarini","Midfielder",2018,1,"Serie A","65.00","123","123",17,"1500000","Low"
127182,"Thomas Monconduit","Midfielder",2018,1,"Ligue 1","64.95","124","125",23,"3000000","Low"
225161,"Rúben Neves","Midfielder",2018,1,"Premier League","64.95","124","124",16,"15000000","Medium"
4018,"Daniel Baier","Midfielder",2018,1,"Bundesliga","64.73","126","126",13,"1000000","Low"
119277,"Yannick Gerhardt","Midfielder",2018,1,"Bundesliga","64.51","127","127",38,"6500000","Medium"
164230,"Nicolas Benezet","Midfielder",2018,1,"Ligue 1","64.09","128","128",3,"2000000","Low"
84301,"Benjamin André","Midfielder",2018,1,"Ligue 1","63.97","129","129",6,"6000000","Medium"
79377,"Genki Haraguchi","Midfielder",2018,1,"Bundesliga","63.97","129","130",33,"3500000","Low"
41414,"Lucas Leiva","Midfielder",2018,1,"Serie A","63.79","131","131",41,"10000000","Medium"
19112,"Christian Gentner","Midfielder",2018,1,"Bundesliga","63.79","132","132",3,"2000000","Low"
85288,"Isco","Midfielder",2018,1,"La Liga","63.47","133","133",18,"75000000","Elite"
35747,"Simone Missiroli","Midfielder",2018,1,"Serie A","63.05","134","134",73,"2200000","Low"
35047,"Axel Witsel","Midfielder",2018,1,"Bundesliga","62.98","135","135",10,"18000000","Medium"
91970,"Juan Cuadrado","Midfielder",2018,1,"Serie A","62.59","136","136",49,"28000000","High"
338425,"Álex Berenguer","Midfielder",2018,1,"Serie A","61.97","137","137",9,"5000000","Medium"
377393,"Pierre Lees-Melou","Midfielder",2018,1,"Ligue 1","61.82","138","138",9,"5000000","Medium"
33923,"Blaise Matuidi","Midfielder",2018,1,"Serie A","61.70","139","139",43,"30000000","High"
98322,"Denis Cheryshev","Midfielder",2018,1,"La Liga","61.63","140","140",23,"3000000","Low"
127142,"Jonas Martin","Midfielder",2018,1,"Ligue 1","61.28","141","141",23,"3000000","Low"
39025,"Danny Latza","Midfielder",2018,1,"Bundesliga","60.99","142","142",52,"4500000","Low"
512356,"Jorginho","Midfielder",2018,1,"Premier League","60.81","143","143",59,"900000","Low"
28947,"Gonzalo Castro","Midfielder",2018,1,"Bundesliga","60.47","144","144",41,"10000000","Medium"
530902,"Abdoulaye Touré","Midfielder",2018,1,"Ligue 1","60.27","145","145",9,"5000000","Medium"
131978,"Ross Barkley","Midfielder",2018,1,"Premier League","60.20","146","146",26,"25000000","High"
236045,"Denis Bouanga","Midfielder",2018,1,"Ligue 1","60.15","147","147",60,"1750000","Low"
40888,"Beñat Etxebarria","Midfielder",2018,1,"La Liga","60.02","148","148",9,"5000000","Medium"
337066,"Toni Villa","Midfielder",2018,1,"La Liga","59.98","149","149",30,"800000","Low"
168933,"Eddy Gnahoré","Midfielder",2018,1,"Ligue 1","59.95","150","150",63,"1300000","Low"
37666,"Arturo Vidal","Midfielder",2018,1,"La Liga","59.85","151","151",22,"35000000","High"
123742,"Gastón Ramírez","Midfielder",2018,1,"Serie A","59.80","152","152",41,"10000000","Medium"
344575,"Antonin Bobichon","Midfielder",2018,1,"Ligue 1","59.11","153","153",29,"400000","Low"
195605,"José Pozo","Midfielder",2018,1,"La Liga","58.89","154","154",23,"3000000","Low"
353399,"Romain Del Castillo","Midfielder",2018,1,"Ligue 1","58.82","155","155",17,"1500000","Low"
44065,"Esteban Granero","Midfielder",2018,1,"La Liga","58.25","156","156",17,"1500000","Low"
130765,"Stuart Armstrong","Midfielder",2018,1,"Premier League","58.20","157","157",3,"2000000","Low"
250013,"Angelo Fulgini","Midfielder",2018,1,"Ligue 1","58.15","158","158",33,"3500000","Low"
49499,"Georginio Wijnaldum","Midfielder",2018,1,"Premier League","58.05","159","159",43,"30000000","High"
261504,"Aleix García","Midfielder",2018,1,"La Liga","57.96","160","160",13,"1000000","Low"
395516,"Moussa Diaby","Midfielder",2018,1,"Ligue 1","57.51","161","161",2,"500000","Low"
242497,"Pere Pons","Midfielder",2018,1,"La Liga","57.27","162","162",9,"5000000","Medium"
401922,"Samuel Chukwueze","Midfielder",2018,1,"La Liga","56.67","163","163",2,"500000","Low"
308279,"Rolando Mandragora","Midfielder",2018,1,"Serie A","56.26","164","164",25,"7000000","Medium"
202984,"Roque Mesa","Midfielder",2018,1,"La Liga","56.11","165","165",41,"10000000","Medium"
57845,"Tobias Strobl","Midfielder",2018,1,"Bundesliga","56.01","166","166",3,"2000000","Low"
40372,"Borja Valero","Midfielder",2018,1,"Serie A","54.80","167","167",6,"6000000","Medium"
93844,"Leonardo Bittencourt","Midfielder",2018,1,"Bundesliga","54.43","168","168",6,"6000000","Medium"
14533,"Pirmin Schwegler","Midfielder",2018,1,"Bundesliga","54.41","169","169",23,"3000000","Low"
697714,"Fabinho","Midfielder",2018,1,"Premier League","54.31","170","170",7,"40000000","High"
274839,"Wilfred Ndidi","Midfielder",2018,1,"Premier League","54.06","171","171",10,"18000000","Medium"
148928,"Saúl Ñíguez","Midfielder",2018,1,"La Liga","53.82","172","172",31,"70000000","Elite"
192735,"Stanislav Lobotka","Midfielder",2018,1,"La Liga","53.82","172","173",32,"7500000","Medium"
319745,"Dani Ceballos","Midfielder",2018,1,"La Liga","53.18","174","174",45,"17000000","Medium"
63494,"Étienne Capoue","Midfielder",2018,1,"Premier League","53.15","175","175",20,"8000000","Medium"
260655,"Eduard Löwen","Midfielder",2018,1,"Bundesliga","52.61","176","176",28,"2500000","Low"
39828,"Antonino Barillà","Midfielder",2018,1,"Serie A","52.44","177","177",2,"500000","Low"
957874,"Rômulo","Midfielder",2018,1,"Serie A","51.82","178","178",23,"3000000","Low"
223967,"Konrad Laimer","Midfielder",2018,1,"Bundesliga","51.82","178","179",20,"8000000","Medium"
332697,"Weston McKennie","Midfielder",2018,1,"Bundesliga","51.80","180","180",38,"6500000","Medium"
282058,"Cheikh N'Doye","Midfielder",2018,1,"Ligue 1","51.65","181","181",28,"2500000","Low"
249565,"Youri Tielemans","Midfielder",2018,1,"Premier League","51.01","182","183",26,"25000000","High"
249565,"Youri Tielemans","Midfielder",2018,1,"Premier League","51.01","182","182",26,"25000000","High"
249565,"Youri Tielemans","Midfielder",2018,1,"Premier League","51.01","182","183",26,"25000000","High"
249565,"Youri Tielemans","Midfielder",2018,1,"Premier League","51.01","182","182",26,"25000000","High"
119296,"Emre Can","Midfielder",2018,1,"Serie A","50.99","184","184",49,"28000000","High"
126683,"Tristan Dingomé","Midfielder",2018,1,"Ligue 1","50.91","185","185",13,"1000000","Low"
372711,"Amine Harit","Midfielder",2018,1,"Bundesliga","50.86","186","186",26,"25000000","High"
49755,"Dale Stephens","Midfielder",2018,1,"Premier League","50.39","187","187",6,"6000000","Medium"
344381,"Christopher Nkunku","Midfielder",2018,1,"Ligue 1","50.27","188","188",23,"3000000","Low"
818495,"Otávio","Midfielder",2018,1,"Ligue 1","50.15","189","189",38,"6500000","Medium"
320411,"Philip Billing","Midfielder",2018,1,"Premier League","49.85","190","190",13,"1000000","Low"
40613,"Jack Cork","Midfielder",2018,1,"Premier League","49.56","191","191",21,"9000000","Medium"
202886,"Ruben Loftus-Cheek","Midfielder",2018,1,"Premier League","49.24","192","192",20,"8000000","Medium"
237164,"Ihlas Bebou","Midfielder",2018,1,"Bundesliga","49.04","193","193",32,"7500000","Medium"
18934,"Thomas Mangani","Midfielder",2018,1,"Ligue 1","48.99","194","194",33,"3500000","Low"
195680,"Joe Ralls","Midfielder",2018,1,"Premier League","48.92","195","195",9,"5000000","Medium"
5672,"Étienne Didot","Midfielder",2018,1,"Ligue 1","48.79","196","196",2,"500000","Low"
30059,"Lars Bender","Midfielder",2018,1,"Bundesliga","48.72","197","197",47,"13000000","Medium"
302215,"Naby Keïta","Midfielder",2018,1,"Premier League","48.62","198","198",66,"65000000","Elite"
99343,"Ander Herrera","Midfielder",2018,1,"Premier League","48.60","199","199",43,"30000000","High"
57995,"Daniel Didavi","Midfielder",2018,1,"Bundesliga","48.42","200","200",25,"7000000","Medium"
392085,"Nicolò Zaniolo","Midfielder",2018,1,"Serie A","48.15","201","201",13,"1000000","Low"
49275,"Albin Ekdal","Midfielder",2018,1,"Serie A","48.05","202","202",28,"2500000","Low"
162056,"Gonzalo Melero","Midfielder",2018,1,"La Liga","47.96","203","203",33,"3500000","Low"
670710,"André Gomes","Midfielder",2018,1,"Premier League","47.66","204","204",42,"22000000","High"
247555,"Edimilson Fernandes","Midfielder",2018,1,"Serie A","47.56","205","206",9,"5000000","Medium"
247555,"Edimilson Fernandes","Midfielder",2018,1,"Serie A","47.56","205","206",9,"5000000","Medium"
247555,"Edimilson Fernandes","Midfielder",2018,1,"Serie A","47.56","205","205",9,"5000000","Medium"
247555,"Edimilson Fernandes","Midfielder",2018,1,"Serie A","47.56","205","205",9,"5000000","Medium"
87672,"Junior Stanislas","Midfielder",2018,1,"Premier League","46.95","207","207",52,"4500000","Low"
140559,"Raffaele Maiello","Midfielder",2018,1,"Serie A","46.92","208","208",82,"1600000","Low"
166237,"Leandro Paredes","Midfielder",2018,1,"Ligue 1","46.80","209","209",11,"20000000","High"
59344,"Asier Illarramendi","Midfielder",2018,1,"La Liga","46.77","210","210",16,"15000000","Medium"
137841,"Romain Amalfitano","Midfielder",2018,1,"Ligue 1","46.72","211","211",13,"1000000","Low"
93726,"Paul Lasne","Midfielder",2018,1,"Ligue 1","45.69","212","212",28,"2500000","Low"
398065,"Harvey Barnes","Midfielder",2018,1,"Premier League","45.67","213","214",17,"1500000","Low"
398065,"Harvey Barnes","Midfielder",2018,1,"Premier League","45.67","213","214",17,"1500000","Low"
398065,"Harvey Barnes","Midfielder",2018,1,"Premier League","45.67","213","213",17,"1500000","Low"
398065,"Harvey Barnes","Midfielder",2018,1,"Premier League","45.67","213","213",17,"1500000","Low"
199528,"Josh Murphy","Midfielder",2018,1,"Premier League","45.47","215","215",17,"1500000","Low"
74869,"Francis Coquelin","Midfielder",2018,1,"La Liga","45.34","216","216",5,"12000000","Medium"
57091,"Hanno Behrens","Midfielder",2018,1,"Bundesliga","45.30","217","217",40,"1800000","Low"
206225,"Isaac Hayden","Midfielder",2018,1,"Premier League","45.30","218","218",25,"7000000","Medium"
167796,"Paolo Faragò","Midfielder",2018,1,"Serie A","45.07","219","219",9,"5000000","Medium"
61573,"Jonathan Hogg","Midfielder",2018,1,"Premier League","44.98","220","220",3,"2000000","Low"
210143,"Álex Gallar","Midfielder",2018,1,"La Liga","44.78","221","221",27,"600000","Low"
296397,"Arne Maier","Midfielder",2018,1,"Bundesliga","44.63","222","222",32,"7500000","Medium"
215118,"Calum Chambers","Midfielder",2018,1,"Premier League","44.63","223","223",24,"14000000","Medium"
74943,"Juraj Kucka","Midfielder",2018,1,"Serie A","44.53","224","224",52,"4500000","Low"
285323,"Baptiste Santamaria","Midfielder",2018,1,"Ligue 1","44.48","225","225",23,"3000000","Low"
77108,"Jérôme Gondorf","Midfielder",2018,1,"Bundesliga","44.36","226","226",17,"1500000","Low"
182913,"Adrien Rabiot","Midfielder",2018,1,"Ligue 1","44.31","227","227",65,"45000000","High"
111528,"Anthony Gonçalves","Midfielder",2018,1,"Ligue 1","44.01","228","228",2,"500000","Low"
245537,"Nabil Bentaleb","Midfielder",2018,1,"Bundesliga","43.97","229","229",37,"16000000","Medium"
334526,"Denis Zakaria","Midfielder",2018,1,"Bundesliga","43.77","230","230",11,"20000000","High"
5947,"Daniele De Rossi","Midfielder",2018,1,"Serie A","43.67","231","231",33,"3500000","Low"
314940,"Dimitri Liénard","Midfielder",2018,1,"Ligue 1","43.18","232","232",3,"2000000","Low"
66934,"Cheikhou Kouyaté","Midfielder",2018,1,"Premier League","42.96","233","233",5,"12000000","Medium"
362842,"Arthur Melo","Midfielder",2018,1,"La Liga","42.86","234","234",43,"30000000","High"
181579,"James Ward-Prowse","Midfielder",2018,1,"Premier League","42.07","235","235",16,"15000000","Medium"
249126,"Harry Winks","Midfielder",2018,1,"Premier League","41.92","236","236",16,"15000000","Medium"
323954,"Walace","Midfielder",2018,1,"Bundesliga","41.58","237","237",52,"4500000","Low"
335147,"Junior Sambia","Midfielder",2018,1,"Ligue 1","41.28","238","238",48,"1250000","Low"
130360,"Simone Verdi","Midfielder",2018,1,"Serie A","41.06","239","239",11,"20000000","High"
253839,"Álvaro Medrán","Midfielder",2018,1,"La Liga","40.91","240","240",3,"2000000","Low"
231025,"Jordan Marié","Midfielder",2018,1,"Ligue 1","40.62","241","241",48,"1250000","Low"
261905,"Suat Serdar","Midfielder",2018,1,"Bundesliga","39.95","242","242",32,"7500000","Medium"
262980,"Jefferson Lerma","Midfielder",2018,1,"Premier League","39.58","243","243",17,"1500000","Low"
410425,"Yves Bissouma","Midfielder",2018,1,"Premier League","39.43","244","244",14,"4000000","Low"
170472,"Dimitri Foulquier","Midfielder",2018,1,"La Liga","39.36","245","245",3,"2000000","Low"
170472,"Dimitri Foulquier","Midfielder",2018,1,"La Liga","39.36","245","246",3,"2000000","Low"
170472,"Dimitri Foulquier","Midfielder",2018,1,"La Liga","39.36","245","246",3,"2000000","Low"
170472,"Dimitri Foulquier","Midfielder",2018,1,"La Liga","39.36","245","245",3,"2000000","Low"
466298,"Santiago Cáseres","Midfielder",2018,1,"La Liga","38.57","247","247",6,"6000000","Medium"
301236,"Francesco Cassata","Midfielder",2018,1,"Serie A","38.25","248","248",33,"3500000","Low"
77826,"Ryad Boudebouz","Midfielder",2018,1,"La Liga","38.00","249","249",6,"6000000","Medium"
125409,"Nathaniel Mendez-Laing","Midfielder",2018,1,"Premier League","37.71","250","250",28,"2500000","Low"
357662,"Declan Rice","Midfielder",2018,1,"Premier League","37.56","251","251",3,"2000000","Low"
380598,"Santi Comesaña","Midfielder",2018,1,"La Liga","37.19","252","252",30,"800000","Low"
55215,"Javier Pastore","Midfielder",2018,1,"Serie A","37.14","253","253",10,"18000000","Medium"
423436,"Santiago Ascacíbar","Midfielder",2018,1,"Bundesliga","36.60","254","254",16,"15000000","Medium"
289286,"Luca Sangalli","Midfielder",2018,1,"La Liga","36.48","255","255",44,"300000","Low"
44983,"Dan Gosling","Midfielder",2018,1,"Premier League","36.31","256","256",23,"3000000","Low"
66100,"Oriol Romeu","Midfielder",2018,1,"Premier League","36.26","257","257",5,"12000000","Medium"
156779,"Erik Thommy","Midfielder",2018,1,"Bundesliga","35.71","258","258",23,"3000000","Low"
232454,"Nadiem Amiri","Midfielder",2018,1,"Bundesliga","35.67","259","259",45,"17000000","Medium"
63821,"Aron Gunnarsson","Midfielder",2018,1,"Premier League","35.59","260","260",28,"2500000","Low"
178313,"Jean-Eudes Aholou","Midfielder",2018,1,"Ligue 1","35.17","261","261",23,"3000000","Low"
334835,"Toma Bašić","Midfielder",2018,1,"Ligue 1","35.10","262","262",69,"1350000","Low"
111881,"Takashi Usami","Midfielder",2018,1,"Bundesliga","34.98","263","263",30,"800000","Low"
195652,"Jordon Ibe","Midfielder",2018,1,"Premier League","34.83","264","264",20,"8000000","Medium"
16306,"Casemiro","Midfielder",2018,1,"La Liga","34.83","265","265",7,"40000000","High"
355628,"Igor Zubeldia","Midfielder",2018,1,"La Liga","34.78","266","266",3,"2000000","Low"
57372,"Lucas Deaux","Midfielder",2018,1,"Ligue 1","33.60","267","267",28,"2500000","Low"
400485,"Adam Ounas","Midfielder",2018,1,"Serie A","32.86","268","268",52,"4500000","Low"
270411,"Saîf-Eddine Khaoui","Midfielder",2018,1,"Ligue 1","32.81","269","269",9,"5000000","Medium"
61757,"Nicola Rigoni","Midfielder",2018,1,"Serie A","32.71","270","270",74,"1200000","Low"
118847,"Dominik Kohr","Midfielder",2018,1,"Bundesliga","32.71","270","271",9,"5000000","Medium"
281404,"Kenedy","Midfielder",2018,1,"Premier League","32.66","272","272",25,"7000000","Medium"
332705,"Tyler Adams","Midfielder",2018,1,"Bundesliga","32.54","273","273",30,"800000","Low"
54137,"Caiuby","Midfielder",2018,1,"Bundesliga","32.41","274","274",14,"4000000","Low"
22210,"Luca Rigoni","Midfielder",2018,1,"Serie A","32.34","275","275",13,"1000000","Low"
37917,"Nabil El Zhar","Midfielder",2018,1,"La Liga","32.14","276","276",3,"2000000","Low"
57280,"Giacomo Bonaventura","Midfielder",2018,1,"Serie A","32.07","277","277",64,"23000000","High"
266795,"Gonzalo Escalante","Midfielder",2018,1,"La Liga","31.38","278","278",28,"2500000","Low"
55742,"Harry Arter","Midfielder",2018,1,"Premier League","31.28","279","279",25,"7000000","Medium"
82097,"Christoph Kramer","Midfielder",2018,1,"Bundesliga","31.06","280","280",5,"12000000","Medium"
67082,"Vitolo","Midfielder",2018,1,"La Liga","30.54","281","281",26,"25000000","High"
45662,"Alexander Esswein","Midfielder",2018,1,"Bundesliga","30.52","282","282",3,"2000000","Low"
63290,"Víctor Sánchez","Midfielder",2018,1,"La Liga","30.34","283","283",14,"4000000","Low"
124517,"Sebastian Kerk","Midfielder",2018,1,"Bundesliga","30.34","283","284",61,"750000","Low"
273438,"Danilo Barbosa","Midfielder",2018,1,"Ligue 1","30.32","285","285",52,"4500000","Low"
55099,"Nicolas Höfler","Midfielder",2018,1,"Bundesliga","29.90","286","286",14,"4000000","Low"
118397,"Alessandro Schöpf","Midfielder",2018,1,"Bundesliga","29.56","287","287",9,"5000000","Medium"
444523,"Lucas Paquetá","Midfielder",2018,1,"Serie A","29.26","288","288",16,"15000000","Medium"
127189,"Geoffrey Kondogbia","Midfielder",2018,1,"La Liga","29.09","289","289",26,"25000000","High"
236041,"Alexis Blin","Midfielder",2018,1,"Ligue 1","28.99","290","290",20,"8000000","Medium"
322305,"Jean-Victor Makengo","Midfielder",2018,1,"Ligue 1","28.89","291","291",28,"2500000","Low"
175722,"Eric Dier","Midfielder",2018,1,"Premier League","28.57","292","292",7,"40000000","High"
252345,"Ken Sema","Midfielder",2018,1,"Premier League","28.42","293","293",13,"1000000","Low"
44466,"Sebastian Rode","Midfielder",2018,1,"Bundesliga","28.25","294","294",23,"3000000","Low"
44466,"Sebastian Rode","Midfielder",2018,1,"Bundesliga","28.25","294","295",23,"3000000","Low"
44466,"Sebastian Rode","Midfielder",2018,1,"Bundesliga","28.25","294","294",23,"3000000","Low"
44466,"Sebastian Rode","Midfielder",2018,1,"Bundesliga","28.25","294","295",23,"3000000","Low"
148262,"Jeff Hendrick","Midfielder",2018,1,"Premier League","27.83","296","296",20,"8000000","Medium"
245056,"Saša Lukić","Midfielder",2018,1,"Serie A","27.14","297","298",13,"1000000","Low"
199733,"Danilo Cataldi","Midfielder",2018,1,"Serie A","27.14","297","297",14,"4000000","Low"
185077,"Vincenzo Grifo","Midfielder",2018,1,"Bundesliga","27.12","299","300",32,"7500000","Medium"
185077,"Vincenzo Grifo","Midfielder",2018,1,"Bundesliga","27.12","299","299",32,"7500000","Medium"
185077,"Vincenzo Grifo","Midfielder",2018,1,"Bundesliga","27.12","299","299",32,"7500000","Medium"
185077,"Vincenzo Grifo","Midfielder",2018,1,"Bundesliga","27.12","299","301",32,"7500000","Medium"
185077,"Vincenzo Grifo","Midfielder",2018,1,"Bundesliga","27.12","299","300",32,"7500000","Medium"
185077,"Vincenzo Grifo","Midfielder",2018,1,"Bundesliga","27.12","299","301",32,"7500000","Medium"
185077,"Vincenzo Grifo","Midfielder",2018,1,"Bundesliga","27.12","299","301",32,"7500000","Medium"
185077,"Vincenzo Grifo","Midfielder",2018,1,"Bundesliga","27.12","299","300",32,"7500000","Medium"
185077,"Vincenzo Grifo","Midfielder",2018,1,"Bundesliga","27.12","299","299",32,"7500000","Medium"
93704,"Josuha Guilavogui","Midfielder",2018,1,"Bundesliga","27.02","302","302",25,"7000000","Medium"
59375,"David Zurutuza","Midfielder",2018,1,"La Liga","26.92","303","303",23,"3000000","Low"
18918,"Per Ciljan Skjelbred","Midfielder",2018,1,"Bundesliga","26.58","304","304",14,"4000000","Low"
353948,"Lucas Tousart","Midfielder",2018,1,"Ligue 1","26.55","305","306",26,"25000000","High"
58500,"Alfredo Morales","Midfielder",2018,1,"Bundesliga","26.55","305","305",13,"1000000","Low"
337036,"Florent Muslija","Midfielder",2018,1,"Bundesliga","26.40","307","307",44,"300000","Low"
294873,"Thiago Maia","Midfielder",2018,1,"Ligue 1","26.33","308","308",21,"9000000","Medium"
342048,"Grady Diangana","Midfielder",2018,1,"Premier League","26.16","309","309",17,"1500000","Low"
284854,"Carles Aleñá","Midfielder",2018,1,"La Liga","25.69","310","310",41,"10000000","Medium"
57051,"Sebastian Rudy","Midfielder",2018,1,"Bundesliga","25.64","311","311",16,"15000000","Medium"
423444,"Fran Beltrán","Midfielder",2018,1,"La Liga","25.52","312","312",17,"1500000","Low"
60578,"Prince Oniangué","Midfielder",2018,1,"Ligue 1","25.37","313","313",17,"1500000","Low"
101213,"Pedro Obiang","Midfielder",2018,1,"Premier League","25.27","314","314",21,"9000000","Medium"
29975,"Andrew Surman","Midfielder",2018,1,"Premier League","23.87","315","315",28,"2500000","Low"
429014,"Morgan Gibbs-White","Midfielder",2018,1,"Premier League","23.82","316","316",13,"1000000","Low"
319160,"Jakub Jankto","Midfielder",2018,1,"Serie A","23.72","317","318",16,"15000000","Medium"
319160,"Jakub Jankto","Midfielder",2018,1,"Serie A","23.72","317","317",16,"15000000","Medium"
319160,"Jakub Jankto","Midfielder",2018,1,"Serie A","23.72","317","317",16,"15000000","Medium"
319160,"Jakub Jankto","Midfielder",2018,1,"Serie A","23.72","317","318",16,"15000000","Medium"
270051,"Andrei Girotto","Midfielder",2018,1,"Ligue 1","23.55","319","319",3,"2000000","Low"
369081,"Federico Valverde","Midfielder",2018,1,"La Liga","23.55","319","320",23,"3000000","Low"
256361,"Daniele Verde","Midfielder",2018,1,"La Liga","23.00","321","321",33,"3500000","Low"
394346,"Emanuel Vignato","Midfielder",2018,1,"Serie A","22.86","322","322",30,"800000","Low"
344605,"Boubakary Soumaré","Midfielder",2018,1,"Ligue 1","22.34","323","323",32,"7500000","Medium"
19354,"Dennis Aogo","Midfielder",2018,1,"Bundesliga","22.27","324","324",17,"1500000","Low"
268670,"Gerard Gumbau","Midfielder",2018,1,"La Liga","22.09","325","325",30,"800000","Low"
569598,"Youssouf Fofana","Midfielder",2018,1,"Ligue 1","21.87","326","326",58,"150000","Low"
203394,"Andreas Pereira","Midfielder",2018,1,"Premier League","21.77","327","327",32,"7500000","Medium"
471474,"Javi Martínez","Midfielder",2018,1,"Bundesliga","21.13","328","328",1,"100000","Low"
14221,"Aaron Lennon","Midfielder",2018,1,"Premier League","21.06","329","329",9,"5000000","Medium"
188157,"Sebastián Cristóforo","Midfielder",2018,1,"La Liga","20.84","330","330",40,"1800000","Low"
154171,"Benjamin Corgnet","Midfielder",2018,1,"Ligue 1","20.54","331","331",13,"1000000","Low"
39426,"Nicolai Müller","Midfielder",2018,1,"Bundesliga","20.37","332","332",23,"3000000","Low"
225452,"Patrick Roberts","Midfielder",2018,1,"La Liga","20.17","333","333",32,"7500000","Medium"
539232,"Jessy Deminguet","Midfielder",2018,1,"Ligue 1","20.10","334","334",2,"500000","Low"
44741,"Beram Kayal","Midfielder",2018,1,"Premier League","20.02","335","335",48,"1250000","Low"
67823,"Damián Musto","Midfielder",2018,1,"La Liga","19.98","336","336",17,"1500000","Low"
581781,"Enzo Loiodice","Midfielder",2018,1,"Ligue 1","19.38","337","337",2,"500000","Low"
368559,"Ádám Nagy","Midfielder",2018,1,"Serie A","19.26","338","338",80,"2800000","Low"
43530,"Adam Lallana","Midfielder",2018,1,"Premier League","18.82","339","339",26,"25000000","High"
246277,"Burgui","Midfielder",2018,1,"La Liga","18.35","340","340",17,"1500000","Low"
399887,"Esteban Rolón","Midfielder",2018,1,"Serie A","18.20","341","341",13,"1000000","Low"
11268,"Oliver Fink","Midfielder",2018,1,"Bundesliga","17.83","342","342",46,"250000","Low"
70950,"Mohamed Diamé","Midfielder",2018,1,"Premier League","17.27","343","343",9,"5000000","Medium"
854853,"Tom Davies","Midfielder",2018,1,"Premier League","16.48","344","344",16,"15000000","Medium"
569389,"Sofiane Diop","Midfielder",2018,1,"Ligue 1","16.40","345","345",23,"3000000","Low"
29401,"Sami Khedira","Midfielder",2018,1,"Serie A","16.28","346","346",72,"26000000","High"
20081,"Gelson Fernandes","Midfielder",2018,1,"Bundesliga","16.26","347","347",17,"1500000","Low"
76055,"Ronny Rodelin","Midfielder",2018,1,"Ligue 1","16.23","348","348",9,"5000000","Medium"
406635,"Phil Foden","Midfielder",2018,1,"Premier League","16.21","349","349",9,"5000000","Medium"
247459,"Chadrac Akolo","Midfielder",2018,1,"Bundesliga","16.16","350","350",9,"5000000","Medium"
278323,"Alexander Fuchs","Midfielder",2018,1,"Bundesliga","15.67","351","351",58,"150000","Low"
238981,"Vittorio Parigini","Midfielder",2018,1,"Serie A","15.52","352","352",79,"1100000","Low"
84442,"Leonardo Capezzi","Midfielder",2018,1,"Serie A","15.32","353","353",74,"1200000","Low"
39690,"Danilo Soddimo","Midfielder",2018,1,"Serie A","14.95","354","355",30,"800000","Low"
251309,"Dennis Geiger","Midfielder",2018,1,"Bundesliga","14.95","354","354",9,"5000000","Medium"
42033,"Philipp Bargfrede","Midfielder",2018,1,"Bundesliga","14.80","356","356",3,"2000000","Low"
26105,"Valter Birsa","Midfielder",2018,1,"Serie A","14.61","357","357",14,"4000000","Low"
7101,"Paolo Sammarco","Midfielder",2018,1,"Serie A","14.29","358","358",44,"300000","Low"
425400,"Farid El Melali","Midfielder",2018,1,"Ligue 1","14.21","359","359",27,"600000","Low"
60028,"Edgar Prib","Midfielder",2018,1,"Bundesliga","13.55","360","360",17,"1500000","Low"
98249,"Takashi Inui","Midfielder",2018,1,"La Liga","13.00","361","361",33,"3500000","Low"
402008,"Amadou Haidara","Midfielder",2018,1,"Bundesliga","12.24","362","362",23,"3000000","Low"
327126,"Anuar","Midfielder",2018,1,"La Liga","12.14","363","363",29,"400000","Low"
358421,"Jakob Johansson","Midfielder",2018,1,"Ligue 1","12.09","364","364",28,"2500000","Low"
364405,"Adama Traoré","Midfielder",2018,1,"Ligue 1","11.92","365","365",10,"18000000","Medium"
378293,"Yangel Herrera","Midfielder",2018,1,"La Liga","11.92","366","367",48,"1250000","Low"
378293,"Yangel Herrera","Midfielder",2018,1,"La Liga","11.92","366","366",48,"1250000","Low"
378293,"Yangel Herrera","Midfielder",2018,1,"La Liga","11.92","366","367",48,"1250000","Low"
378293,"Yangel Herrera","Midfielder",2018,1,"La Liga","11.92","366","366",48,"1250000","Low"
537382,"Bryan Gil","Midfielder",2018,1,"La Liga","10.54","368","368",44,"300000","Low"
192009,"Unai López","Midfielder",2018,1,"La Liga","10.30","369","369",3,"2000000","Low"
245744,"Takuma Asano","Midfielder",2018,1,"Bundesliga","10.05","370","370",3,"2000000","Low"
245744,"Takuma Asano","Midfielder",2018,1,"Bundesliga","10.05","370","370",3,"2000000","Low"
245744,"Takuma Asano","Midfielder",2018,1,"Bundesliga","10.05","370","371",3,"2000000","Low"
245744,"Takuma Asano","Midfielder",2018,1,"Bundesliga","10.05","370","371",3,"2000000","Low"
256120,"Wilfrid Kaptoum","Midfielder",2018,1,"La Liga","9.90","372","372",44,"300000","Low"
434676,"Ronaldo Vieira","Midfielder",2018,1,"Serie A","9.48","373","373",3,"2000000","Low"
77760,"Victor Wanyama","Midfielder",2018,1,"Premier League","9.48","373","374",43,"30000000","High"
136501,"Kadeem Harris","Midfielder",2018,1,"Premier League","9.33","375","375",35,"350000","Low"
58874,"Ignacio Camacho","Midfielder",2018,1,"Bundesliga","9.16","376","376",41,"10000000","Medium"
199527,"Jacob Murphy","Midfielder",2018,1,"Premier League","9.04","377","377",25,"7000000","Medium"
45581,"Joel Obi","Midfielder",2018,1,"Serie A","8.55","378","378",14,"4000000","Low"
315969,"Scott McTominay","Midfielder",2018,1,"Premier League","8.15","379","379",13,"1000000","Low"
413112,"Aurélien Tchouaméni","Midfielder",2018,1,"Ligue 1","7.56","380","380",9,"5000000","Medium"
21905,"Valon Behrami","Midfielder",2018,1,"Serie A","7.34","381","381",13,"1000000","Low"
205503,"Ibrahim Amadou","Midfielder",2018,1,"La Liga","7.17","382","382",28,"2500000","Low"
341501,"Hamza Choudhury","Midfielder",2018,1,"Premier League","7.17","382","383",13,"1000000","Low"
213670,"Lucas Torró","Midfielder",2018,1,"Bundesliga","5.99","384","385",30,"800000","Low"
213670,"Lucas Torró","Midfielder",2018,1,"Bundesliga","5.99","384","384",30,"800000","Low"
213670,"Lucas Torró","Midfielder",2018,1,"Bundesliga","5.99","384","384",30,"800000","Low"
213670,"Lucas Torró","Midfielder",2018,1,"Bundesliga","5.99","384","385",30,"800000","Low"
271988,"Borja Fernández","Midfielder",2018,1,"La Liga","5.89","386","386",1,"100000","Low"
129693,"Gaku Shibasaki","Midfielder",2018,1,"La Liga","5.71","387","387",17,"1500000","Low"
391719,"Domingos Quina","Midfielder",2018,1,"Premier League","5.71","388","388",13,"1000000","Low"
75820,"Juan Aguilera","Midfielder",2018,1,"La Liga","4.98","389","389",29,"400000","Low"
66005,"Amir Abrashi","Midfielder",2018,1,"Bundesliga","4.83","390","390",3,"2000000","Low"
73484,"Tom Cleverley","Midfielder",2018,1,"Premier League","3.57","391","391",21,"9000000","Medium"
29962,"Daniele Dessena","Midfielder",2018,1,"Serie A","3.42","392","392",71,"700000","Low"
432772,"Samuel Grandsir","Midfielder",2018,1,"Ligue 1","2.98","393","394",9,"5000000","Medium"
432772,"Samuel Grandsir","Midfielder",2018,1,"Ligue 1","2.98","393","393",9,"5000000","Medium"
432772,"Samuel Grandsir","Midfielder",2018,1,"Ligue 1","2.98","393","393",9,"5000000","Medium"
432772,"Samuel Grandsir","Midfielder",2018,1,"Ligue 1","2.98","393","395",9,"5000000","Medium"
432772,"Samuel Grandsir","Midfielder",2018,1,"Ligue 1","2.98","393","395",9,"5000000","Medium"
432772,"Samuel Grandsir","Midfielder",2018,1,"Ligue 1","2.98","393","394",9,"5000000","Medium"
432772,"Samuel Grandsir","Midfielder",2018,1,"Ligue 1","2.98","393","394",9,"5000000","Medium"
432772,"Samuel Grandsir","Midfielder",2018,1,"Ligue 1","2.98","393","395",9,"5000000","Medium"
432772,"Samuel Grandsir","Midfielder",2018,1,"Ligue 1","2.98","393","393",9,"5000000","Medium"
235931,"Alessandro Deiola","Midfielder",2018,1,"Serie A","2.91","396","396",63,"1300000","Low"
235931,"Alessandro Deiola","Midfielder",2018,1,"Serie A","2.91","396","396",63,"1300000","Low"
235931,"Alessandro Deiola","Midfielder",2018,1,"Serie A","2.91","396","397",63,"1300000","Low"
235931,"Alessandro Deiola","Midfielder",2018,1,"Serie A","2.91","396","397",63,"1300000","Low"
337716,"Claud Adjapong","Midfielder",2018,1,"Serie A","2.61","398","398",14,"4000000","Low"
197473,"Alberto Grassi","Midfielder",2018,1,"Serie A","2.22","399","399",25,"7000000","Medium"
439914,"John Yeboah","Midfielder",2018,1,"Bundesliga","1.63","400","400",30,"800000","Low"
128900,"Nathaniel Chalobah","Midfielder",2018,1,"Premier League","1.48","401","401",9,"5000000","Medium"
142027,"Pablo Hervías","Midfielder",2018,1,"La Liga","1.48","401","402",27,"600000","Low"
111621,"Dani Ojeda","Midfielder",2018,1,"La Liga","1.38","403","403",34,"200000","Low"
81698,"Georg Teigl","Midfielder",2018,1,"Bundesliga","1.33","404","404",27,"600000","Low"
26148,"Juanjo Camacho","Midfielder",2018,1,"La Liga","1.03","405","405",1,"100000","Low"
165531,"Jacopo Dezi","Midfielder",2018,1,"Serie A","0.59","406","406",3,"2000000","Low"
606450,"Gaoussou Traoré","Midfielder",2018,1,"Ligue 1","0.30","407","407",58,"150000","Low"
243028,"Jan Bednarek","Defender",2019,2,"Premier League","97.28","1","1",20,"8000000","Medium"
173504,"James Tarkowski","Defender",2019,2,"Premier League","96.89","2","2",10,"18000000","Medium"
57500,"César Azpilicueta","Defender",2019,2,"Premier League","92.89","3","3",22,"35000000","High"
42412,"Jonny Evans","Defender",2019,2,"Premier League","90.96","4","4",41,"10000000","Medium"
220878,"Issiaga Sylla","Defender",2019,2,"Ligue 1","90.64","5","5",33,"3500000","Low"
121324,"John Egan","Defender",2019,2,"Premier League","89.73","6","6",67,"5500000","Medium"
126664,"Lucas Digne","Defender",2019,2,"Premier League","89.31","7","7",43,"30000000","High"
125020,"José Luis Palomino","Defender",2019,2,"Serie A","89.11","8","8",41,"10000000","Medium"
355915,"Cristian Romero","Defender",2019,2,"Serie A","88.37","9","11",16,"15000000","Medium"
355915,"Cristian Romero","Defender",2019,2,"Serie A","88.37","9","10",16,"15000000","Medium"
355915,"Cristian Romero","Defender",2019,2,"Serie A","88.37","9","9",16,"15000000","Medium"
355915,"Cristian Romero","Defender",2019,2,"Serie A","88.37","9","10",16,"15000000","Medium"
355915,"Cristian Romero","Defender",2019,2,"Serie A","88.37","9","11",16,"15000000","Medium"
355915,"Cristian Romero","Defender",2019,2,"Serie A","88.37","9","9",16,"15000000","Medium"
355915,"Cristian Romero","Defender",2019,2,"Serie A","88.37","9","9",16,"15000000","Medium"
355915,"Cristian Romero","Defender",2019,2,"Serie A","88.37","9","10",16,"15000000","Medium"
355915,"Cristian Romero","Defender",2019,2,"Serie A","88.37","9","11",16,"15000000","Medium"
127032,"Serge Aurier","Defender",2019,2,"Premier League","88.30","12","12",10,"18000000","Medium"
29993,"Sven Bender","Defender",2019,2,"Bundesliga","88.27","13","13",21,"9000000","Medium"
156808,"Unai Bustinza","Defender",2019,2,"La Liga","88.00","14","14",14,"4000000","Low"
177907,"Harry Maguire","Defender",2019,2,"Premier League","87.78","15","15",8,"50000000","High"
197747,"Alessio Romagnoli","Defender",2019,2,"Serie A","87.58","16","16",8,"50000000","High"
58330,"Víctor Díaz","Defender",2019,2,"La Liga","87.23","17","17",74,"1200000","Low"
192635,"Nico Elvedi","Defender",2019,2,"Bundesliga","86.02","18","18",22,"35000000","High"
32113,"Armando Izzo","Defender",2019,2,"Serie A","85.80","19","19",16,"15000000","Medium"
256448,"Gianluca Mancini","Defender",2019,2,"Serie A","85.33","20","20",16,"15000000","Medium"
158863,"Iñigo Martínez","Defender",2019,2,"La Liga","85.04","21","21",50,"32000000","High"
384859,"Fabien Centonze","Defender",2019,2,"Ligue 1","84.94","22","22",71,"700000","Low"
241229,"Jordan Amavi","Defender",2019,2,"Ligue 1","84.81","23","23",5,"12000000","Medium"
74810,"Ben Mee","Defender",2019,2,"Premier League","84.54","24","24",41,"10000000","Medium"
142310,"Willy Boly","Defender",2019,2,"Premier League","84.52","25","25",5,"12000000","Medium"
255488,"Yeray Álvarez","Defender",2019,2,"La Liga","84.47","26","26",26,"25000000","High"
148153,"Lewis Dunk","Defender",2019,2,"Premier League","84.42","27","27",5,"12000000","Medium"
167491,"Stefano Sabelli","Defender",2019,2,"Serie A","84.12","28","28",13,"1000000","Low"
213751,"Sebastian Schonlau","Defender",2019,2,"Bundesliga","84.07","29","29",86,"650000","Low"
92572,"Joel Ward","Defender",2019,2,"Premier League","84.02","30","30",14,"4000000","Low"
199704,"Yunis Abdelhamid","Defender",2019,2,"Ligue 1","83.19","31","31",28,"2500000","Low"
75921,"Christopher Trimmel","Defender",2019,2,"Bundesliga","82.81","32","32",27,"600000","Low"
270051,"Andrei Girotto","Defender",2019,2,"Ligue 1","82.64","33","33",23,"3000000","Low"
131075,"Francesco Acerbi","Defender",2019,2,"Serie A","82.49","34","34",5,"12000000","Medium"
25557,"Sergio Ramos","Defender",2019,2,"La Liga","82.40","35","35",26,"25000000","High"
223974,"Stefan Posch","Defender",2019,2,"Bundesliga","82.20","36","36",67,"5500000","Medium"
113133,"Germán Pezzella","Defender",2019,2,"Serie A","82.07","37","37",10,"18000000","Medium"
165513,"Berat Djimsiti","Defender",2019,2,"Serie A","82.07","38","38",32,"7500000","Medium"
254934,"Jamilu Collins","Defender",2019,2,"Bundesliga","81.90","39","39",59,"900000","Low"
249513,"Diego Rico","Defender",2019,2,"Premier League","81.60","40","40",21,"9000000","Medium"
413843,"Keven Schlotterbeck","Defender",2019,2,"Bundesliga","80.62","41","41",1,"100000","Low"
413843,"Keven Schlotterbeck","Defender",2019,2,"Bundesliga","80.62","41","41",1,"100000","Low"
413843,"Keven Schlotterbeck","Defender",2019,2,"Bundesliga","80.62","41","42",1,"100000","Low"
413843,"Keven Schlotterbeck","Defender",2019,2,"Bundesliga","80.62","41","42",1,"100000","Low"
349599,"Pervis Estupiñán","Defender",2019,2,"La Liga","80.59","43","44",30,"800000","Low"
349599,"Pervis Estupiñán","Defender",2019,2,"La Liga","80.59","43","43",30,"800000","Low"
349599,"Pervis Estupiñán","Defender",2019,2,"La Liga","80.59","43","43",30,"800000","Low"
349599,"Pervis Estupiñán","Defender",2019,2,"La Liga","80.59","43","44",30,"800000","Low"
477758,"Aaron Wan-Bissaka","Defender",2019,2,"Premier League","80.42","45","45",26,"25000000","High"
177046,"Rubén Duarte","Defender",2019,2,"La Liga","79.70","46","46",9,"5000000","Medium"
358250,"Joseph Aidoo","Defender",2019,2,"La Liga","78.89","47","47",14,"4000000","Low"
72441,"Rafael Tolói","Defender",2019,2,"Serie A","78.86","48","48",39,"11000000","Medium"
563963,"Mohammed Salisu","Defender",2019,2,"La Liga","78.84","49","49",46,"250000","Low"
344695,"Dayot Upamecano","Defender",2019,2,"Bundesliga","78.62","50","50",43,"30000000","High"
67090,"Dídac Vilà","Defender",2019,2,"La Liga","78.15","51","51",14,"4000000","Low"
79510,"Thiago Cionek","Defender",2019,2,"Serie A","78.12","52","52",30,"800000","Low"
73926,"Davide Faraoni","Defender",2019,2,"Serie A","77.46","53","53",59,"900000","Low"
111196,"Stefan de Vrij","Defender",2019,2,"Serie A","77.36","54","54",8,"50000000","High"
59699,"Simone Iacoponi","Defender",2019,2,"Serie A","77.28","55","55",13,"1000000","Low"
298589,"David García","Defender",2019,2,"La Liga","77.14","56","56",1,"100000","Low"
18944,"Gerard Piqué","Defender",2019,2,"La Liga","76.94","57","58",22,"35000000","High"
159844,"Christopher Lenz","Defender",2019,2,"Bundesliga","76.94","57","57",35,"350000","Low"
110036,"Dominique Heintz","Defender",2019,2,"Bundesliga","76.67","59","59",32,"7500000","Medium"
84150,"Rafael Czichos","Defender",2019,2,"Bundesliga","76.64","60","60",60,"1750000","Low"
221150,"Djené","Defender",2019,2,"La Liga","76.35","61","61",26,"25000000","High"
124732,"John Brooks","Defender",2019,2,"Bundesliga","76.32","62","62",16,"15000000","Medium"
338629,"Sebastiaan Bornauw","Defender",2019,2,"Bundesliga","76.30","63","63",14,"4000000","Low"
413507,"Nikola Milenković","Defender",2019,2,"Serie A","76.22","64","64",43,"30000000","High"
348026,"Nordi Mukiele","Defender",2019,2,"Bundesliga","76.10","65","65",16,"15000000","Medium"
272812,"Kingsley Ehizibue","Defender",2019,2,"Bundesliga","75.93","66","66",3,"2000000","Low"
331560,"Takehiro Tomiyasu","Defender",2019,2,"Serie A","75.85","67","67",21,"9000000","Medium"
212847,"Adam Webster","Defender",2019,2,"Premier League","75.83","68","68",9,"5000000","Medium"
60632,"Theodor Gebre Selassie","Defender",2019,2,"Bundesliga","75.58","69","69",28,"2500000","Low"
82503,"Aridane Hernández","Defender",2019,2,"La Liga","75.53","70","70",71,"700000","Low"
51667,"Kiko Olivas","Defender",2019,2,"La Liga","75.19","71","71",3,"2000000","Low"
272622,"Issa Diop","Defender",2019,2,"Premier League","75.04","72","72",43,"30000000","High"
103427,"Chris Smalling","Defender",2019,2,"Serie A","74.77","73","74",11,"20000000","High"
103427,"Chris Smalling","Defender",2019,2,"Serie A","74.77","73","73",11,"20000000","High"
103427,"Chris Smalling","Defender",2019,2,"Serie A","74.77","73","73",11,"20000000","High"
103427,"Chris Smalling","Defender",2019,2,"Serie A","74.77","73","74",11,"20000000","High"
339808,"Theo Hernández","Defender",2019,2,"Serie A","74.54","75","75",16,"15000000","Medium"
81512,"Christian Kabasele","Defender",2019,2,"Premier League","74.40","76","76",20,"8000000","Medium"
361260,"Ozan Kabak","Defender",2019,2,"Bundesliga","74.25","77","77",38,"6500000","Medium"
297070,"Hamari Traoré","Defender",2019,2,"Ligue 1","73.70","78","78",6,"6000000","Medium"
157509,"Kurt Zouma","Defender",2019,2,"Premier League","73.58","79","79",26,"25000000","High"
44136,"Domenico Criscito","Defender",2019,2,"Serie A","73.41","80","80",14,"4000000","Low"
146690,"George Baldock","Defender",2019,2,"Premier League","73.31","81","81",13,"1000000","Low"
181778,"Emerson","Defender",2019,2,"La Liga","73.14","82","82",16,"15000000","Medium"
139279,"Nicolas Pallois","Defender",2019,2,"Ligue 1","73.06","83","83",28,"2500000","Low"
216870,"Nacho Vidal","Defender",2019,2,"La Liga","73.04","84","84",13,"1000000","Low"
212829,"Jack O'Connell","Defender",2019,2,"Premier League","72.99","85","85",38,"6500000","Medium"
48002,"Angelo Ogbonna","Defender",2019,2,"Premier League","72.89","86","86",20,"8000000","Medium"
139208,"Virgil van Dijk","Defender",2019,2,"Premier League","72.44","87","87",51,"90000000","Elite"
163744,"Jack Stephens","Defender",2019,2,"Premier League","72.40","88","88",20,"8000000","Medium"
85706,"Enda Stevens","Defender",2019,2,"Premier League","72.20","89","89",3,"2000000","Low"
289446,"Yerry Mina","Defender",2019,2,"Premier League","72.20","90","90",26,"25000000","High"
90836,"Steve Cook","Defender",2019,2,"Premier League","72.15","91","91",41,"10000000","Medium"
156501,"Felipe","Defender",2019,2,"La Liga","72.15","91","92",45,"17000000","Medium"
182904,"Clément Lenglet","Defender",2019,2,"La Liga","71.88","93","93",8,"50000000","High"
290017,"Hassane Kamara","Defender",2019,2,"Ligue 1","71.85","94","94",71,"700000","Low"
257376,"Domingos Duarte","Defender",2019,2,"La Liga","71.75","95","95",28,"2500000","Low"
353366,"Benjamin Pavard","Defender",2019,2,"Bundesliga","71.73","96","96",43,"30000000","High"
144143,"Bartosz Bereszyński","Defender",2019,2,"Serie A","71.70","97","97",41,"10000000","Medium"
177476,"Nathan Aké","Defender",2019,2,"Premier League","71.53","98","98",49,"28000000","High"
394327,"Boubacar Kamara","Defender",2019,2,"Ligue 1","71.33","99","99",16,"15000000","Medium"
53437,"Bastian Oczipka","Defender",2019,2,"Bundesliga","71.19","100","100",14,"4000000","Low"
234803,"Andrew Robertson","Defender",2019,2,"Premier League","71.06","101","101",8,"50000000","High"
160561,"Fabio Lucioni","Defender",2019,2,"Serie A","70.64","102","102",30,"800000","Low"
52348,"Benjamin Hübner","Defender",2019,2,"Bundesliga","70.44","103","103",25,"7000000","Medium"
121477,"Craig Dawson","Defender",2019,2,"Premier League","70.20","104","104",6,"6000000","Medium"
314353,"Trent Alexander-Arnold","Defender",2019,2,"Premier League","70.07","105","105",8,"50000000","High"
54928,"Diego Godín","Defender",2019,2,"Serie A","69.85","106","106",11,"20000000","High"
22386,"Daniel Congré","Defender",2019,2,"Ligue 1","69.85","107","107",61,"750000","Low"
80293,"Aïssa Mandi","Defender",2019,2,"La Liga","69.78","108","108",37,"16000000","Medium"
59606,"Craig Cathcart","Defender",2019,2,"Premier League","69.43","109","109",9,"5000000","Medium"
213614,"Jhon Chancellor","Defender",2019,2,"Serie A","69.38","110","110",71,"700000","Low"
389324,"Fernandinho","Defender",2019,2,"Premier League","69.26","111","111",5,"12000000","Medium"
947431,"David López","Defender",2019,2,"La Liga","69.19","112","112",21,"9000000","Medium"
228917,"Jorge Miramón","Defender",2019,2,"La Liga","68.99","113","113",23,"3000000","Low"
85475,"Federico Fernández","Defender",2019,2,"Premier League","68.99","113","114",25,"7000000","Medium"
61812,"Yuri Berchiche","Defender",2019,2,"La Liga","68.81","115","115",11,"20000000","High"
135343,"Fabian Schär","Defender",2019,2,"Premier League","68.72","116","116",25,"7000000","Medium"
57467,"Romain Thomas","Defender",2019,2,"Ligue 1","68.00","117","117",23,"3000000","Low"
161869,"Djibril Sidibé","Defender",2019,2,"Premier League","67.63","118","118",16,"15000000","Medium"
161869,"Djibril Sidibé","Defender",2019,2,"Premier League","67.63","118","119",16,"15000000","Medium"
161869,"Djibril Sidibé","Defender",2019,2,"Premier League","67.63","118","118",16,"15000000","Medium"
161869,"Djibril Sidibé","Defender",2019,2,"Premier League","67.63","118","119",16,"15000000","Medium"
197545,"Ander Capa","Defender",2019,2,"La Liga","67.38","120","120",23,"3000000","Low"
240158,"Francesco Vicari","Defender",2019,2,"Serie A","67.19","121","121",9,"5000000","Medium"
93128,"Kalidou Koulibaly","Defender",2019,2,"Serie A","67.01","122","122",18,"75000000","Elite"
169880,"Giovanni Di Lorenzo","Defender",2019,2,"Serie A","66.89","123","123",21,"9000000","Medium"
70285,"Jonathan Schmid","Defender",2019,2,"Bundesliga","66.72","124","124",9,"5000000","Medium"
196357,"Jonathan Tah","Defender",2019,2,"Bundesliga","66.62","125","125",22,"35000000","High"
282429,"Sergio Reguilón","Defender",2019,2,"La Liga","66.54","126","126",16,"15000000","Medium"
1074917,"Jonathan Silva","Defender",2019,2,"La Liga","66.44","127","127",23,"3000000","Low"
15773,"Phil Bardsley","Defender",2019,2,"Premier League","65.80","128","128",17,"1500000","Low"
236490,"Ola Aina","Defender",2019,2,"Serie A","65.73","129","129",57,"8500000","Medium"
215599,"Lukas Klostermann","Defender",2019,2,"Bundesliga","65.26","130","130",42,"22000000","High"
399776,"Pau Torres","Defender",2019,2,"La Liga","65.23","131","131",28,"2500000","Low"
184573,"Victor Lindelöf","Defender",2019,2,"Premier League","65.16","132","132",22,"35000000","High"
40611,"Ryan Bertrand","Defender",2019,2,"Premier League","64.99","133","134",16,"15000000","Medium"
158791,"Sergio Postigo","Defender",2019,2,"La Liga","64.99","133","133",28,"2500000","Low"
79960,"Alex Sandro","Defender",2019,2,"Serie A","64.86","135","135",65,"45000000","High"
316125,"Ben Chilwell","Defender",2019,2,"Premier League","64.77","136","136",22,"35000000","High"
85791,"Stefan Lainer","Defender",2019,2,"Bundesliga","64.77","137","137",84,"12500000","Medium"
46741,"David Luiz","Defender",2019,2,"Premier League","64.74","138","138",11,"20000000","High"
67080,"Víctor Laguardia","Defender",2019,2,"La Liga","64.64","139","139",41,"10000000","Medium"
424204,"Alphonso Davies","Defender",2019,2,"Bundesliga","64.59","140","140",41,"10000000","Medium"
573907,"Luiz Felipe","Defender",2019,2,"Serie A","64.32","141","141",41,"10000000","Medium"
435338,"Gabriel Magalhães","Defender",2019,2,"Ligue 1","64.20","142","142",17,"1500000","Low"
190685,"Bouna Sarr","Defender",2019,2,"Ligue 1","63.93","143","143",6,"6000000","Medium"
286949,"Adam Masina","Defender",2019,2,"Premier League","63.93","144","144",25,"7000000","Medium"
710131,"Diego Llorente","Defender",2019,2,"La Liga","63.78","145","145",26,"25000000","High"
85585,"John Boye","Defender",2019,2,"Ligue 1","63.68","146","146",30,"800000","Low"
176140,"Rodrigo Ely","Defender",2019,2,"La Liga","63.63","147","147",3,"2000000","Low"
57370,"Damien Da Silva","Defender",2019,2,"Ligue 1","63.19","148","148",9,"5000000","Medium"
386047,"Axel Disasi","Defender",2019,2,"Ligue 1","62.91","149","149",29,"400000","Low"
196948,"Andreas Christensen","Defender",2019,2,"Premier League","62.81","150","150",43,"30000000","High"
71548,"Anaitz Arbilla","Defender",2019,2,"La Liga","62.57","151","151",3,"2000000","Low"
101922,"Fabio Pisacane","Defender",2019,2,"Serie A","62.42","152","152",71,"700000","Low"
190338,"Anthony Briançon","Defender",2019,2,"Ligue 1","62.15","153","153",9,"5000000","Medium"
5017,"Niklas Moisander","Defender",2019,2,"Bundesliga","62.10","154","154",3,"2000000","Low"
43763,"Erik Pieters","Defender",2019,2,"Premier League","62.05","155","155",9,"5000000","Medium"
76467,"Kiko Femenía","Defender",2019,2,"Premier League","62.02","156","156",9,"5000000","Medium"
240897,"Arturo Calabresi","Defender",2019,2,"Ligue 1","61.73","157","157",40,"1800000","Low"
258883,"Jonjoe Kenny","Defender",2019,2,"Bundesliga","60.89","158","158",9,"5000000","Medium"
91970,"Juan Cuadrado","Defender",2019,2,"Serie A","60.67","159","159",10,"18000000","Medium"
284732,"Ramy Bensebaini","Defender",2019,2,"Bundesliga","60.10","160","160",20,"8000000","Medium"
236953,"Sam Byram","Defender",2019,2,"Premier League","59.98","161","161",33,"3500000","Low"
76746,"Damián Suárez","Defender",2019,2,"La Liga","59.83","162","162",33,"3500000","Low"
95963,"Germán Sánchez","Defender",2019,2,"La Liga","59.78","163","163",44,"300000","Low"
16136,"Dante","Defender",2019,2,"Ligue 1","59.31","164","164",17,"1500000","Low"
666234,"Mohamed Simakan","Defender",2019,2,"Ligue 1","59.28","165","165",28,"2500000","Low"
124715,"Nikola Maksimović","Defender",2019,2,"Serie A","59.26","166","166",45,"17000000","Medium"
46156,"Aleksandar Kolarov","Defender",2019,2,"Serie A","59.26","166","167",20,"8000000","Medium"
64598,"Bernardo Espinosa","Defender",2019,2,"La Liga","58.62","168","168",6,"6000000","Medium"
64598,"Bernardo Espinosa","Defender",2019,2,"La Liga","58.62","168","169",6,"6000000","Medium"
64598,"Bernardo Espinosa","Defender",2019,2,"La Liga","58.62","168","168",6,"6000000","Medium"
64598,"Bernardo Espinosa","Defender",2019,2,"La Liga","58.62","168","169",6,"6000000","Medium"
163532,"Adam Smith","Defender",2019,2,"Premier League","58.59","170","170",25,"7000000","Medium"
253677,"Tyrone Mings","Defender",2019,2,"Premier League","58.44","171","171",9,"5000000","Medium"
238868,"Rubén Peña","Defender",2019,2,"La Liga","58.22","172","172",41,"10000000","Medium"
72792,"Niko Gießelmann","Defender",2019,2,"Bundesliga","58.05","173","173",33,"3500000","Low"
343475,"Ben Godfrey","Defender",2019,2,"Premier League","57.48","174","174",33,"3500000","Low"
203043,"Pedro Bigas","Defender",2019,2,"La Liga","57.33","175","175",23,"3000000","Low"
475411,"Wesley Fofana","Defender",2019,2,"Ligue 1","57.14","176","176",14,"4000000","Low"
127076,"Jérôme Roussillon","Defender",2019,2,"Bundesliga","56.91","177","177",16,"15000000","Medium"
119085,"Loris Benito","Defender",2019,2,"Ligue 1","56.86","178","178",33,"3500000","Low"
182875,"Jean-Charles Castelletto","Defender",2019,2,"Ligue 1","55.65","179","179",30,"800000","Low"
337381,"Andrea Cistana","Defender",2019,2,"Serie A","55.63","180","180",27,"600000","Low"
61592,"James Tomkins","Defender",2019,2,"Premier League","55.41","181","181",20,"8000000","Medium"
171399,"Nicola Murru","Defender",2019,2,"Serie A","55.23","182","182",25,"7000000","Medium"
99331,"Jannik Vestergaard","Defender",2019,2,"Premier League","54.96","183","183",11,"20000000","High"
411975,"Jules Koundé","Defender",2019,2,"La Liga","54.62","184","184",5,"12000000","Medium"
183318,"Jamaal Lascelles","Defender",2019,2,"Premier League","54.57","185","185",16,"15000000","Medium"
410059,"Bakaye Dibassy","Defender",2019,2,"Ligue 1","54.52","186","186",23,"3000000","Low"
121385,"Grant Hanley","Defender",2019,2,"Premier League","54.40","187","187",23,"3000000","Low"
442816,"Fran Gámez","Defender",2019,2,"La Liga","54.02","188","188",2,"500000","Low"
398073,"Achraf Hakimi","Defender",2019,2,"Bundesliga","53.09","189","189",43,"30000000","High"
162434,"Niklas Stark","Defender",2019,2,"Bundesliga","53.01","190","190",11,"20000000","High"
251075,"Zeki Çelik","Defender",2019,2,"Ligue 1","52.89","191","191",41,"10000000","Medium"
233124,"Kortney Hause","Defender",2019,2,"Premier League","52.00","192","192",13,"1000000","Low"
48081,"Christian Strohdiek","Defender",2019,2,"Bundesliga","51.93","193","193",2,"500000","Low"
315853,"Alessandro Bastoni","Defender",2019,2,"Serie A","51.80","194","194",16,"15000000","Medium"
268178,"Arkadiusz Reca","Defender",2019,2,"Serie A","51.46","195","195",33,"3500000","Low"
85370,"Sergi Roberto","Defender",2019,2,"La Liga","51.33","196","196",8,"50000000","High"
346018,"Jamal Lewis","Defender",2019,2,"Premier League","51.26","197","197",14,"4000000","Low"
357072,"Faitout Maouassa","Defender",2019,2,"Ligue 1","51.21","198","198",6,"6000000","Medium"
78917,"Julien Faussurier","Defender",2019,2,"Ligue 1","51.01","199","199",48,"1250000","Low"
111058,"Arnaud Souquet","Defender",2019,2,"Ligue 1","50.79","200","200",33,"3500000","Low"
34344,"Cristián Zapata","Defender",2019,2,"Serie A","49.80","201","201",3,"2000000","Low"
341710,"William","Defender",2019,2,"Bundesliga","49.65","202","202",25,"7000000","Medium"
56830,"Sebastien De Maio","Defender",2019,2,"Serie A","49.53","203","203",13,"1000000","Low"
68390,"Séamus Coleman","Defender",2019,2,"Premier League","49.28","204","204",16,"15000000","Medium"
216181,"Almamy Touré","Defender",2019,2,"Bundesliga","48.86","205","205",38,"6500000","Medium"
47085,"Nenad Tomović","Defender",2019,2,"Serie A","48.62","206","206",27,"600000","Low"
183288,"Luke Shaw","Defender",2019,2,"Premier League","48.00","207","207",26,"25000000","High"
285845,"Ainsley Maitland-Niles","Defender",2019,2,"Premier League","47.95","208","208",5,"12000000","Medium"
77812,"Christoph Zimmermann","Defender",2019,2,"Premier League","47.63","209","209",17,"1500000","Low"
27511,"Gary Cahill","Defender",2019,2,"Premier League","47.58","210","210",20,"8000000","Medium"
57420,"Lamine Koné","Defender",2019,2,"Ligue 1","47.41","211","211",23,"3000000","Low"
15956,"Jesús Navas","Defender",2019,2,"La Liga","47.31","212","212",14,"4000000","Low"
74448,"Andrea Rispoli","Defender",2019,2,"Serie A","47.06","213","213",74,"1200000","Low"
111508,"Allan Nyom","Defender",2019,2,"La Liga","46.77","214","214",23,"3000000","Low"
229804,"Aritz Elustondo","Defender",2019,2,"La Liga","46.52","215","215",41,"10000000","Medium"
250845,"José María Giménez","Defender",2019,2,"La Liga","46.07","216","216",31,"70000000","Elite"
175722,"Eric Dier","Defender",2019,2,"Premier League","45.70","217","217",7,"40000000","High"
58178,"David Abraham","Defender",2019,2,"Bundesliga","45.46","218","218",28,"2500000","Low"
262523,"Davide Calabria","Defender",2019,2,"Serie A","45.46","219","219",11,"20000000","High"
30059,"Lars Bender","Defender",2019,2,"Bundesliga","45.23","220","220",21,"9000000","Medium"
294817,"Thiago Silva","Defender",2019,2,"Ligue 1","45.09","221","221",41,"10000000","Medium"
463603,"Benoît Badiashile","Defender",2019,2,"Ligue 1","44.99","222","222",21,"9000000","Medium"
257097,"Ben Davies","Defender",2019,2,"Premier League","44.77","223","223",26,"25000000","High"
413403,"Ezri Konsa","Defender",2019,2,"Premier League","44.72","224","224",33,"3500000","Low"
95424,"Kyle Walker","Defender",2019,2,"Premier League","44.67","225","225",8,"50000000","High"
119269,"Shane Duffy","Defender",2019,2,"Premier League","44.62","226","226",5,"12000000","Medium"
298975,"Pol Lirola","Defender",2019,2,"Serie A","44.54","227","227",47,"13000000","Medium"
298975,"Pol Lirola","Defender",2019,2,"Serie A","44.54","227","228",47,"13000000","Medium"
298975,"Pol Lirola","Defender",2019,2,"Serie A","44.54","227","227",47,"13000000","Medium"
298975,"Pol Lirola","Defender",2019,2,"Serie A","44.54","227","228",47,"13000000","Medium"
252345,"Ken Sema","Defender",2019,2,"Serie A","44.44","229","229",33,"3500000","Low"
126281,"Alexander Hack","Defender",2019,2,"Bundesliga","44.42","230","230",28,"2500000","Low"
59016,"David Alaba","Defender",2019,2,"Bundesliga","44.40","231","231",54,"55000000","High"
193098,"Álex Moreno","Defender",2019,2,"La Liga","44.40","232","232",5,"12000000","Medium"
34322,"Sokratis Papastathopoulos","Defender",2019,2,"Premier League","44.35","233","233",11,"20000000","High"
170321,"Paul Dummett","Defender",2019,2,"Premier League","44.05","234","234",9,"5000000","Medium"
86202,"Antonio Rüdiger","Defender",2019,2,"Premier League","43.85","235","235",8,"50000000","High"
193784,"Carlos Clerc","Defender",2019,2,"La Liga","43.43","236","236",13,"1000000","Low"
225657,"Philipp Lienhart","Defender",2019,2,"Bundesliga","43.38","237","237",14,"4000000","Low"
102745,"Luca Ceppitelli","Defender",2019,2,"Serie A","43.06","238","238",28,"2500000","Low"
231572,"Nélson Semedo","Defender",2019,2,"La Liga","43.01","239","239",7,"40000000","High"
303254,"Fikayo Tomori","Defender",2019,2,"Premier League","42.91","240","240",25,"7000000","Medium"
75446,"Pablo de Blasis","Defender",2019,2,"La Liga","42.84","241","241",3,"2000000","Low"
434358,"Sofiane Alakouch","Defender",2019,2,"Ligue 1","42.57","242","242",9,"5000000","Medium"
290273,"Álvaro Tejero","Defender",2019,2,"La Liga","42.40","243","243",13,"1000000","Low"
10503,"Uwe Hünemeier","Defender",2019,2,"Bundesliga","42.25","244","244",29,"400000","Low"
296422,"Fodé Ballo-Touré","Defender",2019,2,"Ligue 1","42.17","245","245",5,"12000000","Medium"
457673,"Gabriel Strefezza","Defender",2019,2,"Serie A","41.90","246","246",44,"300000","Low"
43984,"Daniel Brosinski","Defender",2019,2,"Bundesliga","41.88","247","247",28,"2500000","Low"
88590,"Shkodran Mustafi","Defender",2019,2,"Premier League","41.78","248","248",26,"25000000","High"
167796,"Paolo Faragò","Defender",2019,2,"Serie A","41.75","249","249",9,"5000000","Medium"
808509,"Danilo","Defender",2019,2,"Serie A","41.68","250","250",30,"800000","Low"
83132,"Vincent Manceau","Defender",2019,2,"Ligue 1","41.41","251","251",28,"2500000","Low"
251878,"Aarón Martín","Defender",2019,2,"Bundesliga","41.04","252","252",37,"16000000","Medium"
469949,"Noah Katterbach","Defender",2019,2,"Bundesliga","40.96","253","253",1,"100000","Low"
33571,"Lorenzo De Silvestri","Defender",2019,2,"Serie A","40.72","254","254",14,"4000000","Low"
277114,"Jason Denayer","Defender",2019,2,"Ligue 1","40.72","255","255",84,"12500000","Medium"
318523,"Romain Perraud","Defender",2019,2,"Ligue 1","40.72","256","256",30,"800000","Low"
338285,"Unai Núñez","Defender",2019,2,"La Liga","40.59","257","257",41,"10000000","Medium"
88684,"Giulio Donati","Defender",2019,2,"Serie A","39.53","258","258",17,"1500000","Low"
291417,"Ferland Mendy","Defender",2019,2,"La Liga","39.23","259","259",43,"30000000","High"
216499,"Fouad Chafik","Defender",2019,2,"Ligue 1","39.01","260","260",30,"800000","Low"
463605,"Bafodé Diakité","Defender",2019,2,"Ligue 1","38.94","261","261",13,"1000000","Low"
126534,"Salif Sané","Defender",2019,2,"Bundesliga","38.77","262","262",16,"15000000","Medium"
61546,"Facundo Roncaglia","Defender",2019,2,"La Liga","38.49","263","263",28,"2500000","Low"
346567,"Luca Pellegrini","Defender",2019,2,"Serie A","38.32","264","264",9,"5000000","Medium"
346567,"Luca Pellegrini","Defender",2019,2,"Serie A","38.32","264","266",9,"5000000","Medium"
346567,"Luca Pellegrini","Defender",2019,2,"Serie A","38.32","264","266",9,"5000000","Medium"
346567,"Luca Pellegrini","Defender",2019,2,"Serie A","38.32","264","265",9,"5000000","Medium"
346567,"Luca Pellegrini","Defender",2019,2,"Serie A","38.32","264","265",9,"5000000","Medium"
346567,"Luca Pellegrini","Defender",2019,2,"Serie A","38.32","264","264",9,"5000000","Medium"
346567,"Luca Pellegrini","Defender",2019,2,"Serie A","38.32","264","266",9,"5000000","Medium"
346567,"Luca Pellegrini","Defender",2019,2,"Serie A","38.32","264","265",9,"5000000","Medium"
346567,"Luca Pellegrini","Defender",2019,2,"Serie A","38.32","264","264",9,"5000000","Medium"
182712,"João Cancelo","Defender",2019,2,"Premier League","38.17","267","267",54,"55000000","High"
282041,"Presnel Kimpembe","Defender",2019,2,"Ligue 1","38.15","268","268",43,"30000000","High"
27374,"Sidnei","Defender",2019,2,"La Liga","38.07","269","269",41,"10000000","Medium"
70411,"Darko Lazović","Defender",2019,2,"Serie A","37.95","270","270",23,"3000000","Low"
448844,"Carlos Neva","Defender",2019,2,"La Liga","37.93","271","271",34,"200000","Low"
65318,"Jaume Costa","Defender",2019,2,"La Liga","37.85","272","273",14,"4000000","Low"
65318,"Jaume Costa","Defender",2019,2,"La Liga","37.85","272","272",14,"4000000","Low"
65318,"Jaume Costa","Defender",2019,2,"La Liga","37.85","272","273",14,"4000000","Low"
65318,"Jaume Costa","Defender",2019,2,"La Liga","37.85","272","272",14,"4000000","Low"
84085,"Timothée Kolodziejczak","Defender",2019,2,"Ligue 1","37.78","274","274",6,"6000000","Medium"
401530,"Éder Militão","Defender",2019,2,"La Liga","37.58","275","275",22,"35000000","High"
129674,"Jeremy Toljan","Defender",2019,2,"Serie A","37.19","276","276",14,"4000000","Low"
378954,"Joris Gnagnon","Defender",2019,2,"Ligue 1","37.09","277","277",6,"6000000","Medium"
87884,"Mário Rui","Defender",2019,2,"Serie A","36.89","278","278",5,"12000000","Medium"
183647,"Álvaro González","Defender",2019,2,"Ligue 1","36.52","279","279",1,"100000","Low"
69751,"Jordi Alba","Defender",2019,2,"La Liga","36.07","280","280",8,"50000000","High"
424051,"Samuel Kalu","Defender",2019,2,"Ligue 1","35.90","281","281",41,"10000000","Medium"
120443,"Santiago Arias","Defender",2019,2,"La Liga","35.83","282","282",10,"18000000","Medium"
344072,"Kelvin Amian","Defender",2019,2,"Ligue 1","35.56","283","283",9,"5000000","Medium"
215118,"Calum Chambers","Defender",2019,2,"Premier League","35.21","284","284",24,"14000000","Medium"
249356,"Jack Stacey","Defender",2019,2,"Premier League","35.14","285","285",14,"4000000","Low"
480987,"Chris Mepham","Defender",2019,2,"Premier League","34.94","286","286",5,"12000000","Medium"
260827,"Joachim Andersen","Defender",2019,2,"Ligue 1","34.74","287","287",11,"20000000","High"
275303,"Hans Hateboer","Defender",2019,2,"Serie A","34.37","288","288",16,"15000000","Medium"
174196,"Kenny Lala","Defender",2019,2,"Ligue 1","34.00","289","289",24,"14000000","Medium"
568149,"Alberto Moreno","Defender",2019,2,"La Liga","33.98","290","290",21,"9000000","Medium"
273438,"Danilo Barbosa","Defender",2019,2,"Ligue 1","33.88","291","291",20,"8000000","Medium"
45314,"Federico Fazio","Defender",2019,2,"Serie A","33.80","292","292",6,"6000000","Medium"
277167,"Gian Marco Ferrari","Defender",2019,2,"Serie A","33.28","293","293",24,"14000000","Medium"
262226,"Timothy Castagne","Defender",2019,2,"Serie A","33.26","294","294",41,"10000000","Medium"
206746,"Kenny Tete","Defender",2019,2,"Ligue 1","33.21","295","295",20,"8000000","Medium"
98240,"Ciaran Clark","Defender",2019,2,"Premier League","33.16","296","296",6,"6000000","Medium"
203853,"Oleksandr Zinchenko","Defender",2019,2,"Premier League","32.62","297","297",11,"20000000","High"
19305,"Oscar Wendt","Defender",2019,2,"Bundesliga","32.40","298","298",3,"2000000","Low"
23960,"Jérémy Morel","Defender",2019,2,"Ligue 1","32.30","299","299",46,"250000","Low"
361914,"Nayef Aguerd","Defender",2019,2,"Ligue 1","32.25","300","300",17,"1500000","Low"
66736,"Lisandro Magallán","Defender",2019,2,"La Liga","31.14","301","301",6,"6000000","Medium"
93935,"Sergio Escudero","Defender",2019,2,"La Liga","30.64","302","302",32,"7500000","Medium"
55769,"Danilo D'Ambrosio","Defender",2019,2,"Serie A","30.10","303","303",47,"13000000","Medium"
346289,"Mouctar Diakhaby","Defender",2019,2,"La Liga","30.02","304","304",16,"15000000","Medium"
337922,"Esteban Burgos","Defender",2019,2,"La Liga","29.93","305","306",27,"600000","Low"
62688,"Scott Dann","Defender",2019,2,"Premier League","29.93","305","305",14,"4000000","Low"
118689,"Leonardo Spinazzola","Defender",2019,2,"Serie A","29.78","307","307",16,"15000000","Medium"
126719,"Juan Bernat","Defender",2019,2,"Ligue 1","29.28","308","308",16,"15000000","Medium"
203746,"Ruben Aguilar","Defender",2019,2,"Ligue 1","28.99","309","309",20,"8000000","Medium"
55854,"Cristian Ansaldi","Defender",2019,2,"Serie A","28.05","310","310",9,"5000000","Medium"
85822,"Florian Hübner","Defender",2019,2,"Bundesliga","27.83","311","311",13,"1000000","Low"
85906,"Danny da Costa","Defender",2019,2,"Bundesliga","27.75","312","312",5,"12000000","Medium"
356197,"Alfonso Pedraza","Defender",2019,2,"La Liga","27.26","313","314",16,"15000000","Medium"
356197,"Alfonso Pedraza","Defender",2019,2,"La Liga","27.26","313","313",16,"15000000","Medium"
356197,"Alfonso Pedraza","Defender",2019,2,"La Liga","27.26","313","314",16,"15000000","Medium"
356197,"Alfonso Pedraza","Defender",2019,2,"La Liga","27.26","313","313",16,"15000000","Medium"
100986,"Thomas Meunier","Defender",2019,2,"Ligue 1","27.01","315","315",43,"30000000","High"
207715,"Ibrahima Mbaye","Defender",2019,2,"Serie A","26.72","316","316",23,"3000000","Low"
182579,"Karim Rekik","Defender",2019,2,"Bundesliga","26.57","317","317",16,"15000000","Medium"
49723,"Timothy Chandler","Defender",2019,2,"Bundesliga","26.54","318","318",14,"4000000","Low"
344598,"Dan-Axel Zagadou","Defender",2019,2,"Bundesliga","26.44","319","319",43,"30000000","High"
313477,"Paolo Ghiglione","Defender",2019,2,"Serie A","26.32","320","320",13,"1000000","Low"
205503,"Ibrahim Amadou","Defender",2019,2,"Premier League","25.83","321","321",25,"7000000","Medium"
433177,"Bukayo Saka","Defender",2019,2,"Premier League","25.31","322","322",25,"7000000","Medium"
719646,"Bernardo","Defender",2019,2,"Premier League","24.91","323","323",21,"9000000","Medium"
453016,"Anthony Caci","Defender",2019,2,"Ligue 1","24.64","324","324",23,"3000000","Low"
28335,"Christophe Jallet","Defender",2019,2,"Ligue 1","24.27","325","325",2,"500000","Low"
186590,"John Stones","Defender",2019,2,"Premier League","24.05","326","326",55,"60000000","Elite"
256678,"Filippo Romagna","Defender",2019,2,"Serie A","24.02","327","327",6,"6000000","Medium"
93707,"Christian Günter","Defender",2019,2,"Bundesliga","23.83","328","328",21,"9000000","Medium"
164108,"Bruno Martella","Defender",2019,2,"Serie A","23.41","329","329",87,"1700000","Low"
191217,"Héctor Bellerín","Defender",2019,2,"Premier League","23.36","330","330",7,"40000000","High"
176553,"Aymeric Laporte","Defender",2019,2,"Premier League","23.04","331","331",18,"75000000","Elite"
200056,"Elseid Hysaj","Defender",2019,2,"Serie A","22.86","332","332",64,"23000000","High"
66333,"Ahmed Elmohamady","Defender",2019,2,"Premier League","22.47","333","333",23,"3000000","Low"
406008,"Yan Valery","Defender",2019,2,"Premier League","22.35","334","334",28,"2500000","Low"
71905,"Coke","Defender",2019,2,"La Liga","22.12","335","335",3,"2000000","Low"
6636,"Christian Fuchs","Defender",2019,2,"Premier League","21.65","336","336",23,"3000000","Low"
170961,"Thomas Delaine","Defender",2019,2,"Ligue 1","20.99","337","337",13,"1000000","Low"
374139,"Junior Firpo","Defender",2019,2,"La Liga","20.17","338","338",26,"25000000","High"
507700,"Brandon Williams","Defender",2019,2,"Premier League","20.15","339","339",25,"7000000","Medium"
96806,"Jacopo Sala","Defender",2019,2,"Serie A","19.98","340","340",82,"1600000","Low"
135492,"Youssouf Sabaly","Defender",2019,2,"Ligue 1","19.83","341","341",41,"10000000","Medium"
229005,"Abdou Diallo","Defender",2019,2,"Ligue 1","19.53","342","342",22,"35000000","High"
237499,"Aleksandar Sedlar","Defender",2019,2,"La Liga","19.23","343","343",29,"400000","Low"
124555,"Cristiano Biraghi","Defender",2019,2,"Serie A","19.14","344","346",41,"10000000","Medium"
202591,"Benjamin Henrichs","Defender",2019,2,"Ligue 1","19.14","344","345",16,"15000000","Medium"
124555,"Cristiano Biraghi","Defender",2019,2,"Serie A","19.14","344","344",41,"10000000","Medium"
124555,"Cristiano Biraghi","Defender",2019,2,"Serie A","19.14","344","344",41,"10000000","Medium"
124555,"Cristiano Biraghi","Defender",2019,2,"Serie A","19.14","344","346",41,"10000000","Medium"
248732,"Paweł Dawidowicz","Defender",2019,2,"Serie A","18.74","347","347",82,"1600000","Low"
346478,"Japhet Tanganga","Defender",2019,2,"Premier League","18.64","348","348",30,"800000","Low"
157495,"Benjamin Mendy","Defender",2019,2,"Premier League","18.57","349","349",7,"40000000","High"
197491,"Alex Ferrari","Defender",2019,2,"Serie A","18.20","350","350",17,"1500000","Low"
242940,"Edoardo Goldaniga","Defender",2019,2,"Serie A","17.98","351","351",3,"2000000","Low"
281963,"Lucas Hernández","Defender",2019,2,"Bundesliga","17.93","352","352",31,"70000000","Elite"
889683,"Rogério","Defender",2019,2,"Serie A","17.48","353","353",20,"8000000","Medium"
501418,"Adrià Pedrosa","Defender",2019,2,"La Liga","16.74","354","354",44,"300000","Low"
520468,"Iago","Defender",2019,2,"Bundesliga","16.67","355","355",3,"2000000","Low"
466794,"Eric García","Defender",2019,2,"Premier League","16.64","356","356",25,"7000000","Medium"
124002,"Biagio Meccariello","Defender",2019,2,"Serie A","16.62","357","357",29,"400000","Low"
300716,"Kieran Tierney","Defender",2019,2,"Premier League","16.49","358","358",84,"12500000","Medium"
130365,"Alessandro Florenzi","Defender",2019,2,"Serie A","14.99","359","359",26,"25000000","High"
130365,"Alessandro Florenzi","Defender",2019,2,"Serie A","14.99","359","360",26,"25000000","High"
130365,"Alessandro Florenzi","Defender",2019,2,"Serie A","14.99","359","360",26,"25000000","High"
130365,"Alessandro Florenzi","Defender",2019,2,"Serie A","14.99","359","359",26,"25000000","High"
378139,"Aitor Ruibal","Defender",2019,2,"La Liga","14.59","361","362",27,"600000","Low"
378139,"Aitor Ruibal","Defender",2019,2,"La Liga","14.59","361","361",27,"600000","Low"
378139,"Aitor Ruibal","Defender",2019,2,"La Liga","14.59","361","362",27,"600000","Low"
378139,"Aitor Ruibal","Defender",2019,2,"La Liga","14.59","361","361",27,"600000","Low"
197122,"Unai García","Defender",2019,2,"La Liga","14.17","363","363",13,"1000000","Low"
320271,"Toni Lato","Defender",2019,2,"La Liga","13.65","364","364",9,"5000000","Medium"
320271,"Toni Lato","Defender",2019,2,"La Liga","13.65","364","364",9,"5000000","Medium"
320271,"Toni Lato","Defender",2019,2,"La Liga","13.65","364","366",9,"5000000","Medium"
320271,"Toni Lato","Defender",2019,2,"La Liga","13.65","364","366",9,"5000000","Medium"
320271,"Toni Lato","Defender",2019,2,"La Liga","13.65","364","365",9,"5000000","Medium"
320271,"Toni Lato","Defender",2019,2,"La Liga","13.65","364","365",9,"5000000","Medium"
320271,"Toni Lato","Defender",2019,2,"La Liga","13.65","364","364",9,"5000000","Medium"
320271,"Toni Lato","Defender",2019,2,"La Liga","13.65","364","366",9,"5000000","Medium"
320271,"Toni Lato","Defender",2019,2,"La Liga","13.65","364","365",9,"5000000","Medium"
240219,"Lorenzo Venuti","Defender",2019,2,"Serie A","13.51","367","367",17,"1500000","Low"
25488,"Antonio Candreva","Defender",2019,2,"Serie A","12.91","368","368",9,"5000000","Medium"
286779,"Jorge Meré","Defender",2019,2,"Bundesliga","12.54","369","369",25,"7000000","Medium"
450417,"Dylan Bronn","Defender",2019,2,"Ligue 1","12.42","370","370",25,"7000000","Medium"
341227,"Juan Miranda","Defender",2019,2,"Bundesliga","12.12","371","371",9,"5000000","Medium"
341227,"Juan Miranda","Defender",2019,2,"Bundesliga","12.12","371","372",9,"5000000","Medium"
341227,"Juan Miranda","Defender",2019,2,"Bundesliga","12.12","371","372",9,"5000000","Medium"
341227,"Juan Miranda","Defender",2019,2,"Bundesliga","12.12","371","371",9,"5000000","Medium"
289255,"Andoni Gorosabel","Defender",2019,2,"La Liga","11.78","373","373",17,"1500000","Low"
221611,"Paulo Otávio","Defender",2019,2,"Bundesliga","10.94","374","374",86,"650000","Low"
388198,"Nico Schlotterbeck","Defender",2019,2,"Bundesliga","10.47","375","375",68,"75000","Low"
166601,"Niklas Süle","Defender",2019,2,"Bundesliga","10.42","376","376",55,"60000000","Elite"
26066,"Iván Ramis","Defender",2019,2,"La Liga","10.22","377","377",13,"1000000","Low"
175323,"Óscar Duarte","Defender",2019,2,"La Liga","10.20","378","378",13,"1000000","Low"
192492,"Jordan Lefort","Defender",2019,2,"Ligue 1","10.07","379","380",23,"3000000","Low"
192492,"Jordan Lefort","Defender",2019,2,"Ligue 1","10.07","379","380",23,"3000000","Low"
192492,"Jordan Lefort","Defender",2019,2,"Ligue 1","10.07","379","379",23,"3000000","Low"
192492,"Jordan Lefort","Defender",2019,2,"Ligue 1","10.07","379","379",23,"3000000","Low"
111347,"Lorenzo Tonelli","Defender",2019,2,"Serie A","9.98","381","382",25,"7000000","Medium"
111347,"Lorenzo Tonelli","Defender",2019,2,"Serie A","9.98","381","381",25,"7000000","Medium"
111347,"Lorenzo Tonelli","Defender",2019,2,"Serie A","9.98","381","382",25,"7000000","Medium"
111347,"Lorenzo Tonelli","Defender",2019,2,"Serie A","9.98","381","381",25,"7000000","Medium"
228761,"Jony","Defender",2019,2,"Serie A","9.83","383","383",41,"10000000","Medium"
10003,"Wes Morgan","Defender",2019,2,"Premier League","9.68","384","384",3,"2000000","Low"
84344,"Davide Santon","Defender",2019,2,"Serie A","9.04","385","385",9,"5000000","Medium"
60583,"Jérémy Pied","Defender",2019,2,"Ligue 1","7.48","386","386",28,"2500000","Low"
127108,"Florian Lejeune","Defender",2019,2,"Premier League","7.14","387","387",20,"8000000","Medium"
165873,"Federico Barba","Defender",2019,2,"La Liga","6.44","388","388",3,"2000000","Low"
315843,"Alessandro Semprini","Defender",2019,2,"Serie A","5.85","389","389",88,"125000","Low"
241889,"Antonio Barreca","Defender",2019,2,"Serie A","5.78","390","390",25,"7000000","Medium"
16831,"Ken Reichel","Defender",2019,2,"Bundesliga","5.43","391","391",27,"600000","Low"
63531,"Kwadwo Asamoah","Defender",2019,2,"Serie A","5.36","392","392",47,"13000000","Medium"
93922,"Erik Durm","Defender",2019,2,"Bundesliga","5.14","393","393",3,"2000000","Low"
85867,"Nico Schulz","Defender",2019,2,"Bundesliga","4.91","394","394",26,"25000000","High"
335147,"Junior Sambia","Defender",2019,2,"Ligue 1","4.42","395","395",14,"4000000","Low"
117996,"Phil Jones","Defender",2019,2,"Premier League","4.32","396","396",11,"20000000","High"
538996,"Tanguy Nianzou","Defender",2019,2,"Ligue 1","4.15","397","397",58,"150000","Low"
119164,"Ezequiel Schelotto","Defender",2019,2,"Premier League","3.85","398","398",23,"3000000","Low"
247377,"Kevin Bonifazi","Defender",2019,2,"Serie A","3.65","399","400",14,"4000000","Low"
247377,"Kevin Bonifazi","Defender",2019,2,"Serie A","3.65","399","399",14,"4000000","Low"
247377,"Kevin Bonifazi","Defender",2019,2,"Serie A","3.65","399","399",14,"4000000","Low"
247377,"Kevin Bonifazi","Defender",2019,2,"Serie A","3.65","399","400",14,"4000000","Low"
228948,"Thilo Kehrer","Defender",2019,2,"Ligue 1","3.26","401","401",22,"35000000","High"
282349,"Timo Becker","Defender",2019,2,"Bundesliga","3.09","402","402",58,"150000","Low"
118196,"Jean Zimmer","Defender",2019,2,"Bundesliga","2.59","403","403",90,"2750000","Low"
337716,"Claud Adjapong","Defender",2019,2,"Serie A","1.46","404","404",33,"3500000","Low"
29260,"Giorgio Chiellini","Defender",2019,2,"Serie A","0.81","405","405",32,"7500000","Medium"
93604,"Lukas Kübler","Defender",2019,2,"Bundesliga","0.20","406","406",28,"2500000","Low"
8198,"Cristiano Ronaldo","Forward",2019,2,"Serie A","99.66","1","1",51,"90000000","Elite"
28003,"Lionel Messi","Forward",2019,2,"La Liga","99.54","2","2",96,"150000000","Elite"
170527,"Timo Werner","Forward",2019,2,"Bundesliga","99.01","3","3",66,"65000000","Elite"
18922,"Karim Benzema","Forward",2019,2,"La Liga","97.88","4","4",7,"40000000","High"
96341,"Romelu Lukaku","Forward",2019,2,"Serie A","97.63","5","5",18,"75000000","Elite"
148455,"Mohamed Salah","Forward",2019,2,"Premier League","97.52","6","6",96,"150000000","Elite"
134425,"Raheem Sterling","Forward",2019,2,"Premier League","96.39","7","7",98,"140000000","Elite"
134294,"Danny Ings","Forward",2019,2,"Premier League","96.01","8","8",16,"15000000","Medium"
84765,"Francesco Caputo","Forward",2019,2,"Serie A","95.34","9","9",14,"4000000","Low"
197838,"Jamie Vardy","Forward",2019,2,"Premier League","95.13","10","10",11,"20000000","High"
200512,"Sadio Mané","Forward",2019,2,"Premier League","94.15","11","11",19,"85000000","Elite"
342229,"Kylian Mbappé","Forward",2019,2,"Ligue 1","94.03","12","12",91,"200000000","Elite"
177467,"Gerard Moreno","Forward",2019,2,"La Liga","93.93","13","13",70,"17500000","Medium"
58864,"Pierre-Emerick Aubameyang","Forward",2019,2,"Premier League","93.57","14","14",31,"70000000","Elite"
73794,"Duván Zapata","Forward",2019,2,"Serie A","93.30","15","16",22,"35000000","High"
73794,"Duván Zapata","Forward",2019,2,"Serie A","93.30","15","16",22,"35000000","High"
73794,"Duván Zapata","Forward",2019,2,"Serie A","93.30","15","15",22,"35000000","High"
73794,"Duván Zapata","Forward",2019,2,"Serie A","93.30","15","15",22,"35000000","High"
146854,"Wissam Ben Yedder","Forward",2019,2,"Ligue 1","93.07","17","17",7,"40000000","High"
401173,"Jadon Sancho","Forward",2019,2,"Bundesliga","92.34","18","18",15,"80000000","Elite"
72047,"Iago Aspas","Forward",2019,2,"La Liga","91.49","19","19",11,"20000000","High"
119228,"Luis Muriel","Forward",2019,2,"Serie A","91.21","20","20",41,"10000000","Medium"
363205,"Gabriel Jesus","Forward",2019,2,"Premier League","91.21","20","21",31,"70000000","Elite"
406625,"Lautaro Martínez","Forward",2019,2,"Serie A","90.82","22","22",43,"30000000","High"
177843,"Domenico Berardi","Forward",2019,2,"Serie A","90.63","23","23",11,"20000000","High"
159471,"Serge Gnabry","Forward",2019,2,"Bundesliga","89.97","24","24",65,"45000000","High"
424784,"Luis Suárez","Forward",2019,2,"La Liga","89.57","25","25",2,"500000","Low"
424784,"Luis Suárez","Forward",2019,2,"La Liga","89.57","25","26",2,"500000","Low"
424784,"Luis Suárez","Forward",2019,2,"La Liga","89.57","25","25",2,"500000","Low"
424784,"Luis Suárez","Forward",2019,2,"La Liga","89.57","25","26",2,"500000","Low"
152963,"Florian Niederlechner","Forward",2019,2,"Bundesliga","89.31","27","27",33,"3500000","Low"
331726,"Tammy Abraham","Forward",2019,2,"Premier League","88.87","28","28",16,"15000000","Medium"
132098,"Harry Kane","Forward",2019,2,"Premier League","88.78","29","29",96,"150000000","Elite"
26399,"Sergio Agüero","Forward",2019,2,"Premier League","88.64","30","30",66,"65000000","Elite"
189441,"Lucas Ocampos","Forward",2019,2,"La Liga","88.42","31","31",16,"15000000","Medium"
199258,"Andrea Petagna","Forward",2019,2,"Serie A","86.96","32","32",11,"20000000","High"
199258,"Andrea Petagna","Forward",2019,2,"Serie A","86.96","32","35",11,"20000000","High"
199258,"Andrea Petagna","Forward",2019,2,"Serie A","86.96","32","34",11,"20000000","High"
199258,"Andrea Petagna","Forward",2019,2,"Serie A","86.96","32","33",11,"20000000","High"
199258,"Andrea Petagna","Forward",2019,2,"Serie A","86.96","32","32",11,"20000000","High"
199258,"Andrea Petagna","Forward",2019,2,"Serie A","86.96","32","33",11,"20000000","High"
199258,"Andrea Petagna","Forward",2019,2,"Serie A","86.96","32","34",11,"20000000","High"
199258,"Andrea Petagna","Forward",2019,2,"Serie A","86.96","32","35",11,"20000000","High"
199258,"Andrea Petagna","Forward",2019,2,"Serie A","86.96","32","35",11,"20000000","High"
199258,"Andrea Petagna","Forward",2019,2,"Serie A","86.96","32","34",11,"20000000","High"
199258,"Andrea Petagna","Forward",2019,2,"Serie A","86.96","32","33",11,"20000000","High"
199258,"Andrea Petagna","Forward",2019,2,"Serie A","86.96","32","32",11,"20000000","High"
199258,"Andrea Petagna","Forward",2019,2,"Serie A","86.96","32","35",11,"20000000","High"
199258,"Andrea Petagna","Forward",2019,2,"Serie A","86.96","32","34",11,"20000000","High"
199258,"Andrea Petagna","Forward",2019,2,"Serie A","86.96","32","33",11,"20000000","High"
199258,"Andrea Petagna","Forward",2019,2,"Serie A","86.96","32","32",11,"20000000","High"
108725,"Chris Wood","Forward",2019,2,"Premier League","86.57","36","36",10,"18000000","Medium"
306024,"Dominic Calvert-Lewin","Forward",2019,2,"Premier League","85.73","37","37",11,"20000000","High"
16311,"Rouwen Hennings","Forward",2019,2,"Bundesliga","85.60","38","38",17,"1500000","Low"
206050,"Paulo Dybala","Forward",2019,2,"Serie A","85.54","39","39",36,"100000000","Elite"
341092,"Federico Chiesa","Forward",2019,2,"Serie A","85.19","40","40",55,"60000000","Elite"
167329,"Alassane Pléa","Forward",2019,2,"Bundesliga","85.00","41","41",43,"30000000","High"
22328,"Fabio Quagliarella","Forward",2019,2,"Serie A","84.91","42","42",28,"2500000","Low"
229004,"Moussa Dembélé","Forward",2019,2,"Ligue 1","84.51","43","43",42,"22000000","High"
46413,"Ante Budimir","Forward",2019,2,"La Liga","83.25","44","44",62,"1400000","Low"
227961,"Jaime Mata","Forward",2019,2,"La Liga","83.00","45","45",41,"10000000","Medium"
82009,"Kevin Volland","Forward",2019,2,"Bundesliga","82.97","46","46",43,"30000000","High"
133964,"Lorenzo Insigne","Forward",2019,2,"Serie A","82.10","47","47",66,"65000000","Elite"
147573,"Sebastian Andersson","Forward",2019,2,"Bundesliga","82.07","48","48",48,"1250000","Low"
217115,"Neal Maupay","Forward",2019,2,"Premier League","81.78","49","49",41,"10000000","Medium"
46972,"Teemu Pukki","Forward",2019,2,"Premier League","81.76","50","50",14,"4000000","Low"
81999,"Joselu","Forward",2019,2,"La Liga","81.61","51","51",14,"4000000","Low"
55338,"Willian","Forward",2019,2,"Premier League","80.88","52","52",7,"40000000","High"
282388,"Giovanni Simeone","Forward",2019,2,"Serie A","80.78","53","53",11,"20000000","High"
282388,"Giovanni Simeone","Forward",2019,2,"Serie A","80.78","53","54",11,"20000000","High"
282388,"Giovanni Simeone","Forward",2019,2,"Serie A","80.78","53","53",11,"20000000","High"
282388,"Giovanni Simeone","Forward",2019,2,"Serie A","80.78","53","54",11,"20000000","High"
431755,"Dejan Kulusevski","Forward",2019,2,"Serie A","80.75","55","58",13,"1000000","Low"
431755,"Dejan Kulusevski","Forward",2019,2,"Serie A","80.75","55","56",13,"1000000","Low"
431755,"Dejan Kulusevski","Forward",2019,2,"Serie A","80.75","55","58",13,"1000000","Low"
431755,"Dejan Kulusevski","Forward",2019,2,"Serie A","80.75","55","55",13,"1000000","Low"
431755,"Dejan Kulusevski","Forward",2019,2,"Serie A","80.75","55","56",13,"1000000","Low"
431755,"Dejan Kulusevski","Forward",2019,2,"Serie A","80.75","55","55",13,"1000000","Low"
431755,"Dejan Kulusevski","Forward",2019,2,"Serie A","80.75","55","58",13,"1000000","Low"
431755,"Dejan Kulusevski","Forward",2019,2,"Serie A","80.75","55","57",13,"1000000","Low"
431755,"Dejan Kulusevski","Forward",2019,2,"Serie A","80.75","55","57",13,"1000000","Low"
431755,"Dejan Kulusevski","Forward",2019,2,"Serie A","80.75","55","58",13,"1000000","Low"
431755,"Dejan Kulusevski","Forward",2019,2,"Serie A","80.75","55","56",13,"1000000","Low"
431755,"Dejan Kulusevski","Forward",2019,2,"Serie A","80.75","55","57",13,"1000000","Low"
431755,"Dejan Kulusevski","Forward",2019,2,"Serie A","80.75","55","55",13,"1000000","Low"
431755,"Dejan Kulusevski","Forward",2019,2,"Serie A","80.75","55","55",13,"1000000","Low"
431755,"Dejan Kulusevski","Forward",2019,2,"Serie A","80.75","55","56",13,"1000000","Low"
431755,"Dejan Kulusevski","Forward",2019,2,"Serie A","80.75","55","57",13,"1000000","Low"
344888,"Habib Diallo","Forward",2019,2,"Ligue 1","80.73","59","59",33,"3500000","Low"
3455,"Zlatan Ibrahimović","Forward",2019,2,"Serie A","79.36","60","60",33,"3500000","Low"
122797,"Andy Delort","Forward",2019,2,"Ligue 1","78.97","61","61",84,"12500000","Medium"
227081,"Joaquín Correa","Forward",2019,2,"Serie A","78.76","62","62",11,"20000000","High"
42936,"Nils Petersen","Forward",2019,2,"Bundesliga","78.18","63","63",20,"8000000","Medium"
236045,"Denis Bouanga","Forward",2019,2,"Ligue 1","77.90","64","64",6,"6000000","Medium"
315779,"Christian Pulisic","Forward",2019,2,"Premier League","77.76","65","65",55,"60000000","Elite"
93720,"Alexandre Lacazette","Forward",2019,2,"Premier League","77.75","66","66",31,"70000000","Elite"
122155,"Willian José","Forward",2019,2,"La Liga","77.69","67","67",43,"30000000","High"
65477,"Troy Deeney","Forward",2019,2,"Premier League","77.63","68","68",41,"10000000","Medium"
203460,"Jack Grealish","Forward",2019,2,"Premier League","77.15","69","69",26,"25000000","High"
212391,"Roger Martí","Forward",2019,2,"La Liga","76.97","70","70",41,"10000000","Medium"
37647,"Dimitri Payet","Forward",2019,2,"Ligue 1","76.36","71","71",84,"12500000","Medium"
130394,"Gianluca Lapadula","Forward",2019,2,"Serie A","76.24","72","72",9,"5000000","Medium"
418560,"Erling Haaland","Forward",2019,2,"Bundesliga","76.07","73","73",9,"5000000","Medium"
191891,"Arkadiusz Milik","Forward",2019,2,"Serie A","76.06","74","74",22,"35000000","High"
39153,"Gonzalo Higuaín","Forward",2019,2,"Serie A","75.99","75","75",65,"45000000","High"
216464,"Carlos Fernández","Forward",2019,2,"La Liga","75.70","76","76",17,"1500000","Low"
216464,"Carlos Fernández","Forward",2019,2,"La Liga","75.70","76","76",17,"1500000","Low"
216464,"Carlos Fernández","Forward",2019,2,"La Liga","75.70","76","77",17,"1500000","Low"
216464,"Carlos Fernández","Forward",2019,2,"La Liga","75.70","76","77",17,"1500000","Low"
108354,"Jordan Ayew","Forward",2019,2,"Premier League","74.85","78","78",20,"8000000","Medium"
92693,"Darío Benedetto","Forward",2019,2,"Ligue 1","74.73","79","79",84,"12500000","Medium"
237662,"Breel Embolo","Forward",2019,2,"Bundesliga","73.57","80","80",5,"12000000","Medium"
125781,"Antoine Griezmann","Forward",2019,2,"La Liga","73.28","81","81",97,"130000000","Elite"
340950,"Diogo Jota","Forward",2019,2,"Premier League","73.06","82","82",22,"35000000","High"
248999,"Lucas Höler","Forward",2019,2,"Bundesliga","72.63","83","83",23,"3000000","Low"
298976,"Borja Mayoral","Forward",2019,2,"La Liga","72.40","84","84",14,"4000000","Low"
298976,"Borja Mayoral","Forward",2019,2,"La Liga","72.40","84","85",14,"4000000","Low"
298976,"Borja Mayoral","Forward",2019,2,"La Liga","72.40","84","85",14,"4000000","Low"
298976,"Borja Mayoral","Forward",2019,2,"La Liga","72.40","84","84",14,"4000000","Low"
211251,"Darwin Machís","Forward",2019,2,"La Liga","71.60","86","86",28,"2500000","Low"
51510,"Ángel Rodríguez","Forward",2019,2,"La Liga","71.28","87","87",23,"3000000","Low"
450826,"Callum Wilson","Forward",2019,2,"Premier League","70.99","88","88",43,"30000000","High"
486624,"Musa Barrow","Forward",2019,2,"Serie A","70.70","89","89",9,"5000000","Medium"
242086,"Patrik Schick","Forward",2019,2,"Bundesliga","70.51","90","90",16,"15000000","Medium"
242086,"Patrik Schick","Forward",2019,2,"Bundesliga","70.51","90","91",16,"15000000","Medium"
242086,"Patrik Schick","Forward",2019,2,"Bundesliga","70.51","90","91",16,"15000000","Medium"
242086,"Patrik Schick","Forward",2019,2,"Bundesliga","70.51","90","90",16,"15000000","Medium"
108650,"Yuya Osako","Forward",2019,2,"Bundesliga","70.09","92","92",9,"5000000","Medium"
159883,"Ernesto Torregrossa","Forward",2019,2,"Serie A","69.78","93","93",13,"1000000","Low"
99353,"Portu","Forward",2019,2,"La Liga","69.70","94","94",41,"10000000","Medium"
270541,"Serhou Guirassy","Forward",2019,2,"Ligue 1","69.55","95","95",3,"2000000","Low"
12563,"Goran Pandev","Forward",2019,2,"Serie A","69.01","96","96",29,"400000","Low"
241641,"Bernardo Silva","Forward",2019,2,"Premier League","68.60","97","97",15,"80000000","Elite"
181378,"Gaëtan Laborde","Forward",2019,2,"Ligue 1","68.52","98","98",41,"10000000","Medium"
283994,"Ludovic Ajorque","Forward",2019,2,"Ligue 1","68.16","99","99",23,"3000000","Low"
256429,"Sergi Guardiola","Forward",2019,2,"La Liga","66.66","100","100",9,"5000000","Medium"
262365,"Antonio Puertas","Forward",2019,2,"La Liga","66.49","101","101",13,"1000000","Low"
349066,"Alexander Isak","Forward",2019,2,"La Liga","66.49","102","102",20,"8000000","Medium"
37834,"Felipe Caicedo","Forward",2019,2,"Serie A","66.18","103","103",23,"3000000","Low"
181547,"Gonçalo Paciência","Forward",2019,2,"Bundesliga","65.88","104","104",6,"6000000","Medium"
32711,"Patrick Herrmann","Forward",2019,2,"Bundesliga","65.42","105","105",52,"4500000","Low"
203507,"Adrien Hunou","Forward",2019,2,"Ligue 1","65.31","106","106",6,"6000000","Medium"
130485,"Alfredo Donnarumma","Forward",2019,2,"Serie A","64.84","107","107",80,"2800000","Low"
255508,"Iñaki Williams","Forward",2019,2,"La Liga","64.63","108","108",43,"30000000","High"
251106,"Enes Ünal","Forward",2019,2,"La Liga","64.55","109","109",9,"5000000","Medium"
91059,"Joshua King","Forward",2019,2,"Premier League","63.49","110","110",11,"20000000","High"
274862,"Moses Simon","Forward",2019,2,"Ligue 1","62.31","111","111",23,"3000000","Low"
274862,"Moses Simon","Forward",2019,2,"Ligue 1","62.31","111","112",23,"3000000","Low"
274862,"Moses Simon","Forward",2019,2,"Ligue 1","62.31","111","111",23,"3000000","Low"
274862,"Moses Simon","Forward",2019,2,"Ligue 1","62.31","111","112",23,"3000000","Low"
82048,"Nicola Sansone","Forward",2019,2,"Serie A","62.06","113","113",32,"7500000","Medium"
462250,"João Félix","Forward",2019,2,"La Liga","61.72","114","114",16,"15000000","Medium"
82442,"Olivier Giroud","Forward",2019,2,"Premier League","61.22","115","115",16,"15000000","Medium"
626913,"Boulaye Dia","Forward",2019,2,"Ligue 1","60.79","116","116",3,"2000000","Low"
255653,"Santi Mina","Forward",2019,2,"La Liga","60.57","117","117",43,"30000000","High"
193782,"Lucas Alario","Forward",2019,2,"Bundesliga","60.12","118","118",45,"17000000","Medium"
45389,"Samuel Di Carmine","Forward",2019,2,"Serie A","59.87","119","119",87,"1700000","Low"
343052,"Nicolas Pépé","Forward",2019,2,"Premier League","59.76","120","120",66,"65000000","Elite"
61253,"José Callejón","Forward",2019,2,"Serie A","59.64","121","121",11,"20000000","High"
129476,"Gerard Deulofeu","Forward",2019,2,"Premier League","59.57","122","122",10,"18000000","Medium"
395516,"Moussa Diaby","Forward",2019,2,"Bundesliga","58.99","123","123",5,"12000000","Medium"
93678,"Gaëtan Charbonnier","Forward",2019,2,"Ligue 1","58.79","124","124",17,"1500000","Low"
196095,"Luca Waldschmidt","Forward",2019,2,"Bundesliga","58.66","125","125",41,"10000000","Medium"
144028,"Leandro Trossard","Forward",2019,2,"Premier League","58.33","126","126",37,"16000000","Medium"
57825,"Jorge Molina","Forward",2019,2,"La Liga","58.21","127","127",13,"1000000","Low"
106270,"Florian Kainz","Forward",2019,2,"Bundesliga","57.58","128","128",23,"3000000","Low"
18909,"Jimmy Briand","Forward",2019,2,"Ligue 1","57.49","129","129",28,"2500000","Low"
342226,"Irvin Cardona","Forward",2019,2,"Ligue 1","57.25","130","130",17,"1500000","Low"
315110,"Karl Toko Ekambi","Forward",2019,2,"La Liga","57.25","130","131",70,"17500000","Medium"
157635,"Yussuf Poulsen","Forward",2019,2,"Bundesliga","57.24","132","132",43,"30000000","High"
237164,"Ihlas Bebou","Forward",2019,2,"Bundesliga","56.96","133","133",5,"12000000","Medium"
357498,"Dušan Vlahović","Forward",2019,2,"Serie A","56.87","134","134",17,"1500000","Low"
77100,"Lucas Moura","Forward",2019,2,"Premier League","56.39","135","135",7,"40000000","High"
61087,"Karim Bellarabi","Forward",2019,2,"Bundesliga","56.31","136","136",16,"15000000","Medium"
357164,"Rafael Leão","Forward",2019,2,"Serie A","56.09","137","137",5,"12000000","Medium"
193130,"Rachid Alioui","Forward",2019,2,"Ligue 1","55.64","138","138",14,"4000000","Low"
392085,"Nicolò Zaniolo","Forward",2019,2,"Serie A","55.31","139","139",7,"40000000","High"
466810,"Ansu Fati","Forward",2019,2,"La Liga","55.27","140","140",26,"25000000","High"
40433,"Alexis Sánchez","Forward",2019,2,"Serie A","55.22","141","142",22,"35000000","High"
40433,"Alexis Sánchez","Forward",2019,2,"Serie A","55.22","141","141",22,"35000000","High"
40433,"Alexis Sánchez","Forward",2019,2,"Serie A","55.22","141","142",22,"35000000","High"
40433,"Alexis Sánchez","Forward",2019,2,"Serie A","55.22","141","141",22,"35000000","High"
546212,"Diego Costa","Forward",2019,2,"La Liga","55.19","143","143",26,"25000000","High"
234523,"Antonio Sanabria","Forward",2019,2,"Serie A","55.09","144","144",41,"10000000","Medium"
119234,"Karim Onisiwo","Forward",2019,2,"Bundesliga","54.96","145","145",17,"1500000","Low"
45121,"Loïc Rémy","Forward",2019,2,"Ligue 1","54.76","146","146",23,"3000000","Low"
175449,"Moi Gómez","Forward",2019,2,"La Liga","54.28","147","147",9,"5000000","Medium"
183720,"Anwar El Ghazi","Forward",2019,2,"Premier League","54.27","148","148",32,"7500000","Medium"
54235,"Iker Muniain","Forward",2019,2,"La Liga","53.84","149","149",16,"15000000","Medium"
96828,"Simone Zaza","Forward",2019,2,"Serie A","53.69","150","150",41,"10000000","Medium"
27389,"Kévin Gameiro","Forward",2019,2,"La Liga","53.67","151","151",21,"9000000","Medium"
243714,"Kingsley Coman","Forward",2019,2,"Bundesliga","53.37","152","152",8,"50000000","High"
295330,"Kelechi Iheanacho","Forward",2019,2,"Premier League","53.09","153","153",5,"12000000","Medium"
70689,"Filippo Falco","Forward",2019,2,"Serie A","52.90","154","154",17,"1500000","Low"
315865,"Andrea Pinamonti","Forward",2019,2,"Serie A","52.75","155","156",25,"7000000","Medium"
315865,"Andrea Pinamonti","Forward",2019,2,"Serie A","52.75","155","155",25,"7000000","Medium"
315865,"Andrea Pinamonti","Forward",2019,2,"Serie A","52.75","155","155",25,"7000000","Medium"
315865,"Andrea Pinamonti","Forward",2019,2,"Serie A","52.75","155","156",25,"7000000","Medium"
98349,"Romain Hamouma","Forward",2019,2,"Ligue 1","52.52","157","157",28,"2500000","Low"
63200,"Ashley Barnes","Forward",2019,2,"Premier League","52.01","158","158",41,"10000000","Medium"
54984,"Diego Perotti","Forward",2019,2,"Serie A","51.30","159","159",16,"15000000","Medium"
381362,"Wesley Moraes","Forward",2019,2,"Premier League","50.97","160","160",10,"18000000","Medium"
387626,"Leon Bailey","Forward",2019,2,"Bundesliga","50.88","161","161",7,"40000000","High"
288225,"Ludovic Blas","Forward",2019,2,"Ligue 1","50.66","162","162",9,"5000000","Medium"
252677,"José Luis Morales","Forward",2019,2,"La Liga","50.61","163","163",41,"10000000","Medium"
186988,"Sven Michel","Forward",2019,2,"Bundesliga","50.25","164","164",86,"650000","Low"
406635,"Phil Foden","Forward",2019,2,"Premier League","49.52","165","165",26,"25000000","High"
486078,"Charles","Forward",2019,2,"La Liga","49.33","166","167",3,"2000000","Low"
486078,"Charles","Forward",2019,2,"La Liga","49.33","166","166",3,"2000000","Low"
486078,"Charles","Forward",2019,2,"La Liga","49.33","166","166",3,"2000000","Low"
486078,"Charles","Forward",2019,2,"La Liga","49.33","166","167",3,"2000000","Low"
453824,"Josh Maja","Forward",2019,2,"Ligue 1","48.91","168","168",87,"1700000","Low"
241527,"Federico Bonazzoli","Forward",2019,2,"Serie A","48.66","169","169",17,"1500000","Low"
232895,"Zinedine Ferhat","Forward",2019,2,"Ligue 1","48.07","170","170",3,"2000000","Low"
255220,"Romain Philippoteaux","Forward",2019,2,"Ligue 1","47.90","171","171",13,"1000000","Low"
48280,"Edinson Cavani","Forward",2019,2,"Ligue 1","47.55","172","172",8,"50000000","High"
205587,"Opa Nguette","Forward",2019,2,"Ligue 1","47.49","173","173",17,"1500000","Low"
125614,"Sargis Adamyan","Forward",2019,2,"Bundesliga","47.45","174","174",17,"1500000","Low"
161060,"Streli Mamba","Forward",2019,2,"Bundesliga","47.25","175","175",29,"400000","Low"
223725,"Munir El Haddadi","Forward",2019,2,"La Liga","46.70","176","176",21,"9000000","Medium"
319301,"Daniel James","Forward",2019,2,"Premier League","45.70","177","177",23,"3000000","Low"
316889,"Hirving Lozano","Forward",2019,2,"Serie A","44.49","178","178",7,"40000000","High"
401922,"Samuel Chukwueze","Forward",2019,2,"La Liga","43.97","179","179",41,"10000000","Medium"
74230,"Pablo Sarabia","Forward",2019,2,"Ligue 1","43.63","180","180",7,"40000000","High"
245078,"Nemanja Radonjić","Forward",2019,2,"Ligue 1","43.60","181","181",25,"7000000","Medium"
393325,"Josh Sargent","Forward",2019,2,"Bundesliga","43.58","182","182",14,"4000000","Low"
184935,"Kalifa Coulibaly","Forward",2019,2,"Ligue 1","43.25","183","183",9,"5000000","Medium"
330659,"Justin Kluivert","Forward",2019,2,"Serie A","42.12","184","184",11,"20000000","High"
22068,"Franck Ribéry","Forward",2019,2,"Serie A","41.63","185","185",14,"4000000","Low"
35416,"David McGoldrick","Forward",2019,2,"Premier League","41.61","186","186",17,"1500000","Low"
333241,"Joelinton","Forward",2019,2,"Premier League","41.57","187","187",22,"35000000","High"
340328,"Stephy Mavididi","Forward",2019,2,"Ligue 1","41.21","188","189",56,"550000","Low"
340328,"Stephy Mavididi","Forward",2019,2,"Ligue 1","41.21","188","188",56,"550000","Low"
340328,"Stephy Mavididi","Forward",2019,2,"Ligue 1","41.21","188","188",56,"550000","Low"
340328,"Stephy Mavididi","Forward",2019,2,"Ligue 1","41.21","188","189",56,"550000","Low"
238752,"Keita Baldé","Forward",2019,2,"Ligue 1","41.06","190","190",26,"25000000","High"
195171,"Samu Castillejo","Forward",2019,2,"Serie A","39.54","191","191",10,"18000000","Medium"
60525,"Yoann Court","Forward",2019,2,"Ligue 1","39.48","192","192",30,"800000","Low"
50512,"Anthony Modeste","Forward",2019,2,"Bundesliga","39.06","193","193",21,"9000000","Medium"
258889,"Dominic Solanke","Forward",2019,2,"Premier League","39.03","194","194",10,"18000000","Medium"
199369,"Sandro Ramírez","Forward",2019,2,"La Liga","38.28","195","195",14,"4000000","Low"
199369,"Sandro Ramírez","Forward",2019,2,"La Liga","38.28","195","196",14,"4000000","Low"
199369,"Sandro Ramírez","Forward",2019,2,"La Liga","38.28","195","196",14,"4000000","Low"
199369,"Sandro Ramírez","Forward",2019,2,"La Liga","38.28","195","195",14,"4000000","Low"
427161,"Lebo Mothiba","Forward",2019,2,"Ligue 1","38.25","197","197",25,"7000000","Medium"
103565,"Wahbi Khazri","Forward",2019,2,"Ligue 1","37.96","198","198",37,"16000000","Medium"
292818,"Jonathan Bamba","Forward",2019,2,"Ligue 1","37.93","199","199",45,"17000000","Medium"
126716,"Paco Alcácer","Forward",2019,2,"La Liga","37.87","200","200",92,"37000000","High"
36284,"Simon Terodde","Forward",2019,2,"Bundesliga","37.25","201","201",33,"3500000","Low"
177847,"Adnan Januzaj","Forward",2019,2,"La Liga","37.06","202","202",16,"15000000","Medium"
353399,"Romain Del Castillo","Forward",2019,2,"Ligue 1","36.79","203","203",33,"3500000","Low"
420002,"Jean-Philippe Mateta","Forward",2019,2,"Bundesliga","36.73","204","204",42,"22000000","High"
49542,"Billy Sharp","Forward",2019,2,"Premier League","36.57","205","205",3,"2000000","Low"
35564,"Fernando Llorente","Forward",2019,2,"Serie A","35.51","206","206",33,"3500000","Low"
316137,"Moussa Doumbia","Forward",2019,2,"Ligue 1","35.43","207","207",3,"2000000","Low"
163222,"Grégoire Defrel","Forward",2019,2,"Serie A","35.42","208","208",5,"12000000","Medium"
163222,"Grégoire Defrel","Forward",2019,2,"Serie A","35.42","208","209",5,"12000000","Medium"
163222,"Grégoire Defrel","Forward",2019,2,"Serie A","35.42","208","209",5,"12000000","Medium"
163222,"Grégoire Defrel","Forward",2019,2,"Serie A","35.42","208","208",5,"12000000","Medium"
278359,"Borja Iglesias","Forward",2019,2,"La Liga","35.27","210","210",49,"28000000","High"
50201,"Christian Benteke","Forward",2019,2,"Premier League","35.25","211","211",16,"15000000","Medium"
19447,"Giampaolo Pazzini","Forward",2019,2,"Serie A","35.24","212","212",30,"800000","Low"
54581,"Ilija Nestorovski","Forward",2019,2,"Serie A","35.13","213","213",14,"4000000","Low"
37304,"Shane Long","Forward",2019,2,"Premier League","34.94","214","214",25,"7000000","Medium"
67082,"Vitolo","Forward",2019,2,"La Liga","34.91","215","215",10,"18000000","Medium"
93841,"Ben Zolinski","Forward",2019,2,"Bundesliga","34.21","216","216",56,"550000","Low"
432772,"Samuel Grandsir","Forward",2019,2,"Ligue 1","33.81","217","218",23,"3000000","Low"
432772,"Samuel Grandsir","Forward",2019,2,"Ligue 1","33.81","217","217",23,"3000000","Low"
432772,"Samuel Grandsir","Forward",2019,2,"Ligue 1","33.81","217","217",23,"3000000","Low"
432772,"Samuel Grandsir","Forward",2019,2,"Ligue 1","33.81","217","218",23,"3000000","Low"
400485,"Adam Ounas","Forward",2019,2,"Ligue 1","32.91","219","219",41,"10000000","Medium"
400485,"Adam Ounas","Forward",2019,2,"Ligue 1","32.91","219","220",41,"10000000","Medium"
400485,"Adam Ounas","Forward",2019,2,"Ligue 1","32.91","219","219",41,"10000000","Medium"
400485,"Adam Ounas","Forward",2019,2,"Ligue 1","32.91","219","220",41,"10000000","Medium"
148368,"Divock Origi","Forward",2019,2,"Premier League","32.91","219","221",11,"20000000","High"
39381,"Gareth Bale","Forward",2019,2,"La Liga","32.84","222","222",31,"70000000","Elite"
290561,"Alexandre Mendy","Forward",2019,2,"Ligue 1","32.39","223","223",85,"2250000","Low"
79501,"Daniel Ginczek","Forward",2019,2,"Bundesliga","31.81","224","224",5,"12000000","Medium"
162074,"Álvaro Vadillo","Forward",2019,2,"La Liga","31.79","225","225",59,"900000","Low"
142281,"Anthony Ujah","Forward",2019,2,"Bundesliga","31.75","226","226",17,"1500000","Low"
75489,"Niclas Füllkrug","Forward",2019,2,"Bundesliga","31.34","227","227",20,"8000000","Medium"
127194,"Yaya Sanogo","Forward",2019,2,"Ligue 1","31.27","228","228",28,"2500000","Low"
531949,"Ignatius Ganago","Forward",2019,2,"Ligue 1","30.45","229","229",23,"3000000","Low"
45383,"Adrián López","Forward",2019,2,"La Liga","30.31","230","230",33,"3500000","Low"
70934,"Nolito","Forward",2019,2,"La Liga","29.84","231","231",3,"2000000","Low"
284727,"Jonathan Calleri","Forward",2019,2,"La Liga","28.91","232","232",21,"9000000","Medium"
114060,"Enric Gallego","Forward",2019,2,"La Liga","28.84","233","233",23,"3000000","Low"
490417,"Ibrahima Niane","Forward",2019,2,"Ligue 1","28.73","234","234",28,"2500000","Low"
251897,"Asier Villalibre","Forward",2019,2,"La Liga","28.04","235","235",27,"600000","Low"
38607,"Federico Di Francesco","Forward",2019,2,"Serie A","27.37","236","236",52,"4500000","Low"
184672,"Guido Carrillo","Forward",2019,2,"La Liga","26.52","237","237",41,"10000000","Medium"
119235,"Carlos Bacca","Forward",2019,2,"La Liga","26.43","238","238",9,"5000000","Medium"
560725,"Abdoul Kader Bamba","Forward",2019,2,"Ligue 1","26.42","239","239",30,"800000","Low"
67063,"Danny Welbeck","Forward",2019,2,"Premier League","26.28","240","240",5,"12000000","Medium"
134983,"Andrea La Mantia","Forward",2019,2,"Serie A","26.06","241","241",13,"1000000","Low"
202318,"Farid Boulaya","Forward",2019,2,"Ligue 1","25.54","242","242",17,"1500000","Low"
60540,"Valère Germain","Forward",2019,2,"Ligue 1","25.21","243","243",20,"8000000","Medium"
146752,"Gianluca Caprari","Forward",2019,2,"Serie A","25.09","244","244",41,"10000000","Medium"
146752,"Gianluca Caprari","Forward",2019,2,"Serie A","25.09","244","245",41,"10000000","Medium"
146752,"Gianluca Caprari","Forward",2019,2,"Serie A","25.09","244","244",41,"10000000","Medium"
146752,"Gianluca Caprari","Forward",2019,2,"Serie A","25.09","244","245",41,"10000000","Medium"
392768,"Callum Hudson-Odoi","Forward",2019,2,"Premier League","25.01","246","246",26,"25000000","High"
384593,"Alexis Claude-Maurice","Forward",2019,2,"Ligue 1","25.01","247","247",13,"1000000","Low"
655488,"Gabriel Martinelli","Forward",2019,2,"Premier League","24.73","248","248",9,"5000000","Medium"
412363,"Rodrygo","Forward",2019,2,"La Liga","24.36","249","249",7,"40000000","High"
39106,"Ádám Szalai","Forward",2019,2,"Bundesliga","24.27","250","250",23,"3000000","Low"
50202,"Eden Hazard","Forward",2019,2,"La Liga","24.07","251","251",96,"150000000","Elite"
60957,"Sebastian Polter","Forward",2019,2,"Bundesliga","23.99","252","252",85,"2250000","Low"
81988,"Sergi Enrich","Forward",2019,2,"La Liga","23.97","253","253",32,"7500000","Medium"
340324,"Eddie Nketiah","Forward",2019,2,"Premier League","23.19","254","254",20,"8000000","Medium"
111961,"Suso","Forward",2019,2,"Serie A","22.42","255","256",65,"45000000","High"
111961,"Suso","Forward",2019,2,"Serie A","22.42","255","256",65,"45000000","High"
111961,"Suso","Forward",2019,2,"Serie A","22.42","255","255",65,"45000000","High"
111961,"Suso","Forward",2019,2,"Serie A","22.42","255","255",65,"45000000","High"
257462,"Luka Jović","Forward",2019,2,"La Liga","22.31","257","258",54,"55000000","High"
257462,"Luka Jović","Forward",2019,2,"La Liga","22.31","257","258",54,"55000000","High"
257462,"Luka Jović","Forward",2019,2,"La Liga","22.31","257","257",54,"55000000","High"
257462,"Luka Jović","Forward",2019,2,"La Liga","22.31","257","257",54,"55000000","High"
435485,"Luiz Araújo","Forward",2019,2,"Ligue 1","21.93","259","259",25,"7000000","Medium"
314875,"Jarrod Bowen","Forward",2019,2,"Premier League","21.91","260","260",20,"8000000","Medium"
85288,"Isco","Forward",2019,2,"La Liga","21.88","261","261",55,"60000000","Elite"
263183,"Roger Assalé","Forward",2019,2,"La Liga","21.85","262","262",32,"7500000","Medium"
109751,"Onel Hernández","Forward",2019,2,"Premier League","21.42","263","263",23,"3000000","Low"
75615,"Douglas Costa","Forward",2019,2,"Serie A","20.78","264","264",93,"38000000","High"
81460,"Nolan Roux","Forward",2019,2,"Ligue 1","19.84","265","265",3,"2000000","Low"
265078,"Patrick Cutrone","Forward",2019,2,"Premier League","19.57","266","267",49,"28000000","High"
265078,"Patrick Cutrone","Forward",2019,2,"Premier League","19.57","266","267",49,"28000000","High"
265078,"Patrick Cutrone","Forward",2019,2,"Premier League","19.57","266","266",49,"28000000","High"
265078,"Patrick Cutrone","Forward",2019,2,"Premier League","19.57","266","266",49,"28000000","High"
99180,"Federico Santander","Forward",2019,2,"Serie A","18.73","268","268",6,"6000000","Medium"
247459,"Chadrac Akolo","Forward",2019,2,"Ligue 1","18.40","269","269",28,"2500000","Low"
49239,"Guido Burgstaller","Forward",2019,2,"Bundesliga","16.33","270","270",67,"5500000","Medium"
282810,"Carles Pérez","Forward",2019,2,"Serie A","16.09","271","272",17,"1500000","Low"
282810,"Carles Pérez","Forward",2019,2,"Serie A","16.09","271","271",17,"1500000","Low"
282810,"Carles Pérez","Forward",2019,2,"Serie A","16.09","271","272",17,"1500000","Low"
282810,"Carles Pérez","Forward",2019,2,"Serie A","16.09","271","271",17,"1500000","Low"
295313,"Taiwo Awoniyi","Forward",2019,2,"Bundesliga","15.34","273","274",3,"2000000","Low"
295313,"Taiwo Awoniyi","Forward",2019,2,"Bundesliga","15.34","273","273",3,"2000000","Low"
295313,"Taiwo Awoniyi","Forward",2019,2,"Bundesliga","15.34","273","274",3,"2000000","Low"
295313,"Taiwo Awoniyi","Forward",2019,2,"Bundesliga","15.34","273","273",3,"2000000","Low"
42783,"André Hahn","Forward",2019,2,"Bundesliga","14.84","275","275",33,"3500000","Low"
45693,"Glenn Murray","Forward",2019,2,"Premier League","14.79","276","276",23,"3000000","Low"
178459,"Davie Selke","Forward",2019,2,"Bundesliga","14.66","277","277",11,"20000000","High"
145769,"Sergio León","Forward",2019,2,"La Liga","13.78","278","278",23,"3000000","Low"
432982,"Andreas Skov Olsen","Forward",2019,2,"Serie A","13.48","279","279",20,"8000000","Medium"
93827,"Steven Skrzybski","Forward",2019,2,"Bundesliga","13.00","280","281",33,"3500000","Low"
93827,"Steven Skrzybski","Forward",2019,2,"Bundesliga","13.00","280","281",33,"3500000","Low"
93827,"Steven Skrzybski","Forward",2019,2,"Bundesliga","13.00","280","280",33,"3500000","Low"
93827,"Steven Skrzybski","Forward",2019,2,"Bundesliga","13.00","280","280",33,"3500000","Low"
208167,"Dawid Kownacki","Forward",2019,2,"Bundesliga","12.99","282","282",21,"9000000","Medium"
208167,"Dawid Kownacki","Forward",2019,2,"Bundesliga","12.99","282","283",21,"9000000","Medium"
208167,"Dawid Kownacki","Forward",2019,2,"Bundesliga","12.99","282","283",21,"9000000","Medium"
208167,"Dawid Kownacki","Forward",2019,2,"Bundesliga","12.99","282","282",21,"9000000","Medium"
372713,"Florian Ayé","Forward",2019,2,"Serie A","12.88","284","284",13,"1000000","Low"
183299,"Callum Robinson","Forward",2019,2,"Premier League","12.42","285","285",33,"3500000","Low"
324804,"Yann Karamoh","Forward",2019,2,"Serie A","12.42","286","287",41,"10000000","Medium"
324804,"Yann Karamoh","Forward",2019,2,"Serie A","12.42","286","286",41,"10000000","Medium"
324804,"Yann Karamoh","Forward",2019,2,"Serie A","12.42","286","286",41,"10000000","Medium"
324804,"Yann Karamoh","Forward",2019,2,"Serie A","12.42","286","287",41,"10000000","Medium"
30638,"Sergio Floccari","Forward",2019,2,"Serie A","12.01","288","288",44,"300000","Low"
209212,"Solly March","Forward",2019,2,"Premier League","11.85","289","289",20,"8000000","Medium"
48066,"Andy Carroll","Forward",2019,2,"Premier League","11.43","290","290",20,"8000000","Medium"
16922,"Kevin-Prince Boateng","Forward",2019,2,"Serie A","10.94","291","291",25,"7000000","Medium"
197751,"Alberto Cerri","Forward",2019,2,"Serie A","10.57","292","292",6,"6000000","Medium"
197751,"Alberto Cerri","Forward",2019,2,"Serie A","10.57","292","293",6,"6000000","Medium"
197751,"Alberto Cerri","Forward",2019,2,"Serie A","10.57","292","294",6,"6000000","Medium"
197751,"Alberto Cerri","Forward",2019,2,"Serie A","10.57","292","293",6,"6000000","Medium"
197751,"Alberto Cerri","Forward",2019,2,"Serie A","10.57","292","294",6,"6000000","Medium"
197751,"Alberto Cerri","Forward",2019,2,"Serie A","10.57","292","292",6,"6000000","Medium"
197751,"Alberto Cerri","Forward",2019,2,"Serie A","10.57","292","292",6,"6000000","Medium"
197751,"Alberto Cerri","Forward",2019,2,"Serie A","10.57","292","294",6,"6000000","Medium"
197751,"Alberto Cerri","Forward",2019,2,"Serie A","10.57","292","293",6,"6000000","Medium"
412660,"Keinan Davis","Forward",2019,2,"Premier League","10.51","295","295",3,"2000000","Low"
538918,"Sebastiano Esposito","Forward",2019,2,"Serie A","10.45","296","296",9,"5000000","Medium"
324811,"Arnaud Nordin","Forward",2019,2,"Ligue 1","10.22","297","297",33,"3500000","Low"
337725,"Christian Kouamé","Forward",2019,2,"Serie A","10.16","298","298",16,"15000000","Medium"
337725,"Christian Kouamé","Forward",2019,2,"Serie A","10.16","298","299",16,"15000000","Medium"
337725,"Christian Kouamé","Forward",2019,2,"Serie A","10.16","298","298",16,"15000000","Medium"
337725,"Christian Kouamé","Forward",2019,2,"Serie A","10.16","298","299",16,"15000000","Medium"
288230,"Ousmane Dembélé","Forward",2019,2,"La Liga","9.87","300","300",4,"120000000","Elite"
229006,"Franck Honorat","Forward",2019,2,"Ligue 1","9.49","301","301",59,"900000","Low"
381950,"Alexis Saelemaekers","Forward",2019,2,"Serie A","9.33","302","303",33,"3500000","Low"
381950,"Alexis Saelemaekers","Forward",2019,2,"Serie A","9.33","302","302",33,"3500000","Low"
381950,"Alexis Saelemaekers","Forward",2019,2,"Serie A","9.33","302","303",33,"3500000","Low"
381950,"Alexis Saelemaekers","Forward",2019,2,"Serie A","9.33","302","302",33,"3500000","Low"
616369,"Ander Barrenetxea","Forward",2019,2,"La Liga","9.24","304","304",13,"1000000","Low"
93795,"Facundo Ferreyra","Forward",2019,2,"La Liga","8.70","305","305",6,"6000000","Medium"
126737,"Juanmi","Forward",2019,2,"La Liga","8.69","306","306",20,"8000000","Medium"
259930,"Gabriel Fernández","Forward",2019,2,"La Liga","8.03","307","307",23,"3000000","Low"
85500,"Juan Villar","Forward",2019,2,"La Liga","7.96","308","308",2,"500000","Low"
463613,"Yann Gboho","Forward",2019,2,"Ligue 1","7.84","309","309",58,"150000","Low"
394285,"Víctor Campuzano","Forward",2019,2,"La Liga","7.81","310","310",34,"200000","Low"
283001,"Noah Joel Sarenren Bazee","Forward",2019,2,"Bundesliga","7.69","311","311",48,"1250000","Low"
127837,"Ibai Gómez","Forward",2019,2,"La Liga","7.48","312","312",14,"4000000","Low"
204294,"Saman Ghoddos","Forward",2019,2,"Ligue 1","7.09","313","313",9,"5000000","Medium"
356118,"Suleiman Abdullahi","Forward",2019,2,"Bundesliga","6.81","314","314",48,"1250000","Low"
7971,"Salomon Kalou","Forward",2019,2,"Bundesliga","6.58","315","315",23,"3000000","Low"
333647,"Jonathan Burkardt","Forward",2019,2,"Bundesliga","6.06","316","316",60,"1750000","Low"
85383,"Rubén Sobrino","Forward",2019,2,"La Liga","5.84","317","317",9,"5000000","Medium"
340151,"Andrea Favilli","Forward",2019,2,"Serie A","5.81","318","318",6,"6000000","Medium"
86792,"Xherdan Shaqiri","Forward",2019,2,"Premier League","5.69","319","319",26,"25000000","High"
406040,"Ademola Lookman","Forward",2019,2,"Bundesliga","5.45","320","320",11,"20000000","High"
243606,"Anastasios Donis","Forward",2019,2,"Ligue 1","5.42","321","321",14,"4000000","Low"
590690,"Víctor García","Forward",2019,2,"La Liga","4.94","322","322",46,"250000","Low"
111039,"Ishak Belfodil","Forward",2019,2,"Bundesliga","4.73","323","323",16,"15000000","Medium"
177452,"Abdón Prats","Forward",2019,2,"La Liga","4.40","324","324",2,"500000","Low"
422380,"Bernard Tekpetey","Forward",2019,2,"Bundesliga","4.25","325","325",48,"1250000","Low"
205022,"Rafinha","Forward",2019,2,"La Liga","2.94","326","326",16,"15000000","Medium"
243541,"Deyverson","Forward",2019,2,"La Liga","2.61","327","327",14,"4000000","Low"
472249,"Jan Thielmann","Forward",2019,2,"Bundesliga","2.16","328","328",46,"250000","Low"
165793,"Takumi Minamino","Forward",2019,2,"Premier League","1.93","329","329",9,"5000000","Medium"
264956,"Jean-Kévin Augustin","Forward",2019,2,"Ligue 1","1.67","330","330",11,"20000000","High"
73782,"Adrián Ramos","Forward",2019,2,"La Liga","1.45","331","331",13,"1000000","Low"
345041,"Vlatko Stojanovski","Forward",2019,2,"Ligue 1","1.04","332","332",2,"500000","Low"
45662,"Alexander Esswein","Forward",2019,2,"Bundesliga","0.52","333","333",13,"1000000","Low"
314678,"Brahim Díaz","Forward",2019,2,"La Liga","0.42","334","334",45,"17000000","Medium"
407265,"Luca Zanimacchia","Forward",2019,2,"Serie A","0.22","335","335",99,"275000","Low"
59340,"Iago Falque","Forward",2019,2,"Serie A","0.21","336","336",70,"17500000","Medium"
13572,"Ben Foster","Goalkeeper",2019,2,"Premier League",NULL,"1","1",23,"3000000","Low"
128220,"Luis Alberto","Midfielder",2019,2,"Serie A","99.74","1","1",43,"30000000","High"
88755,"Kevin De Bruyne","Midfielder",2019,2,"Premier League","99.35","2","2",97,"130000000","Elite"
20005,"Papu Gómez","Midfielder",2019,2,"Serie A","99.33","3","3",37,"16000000","Medium"
120095,"José Campaña","Midfielder",2019,2,"La Liga","97.60","4","4",16,"15000000","Medium"
66106,"Sergio Canales","Midfielder",2019,2,"La Liga","97.04","5","5",16,"15000000","Medium"
12249,"Éver Banega","Midfielder",2019,2,"La Liga","95.43","6","6",16,"15000000","Medium"
161056,"Joshua Kimmich","Midfielder",2019,2,"Bundesliga","95.29","7","7",31,"70000000","Elite"
126414,"Hakan Çalhanoğlu","Midfielder",2019,2,"Serie A","94.98","8","8",11,"20000000","High"
58358,"Thomas Müller","Midfielder",2019,2,"Bundesliga","94.74","9","9",22,"35000000","High"
15799,"Santi Cazorla","Midfielder",2019,2,"La Liga","94.50","10","10",14,"4000000","Low"
286297,"Lorenzo Pellegrini","Midfielder",2019,2,"Serie A","94.38","11","11",22,"35000000","High"
86759,"David Silva","Midfielder",2019,2,"Premier League","94.33","12","12",11,"20000000","High"
31909,"Toni Kroos","Midfielder",2019,2,"La Liga","93.85","13","13",55,"60000000","Elite"
181136,"Piotr Zieliński","Midfielder",2019,2,"Serie A","93.70","14","14",7,"40000000","High"
309400,"Kai Havertz","Midfielder",2019,2,"Bundesliga","90.94","15","15",51,"90000000","Elite"
397033,"Sandro Tonali","Midfielder",2019,2,"Serie A","90.60","16","16",16,"15000000","Medium"
249565,"Youri Tielemans","Midfielder",2019,2,"Premier League","90.02","17","17",42,"22000000","High"
187492,"Julian Brandt","Midfielder",2019,2,"Bundesliga","89.93","18","18",65,"45000000","High"
461906,"João Moutinho","Midfielder",2019,2,"Premier League","89.93","19","19",2,"500000","Low"
68290,"Neymar","Midfielder",2019,2,"Ligue 1","89.83","20","20",12,"180000000","Elite"
266302,"Sergej Milinković-Savić","Midfielder",2019,2,"Serie A","89.04","21","21",66,"65000000","Elite"
294057,"James Maddison","Midfielder",2019,2,"Premier League","87.93","22","22",7,"40000000","High"
263918,"Aleksandr Golovin","Midfielder",2019,2,"Ligue 1","87.07","23","23",26,"25000000","High"
7663,"Joaquín","Midfielder",2019,2,"La Liga","86.20","24","24",3,"2000000","Low"
372711,"Amine Harit","Midfielder",2019,2,"Bundesliga","85.94","25","25",16,"15000000","Medium"
344381,"Christopher Nkunku","Midfielder",2019,2,"Bundesliga","85.82","26","26",5,"12000000","Medium"
203496,"Nabil Fekir","Midfielder",2019,2,"La Liga","85.75","27","27",55,"60000000","Elite"
377393,"Pierre Lees-Melou","Midfielder",2019,2,"Ligue 1","85.53","28","28",20,"8000000","Medium"
584769,"Dwight McNeil","Midfielder",2019,2,"Premier League","85.46","29","29",28,"2500000","Low"
58799,"Salva Sevilla","Midfielder",2019,2,"La Liga","85.41","30","30",34,"200000","Low"
60890,"Fabián Orellana","Midfielder",2019,2,"La Liga","85.38","31","31",28,"2500000","Low"
182893,"Seko Fofana","Midfielder",2019,2,"Serie A","84.98","32","32",47,"13000000","Medium"
165007,"Denis Suárez","Midfielder",2019,2,"La Liga","84.93","33","33",5,"12000000","Medium"
80444,"Philippe Coutinho","Midfielder",2019,2,"Bundesliga","84.16","34","35",36,"100000000","Elite"
80444,"Philippe Coutinho","Midfielder",2019,2,"Bundesliga","84.16","34","34",36,"100000000","Elite"
80444,"Philippe Coutinho","Midfielder",2019,2,"Bundesliga","84.16","34","34",36,"100000000","Elite"
80444,"Philippe Coutinho","Midfielder",2019,2,"Bundesliga","84.16","34","35",36,"100000000","Elite"
91317,"Ashley Westwood","Midfielder",2019,2,"Premier League","82.69","36","36",25,"7000000","Medium"
182574,"Jean-Paul Boëtius","Midfielder",2019,2,"Bundesliga","82.07","37","37",6,"6000000","Medium"
215616,"Erick Pulgar","Midfielder",2019,2,"Serie A","81.92","38","38",41,"10000000","Medium"
41416,"James McArthur","Midfielder",2019,2,"Premier League","81.75","39","39",25,"7000000","Medium"
146795,"Ryan Fraser","Midfielder",2019,2,"Premier League","81.71","40","40",10,"18000000","Medium"
82873,"Pascal Groß","Midfielder",2019,2,"Premier League","81.63","41","41",41,"10000000","Medium"
74229,"Koke","Midfielder",2019,2,"La Liga","81.61","42","42",31,"70000000","Elite"
356141,"Daichi Kamada","Midfielder",2019,2,"Bundesliga","81.39","43","43",52,"4500000","Low"
218067,"Jacopo Petriccione","Midfielder",2019,2,"Serie A","81.35","44","44",71,"700000","Low"
57051,"Sebastian Rudy","Midfielder",2019,2,"Bundesliga","81.35","45","45",39,"11000000","Medium"
207877,"Ruslan Malinovskyi","Midfielder",2019,2,"Serie A","81.32","46","46",41,"10000000","Medium"
315063,"Nahitan Nández","Midfielder",2019,2,"Serie A","81.11","47","47",10,"18000000","Medium"
129078,"Nathan Redmond","Midfielder",2019,2,"Premier League","80.82","48","48",11,"20000000","High"
127187,"Abdoulaye Doucouré","Midfielder",2019,2,"Premier League","80.36","49","49",26,"25000000","High"
834470,"Dani Rodríguez","Midfielder",2019,2,"La Liga","80.14","50","50",27,"600000","Low"
398065,"Harvey Barnes","Midfielder",2019,2,"Premier League","80.12","51","51",25,"7000000","Medium"
303116,"Gaetano Castrovilli","Midfielder",2019,2,"Serie A","79.93","52","52",40,"1800000","Low"
130360,"Simone Verdi","Midfielder",2019,2,"Serie A","79.66","53","54",64,"23000000","High"
130360,"Simone Verdi","Midfielder",2019,2,"Serie A","79.66","53","53",64,"23000000","High"
130360,"Simone Verdi","Midfielder",2019,2,"Serie A","79.66","53","53",64,"23000000","High"
130360,"Simone Verdi","Midfielder",2019,2,"Serie A","79.66","53","54",64,"23000000","High"
75942,"Tomás Rincón","Midfielder",2019,2,"Serie A","79.64","55","55",20,"8000000","Medium"
395693,"Houssem Aouar","Midfielder",2019,2,"Ligue 1","79.33","56","56",65,"45000000","High"
255942,"Nicolò Barella","Midfielder",2019,2,"Serie A","78.39","57","57",94,"36000000","High"
255942,"Nicolò Barella","Midfielder",2019,2,"Serie A","78.39","57","57",94,"36000000","High"
255942,"Nicolò Barella","Midfielder",2019,2,"Serie A","78.39","57","58",94,"36000000","High"
255942,"Nicolò Barella","Midfielder",2019,2,"Serie A","78.39","57","58",94,"36000000","High"
122116,"Nicolas de Préville","Midfielder",2019,2,"Ligue 1","78.32","59","59",14,"4000000","Low"
156779,"Erik Thommy","Midfielder",2019,2,"Bundesliga","78.25","60","60",23,"3000000","Low"
405398,"Takefusa Kubo","Midfielder",2019,2,"La Liga","77.72","61","61",2,"500000","Low"
319745,"Dani Ceballos","Midfielder",2019,2,"Premier League","77.24","62","62",43,"30000000","High"
263727,"Joan Jordán","Midfielder",2019,2,"La Liga","76.83","63","63",41,"10000000","Medium"
181579,"James Ward-Prowse","Midfielder",2019,2,"Premier League","76.80","64","64",10,"18000000","Medium"
74297,"Gaël Kakuta","Midfielder",2019,2,"Ligue 1","76.51","65","65",3,"2000000","Low"
77826,"Ryad Boudebouz","Midfielder",2019,2,"Ligue 1","76.39","66","66",6,"6000000","Medium"
357662,"Declan Rice","Midfielder",2019,2,"Premier League","76.11","67","67",22,"35000000","High"
174094,"Morgan Sanson","Midfielder",2019,2,"Ligue 1","76.06","68","68",26,"25000000","High"
18934,"Thomas Mangani","Midfielder",2019,2,"Ligue 1","76.03","69","69",28,"2500000","Low"
278332,"Florian Neuhaus","Midfielder",2019,2,"Bundesliga","75.94","70","70",75,"24000000","High"
88490,"Aleix Vidal","Midfielder",2019,2,"La Liga","75.63","71","71",14,"4000000","Low"
159372,"Felipe Anderson","Midfielder",2019,2,"Premier League","75.60","72","72",7,"40000000","High"
54383,"John Fleck","Midfielder",2019,2,"Premier League","75.58","73","73",14,"4000000","Low"
240306,"Bruno Fernandes","Midfielder",2019,2,"Premier League","75.53","74","74",43,"30000000","High"
361238,"Rubén García","Midfielder",2019,2,"La Liga","75.43","75","75",3,"2000000","Low"
232454,"Nadiem Amiri","Midfielder",2019,2,"Bundesliga","74.98","76","76",45,"17000000","Medium"
33218,"Luca Cigarini","Midfielder",2019,2,"Serie A","74.81","77","77",30,"800000","Low"
182889,"Wylan Cyprien","Midfielder",2019,2,"Ligue 1","74.50","78","78",24,"14000000","Medium"
326330,"Frenkie de Jong","Midfielder",2019,2,"La Liga","74.47","79","79",18,"75000000","Elite"
38410,"Daniel Caligiuri","Midfielder",2019,2,"Bundesliga","74.35","80","80",38,"6500000","Medium"
193116,"John McGinn","Midfielder",2019,2,"Premier League","74.04","81","81",33,"3500000","Low"
202984,"Roque Mesa","Midfielder",2019,2,"La Liga","73.99","82","82",25,"7000000","Medium"
181768,"Hernani","Midfielder",2019,2,"Serie A","72.79","83","83",33,"3500000","Low"
181768,"Hernani","Midfielder",2019,2,"Serie A","72.79","83","83",33,"3500000","Low"
181768,"Hernani","Midfielder",2019,2,"Serie A","72.79","83","84",33,"3500000","Low"
181768,"Hernani","Midfielder",2019,2,"Serie A","72.79","83","84",33,"3500000","Low"
294808,"Franck Kessié","Midfielder",2019,2,"Serie A","72.45","85","85",95,"33000000","High"
348795,"Giovani Lo Celso","Midfielder",2019,2,"Premier League","71.73","86","87",7,"40000000","High"
348795,"Giovani Lo Celso","Midfielder",2019,2,"Premier League","71.73","86","86",7,"40000000","High"
348795,"Giovani Lo Celso","Midfielder",2019,2,"Premier League","71.73","86","88",7,"40000000","High"
348795,"Giovani Lo Celso","Midfielder",2019,2,"Premier League","71.73","86","87",7,"40000000","High"
348795,"Giovani Lo Celso","Midfielder",2019,2,"Premier League","71.73","86","86",7,"40000000","High"
348795,"Giovani Lo Celso","Midfielder",2019,2,"Premier League","71.73","86","88",7,"40000000","High"
348795,"Giovani Lo Celso","Midfielder",2019,2,"Premier League","71.73","86","88",7,"40000000","High"
348795,"Giovani Lo Celso","Midfielder",2019,2,"Premier League","71.73","86","87",7,"40000000","High"
348795,"Giovani Lo Celso","Midfielder",2019,2,"Premier League","71.73","86","86",7,"40000000","High"
192009,"Unai López","Midfielder",2019,2,"La Liga","71.59","89","89",17,"1500000","Low"
369081,"Federico Valverde","Midfielder",2019,2,"La Liga","70.63","90","90",11,"20000000","High"
223967,"Konrad Laimer","Midfielder",2019,2,"Bundesliga","70.55","91","91",24,"14000000","Medium"
319160,"Jakub Jankto","Midfielder",2019,2,"Serie A","70.34","92","92",5,"12000000","Medium"
164771,"Jordan Veretout","Midfielder",2019,2,"Serie A","70.26","93","94",11,"20000000","High"
164771,"Jordan Veretout","Midfielder",2019,2,"Serie A","70.26","93","93",11,"20000000","High"
164771,"Jordan Veretout","Midfielder",2019,2,"Serie A","70.26","93","94",11,"20000000","High"
164771,"Jordan Veretout","Midfielder",2019,2,"Serie A","70.26","93","93",11,"20000000","High"
203394,"Andreas Pereira","Midfielder",2019,2,"Premier League","70.24","95","95",41,"10000000","Medium"
222859,"Florent Mollet","Midfielder",2019,2,"Ligue 1","69.28","96","96",21,"9000000","Medium"
225161,"Rúben Neves","Midfielder",2019,2,"Premier League","69.23","97","97",65,"45000000","High"
314940,"Dimitri Liénard","Midfielder",2019,2,"Ligue 1","69.21","98","98",3,"2000000","Low"
195736,"Florian Grillitsch","Midfielder",2019,2,"Bundesliga","69.16","99","99",42,"22000000","High"
44466,"Sebastian Rode","Midfielder",2019,2,"Bundesliga","69.01","100","100",23,"3000000","Low"
62415,"Panagiotis Tachtsidis","Midfielder",2019,2,"Serie A","68.97","101","101",30,"800000","Low"
67548,"Rubén Rochina","Midfielder",2019,2,"La Liga","68.94","102","102",23,"3000000","Low"
214775,"Óliver Torres","Midfielder",2019,2,"La Liga","68.87","103","103",24,"14000000","Medium"
223572,"Kai Pröger","Midfielder",2019,2,"Bundesliga","68.85","104","104",34,"200000","Low"
122153,"Paul Pogba","Midfielder",2019,2,"Premier League","68.65","105","105",51,"90000000","Elite"
338425,"Álex Berenguer","Midfielder",2019,2,"Serie A","68.53","106","106",6,"6000000","Medium"
289182,"Christopher Antwi-Adjei","Midfielder",2019,2,"Bundesliga","68.46","107","107",56,"550000","Low"
118278,"Xavier Chavalerin","Midfielder",2019,2,"Ligue 1","68.29","108","108",14,"4000000","Low"
153084,"Leon Goretzka","Midfielder",2019,2,"Bundesliga","68.22","109","109",8,"50000000","High"
49275,"Albin Ekdal","Midfielder",2019,2,"Serie A","68.22","109","110",9,"5000000","Medium"
225873,"Karol Linetty","Midfielder",2019,2,"Serie A","67.96","111","111",16,"15000000","Medium"
126600,"Kenny McLean","Midfielder",2019,2,"Premier League","67.96","111","112",17,"1500000","Low"
290587,"Ellyes Skhiri","Midfielder",2019,2,"Bundesliga","67.79","113","113",5,"12000000","Medium"
512356,"Jorginho","Midfielder",2019,2,"Premier League","67.67","114","114",69,"1350000","Low"
111455,"Granit Xhaka","Midfielder",2019,2,"Premier League","67.64","115","115",65,"45000000","High"
20506,"Andrés Guardado","Midfielder",2019,2,"La Liga","67.52","116","116",9,"5000000","Medium"
375885,"Ibrahim Sangaré","Midfielder",2019,2,"Ligue 1","67.24","117","117",5,"12000000","Medium"
35047,"Axel Witsel","Midfielder",2019,2,"Bundesliga","66.97","118","118",50,"32000000","High"
357885,"Pablo Fornals","Midfielder",2019,2,"Premier League","66.51","119","119",26,"25000000","High"
215977,"Adrien Thomasson","Midfielder",2019,2,"Ligue 1","66.11","120","120",20,"8000000","Medium"
135617,"Thiago Mendes","Midfielder",2019,2,"Ligue 1","65.94","121","121",42,"22000000","High"
162961,"Valerio Verre","Midfielder",2019,2,"Serie A","65.77","122","122",33,"3500000","Low"
127156,"Téji Savanier","Midfielder",2019,2,"Ligue 1","65.72","123","123",5,"12000000","Medium"
212723,"Djibril Sow","Midfielder",2019,2,"Bundesliga","65.63","124","124",21,"9000000","Medium"
332889,"Valentin Rongier","Midfielder",2019,2,"Ligue 1","65.26","125","125",16,"15000000","Medium"
266807,"Ángel Correa","Midfielder",2019,2,"La Liga","65.26","126","126",22,"35000000","High"
106872,"Kevin Stöger","Midfielder",2019,2,"Bundesliga","65.22","127","127",14,"4000000","Low"
73547,"Oliver Norwood","Midfielder",2019,2,"Premier League","65.02","128","128",9,"5000000","Medium"
57280,"Giacomo Bonaventura","Midfielder",2019,2,"Serie A","65.02","128","129",11,"20000000","High"
123742,"Gastón Ramírez","Midfielder",2019,2,"Serie A","64.98","130","130",41,"10000000","Medium"
351816,"Ismaël Bennacer","Midfielder",2019,2,"Serie A","64.86","131","131",41,"10000000","Medium"
266359,"Benjamin Bourigeaud","Midfielder",2019,2,"Ligue 1","64.83","132","132",5,"12000000","Medium"
207929,"Dele Alli","Midfielder",2019,2,"Premier League","64.81","133","133",51,"90000000","Elite"
53400,"Dominick Drexler","Midfielder",2019,2,"Bundesliga","64.62","134","134",14,"4000000","Low"
89701,"Charles Aránguiz","Midfielder",2019,2,"Bundesliga","64.47","135","136",16,"15000000","Medium"
246968,"Ayoze Pérez","Midfielder",2019,2,"Premier League","64.47","135","135",11,"20000000","High"
142021,"Sergi Darder","Midfielder",2019,2,"La Liga","64.47","137","137",41,"10000000","Medium"
290593,"Sada Thioub","Midfielder",2019,2,"Ligue 1","64.30","138","138",67,"5500000","Medium"
199248,"Bryan Cristante","Midfielder",2019,2,"Serie A","64.18","139","139",26,"25000000","High"
108537,"Jonas Hector","Midfielder",2019,2,"Bundesliga","63.94","140","140",84,"12500000","Medium"
250013,"Angelo Fulgini","Midfielder",2019,2,"Ligue 1","63.51","141","141",9,"5000000","Medium"
447661,"Douglas Luiz","Midfielder",2019,2,"Premier League","63.13","142","142",28,"2500000","Low"
65230,"Sergio Busquets","Midfielder",2019,2,"La Liga","62.43","143","143",8,"50000000","High"
131978,"Ross Barkley","Midfielder",2019,2,"Premier League","62.40","144","144",49,"28000000","High"
333516,"Sebastian Vasiliadis","Midfielder",2019,2,"Bundesliga","61.88","145","145",30,"800000","Low"
63494,"Étienne Capoue","Midfielder",2019,2,"Premier League","61.51","146","146",20,"8000000","Medium"
19112,"Christian Gentner","Midfielder",2019,2,"Bundesliga","61.47","147","147",17,"1500000","Low"
697714,"Fabinho","Midfielder",2019,2,"Premier League","61.27","148","148",65,"45000000","High"
16306,"Casemiro","Midfielder",2019,2,"La Liga","61.23","149","149",55,"60000000","Elite"
293944,"Habib Maïga","Midfielder",2019,2,"Ligue 1","60.34","150","150",13,"1000000","Low"
61653,"Conor Hourihane","Midfielder",2019,2,"Premier League","60.02","151","151",38,"6500000","Medium"
118847,"Dominik Kohr","Midfielder",2019,2,"Bundesliga","60.00","152","152",14,"4000000","Low"
111078,"Emil Forsberg","Midfielder",2019,2,"Bundesliga","59.52","153","153",26,"25000000","High"
434676,"Ronaldo Vieira","Midfielder",2019,2,"Serie A","59.47","154","154",9,"5000000","Medium"
214532,"Pierrick Capelle","Midfielder",2019,2,"Ligue 1","59.21","155","155",3,"2000000","Low"
225083,"N'Golo Kanté","Midfielder",2019,2,"Premier League","59.01","156","156",36,"100000000","Elite"
249126,"Harry Winks","Midfielder",2019,2,"Premier League","58.82","157","157",11,"20000000","High"
8806,"Cesc Fàbregas","Midfielder",2019,2,"Ligue 1","58.75","158","158",11,"20000000","High"
221309,"Óscar Plano","Midfielder",2019,2,"La Liga","58.63","159","159",28,"2500000","Low"
49499,"Georginio Wijnaldum","Midfielder",2019,2,"Premier League","58.61","160","160",8,"50000000","High"
285323,"Baptiste Santamaria","Midfielder",2019,2,"Ligue 1","58.05","161","161",6,"6000000","Medium"
130765,"Stuart Armstrong","Midfielder",2019,2,"Premier League","57.88","162","162",20,"8000000","Medium"
242631,"Alex Iwobi","Midfielder",2019,2,"Premier League","57.72","163","163",26,"25000000","High"
46001,"Moussa Sissoko","Midfielder",2019,2,"Premier League","57.45","164","164",26,"25000000","High"
60444,"Thiago Alcántara","Midfielder",2019,2,"Bundesliga","57.09","165","165",31,"70000000","Elite"
230784,"Thomas Partey","Midfielder",2019,2,"La Liga","56.95","166","166",8,"50000000","High"
217144,"Aleix Febas","Midfielder",2019,2,"La Liga","56.83","167","167",13,"1000000","Low"
207014,"Will Hughes","Midfielder",2019,2,"Premier League","56.49","168","168",10,"18000000","Medium"
308279,"Rolando Mandragora","Midfielder",2019,2,"Serie A","56.37","169","169",16,"15000000","Medium"
395236,"Yacine Adli","Midfielder",2019,2,"Ligue 1","55.58","170","170",67,"5500000","Medium"
378293,"Yangel Herrera","Midfielder",2019,2,"La Liga","55.55","171","171",17,"1500000","Low"
98249,"Takashi Inui","Midfielder",2019,2,"La Liga","55.14","172","172",14,"4000000","Low"
334835,"Toma Bašić","Midfielder",2019,2,"Ligue 1","55.00","173","173",9,"5000000","Medium"
59551,"Ángel Montoro","Midfielder",2019,2,"La Liga","54.86","174","174",13,"1000000","Low"
57598,"Klaus Gjasula","Midfielder",2019,2,"Bundesliga","54.71","175","175",83,"450000","Low"
197300,"Federico Bernardeschi","Midfielder",2019,2,"Serie A","54.66","176","176",65,"45000000","High"
148928,"Saúl Ñíguez","Midfielder",2019,2,"La Liga","54.54","177","178",51,"90000000","Elite"
247250,"Rubén Alcaraz","Midfielder",2019,2,"La Liga","54.54","177","177",41,"10000000","Medium"
122043,"Héctor Herrera","Midfielder",2019,2,"La Liga","54.40","179","179",42,"22000000","High"
69633,"Christian Eriksen","Midfielder",2019,2,"Premier League","54.18","180","180",19,"85000000","Elite"
324282,"Fabio Depaoli","Midfielder",2019,2,"Serie A","54.04","181","181",9,"5000000","Medium"
33923,"Blaise Matuidi","Midfielder",2019,2,"Serie A","53.99","182","182",42,"22000000","High"
49755,"Dale Stephens","Midfielder",2019,2,"Premier League","53.00","183","183",6,"6000000","Medium"
35747,"Simone Missiroli","Midfielder",2019,2,"Serie A","52.98","184","184",3,"2000000","Low"
506248,"Edu Expósito","Midfielder",2019,2,"La Liga","52.88","185","185",30,"800000","Low"
84301,"Benjamin André","Midfielder",2019,2,"Ligue 1","52.84","186","186",41,"10000000","Medium"
302215,"Naby Keïta","Midfielder",2019,2,"Premier League","52.79","187","187",55,"60000000","Elite"
37666,"Arturo Vidal","Midfielder",2019,2,"La Liga","52.74","188","188",10,"18000000","Medium"
163216,"Dimitri Bisoli","Midfielder",2019,2,"Serie A","52.57","189","189",28,"2500000","Low"
41414,"Lucas Leiva","Midfielder",2019,2,"Serie A","52.31","190","191",21,"9000000","Medium"
225122,"Gonçalo Guedes","Midfielder",2019,2,"La Liga","52.31","190","190",7,"40000000","High"
223979,"Xaver Schlager","Midfielder",2019,2,"Bundesliga","52.28","192","192",16,"15000000","Medium"
245056,"Saša Lukić","Midfielder",2019,2,"Serie A","52.14","193","193",3,"2000000","Low"
48298,"Lars Stindl","Midfielder",2019,2,"Bundesliga","52.09","194","194",41,"10000000","Medium"
262980,"Jefferson Lerma","Midfielder",2019,2,"Premier League","52.02","195","195",26,"25000000","High"
55099,"Nicolas Höfler","Midfielder",2019,2,"Bundesliga","52.00","196","196",14,"4000000","Low"
74943,"Juraj Kucka","Midfielder",2019,2,"Serie A","51.92","197","197",28,"2500000","Low"
334526,"Denis Zakaria","Midfielder",2019,2,"Bundesliga","51.80","198","198",11,"20000000","High"
182913,"Adrien Rabiot","Midfielder",2019,2,"Serie A","51.61","199","199",22,"35000000","High"
362842,"Arthur Melo","Midfielder",2019,2,"La Liga","51.61","199","200",55,"60000000","Elite"
63290,"Víctor Sánchez","Midfielder",2019,2,"La Liga","51.08","201","201",23,"3000000","Low"
68864,"Kevin Strootman","Midfielder",2019,2,"Ligue 1","51.06","202","202",11,"20000000","High"
309110,"Brais Méndez","Midfielder",2019,2,"La Liga","51.01","203","204",11,"20000000","High"
530902,"Abdoulaye Touré","Midfielder",2019,2,"Ligue 1","51.01","203","203",41,"10000000","Medium"
640428,"Eduardo Camavinga","Midfielder",2019,2,"Ligue 1","50.19","205","205",14,"4000000","Low"
320411,"Philip Billing","Midfielder",2019,2,"Premier League","49.88","206","206",25,"7000000","Medium"
118284,"Jordan Ferri","Midfielder",2019,2,"Ligue 1","49.69","207","207",14,"4000000","Low"
33713,"Theo Walcott","Midfielder",2019,2,"Premier League","48.94","208","208",10,"18000000","Medium"
315969,"Scott McTominay","Midfielder",2019,2,"Premier League","48.80","209","209",5,"12000000","Medium"
550495,"Fernando","Midfielder",2019,2,"La Liga","48.39","210","210",9,"5000000","Medium"
134883,"Daniele Baselli","Midfielder",2019,2,"Serie A","47.69","211","211",41,"10000000","Medium"
177779,"Janik Haberer","Midfielder",2019,2,"Bundesliga","47.31","212","212",57,"8500000","Medium"
63040,"Oier Sanjurjo","Midfielder",2019,2,"La Liga","47.00","213","213",74,"1200000","Low"
444523,"Lucas Paquetá","Midfielder",2019,2,"Serie A","46.83","214","214",22,"35000000","High"
372712,"Ibrahima Sissoko","Midfielder",2019,2,"Ligue 1","46.68","215","215",38,"6500000","Medium"
292417,"Demarai Gray","Midfielder",2019,2,"Premier League","46.59","216","216",11,"20000000","High"
324278,"Christoph Baumgartner","Midfielder",2019,2,"Bundesliga","46.59","217","217",35,"350000","Low"
332697,"Weston McKennie","Midfielder",2019,2,"Bundesliga","45.53","218","218",11,"20000000","High"
39025,"Danny Latza","Midfielder",2019,2,"Bundesliga","45.26","219","219",14,"4000000","Low"
274839,"Wilfred Ndidi","Midfielder",2019,2,"Premier League","45.05","220","220",22,"35000000","High"
289061,"Alessandro Murgia","Midfielder",2019,2,"Serie A","44.66","221","221",9,"5000000","Medium"
385271,"Allan","Midfielder",2019,2,"Serie A","44.47","222","222",55,"60000000","Elite"
137841,"Romain Amalfitano","Midfielder",2019,2,"Ligue 1","44.38","223","223",3,"2000000","Low"
101213,"Pedro Obiang","Midfielder",2019,2,"Serie A","44.09","224","224",25,"7000000","Medium"
337066,"Toni Villa","Midfielder",2019,2,"La Liga","43.92","225","225",14,"4000000","Low"
190393,"Corentin Tolisso","Midfielder",2019,2,"Bundesliga","43.61","226","226",7,"40000000","High"
450050,"Jean-Ricner Bellegarde","Midfielder",2019,2,"Ligue 1","43.53","227","227",13,"1000000","Low"
226524,"Morten Thorsby","Midfielder",2019,2,"Serie A","43.37","228","228",28,"2500000","Low"
34787,"Julian Baumgartlinger","Midfielder",2019,2,"Bundesliga","43.27","229","229",33,"3500000","Low"
80173,"Frédéric Sammaritano","Midfielder",2019,2,"Ligue 1","42.67","230","230",2,"500000","Low"
206225,"Isaac Hayden","Midfielder",2019,2,"Premier League","42.36","231","231",20,"8000000","Medium"
57372,"Lucas Deaux","Midfielder",2019,2,"Ligue 1","42.28","232","232",28,"2500000","Low"
646658,"Aaron Ramsey","Midfielder",2019,2,"Serie A","42.24","233","233",7,"40000000","High"
216179,"Stefano Sensi","Midfielder",2019,2,"Serie A","42.02","234","235",5,"12000000","Medium"
216179,"Stefano Sensi","Midfielder",2019,2,"Serie A","42.02","234","234",5,"12000000","Medium"
216179,"Stefano Sensi","Midfielder",2019,2,"Serie A","42.02","234","235",5,"12000000","Medium"
216179,"Stefano Sensi","Midfielder",2019,2,"Serie A","42.02","234","234",5,"12000000","Medium"
355628,"Igor Zubeldia","Midfielder",2019,2,"La Liga","40.87","236","236",43,"30000000","High"
818495,"Otávio","Midfielder",2019,2,"Ligue 1","40.63","237","237",25,"7000000","Medium"
131109,"Gastón Brugman","Midfielder",2019,2,"Serie A","40.53","238","238",80,"2800000","Low"
372246,"Carlos Soler","Midfielder",2019,2,"La Liga","40.53","239","239",8,"50000000","High"
182916,"Wesley Saïd","Midfielder",2019,2,"Ligue 1","40.12","240","240",6,"6000000","Medium"
353948,"Lucas Tousart","Midfielder",2019,2,"Ligue 1","39.78","241","243",11,"20000000","High"
353948,"Lucas Tousart","Midfielder",2019,2,"Ligue 1","39.78","241","241",11,"20000000","High"
353948,"Lucas Tousart","Midfielder",2019,2,"Ligue 1","39.78","241","242",11,"20000000","High"
353948,"Lucas Tousart","Midfielder",2019,2,"Ligue 1","39.78","241","243",11,"20000000","High"
353948,"Lucas Tousart","Midfielder",2019,2,"Ligue 1","39.78","241","241",11,"20000000","High"
353948,"Lucas Tousart","Midfielder",2019,2,"Ligue 1","39.78","241","242",11,"20000000","High"
353948,"Lucas Tousart","Midfielder",2019,2,"Ligue 1","39.78","241","243",11,"20000000","High"
353948,"Lucas Tousart","Midfielder",2019,2,"Ligue 1","39.78","241","241",11,"20000000","High"
353948,"Lucas Tousart","Midfielder",2019,2,"Ligue 1","39.78","241","242",11,"20000000","High"
148262,"Jeff Hendrick","Midfielder",2019,2,"Premier League","39.40","244","244",41,"10000000","Medium"
42920,"Fran Mérida","Midfielder",2019,2,"La Liga","39.28","245","245",13,"1000000","Low"
412671,"Quentin Boisgard","Midfielder",2019,2,"Ligue 1","39.11","246","246",46,"250000","Low"
221316,"Lucas Vázquez","Midfielder",2019,2,"La Liga","38.97","247","247",26,"25000000","High"
3333,"James Milner","Midfielder",2019,2,"Premier League","38.82","248","248",16,"15000000","Medium"
58500,"Alfredo Morales","Midfielder",2019,2,"Bundesliga","38.63","249","249",3,"2000000","Low"
340329,"Joe Willock","Midfielder",2019,2,"Premier League","38.00","250","250",6,"6000000","Medium"
127189,"Geoffrey Kondogbia","Midfielder",2019,2,"La Liga","37.88","251","251",43,"30000000","High"
39828,"Antonino Barillà","Midfielder",2019,2,"Serie A","37.76","252","252",13,"1000000","Low"
278837,"Luis Rioja","Midfielder",2019,2,"La Liga","37.12","253","253",13,"1000000","Low"
476237,"Steven Alzate","Midfielder",2019,2,"Premier League","36.80","254","254",28,"2500000","Low"
93704,"Josuha Guilavogui","Midfielder",2019,2,"Bundesliga","36.61","255","255",5,"12000000","Medium"
118397,"Alessandro Schöpf","Midfielder",2019,2,"Bundesliga","36.56","256","256",9,"5000000","Medium"
413032,"Ibrahima Diallo","Midfielder",2019,2,"Ligue 1","36.37","257","257",29,"400000","Low"
141660,"Jesse Lingard","Midfielder",2019,2,"Premier League","36.32","258","258",7,"40000000","High"
60889,"Gary Medel","Midfielder",2019,2,"Serie A","35.72","259","259",52,"4500000","Low"
279455,"Harry Wilson","Midfielder",2019,2,"Premier League","35.70","260","261",20,"8000000","Medium"
279455,"Harry Wilson","Midfielder",2019,2,"Premier League","35.70","260","260",20,"8000000","Medium"
279455,"Harry Wilson","Midfielder",2019,2,"Premier League","35.70","260","260",20,"8000000","Medium"
279455,"Harry Wilson","Midfielder",2019,2,"Premier League","35.70","260","261",20,"8000000","Medium"
854853,"Tom Davies","Midfielder",2019,2,"Premier League","35.53","262","262",16,"15000000","Medium"
93726,"Paul Lasne","Midfielder",2019,2,"Ligue 1","35.50","263","263",28,"2500000","Low"
71579,"Iñigo Pérez","Midfielder",2019,2,"La Liga","35.29","264","264",30,"800000","Low"
442805,"Iddrisu Baba","Midfielder",2019,2,"La Liga","33.73","265","265",44,"300000","Low"
322305,"Jean-Victor Makengo","Midfielder",2019,2,"Ligue 1","33.65","266","266",14,"4000000","Low"
322305,"Jean-Victor Makengo","Midfielder",2019,2,"Ligue 1","33.65","266","267",14,"4000000","Low"
322305,"Jean-Victor Makengo","Midfielder",2019,2,"Ligue 1","33.65","266","266",14,"4000000","Low"
322305,"Jean-Victor Makengo","Midfielder",2019,2,"Ligue 1","33.65","266","267",14,"4000000","Low"
83877,"Diego Farias","Midfielder",2019,2,"Serie A","33.41","268","268",52,"4500000","Low"
261905,"Suat Serdar","Midfielder",2019,2,"Bundesliga","33.32","269","269",47,"13000000","Medium"
140776,"Yannick Carrasco","Midfielder",2019,2,"La Liga","33.27","270","271",49,"28000000","High"
140776,"Yannick Carrasco","Midfielder",2019,2,"La Liga","33.27","270","271",49,"28000000","High"
140776,"Yannick Carrasco","Midfielder",2019,2,"La Liga","33.27","270","270",49,"28000000","High"
140776,"Yannick Carrasco","Midfielder",2019,2,"La Liga","33.27","270","270",49,"28000000","High"
341317,"Oliver Burke","Midfielder",2019,2,"La Liga","33.20","272","272",32,"7500000","Medium"
341317,"Oliver Burke","Midfielder",2019,2,"La Liga","33.20","272","272",32,"7500000","Medium"
341317,"Oliver Burke","Midfielder",2019,2,"La Liga","33.20","272","273",32,"7500000","Medium"
341317,"Oliver Burke","Midfielder",2019,2,"La Liga","33.20","272","273",32,"7500000","Medium"
190289,"Gerrit Holtmann","Midfielder",2019,2,"Bundesliga","33.17","274","274",17,"1500000","Low"
190289,"Gerrit Holtmann","Midfielder",2019,2,"Bundesliga","33.17","274","275",17,"1500000","Low"
190289,"Gerrit Holtmann","Midfielder",2019,2,"Bundesliga","33.17","274","274",17,"1500000","Low"
190289,"Gerrit Holtmann","Midfielder",2019,2,"Bundesliga","33.17","274","275",17,"1500000","Low"
402008,"Amadou Haidara","Midfielder",2019,2,"Bundesliga","32.72","276","276",11,"20000000","High"
392810,"Casimir Ninga","Midfielder",2019,2,"Ligue 1","32.60","277","277",23,"3000000","Low"
281404,"Kenedy","Midfielder",2019,2,"La Liga","32.52","278","278",41,"10000000","Medium"
281404,"Kenedy","Midfielder",2019,2,"La Liga","32.52","278","279",41,"10000000","Medium"
281404,"Kenedy","Midfielder",2019,2,"La Liga","32.52","278","278",41,"10000000","Medium"
281404,"Kenedy","Midfielder",2019,2,"La Liga","32.52","278","279",41,"10000000","Medium"
40372,"Borja Valero","Midfielder",2019,2,"Serie A","32.28","280","280",28,"2500000","Low"
89591,"Felix Klaus","Midfielder",2019,2,"Bundesliga","32.12","281","281",28,"2500000","Low"
249089,"Lewis Cook","Midfielder",2019,2,"Premier League","31.92","282","282",11,"20000000","High"
53418,"Kevin Kampl","Midfielder",2019,2,"Bundesliga","31.83","283","283",42,"22000000","High"
98322,"Denis Cheryshev","Midfielder",2019,2,"La Liga","31.78","284","284",6,"6000000","Medium"
142031,"Omar Mascarell","Midfielder",2019,2,"Bundesliga","30.99","285","285",20,"8000000","Medium"
301236,"Francesco Cassata","Midfielder",2019,2,"Serie A","30.96","286","286",33,"3500000","Low"
142027,"Pablo Hervías","Midfielder",2019,2,"La Liga","30.75","287","287",71,"700000","Low"
147485,"Louis Schaub","Midfielder",2019,2,"Bundesliga","30.46","288","288",14,"4000000","Low"
266795,"Gonzalo Escalante","Midfielder",2019,2,"La Liga","30.41","289","289",14,"4000000","Low"
413112,"Aurélien Tchouaméni","Midfielder",2019,2,"Ligue 1","29.93","290","290",25,"7000000","Medium"
423444,"Fran Beltrán","Midfielder",2019,2,"La Liga","29.76","291","292",10,"18000000","Medium"
66934,"Cheikhou Kouyaté","Midfielder",2019,2,"Premier League","29.76","291","291",41,"10000000","Medium"
82070,"Diego Demme","Midfielder",2019,2,"Serie A","29.54","293","293",45,"17000000","Medium"
138055,"Haris Belkebla","Midfielder",2019,2,"Ligue 1","29.11","294","294",30,"800000","Low"
29962,"Daniele Dessena","Midfielder",2019,2,"Serie A","28.89","295","295",2,"500000","Low"
184894,"Alfred Duncan","Midfielder",2019,2,"Serie A","28.87","296","297",45,"17000000","Medium"
184894,"Alfred Duncan","Midfielder",2019,2,"Serie A","28.87","296","296",45,"17000000","Medium"
184894,"Alfred Duncan","Midfielder",2019,2,"Serie A","28.87","296","297",45,"17000000","Medium"
184894,"Alfred Duncan","Midfielder",2019,2,"Serie A","28.87","296","296",45,"17000000","Medium"
168959,"Nemanja Radoja","Midfielder",2019,2,"La Liga","28.82","298","298",23,"3000000","Low"
342209,"Kévin N'Doram","Midfielder",2019,2,"Ligue 1","28.75","299","299",14,"4000000","Low"
342209,"Kévin N'Doram","Midfielder",2019,2,"Ligue 1","28.75","299","300",14,"4000000","Low"
342209,"Kévin N'Doram","Midfielder",2019,2,"Ligue 1","28.75","299","299",14,"4000000","Low"
342209,"Kévin N'Doram","Midfielder",2019,2,"Ligue 1","28.75","299","300",14,"4000000","Low"
76163,"Franco Vázquez","Midfielder",2019,2,"La Liga","28.56","301","301",16,"15000000","Medium"
162056,"Gonzalo Melero","Midfielder",2019,2,"La Liga","28.49","302","302",14,"4000000","Low"
127182,"Thomas Monconduit","Midfielder",2019,2,"Ligue 1","28.34","303","303",33,"3500000","Low"
346707,"Sean Longstaff","Midfielder",2019,2,"Premier League","28.17","304","304",28,"2500000","Low"
40613,"Jack Cork","Midfielder",2019,2,"Premier League","27.98","305","305",16,"15000000","Medium"
55215,"Javier Pastore","Midfielder",2019,2,"Serie A","27.88","306","306",16,"15000000","Medium"
87672,"Junior Stanislas","Midfielder",2019,2,"Premier League","27.79","307","307",52,"4500000","Low"
293385,"Dani Olmo","Midfielder",2019,2,"Bundesliga","27.67","308","308",16,"15000000","Medium"
44983,"Dan Gosling","Midfielder",2019,2,"Premier League","27.36","309","309",33,"3500000","Low"
166237,"Leandro Paredes","Midfielder",2019,2,"Ligue 1","27.24","310","310",7,"40000000","High"
569598,"Youssouf Fofana","Midfielder",2019,2,"Ligue 1","26.95","311","311",9,"5000000","Medium"
47893,"William Vainqueur","Midfielder",2019,2,"Ligue 1","26.83","312","312",48,"1250000","Low"
73484,"Tom Cleverley","Midfielder",2019,2,"Premier League","26.68","313","313",25,"7000000","Medium"
72479,"Clément Grenier","Midfielder",2019,2,"Ligue 1","26.66","314","314",32,"7500000","Medium"
29434,"Yohan Cabaye","Midfielder",2019,2,"Ligue 1","26.47","315","315",3,"2000000","Low"
842718,"Paulinho","Midfielder",2019,2,"Bundesliga","26.42","316","316",2,"500000","Low"
12384,"Alexander Tettey","Midfielder",2019,2,"Premier League","26.25","317","317",3,"2000000","Low"
126683,"Tristan Dingomé","Midfielder",2019,2,"Ligue 1","26.18","318","318",3,"2000000","Low"
74869,"Francis Coquelin","Midfielder",2019,2,"La Liga","25.72","319","319",70,"17500000","Medium"
340394,"Abdelhamid Sabiri","Midfielder",2019,2,"Bundesliga","25.58","320","320",17,"1500000","Low"
199733,"Danilo Cataldi","Midfielder",2019,2,"Serie A","25.38","321","321",14,"4000000","Low"
323954,"Walace","Midfielder",2019,2,"Serie A","25.19","322","322",41,"10000000","Medium"
4018,"Daniel Baier","Midfielder",2019,2,"Bundesliga","24.88","323","323",30,"800000","Low"
497291,"Nicolás Domínguez","Midfielder",2019,2,"Serie A","24.86","324","325",84,"12500000","Medium"
497291,"Nicolás Domínguez","Midfielder",2019,2,"Serie A","24.86","324","326",84,"12500000","Medium"
497291,"Nicolás Domínguez","Midfielder",2019,2,"Serie A","24.86","324","325",84,"12500000","Medium"
497291,"Nicolás Domínguez","Midfielder",2019,2,"Serie A","24.86","324","324",84,"12500000","Medium"
497291,"Nicolás Domínguez","Midfielder",2019,2,"Serie A","24.86","324","324",84,"12500000","Medium"
497291,"Nicolás Domínguez","Midfielder",2019,2,"Serie A","24.86","324","326",84,"12500000","Medium"
497291,"Nicolás Domínguez","Midfielder",2019,2,"Serie A","24.86","324","325",84,"12500000","Medium"
497291,"Nicolás Domínguez","Midfielder",2019,2,"Serie A","24.86","324","324",84,"12500000","Medium"
497291,"Nicolás Domínguez","Midfielder",2019,2,"Serie A","24.86","324","326",84,"12500000","Medium"
188888,"Sheraldo Becker","Midfielder",2019,2,"Bundesliga","24.11","327","327",48,"1250000","Low"
560593,"Hicham Boudaoui","Midfielder",2019,2,"Ligue 1","23.89","328","328",30,"800000","Low"
333014,"Sander Berge","Midfielder",2019,2,"Premier League","23.53","329","329",42,"22000000","High"
205562,"Thomas Lemar","Midfielder",2019,2,"La Liga","23.27","330","330",8,"50000000","High"
410425,"Yves Bissouma","Midfielder",2019,2,"Premier League","23.22","331","331",16,"15000000","Medium"
141834,"Cristian Tello","Midfielder",2019,2,"La Liga","22.93","332","332",41,"10000000","Medium"
100131,"William Carvalho","Midfielder",2019,2,"La Liga","22.81","333","333",26,"25000000","High"
624037,"Joris Chotard","Midfielder",2019,2,"Ligue 1","22.72","334","334",2,"500000","Low"
99343,"Ander Herrera","Midfielder",2019,2,"Ligue 1","22.48","335","336",26,"25000000","High"
289286,"Luca Sangalli","Midfielder",2019,2,"La Liga","22.48","335","335",14,"4000000","Low"
232418,"Ondrej Duda","Midfielder",2019,2,"Premier League","22.21","337","338",16,"15000000","Medium"
232418,"Ondrej Duda","Midfielder",2019,2,"Premier League","22.21","337","337",16,"15000000","Medium"
232418,"Ondrej Duda","Midfielder",2019,2,"Premier League","22.21","337","338",16,"15000000","Medium"
232418,"Ondrej Duda","Midfielder",2019,2,"Premier League","22.21","337","337",16,"15000000","Medium"
138803,"Francisco Portillo","Midfielder",2019,2,"La Liga","22.12","339","339",14,"4000000","Low"
571020,"Oihan Sancet","Midfielder",2019,2,"La Liga","21.85","340","340",13,"1000000","Low"
247555,"Edimilson Fernandes","Midfielder",2019,2,"Bundesliga","21.42","341","341",20,"8000000","Medium"
441385,"Gonzalo Maroni","Midfielder",2019,2,"Serie A","21.25","342","342",9,"5000000","Medium"
20778,"Adam Bodzek","Midfielder",2019,2,"Bundesliga","20.99","343","343",29,"400000","Low"
178313,"Jean-Eudes Aholou","Midfielder",2019,2,"Ligue 1","20.94","344","344",25,"7000000","Medium"
178313,"Jean-Eudes Aholou","Midfielder",2019,2,"Ligue 1","20.94","344","345",25,"7000000","Medium"
178313,"Jean-Eudes Aholou","Midfielder",2019,2,"Ligue 1","20.94","344","344",25,"7000000","Medium"
178313,"Jean-Eudes Aholou","Midfielder",2019,2,"Ligue 1","20.94","344","345",25,"7000000","Medium"
552425,"Jon Moncayola","Midfielder",2019,2,"La Liga","20.41","346","346",17,"1500000","Low"
119277,"Yannick Gerhardt","Midfielder",2019,2,"Bundesliga","19.57","347","347",57,"8500000","Medium"
287717,"Emanuele Ndoj","Midfielder",2019,2,"Serie A","19.45","348","348",59,"900000","Low"
391376,"Lamine Fomba","Midfielder",2019,2,"Ligue 1","19.42","349","349",13,"1000000","Low"
355861,"Arnaut Danjuma","Midfielder",2019,2,"Premier League","19.16","350","350",5,"12000000","Medium"
340070,"Simone Edera","Midfielder",2019,2,"Serie A","18.94","351","351",13,"1000000","Low"
131667,"Ramon Azeez","Midfielder",2019,2,"La Liga","18.80","352","353",30,"800000","Low"
29401,"Sami Khedira","Midfielder",2019,2,"Serie A","18.80","352","352",16,"15000000","Medium"
296397,"Arne Maier","Midfielder",2019,2,"Bundesliga","18.77","354","354",42,"22000000","High"
134369,"Andrea Tabanelli","Midfielder",2019,2,"Serie A","18.29","355","355",44,"300000","Low"
196792,"Julian Weigl","Midfielder",2019,2,"Bundesliga","17.48","356","356",26,"25000000","High"
197473,"Alberto Grassi","Midfielder",2019,2,"Serie A","17.26","357","357",25,"7000000","Medium"
242497,"Pere Pons","Midfielder",2019,2,"La Liga","17.07","358","358",14,"4000000","Low"
503733,"Anthony Gordon","Midfielder",2019,2,"Premier League","16.42","359","359",17,"1500000","Low"
298575,"Kike Barja","Midfielder",2019,2,"La Liga","16.03","360","360",74,"1200000","Low"
43530,"Adam Lallana","Midfielder",2019,2,"Premier League","16.01","361","361",16,"15000000","Medium"
332705,"Tyler Adams","Midfielder",2019,2,"Bundesliga","15.96","362","362",47,"13000000","Medium"
341501,"Hamza Choudhury","Midfielder",2019,2,"Premier League","15.91","363","363",9,"5000000","Medium"
563812,"Christian Oliva","Midfielder",2019,2,"Serie A","15.70","364","364",9,"5000000","Medium"
44065,"Esteban Granero","Midfielder",2019,2,"La Liga","15.07","365","365",23,"3000000","Low"
86079,"Luca Siligardi","Midfielder",2019,2,"Serie A","14.86","366","366",30,"800000","Low"
198589,"Lewis Baker","Midfielder",2019,2,"Bundesliga","14.47","367","367",9,"5000000","Medium"
234029,"Grischa Prömel","Midfielder",2019,2,"Bundesliga","13.77","368","368",48,"1250000","Low"
66360,"Daniele Ragatzu","Midfielder",2019,2,"Serie A","13.63","369","369",29,"400000","Low"
307519,"Fede San Emeterio","Midfielder",2019,2,"La Liga","13.49","370","370",3,"2000000","Low"
218087,"Ben Osborn","Midfielder",2019,2,"Premier League","12.98","371","371",23,"3000000","Low"
264116,"Gastón Pereiro","Midfielder",2019,2,"Serie A","12.57","372","372",5,"12000000","Medium"
40888,"Beñat Etxebarria","Midfielder",2019,2,"La Liga","12.40","373","373",14,"4000000","Low"
158795,"David Timor","Midfielder",2019,2,"La Liga","11.97","374","374",17,"1500000","Low"
342385,"Guido Rodríguez","Midfielder",2019,2,"La Liga","10.67","375","375",41,"10000000","Medium"
66005,"Amir Abrashi","Midfielder",2019,2,"Bundesliga","10.46","376","376",28,"2500000","Low"
196815,"Joshua Mees","Midfielder",2019,2,"Bundesliga","10.22","377","377",61,"750000","Low"
644563,"Bryan Soumaré","Midfielder",2019,2,"Ligue 1","9.64","378","378",58,"150000","Low"
36207,"Fin Bartels","Midfielder",2019,2,"Bundesliga","9.54","379","379",17,"1500000","Low"
74294,"Nemanja Gudelj","Midfielder",2019,2,"La Liga","9.45","380","380",38,"6500000","Medium"
5348,"Florent Balmont","Midfielder",2019,2,"Ligue 1","9.09","381","381",46,"250000","Low"
251303,"Johannes Eggestein","Midfielder",2019,2,"Bundesliga","9.01","382","382",32,"7500000","Medium"
277033,"David Brooks","Midfielder",2019,2,"Premier League","8.94","383","383",11,"20000000","High"
21905,"Valon Behrami","Midfielder",2019,2,"Serie A","8.44","384","384",13,"1000000","Low"
326300,"Jeff Reine-Adélaïde","Midfielder",2019,2,"Ligue 1","8.27","385","385",32,"7500000","Medium"
119296,"Emre Can","Midfielder",2019,2,"Serie A","8.03","386","386",7,"40000000","High"
119296,"Emre Can","Midfielder",2019,2,"Serie A","8.03","386","387",7,"40000000","High"
119296,"Emre Can","Midfielder",2019,2,"Serie A","8.03","386","386",7,"40000000","High"
119296,"Emre Can","Midfielder",2019,2,"Serie A","8.03","386","387",7,"40000000","High"
405885,"Giacomo Raspadori","Midfielder",2019,2,"Serie A","7.21","388","388",2,"500000","Low"
474662,"Hugo Magnetti","Midfielder",2019,2,"Ligue 1","7.14","389","389",58,"150000","Low"
249157,"Fredrik Jensen","Midfielder",2019,2,"Bundesliga","5.19","390","390",28,"2500000","Low"
234006,"Keagan Dolly","Midfielder",2019,2,"Ligue 1","4.69","391","391",63,"1300000","Low"
534033,"Alexis Mac Allister","Midfielder",2019,2,"Premier League","4.54","392","392",41,"10000000","Medium"
534033,"Alexis Mac Allister","Midfielder",2019,2,"Premier League","4.54","392","392",41,"10000000","Medium"
534033,"Alexis Mac Allister","Midfielder",2019,2,"Premier League","4.54","392","393",41,"10000000","Medium"
534033,"Alexis Mac Allister","Midfielder",2019,2,"Premier League","4.54","392","393",41,"10000000","Medium"
111051,"Nampalys Mendy","Midfielder",2019,2,"Premier League","4.42","394","394",20,"8000000","Medium"
425400,"Farid El Melali","Midfielder",2019,2,"Ligue 1","4.30","395","395",30,"800000","Low"
112988,"Cédric Soares","Midfielder",2019,2,"Premier League","4.25","396","397",5,"12000000","Medium"
112988,"Cédric Soares","Midfielder",2019,2,"Premier League","4.25","396","397",5,"12000000","Medium"
112988,"Cédric Soares","Midfielder",2019,2,"Premier League","4.25","396","396",5,"12000000","Medium"
112988,"Cédric Soares","Midfielder",2019,2,"Premier League","4.25","396","396",5,"12000000","Medium"
161267,"Josep Señé","Midfielder",2019,2,"La Liga","4.11","398","398",44,"300000","Low"
284854,"Carles Aleñá","Midfielder",2019,2,"La Liga","3.89","399","400",26,"25000000","High"
284854,"Carles Aleñá","Midfielder",2019,2,"La Liga","3.89","399","399",26,"25000000","High"
284854,"Carles Aleñá","Midfielder",2019,2,"La Liga","3.89","399","399",26,"25000000","High"
284854,"Carles Aleñá","Midfielder",2019,2,"La Liga","3.89","399","400",26,"25000000","High"
578872,"Jean Lucas","Midfielder",2019,2,"Ligue 1","3.46","401","401",2,"500000","Low"
358870,"Dennis Jastrzembski","Midfielder",2019,2,"Bundesliga","3.39","402","402",30,"800000","Low"
44412,"Bruno Soriano","Midfielder",2019,2,"La Liga","3.32","403","403",30,"800000","Low"
398163,"Gonzalo Villar","Midfielder",2019,2,"Serie A","3.27","404","404",44,"300000","Low"
293592,"Brandon Borrello","Midfielder",2019,2,"Bundesliga","3.17","405","405",30,"800000","Low"
19819,"Raffael","Midfielder",2019,2,"Bundesliga","2.91","406","406",28,"2500000","Low"
433188,"Curtis Jones","Midfielder",2019,2,"Premier League","2.31","407","408",17,"1500000","Low"
287635,"Assane Dioussé","Midfielder",2019,2,"Ligue 1","2.31","407","407",52,"4500000","Low"
581781,"Enzo Loiodice","Midfielder",2019,2,"Ligue 1","2.02","409","409",67,"5500000","Medium"
581781,"Enzo Loiodice","Midfielder",2019,2,"Ligue 1","2.02","409","411",67,"5500000","Medium"
581781,"Enzo Loiodice","Midfielder",2019,2,"Ligue 1","2.02","409","409",67,"5500000","Medium"
581781,"Enzo Loiodice","Midfielder",2019,2,"Ligue 1","2.02","409","411",67,"5500000","Medium"
154171,"Benjamin Corgnet","Midfielder",2019,2,"Ligue 1","2.02","409","410",30,"800000","Low"
424709,"Cheick Timite","Midfielder",2019,2,"Ligue 1","1.88","412","412",2,"500000","Low"
111048,"Benjamin Jeannot","Midfielder",2019,2,"Ligue 1","1.88","413","413",28,"2500000","Low"
270411,"Saîf-Eddine Khaoui","Midfielder",2019,2,"Ligue 1","1.83","414","414",33,"3500000","Low"
77108,"Jérôme Gondorf","Midfielder",2019,2,"Bundesliga","1.66","415","415",17,"1500000","Low"
342039,"Yannik Keitel","Midfielder",2019,2,"Bundesliga","1.18","416","416",89,"25000","Low"
605893,"Lucas Ribeiro","Midfielder",2019,2,"Bundesliga","0.10","417","417",23,"3000000","Low"
386057,"Julien Laporte","Defender",2020,3,"Ligue 1","94.14","1","1",17,"1500000","Low"
384859,"Fabien Centonze","Defender",2020,3,"Ligue 1","93.98","2","2",9,"5000000","Medium"
22386,"Daniel Congré","Defender",2020,3,"Ligue 1","92.98","3","3",29,"400000","Low"
199704,"Yunis Abdelhamid","Defender",2020,3,"Ligue 1","92.86","4","4",3,"2000000","Low"
334221,"Amos Pieper","Defender",2020,3,"Bundesliga","92.49","5","5",3,"2000000","Low"
60990,"Bruno Ecuele Manga","Defender",2020,3,"Ligue 1","92.47","6","6",73,"2200000","Low"
173504,"James Tarkowski","Defender",2020,3,"Premier League","92.00","7","7",11,"20000000","High"
270051,"Andrei Girotto","Defender",2020,3,"Ligue 1","91.95","8","8",14,"4000000","Low"
85585,"John Boye","Defender",2020,3,"Ligue 1","91.44","9","9",30,"800000","Low"
250779,"Brendan Chardonnet","Defender",2020,3,"Ligue 1","91.28","10","10",86,"650000","Low"
181778,"Emerson","Defender",2020,3,"La Liga","90.88","11","11",75,"24000000","High"
355915,"Cristian Romero","Defender",2020,3,"Serie A","90.79","12","12",122,"13500000","Medium"
54928,"Diego Godín","Defender",2020,3,"Serie A","90.14","13","13",41,"10000000","Medium"
192635,"Nico Elvedi","Defender",2020,3,"Bundesliga","89.26","14","14",49,"28000000","High"
75067,"Liam Cooper","Defender",2020,3,"Premier League","88.95","15","15",25,"7000000","Medium"
124732,"John Brooks","Defender",2020,3,"Bundesliga","88.77","16","16",5,"12000000","Medium"
46552,"Kamil Glik","Defender",2020,3,"Serie A","88.77","17","17",106,"4800000","Low"
60632,"Theodor Gebre Selassie","Defender",2020,3,"Bundesliga","88.28","18","18",62,"1400000","Low"
57467,"Romain Thomas","Defender",2020,3,"Ligue 1","87.67","19","19",112,"2400000","Low"
52495,"Chris Basham","Defender",2020,3,"Premier League","87.44","20","20",112,"2400000","Low"
127108,"Florian Lejeune","Defender",2020,3,"La Liga","86.67","21","21",106,"4800000","Low"
127108,"Florian Lejeune","Defender",2020,3,"La Liga","86.67","21","22",106,"4800000","Low"
127108,"Florian Lejeune","Defender",2020,3,"La Liga","86.67","21","21",106,"4800000","Low"
127108,"Florian Lejeune","Defender",2020,3,"La Liga","86.67","21","22",106,"4800000","Low"
331560,"Takehiro Tomiyasu","Defender",2020,3,"Serie A","86.51","23","23",16,"15000000","Medium"
243028,"Jan Bednarek","Defender",2020,3,"Premier League","86.42","24","24",5,"12000000","Medium"
413507,"Nikola Milenković","Defender",2020,3,"Serie A","85.47","25","25",75,"24000000","High"
125020,"José Luis Palomino","Defender",2020,3,"Serie A","85.47","26","26",20,"8000000","Medium"
84150,"Rafael Czichos","Defender",2020,3,"Bundesliga","85.07","27","27",87,"1700000","Low"
99331,"Jannik Vestergaard","Defender",2020,3,"Premier League","84.79","28","28",16,"15000000","Medium"
477758,"Aaron Wan-Bissaka","Defender",2020,3,"Premier League","84.40","29","29",50,"32000000","High"
564545,"Edmond Tapsoba","Defender",2020,3,"Bundesliga","84.35","30","30",37,"16000000","Medium"
256448,"Gianluca Mancini","Defender",2020,3,"Serie A","83.72","31","31",126,"22500000","High"
351755,"Darnell Furlong","Defender",2020,3,"Premier League","83.30","32","32",14,"4000000","Low"
157672,"Vladimír Coufal","Defender",2020,3,"Premier League","82.77","33","33",82,"1600000","Low"
139279,"Nicolas Pallois","Defender",2020,3,"Ligue 1","82.72","34","34",3,"2000000","Low"
67420,"Luke Ayling","Defender",2020,3,"Premier League","82.65","35","35",23,"3000000","Low"
392771,"Ethan Ampadu","Defender",2020,3,"Premier League","82.26","36","36",21,"9000000","Medium"
165513,"Berat Djimsiti","Defender",2020,3,"Serie A","82.26","37","37",16,"15000000","Medium"
71548,"Anaitz Arbilla","Defender",2020,3,"La Liga","82.23","38","38",82,"1600000","Low"
106405,"Jeffrey Gouweleeuw","Defender",2020,3,"Bundesliga","81.95","39","39",78,"9500000","Medium"
292808,"Wout Faes","Defender",2020,3,"Ligue 1","81.93","40","40",134,"2700000","Low"
83002,"Hiroki Sakai","Defender",2020,3,"Ligue 1","81.60","41","41",25,"7000000","Medium"
177046,"Rubén Duarte","Defender",2020,3,"La Liga","81.44","42","42",106,"4800000","Low"
450417,"Dylan Bronn","Defender",2020,3,"Ligue 1","81.33","43","43",14,"4000000","Low"
73926,"Davide Faraoni","Defender",2020,3,"Serie A","81.05","44","44",14,"4000000","Low"
66934,"Cheikhou Kouyaté","Defender",2020,3,"Premier League","80.93","45","45",20,"8000000","Medium"
361093,"Sven Botman","Defender",2020,3,"Ligue 1","80.91","46","46",17,"1500000","Low"
162434,"Niklas Stark","Defender",2020,3,"Bundesliga","80.60","47","47",37,"16000000","Medium"
361914,"Nayef Aguerd","Defender",2020,3,"Ligue 1","80.19","48","48",112,"2400000","Low"
43256,"Paul Baysse","Defender",2020,3,"Ligue 1","80.14","49","49",30,"800000","Low"
177907,"Harry Maguire","Defender",2020,3,"Premier League","79.72","50","50",118,"56000000","High"
258878,"Tosin Adarabioyo","Defender",2020,3,"Premier League","79.58","51","51",33,"3500000","Low"
67546,"Jorge Pulido","Defender",2020,3,"La Liga","79.30","52","52",112,"2400000","Low"
251912,"Semi Ajayi","Defender",2020,3,"Premier League","79.21","53","53",9,"5000000","Medium"
298589,"David García","Defender",2020,3,"La Liga","78.93","54","54",112,"2400000","Low"
808509,"Danilo","Defender",2020,3,"Serie A","78.88","55","56",56,"550000","Low"
808509,"Danilo","Defender",2020,3,"Serie A","78.88","55","56",56,"550000","Low"
808509,"Danilo","Defender",2020,3,"Serie A","78.88","55","55",56,"550000","Low"
808509,"Danilo","Defender",2020,3,"Serie A","78.88","55","55",56,"550000","Low"
410708,"Pascal Struijk","Defender",2020,3,"Premier League","78.56","57","57",61,"750000","Low"
231572,"Nélson Semedo","Defender",2020,3,"Premier League","78.16","58","58",50,"32000000","High"
343475,"Ben Godfrey","Defender",2020,3,"Premier League","77.88","59","59",141,"11500000","Medium"
697714,"Fabinho","Defender",2020,3,"Premier League","77.86","60","60",118,"56000000","High"
290017,"Hassane Kamara","Defender",2020,3,"Ligue 1","77.74","61","61",6,"6000000","Medium"
184779,"Gonzalo Verdú","Defender",2020,3,"La Liga","77.70","62","62",107,"325000","Low"
74810,"Ben Mee","Defender",2020,3,"Premier League","77.58","63","63",20,"8000000","Medium"
216870,"Nacho Vidal","Defender",2020,3,"La Liga","77.51","64","64",112,"2400000","Low"
131102,"Jeison Murillo","Defender",2020,3,"La Liga","77.23","65","65",38,"6500000","Medium"
335721,"Ben White","Defender",2020,3,"Premier League","76.81","66","66",25,"7000000","Medium"
75921,"Christopher Trimmel","Defender",2020,3,"Bundesliga","76.65","67","67",56,"550000","Low"
66736,"Lisandro Magallán","Defender",2020,3,"Serie A","76.58","68","68",106,"4800000","Low"
311044,"Alfonso Espino","Defender",2020,3,"La Liga","76.35","69","69",119,"950000","Low"
253677,"Tyrone Mings","Defender",2020,3,"Premier League","76.07","70","70",126,"22500000","High"
297070,"Hamari Traoré","Defender",2020,3,"Ligue 1","75.88","71","71",106,"4800000","Low"
169880,"Giovanni Di Lorenzo","Defender",2020,3,"Serie A","75.60","72","72",11,"20000000","High"
277167,"Gian Marco Ferrari","Defender",2020,3,"Serie A","75.56","73","73",41,"10000000","Medium"
144143,"Bartosz Bereszyński","Defender",2020,3,"Serie A","75.33","74","74",38,"6500000","Medium"
415912,"Konstantinos Mavropanos","Defender",2020,3,"Bundesliga","74.86","75","75",112,"2400000","Low"
216804,"Joakim Nilsson","Defender",2020,3,"Bundesliga","74.79","76","76",3,"2000000","Low"
346314,"Trevoh Chalobah","Defender",2020,3,"Ligue 1","74.60","77","77",23,"3000000","Low"
346314,"Trevoh Chalobah","Defender",2020,3,"Ligue 1","74.60","77","78",23,"3000000","Low"
346314,"Trevoh Chalobah","Defender",2020,3,"Ligue 1","74.60","77","77",23,"3000000","Low"
346314,"Trevoh Chalobah","Defender",2020,3,"Ligue 1","74.60","77","78",23,"3000000","Low"
203746,"Ruben Aguilar","Defender",2020,3,"Ligue 1","74.26","79","79",38,"6500000","Medium"
134270,"Dan Burn","Defender",2020,3,"Premier League","74.05","80","80",14,"4000000","Low"
76277,"Laurent Koscielny","Defender",2020,3,"Ligue 1","73.98","81","81",14,"4000000","Low"
463603,"Benoît Badiashile","Defender",2020,3,"Ligue 1","73.81","82","82",10,"18000000","Medium"
223974,"Stefan Posch","Defender",2020,3,"Bundesliga","73.40","83","83",39,"11000000","Medium"
147038,"Cédric Brunner","Defender",2020,3,"Bundesliga","73.37","84","84",74,"1200000","Low"
262523,"Davide Calabria","Defender",2020,3,"Serie A","73.12","85","85",5,"12000000","Medium"
92572,"Joel Ward","Defender",2020,3,"Premier League","73.07","86","86",108,"3200000","Low"
318523,"Romain Perraud","Defender",2020,3,"Ligue 1","72.93","87","87",3,"2000000","Low"
85791,"Stefan Lainer","Defender",2020,3,"Bundesliga","72.91","88","88",109,"14500000","Medium"
193004,"Waldemar Anton","Defender",2020,3,"Bundesliga","72.49","89","89",25,"7000000","Medium"
212847,"Adam Webster","Defender",2020,3,"Premier League","72.26","90","90",5,"12000000","Medium"
67421,"Kyle Bartley","Defender",2020,3,"Premier League","72.07","91","91",33,"3500000","Low"
95810,"Kieran Trippier","Defender",2020,3,"La Liga","71.51","92","92",49,"28000000","High"
111195,"Joël Veltman","Defender",2020,3,"Premier League","71.35","93","93",20,"8000000","Medium"
284732,"Ramy Bensebaini","Defender",2020,3,"Bundesliga","71.26","94","94",78,"9500000","Medium"
113133,"Germán Pezzella","Defender",2020,3,"Serie A","71.12","95","95",109,"14500000","Medium"
42412,"Jonny Evans","Defender",2020,3,"Premier League","70.42","96","96",5,"12000000","Medium"
411975,"Jules Koundé","Defender",2020,3,"La Liga","70.28","97","97",126,"22500000","High"
310458,"Giangiacomo Magnani","Defender",2020,3,"Serie A","70.21","98","99",14,"4000000","Low"
310458,"Giangiacomo Magnani","Defender",2020,3,"Serie A","70.21","98","98",14,"4000000","Low"
310458,"Giangiacomo Magnani","Defender",2020,3,"Serie A","70.21","98","98",14,"4000000","Low"
310458,"Giangiacomo Magnani","Defender",2020,3,"Serie A","70.21","98","99",14,"4000000","Low"
119296,"Emre Can","Defender",2020,3,"Bundesliga","69.65","100","100",75,"24000000","High"
156501,"Felipe","Defender",2020,3,"La Liga","69.65","100","101",50,"32000000","High"
119085,"Loris Benito","Defender",2020,3,"Ligue 1","69.51","102","102",108,"3200000","Low"
72441,"Rafael Tolói","Defender",2020,3,"Serie A","69.14","103","103",16,"15000000","Medium"
339808,"Theo Hernández","Defender",2020,3,"Serie A","69.00","104","104",7,"40000000","High"
236490,"Ola Aina","Defender",2020,3,"Premier League","68.77","105","106",20,"8000000","Medium"
236490,"Ola Aina","Defender",2020,3,"Premier League","68.77","105","105",20,"8000000","Medium"
236490,"Ola Aina","Defender",2020,3,"Premier League","68.77","105","105",20,"8000000","Medium"
236490,"Ola Aina","Defender",2020,3,"Premier League","68.77","105","106",20,"8000000","Medium"
338629,"Sebastiaan Bornauw","Defender",2020,3,"Bundesliga","68.70","107","107",5,"12000000","Medium"
61891,"Fábio","Defender",2020,3,"Ligue 1","68.33","108","108",73,"2200000","Low"
193784,"Carlos Clerc","Defender",2020,3,"La Liga","68.19","109","109",3,"2000000","Low"
315853,"Alessandro Bastoni","Defender",2020,3,"Serie A","67.95","110","110",22,"35000000","High"
344695,"Dayot Upamecano","Defender",2020,3,"Bundesliga","67.84","111","111",65,"45000000","High"
111196,"Stefan de Vrij","Defender",2020,3,"Serie A","67.84","111","112",113,"48000000","High"
95963,"Germán Sánchez","Defender",2020,3,"La Liga","67.81","113","113",30,"800000","Low"
221611,"Paulo Otávio","Defender",2020,3,"Bundesliga","67.47","114","114",30,"800000","Low"
148153,"Lewis Dunk","Defender",2020,3,"Premier League","67.37","115","115",37,"16000000","Medium"
182875,"Jean-Charles Castelletto","Defender",2020,3,"Ligue 1","67.37","116","116",112,"2400000","Low"
252667,"Fali","Defender",2020,3,"La Liga","67.26","117","117",79,"1100000","Low"
341051,"Kyle Walker-Peters","Defender",2020,3,"Premier League","67.21","118","118",20,"8000000","Medium"
367466,"Thierry Correia","Defender",2020,3,"La Liga","67.16","119","119",134,"2700000","Low"
32113,"Armando Izzo","Defender",2020,3,"Serie A","67.02","120","120",11,"20000000","High"
57500,"César Azpilicueta","Defender",2020,3,"Premier League","66.79","121","121",75,"24000000","High"
126281,"Alexander Hack","Defender",2020,3,"Bundesliga","66.77","122","122",13,"1000000","Low"
251075,"Zeki Çelik","Defender",2020,3,"Ligue 1","66.65","123","123",37,"16000000","Medium"
57370,"Damien Da Silva","Defender",2020,3,"Ligue 1","66.56","124","124",14,"4000000","Low"
135492,"Youssouf Sabaly","Defender",2020,3,"Ligue 1","66.53","125","125",20,"8000000","Medium"
349701,"Antonee Robinson","Defender",2020,3,"Premier League","66.40","126","126",52,"4500000","Low"
159844,"Christopher Lenz","Defender",2020,3,"Bundesliga","66.35","127","127",80,"2800000","Low"
161869,"Djibril Sidibé","Defender",2020,3,"Ligue 1","66.26","128","128",78,"9500000","Medium"
448628,"Javi Galán","Defender",2020,3,"La Liga","66.02","129","129",74,"1200000","Low"
195633,"Charlie Taylor","Defender",2020,3,"Premier League","65.88","130","130",14,"4000000","Low"
23960,"Jérémy Morel","Defender",2020,3,"Ligue 1","65.72","131","131",29,"400000","Low"
268178,"Arkadiusz Reca","Defender",2020,3,"Serie A","65.58","132","132",112,"2400000","Low"
57216,"Ismaël Traoré","Defender",2020,3,"Ligue 1","65.40","133","133",74,"1200000","Low"
182904,"Clément Lenglet","Defender",2020,3,"La Liga","65.35","134","134",113,"48000000","High"
182712,"João Cancelo","Defender",2020,3,"Premier League","65.23","135","135",65,"45000000","High"
196357,"Jonathan Tah","Defender",2020,3,"Bundesliga","64.86","136","136",131,"29500000","High"
188838,"Bruno González","Defender",2020,3,"La Liga","64.70","137","137",74,"1200000","Low"
284595,"Tommaso Augello","Defender",2020,3,"Serie A","64.47","138","138",30,"800000","Low"
413843,"Keven Schlotterbeck","Defender",2020,3,"Bundesliga","64.30","139","139",33,"3500000","Low"
413403,"Ezri Konsa","Defender",2020,3,"Premier League","64.28","140","140",38,"6500000","Medium"
142310,"Willy Boly","Defender",2020,3,"Premier League","64.07","141","141",10,"18000000","Medium"
146509,"Conor Townsend","Defender",2020,3,"Premier League","64.00","142","142",13,"1000000","Low"
73943,"Alessandro Tuia","Defender",2020,3,"Serie A","63.98","143","143",44,"300000","Low"
262226,"Timothy Castagne","Defender",2020,3,"Premier League","63.79","144","144",37,"16000000","Medium"
235412,"Jawad El Yamiq","Defender",2020,3,"La Liga","63.60","145","145",86,"650000","Low"
225657,"Philipp Lienhart","Defender",2020,3,"Bundesliga","63.30","146","146",21,"9000000","Medium"
80293,"Aïssa Mandi","Defender",2020,3,"La Liga","63.28","147","147",37,"16000000","Medium"
358165,"Yordan Osorio","Defender",2020,3,"Serie A","63.09","148","148",3,"2000000","Low"
165873,"Federico Barba","Defender",2020,3,"Serie A","63.02","149","149",74,"1200000","Low"
353366,"Benjamin Pavard","Defender",2020,3,"Bundesliga","62.95","150","151",49,"28000000","High"
255488,"Yeray Álvarez","Defender",2020,3,"La Liga","62.95","150","150",75,"24000000","High"
422850,"Ghislain Konan","Defender",2020,3,"Ligue 1","62.56","152","152",67,"5500000","Medium"
85706,"Enda Stevens","Defender",2020,3,"Premier League","62.42","153","153",25,"7000000","Medium"
128901,"Conor Coady","Defender",2020,3,"Premier League","62.26","154","154",109,"14500000","Medium"
175323,"Óscar Duarte","Defender",2020,3,"La Liga","62.02","155","155",129,"725000","Low"
48002,"Angelo Ogbonna","Defender",2020,3,"Premier League","62.00","156","156",38,"6500000","Medium"
314353,"Trent Alexander-Arnold","Defender",2020,3,"Premier League","61.84","157","157",138,"99000000","Elite"
413220,"James Justin","Defender",2020,3,"Premier League","61.81","158","158",142,"3600000","Low"
335147,"Junior Sambia","Defender",2020,3,"Ligue 1","61.74","159","159",80,"2800000","Low"
282041,"Presnel Kimpembe","Defender",2020,3,"Ligue 1","61.35","160","160",49,"28000000","High"
40611,"Ryan Bertrand","Defender",2020,3,"Premier League","61.19","161","161",116,"10500000","Medium"
183647,"Álvaro González","Defender",2020,3,"Ligue 1","61.14","162","162",38,"6500000","Medium"
76746,"Damián Suárez","Defender",2020,3,"La Liga","61.14","163","163",14,"4000000","Low"
596240,"Senou Coulibaly","Defender",2020,3,"Ligue 1","60.74","164","164",30,"800000","Low"
338285,"Unai Núñez","Defender",2020,3,"La Liga","60.58","165","165",11,"20000000","High"
258004,"Rúben Dias","Defender",2020,3,"Premier League","60.53","166","166",132,"30500000","High"
84085,"Timothée Kolodziejczak","Defender",2020,3,"Ligue 1","60.44","167","167",106,"4800000","Low"
102744,"Sébastien Corchia","Defender",2020,3,"Ligue 1","60.23","168","168",82,"1600000","Low"
44136,"Domenico Criscito","Defender",2020,3,"Serie A","60.16","169","169",112,"2400000","Low"
410185,"Ronaël Pierre-Gabriel","Defender",2020,3,"Ligue 1","59.56","170","170",142,"3600000","Low"
98240,"Ciaran Clark","Defender",2020,3,"Premier League","59.37","171","171",106,"4800000","Low"
257376,"Domingos Duarte","Defender",2020,3,"La Liga","59.21","172","172",14,"4000000","Low"
175639,"Jonathan Clauss","Defender",2020,3,"Ligue 1","59.05","173","173",17,"1500000","Low"
33571,"Lorenzo De Silvestri","Defender",2020,3,"Serie A","58.84","174","174",80,"2800000","Low"
59016,"David Alaba","Defender",2020,3,"Bundesliga","58.44","175","175",110,"52000000","High"
282429,"Sergio Reguilón","Defender",2020,3,"Premier League","58.12","176","176",26,"25000000","High"
282429,"Sergio Reguilón","Defender",2020,3,"Premier League","58.12","176","177",26,"25000000","High"
282429,"Sergio Reguilón","Defender",2020,3,"Premier League","58.12","176","177",26,"25000000","High"
282429,"Sergio Reguilón","Defender",2020,3,"Premier League","58.12","176","176",26,"25000000","High"
248732,"Paweł Dawidowicz","Defender",2020,3,"Serie A","57.93","178","178",82,"1600000","Low"
62920,"Víctor Ruiz","Defender",2020,3,"La Liga","57.86","179","179",14,"4000000","Low"
120651,"Vincent Le Goff","Defender",2020,3,"Ligue 1","57.81","180","180",17,"1500000","Low"
474800,"Facundo Medina","Defender",2020,3,"Ligue 1","57.53","181","181",52,"4500000","Low"
379807,"Lyanco","Defender",2020,3,"Serie A","57.51","182","182",38,"6500000","Medium"
26485,"Jérôme Boateng","Defender",2020,3,"Bundesliga","57.28","183","183",5,"12000000","Medium"
93128,"Kalidou Koulibaly","Defender",2020,3,"Serie A","57.26","184","184",31,"70000000","Elite"
184573,"Victor Lindelöf","Defender",2020,3,"Premier League","57.23","185","185",49,"28000000","High"
175722,"Eric Dier","Defender",2020,3,"Premier League","57.19","186","186",26,"25000000","High"
111347,"Lorenzo Tonelli","Defender",2020,3,"Serie A","57.14","187","187",33,"3500000","Low"
79960,"Alex Sandro","Defender",2020,3,"Serie A","57.07","188","188",7,"40000000","High"
69751,"Jordi Alba","Defender",2020,3,"La Liga","56.93","189","189",7,"40000000","High"
158863,"Iñigo Martínez","Defender",2020,3,"La Liga","56.40","190","190",117,"25500000","High"
146690,"George Baldock","Defender",2020,3,"Premier League","56.16","191","191",6,"6000000","Medium"
234803,"Andrew Robertson","Defender",2020,3,"Premier League","55.91","192","192",128,"64000000","Elite"
16873,"Claudio Terzi","Defender",2020,3,"Serie A","55.88","193","193",44,"300000","Low"
183031,"Koffi Djidji","Defender",2020,3,"Serie A","55.79","194","195",108,"3200000","Low"
183031,"Koffi Djidji","Defender",2020,3,"Serie A","55.79","194","194",108,"3200000","Low"
183031,"Koffi Djidji","Defender",2020,3,"Serie A","55.79","194","195",108,"3200000","Low"
183031,"Koffi Djidji","Defender",2020,3,"Serie A","55.79","194","194",108,"3200000","Low"
193098,"Álex Moreno","Defender",2020,3,"La Liga","54.60","196","196",67,"5500000","Medium"
356197,"Alfonso Pedraza","Defender",2020,3,"La Liga","54.56","197","197",78,"9500000","Medium"
316125,"Ben Chilwell","Defender",2020,3,"Premier League","54.44","198","198",7,"40000000","High"
278531,"Sebastiano Luperto","Defender",2020,3,"Serie A","54.42","199","200",14,"4000000","Low"
495629,"Hugo Guillamón","Defender",2020,3,"La Liga","54.42","199","199",34,"200000","Low"
294817,"Thiago Silva","Defender",2020,3,"Premier League","54.42","199","201",106,"4800000","Low"
278531,"Sebastiano Luperto","Defender",2020,3,"Serie A","54.42","199","200",14,"4000000","Low"
278531,"Sebastiano Luperto","Defender",2020,3,"Serie A","54.42","199","202",14,"4000000","Low"
278531,"Sebastiano Luperto","Defender",2020,3,"Serie A","54.42","199","202",14,"4000000","Low"
289446,"Yerry Mina","Defender",2020,3,"Premier League","54.19","203","203",11,"20000000","High"
199248,"Bryan Cristante","Defender",2020,3,"Serie A","54.09","204","204",11,"20000000","High"
83132,"Vincent Manceau","Defender",2020,3,"Ligue 1","53.86","205","205",87,"1700000","Low"
85475,"Federico Fernández","Defender",2020,3,"Premier League","53.70","206","206",67,"5500000","Medium"
157509,"Kurt Zouma","Defender",2020,3,"Premier League","53.63","207","207",49,"28000000","High"
373373,"Lucas Martínez Quarta","Defender",2020,3,"Serie A","53.49","208","208",41,"10000000","Medium"
289255,"Andoni Gorosabel","Defender",2020,3,"La Liga","53.49","208","209",82,"1600000","Low"
348026,"Nordi Mukiele","Defender",2020,3,"Bundesliga","53.33","210","210",11,"20000000","High"
277114,"Jason Denayer","Defender",2020,3,"Ligue 1","53.23","211","211",5,"12000000","Medium"
386047,"Axel Disasi","Defender",2020,3,"Ligue 1","53.14","212","212",20,"8000000","Medium"
198116,"Federico Dimarco","Defender",2020,3,"Serie A","53.14","213","213",14,"4000000","Low"
435338,"Gabriel Magalhães","Defender",2020,3,"Premier League","52.53","214","214",42,"22000000","High"
127032,"Serge Aurier","Defender",2020,3,"Premier League","52.21","215","215",37,"16000000","Medium"
730893,"Tyrick Mitchell","Defender",2020,3,"Premier League","52.02","216","216",9,"5000000","Medium"
314965,"Pedro Pereira","Defender",2020,3,"Serie A","51.98","217","218",3,"2000000","Low"
314965,"Pedro Pereira","Defender",2020,3,"Serie A","51.98","217","217",3,"2000000","Low"
314965,"Pedro Pereira","Defender",2020,3,"Serie A","51.98","217","218",3,"2000000","Low"
314965,"Pedro Pereira","Defender",2020,3,"Serie A","51.98","217","217",3,"2000000","Low"
392775,"Ryan Sessegnon","Defender",2020,3,"Bundesliga","51.21","219","219",135,"31500000","High"
392775,"Ryan Sessegnon","Defender",2020,3,"Bundesliga","51.21","219","220",135,"31500000","High"
392775,"Ryan Sessegnon","Defender",2020,3,"Bundesliga","51.21","219","219",135,"31500000","High"
392775,"Ryan Sessegnon","Defender",2020,3,"Bundesliga","51.21","219","220",135,"31500000","High"
371814,"Nathaniel Phillips","Defender",2020,3,"Premier League","51.12","221","221",13,"1000000","Low"
240274,"Anderson Lucoqui","Defender",2020,3,"Bundesliga","50.88","222","222",29,"400000","Low"
388198,"Nico Schlotterbeck","Defender",2020,3,"Bundesliga","50.79","223","224",14,"4000000","Low"
388198,"Nico Schlotterbeck","Defender",2020,3,"Bundesliga","50.79","223","223",14,"4000000","Low"
388198,"Nico Schlotterbeck","Defender",2020,3,"Bundesliga","50.79","223","224",14,"4000000","Low"
388198,"Nico Schlotterbeck","Defender",2020,3,"Bundesliga","50.79","223","223",14,"4000000","Low"
575998,"Leonardo Balerdi","Defender",2020,3,"Ligue 1","50.53","225","226",20,"8000000","Medium"
575998,"Leonardo Balerdi","Defender",2020,3,"Ligue 1","50.53","225","225",20,"8000000","Medium"
575998,"Leonardo Balerdi","Defender",2020,3,"Ligue 1","50.53","225","226",20,"8000000","Medium"
575998,"Leonardo Balerdi","Defender",2020,3,"Ligue 1","50.53","225","225",20,"8000000","Medium"
91970,"Juan Cuadrado","Defender",2020,3,"Serie A","50.49","227","227",109,"14500000","Medium"
183288,"Luke Shaw","Defender",2020,3,"Premier League","50.26","228","228",70,"17500000","Medium"
276895,"Steven Fortes","Defender",2020,3,"Ligue 1","49.86","229","229",13,"1000000","Low"
15956,"Jesús Navas","Defender",2020,3,"La Liga","49.74","230","230",108,"3200000","Low"
399776,"Pau Torres","Defender",2020,3,"La Liga","49.70","231","231",11,"20000000","High"
648779,"Wilfried Singo","Defender",2020,3,"Serie A","49.63","232","232",2,"500000","Low"
249730,"Guillermo Maripán","Defender",2020,3,"Ligue 1","49.35","233","233",39,"11000000","Medium"
163744,"Jack Stephens","Defender",2020,3,"Premier League","49.21","234","234",67,"5500000","Medium"
43003,"Nacho Monreal","Defender",2020,3,"La Liga","49.05","235","235",108,"3200000","Low"
346289,"Mouctar Diakhaby","Defender",2020,3,"La Liga","48.79","236","236",42,"22000000","High"
229804,"Aritz Elustondo","Defender",2020,3,"La Liga","48.07","237","237",20,"8000000","Medium"
170472,"Dimitri Foulquier","Defender",2020,3,"La Liga","47.23","238","238",3,"2000000","Low"
197545,"Ander Capa","Defender",2020,3,"La Liga","47.14","239","239",6,"6000000","Medium"
345458,"Sebastian Walukiewicz","Defender",2020,3,"Serie A","47.05","240","240",142,"3600000","Low"
666234,"Mohamed Simakan","Defender",2020,3,"Ligue 1","47.00","241","241",20,"8000000","Medium"
126534,"Salif Sané","Defender",2020,3,"Bundesliga","46.81","242","242",78,"9500000","Medium"
102745,"Luca Ceppitelli","Defender",2020,3,"Serie A","46.65","243","243",80,"2800000","Low"
281963,"Lucas Hernández","Defender",2020,3,"Bundesliga","46.63","244","244",118,"56000000","High"
331505,"Óscar Mingueza","Defender",2020,3,"La Liga","46.07","245","245",34,"200000","Low"
191217,"Héctor Bellerín","Defender",2020,3,"Premier League","46.00","246","246",50,"32000000","High"
341227,"Juan Miranda","Defender",2020,3,"La Liga","45.91","247","247",14,"4000000","Low"
341227,"Juan Miranda","Defender",2020,3,"La Liga","45.91","247","248",14,"4000000","Low"
341227,"Juan Miranda","Defender",2020,3,"La Liga","45.91","247","248",14,"4000000","Low"
341227,"Juan Miranda","Defender",2020,3,"La Liga","45.91","247","247",14,"4000000","Low"
124555,"Cristiano Biraghi","Defender",2020,3,"Serie A","45.70","249","249",78,"9500000","Medium"
251876,"Pablo Maffeo","Defender",2020,3,"La Liga","45.65","250","251",112,"2400000","Low"
251876,"Pablo Maffeo","Defender",2020,3,"La Liga","45.65","250","250",112,"2400000","Low"
251876,"Pablo Maffeo","Defender",2020,3,"La Liga","45.65","250","251",112,"2400000","Low"
251876,"Pablo Maffeo","Defender",2020,3,"La Liga","45.65","250","250",112,"2400000","Low"
520468,"Iago","Defender",2020,3,"Bundesliga","44.95","252","252",14,"4000000","Low"
86202,"Antonio Rüdiger","Defender",2020,3,"Premier League","43.86","253","253",7,"40000000","High"
282349,"Timo Becker","Defender",2020,3,"Bundesliga","43.28","254","254",58,"150000","Low"
398073,"Achraf Hakimi","Defender",2020,3,"Serie A","43.23","255","255",55,"60000000","Elite"
257751,"Simone Bastoni","Defender",2020,3,"Serie A","43.19","256","256",34,"200000","Low"
110036,"Dominique Heintz","Defender",2020,3,"Bundesliga","42.93","257","257",20,"8000000","Medium"
250845,"José María Giménez","Defender",2020,3,"La Liga","42.63","258","258",118,"56000000","High"
209212,"Solly March","Defender",2020,3,"Premier League","42.40","259","259",38,"6500000","Medium"
495666,"William Saliba","Defender",2020,3,"Ligue 1","42.37","260","261",126,"22500000","High"
495666,"William Saliba","Defender",2020,3,"Ligue 1","42.37","260","261",126,"22500000","High"
495666,"William Saliba","Defender",2020,3,"Ligue 1","42.37","260","260",126,"22500000","High"
495666,"William Saliba","Defender",2020,3,"Ligue 1","42.37","260","260",126,"22500000","High"
221316,"Lucas Vázquez","Defender",2020,3,"La Liga","42.26","262","262",37,"16000000","Medium"
93707,"Christian Günter","Defender",2020,3,"Bundesliga","42.16","263","263",78,"9500000","Medium"
424204,"Alphonso Davies","Defender",2020,3,"Bundesliga","42.02","264","264",7,"40000000","High"
18944,"Gerard Piqué","Defender",2020,3,"La Liga","41.67","265","265",11,"20000000","High"
216499,"Fouad Chafik","Defender",2020,3,"Ligue 1","41.19","266","266",86,"650000","Low"
349599,"Pervis Estupiñán","Defender",2020,3,"La Liga","40.86","267","267",143,"6700000","Medium"
314912,"Jérôme Hergault","Defender",2020,3,"Ligue 1","40.81","268","268",44,"300000","Low"
889683,"Rogério","Defender",2020,3,"Serie A","40.70","269","269",25,"7000000","Medium"
357147,"Diogo Dalot","Defender",2020,3,"Serie A","40.65","270","271",10,"18000000","Medium"
357147,"Diogo Dalot","Defender",2020,3,"Serie A","40.65","270","270",10,"18000000","Medium"
357147,"Diogo Dalot","Defender",2020,3,"Serie A","40.65","270","270",10,"18000000","Medium"
357147,"Diogo Dalot","Defender",2020,3,"Serie A","40.65","270","271",10,"18000000","Medium"
27511,"Gary Cahill","Defender",2020,3,"Premier League","40.28","272","272",14,"4000000","Low"
277179,"Angeliño","Defender",2020,3,"Bundesliga","40.02","273","273",42,"22000000","High"
293194,"Borna Sosa","Defender",2020,3,"Bundesliga","39.86","274","274",134,"2700000","Low"
124769,"Luca Marrone","Defender",2020,3,"Serie A","38.91","275","275",86,"650000","Low"
166601,"Niklas Süle","Defender",2020,3,"Bundesliga","38.30","276","276",113,"48000000","High"
654539,"Adrien Truffert","Defender",2020,3,"Ligue 1","38.12","277","277",34,"200000","Low"
190338,"Anthony Briançon","Defender",2020,3,"Ligue 1","38.09","278","278",108,"3200000","Low"
195246,"Pascal Stenzel","Defender",2020,3,"Bundesliga","38.00","279","279",112,"2400000","Low"
111058,"Arnaud Souquet","Defender",2020,3,"Ligue 1","37.72","280","280",14,"4000000","Low"
160560,"Gaetano Letizia","Defender",2020,3,"Serie A","37.44","281","281",63,"1300000","Low"
55854,"Cristian Ansaldi","Defender",2020,3,"Serie A","37.05","282","282",14,"4000000","Low"
563963,"Mohammed Salisu","Defender",2020,3,"Premier League","36.65","283","283",5,"12000000","Medium"
186590,"John Stones","Defender",2020,3,"Premier League","36.58","284","284",65,"45000000","High"
127573,"Phillipp Mwene","Defender",2020,3,"Bundesliga","36.53","285","285",30,"800000","Low"
183318,"Jamaal Lascelles","Defender",2020,3,"Premier League","36.47","286","286",109,"14500000","Medium"
170321,"Paul Dummett","Defender",2020,3,"Premier League","36.30","287","287",67,"5500000","Medium"
336960,"Giuseppe Pezzella","Defender",2020,3,"Serie A","35.86","288","288",112,"2400000","Low"
353032,"Omar Alderete","Defender",2020,3,"Bundesliga","35.81","289","289",28,"2500000","Low"
61546,"Facundo Roncaglia","Defender",2020,3,"La Liga","35.67","290","290",62,"1400000","Low"
272622,"Issa Diop","Defender",2020,3,"Premier League","35.63","291","291",49,"28000000","High"
355628,"Igor Zubeldia","Defender",2020,3,"La Liga","35.58","292","292",75,"24000000","High"
272812,"Kingsley Ehizibue","Defender",2020,3,"Bundesliga","35.16","293","293",3,"2000000","Low"
231586,"Jannes Horn","Defender",2020,3,"Bundesliga","35.09","294","294",82,"1600000","Low"
605184,"Jean-Clair Todibo","Defender",2020,3,"Ligue 1","34.74","295","296",21,"9000000","Medium"
605184,"Jean-Clair Todibo","Defender",2020,3,"Ligue 1","34.74","295","295",21,"9000000","Medium"
605184,"Jean-Clair Todibo","Defender",2020,3,"Ligue 1","34.74","295","295",21,"9000000","Medium"
605184,"Jean-Clair Todibo","Defender",2020,3,"Ligue 1","34.74","295","296",21,"9000000","Medium"
124715,"Nikola Maksimović","Defender",2020,3,"Serie A","34.58","297","297",122,"13500000","Medium"
232320,"Atakan Karazor","Defender",2020,3,"Bundesliga","34.53","298","298",30,"800000","Low"
300716,"Kieran Tierney","Defender",2020,3,"Premier League","34.33","299","299",11,"20000000","High"
62688,"Scott Dann","Defender",2020,3,"Premier League","34.21","300","300",80,"2800000","Low"
203853,"Oleksandr Zinchenko","Defender",2020,3,"Premier League","34.19","301","301",75,"24000000","High"
326416,"Dani Calvo","Defender",2020,3,"La Liga","34.07","302","302",86,"650000","Low"
485960,"Lilian Brassier","Defender",2020,3,"Ligue 1","34.00","303","303",71,"700000","Low"
485960,"Lilian Brassier","Defender",2020,3,"Ligue 1","34.00","303","304",71,"700000","Low"
485960,"Lilian Brassier","Defender",2020,3,"Ligue 1","34.00","303","304",71,"700000","Low"
485960,"Lilian Brassier","Defender",2020,3,"Ligue 1","34.00","303","303",71,"700000","Low"
173859,"Davide Zappacosta","Defender",2020,3,"Serie A","33.98","305","305",5,"12000000","Medium"
173859,"Davide Zappacosta","Defender",2020,3,"Serie A","33.98","305","305",5,"12000000","Medium"
173859,"Davide Zappacosta","Defender",2020,3,"Serie A","33.98","305","306",5,"12000000","Medium"
173859,"Davide Zappacosta","Defender",2020,3,"Serie A","33.98","305","306",5,"12000000","Medium"
357796,"Domagoj Bradarić","Defender",2020,3,"Ligue 1","33.65","307","307",146,"5800000","Medium"
103427,"Chris Smalling","Defender",2020,3,"Serie A","33.63","308","308",37,"16000000","Medium"
170961,"Thomas Delaine","Defender",2020,3,"Ligue 1","32.81","309","310",74,"1200000","Low"
424042,"Nahuel Molina","Defender",2020,3,"Serie A","32.81","309","309",3,"2000000","Low"
401530,"Éder Militão","Defender",2020,3,"La Liga","32.05","311","311",7,"40000000","High"
29993,"Sven Bender","Defender",2020,3,"Bundesliga","31.95","312","312",25,"7000000","Medium"
68390,"Séamus Coleman","Defender",2020,3,"Premier League","31.79","313","313",78,"9500000","Medium"
70411,"Darko Lazović","Defender",2020,3,"Serie A","31.63","314","314",9,"5000000","Medium"
337922,"Esteban Burgos","Defender",2020,3,"La Liga","31.40","315","315",129,"725000","Low"
346018,"Jamal Lewis","Defender",2020,3,"Premier League","31.30","316","316",39,"11000000","Medium"
196435,"Saidy Janko","Defender",2020,3,"La Liga","30.93","317","317",28,"2500000","Low"
291417,"Ferland Mendy","Defender",2020,3,"La Liga","30.79","318","318",7,"40000000","High"
448844,"Carlos Neva","Defender",2020,3,"La Liga","30.72","319","319",30,"800000","Low"
135343,"Fabian Schär","Defender",2020,3,"Premier League","30.51","320","320",47,"13000000","Medium"
95424,"Kyle Walker","Defender",2020,3,"Premier League","30.30","321","321",7,"40000000","High"
93922,"Erik Durm","Defender",2020,3,"Bundesliga","30.26","322","322",82,"1600000","Low"
174196,"Kenny Lala","Defender",2020,3,"Ligue 1","30.00","323","323",78,"9500000","Medium"
873981,"Diego González","Defender",2020,3,"La Liga","29.77","324","325",119,"950000","Low"
87884,"Mário Rui","Defender",2020,3,"Serie A","29.77","324","324",5,"12000000","Medium"
287367,"Luca Vignali","Defender",2020,3,"Serie A","29.63","326","326",83,"450000","Low"
34344,"Cristián Zapata","Defender",2020,3,"Serie A","29.58","327","327",82,"1600000","Low"
220878,"Issiaga Sylla","Defender",2020,3,"Ligue 1","29.58","327","328",80,"2800000","Low"
220878,"Issiaga Sylla","Defender",2020,3,"Ligue 1","29.58","327","329",80,"2800000","Low"
220878,"Issiaga Sylla","Defender",2020,3,"Ligue 1","29.58","327","329",80,"2800000","Low"
220878,"Issiaga Sylla","Defender",2020,3,"Ligue 1","29.58","327","328",80,"2800000","Low"
199527,"Jacob Murphy","Defender",2020,3,"Premier League","29.51","330","330",52,"4500000","Low"
465717,"Jayden Bogle","Defender",2020,3,"Premier League","29.26","331","331",25,"7000000","Medium"
100986,"Thomas Meunier","Defender",2020,3,"Bundesliga","29.23","332","332",75,"24000000","High"
184528,"Emil Krafth","Defender",2020,3,"Premier League","28.98","333","333",14,"4000000","Low"
545520,"Kelyan Guessoum","Defender",2020,3,"Ligue 1","28.65","334","334",44,"300000","Low"
25557,"Sergio Ramos","Defender",2020,3,"La Liga","28.16","335","335",109,"14500000","Medium"
215599,"Lukas Klostermann","Defender",2020,3,"Bundesliga","28.07","336","336",49,"28000000","High"
46741,"David Luiz","Defender",2020,3,"Premier League","27.91","337","337",5,"12000000","Medium"
241229,"Jordan Amavi","Defender",2020,3,"Ligue 1","27.79","338","338",5,"12000000","Medium"
62351,"Abdoulaye Bamba","Defender",2020,3,"Ligue 1","27.72","339","339",3,"2000000","Low"
58178,"David Abraham","Defender",2020,3,"Bundesliga","27.65","340","340",74,"1200000","Low"
214928,"Kean Bryan","Defender",2020,3,"Premier League","27.56","341","341",46,"250000","Low"
275303,"Hans Hateboer","Defender",2020,3,"Serie A","27.47","342","342",5,"12000000","Medium"
43763,"Erik Pieters","Defender",2020,3,"Premier League","26.70","343","343",14,"4000000","Low"
336125,"Mërgim Vojvoda","Defender",2020,3,"Serie A","25.56","344","344",3,"2000000","Low"
93604,"Lukas Kübler","Defender",2020,3,"Bundesliga","25.44","345","345",3,"2000000","Low"
58330,"Víctor Díaz","Defender",2020,3,"La Liga","25.19","346","346",74,"1200000","Low"
469949,"Noah Katterbach","Defender",2020,3,"Bundesliga","24.93","347","347",25,"7000000","Medium"
61812,"Yuri Berchiche","Defender",2020,3,"La Liga","24.14","348","348",37,"16000000","Medium"
505194,"Luke Thomas","Defender",2020,3,"Premier League","24.05","349","349",13,"1000000","Low"
313477,"Paolo Ghiglione","Defender",2020,3,"Serie A","23.84","350","350",108,"3200000","Low"
338032,"Deyovaisio Zeefuik","Defender",2020,3,"Bundesliga","23.81","351","351",23,"3000000","Low"
127076,"Jérôme Roussillon","Defender",2020,3,"Bundesliga","23.65","352","352",37,"16000000","Medium"
322655,"Flavius Daniliuc","Defender",2020,3,"Ligue 1","23.35","353","353",2,"500000","Low"
357072,"Faitout Maouassa","Defender",2020,3,"Ligue 1","23.19","354","354",20,"8000000","Medium"
494236,"Andy Pelmard","Defender",2020,3,"Ligue 1","22.84","355","355",142,"3600000","Low"
380350,"Igor","Defender",2020,3,"Serie A","22.77","356","356",9,"5000000","Medium"
225015,"Carlos Akapo","Defender",2020,3,"La Liga","22.74","357","357",86,"650000","Low"
176553,"Aymeric Laporte","Defender",2020,3,"Premier League","22.70","358","358",55,"60000000","Elite"
130365,"Alessandro Florenzi","Defender",2020,3,"Ligue 1","22.70","359","359",37,"16000000","Medium"
130365,"Alessandro Florenzi","Defender",2020,3,"Ligue 1","22.70","359","360",37,"16000000","Medium"
130365,"Alessandro Florenzi","Defender",2020,3,"Ligue 1","22.70","359","360",37,"16000000","Medium"
130365,"Alessandro Florenzi","Defender",2020,3,"Ligue 1","22.70","359","359",37,"16000000","Medium"
71905,"Coke","Defender",2020,3,"La Liga","22.37","361","361",74,"1200000","Low"
59699,"Simone Iacoponi","Defender",2020,3,"Serie A","21.51","362","362",74,"1200000","Low"
160241,"Kevin Akpoguma","Defender",2020,3,"Bundesliga","21.47","363","363",106,"4800000","Low"
118689,"Leonardo Spinazzola","Defender",2020,3,"Serie A","21.40","364","364",109,"14500000","Medium"
238868,"Rubén Peña","Defender",2020,3,"La Liga","21.28","365","365",38,"6500000","Medium"
66333,"Ahmed Elmohamady","Defender",2020,3,"Premier League","20.65","366","366",3,"2000000","Low"
140776,"Yannick Carrasco","Defender",2020,3,"La Liga","20.53","367","367",126,"22500000","High"
517842,"Aihen Muñoz","Defender",2020,3,"La Liga","20.05","368","368",14,"4000000","Low"
618425,"Tanguy Coulibaly","Defender",2020,3,"Bundesliga","19.72","369","369",83,"450000","Low"
57420,"Lamine Koné","Defender",2020,3,"Ligue 1","19.40","370","370",73,"2200000","Low"
585949,"Pierre Kalulu","Defender",2020,3,"Serie A","18.84","371","371",2,"500000","Low"
11111,"Ramiro Funes Mori","Defender",2020,3,"La Liga","18.63","372","372",106,"4800000","Low"
43984,"Daniel Brosinski","Defender",2020,3,"Bundesliga","18.26","373","373",3,"2000000","Low"
186368,"Valentino Lazaro","Defender",2020,3,"Bundesliga","17.42","374","375",16,"15000000","Medium"
186368,"Valentino Lazaro","Defender",2020,3,"Bundesliga","17.42","374","375",16,"15000000","Medium"
186368,"Valentino Lazaro","Defender",2020,3,"Bundesliga","17.42","374","374",16,"15000000","Medium"
186368,"Valentino Lazaro","Defender",2020,3,"Bundesliga","17.42","374","374",16,"15000000","Medium"
129674,"Jeremy Toljan","Defender",2020,3,"Serie A","16.56","376","376",33,"3500000","Low"
85177,"Nathaniel Clyne","Defender",2020,3,"Premier League","16.49","377","377",20,"8000000","Medium"
393512,"Felix Agu","Defender",2020,3,"Bundesliga","16.16","378","378",3,"2000000","Low"
255755,"Alex Telles","Defender",2020,3,"Premier League","16.12","379","379",50,"32000000","High"
216181,"Almamy Touré","Defender",2020,3,"Bundesliga","16.07","380","380",20,"8000000","Medium"
504148,"Tariq Lamptey","Defender",2020,3,"Premier League","15.65","381","381",33,"3500000","Low"
357119,"Ibrahima Konaté","Defender",2020,3,"Bundesliga","15.35","382","382",144,"40500000","High"
177476,"Nathan Aké","Defender",2020,3,"Premier League","14.93","383","383",49,"28000000","High"
85822,"Florian Hübner","Defender",2020,3,"Bundesliga","14.60","384","384",62,"1400000","Low"
19305,"Oscar Wendt","Defender",2020,3,"Bundesliga","14.16","385","385",74,"1200000","Low"
349856,"Son","Defender",2020,3,"La Liga","13.51","386","386",56,"550000","Low"
16136,"Dante","Defender",2020,3,"Ligue 1","13.44","387","387",30,"800000","Low"
296422,"Fodé Ballo-Touré","Defender",2020,3,"Ligue 1","13.14","388","388",38,"6500000","Medium"
142027,"Pablo Hervías","Defender",2020,3,"La Liga","12.40","389","389",86,"650000","Low"
194460,"Joe Bryan","Defender",2020,3,"Premier League","12.05","390","390",25,"7000000","Medium"
546880,"Brandon Soppy","Defender",2020,3,"Ligue 1","11.19","391","391",23,"3000000","Low"
386755,"Gianluca Frabotta","Defender",2020,3,"Serie A","10.81","392","392",68,"75000","Low"
171399,"Nicola Murru","Defender",2020,3,"Serie A","10.67","393","393",114,"5200000","Medium"
14086,"Ashley Young","Defender",2020,3,"Serie A","10.53","394","394",108,"3200000","Low"
396174,"Jimmy Dunne","Defender",2020,3,"Premier League","10.23","395","395",34,"200000","Low"
320271,"Toni Lato","Defender",2020,3,"La Liga","10.05","396","396",82,"1600000","Low"
78917,"Julien Faussurier","Defender",2020,3,"Ligue 1","10.00","397","397",30,"800000","Low"
184922,"Ambroise Oyongo","Defender",2020,3,"Ligue 1","10.00","397","398",80,"2800000","Low"
188915,"Naomichi Ueda","Defender",2020,3,"Ligue 1","9.44","399","399",13,"1000000","Low"
176140,"Rodrigo Ely","Defender",2020,3,"La Liga","9.28","400","400",82,"1600000","Low"
45314,"Federico Fazio","Defender",2020,3,"Serie A","9.23","401","401",108,"3200000","Low"
55769,"Danilo D'Ambrosio","Defender",2020,3,"Serie A","8.72","402","402",116,"10500000","Medium"
85370,"Sergi Roberto","Defender",2020,3,"La Liga","8.67","403","403",7,"40000000","High"
126540,"Samuel Umtiti","Defender",2020,3,"La Liga","8.63","404","404",50,"32000000","High"
140191,"Ryan Fredericks","Defender",2020,3,"Premier League","8.12","405","405",9,"5000000","Medium"
112988,"Cédric Soares","Defender",2020,3,"Premier League","7.88","406","406",20,"8000000","Medium"
468002,"Ben Johnson","Defender",2020,3,"Premier League","7.79","407","407",13,"1000000","Low"
93935,"Sergio Escudero","Defender",2020,3,"La Liga","7.33","408","409",106,"4800000","Low"
157495,"Benjamin Mendy","Defender",2020,3,"Premier League","7.33","408","408",49,"28000000","High"
524285,"Luca Netz","Defender",2020,3,"Bundesliga","6.77","410","410",13,"1000000","Low"
280730,"Álvaro Odriozola","Defender",2020,3,"La Liga","6.58","411","411",37,"16000000","Medium"
255501,"Iñigo Lekue","Defender",2020,3,"La Liga","6.23","412","412",82,"1600000","Low"
46156,"Aleksandar Kolarov","Defender",2020,3,"Serie A","5.93","413","413",38,"6500000","Medium"
202591,"Benjamin Henrichs","Defender",2020,3,"Bundesliga","5.79","414","414",5,"12000000","Medium"
331389,"Andrés Tello","Defender",2020,3,"Serie A","5.44","415","415",119,"950000","Low"
207715,"Ibrahima Mbaye","Defender",2020,3,"Serie A","5.16","416","416",112,"2400000","Low"
74448,"Andrea Rispoli","Defender",2020,3,"Serie A","4.35","417","417",30,"800000","Low"
60583,"Jérémy Pied","Defender",2020,3,"Ligue 1","4.33","418","418",3,"2000000","Low"
553905,"Kerim Calhanoglu","Defender",2020,3,"Bundesliga","2.77","419","419",71,"700000","Low"
49723,"Timothy Chandler","Defender",2020,3,"Bundesliga","2.47","420","421",112,"2400000","Low"
301236,"Francesco Cassata","Defender",2020,3,"Serie A","2.47","420","420",112,"2400000","Low"
274461,"Felix Passlack","Defender",2020,3,"Bundesliga","2.19","422","422",63,"1300000","Low"
374139,"Junior Firpo","Defender",2020,3,"La Liga","1.95","423","423",11,"20000000","High"
63531,"Kwadwo Asamoah","Defender",2020,3,"Serie A","1.77","424","424",20,"8000000","Medium"
568158,"Javi López","Defender",2020,3,"La Liga","1.72","425","425",46,"250000","Low"
341092,"Federico Chiesa","Defender",2020,3,"Serie A","1.44","426","426",113,"48000000","High"
290273,"Álvaro Tejero","Defender",2020,3,"La Liga","0.88","427","428",112,"2400000","Low"
290273,"Álvaro Tejero","Defender",2020,3,"La Liga","0.88","427","427",112,"2400000","Low"
290273,"Álvaro Tejero","Defender",2020,3,"La Liga","0.88","427","428",112,"2400000","Low"
290273,"Álvaro Tejero","Defender",2020,3,"La Liga","0.88","427","427",112,"2400000","Low"
545647,"Sergio Carreira","Defender",2020,3,"La Liga","0.86","429","429",58,"150000","Low"
223967,"Konrad Laimer","Defender",2020,3,"Bundesliga","0.56","430","430",43,"30000000","High"
507700,"Brandon Williams","Defender",2020,3,"Premier League","0.51","431","431",5,"12000000","Medium"
28003,"Lionel Messi","Forward",2020,3,"La Liga","99.61","1","1",111,"112000000","Elite"
8198,"Cristiano Ronaldo","Forward",2020,3,"Serie A","98.83","2","2",55,"60000000","Elite"
96341,"Romelu Lukaku","Forward",2020,3,"Serie A","98.44","3","3",19,"85000000","Elite"
132098,"Harry Kane","Forward",2020,3,"Premier League","97.95","4","4",4,"120000000","Elite"
342229,"Kylian Mbappé","Forward",2020,3,"Ligue 1","97.83","5","5",12,"180000000","Elite"
700646,"André Silva","Forward",2020,3,"Bundesliga","97.56","6","6",37,"16000000","Medium"
148455,"Mohamed Salah","Forward",2020,3,"Premier League","96.91","7","7",4,"120000000","Elite"
177467,"Gerard Moreno","Forward",2020,3,"La Liga","96.36","8","8",37,"16000000","Medium"
18922,"Karim Benzema","Forward",2020,3,"La Liga","96.28","9","9",50,"32000000","High"
133964,"Lorenzo Insigne","Forward",2020,3,"Serie A","95.78","10","10",113,"48000000","High"
418560,"Erling Haaland","Forward",2020,3,"Bundesliga","95.42","11","11",55,"60000000","Elite"
146854,"Wissam Ben Yedder","Forward",2020,3,"Ligue 1","95.34","12","12",8,"50000000","High"
119228,"Luis Muriel","Forward",2020,3,"Serie A","95.33","13","13",16,"15000000","Medium"
177843,"Domenico Berardi","Forward",2020,3,"Serie A","94.34","14","14",130,"19000000","Medium"
406625,"Lautaro Martínez","Forward",2020,3,"Serie A","92.33","15","15",128,"64000000","Elite"
73794,"Duván Zapata","Forward",2020,3,"Serie A","92.19","16","16",94,"36000000","High"
315110,"Karl Toko Ekambi","Forward",2020,3,"Ligue 1","91.64","17","17",24,"14000000","Medium"
72047,"Iago Aspas","Forward",2020,3,"La Liga","91.59","18","18",37,"16000000","Medium"
424784,"Luis Suárez","Forward",2020,3,"La Liga","91.42","19","19",22,"35000000","High"
183334,"Patrick Bamford","Forward",2020,3,"Premier League","91.34","20","20",20,"8000000","Medium"
122797,"Andy Delort","Forward",2020,3,"Ligue 1","91.09","21","21",116,"10500000","Medium"
324358,"Ollie Watkins","Forward",2020,3,"Premier League","91.05","22","22",16,"15000000","Medium"
283994,"Ludovic Ajorque","Forward",2020,3,"Ligue 1","91.02","23","23",57,"8500000","Medium"
357498,"Dušan Vlahović","Forward",2020,3,"Serie A","90.67","24","24",10,"18000000","Medium"
876440,"João Pedro","Forward",2020,3,"Serie A","90.66","25","25",10,"18000000","Medium"
197838,"Jamie Vardy","Forward",2020,3,"Premier League","90.28","26","26",37,"16000000","Medium"
181378,"Gaëtan Laborde","Forward",2020,3,"Ligue 1","90.13","27","27",20,"8000000","Medium"
418659,"Amine Gouiri","Forward",2020,3,"Ligue 1","89.94","28","28",14,"4000000","Low"
125781,"Antoine Griezmann","Forward",2020,3,"La Liga","89.00","29","29",127,"96000000","Elite"
349066,"Alexander Isak","Forward",2020,3,"La Liga","88.72","30","30",26,"25000000","High"
82009,"Kevin Volland","Forward",2020,3,"Ligue 1","88.70","31","31",49,"28000000","High"
3455,"Zlatan Ibrahimović","Forward",2020,3,"Serie A","88.52","32","32",80,"2800000","Low"
200512,"Sadio Mané","Forward",2020,3,"Premier League","88.52","32","33",4,"120000000","Elite"
306024,"Dominic Calvert-Lewin","Forward",2020,3,"Premier League","87.52","34","34",43,"30000000","High"
626913,"Boulaye Dia","Forward",2020,3,"Ligue 1","86.52","35","35",52,"4500000","Low"
369567,"Sasa Kalajdzic","Forward",2020,3,"Bundesliga","86.33","36","36",3,"2000000","Low"
134425,"Raheem Sterling","Forward",2020,3,"Premier League","84.78","37","37",120,"128000000","Elite"
538874,"Terem Moffi","Forward",2020,3,"Ligue 1","84.11","38","38",35,"350000","Low"
108725,"Chris Wood","Forward",2020,3,"Premier League","83.64","39","39",109,"14500000","Medium"
533738,"Jonathan David","Forward",2020,3,"Ligue 1","83.64","39","40",26,"25000000","High"
450826,"Callum Wilson","Forward",2020,3,"Premier League","83.34","41","41",75,"24000000","High"
93720,"Alexandre Lacazette","Forward",2020,3,"Premier League","83.27","42","42",55,"60000000","Elite"
81999,"Joselu","Forward",2020,3,"La Liga","83.08","43","43",32,"7500000","Medium"
316889,"Hirving Lozano","Forward",2020,3,"Serie A","82.55","44","44",22,"35000000","High"
22328,"Fabio Quagliarella","Forward",2020,3,"Serie A","81.92","45","45",82,"1600000","Low"
134294,"Danny Ings","Forward",2020,3,"Premier League","81.36","46","46",42,"22000000","High"
361254,"Rafa Mir","Forward",2020,3,"La Liga","80.34","47","47",23,"3000000","Low"
237164,"Ihlas Bebou","Forward",2020,3,"Bundesliga","80.31","48","48",41,"10000000","Medium"
266807,"Ángel Correa","Forward",2020,3,"La Liga","79.80","49","49",7,"40000000","High"
384060,"Tino Kadewere","Forward",2020,3,"Ligue 1","79.64","50","50",14,"4000000","Low"
212391,"Roger Martí","Forward",2020,3,"La Liga","79.39","51","51",20,"8000000","Medium"
159471,"Serge Gnabry","Forward",2020,3,"Bundesliga","79.22","52","52",51,"90000000","Elite"
295330,"Kelechi Iheanacho","Forward",2020,3,"Premier League","79.14","53","53",16,"15000000","Medium"
84765,"Francesco Caputo","Forward",2020,3,"Serie A","79.11","54","54",67,"5500000","Medium"
184892,"Florian Thauvin","Forward",2020,3,"Ligue 1","78.72","55","55",50,"32000000","High"
401173,"Jadon Sancho","Forward",2020,3,"Bundesliga","78.06","56","56",97,"130000000","Elite"
387626,"Leon Bailey","Forward",2020,3,"Bundesliga","78.05","57","57",131,"29500000","High"
363205,"Gabriel Jesus","Forward",2020,3,"Premier League","78.03","58","58",118,"56000000","High"
255653,"Santi Mina","Forward",2020,3,"La Liga","77.88","59","59",109,"14500000","Medium"
58864,"Pierre-Emerick Aubameyang","Forward",2020,3,"Premier League","77.20","60","60",118,"56000000","High"
486624,"Musa Barrow","Forward",2020,3,"Serie A","77.08","61","61",5,"12000000","Medium"
238639,"Steve Mounié","Forward",2020,3,"Ligue 1","76.83","62","62",20,"8000000","Medium"
217115,"Neal Maupay","Forward",2020,3,"Premier League","76.23","63","63",70,"17500000","Medium"
187587,"Ante Rebić","Forward",2020,3,"Serie A","76.06","64","64",75,"24000000","High"
187587,"Ante Rebić","Forward",2020,3,"Serie A","76.06","64","65",75,"24000000","High"
187587,"Ante Rebić","Forward",2020,3,"Serie A","76.06","64","64",75,"24000000","High"
187587,"Ante Rebić","Forward",2020,3,"Serie A","76.06","64","65",75,"24000000","High"
270541,"Serhou Guirassy","Forward",2020,3,"Ligue 1","75.80","66","66",41,"10000000","Medium"
183720,"Anwar El Ghazi","Forward",2020,3,"Premier League","75.67","67","67",20,"8000000","Medium"
354726,"Florian Sotoca","Forward",2020,3,"Ligue 1","74.69","68","68",17,"1500000","Low"
170527,"Timo Werner","Forward",2020,3,"Premier League","74.38","69","69",15,"80000000","Elite"
130394,"Gianluca Lapadula","Forward",2020,3,"Serie A","74.00","70","70",106,"4800000","Low"
314875,"Jarrod Bowen","Forward",2020,3,"Premier League","73.83","71","71",11,"20000000","High"
37647,"Dimitri Payet","Forward",2020,3,"Ligue 1","73.66","72","72",41,"10000000","Medium"
227081,"Joaquín Correa","Forward",2020,3,"Serie A","73.00","73","73",132,"30500000","High"
50201,"Christian Benteke","Forward",2020,3,"Premier League","72.84","74","75",116,"10500000","Medium"
398065,"Harvey Barnes","Forward",2020,3,"Premier League","72.84","74","74",70,"17500000","Medium"
48280,"Edinson Cavani","Forward",2020,3,"Premier League","72.50","76","76",11,"20000000","High"
39381,"Gareth Bale","Forward",2020,3,"Premier League","72.19","77","77",50,"32000000","High"
193782,"Lucas Alario","Forward",2020,3,"Bundesliga","72.08","78","78",122,"13500000","Medium"
46413,"Ante Budimir","Forward",2020,3,"La Liga","72.00","79","80",32,"7500000","Medium"
46413,"Ante Budimir","Forward",2020,3,"La Liga","72.00","79","79",32,"7500000","Medium"
46413,"Ante Budimir","Forward",2020,3,"La Liga","72.00","79","80",32,"7500000","Medium"
46413,"Ante Budimir","Forward",2020,3,"La Liga","72.00","79","79",32,"7500000","Medium"
242086,"Patrik Schick","Forward",2020,3,"Bundesliga","71.92","81","81",26,"25000000","High"
232418,"Ondrej Duda","Forward",2020,3,"Bundesliga","71.72","82","82",116,"10500000","Medium"
278359,"Borja Iglesias","Forward",2020,3,"La Liga","71.38","83","83",10,"18000000","Medium"
344381,"Christopher Nkunku","Forward",2020,3,"Bundesliga","70.97","84","84",22,"35000000","High"
40433,"Alexis Sánchez","Forward",2020,3,"Serie A","70.73","85","85",11,"20000000","High"
406635,"Phil Foden","Forward",2020,3,"Premier League","70.56","86","86",102,"27000000","High"
232895,"Zinedine Ferhat","Forward",2020,3,"Ligue 1","69.97","87","87",80,"2800000","Low"
111078,"Emil Forsberg","Forward",2020,3,"Bundesliga","69.23","88","88",126,"22500000","High"
343052,"Nicolas Pépé","Forward",2020,3,"Premier League","68.88","89","89",110,"52000000","High"
35416,"David McGoldrick","Forward",2020,3,"Premier League","68.28","90","90",82,"1600000","Low"
274862,"Moses Simon","Forward",2020,3,"Ligue 1","67.73","91","91",20,"8000000","Medium"
203460,"Jack Grealish","Forward",2020,3,"Premier League","67.69","92","92",93,"38000000","High"
191891,"Arkadiusz Milik","Forward",2020,3,"Ligue 1","67.44","93","93",50,"32000000","High"
189441,"Lucas Ocampos","Forward",2020,3,"La Liga","67.38","94","94",7,"40000000","High"
227085,"Jonas Hofmann","Forward",2020,3,"Bundesliga","67.30","95","95",101,"175000","Low"
340950,"Diogo Jota","Forward",2020,3,"Premier League","66.70","96","96",49,"28000000","High"
99353,"Portu","Forward",2020,3,"La Liga","66.64","97","97",11,"20000000","High"
342226,"Irvin Cardona","Forward",2020,3,"Ligue 1","66.45","98","98",6,"6000000","Medium"
192565,"Leroy Sané","Forward",2020,3,"Bundesliga","66.23","99","99",15,"80000000","Elite"
315867,"Gianluca Scamacca","Forward",2020,3,"Serie A","66.08","100","100",140,"2900000","Low"
315867,"Gianluca Scamacca","Forward",2020,3,"Serie A","66.08","100","101",140,"2900000","Low"
315867,"Gianluca Scamacca","Forward",2020,3,"Serie A","66.08","100","101",140,"2900000","Low"
315867,"Gianluca Scamacca","Forward",2020,3,"Serie A","66.08","100","100",140,"2900000","Low"
18644,"Álvaro Negredo","Forward",2020,3,"La Liga","66.03","102","102",82,"1600000","Low"
57825,"Jorge Molina","Forward",2020,3,"La Liga","65.72","103","103",82,"1600000","Low"
357164,"Rafael Leão","Forward",2020,3,"Serie A","65.48","104","104",11,"20000000","High"
255508,"Iñaki Williams","Forward",2020,3,"La Liga","65.36","105","105",7,"40000000","High"
462250,"João Félix","Forward",2020,3,"La Liga","64.06","106","106",51,"90000000","Elite"
358166,"Eldor Shomurodov","Forward",2020,3,"Serie A","63.94","107","107",114,"5200000","Medium"
433177,"Bukayo Saka","Forward",2020,3,"Premier League","63.81","108","108",42,"22000000","High"
340328,"Stephy Mavididi","Forward",2020,3,"Ligue 1","63.73","109","109",14,"4000000","Low"
288230,"Ousmane Dembélé","Forward",2020,3,"La Liga","63.08","110","110",31,"70000000","Elite"
243714,"Kingsley Coman","Forward",2020,3,"Bundesliga","62.47","111","111",8,"50000000","High"
126716,"Paco Alcácer","Forward",2020,3,"La Liga","62.13","112","112",22,"35000000","High"
531949,"Ignatius Ganago","Forward",2020,3,"Ligue 1","61.78","113","113",142,"3600000","Low"
357885,"Pablo Fornals","Forward",2020,3,"Premier League","61.59","114","114",11,"20000000","High"
78147,"Fabian Klos","Forward",2020,3,"Bundesliga","61.09","115","115",86,"650000","Low"
42936,"Nils Petersen","Forward",2020,3,"Bundesliga","60.92","116","116",38,"6500000","Medium"
42783,"André Hahn","Forward",2020,3,"Bundesliga","60.80","117","117",3,"2000000","Low"
238752,"Keita Baldé","Forward",2020,3,"Serie A","60.77","118","118",37,"16000000","Medium"
238752,"Keita Baldé","Forward",2020,3,"Serie A","60.77","118","118",37,"16000000","Medium"
238752,"Keita Baldé","Forward",2020,3,"Serie A","60.77","118","119",37,"16000000","Medium"
238752,"Keita Baldé","Forward",2020,3,"Serie A","60.77","118","119",37,"16000000","Medium"
334222,"Lucas Boyé","Forward",2020,3,"La Liga","60.52","120","121",74,"1200000","Low"
334222,"Lucas Boyé","Forward",2020,3,"La Liga","60.52","120","121",74,"1200000","Low"
334222,"Lucas Boyé","Forward",2020,3,"La Liga","60.52","120","120",74,"1200000","Low"
334222,"Lucas Boyé","Forward",2020,3,"La Liga","60.52","120","120",74,"1200000","Low"
67063,"Danny Welbeck","Forward",2020,3,"Premier League","60.50","122","122",25,"7000000","Medium"
167329,"Alassane Pléa","Forward",2020,3,"Bundesliga","60.06","123","123",75,"24000000","High"
406040,"Ademola Lookman","Forward",2020,3,"Premier League","59.97","124","125",122,"13500000","Medium"
406040,"Ademola Lookman","Forward",2020,3,"Premier League","59.97","124","125",122,"13500000","Medium"
406040,"Ademola Lookman","Forward",2020,3,"Premier League","59.97","124","124",122,"13500000","Medium"
406040,"Ademola Lookman","Forward",2020,3,"Premier League","59.97","124","124",122,"13500000","Medium"
74230,"Pablo Sarabia","Forward",2020,3,"Ligue 1","59.83","126","126",49,"28000000","High"
282388,"Giovanni Simeone","Forward",2020,3,"Serie A","59.80","127","127",122,"13500000","Medium"
238407,"Alexander Sørloth","Forward",2020,3,"Bundesliga","59.34","128","129",41,"10000000","Medium"
238407,"Alexander Sørloth","Forward",2020,3,"Bundesliga","59.34","128","129",41,"10000000","Medium"
238407,"Alexander Sørloth","Forward",2020,3,"Bundesliga","59.34","128","128",41,"10000000","Medium"
238407,"Alexander Sørloth","Forward",2020,3,"Bundesliga","59.34","128","128",41,"10000000","Medium"
37834,"Felipe Caicedo","Forward",2020,3,"Serie A","58.89","130","130",6,"6000000","Medium"
237662,"Breel Embolo","Forward",2020,3,"Bundesliga","58.77","131","131",47,"13000000","Medium"
248999,"Lucas Höler","Forward",2020,3,"Bundesliga","58.42","132","132",108,"3200000","Low"
395516,"Moussa Diaby","Forward",2020,3,"Bundesliga","58.39","133","133",43,"30000000","High"
103565,"Wahbi Khazri","Forward",2020,3,"Ligue 1","58.31","134","134",21,"9000000","Medium"
211251,"Darwin Machís","Forward",2020,3,"La Liga","58.14","135","135",14,"4000000","Low"
12563,"Goran Pandev","Forward",2020,3,"Serie A","57.70","136","136",107,"325000","Low"
96828,"Simone Zaza","Forward",2020,3,"Serie A","57.69","137","137",25,"7000000","Medium"
98349,"Romain Hamouma","Forward",2020,3,"Ligue 1","56.63","138","138",3,"2000000","Low"
92693,"Darío Benedetto","Forward",2020,3,"Ligue 1","56.33","139","139",5,"12000000","Medium"
393325,"Josh Sargent","Forward",2020,3,"Bundesliga","55.27","140","140",143,"6700000","Medium"
241076,"Emmanuel Gyasi","Forward",2020,3,"Serie A","54.92","141","141",121,"475000","Low"
405885,"Giacomo Raspadori","Forward",2020,3,"Serie A","54.64","142","142",151,"625000","Low"
152963,"Florian Niederlechner","Forward",2020,3,"Bundesliga","54.56","143","143",41,"10000000","Medium"
247652,"Shon Weissman","Forward",2020,3,"La Liga","54.53","144","144",112,"2400000","Low"
227961,"Jaime Mata","Forward",2020,3,"La Liga","54.08","145","145",20,"8000000","Medium"
315779,"Christian Pulisic","Forward",2020,3,"Premier League","53.61","146","146",139,"54000000","High"
295313,"Taiwo Awoniyi","Forward",2020,3,"Bundesliga","53.22","147","147",108,"3200000","Low"
295313,"Taiwo Awoniyi","Forward",2020,3,"Bundesliga","53.22","147","148",108,"3200000","Low"
295313,"Taiwo Awoniyi","Forward",2020,3,"Bundesliga","53.22","147","148",108,"3200000","Low"
295313,"Taiwo Awoniyi","Forward",2020,3,"Bundesliga","53.22","147","147",108,"3200000","Low"
157635,"Yussuf Poulsen","Forward",2020,3,"Bundesliga","53.00","149","149",43,"30000000","High"
177847,"Adnan Januzaj","Forward",2020,3,"La Liga","52.41","150","150",78,"9500000","Medium"
331726,"Tammy Abraham","Forward",2020,3,"Premier League","51.77","151","151",7,"40000000","High"
206050,"Paulo Dybala","Forward",2020,3,"Serie A","50.94","152","152",51,"90000000","Elite"
64793,"Leonardo Pavoletti","Forward",2020,3,"Serie A","50.89","153","153",6,"6000000","Medium"
284727,"Jonathan Calleri","Forward",2020,3,"La Liga","50.48","154","154",6,"6000000","Medium"
333241,"Joelinton","Forward",2020,3,"Premier League","49.45","155","155",26,"25000000","High"
141834,"Cristian Tello","Forward",2020,3,"La Liga","49.30","156","156",106,"4800000","Low"
580195,"Jamal Musiala","Forward",2020,3,"Bundesliga","49.00","157","157",13,"1000000","Low"
75489,"Niclas Füllkrug","Forward",2020,3,"Bundesliga","48.88","158","158",52,"4500000","Low"
119234,"Karim Onisiwo","Forward",2020,3,"Bundesliga","48.77","159","159",33,"3500000","Low"
51510,"Ángel Rodríguez","Forward",2020,3,"La Liga","48.72","160","160",32,"7500000","Medium"
149716,"Ivan Cavaleiro","Forward",2020,3,"Premier League","47.89","161","161",41,"10000000","Medium"
225593,"Pere Milla","Forward",2020,3,"La Liga","47.47","162","162",121,"475000","Low"
51152,"Aleksandar Mitrović","Forward",2020,3,"Premier League","47.05","163","163",26,"25000000","High"
183299,"Callum Robinson","Forward",2020,3,"Premier League","46.42","164","164",25,"7000000","Medium"
505653,"Fábio Silva","Forward",2020,3,"Premier League","46.34","165","165",21,"9000000","Medium"
83877,"Diego Farias","Forward",2020,3,"Serie A","46.05","166","166",33,"3500000","Low"
490417,"Ibrahima Niane","Forward",2020,3,"Ligue 1","45.95","167","167",108,"3200000","Low"
199258,"Andrea Petagna","Forward",2020,3,"Serie A","45.95","168","168",109,"14500000","Medium"
81988,"Sergi Enrich","Forward",2020,3,"La Liga","45.27","169","169",112,"2400000","Low"
111961,"Suso","Forward",2020,3,"La Liga","44.48","170","170",42,"22000000","High"
251897,"Asier Villalibre","Forward",2020,3,"La Liga","43.95","171","171",14,"4000000","Low"
262365,"Antonio Puertas","Forward",2020,3,"La Liga","43.89","172","172",112,"2400000","Low"
251106,"Enes Ünal","Forward",2020,3,"La Liga","43.36","173","173",9,"5000000","Medium"
234523,"Antonio Sanabria","Forward",2020,3,"Serie A","43.27","174","174",38,"6500000","Medium"
199369,"Sandro Ramírez","Forward",2020,3,"La Liga","42.92","175","175",108,"3200000","Low"
22068,"Franck Ribéry","Forward",2020,3,"Serie A","42.78","176","176",108,"3200000","Low"
223725,"Munir El Haddadi","Forward",2020,3,"La Liga","41.78","177","177",21,"9000000","Medium"
568701,"Lamine Gueye","Forward",2020,3,"Ligue 1","41.17","178","178",61,"750000","Low"
281404,"Kenedy","Forward",2020,3,"La Liga","40.83","179","180",78,"9500000","Medium"
281404,"Kenedy","Forward",2020,3,"La Liga","40.83","179","180",78,"9500000","Medium"
281404,"Kenedy","Forward",2020,3,"La Liga","40.83","179","179",78,"9500000","Medium"
281404,"Kenedy","Forward",2020,3,"La Liga","40.83","179","179",78,"9500000","Medium"
187492,"Julian Brandt","Forward",2020,3,"Bundesliga","40.63","181","181",7,"40000000","High"
119235,"Carlos Bacca","Forward",2020,3,"La Liga","40.00","182","182",112,"2400000","Low"
381950,"Alexis Saelemaekers","Forward",2020,3,"Serie A","39.47","183","183",100,"6300000","Medium"
203504,"Pierre-Yves Hamel","Forward",2020,3,"Ligue 1","38.78","184","184",23,"3000000","Low"
27389,"Kévin Gameiro","Forward",2020,3,"La Liga","38.53","185","185",38,"6500000","Medium"
26399,"Sergio Agüero","Forward",2020,3,"Premier League","38.47","186","186",110,"52000000","High"
82048,"Nicola Sansone","Forward",2020,3,"Serie A","37.56","187","187",6,"6000000","Medium"
203507,"Adrien Hunou","Forward",2020,3,"Ligue 1","37.39","188","188",106,"4800000","Low"
82442,"Olivier Giroud","Forward",2020,3,"Premier League","37.36","189","189",25,"7000000","Medium"
77100,"Lucas Moura","Forward",2020,3,"Premier League","37.09","190","190",50,"32000000","High"
63200,"Ashley Barnes","Forward",2020,3,"Premier League","36.95","191","191",20,"8000000","Medium"
364405,"Adama Traoré","Forward",2020,3,"Premier League","36.95","192","192",50,"32000000","High"
162961,"Valerio Verre","Forward",2020,3,"Serie A","36.77","193","193",108,"3200000","Low"
147573,"Sebastian Andersson","Forward",2020,3,"Bundesliga","36.44","194","194",6,"6000000","Medium"
649016,"El Bilal Touré","Forward",2020,3,"Ligue 1","36.27","195","195",28,"2500000","Low"
432982,"Andreas Skov Olsen","Forward",2020,3,"Serie A","36.05","196","196",143,"6700000","Medium"
560725,"Abdoul Kader Bamba","Forward",2020,3,"Ligue 1","36.00","197","197",3,"2000000","Low"
205587,"Opa Nguette","Forward",2020,3,"Ligue 1","35.52","198","198",33,"3500000","Low"
424051,"Samuel Kalu","Forward",2020,3,"Ligue 1","35.09","199","199",20,"8000000","Medium"
378139,"Aitor Ruibal","Forward",2020,3,"La Liga","34.81","200","200",119,"950000","Low"
568702,"Papa Ndiaga Yade","Forward",2020,3,"Ligue 1","34.75","201","201",27,"600000","Low"
207597,"Cedric Teuchert","Forward",2020,3,"Bundesliga","34.27","202","202",74,"1200000","Low"
178459,"Davie Selke","Forward",2020,3,"Bundesliga","34.27","202","203",20,"8000000","Medium"
188888,"Sheraldo Becker","Forward",2020,3,"Bundesliga","33.83","204","204",13,"1000000","Low"
453824,"Josh Maja","Forward",2020,3,"Premier League","33.61","205","205",100,"6300000","Medium"
466810,"Ansu Fati","Forward",2020,3,"La Liga","33.44","206","206",94,"36000000","High"
54581,"Ilija Nestorovski","Forward",2020,3,"Serie A","33.41","207","207",80,"2800000","Low"
324804,"Yann Karamoh","Forward",2020,3,"Serie A","33.00","208","208",21,"9000000","Medium"
290532,"Saïd Benrahma","Forward",2020,3,"Premier League","32.42","209","209",47,"13000000","Medium"
290532,"Saïd Benrahma","Forward",2020,3,"Premier League","32.42","209","210",47,"13000000","Medium"
290532,"Saïd Benrahma","Forward",2020,3,"Premier League","32.42","209","209",47,"13000000","Medium"
290532,"Saïd Benrahma","Forward",2020,3,"Premier League","32.42","209","210",47,"13000000","Medium"
7663,"Joaquín","Forward",2020,3,"La Liga","32.22","211","211",82,"1600000","Low"
184935,"Kalifa Coulibaly","Forward",2020,3,"Ligue 1","31.92","212","212",14,"4000000","Low"
184672,"Guido Carrillo","Forward",2020,3,"La Liga","31.88","213","213",106,"4800000","Low"
94771,"Andreas Voglsammer","Forward",2020,3,"Bundesliga","31.84","214","214",3,"2000000","Low"
392768,"Callum Hudson-Odoi","Forward",2020,3,"Premier League","31.63","215","215",135,"31500000","High"
422460,"Dani Gómez","Forward",2020,3,"La Liga","31.25","216","216",59,"900000","Low"
122116,"Nicolas de Préville","Forward",2020,3,"Ligue 1","30.95","217","217",67,"5500000","Medium"
283528,"Ignacio Pussetto","Forward",2020,3,"Serie A","30.50","218","218",38,"6500000","Medium"
319301,"Daniel James","Forward",2020,3,"Premier League","30.25","219","219",126,"22500000","High"
571020,"Oihan Sancet","Forward",2020,3,"La Liga","30.23","220","220",147,"2300000","Low"
418658,"Charles Abi","Forward",2020,3,"Ligue 1","30.11","221","221",63,"1300000","Low"
370846,"Timothy Weah","Forward",2020,3,"Ligue 1","29.84","222","222",148,"7200000","Medium"
67639,"Andrey Galabinov","Forward",2020,3,"Serie A","29.81","223","223",29,"400000","Low"
55338,"Willian","Forward",2020,3,"Premier League","29.67","224","224",49,"28000000","High"
333647,"Jonathan Burkardt","Forward",2020,3,"Bundesliga","29.50","225","225",40,"1800000","Low"
125614,"Sargis Adamyan","Forward",2020,3,"Bundesliga","28.89","226","226",9,"5000000","Medium"
655488,"Gabriel Martinelli","Forward",2020,3,"Premier League","28.66","227","227",49,"28000000","High"
49542,"Billy Sharp","Forward",2020,3,"Premier League","28.06","228","228",82,"1600000","Low"
50202,"Eden Hazard","Forward",2020,3,"La Liga","27.55","229","229",36,"100000000","Elite"
412363,"Rodrygo","Forward",2020,3,"La Liga","27.47","230","230",65,"45000000","High"
536482,"Junior Dina Ebimbe","Forward",2020,3,"Ligue 1","27.06","231","232",13,"1000000","Low"
536482,"Junior Dina Ebimbe","Forward",2020,3,"Ligue 1","27.06","231","231",13,"1000000","Low"
536482,"Junior Dina Ebimbe","Forward",2020,3,"Ligue 1","27.06","231","232",13,"1000000","Low"
536482,"Junior Dina Ebimbe","Forward",2020,3,"Ligue 1","27.06","231","231",13,"1000000","Low"
60540,"Valère Germain","Forward",2020,3,"Ligue 1","26.34","233","233",14,"4000000","Low"
397486,"Dennis Man","Forward",2020,3,"Serie A","26.27","234","234",9,"5000000","Medium"
256429,"Sergi Guardiola","Forward",2020,3,"La Liga","25.42","235","235",6,"6000000","Medium"
472249,"Jan Thielmann","Forward",2020,3,"Bundesliga","24.78","236","236",28,"2500000","Low"
394346,"Emanuel Vignato","Forward",2020,3,"Serie A","24.41","237","237",149,"3700000","Low"
108354,"Jordan Ayew","Forward",2020,3,"Premier League","23.91","238","238",38,"6500000","Medium"
145769,"Sergio León","Forward",2020,3,"La Liga","23.06","239","239",112,"2400000","Low"
340324,"Eddie Nketiah","Forward",2020,3,"Premier League","21.67","240","240",5,"12000000","Medium"
126737,"Juanmi","Forward",2020,3,"La Liga","21.20","241","241",14,"4000000","Low"
245078,"Nemanja Radonjić","Forward",2020,3,"Ligue 1","21.17","242","242",20,"8000000","Medium"
245078,"Nemanja Radonjić","Forward",2020,3,"Ligue 1","21.17","242","243",20,"8000000","Medium"
245078,"Nemanja Radonjić","Forward",2020,3,"Ligue 1","21.17","242","243",20,"8000000","Medium"
245078,"Nemanja Radonjić","Forward",2020,3,"Ligue 1","21.17","242","242",20,"8000000","Medium"
32711,"Patrick Herrmann","Forward",2020,3,"Bundesliga","20.30","244","244",114,"5200000","Medium"
337725,"Christian Kouamé","Forward",2020,3,"Serie A","19.11","245","245",70,"17500000","Medium"
587458,"Kevin Agudelo","Forward",2020,3,"Serie A","19.08","246","246",134,"2700000","Low"
195171,"Samu Castillejo","Forward",2020,3,"Serie A","19.03","247","247",39,"11000000","Medium"
422355,"Jens Petter Hauge","Forward",2020,3,"Serie A","18.91","248","248",125,"525000","Low"
737781,"Jérémy Le Douaron","Forward",2020,3,"Ligue 1","18.78","249","249",58,"150000","Low"
290593,"Sada Thioub","Forward",2020,3,"Ligue 1","18.52","250","250",80,"2800000","Low"
340151,"Andrea Favilli","Forward",2020,3,"Serie A","18.39","251","251",52,"4500000","Low"
57935,"Álvaro Giménez","Forward",2020,3,"La Liga","18.38","252","252",17,"1500000","Low"
242631,"Alex Iwobi","Forward",2020,3,"Premier League","18.25","253","253",117,"25500000","High"
243541,"Deyverson","Forward",2020,3,"La Liga","18.16","254","254",9,"5000000","Medium"
270411,"Saîf-Eddine Khaoui","Forward",2020,3,"Ligue 1","18.08","255","255",3,"2000000","Low"
341317,"Oliver Burke","Forward",2020,3,"Premier League","17.81","256","256",106,"4800000","Low"
197751,"Alberto Cerri","Forward",2020,3,"Serie A","17.55","257","257",33,"3500000","Low"
546212,"Diego Costa","Forward",2020,3,"La Liga","17.38","258","258",109,"14500000","Medium"
531829,"Dani Escriche","Forward",2020,3,"La Liga","17.30","259","259",129,"725000","Low"
65976,"Hal Robson-Kanu","Forward",2020,3,"Premier League","17.19","260","260",23,"3000000","Low"
123742,"Gastón Ramírez","Forward",2020,3,"Serie A","17.17","261","261",38,"6500000","Medium"
20463,"Corentin Jean","Forward",2020,3,"Ligue 1","16.64","262","262",3,"2000000","Low"
29594,"Graziano Pellè","Forward",2020,3,"Serie A","16.00","263","263",112,"2400000","Low"
340322,"Nathan Tella","Forward",2020,3,"Premier League","15.09","264","264",61,"750000","Low"
39106,"Ádám Szalai","Forward",2020,3,"Bundesliga","14.88","265","265",82,"1600000","Low"
122155,"Willian José","Forward",2020,3,"Premier League","14.69","266","267",75,"24000000","High"
122155,"Willian José","Forward",2020,3,"Premier League","14.69","266","266",75,"24000000","High"
122155,"Willian José","Forward",2020,3,"Premier League","14.69","266","267",75,"24000000","High"
122155,"Willian José","Forward",2020,3,"Premier League","14.69","266","266",75,"24000000","High"
18909,"Jimmy Briand","Forward",2020,3,"Ligue 1","14.02","268","268",82,"1600000","Low"
448177,"Jessic Ngankam","Forward",2020,3,"Bundesliga","13.39","269","269",44,"300000","Low"
129476,"Gerard Deulofeu","Forward",2020,3,"Serie A","13.33","270","272",11,"20000000","High"
129476,"Gerard Deulofeu","Forward",2020,3,"Serie A","13.33","270","271",11,"20000000","High"
129476,"Gerard Deulofeu","Forward",2020,3,"Serie A","13.33","270","270",11,"20000000","High"
129476,"Gerard Deulofeu","Forward",2020,3,"Serie A","13.33","270","272",11,"20000000","High"
129476,"Gerard Deulofeu","Forward",2020,3,"Serie A","13.33","270","271",11,"20000000","High"
129476,"Gerard Deulofeu","Forward",2020,3,"Serie A","13.33","270","270",11,"20000000","High"
129476,"Gerard Deulofeu","Forward",2020,3,"Serie A","13.33","270","272",11,"20000000","High"
129476,"Gerard Deulofeu","Forward",2020,3,"Serie A","13.33","270","270",11,"20000000","High"
129476,"Gerard Deulofeu","Forward",2020,3,"Serie A","13.33","270","271",11,"20000000","High"
466268,"Juan Brunetta","Forward",2020,3,"Serie A","12.86","273","273",112,"2400000","Low"
314183,"Karlan Grant","Forward",2020,3,"Premier League","12.84","274","274",20,"8000000","Medium"
181547,"Gonçalo Paciência","Forward",2020,3,"Bundesliga","12.80","275","275",5,"12000000","Medium"
181547,"Gonçalo Paciência","Forward",2020,3,"Bundesliga","12.80","275","275",5,"12000000","Medium"
181547,"Gonçalo Paciência","Forward",2020,3,"Bundesliga","12.80","275","276",5,"12000000","Medium"
181547,"Gonçalo Paciência","Forward",2020,3,"Bundesliga","12.80","275","276",5,"12000000","Medium"
44948,"Fernando Forestieri","Forward",2020,3,"Serie A","12.69","277","277",59,"900000","Low"
45383,"Adrián López","Forward",2020,3,"La Liga","12.48","278","278",62,"1400000","Low"
691316,"Luis Henrique","Forward",2020,3,"Ligue 1","12.47","279","280",52,"4500000","Low"
691316,"Luis Henrique","Forward",2020,3,"Ligue 1","12.47","279","279",52,"4500000","Low"
691316,"Luis Henrique","Forward",2020,3,"Ligue 1","12.47","279","280",52,"4500000","Low"
691316,"Luis Henrique","Forward",2020,3,"Ligue 1","12.47","279","279",52,"4500000","Low"
80173,"Frédéric Sammaritano","Forward",2020,3,"Ligue 1","12.41","281","281",107,"325000","Low"
203394,"Andreas Pereira","Forward",2020,3,"Serie A","12.33","282","283",37,"16000000","Medium"
203394,"Andreas Pereira","Forward",2020,3,"Serie A","12.33","282","283",37,"16000000","Medium"
203394,"Andreas Pereira","Forward",2020,3,"Serie A","12.33","282","282",37,"16000000","Medium"
203394,"Andreas Pereira","Forward",2020,3,"Serie A","12.33","282","282",37,"16000000","Medium"
61087,"Karim Bellarabi","Forward",2020,3,"Bundesliga","12.28","284","284",5,"12000000","Medium"
412660,"Keinan Davis","Forward",2020,3,"Premier League","12.17","285","285",147,"2300000","Low"
206912,"Jimmy Cabot","Forward",2020,3,"Ligue 1","11.45","286","286",13,"1000000","Low"
146795,"Ryan Fraser","Forward",2020,3,"Premier League","11.31","287","287",42,"22000000","High"
114060,"Enric Gallego","Forward",2020,3,"La Liga","11.02","288","288",74,"1200000","Low"
487688,"Alberto Soro","Forward",2020,3,"La Liga","10.27","289","289",134,"2700000","Low"
263183,"Roger Assalé","Forward",2020,3,"Ligue 1","10.05","290","290",32,"7500000","Medium"
61637,"Emmanuel Rivière","Forward",2020,3,"Serie A","9.98","291","291",86,"650000","Low"
111039,"Ishak Belfodil","Forward",2020,3,"Bundesliga","9.20","292","292",5,"12000000","Medium"
336747,"Jorge Pombo","Forward",2020,3,"La Liga","9.20","293","293",56,"550000","Low"
365108,"Dan Ndoye","Forward",2020,3,"Ligue 1","9.13","294","294",13,"1000000","Low"
93795,"Facundo Ferreyra","Forward",2020,3,"La Liga","9.05","295","295",108,"3200000","Low"
425400,"Farid El Melali","Forward",2020,3,"Ligue 1","8.94","296","296",82,"1600000","Low"
525287,"Carlos Vinícius","Forward",2020,3,"Premier League","8.09","297","298",37,"16000000","Medium"
525287,"Carlos Vinícius","Forward",2020,3,"Premier League","8.09","297","298",37,"16000000","Medium"
525287,"Carlos Vinícius","Forward",2020,3,"Premier League","8.09","297","297",37,"16000000","Medium"
525287,"Carlos Vinícius","Forward",2020,3,"Premier League","8.09","297","297",37,"16000000","Medium"
48066,"Andy Carroll","Forward",2020,3,"Premier League","7.77","299","299",108,"3200000","Low"
85000,"Cebio Soukou","Forward",2020,3,"Bundesliga","7.22","300","300",30,"800000","Low"
159883,"Ernesto Torregrossa","Forward",2020,3,"Serie A","5.98","301","301",112,"2400000","Low"
45389,"Samuel Di Carmine","Forward",2020,3,"Serie A","5.80","302","302",62,"1400000","Low"
76163,"Franco Vázquez","Forward",2020,3,"La Liga","5.27","303","303",78,"9500000","Medium"
289236,"Jon Bautista","Forward",2020,3,"La Liga","4.95","304","304",62,"1400000","Low"
93827,"Steven Skrzybski","Forward",2020,3,"Bundesliga","4.05","305","305",3,"2000000","Low"
118397,"Alessandro Schöpf","Forward",2020,3,"Bundesliga","3.58","306","306",14,"4000000","Low"
61253,"José Callejón","Forward",2020,3,"Serie A","3.56","307","307",5,"12000000","Medium"
249157,"Fredrik Jensen","Forward",2020,3,"Bundesliga","2.97","308","308",3,"2000000","Low"
148368,"Divock Origi","Forward",2020,3,"Premier League","2.97","309","309",37,"16000000","Medium"
456080,"Karim Aribi","Forward",2020,3,"Ligue 1","2.66","310","310",27,"600000","Low"
81460,"Nolan Roux","Forward",2020,3,"Ligue 1","2.56","311","311",17,"1500000","Low"
238977,"Gabriele Moncini","Forward",2020,3,"Serie A","2.34","312","312",62,"1400000","Low"
532040,"Giuseppe Di Serio","Forward",2020,3,"Serie A","2.30","313","313",153,"170000","Low"
287876,"Antonino La Gumina","Forward",2020,3,"Serie A","1.50","314","314",77,"3800000","Low"
92472,"Akaki Gogia","Forward",2020,3,"Bundesliga","1.45","315","315",13,"1000000","Low"
520454,"Nino","Forward",2020,3,"La Liga","1.41","316","316",1,"100000","Low"
358515,"Jean-Philippe Krasso","Forward",2020,3,"Ligue 1","1.17","317","317",27,"600000","Low"
540664,"Dilane Bakwa","Forward",2020,3,"Ligue 1","0.55","318","318",44,"300000","Low"
396334,"Joaquín Muñoz","Forward",2020,3,"La Liga","0.09","319","319",44,"300000","Low"
500689,"Evann Guessand","Forward",2020,3,"Ligue 1","0.08","320","321",44,"300000","Low"
500689,"Evann Guessand","Forward",2020,3,"Ligue 1","0.08","320","321",44,"300000","Low"
500689,"Evann Guessand","Forward",2020,3,"Ligue 1","0.08","320","320",44,"300000","Low"
500689,"Evann Guessand","Forward",2020,3,"Ligue 1","0.08","320","320",44,"300000","Low"
1083070,"Alisson","Goalkeeper",2020,3,"Premier League",NULL,"1","2",123,"72000000","Elite"
190786,"Baptiste Reynet","Goalkeeper",2020,3,"Ligue 1",NULL,"1","1",23,"3000000","Low"
240306,"Bruno Fernandes","Midfielder",2020,3,"Premier League","97.96","1","1",113,"48000000","High"
88755,"Kevin De Bruyne","Midfielder",2020,3,"Premier League","97.67","2","2",4,"120000000","Elite"
202318,"Farid Boulaya","Midfielder",2020,3,"Ligue 1","97.30","3","3",62,"1400000","Low"
25488,"Antonio Candreva","Midfielder",2020,3,"Serie A","95.49","4","5",67,"5500000","Medium"
25488,"Antonio Candreva","Midfielder",2020,3,"Serie A","95.49","4","4",67,"5500000","Medium"
25488,"Antonio Candreva","Midfielder",2020,3,"Serie A","95.49","4","5",67,"5500000","Medium"
25488,"Antonio Candreva","Midfielder",2020,3,"Serie A","95.49","4","4",67,"5500000","Medium"
126414,"Hakan Çalhanoğlu","Midfielder",2020,3,"Serie A","95.29","6","6",109,"14500000","Medium"
161056,"Joshua Kimmich","Midfielder",2020,3,"Bundesliga","94.71","7","7",128,"64000000","Elite"
255942,"Nicolò Barella","Midfielder",2020,3,"Serie A","94.42","8","8",94,"36000000","High"
66106,"Sergio Canales","Midfielder",2020,3,"La Liga","94.10","9","9",11,"20000000","High"
207877,"Ruslan Malinovskyi","Midfielder",2020,3,"Serie A","94.03","10","10",39,"11000000","Medium"
165007,"Denis Suárez","Midfielder",2020,3,"La Liga","93.27","11","11",78,"9500000","Medium"
181136,"Piotr Zieliński","Midfielder",2020,3,"Serie A","92.54","12","12",50,"32000000","High"
555076,"Romain Faivre","Midfielder",2020,3,"Ligue 1","92.47","13","13",83,"450000","Low"
31909,"Toni Kroos","Midfielder",2020,3,"La Liga","92.13","14","14",113,"48000000","High"
82873,"Pascal Groß","Midfielder",2020,3,"Premier League","91.46","15","15",78,"9500000","Medium"
326330,"Frenkie de Jong","Midfielder",2020,3,"La Liga","91.30","16","16",123,"72000000","Elite"
286297,"Lorenzo Pellegrini","Midfielder",2020,3,"Serie A","91.12","17","17",50,"32000000","High"
58358,"Thomas Müller","Midfielder",2020,3,"Bundesliga","91.01","18","18",117,"25500000","High"
203496,"Nabil Fekir","Midfielder",2020,3,"La Liga","90.80","19","19",50,"32000000","High"
68290,"Neymar","Midfielder",2020,3,"Ligue 1","90.76","20","20",120,"128000000","Elite"
292818,"Jonathan Bamba","Midfielder",2020,3,"Ligue 1","90.73","21","21",37,"16000000","Medium"
266302,"Sergej Milinković-Savić","Midfielder",2020,3,"Serie A","90.62","22","22",15,"80000000","Elite"
55735,"Henrikh Mkhitaryan","Midfielder",2020,3,"Serie A","90.30","23","23",11,"20000000","High"
185077,"Vincenzo Grifo","Midfielder",2020,3,"Bundesliga","90.21","24","24",67,"5500000","Medium"
128220,"Luis Alberto","Midfielder",2020,3,"Serie A","90.18","25","25",54,"55000000","High"
250013,"Angelo Fulgini","Midfielder",2020,3,"Ligue 1","89.36","26","26",14,"4000000","Low"
395236,"Yacine Adli","Midfielder",2020,3,"Ligue 1","88.51","27","27",100,"6300000","Medium"
249565,"Youri Tielemans","Midfielder",2020,3,"Premier League","88.47","28","28",133,"44000000","High"
295183,"Răzvan Marin","Midfielder",2020,3,"Serie A","87.64","29","30",41,"10000000","Medium"
295183,"Răzvan Marin","Midfielder",2020,3,"Serie A","87.64","29","29",41,"10000000","Medium"
293385,"Dani Olmo","Midfielder",2020,3,"Bundesliga","87.64","29","31",135,"31500000","High"
295183,"Răzvan Marin","Midfielder",2020,3,"Serie A","87.64","29","30",41,"10000000","Medium"
295183,"Răzvan Marin","Midfielder",2020,3,"Serie A","87.64","29","29",41,"10000000","Medium"
356141,"Daichi Kamada","Midfielder",2020,3,"Bundesliga","87.39","32","32",20,"8000000","Medium"
127156,"Téji Savanier","Midfielder",2020,3,"Ligue 1","87.16","33","33",78,"9500000","Medium"
144028,"Leandro Trossard","Midfielder",2020,3,"Premier League","87.12","34","34",47,"13000000","Medium"
181579,"James Ward-Prowse","Midfielder",2020,3,"Premier League","86.80","35","35",109,"14500000","Medium"
130765,"Stuart Armstrong","Midfielder",2020,3,"Premier League","86.22","36","36",38,"6500000","Medium"
372246,"Carlos Soler","Midfielder",2020,3,"La Liga","85.93","37","37",7,"40000000","High"
479999,"Eberechi Eze","Midfielder",2020,3,"Premier League","85.70","38","38",41,"10000000","Medium"
417346,"Jack Harrison","Midfielder",2020,3,"Premier League","84.81","39","39",38,"6500000","Medium"
74297,"Gaël Kakuta","Midfielder",2020,3,"Ligue 1","84.71","40","40",80,"2800000","Low"
444523,"Lucas Paquetá","Midfielder",2020,3,"Ligue 1","84.42","41","41",49,"28000000","High"
263727,"Joan Jordán","Midfielder",2020,3,"La Liga","83.98","42","42",109,"14500000","Medium"
449151,"Junior Messias","Midfielder",2020,3,"Serie A","83.75","43","43",44,"300000","Low"
294808,"Franck Kessié","Midfielder",2020,3,"Serie A","83.30","44","45",11,"20000000","High"
193116,"John McGinn","Midfielder",2020,3,"Premier League","83.30","44","44",37,"16000000","Medium"
71918,"David Ferreiro","Midfielder",2020,3,"La Liga","83.16","46","46",74,"1200000","Low"
222859,"Florent Mollet","Midfielder",2020,3,"Ligue 1","83.00","47","47",25,"7000000","Medium"
54235,"Iker Muniain","Midfielder",2020,3,"La Liga","82.45","48","48",24,"14000000","Medium"
278332,"Florian Neuhaus","Midfielder",2020,3,"Bundesliga","82.40","49","49",70,"17500000","Medium"
683840,"Pedri","Midfielder",2020,3,"La Liga","82.11","50","50",148,"7200000","Medium"
225122,"Gonçalo Guedes","Midfielder",2020,3,"La Liga","81.88","51","52",126,"22500000","High"
294057,"James Maddison","Midfielder",2020,3,"Premier League","81.88","51","51",113,"48000000","High"
584769,"Dwight McNeil","Midfielder",2020,3,"Premier League","81.76","53","53",10,"18000000","Medium"
598577,"Florian Wirtz","Midfielder",2020,3,"Bundesliga","81.62","54","54",41,"10000000","Medium"
38410,"Daniel Caligiuri","Midfielder",2020,3,"Bundesliga","80.96","55","55",14,"4000000","Low"
266359,"Benjamin Bourigeaud","Midfielder",2020,3,"Ligue 1","80.69","56","56",5,"12000000","Medium"
241641,"Bernardo Silva","Midfielder",2020,3,"Premier League","80.59","57","57",15,"80000000","Elite"
506248,"Edu Expósito","Midfielder",2020,3,"La Liga","80.41","58","58",108,"3200000","Low"
288225,"Ludovic Blas","Midfielder",2020,3,"Ligue 1","80.37","59","59",41,"10000000","Medium"
569598,"Youssouf Fofana","Midfielder",2020,3,"Ligue 1","80.37","60","60",5,"12000000","Medium"
53622,"İlkay Gündoğan","Midfielder",2020,3,"Premier League","80.30","61","61",7,"40000000","High"
395693,"Houssem Aouar","Midfielder",2020,3,"Ligue 1","80.23","62","62",54,"55000000","High"
158764,"Stuart Dallas","Midfielder",2020,3,"Premier League","80.14","63","63",23,"3000000","Low"
86759,"David Silva","Midfielder",2020,3,"La Liga","80.11","64","64",5,"12000000","Medium"
372711,"Amine Harit","Midfielder",2020,3,"Bundesliga","80.07","65","65",75,"24000000","High"
229006,"Franck Honorat","Midfielder",2020,3,"Ligue 1","79.08","66","66",82,"1600000","Low"
65230,"Sergio Busquets","Midfielder",2020,3,"La Liga","78.67","67","67",49,"28000000","High"
74229,"Koke","Midfielder",2020,3,"La Liga","78.05","68","68",113,"48000000","High"
232454,"Nadiem Amiri","Midfielder",2020,3,"Bundesliga","77.96","69","69",37,"16000000","Medium"
91317,"Ashley Westwood","Midfielder",2020,3,"Premier League","77.96","70","70",67,"5500000","Medium"
569385,"Adil Aouchiche","Midfielder",2020,3,"Ligue 1","77.89","71","71",152,"5400000","Medium"
18934,"Thomas Mangani","Midfielder",2020,3,"Ligue 1","77.23","72","72",82,"1600000","Low"
319745,"Dani Ceballos","Midfielder",2020,3,"Premier League","77.21","73","73",50,"32000000","High"
455181,"Jorge de Frutos","Midfielder",2020,3,"La Liga","76.50","74","74",3,"2000000","Low"
149231,"Fidel","Midfielder",2020,3,"La Liga","76.36","75","75",86,"650000","Low"
70934,"Nolito","Midfielder",2020,3,"La Liga","76.20","76","76",82,"1600000","Low"
293944,"Habib Maïga","Midfielder",2020,3,"Ligue 1","76.09","77","77",33,"3500000","Low"
54383,"John Fleck","Midfielder",2020,3,"Premier League","76.02","78","78",20,"8000000","Medium"
361238,"Rubén García","Midfielder",2020,3,"La Liga","75.90","79","79",32,"7500000","Medium"
314940,"Dimitri Liénard","Midfielder",2020,3,"Ligue 1","75.35","80","80",82,"1600000","Low"
181768,"Hernani","Midfielder",2020,3,"Serie A","75.35","81","81",108,"3200000","Low"
223979,"Xaver Schlager","Midfielder",2020,3,"Bundesliga","75.22","82","82",5,"12000000","Medium"
324278,"Christoph Baumgartner","Midfielder",2020,3,"Bundesliga","75.10","83","83",6,"6000000","Medium"
640428,"Eduardo Camavinga","Midfielder",2020,3,"Ligue 1","74.85","84","84",104,"42000000","High"
28947,"Gonzalo Castro","Midfielder",2020,3,"Bundesliga","74.69","85","85",74,"1200000","Low"
633992,"Enzo Le Fée","Midfielder",2020,3,"Ligue 1","74.42","86","86",60,"1750000","Low"
146310,"Wataru Endo","Midfielder",2020,3,"Bundesliga","74.37","87","87",82,"1600000","Low"
48298,"Lars Stindl","Midfielder",2020,3,"Bundesliga","74.32","88","88",38,"6500000","Medium"
122153,"Paul Pogba","Midfielder",2020,3,"Premier League","74.07","89","89",15,"80000000","Elite"
18900,"Hatem Ben Arfa","Midfielder",2020,3,"Ligue 1","73.96","90","90",9,"5000000","Medium"
182893,"Seko Fofana","Midfielder",2020,3,"Ligue 1","73.91","91","91",78,"9500000","Medium"
394327,"Boubacar Kamara","Midfielder",2020,3,"Ligue 1","73.66","92","92",43,"30000000","High"
431755,"Dejan Kulusevski","Midfielder",2020,3,"Serie A","73.59","93","93",22,"35000000","High"
205022,"Rafinha","Midfielder",2020,3,"Ligue 1","73.36","94","94",78,"9500000","Medium"
130360,"Simone Verdi","Midfielder",2020,3,"Serie A","72.97","95","95",37,"16000000","Medium"
384593,"Alexis Claude-Maurice","Midfielder",2020,3,"Ligue 1","72.59","96","96",20,"8000000","Medium"
145115,"Valon Berisha","Midfielder",2020,3,"Ligue 1","72.52","97","97",14,"4000000","Low"
413112,"Aurélien Tchouaméni","Midfielder",2020,3,"Ligue 1","72.31","98","98",45,"17000000","Medium"
118284,"Jordan Ferri","Midfielder",2020,3,"Ligue 1","72.22","99","99",80,"2800000","Low"
214775,"Óliver Torres","Midfielder",2020,3,"La Liga","71.90","100","100",122,"13500000","Medium"
153084,"Leon Goretzka","Midfielder",2020,3,"Bundesliga","71.88","101","101",7,"40000000","High"
146752,"Gianluca Caprari","Midfielder",2020,3,"Serie A","71.62","102","103",38,"6500000","Medium"
146752,"Gianluca Caprari","Midfielder",2020,3,"Serie A","71.62","102","102",38,"6500000","Medium"
146752,"Gianluca Caprari","Midfielder",2020,3,"Serie A","71.62","102","102",38,"6500000","Medium"
146752,"Gianluca Caprari","Midfielder",2020,3,"Serie A","71.62","102","103",38,"6500000","Medium"
182574,"Jean-Paul Boëtius","Midfielder",2020,3,"Bundesliga","70.57","104","104",106,"4800000","Low"
461906,"João Moutinho","Midfielder",2020,3,"Premier League","70.07","105","105",83,"450000","Low"
252677,"José Luis Morales","Midfielder",2020,3,"La Liga","70.05","106","106",38,"6500000","Medium"
164771,"Jordan Veretout","Midfielder",2020,3,"Serie A","70.02","107","107",11,"20000000","High"
319160,"Jakub Jankto","Midfielder",2020,3,"Serie A","69.98","108","108",78,"9500000","Medium"
99343,"Ander Herrera","Midfielder",2020,3,"Ligue 1","69.82","109","109",37,"16000000","Medium"
357662,"Declan Rice","Midfielder",2020,3,"Premier League","69.41","110","110",145,"49500000","High"
569389,"Sofiane Diop","Midfielder",2020,3,"Ligue 1","69.02","111","111",23,"3000000","Low"
70285,"Jonathan Schmid","Midfielder",2020,3,"Bundesliga","68.90","112","112",14,"4000000","Low"
543387,"Cheick Doucouré","Midfielder",2020,3,"Ligue 1","68.83","113","113",3,"2000000","Low"
315063,"Nahitan Nández","Midfielder",2020,3,"Serie A","68.67","114","114",105,"21000000","High"
388165,"Yoane Wissa","Midfielder",2020,3,"Ligue 1","68.40","115","115",23,"3000000","Low"
111455,"Granit Xhaka","Midfielder",2020,3,"Premier League","68.24","116","116",75,"24000000","High"
129078,"Nathan Redmond","Midfielder",2020,3,"Premier League","68.10","117","117",37,"16000000","Medium"
16306,"Casemiro","Midfielder",2020,3,"La Liga","67.60","118","118",15,"80000000","Elite"
225161,"Rúben Neves","Midfielder",2020,3,"Premier League","66.89","119","119",7,"40000000","High"
303116,"Gaetano Castrovilli","Midfielder",2020,3,"Serie A","66.84","120","120",11,"20000000","High"
60890,"Fabián Orellana","Midfielder",2020,3,"La Liga","66.18","121","121",82,"1600000","Low"
392765,"Emile Smith Rowe","Midfielder",2020,3,"Premier League","66.04","122","122",23,"3000000","Low"
119277,"Yannick Gerhardt","Midfielder",2020,3,"Bundesliga","65.70","123","123",124,"6800000","Medium"
447661,"Douglas Luiz","Midfielder",2020,3,"Premier League","65.49","124","124",10,"18000000","Medium"
646658,"Aaron Ramsey","Midfielder",2020,3,"Serie A","65.17","125","125",22,"35000000","High"
552472,"Nahuel Estévez","Midfielder",2020,3,"Serie A","64.97","126","126",44,"300000","Low"
552472,"Nahuel Estévez","Midfielder",2020,3,"Serie A","64.97","126","127",44,"300000","Low"
552472,"Nahuel Estévez","Midfielder",2020,3,"Serie A","64.97","126","127",44,"300000","Low"
552472,"Nahuel Estévez","Midfielder",2020,3,"Serie A","64.97","126","126",44,"300000","Low"
402008,"Amadou Haidara","Midfielder",2020,3,"Bundesliga","64.83","128","128",150,"15500000","Medium"
289592,"Orel Mangala","Midfielder",2020,3,"Bundesliga","64.81","129","129",39,"11000000","Medium"
163582,"Salvatore Molina","Midfielder",2020,3,"Serie A","64.28","130","130",86,"650000","Low"
351749,"Kalvin Phillips","Midfielder",2020,3,"Premier League","64.00","131","131",16,"15000000","Medium"
263918,"Aleksandr Golovin","Midfielder",2020,3,"Ligue 1","63.82","132","132",11,"20000000","High"
179635,"Philipp Förster","Midfielder",2020,3,"Bundesliga","63.39","133","133",3,"2000000","Low"
236045,"Denis Bouanga","Midfielder",2020,3,"Ligue 1","63.16","134","134",20,"8000000","Medium"
520624,"Bruno Guimarães","Midfielder",2020,3,"Ligue 1","63.11","135","135",22,"35000000","High"
214532,"Pierrick Capelle","Midfielder",2020,3,"Ligue 1","62.95","136","136",82,"1600000","Low"
84301,"Benjamin André","Midfielder",2020,3,"Ligue 1","62.93","137","137",20,"8000000","Medium"
57280,"Giacomo Bonaventura","Midfielder",2020,3,"Serie A","62.65","138","138",5,"12000000","Medium"
225083,"N'Golo Kanté","Midfielder",2020,3,"Premier League","62.59","139","139",15,"80000000","Elite"
175449,"Moi Gómez","Midfielder",2020,3,"La Liga","62.36","140","140",106,"4800000","Low"
127187,"Abdoulaye Doucouré","Midfielder",2020,3,"Premier League","62.33","141","141",11,"20000000","High"
141660,"Jesse Lingard","Midfielder",2020,3,"Premier League","62.33","141","142",42,"22000000","High"
221309,"Óscar Plano","Midfielder",2020,3,"La Liga","62.20","143","143",108,"3200000","Low"
82070,"Diego Demme","Midfielder",2020,3,"Serie A","62.13","144","144",122,"13500000","Medium"
215977,"Adrien Thomasson","Midfielder",2020,3,"Ligue 1","61.74","145","145",38,"6500000","Medium"
60444,"Thiago Alcántara","Midfielder",2020,3,"Premier League","61.49","146","146",113,"48000000","High"
401922,"Samuel Chukwueze","Midfielder",2020,3,"La Liga","61.08","147","147",102,"27000000","High"
135617,"Thiago Mendes","Midfielder",2020,3,"Ligue 1","60.46","148","148",11,"20000000","High"
212723,"Djibril Sow","Midfielder",2020,3,"Bundesliga","60.41","149","149",78,"9500000","Medium"
56762,"Pasquale Schiattarella","Midfielder",2020,3,"Serie A","60.32","150","150",30,"800000","Low"
1004741,"Pedro","Midfielder",2020,3,"Serie A","60.21","151","151",5,"12000000","Medium"
226973,"Harrison Reed","Midfielder",2020,3,"Premier League","60.07","152","152",23,"3000000","Low"
332697,"Weston McKennie","Midfielder",2020,3,"Serie A","59.31","153","154",11,"20000000","High"
332697,"Weston McKennie","Midfielder",2020,3,"Serie A","59.31","153","154",11,"20000000","High"
332697,"Weston McKennie","Midfielder",2020,3,"Serie A","59.31","153","153",11,"20000000","High"
332697,"Weston McKennie","Midfielder",2020,3,"Serie A","59.31","153","153",11,"20000000","High"
324811,"Arnaud Nordin","Midfielder",2020,3,"Ligue 1","59.08","155","155",52,"4500000","Low"
315969,"Scott McTominay","Midfielder",2020,3,"Premier League","58.97","156","156",126,"22500000","High"
238626,"Laurent Abergel","Midfielder",2020,3,"Ligue 1","58.81","157","158",59,"900000","Low"
49499,"Georginio Wijnaldum","Midfielder",2020,3,"Premier League","58.81","157","157",7,"40000000","High"
205562,"Thomas Lemar","Midfielder",2020,3,"La Liga","58.76","159","159",75,"24000000","High"
182913,"Adrien Rabiot","Midfielder",2020,3,"Serie A","58.67","160","160",117,"25500000","High"
85288,"Isco","Midfielder",2020,3,"La Liga","58.67","160","161",7,"40000000","High"
550495,"Fernando","Midfielder",2020,3,"La Liga","58.60","162","162",41,"10000000","Medium"
8806,"Cesc Fàbregas","Midfielder",2020,3,"Ligue 1","58.44","163","163",20,"8000000","Medium"
469669,"Yvan Neyou","Midfielder",2020,3,"Ligue 1","58.35","164","166",29,"400000","Low"
469669,"Yvan Neyou","Midfielder",2020,3,"Ligue 1","58.35","164","166",29,"400000","Low"
469669,"Yvan Neyou","Midfielder",2020,3,"Ligue 1","58.35","164","165",29,"400000","Low"
469669,"Yvan Neyou","Midfielder",2020,3,"Ligue 1","58.35","164","165",29,"400000","Low"
469669,"Yvan Neyou","Midfielder",2020,3,"Ligue 1","58.35","164","164",29,"400000","Low"
469669,"Yvan Neyou","Midfielder",2020,3,"Ligue 1","58.35","164","164",29,"400000","Low"
469669,"Yvan Neyou","Midfielder",2020,3,"Ligue 1","58.35","164","164",29,"400000","Low"
469669,"Yvan Neyou","Midfielder",2020,3,"Ligue 1","58.35","164","165",29,"400000","Low"
469669,"Yvan Neyou","Midfielder",2020,3,"Ligue 1","58.35","164","166",29,"400000","Low"
334835,"Toma Bašić","Midfielder",2020,3,"Ligue 1","57.92","167","167",6,"6000000","Medium"
309400,"Kai Havertz","Midfielder",2020,3,"Premier League","57.89","168","168",137,"81000000","Elite"
377393,"Pierre Lees-Melou","Midfielder",2020,3,"Ligue 1","57.44","169","169",41,"10000000","Medium"
43530,"Adam Lallana","Midfielder",2020,3,"Premier League","57.39","170","171",78,"9500000","Medium"
55099,"Nicolas Höfler","Midfielder",2020,3,"Bundesliga","57.39","170","170",33,"3500000","Low"
72479,"Clément Grenier","Midfielder",2020,3,"Ligue 1","56.80","172","172",67,"5500000","Medium"
488362,"Conor Gallagher","Midfielder",2020,3,"Premier League","56.43","173","174",6,"6000000","Medium"
488362,"Conor Gallagher","Midfielder",2020,3,"Premier League","56.43","173","173",6,"6000000","Medium"
488362,"Conor Gallagher","Midfielder",2020,3,"Premier League","56.43","173","174",6,"6000000","Medium"
488362,"Conor Gallagher","Midfielder",2020,3,"Premier League","56.43","173","173",6,"6000000","Medium"
435485,"Luiz Araújo","Midfielder",2020,3,"Ligue 1","55.95","175","175",67,"5500000","Medium"
278837,"Luis Rioja","Midfielder",2020,3,"La Liga","55.90","176","176",28,"2500000","Low"
195736,"Florian Grillitsch","Midfielder",2020,3,"Bundesliga","55.86","177","177",26,"25000000","High"
369081,"Federico Valverde","Midfielder",2020,3,"La Liga","55.58","178","178",55,"60000000","Elite"
118278,"Xavier Chavalerin","Midfielder",2020,3,"Ligue 1","55.38","179","179",14,"4000000","Low"
131109,"Gastón Brugman","Midfielder",2020,3,"Serie A","55.22","180","180",3,"2000000","Low"
410425,"Yves Bissouma","Midfielder",2020,3,"Premier League","55.06","181","181",78,"9500000","Medium"
162056,"Gonzalo Melero","Midfielder",2020,3,"La Liga","55.03","182","182",108,"3200000","Low"
455349,"Jon Morcillo","Midfielder",2020,3,"La Liga","55.01","183","183",103,"50000","Low"
344605,"Boubakary Soumaré","Midfielder",2020,3,"Ligue 1","54.49","184","184",102,"27000000","High"
89733,"Álex Fernández","Midfielder",2020,3,"La Liga","53.64","185","185",33,"3500000","Low"
57995,"Daniel Didavi","Midfielder",2020,3,"Bundesliga","53.59","186","186",3,"2000000","Low"
315332,"Aymen Barkok","Midfielder",2020,3,"Bundesliga","53.00","187","187",63,"1300000","Low"
389324,"Fernandinho","Midfielder",2020,3,"Premier League","52.93","188","188",20,"8000000","Medium"
465967,"Ander Guevara","Midfielder",2020,3,"La Liga","52.49","189","189",6,"6000000","Medium"
166237,"Leandro Paredes","Midfielder",2020,3,"Ligue 1","52.43","190","190",11,"20000000","High"
450050,"Jean-Ricner Bellegarde","Midfielder",2020,3,"Ligue 1","52.20","191","191",142,"3600000","Low"
314678,"Brahim Díaz","Midfielder",2020,3,"Serie A","52.11","192","193",122,"13500000","Medium"
314678,"Brahim Díaz","Midfielder",2020,3,"Serie A","52.11","192","192",122,"13500000","Medium"
314678,"Brahim Díaz","Midfielder",2020,3,"Serie A","52.11","192","193",122,"13500000","Medium"
314678,"Brahim Díaz","Midfielder",2020,3,"Serie A","52.11","192","192",122,"13500000","Medium"
581678,"Jude Bellingham","Midfielder",2020,3,"Bundesliga","51.72","194","194",5,"12000000","Medium"
290587,"Ellyes Skhiri","Midfielder",2020,3,"Bundesliga","51.40","195","195",124,"6800000","Medium"
339816,"Tete Morente","Midfielder",2020,3,"La Liga","51.35","196","196",29,"400000","Low"
74943,"Juraj Kucka","Midfielder",2020,3,"Serie A","51.35","197","197",14,"4000000","Low"
470794,"Ivan Ilić","Midfielder",2020,3,"Serie A","51.05","198","198",125,"525000","Low"
470794,"Ivan Ilić","Midfielder",2020,3,"Serie A","51.05","198","199",125,"525000","Low"
470794,"Ivan Ilić","Midfielder",2020,3,"Serie A","51.05","198","199",125,"525000","Low"
470794,"Ivan Ilić","Midfielder",2020,3,"Serie A","51.05","198","198",125,"525000","Low"
298575,"Kike Barja","Midfielder",2020,3,"La Liga","51.01","200","200",30,"800000","Low"
261905,"Suat Serdar","Midfielder",2020,3,"Bundesliga","50.94","201","201",26,"25000000","High"
20005,"Papu Gómez","Midfielder",2020,3,"Serie A","50.59","202","202",47,"13000000","Medium"
215616,"Erick Pulgar","Midfielder",2020,3,"Serie A","50.57","203","203",5,"12000000","Medium"
398163,"Gonzalo Villar","Midfielder",2020,3,"Serie A","50.43","204","204",23,"3000000","Low"
75942,"Tomás Rincón","Midfielder",2020,3,"Serie A","50.34","205","205",67,"5500000","Medium"
433188,"Curtis Jones","Midfielder",2020,3,"Premier League","50.23","206","206",40,"1800000","Low"
332889,"Valentin Rongier","Midfielder",2020,3,"Ligue 1","49.95","207","207",37,"16000000","Medium"
197300,"Federico Bernardeschi","Midfielder",2020,3,"Serie A","49.89","208","208",22,"35000000","High"
99559,"Alberto Perea","Midfielder",2020,3,"La Liga","49.82","209","209",56,"550000","Low"
309110,"Brais Méndez","Midfielder",2020,3,"La Liga","49.75","210","210",16,"15000000","Medium"
57372,"Lucas Deaux","Midfielder",2020,3,"Ligue 1","49.66","211","211",62,"1400000","Low"
353399,"Romain Del Castillo","Midfielder",2020,3,"Ligue 1","49.22","212","212",6,"6000000","Medium"
69633,"Christian Eriksen","Midfielder",2020,3,"Serie A","49.15","213","213",19,"85000000","Elite"
67548,"Rubén Rochina","Midfielder",2020,3,"La Liga","49.11","214","214",108,"3200000","Low"
44466,"Sebastian Rode","Midfielder",2020,3,"Bundesliga","48.86","215","215",14,"4000000","Low"
53418,"Kevin Kampl","Midfielder",2020,3,"Bundesliga","48.72","216","216",70,"17500000","Medium"
245056,"Saša Lukić","Midfielder",2020,3,"Serie A","48.49","217","217",108,"3200000","Low"
73547,"Oliver Norwood","Midfielder",2020,3,"Premier League","48.17","218","218",20,"8000000","Medium"
530902,"Abdoulaye Touré","Midfielder",2020,3,"Ligue 1","48.10","219","219",20,"8000000","Medium"
277533,"Josan","Midfielder",2020,3,"La Liga","47.89","220","220",29,"400000","Low"
670710,"André Gomes","Midfielder",2020,3,"Premier League","47.73","221","221",126,"22500000","High"
111508,"Allan Nyom","Midfielder",2020,3,"La Liga","47.57","222","222",14,"4000000","Low"
246968,"Ayoze Pérez","Midfielder",2020,3,"Premier League","47.48","223","223",75,"24000000","High"
148928,"Saúl Ñíguez","Midfielder",2020,3,"La Liga","47.46","224","224",123,"72000000","Elite"
163222,"Grégoire Defrel","Midfielder",2020,3,"Serie A","47.28","225","225",78,"9500000","Medium"
332705,"Tyler Adams","Midfielder",2020,3,"Bundesliga","47.19","226","226",141,"11500000","Medium"
202984,"Roque Mesa","Midfielder",2020,3,"La Liga","46.59","227","227",67,"5500000","Medium"
82097,"Christoph Kramer","Midfielder",2020,3,"Bundesliga","46.20","228","228",25,"7000000","Medium"
412671,"Quentin Boisgard","Midfielder",2020,3,"Ligue 1","46.20","229","229",82,"1600000","Low"
39025,"Danny Latza","Midfielder",2020,3,"Bundesliga","46.00","230","230",80,"2800000","Low"
293569,"Josh Brownhill","Midfielder",2020,3,"Premier League","45.47","231","231",25,"7000000","Medium"
98322,"Denis Cheryshev","Midfielder",2020,3,"La Liga","45.38","232","232",106,"4800000","Low"
321070,"Hannes Wolf","Midfielder",2020,3,"Bundesliga","45.22","233","234",39,"11000000","Medium"
321070,"Hannes Wolf","Midfielder",2020,3,"Bundesliga","45.22","233","234",39,"11000000","Medium"
321070,"Hannes Wolf","Midfielder",2020,3,"Bundesliga","45.22","233","233",39,"11000000","Medium"
321070,"Hannes Wolf","Midfielder",2020,3,"Bundesliga","45.22","233","233",39,"11000000","Medium"
552425,"Jon Moncayola","Midfielder",2020,3,"La Liga","45.22","235","235",23,"3000000","Low"
340867,"Jaime Seoane","Midfielder",2020,3,"La Liga","44.85","236","236",2,"500000","Low"
274839,"Wilfred Ndidi","Midfielder",2020,3,"Premier League","44.85","236","237",94,"36000000","High"
120095,"José Campaña","Midfielder",2020,3,"La Liga","44.60","238","238",5,"12000000","Medium"
296986,"Tyler Roberts","Midfielder",2020,3,"Premier League","44.16","239","239",14,"4000000","Low"
226524,"Morten Thorsby","Midfielder",2020,3,"Serie A","43.82","240","240",3,"2000000","Low"
353796,"Giulio Maggiore","Midfielder",2020,3,"Serie A","43.82","241","241",62,"1400000","Low"
228761,"Jony","Midfielder",2020,3,"La Liga","43.73","242","242",57,"8500000","Medium"
56794,"Fabien Lemoine","Midfielder",2020,3,"Ligue 1","43.27","243","243",13,"1000000","Low"
93678,"Gaëtan Charbonnier","Midfielder",2020,3,"Ligue 1","43.16","244","244",3,"2000000","Low"
66100,"Oriol Romeu","Midfielder",2020,3,"Premier League","43.09","245","245",20,"8000000","Medium"
3333,"James Milner","Midfielder",2020,3,"Premier League","42.77","246","246",20,"8000000","Medium"
346853,"Romano Schmid","Midfielder",2020,3,"Bundesliga","42.70","247","247",82,"1600000","Low"
192009,"Unai López","Midfielder",2020,3,"La Liga","42.43","248","248",112,"2400000","Low"
385271,"Allan","Midfielder",2020,3,"Premier League","41.99","249","249",7,"40000000","High"
123275,"Tom Cairney","Midfielder",2020,3,"Premier League","41.90","250","250",16,"15000000","Medium"
59551,"Ángel Montoro","Midfielder",2020,3,"La Liga","41.60","251","251",74,"1200000","Low"
316137,"Moussa Doumbia","Midfielder",2020,3,"Ligue 1","41.44","252","252",3,"2000000","Low"
378293,"Yangel Herrera","Midfielder",2020,3,"La Liga","41.40","253","253",41,"10000000","Medium"
93844,"Leonardo Bittencourt","Midfielder",2020,3,"Bundesliga","40.94","254","254",6,"6000000","Medium"
344599,"Yassine Benrahou","Midfielder",2020,3,"Ligue 1","40.76","255","255",23,"3000000","Low"
41414,"Lucas Leiva","Midfielder",2020,3,"Serie A","40.73","256","256",6,"6000000","Medium"
49275,"Albin Ekdal","Midfielder",2020,3,"Serie A","40.53","257","257",108,"3200000","Low"
53400,"Dominick Drexler","Midfielder",2020,3,"Bundesliga","40.50","258","258",108,"3200000","Low"
77826,"Ryad Boudebouz","Midfielder",2020,3,"Ligue 1","40.21","259","259",33,"3500000","Low"
63040,"Oier Sanjurjo","Midfielder",2020,3,"La Liga","40.16","260","260",119,"950000","Low"
525704,"Nicolò Rovella","Midfielder",2020,3,"Serie A","39.93","261","261",30,"800000","Low"
525704,"Nicolò Rovella","Midfielder",2020,3,"Serie A","39.93","261","261",30,"800000","Low"
525704,"Nicolò Rovella","Midfielder",2020,3,"Serie A","39.93","261","262",30,"800000","Low"
525704,"Nicolò Rovella","Midfielder",2020,3,"Serie A","39.93","261","262",30,"800000","Low"
173900,"Hélder Costa","Midfielder",2020,3,"Premier League","39.91","263","263",41,"10000000","Medium"
560593,"Hicham Boudaoui","Midfielder",2020,3,"Ligue 1","39.77","264","264",14,"4000000","Low"
91763,"Pablo Hernández","Midfielder",2020,3,"Premier League","39.29","265","265",17,"1500000","Low"
348795,"Giovani Lo Celso","Midfielder",2020,3,"Premier League","39.06","266","266",7,"40000000","High"
344575,"Antonin Bobichon","Midfielder",2020,3,"Ligue 1","38.83","267","267",80,"2800000","Low"
218087,"Ben Osborn","Midfielder",2020,3,"Premier League","38.63","268","268",3,"2000000","Low"
89701,"Charles Aránguiz","Midfielder",2020,3,"Bundesliga","38.33","269","269",5,"12000000","Medium"
121402,"Ahmad Benali","Midfielder",2020,3,"Serie A","38.22","270","270",3,"2000000","Low"
80444,"Philippe Coutinho","Midfielder",2020,3,"La Liga","38.15","271","271",118,"56000000","High"
60394,"Philipp Klement","Midfielder",2020,3,"Bundesliga","38.12","272","272",82,"1600000","Low"
44686,"Yannick Cahuzac","Midfielder",2020,3,"Ligue 1","38.10","273","273",2,"500000","Low"
37666,"Arturo Vidal","Midfielder",2020,3,"Serie A","38.01","274","274",39,"11000000","Medium"
372712,"Ibrahima Sissoko","Midfielder",2020,3,"Ligue 1","37.83","275","275",106,"4800000","Low"
53536,"Tolgay Arslan","Midfielder",2020,3,"Serie A","37.76","276","276",17,"1500000","Low"
391376,"Lamine Fomba","Midfielder",2020,3,"Ligue 1","37.51","277","277",142,"3600000","Low"
85393,"Nicolas Viola","Midfielder",2020,3,"Serie A","37.41","278","278",82,"1600000","Low"
497291,"Nicolás Domínguez","Midfielder",2020,3,"Serie A","37.37","279","279",150,"15500000","Medium"
98249,"Takashi Inui","Midfielder",2020,3,"La Liga","37.37","279","280",112,"2400000","Low"
397033,"Sandro Tonali","Midfielder",2020,3,"Serie A","37.12","281","281",22,"35000000","High"
397033,"Sandro Tonali","Midfielder",2020,3,"Serie A","37.12","281","282",22,"35000000","High"
397033,"Sandro Tonali","Midfielder",2020,3,"Serie A","37.12","281","281",22,"35000000","High"
397033,"Sandro Tonali","Midfielder",2020,3,"Serie A","37.12","281","282",22,"35000000","High"
67808,"Borja García","Midfielder",2020,3,"La Liga","37.03","283","283",108,"3200000","Low"
342385,"Guido Rodríguez","Midfielder",2020,3,"La Liga","37.03","284","284",41,"10000000","Medium"
351816,"Ismaël Bennacer","Midfielder",2020,3,"Serie A","36.59","285","285",42,"22000000","High"
333014,"Sander Berge","Midfielder",2020,3,"Premier League","36.36","286","286",11,"20000000","High"
272549,"Tony Mauricio","Midfielder",2020,3,"Ligue 1","36.02","287","287",28,"2500000","Low"
247250,"Rubén Alcaraz","Midfielder",2020,3,"La Liga","35.77","288","288",20,"8000000","Medium"
108537,"Jonas Hector","Midfielder",2020,3,"Bundesliga","35.13","289","289",124,"6800000","Medium"
33218,"Luca Cigarini","Midfielder",2020,3,"Serie A","35.10","290","290",30,"800000","Low"
281989,"Luis Milla","Midfielder",2020,3,"La Liga","34.60","291","291",82,"1600000","Low"
140757,"Daniel Bessa","Midfielder",2020,3,"Serie A","34.30","292","292",108,"3200000","Low"
94529,"Stephan El Shaarawy","Midfielder",2020,3,"Serie A","33.94","293","293",47,"13000000","Medium"
334526,"Denis Zakaria","Midfielder",2020,3,"Bundesliga","33.89","294","294",94,"36000000","High"
485963,"Pape Gueye","Midfielder",2020,3,"Ligue 1","33.75","295","295",60,"1750000","Low"
362842,"Arthur Melo","Midfielder",2020,3,"Serie A","32.65","296","296",118,"56000000","High"
20506,"Andrés Guardado","Midfielder",2020,3,"La Liga","32.24","297","297",108,"3200000","Low"
225873,"Karol Linetty","Midfielder",2020,3,"Serie A","32.17","298","298",39,"11000000","Medium"
353948,"Lucas Tousart","Midfielder",2020,3,"Bundesliga","31.99","299","299",37,"16000000","Medium"
234029,"Grischa Prömel","Midfielder",2020,3,"Bundesliga","31.97","300","300",82,"1600000","Low"
366930,"Sergio Gómez","Midfielder",2020,3,"La Liga","31.95","301","301",147,"2300000","Low"
337066,"Toni Villa","Midfielder",2020,3,"La Liga","31.85","302","302",108,"3200000","Low"
534033,"Alexis Mac Allister","Midfielder",2020,3,"Premier League","31.81","303","303",39,"11000000","Medium"
282810,"Carles Pérez","Midfielder",2020,3,"Serie A","31.69","304","304",21,"9000000","Medium"
323954,"Walace","Midfielder",2020,3,"Serie A","31.03","305","305",106,"4800000","Low"
616369,"Ander Barrenetxea","Midfielder",2020,3,"La Liga","30.66","306","307",21,"9000000","Medium"
386552,"Lassana Coulibaly","Midfielder",2020,3,"Ligue 1","30.66","306","306",119,"950000","Low"
127182,"Thomas Monconduit","Midfielder",2020,3,"Ligue 1","30.64","308","309",3,"2000000","Low"
281755,"Iván Alejo","Midfielder",2020,3,"La Liga","30.64","308","308",119,"950000","Low"
463618,"Khéphren Thuram","Midfielder",2020,3,"Ligue 1","30.34","310","310",14,"4000000","Low"
244940,"Salih Özcan","Midfielder",2020,3,"Bundesliga","29.95","311","311",23,"3000000","Low"
57845,"Tobias Strobl","Midfielder",2020,3,"Bundesliga","29.63","312","312",33,"3500000","Low"
100131,"William Carvalho","Midfielder",2020,3,"La Liga","29.52","313","313",37,"16000000","Medium"
101213,"Pedro Obiang","Midfielder",2020,3,"Serie A","29.08","314","314",67,"5500000","Medium"
141050,"Danilo Pereira","Midfielder",2020,3,"Ligue 1","28.54","315","316",75,"24000000","High"
141050,"Danilo Pereira","Midfielder",2020,3,"Ligue 1","28.54","315","316",75,"24000000","High"
141050,"Danilo Pereira","Midfielder",2020,3,"Ligue 1","28.54","315","315",75,"24000000","High"
141050,"Danilo Pereira","Midfielder",2020,3,"Ligue 1","28.54","315","315",75,"24000000","High"
343945,"Niccolò Zanellato","Midfielder",2020,3,"Serie A","28.24","317","317",62,"1400000","Low"
111051,"Nampalys Mendy","Midfielder",2020,3,"Premier League","27.41","318","318",67,"5500000","Medium"
527698,"Kike Pérez","Midfielder",2020,3,"La Liga","27.39","319","319",46,"250000","Low"
251309,"Dennis Geiger","Midfielder",2020,3,"Bundesliga","27.03","320","320",39,"11000000","Medium"
59340,"Iago Falque","Midfielder",2020,3,"Serie A","27.00","321","321",20,"8000000","Medium"
71579,"Iñigo Pérez","Midfielder",2020,3,"La Liga","27.00","322","322",121,"475000","Low"
160438,"Mohamed Elneny","Midfielder",2020,3,"Premier League","26.64","323","323",100,"6300000","Medium"
264116,"Gastón Pereiro","Midfielder",2020,3,"Serie A","26.32","324","324",20,"8000000","Medium"
617074,"Ilaix Moriba","Midfielder",2020,3,"La Liga","26.20","325","325",2,"500000","Low"
142031,"Omar Mascarell","Midfielder",2020,3,"Bundesliga","25.86","326","326",39,"11000000","Medium"
58396,"Christian Groß","Midfielder",2020,3,"Bundesliga","25.33","327","327",2,"500000","Low"
156779,"Erik Thommy","Midfielder",2020,3,"Bundesliga","24.65","328","328",67,"5500000","Medium"
158795,"David Timor","Midfielder",2020,3,"La Liga","24.62","329","329",82,"1600000","Low"
108650,"Yuya Osako","Midfielder",2020,3,"Bundesliga","24.58","330","330",52,"4500000","Low"
346707,"Sean Longstaff","Midfielder",2020,3,"Premier League","24.55","331","331",70,"17500000","Medium"
216179,"Stefano Sensi","Midfielder",2020,3,"Serie A","23.89","332","332",75,"24000000","High"
503991,"Yunus Musah","Midfielder",2020,3,"La Liga","23.66","333","333",34,"200000","Low"
207929,"Dele Alli","Midfielder",2020,3,"Premier League","23.50","334","334",15,"80000000","Elite"
190393,"Corentin Tolisso","Midfielder",2020,3,"Bundesliga","23.48","335","335",50,"32000000","High"
586853,"Vitinha","Midfielder",2020,3,"Premier League","23.34","336","336",63,"1300000","Low"
106872,"Kevin Stöger","Midfielder",2020,3,"Bundesliga","23.32","337","337",14,"4000000","Low"
323872,"Andrés Cubas","Midfielder",2020,3,"Ligue 1","23.30","338","338",108,"3200000","Low"
46001,"Moussa Sissoko","Midfielder",2020,3,"Premier League","23.20","339","339",11,"20000000","High"
40074,"Stefan Ilsanker","Midfielder",2020,3,"Bundesliga","23.09","340","340",112,"2400000","Low"
282694,"Augusto Solari","Midfielder",2020,3,"La Liga","22.33","341","341",14,"4000000","Low"
93726,"Paul Lasne","Midfielder",2020,3,"Ligue 1","22.04","342","342",87,"1700000","Low"
337946,"Jairo Izquierdo","Midfielder",2020,3,"La Liga","21.99","343","343",86,"650000","Low"
213670,"Lucas Torró","Midfielder",2020,3,"La Liga","21.40","344","344",112,"2400000","Low"
476237,"Steven Alzate","Midfielder",2020,3,"Premier League","21.40","345","345",147,"2300000","Low"
247555,"Edimilson Fernandes","Midfielder",2020,3,"Bundesliga","21.35","346","346",67,"5500000","Medium"
261504,"Aleix García","Midfielder",2020,3,"La Liga","21.10","347","348",108,"3200000","Low"
261504,"Aleix García","Midfielder",2020,3,"La Liga","21.10","347","348",108,"3200000","Low"
261504,"Aleix García","Midfielder",2020,3,"La Liga","21.10","347","347",108,"3200000","Low"
261504,"Aleix García","Midfielder",2020,3,"La Liga","21.10","347","347",108,"3200000","Low"
289257,"Jon Guridi","Midfielder",2020,3,"La Liga","20.85","349","349",107,"325000","Low"
231025,"Jordan Marié","Midfielder",2020,3,"Ligue 1","20.34","350","350",30,"800000","Low"
334186,"Fabian Kunze","Midfielder",2020,3,"Bundesliga","19.66","351","351",2,"500000","Low"
122043,"Héctor Herrera","Midfielder",2020,3,"La Liga","19.66","351","352",37,"16000000","Medium"
275423,"Christian Gebauer","Midfielder",2020,3,"Bundesliga","19.41","353","353",56,"550000","Low"
35047,"Axel Witsel","Midfielder",2020,3,"Bundesliga","19.08","354","354",115,"21500000","High"
148262,"Jeff Hendrick","Midfielder",2020,3,"Premier League","18.97","355","355",21,"9000000","Medium"
205503,"Ibrahim Amadou","Midfielder",2020,3,"Ligue 1","18.70","356","356",67,"5500000","Medium"
242497,"Pere Pons","Midfielder",2020,3,"La Liga","18.67","357","357",108,"3200000","Low"
266795,"Gonzalo Escalante","Midfielder",2020,3,"Serie A","18.60","358","358",108,"3200000","Low"
342048,"Grady Diangana","Midfielder",2020,3,"Premier League","17.99","359","359",9,"5000000","Medium"
218067,"Jacopo Petriccione","Midfielder",2020,3,"Serie A","17.64","360","360",112,"2400000","Low"
429014,"Morgan Gibbs-White","Midfielder",2020,3,"Premier League","16.93","361","361",148,"7200000","Medium"
429014,"Morgan Gibbs-White","Midfielder",2020,3,"Premier League","16.93","361","362",148,"7200000","Medium"
429014,"Morgan Gibbs-White","Midfielder",2020,3,"Premier League","16.93","361","361",148,"7200000","Medium"
429014,"Morgan Gibbs-White","Midfielder",2020,3,"Premier League","16.93","361","362",148,"7200000","Medium"
344830,"Tahith Chong","Midfielder",2020,3,"Bundesliga","16.73","363","363",100,"6300000","Medium"
344830,"Tahith Chong","Midfielder",2020,3,"Bundesliga","16.73","363","364",100,"6300000","Medium"
344830,"Tahith Chong","Midfielder",2020,3,"Bundesliga","16.73","363","364",100,"6300000","Medium"
344830,"Tahith Chong","Midfielder",2020,3,"Bundesliga","16.73","363","363",100,"6300000","Medium"
405398,"Takefusa Kubo","Midfielder",2020,3,"La Liga","16.61","365","368",122,"13500000","Medium"
405398,"Takefusa Kubo","Midfielder",2020,3,"La Liga","16.61","365","369",122,"13500000","Medium"
405398,"Takefusa Kubo","Midfielder",2020,3,"La Liga","16.61","365","368",122,"13500000","Medium"
405398,"Takefusa Kubo","Midfielder",2020,3,"La Liga","16.61","365","367",122,"13500000","Medium"
405398,"Takefusa Kubo","Midfielder",2020,3,"La Liga","16.61","365","369",122,"13500000","Medium"
405398,"Takefusa Kubo","Midfielder",2020,3,"La Liga","16.61","365","366",122,"13500000","Medium"
405398,"Takefusa Kubo","Midfielder",2020,3,"La Liga","16.61","365","367",122,"13500000","Medium"
405398,"Takefusa Kubo","Midfielder",2020,3,"La Liga","16.61","365","367",122,"13500000","Medium"
405398,"Takefusa Kubo","Midfielder",2020,3,"La Liga","16.61","365","366",122,"13500000","Medium"
405398,"Takefusa Kubo","Midfielder",2020,3,"La Liga","16.61","365","369",122,"13500000","Medium"
302215,"Naby Keïta","Midfielder",2020,3,"Premier League","16.61","365","365",136,"33500000","High"
405398,"Takefusa Kubo","Midfielder",2020,3,"La Liga","16.61","365","366",122,"13500000","Medium"
405398,"Takefusa Kubo","Midfielder",2020,3,"La Liga","16.61","365","367",122,"13500000","Medium"
405398,"Takefusa Kubo","Midfielder",2020,3,"La Liga","16.61","365","368",122,"13500000","Medium"
405398,"Takefusa Kubo","Midfielder",2020,3,"La Liga","16.61","365","369",122,"13500000","Medium"
405398,"Takefusa Kubo","Midfielder",2020,3,"La Liga","16.61","365","366",122,"13500000","Medium"
405398,"Takefusa Kubo","Midfielder",2020,3,"La Liga","16.61","365","368",122,"13500000","Medium"
392538,"Tommaso Pobega","Midfielder",2020,3,"Serie A","16.61","370","370",3,"2000000","Low"
392538,"Tommaso Pobega","Midfielder",2020,3,"Serie A","16.61","370","371",3,"2000000","Low"
392538,"Tommaso Pobega","Midfielder",2020,3,"Serie A","16.61","370","370",3,"2000000","Low"
392538,"Tommaso Pobega","Midfielder",2020,3,"Serie A","16.61","370","371",3,"2000000","Low"
249126,"Harry Winks","Midfielder",2020,3,"Premier League","16.59","372","372",50,"32000000","High"
106270,"Florian Kainz","Midfielder",2020,3,"Bundesliga","16.54","373","373",112,"2400000","Low"
293210,"Amer Gojak","Midfielder",2020,3,"Serie A","16.32","374","374",67,"5500000","Medium"
138935,"Sergio Álvarez","Midfielder",2020,3,"La Liga","16.25","375","375",74,"1200000","Low"
206225,"Isaac Hayden","Midfielder",2020,3,"Premier League","15.84","376","376",20,"8000000","Medium"
620313,"Lucas Gourna-Douath","Midfielder",2020,3,"Ligue 1","15.51","377","377",17,"1500000","Low"
63494,"Étienne Capoue","Midfielder",2020,3,"La Liga","15.51","378","378",114,"5200000","Medium"
154199,"Wesley Lautoa","Midfielder",2020,3,"Ligue 1","15.51","378","379",62,"1400000","Low"
225462,"José Mari","Midfielder",2020,3,"La Liga","15.31","380","381",29,"400000","Low"
199733,"Danilo Cataldi","Midfielder",2020,3,"Serie A","15.31","380","380",108,"3200000","Low"
624037,"Joris Chotard","Midfielder",2020,3,"Ligue 1","14.62","382","382",100,"6300000","Medium"
423444,"Fran Beltrán","Midfielder",2020,3,"La Liga","14.14","383","383",122,"13500000","Medium"
392763,"Ian Poveda","Midfielder",2020,3,"Premier League","14.10","384","384",61,"750000","Low"
134883,"Daniele Baselli","Midfielder",2020,3,"Serie A","13.71","385","385",32,"7500000","Medium"
557610,"Isaac Lihadji","Midfielder",2020,3,"Ligue 1","13.59","386","386",108,"3200000","Low"
34787,"Julian Baumgartlinger","Midfielder",2020,3,"Bundesliga","12.75","387","387",112,"2400000","Low"
507486,"Simon Sohm","Midfielder",2020,3,"Serie A","12.65","388","388",48,"1250000","Low"
165793,"Takumi Minamino","Midfielder",2020,3,"Premier League","12.40","389","389",41,"10000000","Medium"
165793,"Takumi Minamino","Midfielder",2020,3,"Premier League","12.40","389","389",41,"10000000","Medium"
165793,"Takumi Minamino","Midfielder",2020,3,"Premier League","12.40","389","390",41,"10000000","Medium"
165793,"Takumi Minamino","Midfielder",2020,3,"Premier League","12.40","389","390",41,"10000000","Medium"
288255,"Donny van de Beek","Midfielder",2020,3,"Premier League","12.38","391","391",133,"44000000","High"
421726,"Keita Endo","Midfielder",2020,3,"Bundesliga","12.33","392","392",63,"1300000","Low"
818495,"Otávio","Midfielder",2020,3,"Ligue 1","12.29","393","393",38,"6500000","Medium"
120705,"Juan Carlos","Midfielder",2020,3,"La Liga","12.20","394","394",107,"325000","Low"
197473,"Alberto Grassi","Midfielder",2020,3,"Serie A","12.17","395","395",67,"5500000","Medium"
423436,"Santiago Ascacíbar","Midfielder",2020,3,"Bundesliga","11.99","396","396",20,"8000000","Medium"
429874,"Ansgar Knauff","Midfielder",2020,3,"Bundesliga","11.76","397","397",58,"150000","Low"
463613,"Yann Gboho","Midfielder",2020,3,"Ligue 1","11.60","398","398",23,"3000000","Low"
126699,"Vincent Pajot","Midfielder",2020,3,"Ligue 1","11.53","399","399",82,"1600000","Low"
503749,"Jacob Ramsey","Midfielder",2020,3,"Premier League","10.98","400","400",17,"1500000","Low"
285845,"Ainsley Maitland-Niles","Midfielder",2020,3,"Premier League","9.34","401","401",109,"14500000","Medium"
474662,"Hugo Magnetti","Midfielder",2020,3,"Ligue 1","9.15","402","402",27,"600000","Low"
315862,"Filippo Melegoni","Midfielder",2020,3,"Serie A","9.08","403","404",59,"900000","Low"
455661,"Nick Woltemade","Midfielder",2020,3,"Bundesliga","9.08","403","403",35,"350000","Low"
535834,"Eliot Matazo","Midfielder",2020,3,"Ligue 1","8.79","405","405",29,"400000","Low"
235931,"Alessandro Deiola","Midfielder",2020,3,"Serie A","8.56","406","406",119,"950000","Low"
346332,"Nassim Boujellab","Midfielder",2020,3,"Bundesliga","8.42","407","407",59,"900000","Low"
428954,"Stéphane Diarra","Midfielder",2020,3,"Ligue 1","8.03","408","408",59,"900000","Low"
490426,"Krépin Diatta","Midfielder",2020,3,"Ligue 1","7.94","409","409",105,"21000000","High"
39909,"Sylvain Marveaux","Midfielder",2020,3,"Ligue 1","6.57","410","410",2,"500000","Low"
182889,"Wylan Cyprien","Midfielder",2020,3,"Serie A","6.50","411","411",109,"14500000","Medium"
177779,"Janik Haberer","Midfielder",2020,3,"Bundesliga","6.32","412","412",20,"8000000","Medium"
74294,"Nemanja Gudelj","Midfielder",2020,3,"La Liga","6.09","413","413",67,"5500000","Medium"
342039,"Yannik Keitel","Midfielder",2020,3,"Bundesliga","6.00","414","414",68,"75000","Low"
243589,"Josh Onomah","Midfielder",2020,3,"Premier League","5.90","415","415",9,"5000000","Medium"
21905,"Valon Behrami","Midfielder",2020,3,"Serie A","5.84","416","416",27,"600000","Low"
391719,"Domingos Quina","Midfielder",2020,3,"La Liga","5.77","417","418",108,"3200000","Low"
391719,"Domingos Quina","Midfielder",2020,3,"La Liga","5.77","417","418",108,"3200000","Low"
391719,"Domingos Quina","Midfielder",2020,3,"La Liga","5.77","417","417",108,"3200000","Low"
391719,"Domingos Quina","Midfielder",2020,3,"La Liga","5.77","417","417",108,"3200000","Low"
308279,"Rolando Mandragora","Midfielder",2020,3,"Serie A","5.72","419","420",5,"12000000","Medium"
308279,"Rolando Mandragora","Midfielder",2020,3,"Serie A","5.72","419","420",5,"12000000","Medium"
308279,"Rolando Mandragora","Midfielder",2020,3,"Serie A","5.72","419","419",5,"12000000","Medium"
308279,"Rolando Mandragora","Midfielder",2020,3,"Serie A","5.72","419","419",5,"12000000","Medium"
591914,"Warren Tchimbembé","Midfielder",2020,3,"Ligue 1","5.26","421","421",44,"300000","Low"
56067,"Pablo Piatti","Midfielder",2020,3,"La Liga","5.08","422","422",112,"2400000","Low"
285323,"Baptiste Santamaria","Midfielder",2020,3,"Ligue 1","4.99","423","423",25,"7000000","Medium"
158704,"Jon Ander Garrido","Midfielder",2020,3,"La Liga","4.53","424","424",86,"650000","Low"
413262,"Dani Raba","Midfielder",2020,3,"La Liga","4.26","425","425",82,"1600000","Low"
127189,"Geoffrey Kondogbia","Midfielder",2020,3,"La Liga","4.12","426","426",126,"22500000","High"
153555,"Sebastian Griesbeck","Midfielder",2020,3,"Bundesliga","3.82","427","427",13,"1000000","Low"
537762,"Sergio Arribas","Midfielder",2020,3,"La Liga","3.71","428","428",58,"150000","Low"
463620,"Willem Geubbels","Midfielder",2020,3,"Ligue 1","2.59","429","429",100,"6300000","Medium"
283141,"Blendi Idrizi","Midfielder",2020,3,"Bundesliga","2.49","430","430",68,"75000","Low"
341501,"Hamza Choudhury","Midfielder",2020,3,"Premier League","2.45","431","431",20,"8000000","Medium"
338425,"Álex Berenguer","Midfielder",2020,3,"Serie A","1.65","432","432",106,"4800000","Low"
111057,"Idriss Saadi","Midfielder",2020,3,"Ligue 1","1.35","433","433",59,"900000","Low"
238981,"Vittorio Parigini","Midfielder",2020,3,"Serie A","1.10","434","434",74,"1200000","Low"
373899,"Jacopo Segre","Midfielder",2020,3,"Serie A","1.05","435","435",30,"800000","Low"
569366,"Enzo Millot","Midfielder",2020,3,"Ligue 1","0.71","436","436",2,"500000","Low"
596881,"Florian Flick","Midfielder",2020,3,"Bundesliga","0.64","437","437",101,"175000","Low"
110338,"Luca Mora","Midfielder",2020,3,"Serie A","0.21","438","438",125,"525000","Low"
563963,"Mohammed Salisu","Defender",2021,4,"Premier League","98.16","1","1",41,"10000000","Medium"
270051,"Andrei Girotto","Defender",2021,4,"Ligue 1","97.94","2","2",14,"4000000","Low"
388198,"Nico Schlotterbeck","Defender",2021,4,"Bundesliga","96.05","3","3",14,"4000000","Low"
173504,"James Tarkowski","Defender",2021,4,"Premier League","94.73","4","4",26,"25000000","High"
386057,"Julien Laporte","Defender",2021,4,"Ligue 1","94.28","5","5",3,"2000000","Low"
415912,"Konstantinos Mavropanos","Defender",2021,4,"Bundesliga","94.22","6","6",28,"2500000","Low"
125020,"José Luis Palomino","Defender",2021,4,"Serie A","93.23","7","7",41,"10000000","Medium"
216870,"Nacho Vidal","Defender",2021,4,"La Liga","91.14","8","8",3,"2000000","Low"
605184,"Jean-Clair Todibo","Defender",2021,4,"Ligue 1","90.67","9","9",5,"12000000","Medium"
442248,"Ethan Pinnock","Defender",2021,4,"Premier League","88.99","10","10",9,"5000000","Medium"
121385,"Grant Hanley","Defender",2021,4,"Premier League","88.97","11","11",80,"2800000","Low"
311044,"Alfonso Espino","Defender",2021,4,"La Liga","88.45","12","12",3,"2000000","Low"
177046,"Rubén Duarte","Defender",2021,4,"La Liga","88.43","13","13",52,"4500000","Low"
334221,"Amos Pieper","Defender",2021,4,"Bundesliga","88.43","14","14",52,"4500000","Low"
401530,"Éder Militão","Defender",2021,4,"La Liga","87.98","15","15",43,"30000000","High"
251876,"Pablo Maffeo","Defender",2021,4,"La Liga","87.26","16","17",23,"3000000","Low"
251876,"Pablo Maffeo","Defender",2021,4,"La Liga","87.26","16","17",23,"3000000","Low"
251876,"Pablo Maffeo","Defender",2021,4,"La Liga","87.26","16","16",23,"3000000","Low"
251876,"Pablo Maffeo","Defender",2021,4,"La Liga","87.26","16","16",23,"3000000","Low"
82350,"Stefan Bell","Defender",2021,4,"Bundesliga","87.22","18","18",62,"1400000","Low"
111195,"Joël Veltman","Defender",2021,4,"Premier League","87.13","19","19",9,"5000000","Medium"
154396,"Danilo Soares","Defender",2021,4,"Bundesliga","86.59","20","20",17,"1500000","Low"
250779,"Brendan Chardonnet","Defender",2021,4,"Ligue 1","86.57","21","21",3,"2000000","Low"
199704,"Yunis Abdelhamid","Defender",2021,4,"Ligue 1","86.48","22","22",28,"2500000","Low"
532937,"Johan Vásquez","Defender",2021,4,"Serie A","86.39","23","24",6,"6000000","Medium"
532937,"Johan Vásquez","Defender",2021,4,"Serie A","86.39","23","23",6,"6000000","Medium"
532937,"Johan Vásquez","Defender",2021,4,"Serie A","86.39","23","24",6,"6000000","Medium"
532937,"Johan Vásquez","Defender",2021,4,"Serie A","86.39","23","23",6,"6000000","Medium"
125314,"Pontus Jansson","Defender",2021,4,"Premier League","86.37","25","25",52,"4500000","Low"
126281,"Alexander Hack","Defender",2021,4,"Bundesliga","85.76","26","26",17,"1500000","Low"
303254,"Fikayo Tomori","Defender",2021,4,"Serie A","85.67","27","27",11,"20000000","High"
57467,"Romain Thomas","Defender",2021,4,"Ligue 1","84.98","28","28",40,"1800000","Low"
413507,"Nikola Milenković","Defender",2021,4,"Serie A","84.39","29","29",26,"25000000","High"
216804,"Joakim Nilsson","Defender",2021,4,"Bundesliga","84.22","30","30",3,"2000000","Low"
108537,"Jonas Hector","Defender",2021,4,"Bundesliga","84.08","31","31",9,"5000000","Medium"
182712,"João Cancelo","Defender",2021,4,"Premier League","83.83","32","32",8,"50000000","High"
139279,"Nicolas Pallois","Defender",2021,4,"Ligue 1","83.74","33","33",3,"2000000","Low"
353032,"Omar Alderete","Defender",2021,4,"La Liga","83.65","34","34",38,"6500000","Medium"
353032,"Omar Alderete","Defender",2021,4,"La Liga","83.65","34","35",38,"6500000","Medium"
353032,"Omar Alderete","Defender",2021,4,"La Liga","83.65","34","34",38,"6500000","Medium"
353032,"Omar Alderete","Defender",2021,4,"La Liga","83.65","34","35",38,"6500000","Medium"
494880,"Jorge Cuenca","Defender",2021,4,"La Liga","83.54","36","37",23,"3000000","Low"
494880,"Jorge Cuenca","Defender",2021,4,"La Liga","83.54","36","36",23,"3000000","Low"
494880,"Jorge Cuenca","Defender",2021,4,"La Liga","83.54","36","37",23,"3000000","Low"
494880,"Jorge Cuenca","Defender",2021,4,"La Liga","83.54","36","36",23,"3000000","Low"
221150,"Djené","Defender",2021,4,"La Liga","83.03","38","38",26,"25000000","High"
124732,"John Brooks","Defender",2021,4,"Bundesliga","82.89","39","39",5,"12000000","Medium"
102423,"Leandro Cabrera","Defender",2021,4,"La Liga","82.76","40","40",9,"5000000","Medium"
106405,"Jeffrey Gouweleeuw","Defender",2021,4,"Bundesliga","82.20","41","41",21,"9000000","Medium"
243028,"Jan Bednarek","Defender",2021,4,"Premier League","82.09","42","42",26,"25000000","High"
158764,"Stuart Dallas","Defender",2021,4,"Premier League","81.88","43","43",23,"3000000","Low"
495666,"William Saliba","Defender",2021,4,"Ligue 1","81.66","44","44",10,"18000000","Medium"
495666,"William Saliba","Defender",2021,4,"Ligue 1","81.66","44","44",10,"18000000","Medium"
495666,"William Saliba","Defender",2021,4,"Ligue 1","81.66","44","45",10,"18000000","Medium"
495666,"William Saliba","Defender",2021,4,"Ligue 1","81.66","44","45",10,"18000000","Medium"
205054,"Norbert Gyömbér","Defender",2021,4,"Serie A","81.19","46","46",86,"650000","Low"
236981,"Timo Hübers","Defender",2021,4,"Bundesliga","81.10","47","47",17,"1500000","Low"
351843,"Yoann Salmier","Defender",2021,4,"Ligue 1","80.81","48","48",17,"1500000","Low"
335721,"Ben White","Defender",2021,4,"Premier League","80.20","49","49",26,"25000000","High"
485965,"Nicolas Cozza","Defender",2021,4,"Ligue 1","80.16","50","50",77,"3800000","Low"
263236,"Kevin Danso","Defender",2021,4,"Ligue 1","80.13","51","51",9,"5000000","Medium"
16136,"Dante","Defender",2021,4,"Ligue 1","79.55","52","52",13,"1000000","Low"
298589,"David García","Defender",2021,4,"La Liga","79.22","53","53",32,"7500000","Medium"
292808,"Wout Faes","Defender",2021,4,"Ligue 1","78.97","54","54",14,"4000000","Low"
442552,"Houboulang Mendes","Defender",2021,4,"Ligue 1","78.61","55","55",74,"1200000","Low"
93604,"Lukas Kübler","Defender",2021,4,"Bundesliga","78.48","56","56",17,"1500000","Low"
344695,"Dayot Upamecano","Defender",2021,4,"Bundesliga","78.34","57","57",55,"60000000","Elite"
710131,"Diego Llorente","Defender",2021,4,"Premier League","78.09","58","58",11,"20000000","High"
710131,"Diego Llorente","Defender",2021,4,"Premier League","78.09","58","59",11,"20000000","High"
710131,"Diego Llorente","Defender",2021,4,"Premier League","78.09","58","59",11,"20000000","High"
710131,"Diego Llorente","Defender",2021,4,"Premier League","78.09","58","58",11,"20000000","High"
75067,"Liam Cooper","Defender",2021,4,"Premier League","77.85","60","60",25,"7000000","Medium"
353892,"Hiroki Ito","Defender",2021,4,"Bundesliga","77.67","61","62",83,"450000","Low"
353892,"Hiroki Ito","Defender",2021,4,"Bundesliga","77.67","61","61",83,"450000","Low"
353892,"Hiroki Ito","Defender",2021,4,"Bundesliga","77.67","61","62",83,"450000","Low"
353892,"Hiroki Ito","Defender",2021,4,"Bundesliga","77.67","61","61",83,"450000","Low"
251075,"Zeki Çelik","Defender",2021,4,"Ligue 1","77.49","63","63",11,"20000000","High"
203746,"Ruben Aguilar","Defender",2021,4,"Ligue 1","77.24","64","64",41,"10000000","Medium"
290017,"Hassane Kamara","Defender",2021,4,"Premier League","77.13","65","65",20,"8000000","Medium"
297070,"Hamari Traoré","Defender",2021,4,"Ligue 1","76.77","66","66",20,"8000000","Medium"
546213,"Tuta","Defender",2021,4,"Bundesliga","76.73","67","67",14,"4000000","Low"
327863,"Akim Zedadka","Defender",2021,4,"Ligue 1","76.48","68","68",74,"1200000","Low"
187491,"Timo Baumgartl","Defender",2021,4,"Bundesliga","75.92","69","69",33,"3500000","Low"
358250,"Joseph Aidoo","Defender",2021,4,"La Liga","75.85","70","70",25,"7000000","Medium"
448628,"Javi Galán","Defender",2021,4,"La Liga","75.74","71","71",33,"3500000","Low"
474800,"Facundo Medina","Defender",2021,4,"Ligue 1","75.70","72","72",41,"10000000","Medium"
239099,"Pietro Ceccaroni","Defender",2021,4,"Serie A","75.29","73","73",79,"1100000","Low"
355915,"Cristian Romero","Defender",2021,4,"Premier League","75.20","74","74",26,"25000000","High"
355915,"Cristian Romero","Defender",2021,4,"Premier League","75.20","74","75",26,"25000000","High"
355915,"Cristian Romero","Defender",2021,4,"Premier League","75.20","74","75",26,"25000000","High"
355915,"Cristian Romero","Defender",2021,4,"Premier League","75.20","74","74",26,"25000000","High"
344072,"Kelvin Amian","Defender",2021,4,"Serie A","74.93","76","77",33,"3500000","Low"
92572,"Joel Ward","Defender",2021,4,"Premier League","74.93","76","76",80,"2800000","Low"
410185,"Ronaël Pierre-Gabriel","Defender",2021,4,"Ligue 1","74.91","78","78",14,"4000000","Low"
168989,"Silvan Widmer","Defender",2021,4,"Bundesliga","74.84","79","79",14,"4000000","Low"
256448,"Gianluca Mancini","Defender",2021,4,"Serie A","74.62","80","80",43,"30000000","High"
196357,"Jonathan Tah","Defender",2021,4,"Bundesliga","74.48","81","81",11,"20000000","High"
225657,"Philipp Lienhart","Defender",2021,4,"Bundesliga","74.19","82","82",24,"14000000","Medium"
84085,"Timothée Kolodziejczak","Defender",2021,4,"Ligue 1","74.13","83","83",14,"4000000","Low"
192635,"Nico Elvedi","Defender",2021,4,"Bundesliga","73.97","84","84",50,"32000000","High"
193004,"Waldemar Anton","Defender",2021,4,"Bundesliga","73.88","85","85",25,"7000000","Medium"
284732,"Ramy Bensebaini","Defender",2021,4,"Bundesliga","73.86","86","86",42,"22000000","High"
193098,"Álex Moreno","Defender",2021,4,"La Liga","73.83","87","87",21,"9000000","Medium"
253677,"Tyrone Mings","Defender",2021,4,"Premier League","73.59","88","88",102,"27000000","High"
666234,"Mohamed Simakan","Defender",2021,4,"Bundesliga","73.30","89","90",10,"18000000","Medium"
294817,"Thiago Silva","Defender",2021,4,"Premier League","73.30","89","89",33,"3500000","Low"
175639,"Jonathan Clauss","Defender",2021,4,"Ligue 1","72.91","91","91",3,"2000000","Low"
338629,"Sebastiaan Bornauw","Defender",2021,4,"Bundesliga","72.83","92","92",5,"12000000","Medium"
158863,"Iñigo Martínez","Defender",2021,4,"La Liga","72.31","93","93",26,"25000000","High"
127108,"Florian Lejeune","Defender",2021,4,"La Liga","72.09","94","94",154,"4200000","Low"
86202,"Antonio Rüdiger","Defender",2021,4,"Premier League","71.95","95","95",26,"25000000","High"
169880,"Giovanni Di Lorenzo","Defender",2021,4,"Serie A","71.91","96","96",75,"24000000","High"
111058,"Arnaud Souquet","Defender",2021,4,"Ligue 1","71.79","97","97",23,"3000000","Low"
278531,"Sebastiano Luperto","Defender",2021,4,"Serie A","71.64","98","99",134,"2700000","Low"
278531,"Sebastiano Luperto","Defender",2021,4,"Serie A","71.64","98","99",134,"2700000","Low"
278531,"Sebastiano Luperto","Defender",2021,4,"Serie A","71.64","98","98",134,"2700000","Low"
278531,"Sebastiano Luperto","Defender",2021,4,"Serie A","71.64","98","98",134,"2700000","Low"
225015,"Carlos Akapo","Defender",2021,4,"La Liga","71.59","100","100",30,"800000","Low"
410708,"Pascal Struijk","Defender",2021,4,"Premier League","71.59","101","101",25,"7000000","Medium"
573907,"Luiz Felipe","Defender",2021,4,"Serie A","71.26","102","102",11,"20000000","High"
450417,"Dylan Bronn","Defender",2021,4,"Ligue 1","71.19","103","103",6,"6000000","Medium"
177907,"Harry Maguire","Defender",2021,4,"Premier League","71.10","104","104",7,"40000000","High"
260827,"Joachim Andersen","Defender",2021,4,"Premier League","70.47","105","105",16,"15000000","Medium"
57216,"Ismaël Traoré","Defender",2021,4,"Ligue 1","70.38","106","106",17,"1500000","Low"
91473,"Florent Ogier","Defender",2021,4,"Ligue 1","70.18","107","107",71,"700000","Low"
68390,"Séamus Coleman","Defender",2021,4,"Premier League","70.18","107","108",25,"7000000","Medium"
453016,"Anthony Caci","Defender",2021,4,"Ligue 1","70.16","109","109",14,"4000000","Low"
182875,"Jean-Charles Castelletto","Defender",2021,4,"Ligue 1","69.96","110","110",28,"2500000","Low"
92947,"Sergi Gómez","Defender",2021,4,"La Liga","69.62","111","111",33,"3500000","Low"
183031,"Koffi Djidji","Defender",2021,4,"Serie A","69.42","112","112",40,"1800000","Low"
481834,"Andrea Carboni","Defender",2021,4,"Serie A","69.01","113","113",9,"5000000","Medium"
262226,"Timothy Castagne","Defender",2021,4,"Premier League","68.92","114","114",75,"24000000","High"
121477,"Craig Dawson","Defender",2021,4,"Premier League","68.92","114","115",9,"5000000","Medium"
75921,"Christopher Trimmel","Defender",2021,4,"Bundesliga","68.90","116","116",74,"1200000","Low"
186862,"Enzo Roco","Defender",2021,4,"La Liga","68.52","117","117",40,"1800000","Low"
341051,"Kyle Walker-Peters","Defender",2021,4,"Premier League","68.21","118","118",10,"18000000","Medium"
315853,"Alessandro Bastoni","Defender",2021,4,"Serie A","67.83","119","119",54,"55000000","High"
93128,"Kalidou Koulibaly","Defender",2021,4,"Serie A","67.69","120","120",8,"50000000","High"
386047,"Axel Disasi","Defender",2021,4,"Ligue 1","67.62","121","121",10,"18000000","Medium"
485960,"Lilian Brassier","Defender",2021,4,"Ligue 1","67.60","122","122",3,"2000000","Low"
282041,"Presnel Kimpembe","Defender",2021,4,"Ligue 1","67.56","123","123",7,"40000000","High"
162434,"Niklas Stark","Defender",2021,4,"Bundesliga","67.31","124","124",41,"10000000","Medium"
257097,"Ben Davies","Defender",2021,4,"Premier League","67.24","125","126",37,"16000000","Medium"
257097,"Ben Davies","Defender",2021,4,"Premier League","67.24","125","125",37,"16000000","Medium"
257097,"Ben Davies","Defender",2021,4,"Premier League","67.24","125","126",37,"16000000","Medium"
257097,"Ben Davies","Defender",2021,4,"Premier League","67.24","125","125",37,"16000000","Medium"
165513,"Berat Djimsiti","Defender",2021,4,"Serie A","67.13","127","128",42,"22000000","High"
67420,"Luke Ayling","Defender",2021,4,"Premier League","67.13","127","127",9,"5000000","Medium"
160968,"Benno Schmitz","Defender",2021,4,"Bundesliga","66.93","129","129",30,"800000","Low"
380350,"Igor","Defender",2021,4,"Serie A","66.93","129","130",9,"5000000","Medium"
87884,"Mário Rui","Defender",2021,4,"Serie A","66.91","131","131",41,"10000000","Medium"
277167,"Gian Marco Ferrari","Defender",2021,4,"Serie A","66.26","132","132",5,"12000000","Medium"
111196,"Stefan de Vrij","Defender",2021,4,"Serie A","66.19","133","133",8,"50000000","High"
411975,"Jules Koundé","Defender",2021,4,"La Liga","66.01","134","134",8,"50000000","High"
507700,"Brandon Williams","Defender",2021,4,"Premier League","65.76","135","135",41,"10000000","Medium"
223974,"Stefan Posch","Defender",2021,4,"Bundesliga","65.63","136","136",47,"13000000","Medium"
131075,"Francesco Acerbi","Defender",2021,4,"Serie A","65.58","137","137",41,"10000000","Medium"
73926,"Davide Faraoni","Defender",2021,4,"Serie A","65.49","138","138",25,"7000000","Medium"
85295,"Iván Balliu","Defender",2021,4,"La Liga","65.49","139","139",13,"1000000","Low"
368891,"Arthur Theate","Defender",2021,4,"Serie A","65.31","140","141",17,"1500000","Low"
368891,"Arthur Theate","Defender",2021,4,"Serie A","65.31","140","141",17,"1500000","Low"
368891,"Arthur Theate","Defender",2021,4,"Serie A","65.31","140","140",17,"1500000","Low"
368891,"Arthur Theate","Defender",2021,4,"Serie A","65.31","140","140",17,"1500000","Low"
354909,"Giorgio Altare","Defender",2021,4,"Serie A","65.00","142","142",88,"125000","Low"
357147,"Diogo Dalot","Defender",2021,4,"Premier League","64.89","143","143",41,"10000000","Medium"
113133,"Germán Pezzella","Defender",2021,4,"La Liga","64.60","144","144",41,"10000000","Medium"
61891,"Fábio","Defender",2021,4,"Ligue 1","64.42","145","145",3,"2000000","Low"
95963,"Germán Sánchez","Defender",2021,4,"La Liga","64.17","146","146",30,"800000","Low"
618472,"Castello Lukeba","Defender",2021,4,"Ligue 1","64.15","147","147",29,"400000","Low"
281963,"Lucas Hernández","Defender",2021,4,"Bundesliga","63.68","148","148",65,"45000000","High"
18944,"Gerard Piqué","Defender",2021,4,"La Liga","63.57","149","149",5,"12000000","Medium"
57500,"César Azpilicueta","Defender",2021,4,"Premier League","63.32","150","150",45,"17000000","Medium"
469050,"Nathan Collins","Defender",2021,4,"Premier League","63.21","151","151",3,"2000000","Low"
463603,"Benoît Badiashile","Defender",2021,4,"Ligue 1","63.18","152","152",49,"28000000","High"
183841,"Petar Stojanović","Defender",2021,4,"Serie A","63.09","153","154",156,"850000","Low"
183841,"Petar Stojanović","Defender",2021,4,"Serie A","63.09","153","153",156,"850000","Low"
183841,"Petar Stojanović","Defender",2021,4,"Serie A","63.09","153","153",156,"850000","Low"
183841,"Petar Stojanović","Defender",2021,4,"Serie A","63.09","153","154",156,"850000","Low"
103427,"Chris Smalling","Defender",2021,4,"Serie A","63.00","155","155",16,"15000000","Medium"
197491,"Alex Ferrari","Defender",2021,4,"Serie A","62.96","156","156",40,"1800000","Low"
659813,"Piero Hincapié","Defender",2021,4,"Bundesliga","62.85","157","157",71,"700000","Low"
361914,"Nayef Aguerd","Defender",2021,4,"Ligue 1","62.83","158","158",20,"8000000","Medium"
501418,"Adrià Pedrosa","Defender",2021,4,"La Liga","62.74","159","159",9,"5000000","Medium"
435338,"Gabriel Magalhães","Defender",2021,4,"Premier League","62.69","160","160",26,"25000000","High"
120651,"Vincent Le Goff","Defender",2021,4,"Ligue 1","62.42","161","161",74,"1200000","Low"
353366,"Benjamin Pavard","Defender",2021,4,"Bundesliga","62.15","162","162",22,"35000000","High"
346289,"Mouctar Diakhaby","Defender",2021,4,"La Liga","62.02","163","163",41,"10000000","Medium"
76746,"Damián Suárez","Defender",2021,4,"La Liga","61.84","164","164",3,"2000000","Low"
564545,"Edmond Tapsoba","Defender",2021,4,"Bundesliga","61.03","165","165",7,"40000000","High"
556385,"Destiny Udogie","Defender",2021,4,"Serie A","60.92","166","167",13,"1000000","Low"
556385,"Destiny Udogie","Defender",2021,4,"Serie A","60.92","166","167",13,"1000000","Low"
556385,"Destiny Udogie","Defender",2021,4,"Serie A","60.92","166","166",13,"1000000","Low"
556385,"Destiny Udogie","Defender",2021,4,"Serie A","60.92","166","166",13,"1000000","Low"
128901,"Conor Coady","Defender",2021,4,"Premier League","60.87","168","168",42,"22000000","High"
139208,"Virgil van Dijk","Defender",2021,4,"Premier League","60.83","169","169",31,"70000000","Elite"
648779,"Wilfried Singo","Defender",2021,4,"Serie A","60.54","170","170",25,"7000000","Medium"
585949,"Pierre Kalulu","Defender",2021,4,"Serie A","60.20","171","171",25,"7000000","Medium"
121686,"Cristian Gamboa","Defender",2021,4,"Bundesliga","60.18","172","172",27,"600000","Low"
480763,"Juan Foyth","Defender",2021,4,"La Liga","60.00","173","173",41,"10000000","Medium"
808509,"Danilo","Defender",2021,4,"Serie A","59.82","174","174",20,"8000000","Medium"
477758,"Aaron Wan-Bissaka","Defender",2021,4,"Premier League","59.75","175","175",7,"40000000","High"
520468,"Iago","Defender",2021,4,"Bundesliga","59.66","176","176",38,"6500000","Medium"
284595,"Tommaso Augello","Defender",2021,4,"Serie A","59.04","177","177",14,"4000000","Low"
74810,"Ben Mee","Defender",2021,4,"Premier League","58.97","178","178",25,"7000000","Medium"
348026,"Nordi Mukiele","Defender",2021,4,"Bundesliga","58.68","179","179",64,"23000000","High"
128904,"Ben Gibson","Defender",2021,4,"Premier League","58.65","180","180",9,"5000000","Medium"
466794,"Eric García","Defender",2021,4,"La Liga","58.61","181","181",11,"20000000","High"
361093,"Sven Botman","Defender",2021,4,"Ligue 1","58.50","182","182",26,"25000000","High"
249513,"Diego Rico","Defender",2021,4,"La Liga","58.36","183","183",52,"4500000","Low"
206912,"Jimmy Cabot","Defender",2021,4,"Ligue 1","57.91","184","184",3,"2000000","Low"
282429,"Sergio Reguilón","Defender",2021,4,"Premier League","57.89","185","185",26,"25000000","High"
343475,"Ben Godfrey","Defender",2021,4,"Premier League","57.76","186","186",26,"25000000","High"
399776,"Pau Torres","Defender",2021,4,"La Liga","57.69","187","187",8,"50000000","High"
262939,"Johan Mojica","Defender",2021,4,"La Liga","57.67","188","188",3,"2000000","Low"
119296,"Emre Can","Defender",2021,4,"Bundesliga","57.65","189","189",72,"26000000","High"
249730,"Guillermo Maripán","Defender",2021,4,"Ligue 1","57.58","190","190",20,"8000000","Medium"
314353,"Trent Alexander-Arnold","Defender",2021,4,"Premier League","57.53","191","191",36,"100000000","Elite"
191217,"Héctor Bellerín","Defender",2021,4,"La Liga","57.33","192","193",26,"25000000","High"
191217,"Héctor Bellerín","Defender",2021,4,"La Liga","57.33","192","192",26,"25000000","High"
191217,"Héctor Bellerín","Defender",2021,4,"La Liga","57.33","192","193",26,"25000000","High"
191217,"Héctor Bellerín","Defender",2021,4,"La Liga","57.33","192","192",26,"25000000","High"
318204,"David Raum","Defender",2021,4,"Bundesliga","57.24","194","194",23,"3000000","Low"
157509,"Kurt Zouma","Defender",2021,4,"Premier League","57.20","195","195",50,"32000000","High"
255755,"Alex Telles","Defender",2021,4,"Premier League","56.88","196","196",49,"28000000","High"
228917,"Jorge Miramón","Defender",2021,4,"La Liga","56.73","197","197",73,"2200000","Low"
374139,"Junior Firpo","Defender",2021,4,"Premier League","56.66","198","198",41,"10000000","Medium"
328658,"Kristoffer Ajer","Defender",2021,4,"Premier League","56.66","199","199",14,"4000000","Low"
157672,"Vladimír Coufal","Defender",2021,4,"Premier League","56.61","200","200",41,"10000000","Medium"
175722,"Eric Dier","Defender",2021,4,"Premier League","56.59","201","201",26,"25000000","High"
229804,"Aritz Elustondo","Defender",2021,4,"La Liga","56.23","202","202",16,"15000000","Medium"
448844,"Carlos Neva","Defender",2021,4,"La Liga","56.23","202","203",9,"5000000","Medium"
69751,"Jordi Alba","Defender",2021,4,"La Liga","55.67","204","204",26,"25000000","High"
126673,"Adama Soumaoro","Defender",2021,4,"Serie A","55.25","205","205",33,"3500000","Low"
591949,"Aaron Hickey","Defender",2021,4,"Serie A","54.60","206","206",9,"5000000","Medium"
93935,"Sergio Escudero","Defender",2021,4,"La Liga","54.53","207","207",23,"3000000","Low"
135343,"Fabian Schär","Defender",2021,4,"Premier League","54.44","208","208",5,"12000000","Medium"
91970,"Juan Cuadrado","Defender",2021,4,"Serie A","54.35","209","209",37,"16000000","Medium"
148153,"Lewis Dunk","Defender",2021,4,"Premier League","54.19","210","210",26,"25000000","High"
175323,"Óscar Duarte","Defender",2021,4,"La Liga","53.61","211","211",71,"700000","Low"
176553,"Aymeric Laporte","Defender",2021,4,"Premier League","53.09","212","212",8,"50000000","High"
76467,"Kiko Femenía","Defender",2021,4,"Premier League","52.87","213","213",33,"3500000","Low"
183318,"Jamaal Lascelles","Defender",2021,4,"Premier League","52.53","214","214",47,"13000000","Medium"
798404,"Alidu Seidu","Defender",2021,4,"Ligue 1","52.26","215","215",29,"400000","Low"
33571,"Lorenzo De Silvestri","Defender",2021,4,"Serie A","52.17","216","216",17,"1500000","Low"
72441,"Rafael Tolói","Defender",2021,4,"Serie A","51.91","217","217",16,"15000000","Medium"
166677,"Brian Oliván","Defender",2021,4,"La Liga","51.86","218","218",2,"500000","Low"
166601,"Niklas Süle","Defender",2021,4,"Bundesliga","51.82","219","219",92,"37000000","High"
258004,"Rúben Dias","Defender",2021,4,"Premier League","51.68","220","220",31,"70000000","Elite"
533568,"Nahuel Tenaglia","Defender",2021,4,"La Liga","51.57","221","221",23,"3000000","Low"
156501,"Felipe","Defender",2021,4,"La Liga","51.37","222","222",11,"20000000","High"
314940,"Dimitri Liénard","Defender",2021,4,"Ligue 1","51.26","223","223",13,"1000000","Low"
184528,"Emil Krafth","Defender",2021,4,"Premier League","51.19","224","224",14,"4000000","Low"
398073,"Achraf Hakimi","Defender",2021,4,"Ligue 1","51.08","225","225",55,"60000000","Elite"
195736,"Florian Grillitsch","Defender",2021,4,"Bundesliga","50.99","226","226",11,"20000000","High"
339808,"Theo Hernández","Defender",2021,4,"Serie A","50.85","227","227",8,"50000000","High"
184573,"Victor Lindelöf","Defender",2021,4,"Premier League","50.78","228","229",75,"24000000","High"
221315,"Kevin Vázquez","Defender",2021,4,"La Liga","50.78","228","228",30,"800000","Low"
234803,"Andrew Robertson","Defender",2021,4,"Premier League","50.47","230","230",31,"70000000","Elite"
262523,"Davide Calabria","Defender",2021,4,"Serie A","50.07","231","231",26,"25000000","High"
373373,"Lucas Martínez Quarta","Defender",2021,4,"Serie A","49.78","232","232",41,"10000000","Medium"
386446,"Alessandro Buongiorno","Defender",2021,4,"Serie A","49.62","233","233",63,"1300000","Low"
268178,"Arkadiusz Reca","Defender",2021,4,"Serie A","49.55","234","234",14,"4000000","Low"
346561,"Luca Ranieri","Defender",2021,4,"Serie A","49.48","235","235",147,"2300000","Low"
460245,"Moritz Jenz","Defender",2021,4,"Ligue 1","49.33","236","236",27,"600000","Low"
250845,"José María Giménez","Defender",2021,4,"La Liga","49.26","237","237",66,"65000000","Elite"
45314,"Federico Fazio","Defender",2021,4,"Serie A","49.24","238","238",30,"800000","Low"
413403,"Ezri Konsa","Defender",2021,4,"Premier League","48.99","239","239",10,"18000000","Medium"
65318,"Jaume Costa","Defender",2021,4,"La Liga","48.74","240","240",3,"2000000","Low"
212847,"Adam Webster","Defender",2021,4,"Premier League","48.09","241","241",16,"15000000","Medium"
200056,"Elseid Hysaj","Defender",2021,4,"Serie A","47.98","242","242",47,"13000000","Medium"
346314,"Trevoh Chalobah","Defender",2021,4,"Premier League","47.80","243","243",23,"3000000","Low"
62920,"Víctor Ruiz","Defender",2021,4,"La Liga","47.65","244","244",28,"2500000","Low"
336125,"Mërgim Vojvoda","Defender",2021,4,"Serie A","47.44","245","245",9,"5000000","Medium"
384859,"Fabien Centonze","Defender",2021,4,"Ligue 1","47.44","246","246",25,"7000000","Medium"
215599,"Lukas Klostermann","Defender",2021,4,"Bundesliga","47.38","247","247",50,"32000000","High"
38410,"Daniel Caligiuri","Defender",2021,4,"Bundesliga","47.02","248","248",23,"3000000","Low"
251845,"Sergi Canós","Defender",2021,4,"Premier League","46.75","249","249",6,"6000000","Medium"
644771,"Odilon Kossounou","Defender",2021,4,"Bundesliga","46.61","250","250",20,"8000000","Medium"
422850,"Ghislain Konan","Defender",2021,4,"Ligue 1","46.43","251","251",6,"6000000","Medium"
88706,"Simone Romagnoli","Defender",2021,4,"Serie A","46.01","252","252",74,"1200000","Low"
102745,"Luca Ceppitelli","Defender",2021,4,"Serie A","45.99","253","253",3,"2000000","Low"
251878,"Aarón Martín","Defender",2021,4,"Bundesliga","45.99","253","254",23,"3000000","Low"
42412,"Jonny Evans","Defender",2021,4,"Premier League","45.92","255","255",25,"7000000","Medium"
255501,"Iñigo Lekue","Defender",2021,4,"La Liga","45.74","256","256",17,"1500000","Low"
79960,"Alex Sandro","Defender",2021,4,"Serie A","45.54","257","257",11,"20000000","High"
356197,"Alfonso Pedraza","Defender",2021,4,"La Liga","45.34","258","258",41,"10000000","Medium"
355628,"Igor Zubeldia","Defender",2021,4,"La Liga","45.34","258","259",11,"20000000","High"
170961,"Thomas Delaine","Defender",2021,4,"Ligue 1","45.11","260","260",40,"1800000","Low"
557613,"Quentin Merlin","Defender",2021,4,"Ligue 1","44.66","261","261",34,"200000","Low"
873981,"Diego González","Defender",2021,4,"La Liga","44.53","262","262",59,"900000","Low"
873981,"Diego González","Defender",2021,4,"La Liga","44.53","262","263",59,"900000","Low"
873981,"Diego González","Defender",2021,4,"La Liga","44.53","262","263",59,"900000","Low"
873981,"Diego González","Defender",2021,4,"La Liga","44.53","262","262",59,"900000","Low"
504153,"Joe Scally","Defender",2021,4,"Bundesliga","44.39","264","264",3,"2000000","Low"
257376,"Domingos Duarte","Defender",2021,4,"La Liga","44.24","265","265",5,"12000000","Medium"
203043,"Pedro Bigas","Defender",2021,4,"La Liga","44.22","266","266",40,"1800000","Low"
349599,"Pervis Estupiñán","Defender",2021,4,"La Liga","44.17","267","267",24,"14000000","Medium"
435228,"Ardian Ismajli","Defender",2021,4,"Serie A","43.39","268","268",28,"2500000","Low"
468002,"Ben Johnson","Defender",2021,4,"Premier League","43.03","269","269",23,"3000000","Low"
424042,"Nahuel Molina","Defender",2021,4,"Serie A","42.83","270","270",9,"5000000","Medium"
459658,"Andrea Cambiaso","Defender",2021,4,"Serie A","42.80","271","271",58,"150000","Low"
155423,"Varazdat Haroyan","Defender",2021,4,"La Liga","42.65","272","272",59,"900000","Low"
119269,"Shane Duffy","Defender",2021,4,"Premier League","42.60","273","273",25,"7000000","Medium"
649452,"Issa Kaboré","Defender",2021,4,"Ligue 1","42.38","274","275",33,"3500000","Low"
649452,"Issa Kaboré","Defender",2021,4,"Ligue 1","42.38","274","274",33,"3500000","Low"
649452,"Issa Kaboré","Defender",2021,4,"Ligue 1","42.38","274","275",33,"3500000","Low"
649452,"Issa Kaboré","Defender",2021,4,"Ligue 1","42.38","274","274",33,"3500000","Low"
258254,"Jemerson","Defender",2021,4,"Ligue 1","42.35","276","276",23,"3000000","Low"
293194,"Borna Sosa","Defender",2021,4,"Bundesliga","41.97","277","277",6,"6000000","Medium"
240360,"Esteban Saveljich","Defender",2021,4,"La Liga","41.61","278","278",27,"600000","Low"
197747,"Alessio Romagnoli","Defender",2021,4,"Serie A","41.55","279","279",43,"30000000","High"
237666,"Silvan Hefti","Defender",2021,4,"Serie A","41.23","280","280",33,"3500000","Low"
572326,"Christopher Wooh","Defender",2021,4,"Ligue 1","41.10","281","281",27,"600000","Low"
544149,"David Zima","Defender",2021,4,"Serie A","40.81","282","282",6,"6000000","Medium"
277179,"Angeliño","Defender",2021,4,"Bundesliga","40.76","283","283",22,"35000000","High"
70411,"Darko Lazović","Defender",2021,4,"Serie A","40.40","284","285",9,"5000000","Medium"
58330,"Víctor Díaz","Defender",2021,4,"La Liga","40.40","284","284",13,"1000000","Low"
544106,"Óscar Gil","Defender",2021,4,"La Liga","40.22","286","286",46,"250000","Low"
236953,"Sam Byram","Defender",2021,4,"Premier League","40.16","287","287",3,"2000000","Low"
236490,"Ola Aina","Defender",2021,4,"Serie A","39.64","288","288",25,"7000000","Medium"
495625,"Víctor Chust","Defender",2021,4,"La Liga","39.35","289","290",34,"200000","Low"
495625,"Víctor Chust","Defender",2021,4,"La Liga","39.35","289","290",34,"200000","Low"
495625,"Víctor Chust","Defender",2021,4,"La Liga","39.35","289","289",34,"200000","Low"
495625,"Víctor Chust","Defender",2021,4,"La Liga","39.35","289","289",34,"200000","Low"
221316,"Lucas Vázquez","Defender",2021,4,"La Liga","38.99","291","291",16,"15000000","Medium"
616341,"Nuno Mendes","Defender",2021,4,"Ligue 1","38.90","292","292",45,"17000000","Medium"
59016,"David Alaba","Defender",2021,4,"La Liga","38.41","293","293",54,"55000000","High"
362108,"Gabriel Gudmundsson","Defender",2021,4,"Ligue 1","38.18","294","294",79,"1100000","Low"
318523,"Romain Perraud","Defender",2021,4,"Premier League","37.91","295","295",20,"8000000","Medium"
88490,"Aleix Vidal","Defender",2021,4,"La Liga","37.47","296","296",3,"2000000","Low"
547985,"Fabiano Parisi","Defender",2021,4,"Serie A","37.38","297","297",3,"2000000","Low"
484547,"Jeremie Frimpong","Defender",2021,4,"Bundesliga","37.35","298","298",14,"4000000","Low"
367466,"Thierry Correia","Defender",2021,4,"La Liga","36.97","299","299",28,"2500000","Low"
26485,"Jérôme Boateng","Defender",2021,4,"Ligue 1","36.86","300","300",41,"10000000","Medium"
93707,"Christian Günter","Defender",2021,4,"Bundesliga","36.79","301","301",21,"9000000","Medium"
57370,"Damien Da Silva","Defender",2021,4,"Ligue 1","36.43","302","302",23,"3000000","Low"
160241,"Kevin Akpoguma","Defender",2021,4,"Bundesliga","36.32","303","303",6,"6000000","Medium"
424204,"Alphonso Davies","Defender",2021,4,"Bundesliga","35.67","304","304",18,"75000000","Elite"
372809,"Petko Hristov","Defender",2021,4,"Serie A","35.04","305","305",83,"450000","Low"
112988,"Cédric Soares","Defender",2021,4,"Premier League","34.89","306","306",6,"6000000","Medium"
228948,"Thilo Kehrer","Defender",2021,4,"Ligue 1","34.64","307","307",26,"25000000","High"
321528,"Denzel Dumfries","Defender",2021,4,"Serie A","34.53","308","308",10,"18000000","Medium"
214666,"Connor Roberts","Defender",2021,4,"Premier League","34.19","309","309",52,"4500000","Low"
162029,"Javier Manquillo","Defender",2021,4,"Premier League","34.06","310","310",23,"3000000","Low"
102744,"Sébastien Corchia","Defender",2021,4,"Ligue 1","33.70","311","311",3,"2000000","Low"
335147,"Junior Sambia","Defender",2021,4,"Ligue 1","33.36","312","312",14,"4000000","Low"
654539,"Adrien Truffert","Defender",2021,4,"Ligue 1","33.16","313","313",20,"8000000","Medium"
124555,"Cristiano Biraghi","Defender",2021,4,"Serie A","32.94","314","314",21,"9000000","Medium"
504148,"Tariq Lamptey","Defender",2021,4,"Premier League","32.78","315","315",10,"18000000","Medium"
309944,"Tyronne Ebuehi","Defender",2021,4,"Serie A","31.70","316","317",59,"900000","Low"
309944,"Tyronne Ebuehi","Defender",2021,4,"Serie A","31.70","316","316",59,"900000","Low"
309944,"Tyronne Ebuehi","Defender",2021,4,"Serie A","31.70","316","317",59,"900000","Low"
309944,"Tyronne Ebuehi","Defender",2021,4,"Serie A","31.70","316","316",59,"900000","Low"
72792,"Niko Gießelmann","Defender",2021,4,"Bundesliga","31.61","318","318",3,"2000000","Low"
503871,"Morten Frendrup","Defender",2021,4,"Serie A","31.59","319","319",33,"3500000","Low"
209212,"Solly March","Defender",2021,4,"Premier League","31.50","320","320",21,"9000000","Medium"
126664,"Lucas Digne","Defender",2021,4,"Premier League","31.35","321","321",22,"35000000","High"
370789,"Julian Ryerson","Defender",2021,4,"Bundesliga","30.70","322","322",13,"1000000","Low"
130365,"Alessandro Florenzi","Defender",2021,4,"Serie A","30.63","323","324",16,"15000000","Medium"
130365,"Alessandro Florenzi","Defender",2021,4,"Serie A","30.63","323","324",16,"15000000","Medium"
130365,"Alessandro Florenzi","Defender",2021,4,"Serie A","30.63","323","323",16,"15000000","Medium"
130365,"Alessandro Florenzi","Defender",2021,4,"Serie A","30.63","323","323",16,"15000000","Medium"
142310,"Willy Boly","Defender",2021,4,"Premier League","30.18","325","325",24,"14000000","Medium"
100986,"Thomas Meunier","Defender",2021,4,"Bundesliga","30.02","326","326",10,"18000000","Medium"
131102,"Jeison Murillo","Defender",2021,4,"La Liga","29.69","327","327",6,"6000000","Medium"
349856,"Son","Defender",2021,4,"La Liga","29.62","328","328",30,"800000","Low"
121985,"Juan Jesus","Defender",2021,4,"Serie A","29.35","329","329",3,"2000000","Low"
571604,"Giorgio Scalvini","Defender",2021,4,"Serie A","28.92","330","330",2,"500000","Low"
111347,"Lorenzo Tonelli","Defender",2021,4,"Serie A","28.45","331","331",3,"2000000","Low"
344598,"Dan-Axel Zagadou","Defender",2021,4,"Bundesliga","28.34","332","332",42,"22000000","High"
379807,"Lyanco","Defender",2021,4,"Premier League","27.47","333","333",9,"5000000","Medium"
298975,"Pol Lirola","Defender",2021,4,"Ligue 1","27.42","334","334",21,"9000000","Medium"
404842,"Vitaliy Mykolenko","Defender",2021,4,"Premier League","27.02","335","335",16,"15000000","Medium"
61812,"Yuri Berchiche","Defender",2021,4,"La Liga","26.91","336","336",37,"16000000","Medium"
889683,"Rogério","Defender",2021,4,"Serie A","26.77","337","337",6,"6000000","Medium"
413220,"James Justin","Defender",2021,4,"Premier League","26.75","338","339",45,"17000000","Medium"
126729,"Patric","Defender",2021,4,"Serie A","26.75","338","338",38,"6500000","Medium"
300716,"Kieran Tierney","Defender",2021,4,"Premier League","26.46","340","340",43,"30000000","High"
291417,"Ferland Mendy","Defender",2021,4,"La Liga","25.92","341","341",7,"40000000","High"
98240,"Ciaran Clark","Defender",2021,4,"Premier League","25.81","342","342",14,"4000000","Low"
131827,"Jere Uronen","Defender",2021,4,"Ligue 1","25.78","343","343",23,"3000000","Low"
50617,"Stefan Strandberg","Defender",2021,4,"Serie A","25.56","344","344",30,"800000","Low"
202591,"Benjamin Henrichs","Defender",2021,4,"Bundesliga","25.34","345","345",5,"12000000","Medium"
283127,"Oualid El Hajjam","Defender",2021,4,"Ligue 1","25.34","345","346",30,"800000","Low"
198116,"Federico Dimarco","Defender",2021,4,"Serie A","25.31","347","347",41,"10000000","Medium"
391192,"Jean-Claude Billong","Defender",2021,4,"Ligue 1","25.29","348","348",30,"800000","Low"
277114,"Jason Denayer","Defender",2021,4,"Ligue 1","25.27","349","349",11,"20000000","High"
55769,"Danilo D'Ambrosio","Defender",2021,4,"Serie A","25.00","350","350",9,"5000000","Medium"
88590,"Shkodran Mustafi","Defender",2021,4,"La Liga","24.30","351","351",25,"7000000","Medium"
520530,"Fali Candé","Defender",2021,4,"Ligue 1","24.17","352","352",44,"300000","Low"
535955,"Nuno Tavares","Defender",2021,4,"Premier League","23.95","353","353",25,"7000000","Medium"
186590,"John Stones","Defender",2021,4,"Premier League","23.83","354","355",43,"30000000","High"
49723,"Timothy Chandler","Defender",2021,4,"Bundesliga","23.83","354","354",17,"1500000","Low"
51118,"Adil Rami","Defender",2021,4,"Ligue 1","23.83","356","356",46,"250000","Low"
277533,"Josan","Defender",2021,4,"La Liga","23.79","357","357",30,"800000","Low"
173859,"Davide Zappacosta","Defender",2021,4,"Serie A","23.25","358","358",20,"8000000","Medium"
161869,"Djibril Sidibé","Defender",2021,4,"Ligue 1","22.69","359","359",25,"7000000","Medium"
85791,"Stefan Lainer","Defender",2021,4,"Bundesliga","22.15","360","360",109,"14500000","Medium"
85177,"Nathaniel Clyne","Defender",2021,4,"Premier League","21.97","361","361",14,"4000000","Low"
432281,"Márton Dárdai","Defender",2021,4,"Bundesliga","21.86","362","362",71,"700000","Low"
15956,"Jesús Navas","Defender",2021,4,"La Liga","21.79","363","363",23,"3000000","Low"
550108,"Nicola Zalewski","Defender",2021,4,"Serie A","21.79","364","364",59,"900000","Low"
524285,"Luca Netz","Defender",2021,4,"Bundesliga","21.73","365","365",33,"3500000","Low"
177476,"Nathan Aké","Defender",2021,4,"Premier League","21.70","366","366",22,"35000000","High"
195246,"Pascal Stenzel","Defender",2021,4,"Bundesliga","21.57","367","367",28,"2500000","Low"
392569,"Gabriele Zappa","Defender",2021,4,"Serie A","21.50","368","368",25,"7000000","Medium"
336960,"Giuseppe Pezzella","Defender",2021,4,"Serie A","21.43","369","369",6,"6000000","Medium"
336960,"Giuseppe Pezzella","Defender",2021,4,"Serie A","21.43","369","369",6,"6000000","Medium"
336960,"Giuseppe Pezzella","Defender",2021,4,"Serie A","21.43","369","370",6,"6000000","Medium"
336960,"Giuseppe Pezzella","Defender",2021,4,"Serie A","21.43","369","370",6,"6000000","Medium"
15951,"Dani Alves","Defender",2021,4,"La Liga","20.87","371","371",63,"1300000","Low"
361260,"Ozan Kabak","Defender",2021,4,"Premier League","20.78","372","373",26,"25000000","High"
361260,"Ozan Kabak","Defender",2021,4,"Premier League","20.78","372","372",26,"25000000","High"
361260,"Ozan Kabak","Defender",2021,4,"Premier League","20.78","372","373",26,"25000000","High"
361260,"Ozan Kabak","Defender",2021,4,"Premier League","20.78","372","372",26,"25000000","High"
341227,"Juan Miranda","Defender",2021,4,"La Liga","20.67","374","374",9,"5000000","Medium"
183288,"Luke Shaw","Defender",2021,4,"Premier League","20.40","375","375",26,"25000000","High"
129674,"Jeremy Toljan","Defender",2021,4,"Serie A","20.38","376","376",9,"5000000","Medium"
275303,"Hans Hateboer","Defender",2021,4,"Serie A","20.34","377","377",10,"18000000","Medium"
182904,"Clément Lenglet","Defender",2021,4,"La Liga","20.20","378","378",7,"40000000","High"
127076,"Jérôme Roussillon","Defender",2021,4,"Bundesliga","20.02","379","379",21,"9000000","Medium"
53437,"Bastian Oczipka","Defender",2021,4,"Bundesliga","19.75","380","380",17,"1500000","Low"
574671,"Strahinja Pavlović","Defender",2021,4,"Ligue 1","19.73","381","382",20,"8000000","Medium"
574671,"Strahinja Pavlović","Defender",2021,4,"Ligue 1","19.73","381","381",20,"8000000","Medium"
574671,"Strahinja Pavlović","Defender",2021,4,"Ligue 1","19.73","381","381",20,"8000000","Medium"
574671,"Strahinja Pavlović","Defender",2021,4,"Ligue 1","19.73","381","382",20,"8000000","Medium"
48002,"Angelo Ogbonna","Defender",2021,4,"Premier League","19.69","383","383",23,"3000000","Low"
203853,"Oleksandr Zinchenko","Defender",2021,4,"Premier League","19.48","384","384",11,"20000000","High"
392775,"Ryan Sessegnon","Defender",2021,4,"Premier League","19.26","385","385",11,"20000000","High"
127032,"Serge Aurier","Defender",2021,4,"La Liga","19.10","386","386",11,"20000000","High"
229005,"Abdou Diallo","Defender",2021,4,"Ligue 1","18.95","387","387",26,"25000000","High"
95424,"Kyle Walker","Defender",2021,4,"Premier League","18.72","388","389",22,"35000000","High"
475411,"Wesley Fofana","Defender",2021,4,"Premier League","18.72","388","388",43,"30000000","High"
331505,"Óscar Mingueza","Defender",2021,4,"La Liga","18.32","390","390",9,"5000000","Medium"
240219,"Lorenzo Venuti","Defender",2021,4,"Serie A","17.58","391","391",23,"3000000","Low"
186477,"Herbert Bockhorn","Defender",2021,4,"Bundesliga","17.29","392","392",35,"350000","Low"
346478,"Japhet Tanganga","Defender",2021,4,"Premier League","17.09","393","393",20,"8000000","Medium"
392966,"Nadir Zortea","Defender",2021,4,"Serie A","16.37","394","394",56,"550000","Low"
392966,"Nadir Zortea","Defender",2021,4,"Serie A","16.37","394","394",56,"550000","Low"
392966,"Nadir Zortea","Defender",2021,4,"Serie A","16.37","394","395",56,"550000","Low"
392966,"Nadir Zortea","Defender",2021,4,"Serie A","16.37","394","395",56,"550000","Low"
280730,"Álvaro Odriozola","Defender",2021,4,"Serie A","15.90","396","397",41,"10000000","Medium"
280730,"Álvaro Odriozola","Defender",2021,4,"Serie A","15.90","396","396",41,"10000000","Medium"
280730,"Álvaro Odriozola","Defender",2021,4,"Serie A","15.90","396","397",41,"10000000","Medium"
280730,"Álvaro Odriozola","Defender",2021,4,"Serie A","15.90","396","396",41,"10000000","Medium"
534700,"Jamie Shackleton","Defender",2021,4,"Premier League","15.76","398","398",28,"2500000","Low"
171399,"Nicola Murru","Defender",2021,4,"Serie A","15.72","399","399",33,"3500000","Low"
160182,"José Ángel","Defender",2021,4,"La Liga","15.52","400","400",155,"225000","Low"
205503,"Ibrahim Amadou","Defender",2021,4,"Ligue 1","15.49","401","401",9,"5000000","Medium"
126719,"Juan Bernat","Defender",2021,4,"Ligue 1","15.29","402","402",37,"16000000","Medium"
14086,"Ashley Young","Defender",2021,4,"Premier League","15.13","403","403",13,"1000000","Low"
346567,"Luca Pellegrini","Defender",2021,4,"Serie A","15.09","404","404",41,"10000000","Medium"
285951,"Nathan de Medina","Defender",2021,4,"Bundesliga","14.93","405","405",86,"650000","Low"
371436,"Francisco Sierralta","Defender",2021,4,"Premier League","14.60","406","406",2,"500000","Low"
692734,"Linus Gechter","Defender",2021,4,"Bundesliga","14.53","407","407",71,"700000","Low"
240274,"Anderson Lucoqui","Defender",2021,4,"Bundesliga","14.28","408","408",71,"700000","Low"
538996,"Tanguy Nianzou","Defender",2021,4,"Bundesliga","13.92","409","409",39,"11000000","Medium"
711969,"Lorenz Assignon","Defender",2021,4,"Ligue 1","13.86","410","411",44,"300000","Low"
25557,"Sergio Ramos","Defender",2021,4,"Ligue 1","13.86","410","410",24,"14000000","Medium"
85867,"Nico Schulz","Defender",2021,4,"Bundesliga","13.68","412","412",25,"7000000","Medium"
402733,"Gonzalo Montiel","Defender",2021,4,"La Liga","13.23","413","413",84,"12500000","Medium"
135492,"Youssouf Sabaly","Defender",2021,4,"La Liga","12.40","414","414",38,"6500000","Medium"
50174,"Danny Rose","Defender",2021,4,"Premier League","11.95","415","415",14,"4000000","Low"
337798,"Abdu Conté","Defender",2021,4,"Ligue 1","11.46","416","416",59,"900000","Low"
313477,"Paolo Ghiglione","Defender",2021,4,"Serie A","11.17","417","417",160,"3400000","Low"
338285,"Unai Núñez","Defender",2021,4,"La Liga","10.65","418","418",11,"20000000","High"
233124,"Kortney Hause","Defender",2021,4,"Premier League","10.54","419","419",52,"4500000","Low"
470815,"Niklas Tauer","Defender",2021,4,"Bundesliga","10.49","420","420",71,"700000","Low"
216181,"Almamy Touré","Defender",2021,4,"Bundesliga","10.20","421","421",67,"5500000","Medium"
52348,"Benjamin Hübner","Defender",2021,4,"Bundesliga","9.51","422","422",3,"2000000","Low"
546880,"Brandon Soppy","Defender",2021,4,"Serie A","8.77","423","423",25,"7000000","Medium"
55854,"Cristian Ansaldi","Defender",2021,4,"Serie A","8.59","424","424",3,"2000000","Low"
70285,"Jonathan Schmid","Defender",2021,4,"Bundesliga","7.24","425","425",33,"3500000","Low"
61592,"James Tomkins","Defender",2021,4,"Premier League","7.00","426","426",23,"3000000","Low"
184922,"Ambroise Oyongo","Defender",2021,4,"Ligue 1","6.79","427","427",73,"2200000","Low"
296422,"Fodé Ballo-Touré","Defender",2021,4,"Serie A","6.52","428","428",38,"6500000","Medium"
661053,"Jarrad Branthwaite","Defender",2021,4,"Premier League","6.37","429","429",23,"3000000","Low"
120443,"Santiago Arias","Defender",2021,4,"La Liga","6.35","430","430",32,"7500000","Medium"
32711,"Patrick Herrmann","Defender",2021,4,"Bundesliga","5.99","431","431",9,"5000000","Medium"
422715,"Arial Mendy","Defender",2021,4,"Ligue 1","5.47","432","432",27,"600000","Low"
316125,"Ben Chilwell","Defender",2021,4,"Premier League","4.75","433","433",8,"50000000","High"
163086,"Cristiano Piccini","Defender",2021,4,"La Liga","4.46","434","434",73,"2200000","Low"
274461,"Felix Passlack","Defender",2021,4,"Bundesliga","3.63","435","435",28,"2500000","Low"
743500,"William Mikelbrencis","Defender",2021,4,"Ligue 1","3.54","436","436",34,"200000","Low"
231586,"Jannes Horn","Defender",2021,4,"Bundesliga","3.34","437","437",80,"2800000","Low"
393904,"Filippo Delli Carri","Defender",2021,4,"Serie A","3.27","438","438",34,"200000","Low"
554251,"Yasser Larouci","Defender",2021,4,"Ligue 1","3.14","439","439",17,"1500000","Low"
275361,"Karim Azamoum","Defender",2021,4,"Ligue 1","2.58","440","440",29,"400000","Low"
167491,"Stefano Sabelli","Defender",2021,4,"Serie A","2.44","441","442",87,"1700000","Low"
167491,"Stefano Sabelli","Defender",2021,4,"Serie A","2.44","441","441",87,"1700000","Low"
167491,"Stefano Sabelli","Defender",2021,4,"Serie A","2.44","441","442",87,"1700000","Low"
167491,"Stefano Sabelli","Defender",2021,4,"Serie A","2.44","441","441",87,"1700000","Low"
1074917,"Jonathan Silva","Defender",2021,4,"La Liga","2.15","443","443",3,"2000000","Low"
695454,"Chiquinho","Defender",2021,4,"Premier League","2.13","444","444",46,"250000","Low"
531824,"Kike Hermoso","Defender",2021,4,"La Liga","1.26","445","445",34,"200000","Low"
71905,"Coke","Defender",2021,4,"La Liga","1.26","446","446",30,"800000","Low"
77812,"Christoph Zimmermann","Defender",2021,4,"Premier League","0.74","447","447",3,"2000000","Low"
342229,"Kylian Mbappé","Forward",2021,4,"Ligue 1","99.96","1","1",159,"160000000","Elite"
18922,"Karim Benzema","Forward",2021,4,"La Liga","99.23","2","2",26,"25000000","High"
148455,"Mohamed Salah","Forward",2021,4,"Premier League","98.92","3","3",53,"110000000","Elite"
344381,"Christopher Nkunku","Forward",2021,4,"Bundesliga","97.53","4","4",95,"33000000","High"
132098,"Harry Kane","Forward",2021,4,"Premier League","97.06","5","5",4,"120000000","Elite"
72047,"Iago Aspas","Forward",2021,4,"La Liga","95.86","6","6",41,"10000000","Medium"
331726,"Tammy Abraham","Forward",2021,4,"Serie A","95.58","7","7",7,"40000000","High"
146854,"Wissam Ben Yedder","Forward",2021,4,"Ligue 1","95.42","8","8",22,"35000000","High"
406625,"Lautaro Martínez","Forward",2021,4,"Serie A","95.13","9","9",15,"80000000","Elite"
200512,"Sadio Mané","Forward",2021,4,"Premier League","94.17","10","10",36,"100000000","Elite"
229004,"Moussa Dembélé","Forward",2021,4,"Ligue 1","93.92","11","11",43,"30000000","High"
177843,"Domenico Berardi","Forward",2021,4,"Serie A","93.87","12","12",22,"35000000","High"
418560,"Erling Haaland","Forward",2021,4,"Bundesliga","93.87","13","13",53,"110000000","Elite"
340950,"Diogo Jota","Forward",2021,4,"Premier League","93.39","14","14",7,"40000000","High"
242086,"Patrik Schick","Forward",2021,4,"Bundesliga","92.63","15","15",26,"25000000","High"
252677,"José Luis Morales","Forward",2021,4,"La Liga","92.46","16","16",9,"5000000","Medium"
134425,"Raheem Sterling","Forward",2021,4,"Premier League","91.24","17","17",36,"100000000","Elite"
37647,"Dimitri Payet","Forward",2021,4,"Ligue 1","90.97","18","18",25,"7000000","Medium"
81999,"Joselu","Forward",2021,4,"La Liga","90.86","19","19",14,"4000000","Low"
122797,"Andy Delort","Forward",2021,4,"Ligue 1","90.80","20","20",16,"15000000","Medium"
68290,"Neymar","Forward",2021,4,"Ligue 1","90.74","21","21",53,"110000000","Elite"
314875,"Jarrod Bowen","Forward",2021,4,"Premier League","90.63","22","22",43,"30000000","High"
133964,"Lorenzo Insigne","Forward",2021,4,"Serie A","90.17","23","23",113,"48000000","High"
533738,"Jonathan David","Forward",2021,4,"Ligue 1","90.10","24","24",22,"35000000","High"
50512,"Anthony Modeste","Forward",2021,4,"Bundesliga","89.80","25","25",3,"2000000","Low"
357498,"Dušan Vlahović","Forward",2021,4,"Serie A","89.77","26","26",26,"25000000","High"
295313,"Taiwo Awoniyi","Forward",2021,4,"Bundesliga","89.45","27","27",52,"4500000","Low"
159471,"Serge Gnabry","Forward",2021,4,"Bundesliga","89.13","28","28",31,"70000000","Elite"
251106,"Enes Ünal","Forward",2021,4,"La Liga","89.01","29","29",25,"7000000","Medium"
395516,"Moussa Diaby","Forward",2021,4,"Bundesliga","88.90","30","30",93,"38000000","High"
251664,"Ivan Toney","Forward",2021,4,"Premier League","88.60","31","31",10,"18000000","Medium"
315110,"Karl Toko Ekambi","Forward",2021,4,"Ligue 1","88.44","32","32",16,"15000000","Medium"
283994,"Ludovic Ajorque","Forward",2021,4,"Ligue 1","88.27","33","33",20,"8000000","Medium"
433177,"Bukayo Saka","Forward",2021,4,"Premier League","87.75","34","34",55,"60000000","Elite"
315865,"Andrea Pinamonti","Forward",2021,4,"Serie A","87.65","35","36",5,"12000000","Medium"
315865,"Andrea Pinamonti","Forward",2021,4,"Serie A","87.65","35","36",5,"12000000","Medium"
315865,"Andrea Pinamonti","Forward",2021,4,"Serie A","87.65","35","35",5,"12000000","Medium"
315865,"Andrea Pinamonti","Forward",2021,4,"Serie A","87.65","35","35",5,"12000000","Medium"
418659,"Amine Gouiri","Forward",2021,4,"Ligue 1","87.41","37","37",11,"20000000","High"
315867,"Gianluca Scamacca","Forward",2021,4,"Serie A","87.05","38","38",16,"15000000","Medium"
487969,"Randal Kolo Muani","Forward",2021,4,"Ligue 1","86.88","39","39",9,"5000000","Medium"
357164,"Rafael Leão","Forward",2021,4,"Serie A","86.74","40","40",26,"25000000","High"
129476,"Gerard Deulofeu","Forward",2021,4,"Serie A","86.63","41","41",41,"10000000","Medium"
126737,"Juanmi","Forward",2021,4,"La Liga","86.26","42","42",28,"2500000","Low"
333647,"Jonathan Burkardt","Forward",2021,4,"Bundesliga","84.97","43","43",33,"3500000","Low"
73794,"Duván Zapata","Forward",2021,4,"Serie A","84.36","44","44",95,"33000000","High"
27389,"Kévin Gameiro","Forward",2021,4,"Ligue 1","84.23","45","45",33,"3500000","Low"
324358,"Ollie Watkins","Forward",2021,4,"Premier League","83.88","46","46",50,"32000000","High"
197838,"Jamie Vardy","Forward",2021,4,"Premier League","83.79","47","47",41,"10000000","Medium"
266359,"Benjamin Bourigeaud","Forward",2021,4,"Ligue 1","83.18","48","48",16,"15000000","Medium"
46972,"Teemu Pukki","Forward",2021,4,"Premier League","82.43","49","49",25,"7000000","Medium"
266807,"Ángel Correa","Forward",2021,4,"La Liga","82.35","50","50",7,"40000000","High"
225122,"Gonçalo Guedes","Forward",2021,4,"La Liga","81.67","51","51",16,"15000000","Medium"
206050,"Paulo Dybala","Forward",2021,4,"Serie A","81.54","52","52",55,"60000000","Elite"
700646,"André Silva","Forward",2021,4,"Bundesliga","81.35","53","53",92,"37000000","High"
406635,"Phil Foden","Forward",2021,4,"Premier League","80.86","54","54",31,"70000000","Elite"
82442,"Olivier Giroud","Forward",2021,4,"Serie A","80.57","55","55",9,"5000000","Medium"
119228,"Luis Muriel","Forward",2021,4,"Serie A","80.47","56","56",72,"26000000","High"
448854,"Emmanuel Dennis","Forward",2021,4,"Premier League","80.07","57","57",39,"11000000","Medium"
236045,"Denis Bouanga","Forward",2021,4,"Ligue 1","79.78","58","58",41,"10000000","Medium"
171209,"Branimir Hrgota","Forward",2021,4,"Bundesliga","79.72","59","59",3,"2000000","Low"
255508,"Iñaki Williams","Forward",2021,4,"La Liga","79.48","60","60",26,"25000000","High"
363205,"Gabriel Jesus","Forward",2021,4,"Premier League","79.26","61","61",55,"60000000","Elite"
595809,"Beto","Forward",2021,4,"Serie A","79.22","62","62",83,"450000","Low"
595809,"Beto","Forward",2021,4,"Serie A","79.22","62","62",83,"450000","Low"
595809,"Beto","Forward",2021,4,"Serie A","79.22","62","63",83,"450000","Low"
595809,"Beto","Forward",2021,4,"Serie A","79.22","62","63",83,"450000","Low"
192565,"Leroy Sané","Forward",2021,4,"Bundesliga","78.98","64","64",55,"60000000","Elite"
28003,"Lionel Messi","Forward",2021,4,"Ligue 1","78.49","65","65",15,"80000000","Elite"
237662,"Breel Embolo","Forward",2021,4,"Bundesliga","77.76","66","66",37,"16000000","Medium"
229006,"Franck Honorat","Forward",2021,4,"Ligue 1","77.43","67","67",6,"6000000","Medium"
355861,"Arnaut Danjuma","Forward",2021,4,"La Liga","77.40","68","68",5,"12000000","Medium"
424784,"Luis Suárez","Forward",2021,4,"La Liga","77.22","69","69",16,"15000000","Medium"
538874,"Terem Moffi","Forward",2021,4,"Ligue 1","76.57","70","70",20,"8000000","Medium"
103565,"Wahbi Khazri","Forward",2021,4,"Ligue 1","76.38","71","71",9,"5000000","Medium"
238639,"Steve Mounié","Forward",2021,4,"Ligue 1","76.34","72","72",25,"7000000","Medium"
60957,"Sebastian Polter","Forward",2021,4,"Bundesliga","76.12","73","73",62,"1400000","Low"
344888,"Habib Diallo","Forward",2021,4,"Ligue 1","74.97","74","74",41,"10000000","Medium"
57825,"Jorge Molina","Forward",2021,4,"La Liga","74.69","75","75",17,"1500000","Low"
144028,"Leandro Trossard","Forward",2021,4,"Premier League","73.90","76","76",16,"15000000","Medium"
248999,"Lucas Höler","Forward",2021,4,"Bundesliga","73.47","77","77",14,"4000000","Low"
309400,"Kai Havertz","Forward",2021,4,"Premier League","73.14","78","78",31,"70000000","Elite"
323831,"Rafael Borré","Forward",2021,4,"Bundesliga","72.86","79","79",16,"15000000","Medium"
177467,"Gerard Moreno","Forward",2021,4,"La Liga","72.35","80","80",43,"30000000","High"
340328,"Stephy Mavididi","Forward",2021,4,"Ligue 1","72.33","81","81",6,"6000000","Medium"
217115,"Neal Maupay","Forward",2021,4,"Premier League","71.67","82","82",11,"20000000","High"
256361,"Daniele Verde","Forward",2021,4,"Serie A","71.67","82","83",17,"1500000","Low"
1004741,"Pedro","Forward",2021,4,"Serie A","71.47","84","84",5,"12000000","Medium"
241527,"Federico Bonazzoli","Forward",2021,4,"Serie A","71.06","85","86",52,"4500000","Low"
241527,"Federico Bonazzoli","Forward",2021,4,"Serie A","71.06","85","85",52,"4500000","Low"
241527,"Federico Bonazzoli","Forward",2021,4,"Serie A","71.06","85","86",52,"4500000","Low"
241527,"Federico Bonazzoli","Forward",2021,4,"Serie A","71.06","85","85",52,"4500000","Low"
290532,"Saïd Benrahma","Forward",2021,4,"Premier League","70.71","87","87",42,"22000000","High"
159372,"Felipe Anderson","Forward",2021,4,"Serie A","70.54","88","88",10,"18000000","Medium"
237164,"Ihlas Bebou","Forward",2021,4,"Bundesliga","70.33","89","89",21,"9000000","Medium"
278359,"Borja Iglesias","Forward",2021,4,"La Liga","70.15","90","90",25,"7000000","Medium"
412513,"Thomas Henry","Forward",2021,4,"Serie A","70.00","91","91",40,"1800000","Low"
314288,"Lukas Nmecha","Forward",2021,4,"Bundesliga","69.71","92","92",20,"8000000","Medium"
659542,"Elye Wahi","Forward",2021,4,"Ligue 1","69.62","93","93",23,"3000000","Low"
122155,"Willian José","Forward",2021,4,"La Liga","69.46","94","95",11,"20000000","High"
122155,"Willian José","Forward",2021,4,"La Liga","69.46","94","94",11,"20000000","High"
122155,"Willian José","Forward",2021,4,"La Liga","69.46","94","94",11,"20000000","High"
122155,"Willian José","Forward",2021,4,"La Liga","69.46","94","95",11,"20000000","High"
361254,"Rafa Mir","Forward",2021,4,"La Liga","69.45","96","96",67,"5500000","Medium"
1064403,"Álvaro García","Forward",2021,4,"La Liga","69.30","97","97",112,"2400000","Low"
255653,"Santi Mina","Forward",2021,4,"La Liga","69.27","98","98",5,"12000000","Medium"
354726,"Florian Sotoca","Forward",2021,4,"Ligue 1","69.06","99","99",40,"1800000","Low"
119234,"Karim Onisiwo","Forward",2021,4,"Bundesliga","68.60","100","100",33,"3500000","Low"
655488,"Gabriel Martinelli","Forward",2021,4,"Premier League","68.49","101","101",42,"22000000","High"
140776,"Yannick Carrasco","Forward",2021,4,"La Liga","67.95","102","102",43,"30000000","High"
3455,"Zlatan Ibrahimović","Forward",2021,4,"Serie A","67.69","103","103",14,"4000000","Low"
281319,"Alberth Elis","Forward",2021,4,"Ligue 1","67.65","104","104",33,"3500000","Low"
486624,"Musa Barrow","Forward",2021,4,"Serie A","67.54","105","105",11,"20000000","High"
462250,"João Félix","Forward",2021,4,"La Liga","67.34","106","106",36,"100000000","Elite"
538977,"Georginio Rutter","Forward",2021,4,"Bundesliga","67.22","107","107",17,"1500000","Low"
274862,"Moses Simon","Forward",2021,4,"Ligue 1","67.19","108","108",25,"7000000","Medium"
398065,"Harvey Barnes","Forward",2021,4,"Premier League","67.05","109","109",22,"35000000","High"
212391,"Roger Martí","Forward",2021,4,"La Liga","66.88","110","110",20,"8000000","Medium"
417346,"Jack Harrison","Forward",2021,4,"Premier League","66.77","111","111",16,"15000000","Medium"
349066,"Alexander Isak","Forward",2021,4,"La Liga","66.74","112","112",42,"22000000","High"
256429,"Sergi Guardiola","Forward",2021,4,"La Liga","66.64","113","113",14,"4000000","Low"
270541,"Serhou Guirassy","Forward",2021,4,"Ligue 1","66.63","114","114",47,"13000000","Medium"
134294,"Danny Ings","Forward",2021,4,"Premier League","66.26","115","115",42,"22000000","High"
46413,"Ante Budimir","Forward",2021,4,"La Liga","66.21","116","116",25,"7000000","Medium"
18644,"Álvaro Negredo","Forward",2021,4,"La Liga","65.78","117","117",74,"1200000","Low"
96341,"Romelu Lukaku","Forward",2021,4,"Premier League","65.61","118","118",36,"100000000","Elite"
413039,"Bryan Mbeumo","Forward",2021,4,"Premier League","64.87","119","119",5,"12000000","Medium"
357885,"Pablo Fornals","Forward",2021,4,"Premier League","63.78","120","120",10,"18000000","Medium"
191891,"Arkadiusz Milik","Forward",2021,4,"Ligue 1","63.13","121","121",42,"22000000","High"
91059,"Joshua King","Forward",2021,4,"Premier League","62.86","122","122",41,"10000000","Medium"
93720,"Alexandre Lacazette","Forward",2021,4,"Premier League","62.56","123","123",22,"35000000","High"
66106,"Sergio Canales","Forward",2021,4,"La Liga","62.53","124","124",11,"20000000","High"
334222,"Lucas Boyé","Forward",2021,4,"La Liga","62.01","125","125",40,"1800000","Low"
189441,"Lucas Ocampos","Forward",2021,4,"La Liga","61.72","126","126",65,"45000000","High"
222859,"Florent Mollet","Forward",2021,4,"Ligue 1","60.83","127","127",25,"7000000","Medium"
450826,"Callum Wilson","Forward",2021,4,"Premier League","60.77","128","128",26,"25000000","High"
822458,"Bamba Dieng","Forward",2021,4,"Ligue 1","60.64","129","129",2,"500000","Low"
234523,"Antonio Sanabria","Forward",2021,4,"Serie A","60.32","130","130",38,"6500000","Medium"
316889,"Hirving Lozano","Forward",2021,4,"Serie A","60.23","131","131",65,"45000000","High"
67063,"Danny Welbeck","Forward",2021,4,"Premier League","59.07","132","132",9,"5000000","Medium"
241076,"Emmanuel Gyasi","Forward",2021,4,"Serie A","58.10","133","133",28,"2500000","Low"
369567,"Sasa Kalajdzic","Forward",2021,4,"Bundesliga","57.67","134","134",25,"7000000","Medium"
571020,"Oihan Sancet","Forward",2021,4,"La Liga","56.82","135","135",33,"3500000","Low"
243714,"Kingsley Coman","Forward",2021,4,"Bundesliga","56.25","136","136",54,"55000000","High"
326029,"Donyell Malen","Forward",2021,4,"Bundesliga","56.03","137","137",43,"30000000","High"
227081,"Joaquín Correa","Forward",2021,4,"Serie A","55.86","138","139",43,"30000000","High"
227081,"Joaquín Correa","Forward",2021,4,"Serie A","55.86","138","139",43,"30000000","High"
227081,"Joaquín Correa","Forward",2021,4,"Serie A","55.86","138","138",43,"30000000","High"
227081,"Joaquín Correa","Forward",2021,4,"Serie A","55.86","138","138",43,"30000000","High"
571743,"Armando Broja","Forward",2021,4,"Premier League","55.33","140","140",73,"2200000","Low"
571743,"Armando Broja","Forward",2021,4,"Premier League","55.33","140","141",73,"2200000","Low"
571743,"Armando Broja","Forward",2021,4,"Premier League","55.33","140","140",73,"2200000","Low"
571743,"Armando Broja","Forward",2021,4,"Premier League","55.33","140","141",73,"2200000","Low"
626913,"Boulaye Dia","Forward",2021,4,"La Liga","55.06","142","142",5,"12000000","Medium"
190289,"Gerrit Holtmann","Forward",2021,4,"Bundesliga","54.22","143","143",13,"1000000","Low"
406040,"Ademola Lookman","Forward",2021,4,"Premier League","54.08","144","145",47,"13000000","Medium"
406040,"Ademola Lookman","Forward",2021,4,"Premier League","54.08","144","144",47,"13000000","Medium"
406040,"Ademola Lookman","Forward",2021,4,"Premier League","54.08","144","145",47,"13000000","Medium"
406040,"Ademola Lookman","Forward",2021,4,"Premier League","54.08","144","144",47,"13000000","Medium"
193782,"Lucas Alario","Forward",2021,4,"Bundesliga","54.04","146","146",11,"20000000","High"
157635,"Yussuf Poulsen","Forward",2021,4,"Bundesliga","53.53","147","147",26,"25000000","High"
306024,"Dominic Calvert-Lewin","Forward",2021,4,"Premier League","53.34","148","148",65,"45000000","High"
388165,"Yoane Wissa","Forward",2021,4,"Premier League","52.78","149","149",20,"8000000","Medium"
40433,"Alexis Sánchez","Forward",2021,4,"Serie A","52.76","150","150",32,"7500000","Medium"
152963,"Florian Niederlechner","Forward",2021,4,"Bundesliga","52.34","151","151",6,"6000000","Medium"
64793,"Leonardo Pavoletti","Forward",2021,4,"Serie A","51.21","152","152",14,"4000000","Low"
203460,"Jack Grealish","Forward",2021,4,"Premier League","51.09","153","153",55,"60000000","Elite"
111039,"Ishak Belfodil","Forward",2021,4,"Bundesliga","51.09","154","154",9,"5000000","Medium"
122116,"Nicolas de Préville","Forward",2021,4,"Ligue 1","50.63","155","155",9,"5000000","Medium"
449151,"Junior Messias","Forward",2021,4,"Serie A","50.29","156","157",33,"3500000","Low"
449151,"Junior Messias","Forward",2021,4,"Serie A","50.29","156","157",33,"3500000","Low"
449151,"Junior Messias","Forward",2021,4,"Serie A","50.29","156","156",33,"3500000","Low"
449151,"Junior Messias","Forward",2021,4,"Serie A","50.29","156","156",33,"3500000","Low"
39152,"Radamel Falcao","Forward",2021,4,"La Liga","50.06","158","158",28,"2500000","Low"
533295,"Patrick Wimmer","Forward",2021,4,"Bundesliga","49.91","159","159",17,"1500000","Low"
412363,"Rodrygo","Forward",2021,4,"La Liga","49.72","160","160",65,"45000000","High"
391004,"Jonas Wind","Forward",2021,4,"Bundesliga","49.68","161","161",9,"5000000","Medium"
365172,"Patson Daka","Forward",2021,4,"Premier League","49.64","162","162",42,"22000000","High"
188888,"Sheraldo Becker","Forward",2021,4,"Bundesliga","48.91","163","163",23,"3000000","Low"
518505,"Jamie Leweling","Forward",2021,4,"Bundesliga","48.87","164","164",40,"1800000","Low"
480692,"Luis Díaz","Forward",2021,4,"Premier League","48.50","165","165",10,"18000000","Medium"
420002,"Jean-Philippe Mateta","Forward",2021,4,"Premier League","48.17","166","167",16,"15000000","Medium"
420002,"Jean-Philippe Mateta","Forward",2021,4,"Premier League","48.17","166","167",16,"15000000","Medium"
420002,"Jean-Philippe Mateta","Forward",2021,4,"Premier League","48.17","166","166",16,"15000000","Medium"
420002,"Jean-Philippe Mateta","Forward",2021,4,"Premier League","48.17","166","166",16,"15000000","Medium"
170527,"Timo Werner","Forward",2021,4,"Premier League","47.99","168","168",66,"65000000","Elite"
324811,"Arnaud Nordin","Forward",2021,4,"Ligue 1","47.56","169","169",52,"4500000","Low"
295330,"Kelechi Iheanacho","Forward",2021,4,"Premier League","47.09","170","170",16,"15000000","Medium"
737781,"Jérémy Le Douaron","Forward",2021,4,"Ligue 1","47.08","171","171",74,"1200000","Low"
22328,"Fabio Quagliarella","Forward",2021,4,"Serie A","47.05","172","172",13,"1000000","Low"
340324,"Eddie Nketiah","Forward",2021,4,"Premier League","47.02","173","173",10,"18000000","Medium"
531949,"Ignatius Ganago","Forward",2021,4,"Ligue 1","46.96","174","174",20,"8000000","Medium"
238407,"Alexander Sørloth","Forward",2021,4,"La Liga","46.89","175","176",10,"18000000","Medium"
238407,"Alexander Sørloth","Forward",2021,4,"La Liga","46.89","175","175",10,"18000000","Medium"
238407,"Alexander Sørloth","Forward",2021,4,"La Liga","46.89","175","176",10,"18000000","Medium"
238407,"Alexander Sørloth","Forward",2021,4,"La Liga","46.89","175","175",10,"18000000","Medium"
283528,"Ignacio Pussetto","Forward",2021,4,"Serie A","46.67","177","177",9,"5000000","Medium"
60540,"Valère Germain","Forward",2021,4,"Ligue 1","46.13","178","178",23,"3000000","Low"
182916,"Wesley Saïd","Forward",2021,4,"Ligue 1","45.99","179","179",17,"1500000","Low"
842718,"Paulinho","Forward",2021,4,"Bundesliga","45.90","180","180",47,"13000000","Medium"
401173,"Jadon Sancho","Forward",2021,4,"Premier League","45.78","181","181",36,"100000000","Elite"
412932,"Myron Boadu","Forward",2021,4,"Ligue 1","45.64","182","182",16,"15000000","Medium"
20005,"Papu Gómez","Forward",2021,4,"La Liga","45.38","183","183",21,"9000000","Medium"
221151,"Jodel Dossou","Forward",2021,4,"Ligue 1","45.15","184","184",13,"1000000","Low"
184935,"Kalifa Coulibaly","Forward",2021,4,"Ligue 1","44.84","185","185",28,"2500000","Low"
422460,"Dani Gómez","Forward",2021,4,"La Liga","44.59","186","186",17,"1500000","Low"
58864,"Pierre-Emerick Aubameyang","Forward",2021,4,"Premier League","44.40","187","187",22,"35000000","High"
372711,"Amine Harit","Forward",2021,4,"Ligue 1","44.39","188","188",5,"12000000","Medium"
68718,"Yoann Touzghar","Forward",2021,4,"Ligue 1","43.75","189","189",71,"700000","Low"
51510,"Ángel Rodríguez","Forward",2021,4,"La Liga","43.46","190","190",14,"4000000","Low"
50201,"Christian Benteke","Forward",2021,4,"Premier League","43.40","191","191",21,"9000000","Medium"
263918,"Aleksandr Golovin","Forward",2021,4,"Ligue 1","43.24","192","192",130,"19000000","Medium"
245744,"Takuma Asano","Forward",2021,4,"Bundesliga","43.17","193","193",23,"3000000","Low"
38607,"Federico Di Francesco","Forward",2021,4,"Serie A","42.33","194","196",108,"3200000","Low"
38607,"Federico Di Francesco","Forward",2021,4,"Serie A","42.33","194","196",108,"3200000","Low"
38607,"Federico Di Francesco","Forward",2021,4,"Serie A","42.33","194","195",108,"3200000","Low"
38607,"Federico Di Francesco","Forward",2021,4,"Serie A","42.33","194","194",108,"3200000","Low"
38607,"Federico Di Francesco","Forward",2021,4,"Serie A","42.33","194","196",108,"3200000","Low"
38607,"Federico Di Francesco","Forward",2021,4,"Serie A","42.33","194","195",108,"3200000","Low"
38607,"Federico Di Francesco","Forward",2021,4,"Serie A","42.33","194","194",108,"3200000","Low"
38607,"Federico Di Francesco","Forward",2021,4,"Serie A","42.33","194","195",108,"3200000","Low"
38607,"Federico Di Francesco","Forward",2021,4,"Serie A","42.33","194","194",108,"3200000","Low"
532776,"Amine Adli","Forward",2021,4,"Bundesliga","42.17","197","197",9,"5000000","Medium"
108354,"Jordan Ayew","Forward",2021,4,"Premier League","42.01","198","198",20,"8000000","Medium"
358166,"Eldor Shomurodov","Forward",2021,4,"Serie A","41.96","199","199",25,"7000000","Medium"
272278,"Chris Führich","Forward",2021,4,"Bundesliga","41.54","200","200",13,"1000000","Low"
272278,"Chris Führich","Forward",2021,4,"Bundesliga","41.54","200","200",13,"1000000","Low"
272278,"Chris Führich","Forward",2021,4,"Bundesliga","41.54","200","201",13,"1000000","Low"
272278,"Chris Führich","Forward",2021,4,"Bundesliga","41.54","200","201",13,"1000000","Low"
177847,"Adnan Januzaj","Forward",2021,4,"La Liga","41.38","202","202",41,"10000000","Medium"
392085,"Nicolò Zaniolo","Forward",2021,4,"Serie A","40.70","203","203",7,"40000000","High"
288230,"Ousmane Dembélé","Forward",2021,4,"La Liga","40.67","204","204",8,"50000000","High"
876440,"João Pedro","Forward",2021,4,"Premier League","40.25","205","205",41,"10000000","Medium"
342226,"Irvin Cardona","Forward",2021,4,"Ligue 1","39.74","206","206",20,"8000000","Medium"
616344,"Tiago Tomás","Forward",2021,4,"Bundesliga","39.59","207","207",6,"6000000","Medium"
77100,"Lucas Moura","Forward",2021,4,"Premier League","39.33","208","208",26,"25000000","High"
42936,"Nils Petersen","Forward",2021,4,"Bundesliga","38.34","209","209",14,"4000000","Low"
178459,"Davie Selke","Forward",2021,4,"Bundesliga","38.17","210","210",9,"5000000","Medium"
78147,"Fabian Klos","Forward",2021,4,"Bundesliga","37.98","211","211",13,"1000000","Low"
264116,"Gastón Pereiro","Forward",2021,4,"Serie A","36.96","212","212",33,"3500000","Low"
293281,"Jacob Bruun Larsen","Forward",2021,4,"Bundesliga","36.32","213","213",157,"6400000","Medium"
199369,"Sandro Ramírez","Forward",2021,4,"La Liga","36.15","214","214",80,"2800000","Low"
147573,"Sebastian Andersson","Forward",2021,4,"Bundesliga","35.96","215","215",67,"5500000","Medium"
490417,"Ibrahima Niane","Forward",2021,4,"Ligue 1","35.70","216","216",21,"9000000","Medium"
163222,"Grégoire Defrel","Forward",2021,4,"Serie A","34.85","217","217",6,"6000000","Medium"
649016,"El Bilal Touré","Forward",2021,4,"Ligue 1","34.71","218","218",57,"8500000","Medium"
146795,"Ryan Fraser","Forward",2021,4,"Premier League","34.56","219","219",5,"12000000","Medium"
250426,"Adam Armstrong","Forward",2021,4,"Premier League","34.53","220","220",37,"16000000","Medium"
94529,"Stephan El Shaarawy","Forward",2021,4,"Serie A","34.43","221","221",25,"7000000","Medium"
295331,"Isaac Success","Forward",2021,4,"Serie A","34.03","222","222",40,"1800000","Low"
560483,"Randy Nteka","Forward",2021,4,"La Liga","33.59","223","223",63,"1300000","Low"
238752,"Keita Baldé","Forward",2021,4,"Serie A","33.46","224","224",20,"8000000","Medium"
82048,"Nicola Sansone","Forward",2021,4,"Serie A","33.26","225","225",77,"3800000","Low"
108725,"Chris Wood","Forward",2021,4,"Premier League","33.17","226","226",20,"8000000","Medium"
127048,"Cédric Bakambu","Forward",2021,4,"Ligue 1","32.81","227","227",5,"12000000","Medium"
61087,"Karim Bellarabi","Forward",2021,4,"Bundesliga","32.35","228","228",25,"7000000","Medium"
265078,"Patrick Cutrone","Forward",2021,4,"Serie A","31.92","229","229",41,"10000000","Medium"
265078,"Patrick Cutrone","Forward",2021,4,"Serie A","31.92","229","230",41,"10000000","Medium"
265078,"Patrick Cutrone","Forward",2021,4,"Serie A","31.92","229","229",41,"10000000","Medium"
265078,"Patrick Cutrone","Forward",2021,4,"Serie A","31.92","229","230",41,"10000000","Medium"
555076,"Romain Faivre","Forward",2021,4,"Ligue 1","31.90","231","231",20,"8000000","Medium"
381950,"Alexis Saelemaekers","Forward",2021,4,"Serie A","31.06","232","232",10,"18000000","Medium"
187587,"Ante Rebić","Forward",2021,4,"Serie A","30.73","233","233",50,"32000000","High"
125165,"Jesús Corona","Forward",2021,4,"La Liga","30.57","234","234",43,"30000000","High"
181547,"Gonçalo Paciência","Forward",2021,4,"Bundesliga","29.68","235","235",32,"7500000","Medium"
186399,"Thiago Galhardo","Forward",2021,4,"La Liga","28.88","236","236",28,"2500000","Low"
503980,"Joe Gelhardt","Forward",2021,4,"Premier League","28.56","237","237",63,"1300000","Low"
466810,"Ansu Fati","Forward",2021,4,"La Liga","27.85","238","238",15,"80000000","Elite"
79967,"Simon Zoller","Forward",2021,4,"Bundesliga","27.70","239","239",63,"1300000","Low"
98349,"Romain Hamouma","Forward",2021,4,"Ligue 1","27.56","240","240",17,"1500000","Low"
548650,"Osman Bukari","Forward",2021,4,"Ligue 1","27.51","241","241",80,"2800000","Low"
205587,"Opa Nguette","Forward",2021,4,"Ligue 1","26.40","242","242",9,"5000000","Medium"
199258,"Andrea Petagna","Forward",2021,4,"Serie A","26.19","243","243",16,"15000000","Medium"
583189,"Anthony Elanga","Forward",2021,4,"Premier League","25.97","244","244",30,"800000","Low"
183334,"Patrick Bamford","Forward",2021,4,"Premier League","25.77","245","245",10,"18000000","Medium"
646733,"Jim Allevinah","Forward",2021,4,"Ligue 1","25.65","246","246",17,"1500000","Low"
141834,"Cristian Tello","Forward",2021,4,"La Liga","25.48","247","247",32,"7500000","Medium"
405398,"Takefusa Kubo","Forward",2021,4,"La Liga","25.33","248","249",11,"20000000","High"
405398,"Takefusa Kubo","Forward",2021,4,"La Liga","25.33","248","248",11,"20000000","High"
405398,"Takefusa Kubo","Forward",2021,4,"La Liga","25.33","248","249",11,"20000000","High"
405398,"Takefusa Kubo","Forward",2021,4,"La Liga","25.33","248","248",11,"20000000","High"
117432,"Kevin Behrens","Forward",2021,4,"Bundesliga","25.32","250","250",59,"900000","Low"
186988,"Sven Michel","Forward",2021,4,"Bundesliga","25.19","251","251",30,"800000","Low"
199953,"Caleb Ekuban","Forward",2021,4,"Serie A","24.84","252","252",38,"6500000","Medium"
393325,"Josh Sargent","Forward",2021,4,"Premier League","24.52","253","253",21,"9000000","Medium"
364405,"Adama Traoré","Forward",2021,4,"Premier League","24.49","254","254",22,"35000000","High"
177452,"Abdón Prats","Forward",2021,4,"La Liga","24.46","255","255",30,"800000","Low"
94771,"Andreas Voglsammer","Forward",2021,4,"Bundesliga","23.98","256","256",87,"1700000","Low"
126716,"Paco Alcácer","Forward",2021,4,"La Liga","23.97","257","257",26,"25000000","High"
48280,"Edinson Cavani","Forward",2021,4,"Premier League","23.88","258","258",25,"7000000","Medium"
99353,"Portu","Forward",2021,4,"La Liga","23.40","259","259",11,"20000000","High"
181378,"Gaëtan Laborde","Forward",2021,4,"Ligue 1","23.28","260","260",47,"13000000","Medium"
165793,"Takumi Minamino","Forward",2021,4,"Premier League","23.07","261","261",5,"12000000","Medium"
184672,"Guido Carrillo","Forward",2021,4,"La Liga","23.02","262","262",28,"2500000","Low"
199527,"Jacob Murphy","Forward",2021,4,"Premier League","22.43","263","263",33,"3500000","Low"
18909,"Jimmy Briand","Forward",2021,4,"Ligue 1","22.14","264","264",79,"1100000","Low"
343052,"Nicolas Pépé","Forward",2021,4,"Premier League","22.14","265","265",93,"38000000","High"
86792,"Xherdan Shaqiri","Forward",2021,4,"Ligue 1","22.02","266","266",24,"14000000","Medium"
148368,"Divock Origi","Forward",2021,4,"Premier League","21.63","267","267",37,"16000000","Medium"
61253,"José Callejón","Forward",2021,4,"Serie A","21.44","268","268",28,"2500000","Low"
193534,"Hamadi Al Ghaddioui","Forward",2021,4,"Bundesliga","21.34","269","269",2,"500000","Low"
789082,"Vanderson","Forward",2021,4,"Ligue 1","21.24","270","270",29,"400000","Low"
872380,"Felix Afena-Gyan","Forward",2021,4,"Serie A","20.57","271","271",9,"5000000","Medium"
406042,"Dennis Johnsen","Forward",2021,4,"Serie A","20.51","272","272",30,"800000","Low"
243856,"Cedric Itten","Forward",2021,4,"Bundesliga","20.36","273","273",52,"4500000","Low"
153427,"Bebé","Forward",2021,4,"La Liga","19.99","274","274",30,"800000","Low"
251897,"Asier Villalibre","Forward",2021,4,"La Liga","19.97","275","275",33,"3500000","Low"
257462,"Luka Jović","Forward",2021,4,"La Liga","18.53","276","276",11,"20000000","High"
448177,"Jessic Ngankam","Forward",2021,4,"Bundesliga","18.14","277","277",74,"1200000","Low"
448177,"Jessic Ngankam","Forward",2021,4,"Bundesliga","18.14","277","277",74,"1200000","Low"
448177,"Jessic Ngankam","Forward",2021,4,"Bundesliga","18.14","277","279",74,"1200000","Low"
463620,"Willem Geubbels","Forward",2021,4,"Ligue 1","18.14","277","278",6,"6000000","Medium"
448177,"Jessic Ngankam","Forward",2021,4,"Bundesliga","18.14","277","279",74,"1200000","Low"
289182,"Christopher Antwi-Adjei","Forward",2021,4,"Bundesliga","17.59","280","280",13,"1000000","Low"
180337,"Sardar Azmoun","Forward",2021,4,"Bundesliga","17.56","281","281",26,"25000000","High"
553285,"Tim Lemperle","Forward",2021,4,"Bundesliga","17.02","282","283",44,"300000","Low"
223725,"Munir El Haddadi","Forward",2021,4,"La Liga","17.02","282","282",41,"10000000","Medium"
461790,"Louis Mafouta","Forward",2021,4,"Ligue 1","16.80","284","284",1,"100000","Low"
41541,"Danny Blum","Forward",2021,4,"Bundesliga","16.54","285","286",30,"800000","Low"
477109,"Bryan Lasme","Forward",2021,4,"Bundesliga","16.54","285","285",40,"1800000","Low"
44948,"Fernando Forestieri","Forward",2021,4,"Serie A","16.05","287","287",59,"900000","Low"
141660,"Jesse Lingard","Forward",2021,4,"Premier League","15.63","288","288",16,"15000000","Medium"
500689,"Evann Guessand","Forward",2021,4,"Ligue 1","15.47","289","289",17,"1500000","Low"
487465,"Pedro Neto","Forward",2021,4,"Premier League","15.44","290","290",22,"35000000","High"
387626,"Leon Bailey","Forward",2021,4,"Premier League","15.35","291","291",22,"35000000","High"
80197,"Salomón Rondón","Forward",2021,4,"Premier League","15.16","292","292",6,"6000000","Medium"
384060,"Tino Kadewere","Forward",2021,4,"Ligue 1","14.94","293","293",5,"12000000","Medium"
63200,"Ashley Barnes","Forward",2021,4,"Premier League","14.38","294","294",9,"5000000","Medium"
213854,"Cedric Gondo","Forward",2021,4,"Serie A","14.00","295","295",27,"600000","Low"
358515,"Jean-Philippe Krasso","Forward",2021,4,"Ligue 1","13.91","296","296",59,"900000","Low"
7663,"Joaquín","Forward",2021,4,"La Liga","13.34","297","297",17,"1500000","Low"
50202,"Eden Hazard","Forward",2021,4,"La Liga","13.01","298","298",8,"50000000","High"
315289,"Myrto Uzuni","Forward",2021,4,"La Liga","12.94","299","299",73,"2200000","Low"
293200,"Nikola Vlašić","Forward",2021,4,"Premier League","12.02","300","300",43,"30000000","High"
568701,"Lamine Gueye","Forward",2021,4,"Ligue 1","11.47","301","301",17,"1500000","Low"
724520,"Abde Ezzalzouli","Forward",2021,4,"La Liga","11.19","302","302",103,"50000","Low"
538974,"Janis Antiste","Forward",2021,4,"Serie A","11.02","303","303",23,"3000000","Low"
227961,"Jaime Mata","Forward",2021,4,"La Liga","11.02","303","304",9,"5000000","Medium"
589737,"Kelvin Yeboah","Forward",2021,4,"Serie A","10.44","305","305",71,"700000","Low"
616369,"Ander Barrenetxea","Forward",2021,4,"La Liga","10.20","306","306",16,"15000000","Medium"
623040,"Yayah Kallon","Forward",2021,4,"Serie A","10.06","307","307",29,"400000","Low"
39106,"Ádám Szalai","Forward",2021,4,"Bundesliga","9.23","308","308",61,"750000","Low"
432982,"Andreas Skov Olsen","Forward",2021,4,"Serie A","9.13","309","309",38,"6500000","Medium"
596813,"Dickson Abiama","Forward",2021,4,"Bundesliga","9.00","310","310",44,"300000","Low"
378139,"Aitor Ruibal","Forward",2021,4,"La Liga","8.84","311","311",3,"2000000","Low"
20463,"Corentin Jean","Forward",2021,4,"Ligue 1","8.69","312","312",82,"1600000","Low"
382571,"Francesco Forte","Forward",2021,4,"Serie A","8.69","312","313",28,"2500000","Low"
39381,"Gareth Bale","Forward",2021,4,"La Liga","8.17","314","314",11,"20000000","High"
125614,"Sargis Adamyan","Forward",2021,4,"Bundesliga","8.13","315","316",33,"3500000","Low"
125614,"Sargis Adamyan","Forward",2021,4,"Bundesliga","8.13","315","316",33,"3500000","Low"
125614,"Sargis Adamyan","Forward",2021,4,"Bundesliga","8.13","315","315",33,"3500000","Low"
125614,"Sargis Adamyan","Forward",2021,4,"Bundesliga","8.13","315","315",33,"3500000","Low"
505653,"Fábio Silva","Forward",2021,4,"Premier League","8.05","317","317",26,"25000000","High"
618425,"Tanguy Coulibaly","Forward",2021,4,"Bundesliga","7.92","318","318",9,"5000000","Medium"
37304,"Shane Long","Forward",2021,4,"Premier League","7.89","319","319",17,"1500000","Low"
54581,"Ilija Nestorovski","Forward",2021,4,"Serie A","7.27","320","320",63,"1300000","Low"
99180,"Federico Santander","Forward",2021,4,"Serie A","6.53","321","321",17,"1500000","Low"
610431,"Wahid Faghir","Forward",2021,4,"Bundesliga","6.40","322","322",23,"3000000","Low"
12563,"Goran Pandev","Forward",2021,4,"Serie A","5.61","323","323",2,"500000","Low"
691316,"Luis Henrique","Forward",2021,4,"Ligue 1","5.23","324","324",20,"8000000","Medium"
119235,"Carlos Bacca","Forward",2021,4,"La Liga","5.23","324","325",40,"1800000","Low"
98596,"John Guidetti","Forward",2021,4,"La Liga","4.00","326","326",74,"1200000","Low"
18900,"Hatem Ben Arfa","Forward",2021,4,"Ligue 1","3.71","327","327",9,"5000000","Medium"
111961,"Suso","Forward",2021,4,"La Liga","3.71","327","328",45,"17000000","Medium"
156779,"Erik Thommy","Forward",2021,4,"Bundesliga","3.50","329","329",52,"4500000","Low"
96828,"Simone Zaza","Forward",2021,4,"Serie A","2.51","330","330",23,"3000000","Low"
316137,"Moussa Doumbia","Forward",2021,4,"Ligue 1","2.33","331","331",3,"2000000","Low"
392810,"Casimir Ninga","Forward",2021,4,"Ligue 1","2.27","332","332",17,"1500000","Low"
424051,"Samuel Kalu","Forward",2021,4,"Premier League","1.96","333","334",25,"7000000","Medium"
568177,"Cole Palmer","Forward",2021,4,"Premier League","1.96","333","333",2,"500000","Low"
388160,"Fraser Hornby","Forward",2021,4,"Ligue 1","1.61","335","335",48,"1250000","Low"
531277,"Andrés Martín","Forward",2021,4,"La Liga","1.35","336","336",17,"1500000","Low"
321070,"Hannes Wolf","Forward",2021,4,"Bundesliga","1.32","337","338",41,"10000000","Medium"
321070,"Hannes Wolf","Forward",2021,4,"Bundesliga","1.32","337","337",41,"10000000","Medium"
321070,"Hannes Wolf","Forward",2021,4,"Bundesliga","1.32","337","338",41,"10000000","Medium"
321070,"Hannes Wolf","Forward",2021,4,"Bundesliga","1.32","337","337",41,"10000000","Medium"
177065,"Florin Andone","Forward",2021,4,"La Liga","0.89","339","339",3,"2000000","Low"
537382,"Bryan Gil","Forward",2021,4,"Premier League","0.86","340","342",16,"15000000","Medium"
537382,"Bryan Gil","Forward",2021,4,"Premier League","0.86","340","340",16,"15000000","Medium"
537382,"Bryan Gil","Forward",2021,4,"Premier League","0.86","340","341",16,"15000000","Medium"
537382,"Bryan Gil","Forward",2021,4,"Premier League","0.86","340","342",16,"15000000","Medium"
537382,"Bryan Gil","Forward",2021,4,"Premier League","0.86","340","341",16,"15000000","Medium"
537382,"Bryan Gil","Forward",2021,4,"Premier League","0.86","340","340",16,"15000000","Medium"
537382,"Bryan Gil","Forward",2021,4,"Premier League","0.86","340","340",16,"15000000","Medium"
537382,"Bryan Gil","Forward",2021,4,"Premier League","0.86","340","342",16,"15000000","Medium"
537382,"Bryan Gil","Forward",2021,4,"Premier League","0.86","340","341",16,"15000000","Medium"
607226,"Loum Tchaouna","Forward",2021,4,"Ligue 1","0.80","343","343",44,"300000","Low"
540664,"Dilane Bakwa","Forward",2021,4,"Ligue 1","0.07","344","344",2,"500000","Low"
769063,"Luka Romero","Forward",2021,4,"Serie A","0.04","345","345",13,"1000000","Low"
255942,"Nicolò Barella","Midfielder",2021,4,"Serie A","98.29","1","1",55,"60000000","Elite"
54235,"Iker Muniain","Midfielder",2021,4,"La Liga","97.86","2","2",24,"14000000","Medium"
25488,"Antonio Candreva","Midfielder",2021,4,"Serie A","97.60","3","3",28,"2500000","Low"
128220,"Luis Alberto","Midfielder",2021,4,"Serie A","97.24","4","4",65,"45000000","High"
88755,"Kevin De Bruyne","Midfielder",2021,4,"Premier League","96.94","5","5",36,"100000000","Elite"
240306,"Bruno Fernandes","Midfielder",2021,4,"Premier League","96.55","6","6",51,"90000000","Elite"
203496,"Nabil Fekir","Midfielder",2021,4,"La Liga","96.33","7","7",26,"25000000","High"
126414,"Hakan Çalhanoğlu","Midfielder",2021,4,"Serie A","96.21","8","8",22,"35000000","High"
266302,"Sergej Milinković-Savić","Midfielder",2021,4,"Serie A","95.00","9","9",31,"70000000","Elite"
165007,"Denis Suárez","Midfielder",2021,4,"La Liga","94.52","10","10",41,"10000000","Medium"
146752,"Gianluca Caprari","Midfielder",2021,4,"Serie A","94.42","11","11",6,"6000000","Medium"
146752,"Gianluca Caprari","Midfielder",2021,4,"Serie A","94.42","11","12",6,"6000000","Medium"
146752,"Gianluca Caprari","Midfielder",2021,4,"Serie A","94.42","11","11",6,"6000000","Medium"
146752,"Gianluca Caprari","Midfielder",2021,4,"Serie A","94.42","11","12",6,"6000000","Medium"
161056,"Joshua Kimmich","Midfielder",2021,4,"Bundesliga","94.07","13","13",51,"90000000","Elite"
142021,"Sergi Darder","Midfielder",2021,4,"La Liga","93.73","14","14",6,"6000000","Medium"
127156,"Téji Savanier","Midfielder",2021,4,"Ligue 1","92.60","15","15",39,"11000000","Medium"
241641,"Bernardo Silva","Midfielder",2021,4,"Premier League","92.46","16","16",31,"70000000","Elite"
395236,"Yacine Adli","Midfielder",2021,4,"Ligue 1","92.04","17","18",21,"9000000","Medium"
395236,"Yacine Adli","Midfielder",2021,4,"Ligue 1","92.04","17","17",21,"9000000","Medium"
395236,"Yacine Adli","Midfielder",2021,4,"Ligue 1","92.04","17","18",21,"9000000","Medium"
395236,"Yacine Adli","Midfielder",2021,4,"Ligue 1","92.04","17","17",21,"9000000","Medium"
77826,"Ryad Boudebouz","Midfielder",2021,4,"Ligue 1","91.92","19","19",73,"2200000","Low"
598577,"Florian Wirtz","Midfielder",2021,4,"Bundesliga","91.47","20","20",65,"45000000","High"
58358,"Thomas Müller","Midfielder",2021,4,"Bundesliga","91.11","21","21",22,"35000000","High"
387106,"Lovro Majer","Midfielder",2021,4,"Ligue 1","90.69","22","22",47,"13000000","Medium"
185077,"Vincenzo Grifo","Midfielder",2021,4,"Bundesliga","90.10","23","23",41,"10000000","Medium"
164771,"Jordan Veretout","Midfielder",2021,4,"Serie A","90.00","24","24",22,"35000000","High"
55735,"Henrikh Mkhitaryan","Midfielder",2021,4,"Serie A","89.82","25","25",16,"15000000","Medium"
444523,"Lucas Paquetá","Midfielder",2021,4,"Ligue 1","89.03","26","26",26,"25000000","High"
193116,"John McGinn","Midfielder",2021,4,"Premier League","89.01","27","27",49,"28000000","High"
581678,"Jude Bellingham","Midfielder",2021,4,"Bundesliga","88.97","28","28",22,"35000000","High"
543387,"Cheick Doucouré","Midfielder",2021,4,"Ligue 1","88.91","29","29",9,"5000000","Medium"
288225,"Ludovic Blas","Midfielder",2021,4,"Ligue 1","88.57","30","30",47,"13000000","Medium"
326330,"Frenkie de Jong","Midfielder",2021,4,"La Liga","88.39","31","31",66,"65000000","Elite"
395693,"Houssem Aouar","Midfielder",2021,4,"Ligue 1","88.33","32","32",104,"42000000","High"
295183,"Răzvan Marin","Midfielder",2021,4,"Serie A","88.06","33","33",5,"12000000","Medium"
294057,"James Maddison","Midfielder",2021,4,"Premier League","88.04","34","34",55,"60000000","Elite"
250013,"Angelo Fulgini","Midfielder",2021,4,"Ligue 1","88.04","35","35",39,"11000000","Medium"
309110,"Brais Méndez","Midfielder",2021,4,"La Liga","87.58","36","36",5,"12000000","Medium"
167329,"Alassane Pléa","Midfielder",2021,4,"Bundesliga","87.24","37","37",43,"30000000","High"
187492,"Julian Brandt","Midfielder",2021,4,"Bundesliga","87.12","38","38",43,"30000000","High"
149231,"Fidel","Midfielder",2021,4,"La Liga","86.81","39","39",17,"1500000","Low"
106270,"Florian Kainz","Midfielder",2021,4,"Bundesliga","86.67","40","40",14,"4000000","Low"
286297,"Lorenzo Pellegrini","Midfielder",2021,4,"Serie A","86.65","41","41",7,"40000000","High"
31909,"Toni Kroos","Midfielder",2021,4,"La Liga","86.39","42","42",8,"50000000","High"
357662,"Declan Rice","Midfielder",2021,4,"Premier League","85.67","43","43",55,"60000000","Elite"
86759,"David Silva","Midfielder",2021,4,"La Liga","85.52","44","44",9,"5000000","Medium"
82873,"Pascal Groß","Midfielder",2021,4,"Premier League","85.06","45","45",25,"7000000","Medium"
181579,"James Ward-Prowse","Midfielder",2021,4,"Premier League","84.84","46","46",49,"28000000","High"
181136,"Piotr Zieliński","Midfielder",2021,4,"Serie A","84.68","47","47",158,"46000000","High"
281989,"Luis Milla","Midfielder",2021,4,"La Liga","84.21","48","48",9,"5000000","Medium"
633992,"Enzo Le Fée","Midfielder",2021,4,"Ligue 1","84.17","49","49",9,"5000000","Medium"
245056,"Saša Lukić","Midfielder",2021,4,"Serie A","84.15","50","50",9,"5000000","Medium"
569389,"Sofiane Diop","Midfielder",2021,4,"Ligue 1","83.81","51","51",41,"10000000","Medium"
227085,"Jonas Hofmann","Midfielder",2021,4,"Bundesliga","83.19","52","52",58,"150000","Low"
207877,"Ruslan Malinovskyi","Midfielder",2021,4,"Serie A","83.08","53","53",43,"30000000","High"
57280,"Giacomo Bonaventura","Midfielder",2021,4,"Serie A","82.92","54","54",14,"4000000","Low"
249565,"Youri Tielemans","Midfielder",2021,4,"Premier League","82.72","55","55",54,"55000000","High"
118284,"Jordan Ferri","Midfielder",2021,4,"Ligue 1","82.64","56","56",33,"3500000","Low"
215977,"Adrien Thomasson","Midfielder",2021,4,"Ligue 1","81.65","57","57",6,"6000000","Medium"
372246,"Carlos Soler","Midfielder",2021,4,"La Liga","80.87","58","58",22,"35000000","High"
225083,"N'Golo Kanté","Midfielder",2021,4,"Premier League","80.85","59","59",54,"55000000","High"
739769,"Ilan Kebbal","Midfielder",2021,4,"Ligue 1","80.69","60","60",13,"1000000","Low"
306191,"Jason Berthomier","Midfielder",2021,4,"Ligue 1","80.36","61","61",30,"800000","Low"
292818,"Jonathan Bamba","Midfielder",2021,4,"Ligue 1","80.34","62","62",26,"25000000","High"
361238,"Rubén García","Midfielder",2021,4,"La Liga","80.26","63","63",41,"10000000","Medium"
182893,"Seko Fofana","Midfielder",2021,4,"Ligue 1","79.88","64","64",5,"12000000","Medium"
257751,"Simone Bastoni","Midfielder",2021,4,"Serie A","79.80","65","65",23,"3000000","Low"
129078,"Nathan Redmond","Midfielder",2021,4,"Premier League","79.68","66","66",10,"18000000","Medium"
397033,"Sandro Tonali","Midfielder",2021,4,"Serie A","79.35","67","67",102,"27000000","High"
475188,"Kiernan Dewsbury-Hall","Midfielder",2021,4,"Premier League","78.95","68","68",3,"2000000","Low"
344069,"Anton Stach","Midfielder",2021,4,"Bundesliga","78.41","69","69",2,"500000","Low"
111455,"Granit Xhaka","Midfielder",2021,4,"Premier League","78.27","70","70",42,"22000000","High"
60444,"Thiago Alcántara","Midfielder",2021,4,"Premier League","78.06","71","71",22,"35000000","High"
394300,"Davide Frattesi","Midfielder",2021,4,"Serie A","77.60","72","72",25,"7000000","Medium"
451276,"Dominik Szoboszlai","Midfielder",2021,4,"Bundesliga","77.36","73","73",26,"25000000","High"
82009,"Kevin Volland","Midfielder",2021,4,"Ligue 1","77.36","74","74",43,"30000000","High"
356141,"Daichi Kamada","Midfielder",2021,4,"Bundesliga","77.32","75","75",37,"16000000","Medium"
338425,"Álex Berenguer","Midfielder",2021,4,"La Liga","77.24","76","76",41,"10000000","Medium"
834470,"Dani Rodríguez","Midfielder",2021,4,"La Liga","77.04","77","77",74,"1200000","Low"
212804,"Florian Tardieu","Midfielder",2021,4,"Ligue 1","77.00","78","78",17,"1500000","Low"
205562,"Thomas Lemar","Midfielder",2021,4,"La Liga","76.53","79","79",11,"20000000","High"
66100,"Oriol Romeu","Midfielder",2021,4,"Premier League","76.31","80","80",25,"7000000","Medium"
405885,"Giacomo Raspadori","Midfielder",2021,4,"Serie A","76.19","81","81",16,"15000000","Medium"
372712,"Ibrahima Sissoko","Midfielder",2021,4,"Ligue 1","75.91","82","82",67,"5500000","Medium"
238626,"Laurent Abergel","Midfielder",2021,4,"Ligue 1","75.69","83","83",3,"2000000","Low"
240934,"Filippo Bandinelli","Midfielder",2021,4,"Serie A","75.44","84","84",30,"800000","Low"
646740,"Gavi","Midfielder",2021,4,"La Liga","75.36","85","85",26,"25000000","High"
277635,"Rominigue Kouamé","Midfielder",2021,4,"Ligue 1","75.34","86","86",3,"2000000","Low"
580195,"Jamal Musiala","Midfielder",2021,4,"Bundesliga","75.26","87","87",75,"24000000","High"
341705,"Gerson","Midfielder",2021,4,"Ligue 1","75.20","88","88",24,"14000000","Medium"
380598,"Santi Comesaña","Midfielder",2021,4,"La Liga","75.20","89","89",17,"1500000","Low"
461906,"João Moutinho","Midfielder",2021,4,"Premier League","74.92","90","90",30,"800000","Low"
122153,"Paul Pogba","Midfielder",2021,4,"Premier League","74.80","91","91",55,"60000000","Elite"
413112,"Aurélien Tchouaméni","Midfielder",2021,4,"Ligue 1","74.62","92","92",26,"25000000","High"
292417,"Demarai Gray","Midfielder",2021,4,"Premier League","74.46","93","93",20,"8000000","Medium"
569598,"Youssouf Fofana","Midfielder",2021,4,"Ligue 1","74.38","94","94",37,"16000000","Medium"
148367,"Christian Nørgaard","Midfielder",2021,4,"Premier League","74.15","95","95",33,"3500000","Low"
353796,"Giulio Maggiore","Midfielder",2021,4,"Serie A","74.15","95","96",52,"4500000","Low"
360518,"Teun Koopmeiners","Midfielder",2021,4,"Serie A","73.83","97","97",16,"15000000","Medium"
584769,"Dwight McNeil","Midfielder",2021,4,"Premier League","73.71","98","98",42,"22000000","High"
100131,"William Carvalho","Midfielder",2021,4,"La Liga","73.61","99","99",11,"20000000","High"
278837,"Luis Rioja","Midfielder",2021,4,"La Liga","73.55","100","100",3,"2000000","Low"
278332,"Florian Neuhaus","Midfielder",2021,4,"Bundesliga","73.41","101","101",93,"38000000","High"
225161,"Rúben Neves","Midfielder",2021,4,"Premier League","73.37","102","102",8,"50000000","High"
330659,"Justin Kluivert","Midfielder",2021,4,"Ligue 1","73.33","103","103",10,"18000000","Medium"
330659,"Justin Kluivert","Midfielder",2021,4,"Ligue 1","73.33","103","104",10,"18000000","Medium"
330659,"Justin Kluivert","Midfielder",2021,4,"Ligue 1","73.33","103","104",10,"18000000","Medium"
330659,"Justin Kluivert","Midfielder",2021,4,"Ligue 1","73.33","103","103",10,"18000000","Medium"
488362,"Conor Gallagher","Midfielder",2021,4,"Premier League","72.98","105","106",5,"12000000","Medium"
488362,"Conor Gallagher","Midfielder",2021,4,"Premier League","72.98","105","105",5,"12000000","Medium"
488362,"Conor Gallagher","Midfielder",2021,4,"Premier League","72.98","105","105",5,"12000000","Medium"
488362,"Conor Gallagher","Midfielder",2021,4,"Premier League","72.98","105","106",5,"12000000","Medium"
450050,"Jean-Ricner Bellegarde","Midfielder",2021,4,"Ligue 1","72.96","107","107",9,"5000000","Medium"
127182,"Thomas Monconduit","Midfielder",2021,4,"Ligue 1","72.68","108","108",3,"2000000","Low"
74229,"Koke","Midfielder",2021,4,"La Liga","72.56","109","109",55,"60000000","Elite"
314678,"Brahim Díaz","Midfielder",2021,4,"Serie A","72.22","110","110",16,"15000000","Medium"
242631,"Alex Iwobi","Midfielder",2021,4,"Premier League","72.06","111","111",42,"22000000","High"
16306,"Casemiro","Midfielder",2021,4,"La Liga","71.90","112","112",31,"70000000","Elite"
447661,"Douglas Luiz","Midfielder",2021,4,"Premier League","71.90","112","113",22,"35000000","High"
58799,"Salva Sevilla","Midfielder",2021,4,"La Liga","71.88","114","114",44,"300000","Low"
513245,"Jesper Lindstrøm","Midfielder",2021,4,"Bundesliga","71.77","115","115",25,"7000000","Medium"
534033,"Alexis Mac Allister","Midfielder",2021,4,"Premier League","71.57","116","116",41,"10000000","Medium"
322305,"Jean-Victor Makengo","Midfielder",2021,4,"Serie A","70.99","117","117",23,"3000000","Low"
552425,"Jon Moncayola","Midfielder",2021,4,"La Liga","70.52","118","118",23,"3000000","Low"
463618,"Khéphren Thuram","Midfielder",2021,4,"Ligue 1","70.44","119","119",21,"9000000","Medium"
193867,"Liam Henderson","Midfielder",2021,4,"Serie A","70.04","120","120",87,"1700000","Low"
296397,"Arne Maier","Midfielder",2021,4,"Bundesliga","69.98","121","122",9,"5000000","Medium"
296397,"Arne Maier","Midfielder",2021,4,"Bundesliga","69.98","121","122",9,"5000000","Medium"
296397,"Arne Maier","Midfielder",2021,4,"Bundesliga","69.98","121","121",9,"5000000","Medium"
296397,"Arne Maier","Midfielder",2021,4,"Bundesliga","69.98","121","121",9,"5000000","Medium"
146310,"Wataru Endo","Midfielder",2021,4,"Bundesliga","69.98","123","123",20,"8000000","Medium"
470794,"Ivan Ilić","Midfielder",2021,4,"Serie A","69.80","124","124",9,"5000000","Medium"
293569,"Josh Brownhill","Midfielder",2021,4,"Premier League","69.66","125","125",25,"7000000","Medium"
46001,"Moussa Sissoko","Midfielder",2021,4,"Premier League","69.44","126","126",47,"13000000","Medium"
212723,"Djibril Sow","Midfielder",2021,4,"Bundesliga","69.25","127","127",41,"10000000","Medium"
512356,"Jorginho","Midfielder",2021,4,"Premier League","68.93","128","128",65,"45000000","High"
80444,"Philippe Coutinho","Midfielder",2021,4,"Premier League","68.85","129","129",8,"50000000","High"
80444,"Philippe Coutinho","Midfielder",2021,4,"Premier League","68.85","129","130",8,"50000000","High"
80444,"Philippe Coutinho","Midfielder",2021,4,"Premier League","68.85","129","129",8,"50000000","High"
80444,"Philippe Coutinho","Midfielder",2021,4,"Premier League","68.85","129","130",8,"50000000","High"
120095,"José Campaña","Midfielder",2021,4,"La Liga","68.71","131","131",42,"22000000","High"
392765,"Emile Smith Rowe","Midfielder",2021,4,"Premier League","68.69","132","132",47,"13000000","Medium"
127187,"Abdoulaye Doucouré","Midfielder",2021,4,"Premier League","67.78","133","134",26,"25000000","High"
184894,"Alfred Duncan","Midfielder",2021,4,"Serie A","67.78","133","133",41,"10000000","Medium"
89733,"Álex Fernández","Midfielder",2021,4,"La Liga","67.76","135","135",25,"7000000","Medium"
503749,"Jacob Ramsey","Midfielder",2021,4,"Premier League","67.74","136","136",33,"3500000","Low"
369081,"Federico Valverde","Midfielder",2021,4,"La Liga","67.66","137","137",31,"70000000","Elite"
182913,"Adrien Rabiot","Midfielder",2021,4,"Serie A","67.24","138","138",43,"30000000","High"
91317,"Ashley Westwood","Midfielder",2021,4,"Premier League","67.12","139","139",9,"5000000","Medium"
387234,"Szymon Żurkowski","Midfielder",2021,4,"Serie A","67.08","140","140",3,"2000000","Low"
568693,"Pape Matar Sarr","Midfielder",2021,4,"Ligue 1","67.02","141","142",23,"3000000","Low"
568693,"Pape Matar Sarr","Midfielder",2021,4,"Ligue 1","67.02","141","141",23,"3000000","Low"
568693,"Pape Matar Sarr","Midfielder",2021,4,"Ligue 1","67.02","141","143",23,"3000000","Low"
568693,"Pape Matar Sarr","Midfielder",2021,4,"Ligue 1","67.02","141","141",23,"3000000","Low"
568693,"Pape Matar Sarr","Midfielder",2021,4,"Ligue 1","67.02","141","142",23,"3000000","Low"
568693,"Pape Matar Sarr","Midfielder",2021,4,"Ligue 1","67.02","141","143",23,"3000000","Low"
568693,"Pape Matar Sarr","Midfielder",2021,4,"Ligue 1","67.02","141","141",23,"3000000","Low"
568693,"Pape Matar Sarr","Midfielder",2021,4,"Ligue 1","67.02","141","142",23,"3000000","Low"
568693,"Pape Matar Sarr","Midfielder",2021,4,"Ligue 1","67.02","141","143",23,"3000000","Low"
202886,"Ruben Loftus-Cheek","Midfielder",2021,4,"Premier League","66.81","144","144",11,"20000000","High"
79377,"Genki Haraguchi","Midfielder",2021,4,"Bundesliga","66.79","145","145",73,"2200000","Low"
392538,"Tommaso Pobega","Midfielder",2021,4,"Serie A","66.73","146","146",6,"6000000","Medium"
392538,"Tommaso Pobega","Midfielder",2021,4,"Serie A","66.73","146","147",6,"6000000","Medium"
392538,"Tommaso Pobega","Midfielder",2021,4,"Serie A","66.73","146","146",6,"6000000","Medium"
392538,"Tommaso Pobega","Midfielder",2021,4,"Serie A","66.73","146","147",6,"6000000","Medium"
183780,"Paul Seguin","Midfielder",2021,4,"Bundesliga","66.63","148","148",3,"2000000","Low"
153084,"Leon Goretzka","Midfielder",2021,4,"Bundesliga","66.61","149","149",31,"70000000","Elite"
370791,"Pablo Rosario","Midfielder",2021,4,"Ligue 1","66.45","150","150",38,"6500000","Medium"
525704,"Nicolò Rovella","Midfielder",2021,4,"Serie A","66.25","151","151",9,"5000000","Medium"
332889,"Valentin Rongier","Midfielder",2021,4,"Ligue 1","66.13","152","152",16,"15000000","Medium"
497291,"Nicolás Domínguez","Midfielder",2021,4,"Serie A","65.85","153","153",41,"10000000","Medium"
22068,"Franck Ribéry","Midfielder",2021,4,"Serie A","65.42","154","154",23,"3000000","Low"
455181,"Jorge de Frutos","Midfielder",2021,4,"La Liga","65.24","155","155",14,"4000000","Low"
202318,"Farid Boulaya","Midfielder",2021,4,"Ligue 1","65.10","156","156",14,"4000000","Low"
503733,"Anthony Gordon","Midfielder",2021,4,"Premier League","64.82","157","157",9,"5000000","Medium"
69633,"Christian Eriksen","Midfielder",2021,4,"Premier League","64.80","158","158",7,"40000000","High"
287188,"Dejan Ljubicic","Midfielder",2021,4,"Bundesliga","64.76","159","159",23,"3000000","Low"
401922,"Samuel Chukwueze","Midfielder",2021,4,"La Liga","64.70","160","160",11,"20000000","High"
48298,"Lars Stindl","Midfielder",2021,4,"Bundesliga","64.54","161","161",6,"6000000","Medium"
323954,"Walace","Midfielder",2021,4,"Serie A","64.54","162","162",9,"5000000","Medium"
65230,"Sergio Busquets","Midfielder",2021,4,"La Liga","64.40","163","163",41,"10000000","Medium"
55099,"Nicolas Höfler","Midfielder",2021,4,"Bundesliga","64.29","164","164",23,"3000000","Low"
72121,"Johan Gastien","Midfielder",2021,4,"Ligue 1","63.73","165","165",71,"700000","Low"
289592,"Orel Mangala","Midfielder",2021,4,"Bundesliga","63.45","166","166",42,"22000000","High"
370846,"Timothy Weah","Midfielder",2021,4,"Ligue 1","63.27","167","167",5,"12000000","Medium"
268670,"Gerard Gumbau","Midfielder",2021,4,"La Liga","63.27","168","168",13,"1000000","Low"
118397,"Alessandro Schöpf","Midfielder",2021,4,"Bundesliga","63.06","169","169",28,"2500000","Low"
431755,"Dejan Kulusevski","Midfielder",2021,4,"Premier League","63.00","170","170",7,"40000000","High"
18934,"Thomas Mangani","Midfielder",2021,4,"Ligue 1","62.90","171","171",13,"1000000","Low"
182574,"Jean-Paul Boëtius","Midfielder",2021,4,"Bundesliga","62.88","172","172",52,"4500000","Low"
315969,"Scott McTominay","Midfielder",2021,4,"Premier League","62.62","173","173",43,"30000000","High"
333241,"Joelinton","Midfielder",2021,4,"Premier League","62.04","174","174",45,"17000000","Medium"
199248,"Bryan Cristante","Midfielder",2021,4,"Serie A","61.79","175","175",10,"18000000","Medium"
569385,"Adil Aouchiche","Midfielder",2021,4,"Ligue 1","61.69","176","176",41,"10000000","Medium"
351816,"Ismaël Bennacer","Midfielder",2021,4,"Serie A","61.49","177","177",93,"38000000","High"
263727,"Joan Jordán","Midfielder",2021,4,"La Liga","61.01","178","178",26,"25000000","High"
84301,"Benjamin André","Midfielder",2021,4,"Ligue 1","60.83","179","179",24,"14000000","Medium"
111078,"Emil Forsberg","Midfielder",2021,4,"Bundesliga","60.54","180","180",11,"20000000","High"
53418,"Kevin Kampl","Midfielder",2021,4,"Bundesliga","60.30","181","181",24,"14000000","Medium"
315063,"Nahitan Nández","Midfielder",2021,4,"Serie A","60.16","182","182",42,"22000000","High"
423744,"Billy Gilmour","Midfielder",2021,4,"Premier League","60.08","183","183",25,"7000000","Medium"
423744,"Billy Gilmour","Midfielder",2021,4,"Premier League","60.08","183","184",25,"7000000","Medium"
423744,"Billy Gilmour","Midfielder",2021,4,"Premier League","60.08","183","183",25,"7000000","Medium"
423744,"Billy Gilmour","Midfielder",2021,4,"Premier League","60.08","183","184",25,"7000000","Medium"
392771,"Ethan Ampadu","Midfielder",2021,4,"Serie A","59.88","185","185",5,"12000000","Medium"
182889,"Wylan Cyprien","Midfielder",2021,4,"Ligue 1","59.70","186","186",6,"6000000","Medium"
308279,"Rolando Mandragora","Midfielder",2021,4,"Serie A","59.64","187","187",24,"14000000","Medium"
394327,"Boubacar Kamara","Midfielder",2021,4,"Ligue 1","59.19","188","188",92,"37000000","High"
260655,"Eduard Löwen","Midfielder",2021,4,"Bundesliga","59.03","189","189",14,"4000000","Low"
294808,"Franck Kessié","Midfielder",2021,4,"Serie A","58.95","190","190",8,"50000000","High"
385271,"Allan","Midfielder",2021,4,"Premier League","58.91","191","191",23,"3000000","Low"
324278,"Christoph Baumgartner","Midfielder",2021,4,"Bundesliga","58.85","192","192",42,"22000000","High"
223967,"Konrad Laimer","Midfielder",2021,4,"Bundesliga","58.81","193","193",72,"26000000","High"
392768,"Callum Hudson-Odoi","Midfielder",2021,4,"Premier League","58.35","194","194",22,"35000000","High"
197300,"Federico Bernardeschi","Midfielder",2021,4,"Serie A","58.33","195","195",16,"15000000","Medium"
41416,"James McArthur","Midfielder",2021,4,"Premier League","57.68","196","196",23,"3000000","Low"
284854,"Carles Aleñá","Midfielder",2021,4,"La Liga","57.00","197","197",16,"15000000","Medium"
231572,"Nélson Semedo","Midfielder",2021,4,"Premier League","56.61","198","198",50,"32000000","High"
119277,"Yannick Gerhardt","Midfielder",2021,4,"Bundesliga","56.47","199","199",32,"7500000","Medium"
74297,"Gaël Kakuta","Midfielder",2021,4,"Ligue 1","56.21","200","200",20,"8000000","Medium"
339816,"Tete Morente","Midfielder",2021,4,"La Liga","56.19","201","201",17,"1500000","Low"
472249,"Jan Thielmann","Midfielder",2021,4,"Bundesliga","55.36","202","202",14,"4000000","Low"
377393,"Pierre Lees-Melou","Midfielder",2021,4,"Premier League","55.32","203","203",25,"7000000","Medium"
199733,"Danilo Cataldi","Midfielder",2021,4,"Serie A","55.08","204","204",28,"2500000","Low"
746695,"Kamaldeen Sulemana","Midfielder",2021,4,"Ligue 1","54.96","205","205",21,"9000000","Medium"
251309,"Dennis Geiger","Midfielder",2021,4,"Bundesliga","54.80","206","206",47,"13000000","Medium"
130765,"Stuart Armstrong","Midfielder",2021,4,"Premier League","54.44","207","207",38,"6500000","Medium"
89701,"Charles Aránguiz","Midfielder",2021,4,"Bundesliga","53.53","208","208",21,"9000000","Medium"
697714,"Fabinho","Midfielder",2021,4,"Premier League","53.45","209","209",55,"60000000","Elite"
408471,"Javi Puado","Midfielder",2021,4,"La Liga","53.37","210","210",3,"2000000","Low"
230784,"Thomas Partey","Midfielder",2021,4,"Premier League","53.35","211","211",65,"45000000","High"
175449,"Moi Gómez","Midfielder",2021,4,"La Liga","52.86","212","212",20,"8000000","Medium"
244940,"Salih Özcan","Midfielder",2021,4,"Bundesliga","52.70","213","213",134,"2700000","Low"
342385,"Guido Rodríguez","Midfielder",2021,4,"La Liga","52.34","214","214",16,"15000000","Medium"
578872,"Jean Lucas","Midfielder",2021,4,"Ligue 1","52.24","215","215",52,"4500000","Low"
99343,"Ander Herrera","Midfielder",2021,4,"Ligue 1","52.10","216","216",47,"13000000","Medium"
298635,"Grigoris Kastanos","Midfielder",2021,4,"Serie A","51.94","217","218",119,"950000","Low"
298635,"Grigoris Kastanos","Midfielder",2021,4,"Serie A","51.94","217","217",119,"950000","Low"
298635,"Grigoris Kastanos","Midfielder",2021,4,"Serie A","51.94","217","218",119,"950000","Low"
298635,"Grigoris Kastanos","Midfielder",2021,4,"Serie A","51.94","217","217",119,"950000","Low"
162056,"Gonzalo Melero","Midfielder",2021,4,"La Liga","51.59","219","219",9,"5000000","Medium"
281755,"Iván Alejo","Midfielder",2021,4,"La Liga","50.97","220","220",74,"1200000","Low"
656441,"Jean Onana","Midfielder",2021,4,"Ligue 1","50.85","221","221",59,"900000","Low"
261905,"Suat Serdar","Midfielder",2021,4,"Bundesliga","50.69","222","223",16,"15000000","Medium"
341110,"Franco Cervi","Midfielder",2021,4,"La Liga","50.69","222","222",9,"5000000","Medium"
211251,"Darwin Machís","Midfielder",2021,4,"La Liga","50.63","224","224",41,"10000000","Medium"
270171,"Vitaly Janelt","Midfielder",2021,4,"Premier League","50.54","225","225",33,"3500000","Low"
443710,"Angelo Stiller","Midfielder",2021,4,"Bundesliga","50.38","226","226",28,"2500000","Low"
126683,"Tristan Dingomé","Midfielder",2021,4,"Ligue 1","50.32","227","227",63,"1300000","Low"
410425,"Yves Bissouma","Midfielder",2021,4,"Premier League","50.22","228","228",45,"17000000","Medium"
517753,"Óscar Valentín","Midfielder",2021,4,"La Liga","49.90","229","229",30,"800000","Low"
118847,"Dominik Kohr","Midfielder",2021,4,"Bundesliga","49.88","230","230",67,"5500000","Medium"
175014,"Youcef Belaïli","Midfielder",2021,4,"Ligue 1","49.74","231","231",40,"1800000","Low"
568149,"Alberto Moreno","Midfielder",2021,4,"La Liga","49.66","232","232",23,"3000000","Low"
214775,"Óliver Torres","Midfielder",2021,4,"La Liga","49.62","233","233",47,"13000000","Medium"
315145,"Azor Matusiwa","Midfielder",2021,4,"Ligue 1","49.50","234","234",9,"5000000","Medium"
262365,"Antonio Puertas","Midfielder",2021,4,"La Liga","49.35","235","235",9,"5000000","Medium"
203842,"Viktor Kovalenko","Midfielder",2021,4,"Serie A","49.09","236","237",6,"6000000","Medium"
203842,"Viktor Kovalenko","Midfielder",2021,4,"Serie A","49.09","236","236",6,"6000000","Medium"
203842,"Viktor Kovalenko","Midfielder",2021,4,"Serie A","49.09","236","237",6,"6000000","Medium"
203842,"Viktor Kovalenko","Midfielder",2021,4,"Serie A","49.09","236","236",6,"6000000","Medium"
63494,"Étienne Capoue","Midfielder",2021,4,"La Liga","49.01","238","238",3,"2000000","Low"
234029,"Grischa Prömel","Midfielder",2021,4,"Bundesliga","48.79","239","239",14,"4000000","Low"
649020,"Boubacar Traoré","Midfielder",2021,4,"Ligue 1","48.75","240","240",58,"150000","Low"
560593,"Hicham Boudaoui","Midfielder",2021,4,"Ligue 1","48.31","241","241",14,"4000000","Low"
303116,"Gaetano Castrovilli","Midfielder",2021,4,"Serie A","48.29","242","242",42,"22000000","High"
302215,"Naby Keïta","Midfielder",2021,4,"Premier League","47.84","243","243",93,"38000000","High"
315779,"Christian Pulisic","Midfielder",2021,4,"Premier League","47.68","244","244",8,"50000000","High"
504209,"Gianluca Busio","Midfielder",2021,4,"Serie A","47.18","245","245",6,"6000000","Medium"
688707,"Salis Abdul Samed","Midfielder",2021,4,"Ligue 1","47.16","246","246",29,"400000","Low"
341092,"Federico Chiesa","Midfielder",2021,4,"Serie A","46.65","247","247",55,"60000000","Elite"
683840,"Pedri","Midfielder",2021,4,"La Liga","45.95","248","248",8,"50000000","High"
413032,"Ibrahima Diallo","Midfielder",2021,4,"Premier League","45.58","249","249",68,"75000","Low"
226524,"Morten Thorsby","Midfielder",2021,4,"Serie A","45.46","250","250",25,"7000000","Medium"
381967,"Albert Sambi Lokonga","Midfielder",2021,4,"Premier League","44.82","251","251",5,"12000000","Medium"
42783,"André Hahn","Midfielder",2021,4,"Bundesliga","44.66","252","252",40,"1800000","Low"
190393,"Corentin Tolisso","Midfielder",2021,4,"Bundesliga","44.64","253","253",26,"25000000","High"
290587,"Ellyes Skhiri","Midfielder",2021,4,"Bundesliga","44.52","254","254",38,"6500000","Medium"
73484,"Tom Cleverley","Midfielder",2021,4,"Premier League","44.27","255","255",23,"3000000","Low"
232418,"Ondrej Duda","Midfielder",2021,4,"Bundesliga","44.25","256","256",25,"7000000","Medium"
53536,"Tolgay Arslan","Midfielder",2021,4,"Serie A","44.17","257","257",23,"3000000","Low"
340329,"Joe Willock","Midfielder",2021,4,"Premier League","43.95","258","258",37,"16000000","Medium"
135617,"Thiago Mendes","Midfielder",2021,4,"Ligue 1","43.55","259","259",10,"18000000","Medium"
295065,"Toni Moya","Midfielder",2021,4,"La Liga","43.06","260","260",29,"400000","Low"
49499,"Georginio Wijnaldum","Midfielder",2021,4,"Ligue 1","42.72","261","261",22,"35000000","High"
232320,"Atakan Karazor","Midfielder",2021,4,"Bundesliga","42.54","262","262",3,"2000000","Low"
3333,"James Milner","Midfielder",2021,4,"Premier League","42.44","263","263",23,"3000000","Low"
192735,"Stanislav Lobotka","Midfielder",2021,4,"Serie A","42.44","263","264",39,"11000000","Medium"
293385,"Dani Olmo","Midfielder",2021,4,"Bundesliga","42.32","265","265",93,"38000000","High"
121257,"Adam Forshaw","Midfielder",2021,4,"Premier League","42.28","266","266",28,"2500000","Low"
213670,"Lucas Torró","Midfielder",2021,4,"La Liga","42.22","267","267",40,"1800000","Low"
495629,"Hugo Guillamón","Midfielder",2021,4,"La Liga","41.77","268","268",32,"7500000","Medium"
423444,"Fran Beltrán","Midfielder",2021,4,"La Liga","41.67","269","269",5,"12000000","Medium"
485963,"Pape Gueye","Midfielder",2021,4,"Ligue 1","41.57","270","270",20,"8000000","Medium"
67548,"Rubén Rochina","Midfielder",2021,4,"La Liga","41.45","271","271",33,"3500000","Low"
126600,"Kenny McLean","Midfielder",2021,4,"Premier League","41.39","272","272",23,"3000000","Low"
247250,"Rubén Alcaraz","Midfielder",2021,4,"La Liga","41.27","273","274",6,"6000000","Medium"
247250,"Rubén Alcaraz","Midfielder",2021,4,"La Liga","41.27","273","274",6,"6000000","Medium"
247250,"Rubén Alcaraz","Midfielder",2021,4,"La Liga","41.27","273","273",6,"6000000","Medium"
247250,"Rubén Alcaraz","Midfielder",2021,4,"La Liga","41.27","273","273",6,"6000000","Medium"
225593,"Pere Milla","Midfielder",2021,4,"La Liga","40.87","275","275",13,"1000000","Low"
192009,"Unai López","Midfielder",2021,4,"La Liga","40.60","276","276",41,"10000000","Medium"
192009,"Unai López","Midfielder",2021,4,"La Liga","40.60","276","277",41,"10000000","Medium"
192009,"Unai López","Midfielder",2021,4,"La Liga","40.60","276","276",41,"10000000","Medium"
192009,"Unai López","Midfielder",2021,4,"La Liga","40.60","276","277",41,"10000000","Medium"
111266,"Anthony Losilla","Midfielder",2021,4,"Bundesliga","40.44","278","278",35,"350000","Low"
59551,"Ángel Montoro","Midfielder",2021,4,"La Liga","40.32","279","279",74,"1200000","Low"
138055,"Haris Belkebla","Midfielder",2021,4,"Ligue 1","40.28","280","280",28,"2500000","Low"
127142,"Jonas Martin","Midfielder",2021,4,"Ligue 1","40.28","281","281",28,"2500000","Low"
127189,"Geoffrey Kondogbia","Midfielder",2021,4,"La Liga","40.24","282","282",16,"15000000","Medium"
332697,"Weston McKennie","Midfielder",2021,4,"Serie A","40.02","283","283",26,"25000000","High"
99559,"Alberto Perea","Midfielder",2021,4,"La Liga","39.86","284","284",13,"1000000","Low"
197473,"Alberto Grassi","Midfielder",2021,4,"Serie A","39.82","285","286",52,"4500000","Low"
197473,"Alberto Grassi","Midfielder",2021,4,"Serie A","39.82","285","285",52,"4500000","Low"
197473,"Alberto Grassi","Midfielder",2021,4,"Serie A","39.82","285","285",52,"4500000","Low"
197473,"Alberto Grassi","Midfielder",2021,4,"Serie A","39.82","285","286",52,"4500000","Low"
709187,"Nico Williams","Midfielder",2021,4,"La Liga","39.54","287","287",13,"1000000","Low"
20506,"Andrés Guardado","Midfielder",2021,4,"La Liga","39.27","288","289",40,"1800000","Low"
490307,"Enock Mwepu","Midfielder",2021,4,"Premier League","39.27","288","288",47,"13000000","Medium"
147485,"Louis Schaub","Midfielder",2021,4,"Bundesliga","39.17","290","290",3,"2000000","Low"
587458,"Kevin Agudelo","Midfielder",2021,4,"Serie A","38.89","291","291",33,"3500000","Low"
214532,"Pierrick Capelle","Midfielder",2021,4,"Ligue 1","38.75","292","292",30,"800000","Low"
386552,"Lassana Coulibaly","Midfielder",2021,4,"Serie A","38.67","293","293",3,"2000000","Low"
423436,"Santiago Ascacíbar","Midfielder",2021,4,"Bundesliga","38.67","294","294",38,"6500000","Medium"
422355,"Jens Petter Hauge","Midfielder",2021,4,"Bundesliga","38.29","295","296",78,"9500000","Medium"
422355,"Jens Petter Hauge","Midfielder",2021,4,"Bundesliga","38.29","295","296",78,"9500000","Medium"
422355,"Jens Petter Hauge","Midfielder",2021,4,"Bundesliga","38.29","295","295",78,"9500000","Medium"
422355,"Jens Petter Hauge","Midfielder",2021,4,"Bundesliga","38.29","295","295",78,"9500000","Medium"
353948,"Lucas Tousart","Midfielder",2021,4,"Bundesliga","38.27","297","297",37,"16000000","Medium"
126699,"Vincent Pajot","Midfielder",2021,4,"Ligue 1","38.10","298","298",17,"1500000","Low"
433188,"Curtis Jones","Midfielder",2021,4,"Premier League","38.00","299","299",43,"30000000","High"
324377,"Youssef Maleh","Midfielder",2021,4,"Serie A","37.96","300","300",17,"1500000","Low"
282722,"Álex Collado","Midfielder",2021,4,"La Liga","37.92","301","301",9,"5000000","Medium"
402008,"Amadou Haidara","Midfielder",2021,4,"Bundesliga","37.72","302","302",42,"22000000","High"
389324,"Fernandinho","Midfielder",2021,4,"Premier League","37.68","303","303",28,"2500000","Low"
192638,"Nicolas Haas","Midfielder",2021,4,"Serie A","37.56","304","304",40,"1800000","Low"
232454,"Nadiem Amiri","Midfielder",2021,4,"Serie A","37.48","305","306",42,"22000000","High"
232454,"Nadiem Amiri","Midfielder",2021,4,"Serie A","37.48","305","305",42,"22000000","High"
232454,"Nadiem Amiri","Midfielder",2021,4,"Serie A","37.48","305","305",42,"22000000","High"
232454,"Nadiem Amiri","Midfielder",2021,4,"Serie A","37.48","305","306",42,"22000000","High"
394346,"Emanuel Vignato","Midfielder",2021,4,"Serie A","37.44","307","307",6,"6000000","Medium"
93704,"Josuha Guilavogui","Midfielder",2021,4,"Ligue 1","37.28","308","308",25,"7000000","Medium"
93704,"Josuha Guilavogui","Midfielder",2021,4,"Ligue 1","37.28","308","308",25,"7000000","Medium"
93704,"Josuha Guilavogui","Midfielder",2021,4,"Ligue 1","37.28","308","309",25,"7000000","Medium"
93704,"Josuha Guilavogui","Midfielder",2021,4,"Ligue 1","37.28","308","309",25,"7000000","Medium"
401578,"Exequiel Palacios","Midfielder",2021,4,"Bundesliga","36.90","310","310",10,"18000000","Medium"
126751,"Iñigo Ruiz de Galarreta","Midfielder",2021,4,"La Liga","36.75","311","311",3,"2000000","Low"
235931,"Alessandro Deiola","Midfielder",2021,4,"Serie A","36.75","311","312",13,"1000000","Low"
74943,"Juraj Kucka","Midfielder",2021,4,"Premier League","36.35","313","313",23,"3000000","Low"
624037,"Joris Chotard","Midfielder",2021,4,"Ligue 1","36.27","314","314",25,"7000000","Medium"
378293,"Yangel Herrera","Midfielder",2021,4,"La Liga","36.15","315","315",16,"15000000","Medium"
378293,"Yangel Herrera","Midfielder",2021,4,"La Liga","36.15","315","316",16,"15000000","Medium"
378293,"Yangel Herrera","Midfielder",2021,4,"La Liga","36.15","315","316",16,"15000000","Medium"
378293,"Yangel Herrera","Midfielder",2021,4,"La Liga","36.15","315","315",16,"15000000","Medium"
179635,"Philipp Förster","Midfielder",2021,4,"Bundesliga","35.95","317","317",3,"2000000","Low"
520624,"Bruno Guimarães","Midfielder",2021,4,"Premier League","35.85","318","318",43,"30000000","High"
340394,"Abdelhamid Sabiri","Midfielder",2021,4,"Serie A","35.83","319","319",17,"1500000","Low"
340394,"Abdelhamid Sabiri","Midfielder",2021,4,"Serie A","35.83","319","319",17,"1500000","Low"
340394,"Abdelhamid Sabiri","Midfielder",2021,4,"Serie A","35.83","319","320",17,"1500000","Low"
340394,"Abdelhamid Sabiri","Midfielder",2021,4,"Serie A","35.83","319","320",17,"1500000","Low"
485706,"Amadou Onana","Midfielder",2021,4,"Ligue 1","35.79","321","321",17,"1500000","Low"
251302,"Niklas Dorsch","Midfielder",2021,4,"Bundesliga","35.54","322","322",25,"7000000","Medium"
140757,"Daniel Bessa","Midfielder",2021,4,"Serie A","35.26","323","323",3,"2000000","Low"
557610,"Isaac Lihadji","Midfielder",2021,4,"Ligue 1","34.94","324","324",14,"4000000","Low"
503991,"Yunus Musah","Midfielder",2021,4,"La Liga","34.92","325","325",41,"10000000","Medium"
43530,"Adam Lallana","Midfielder",2021,4,"Premier League","34.88","326","326",6,"6000000","Medium"
392770,"Angel Gomes","Midfielder",2021,4,"Ligue 1","34.78","327","327",6,"6000000","Medium"
295622,"Keidi Bare","Midfielder",2021,4,"La Liga","34.72","328","328",17,"1500000","Low"
246968,"Ayoze Pérez","Midfielder",2021,4,"Premier League","34.48","329","329",10,"18000000","Medium"
550495,"Fernando","Midfielder",2021,4,"La Liga","34.27","330","330",14,"4000000","Low"
351749,"Kalvin Phillips","Midfielder",2021,4,"Premier League","34.03","331","331",102,"27000000","High"
141050,"Danilo Pereira","Midfielder",2021,4,"Ligue 1","33.81","332","332",11,"20000000","High"
249126,"Harry Winks","Midfielder",2021,4,"Premier League","33.69","333","333",42,"22000000","High"
282810,"Carles Pérez","Midfielder",2021,4,"Serie A","33.53","334","334",20,"8000000","Medium"
620313,"Lucas Gourna-Douath","Midfielder",2021,4,"Ligue 1","33.33","335","335",14,"4000000","Low"
106872,"Kevin Stöger","Midfielder",2021,4,"Bundesliga","33.21","336","336",23,"3000000","Low"
296986,"Tyler Roberts","Midfielder",2021,4,"Premier League","32.94","337","337",9,"5000000","Medium"
406638,"Oliver Skipp","Midfielder",2021,4,"Premier League","32.54","338","338",20,"8000000","Medium"
74869,"Francis Coquelin","Midfielder",2021,4,"La Liga","32.20","339","339",6,"6000000","Medium"
474662,"Hugo Magnetti","Midfielder",2021,4,"Ligue 1","32.12","340","340",71,"700000","Low"
37666,"Arturo Vidal","Midfielder",2021,4,"Serie A","32.08","341","341",6,"6000000","Medium"
805908,"Bradley Locko","Midfielder",2021,4,"Ligue 1","31.77","342","342",44,"300000","Low"
454238,"Tomás Alarcón","Midfielder",2021,4,"La Liga","31.73","343","343",156,"850000","Low"
70934,"Nolito","Midfielder",2021,4,"La Liga","31.65","344","344",17,"1500000","Low"
471474,"Javi Martínez","Midfielder",2021,4,"La Liga","31.35","345","345",34,"200000","Low"
513031,"Antonio Sánchez","Midfielder",2021,4,"La Liga","31.07","346","346",2,"500000","Low"
479999,"Eberechi Eze","Midfielder",2021,4,"Premier League","31.03","347","347",11,"20000000","High"
823231,"Dango Ouattara","Midfielder",2021,4,"Ligue 1","30.71","348","348",2,"500000","Low"
607854,"Éderson","Midfielder",2021,4,"Serie A","30.69","349","349",14,"4000000","Low"
607854,"Éderson","Midfielder",2021,4,"Serie A","30.69","349","350",14,"4000000","Low"
607854,"Éderson","Midfielder",2021,4,"Serie A","30.69","349","349",14,"4000000","Low"
607854,"Éderson","Midfielder",2021,4,"Serie A","30.69","349","350",14,"4000000","Low"
78917,"Julien Faussurier","Midfielder",2021,4,"Ligue 1","30.65","351","351",30,"800000","Low"
315862,"Filippo Melegoni","Midfielder",2021,4,"Serie A","30.54","352","352",59,"900000","Low"
223979,"Xaver Schlager","Midfielder",2021,4,"Bundesliga","30.18","353","353",42,"22000000","High"
161204,"Julian Green","Midfielder",2021,4,"Bundesliga","30.00","354","354",13,"1000000","Low"
412671,"Quentin Boisgard","Midfielder",2021,4,"Ligue 1","29.80","355","355",28,"2500000","Low"
166237,"Leandro Paredes","Midfielder",2021,4,"Ligue 1","29.80","355","356",11,"20000000","High"
160438,"Mohamed Elneny","Midfielder",2021,4,"Premier League","29.25","357","357",41,"10000000","Medium"
142031,"Omar Mascarell","Midfielder",2021,4,"La Liga","29.09","358","358",32,"7500000","Medium"
442805,"Iddrisu Baba","Midfielder",2021,4,"La Liga","28.89","359","359",17,"1500000","Low"
400485,"Adam Ounas","Midfielder",2021,4,"Serie A","28.25","360","360",20,"8000000","Medium"
543771,"Kristjan Asllani","Midfielder",2021,4,"Serie A","28.25","360","361",34,"200000","Low"
524010,"Oier Zarraga","Midfielder",2021,4,"La Liga","28.17","362","362",2,"500000","Low"
496857,"Edon Zhegrova","Midfielder",2021,4,"Ligue 1","27.98","363","363",3,"2000000","Low"
242497,"Pere Pons","Midfielder",2021,4,"La Liga","27.66","364","364",80,"2800000","Low"
122043,"Héctor Herrera","Midfielder",2021,4,"La Liga","27.20","365","365",20,"8000000","Medium"
45581,"Joel Obi","Midfielder",2021,4,"Serie A","26.73","366","366",27,"600000","Low"
428954,"Stéphane Diarra","Midfielder",2021,4,"Ligue 1","26.35","367","367",28,"2500000","Low"
495667,"Lucas Da Cunha","Midfielder",2021,4,"Ligue 1","26.23","368","368",23,"3000000","Low"
495667,"Lucas Da Cunha","Midfielder",2021,4,"Ligue 1","26.23","368","369",23,"3000000","Low"
495667,"Lucas Da Cunha","Midfielder",2021,4,"Ligue 1","26.23","368","369",23,"3000000","Low"
495667,"Lucas Da Cunha","Midfielder",2021,4,"Ligue 1","26.23","368","368",23,"3000000","Low"
508941,"Dylan Chambost","Midfielder",2021,4,"Ligue 1","26.03","370","370",63,"1300000","Low"
44466,"Sebastian Rode","Midfielder",2021,4,"Bundesliga","25.85","371","371",14,"4000000","Low"
406806,"Emil Bohinen","Midfielder",2021,4,"Serie A","25.73","372","374",17,"1500000","Low"
406806,"Emil Bohinen","Midfielder",2021,4,"Serie A","25.73","372","374",17,"1500000","Low"
406806,"Emil Bohinen","Midfielder",2021,4,"Serie A","25.73","372","373",17,"1500000","Low"
406806,"Emil Bohinen","Midfielder",2021,4,"Serie A","25.73","372","373",17,"1500000","Low"
35047,"Axel Witsel","Midfielder",2021,4,"Bundesliga","25.73","372","372",5,"12000000","Medium"
293944,"Habib Maïga","Midfielder",2021,4,"Ligue 1","25.56","375","375",67,"5500000","Medium"
178313,"Jean-Eudes Aholou","Midfielder",2021,4,"Ligue 1","25.40","376","376",14,"4000000","Low"
178313,"Jean-Eudes Aholou","Midfielder",2021,4,"Ligue 1","25.40","376","377",14,"4000000","Low"
178313,"Jean-Eudes Aholou","Midfielder",2021,4,"Ligue 1","25.40","376","377",14,"4000000","Low"
178313,"Jean-Eudes Aholou","Midfielder",2021,4,"Ligue 1","25.40","376","376",14,"4000000","Low"
649033,"Dion Lopy","Midfielder",2021,4,"Ligue 1","25.36","378","378",30,"800000","Low"
503881,"Aster Vranckx","Midfielder",2021,4,"Bundesliga","25.34","379","379",124,"6800000","Medium"
14221,"Aaron Lennon","Midfielder",2021,4,"Premier League","25.16","380","380",79,"1100000","Low"
594997,"Yohann Magnin","Midfielder",2021,4,"Ligue 1","24.82","381","381",17,"1500000","Low"
85288,"Isco","Midfielder",2021,4,"La Liga","24.76","382","382",11,"20000000","High"
340322,"Nathan Tella","Midfielder",2021,4,"Premier League","24.38","383","383",17,"1500000","Low"
473050,"Kevin Schade","Midfielder",2021,4,"Bundesliga","24.23","384","384",44,"300000","Low"
55215,"Javier Pastore","Midfielder",2021,4,"La Liga","24.03","385","385",3,"2000000","Low"
270411,"Saîf-Eddine Khaoui","Midfielder",2021,4,"Ligue 1","23.95","386","386",40,"1800000","Low"
344605,"Boubakary Soumaré","Midfielder",2021,4,"Premier League","23.83","387","387",64,"23000000","High"
298575,"Kike Barja","Midfielder",2021,4,"La Liga","23.73","388","388",13,"1000000","Low"
225873,"Karol Linetty","Midfielder",2021,4,"Serie A","23.67","389","389",6,"6000000","Medium"
245537,"Nabil Bentaleb","Midfielder",2021,4,"Ligue 1","23.35","390","390",3,"2000000","Low"
342209,"Kévin N'Doram","Midfielder",2021,4,"Ligue 1","23.33","391","391",28,"2500000","Low"
525578,"Pathé Ciss","Midfielder",2021,4,"La Liga","22.56","392","392",27,"600000","Low"
49275,"Albin Ekdal","Midfielder",2021,4,"Serie A","22.40","393","393",23,"3000000","Low"
93726,"Paul Lasne","Midfielder",2021,4,"Ligue 1","21.77","394","394",13,"1000000","Low"
57051,"Sebastian Rudy","Midfielder",2021,4,"Bundesliga","20.97","395","395",14,"4000000","Low"
533916,"Shandon Baptiste","Midfielder",2021,4,"Premier League","20.97","395","396",13,"1000000","Low"
252345,"Ken Sema","Midfielder",2021,4,"Premier League","20.89","397","397",52,"4500000","Low"
346707,"Sean Longstaff","Midfielder",2021,4,"Premier League","20.71","398","398",16,"15000000","Medium"
384593,"Alexis Claude-Maurice","Midfielder",2021,4,"Ligue 1","20.18","399","399",25,"7000000","Medium"
565822,"Harvey Elliott","Midfielder",2021,4,"Premier League","19.62","400","400",16,"15000000","Medium"
40613,"Jack Cork","Midfielder",2021,4,"Premier League","19.17","401","401",6,"6000000","Medium"
274839,"Wilfred Ndidi","Midfielder",2021,4,"Premier League","18.91","402","402",8,"50000000","High"
535834,"Eliot Matazo","Midfielder",2021,4,"Ligue 1","18.55","403","403",17,"1500000","Low"
162961,"Valerio Verre","Midfielder",2021,4,"Serie A","18.39","404","404",33,"3500000","Low"
425918,"Jakub Kiwior","Midfielder",2021,4,"Serie A","18.21","405","405",29,"400000","Low"
421637,"Frank Onyeka","Midfielder",2021,4,"Premier League","18.08","406","406",6,"6000000","Medium"
527698,"Kike Pérez","Midfielder",2021,4,"La Liga","17.78","407","407",30,"800000","Low"
527698,"Kike Pérez","Midfielder",2021,4,"La Liga","17.78","407","408",30,"800000","Low"
527698,"Kike Pérez","Midfielder",2021,4,"La Liga","17.78","407","407",30,"800000","Low"
527698,"Kike Pérez","Midfielder",2021,4,"La Liga","17.78","407","408",30,"800000","Low"
98322,"Denis Cheryshev","Midfielder",2021,4,"La Liga","17.74","409","409",14,"4000000","Low"
326300,"Jeff Reine-Adélaïde","Midfielder",2021,4,"Ligue 1","17.74","410","410",42,"22000000","High"
204294,"Saman Ghoddos","Midfielder",2021,4,"Premier League","17.62","411","411",23,"3000000","Low"
334186,"Fabian Kunze","Midfielder",2021,4,"Bundesliga","17.48","412","412",13,"1000000","Low"
568835,"Pablo Martínez","Midfielder",2021,4,"La Liga","16.94","413","413",29,"400000","Low"
333516,"Sebastian Vasiliadis","Midfielder",2021,4,"Bundesliga","16.83","414","414",28,"2500000","Low"
687626,"Moisés Caicedo","Midfielder",2021,4,"Premier League","16.73","415","415",9,"5000000","Medium"
687626,"Moisés Caicedo","Midfielder",2021,4,"Premier League","16.73","415","416",9,"5000000","Medium"
687626,"Moisés Caicedo","Midfielder",2021,4,"Premier League","16.73","415","415",9,"5000000","Medium"
687626,"Moisés Caicedo","Midfielder",2021,4,"Premier League","16.73","415","416",9,"5000000","Medium"
469669,"Yvan Neyou","Midfielder",2021,4,"Ligue 1","16.65","417","417",52,"4500000","Low"
96806,"Jacopo Sala","Midfielder",2021,4,"Serie A","16.55","418","418",2,"500000","Low"
384745,"Tobias Raschl","Midfielder",2021,4,"Bundesliga","16.41","419","419",59,"900000","Low"
82070,"Diego Demme","Midfielder",2021,4,"Serie A","15.87","420","420",37,"16000000","Medium"
249157,"Fredrik Jensen","Midfielder",2021,4,"Bundesliga","15.79","421","421",3,"2000000","Low"
84766,"Francesco Di Tacchio","Midfielder",2021,4,"Serie A","15.73","422","422",27,"600000","Low"
818495,"Otávio","Midfielder",2021,4,"Ligue 1","15.73","423","423",25,"7000000","Medium"
670710,"André Gomes","Midfielder",2021,4,"Premier League","15.71","424","424",11,"20000000","High"
361068,"Jurgen Ekkelenkamp","Midfielder",2021,4,"Bundesliga","15.18","425","425",14,"4000000","Low"
131978,"Ross Barkley","Midfielder",2021,4,"Premier League","15.16","426","426",11,"20000000","High"
60394,"Philipp Klement","Midfielder",2021,4,"Bundesliga","15.02","427","427",17,"1500000","Low"
136133,"Andrea Schiavone","Midfielder",2021,4,"Serie A","14.88","428","428",44,"300000","Low"
215616,"Erick Pulgar","Midfielder",2021,4,"Serie A","14.72","429","429",41,"10000000","Medium"
243737,"Roli Pereira de Sa","Midfielder",2021,4,"Ligue 1","14.68","430","430",44,"300000","Low"
282694,"Augusto Solari","Midfielder",2021,4,"La Liga","14.52","431","431",14,"4000000","Low"
168959,"Nemanja Radoja","Midfielder",2021,4,"La Liga","14.27","432","432",23,"3000000","Low"
487688,"Alberto Soro","Midfielder",2021,4,"La Liga","13.75","433","433",3,"2000000","Low"
57995,"Daniel Didavi","Midfielder",2021,4,"Bundesliga","13.53","434","434",40,"1800000","Low"
85370,"Sergi Roberto","Midfielder",2021,4,"La Liga","13.35","435","435",26,"25000000","High"
334526,"Denis Zakaria","Midfielder",2021,4,"Serie A","13.19","436","436",7,"40000000","High"
28947,"Gonzalo Castro","Midfielder",2021,4,"Bundesliga","13.08","437","437",62,"1400000","Low"
416386,"Abdou Harroui","Midfielder",2021,4,"Serie A","13.06","438","438",33,"3500000","Low"
416386,"Abdou Harroui","Midfielder",2021,4,"Serie A","13.06","438","438",33,"3500000","Low"
416386,"Abdou Harroui","Midfielder",2021,4,"Serie A","13.06","438","439",33,"3500000","Low"
416386,"Abdou Harroui","Midfielder",2021,4,"Serie A","13.06","438","439",33,"3500000","Low"
670096,"Tanner Tessmann","Midfielder",2021,4,"Serie A","12.82","440","440",13,"1000000","Low"
71579,"Iñigo Pérez","Midfielder",2021,4,"La Liga","12.78","441","441",27,"600000","Low"
16922,"Kevin-Prince Boateng","Midfielder",2021,4,"Bundesliga","12.70","442","442",28,"2500000","Low"
82097,"Christoph Kramer","Midfielder",2021,4,"Bundesliga","12.44","443","443",20,"8000000","Medium"
454863,"András Schäfer","Midfielder",2021,4,"Bundesliga","11.96","444","444",71,"700000","Low"
659459,"Carney Chukwuemeka","Midfielder",2021,4,"Premier League","11.47","445","445",13,"1000000","Low"
111051,"Nampalys Mendy","Midfielder",2021,4,"Premier League","11.43","446","446",20,"8000000","Medium"
617074,"Ilaix Moriba","Midfielder",2021,4,"La Liga","11.13","447","447",9,"5000000","Medium"
617074,"Ilaix Moriba","Midfielder",2021,4,"La Liga","11.13","447","449",9,"5000000","Medium"
617074,"Ilaix Moriba","Midfielder",2021,4,"La Liga","11.13","447","447",9,"5000000","Medium"
617074,"Ilaix Moriba","Midfielder",2021,4,"La Liga","11.13","447","449",9,"5000000","Medium"
617074,"Ilaix Moriba","Midfielder",2021,4,"La Liga","11.13","447","448",9,"5000000","Medium"
617074,"Ilaix Moriba","Midfielder",2021,4,"La Liga","11.13","447","448",9,"5000000","Medium"
617074,"Ilaix Moriba","Midfielder",2021,4,"La Liga","11.13","447","449",9,"5000000","Medium"
617074,"Ilaix Moriba","Midfielder",2021,4,"La Liga","11.13","447","448",9,"5000000","Medium"
617074,"Ilaix Moriba","Midfielder",2021,4,"La Liga","11.13","447","447",9,"5000000","Medium"
54984,"Diego Perotti","Midfielder",2021,4,"Serie A","10.93","450","450",28,"2500000","Low"
416380,"Ragnar Ache","Midfielder",2021,4,"Bundesliga","10.89","451","451",40,"1800000","Low"
398163,"Gonzalo Villar","Midfielder",2021,4,"La Liga","10.85","452","453",16,"15000000","Medium"
398163,"Gonzalo Villar","Midfielder",2021,4,"La Liga","10.85","452","452",16,"15000000","Medium"
398163,"Gonzalo Villar","Midfielder",2021,4,"La Liga","10.85","452","452",16,"15000000","Medium"
398163,"Gonzalo Villar","Midfielder",2021,4,"La Liga","10.85","452","453",16,"15000000","Medium"
443331,"Patrick Osterhage","Midfielder",2021,4,"Bundesliga","10.54","454","454",34,"200000","Low"
467992,"Samuele Ricci","Midfielder",2021,4,"Serie A","10.22","455","455",21,"9000000","Medium"
740674,"Issouf Sissokho","Midfielder",2021,4,"Ligue 1","10.02","456","456",34,"200000","Low"
287875,"Luca Fiordilino","Midfielder",2021,4,"Serie A","9.78","457","457",156,"850000","Low"
503160,"Paul Nebel","Midfielder",2021,4,"Bundesliga","9.76","458","458",30,"800000","Low"
196095,"Luca Waldschmidt","Midfielder",2021,4,"Bundesliga","9.25","459","459",45,"17000000","Medium"
506009,"Amine Bassi","Midfielder",2021,4,"Ligue 1","9.19","460","460",3,"2000000","Low"
333383,"Bonke Innocent","Midfielder",2021,4,"Ligue 1","8.51","461","461",27,"600000","Low"
63040,"Oier Sanjurjo","Midfielder",2021,4,"La Liga","8.27","462","462",71,"700000","Low"
247555,"Edimilson Fernandes","Midfielder",2021,4,"Bundesliga","8.10","463","465",67,"5500000","Medium"
247555,"Edimilson Fernandes","Midfielder",2021,4,"Bundesliga","8.10","463","464",67,"5500000","Medium"
247555,"Edimilson Fernandes","Midfielder",2021,4,"Bundesliga","8.10","463","464",67,"5500000","Medium"
247555,"Edimilson Fernandes","Midfielder",2021,4,"Bundesliga","8.10","463","463",67,"5500000","Medium"
247555,"Edimilson Fernandes","Midfielder",2021,4,"Bundesliga","8.10","463","465",67,"5500000","Medium"
247555,"Edimilson Fernandes","Midfielder",2021,4,"Bundesliga","8.10","463","463",67,"5500000","Medium"
247555,"Edimilson Fernandes","Midfielder",2021,4,"Bundesliga","8.10","463","465",67,"5500000","Medium"
247555,"Edimilson Fernandes","Midfielder",2021,4,"Bundesliga","8.10","463","464",67,"5500000","Medium"
247555,"Edimilson Fernandes","Midfielder",2021,4,"Bundesliga","8.10","463","463",67,"5500000","Medium"
225462,"José Mari","Midfielder",2021,4,"La Liga","8.06","466","466",2,"500000","Low"
177779,"Janik Haberer","Midfielder",2021,4,"Bundesliga","7.38","467","467",20,"8000000","Medium"
490426,"Krépin Diatta","Midfielder",2021,4,"Ligue 1","7.34","468","468",10,"18000000","Medium"
947431,"David López","Midfielder",2021,4,"La Liga","7.24","469","469",23,"3000000","Low"
468066,"Jens Cajuste","Midfielder",2021,4,"Ligue 1","7.22","470","470",9,"5000000","Medium"
536482,"Junior Dina Ebimbe","Midfielder",2021,4,"Ligue 1","6.94","471","471",6,"6000000","Medium"
406640,"Felix Nmecha","Midfielder",2021,4,"Bundesliga","6.88","472","472",71,"700000","Low"
282406,"Álvaro Jiménez","Midfielder",2021,4,"La Liga","6.63","473","474",27,"600000","Low"
181768,"Hernani","Midfielder",2021,4,"Serie A","6.63","473","473",38,"6500000","Medium"
476237,"Steven Alzate","Midfielder",2021,4,"Premier League","6.09","475","475",25,"7000000","Medium"
342039,"Yannik Keitel","Midfielder",2021,4,"Bundesliga","6.03","476","476",71,"700000","Low"
283001,"Noah Joel Sarenren Bazee","Midfielder",2021,4,"Bundesliga","5.95","477","477",74,"1200000","Low"
711999,"Lesley Ugochukwu","Midfielder",2021,4,"Ligue 1","4.64","478","478",44,"300000","Low"
206225,"Isaac Hayden","Midfielder",2021,4,"Premier League","4.46","479","479",41,"10000000","Medium"
634431,"Beñat Turrientes","Midfielder",2021,4,"La Liga","4.40","480","480",1,"100000","Low"
56067,"Pablo Piatti","Midfielder",2021,4,"La Liga","4.17","481","481",74,"1200000","Low"
520947,"Santiago Arzamendia","Midfielder",2021,4,"La Liga","4.11","482","482",9,"5000000","Medium"
539134,"Daniel Maldini","Midfielder",2021,4,"Serie A","2.94","483","483",30,"800000","Low"
238868,"Rubén Peña","Midfielder",2021,4,"La Liga","2.90","484","484",14,"4000000","Low"
288255,"Donny van de Beek","Midfielder",2021,4,"Premier League","2.84","485","485",22,"35000000","High"
315332,"Aymen Barkok","Midfielder",2021,4,"Bundesliga","2.28","486","486",33,"3500000","Low"
289257,"Jon Guridi","Midfielder",2021,4,"La Liga","2.16","487","487",40,"1800000","Low"
668276,"Hugo Novoa","Midfielder",2021,4,"Bundesliga","2.10","488","488",29,"400000","Low"
631221,"Isma Ruiz","Midfielder",2021,4,"La Liga","1.85","489","489",44,"300000","Low"
620477,"Kaio Jorge","Midfielder",2021,4,"Serie A","1.43","490","490",5,"12000000","Medium"
57845,"Tobias Strobl","Midfielder",2021,4,"Bundesliga","1.33","491","491",23,"3000000","Low"
854853,"Tom Davies","Midfielder",2021,4,"Premier League","1.21","492","492",37,"16000000","Medium"
207597,"Cedric Teuchert","Midfielder",2021,4,"Bundesliga","1.21","493","493",87,"1700000","Low"
44983,"Dan Gosling","Midfielder",2021,4,"Premier League","1.19","494","494",87,"1700000","Low"
562049,"Edoardo Bove","Midfielder",2021,4,"Serie A","0.71","495","495",44,"300000","Low"
148262,"Jeff Hendrick","Midfielder",2021,4,"Premier League","0.30","496","496",21,"9000000","Medium"
148262,"Jeff Hendrick","Midfielder",2021,4,"Premier League","0.30","496","497",21,"9000000","Medium"
148262,"Jeff Hendrick","Midfielder",2021,4,"Premier League","0.30","496","496",21,"9000000","Medium"
148262,"Jeff Hendrick","Midfielder",2021,4,"Premier League","0.30","496","497",21,"9000000","Medium"
270051,"Andrei Girotto","Defender",2022,5,"Ligue 1","98.35","1","1",14,"4000000","Low"
199704,"Yunis Abdelhamid","Defender",2022,5,"Ligue 1","96.60","2","2",74,"1200000","Low"
690799,"Anthony Rouault","Defender",2022,5,"Ligue 1","94.02","3","3",23,"3000000","Low"
16136,"Dante","Defender",2022,5,"Ligue 1","92.39","4","4",30,"800000","Low"
173504,"James Tarkowski","Defender",2022,5,"Premier League","91.82","5","5",42,"22000000","High"
373373,"Lucas Martínez Quarta","Defender",2022,5,"Serie A","89.70","6","7",5,"12000000","Medium"
135343,"Fabian Schär","Defender",2022,5,"Premier League","89.70","6","6",25,"7000000","Medium"
262226,"Timothy Castagne","Defender",2022,5,"Premier League","89.38","8","8",49,"28000000","High"
338285,"Unai Núñez","Defender",2022,5,"La Liga","89.29","9","9",21,"9000000","Medium"
198709,"Cédric Hountondji","Defender",2022,5,"Ligue 1","89.10","10","10",28,"2500000","Low"
496706,"Montassar Talbi","Defender",2022,5,"Ligue 1","88.93","11","11",74,"1200000","Low"
236981,"Timo Hübers","Defender",2022,5,"Bundesliga","88.40","12","12",23,"3000000","Low"
415912,"Konstantinos Mavropanos","Defender",2022,5,"Bundesliga","88.25","13","13",16,"15000000","Medium"
355915,"Cristian Romero","Defender",2022,5,"Premier League","87.35","14","15",7,"40000000","High"
355915,"Cristian Romero","Defender",2022,5,"Premier League","87.35","14","14",7,"40000000","High"
355915,"Cristian Romero","Defender",2022,5,"Premier League","87.35","14","15",7,"40000000","High"
355915,"Cristian Romero","Defender",2022,5,"Premier League","87.35","14","14",7,"40000000","High"
442248,"Ethan Pinnock","Defender",2022,5,"Premier League","87.26","16","16",5,"12000000","Medium"
353366,"Benjamin Pavard","Defender",2022,5,"Bundesliga","86.99","17","17",43,"30000000","High"
546213,"Tuta","Defender",2022,5,"Bundesliga","86.86","18","18",41,"10000000","Medium"
74810,"Ben Mee","Defender",2022,5,"Premier League","86.62","19","19",28,"2500000","Low"
72441,"Rafael Tolói","Defender",2022,5,"Serie A","86.03","20","20",20,"8000000","Medium"
149928,"Jubal","Defender",2022,5,"Ligue 1","85.96","21","21",3,"2000000","Low"
57482,"Mohamed Youssouf","Defender",2022,5,"Ligue 1","85.68","22","22",44,"300000","Low"
106405,"Jeffrey Gouweleeuw","Defender",2022,5,"Bundesliga","85.66","23","23",33,"3500000","Low"
605184,"Jean-Clair Todibo","Defender",2022,5,"Ligue 1","85.47","24","24",11,"20000000","High"
82350,"Stefan Bell","Defender",2022,5,"Bundesliga","85.43","25","25",28,"2500000","Low"
134270,"Dan Burn","Defender",2022,5,"Premier League","85.43","26","26",25,"7000000","Medium"
32113,"Armando Izzo","Defender",2022,5,"Serie A","85.36","27","28",23,"3000000","Low"
32113,"Armando Izzo","Defender",2022,5,"Serie A","85.36","27","27",23,"3000000","Low"
32113,"Armando Izzo","Defender",2022,5,"Serie A","85.36","27","28",23,"3000000","Low"
32113,"Armando Izzo","Defender",2022,5,"Serie A","85.36","27","27",23,"3000000","Low"
311044,"Alfonso Espino","Defender",2022,5,"La Liga","85.21","29","29",6,"6000000","Medium"
250779,"Brendan Chardonnet","Defender",2022,5,"Ligue 1","84.98","30","30",9,"5000000","Medium"
201737,"Christopher Jullien","Defender",2022,5,"Ligue 1","84.91","31","31",52,"4500000","Low"
108537,"Jonas Hector","Defender",2022,5,"Bundesliga","84.81","32","32",33,"3500000","Low"
392771,"Ethan Ampadu","Defender",2022,5,"Serie A","84.53","33","33",47,"13000000","Medium"
95810,"Kieran Trippier","Defender",2022,5,"Premier League","84.38","34","34",16,"15000000","Medium"
361260,"Ozan Kabak","Defender",2022,5,"Bundesliga","84.32","35","35",47,"13000000","Medium"
388795,"Oumar Gonzalez","Defender",2022,5,"Ligue 1","84.32","35","36",17,"1500000","Low"
683895,"Emmanuel Agbadou","Defender",2022,5,"Ligue 1","84.06","37","37",23,"3000000","Low"
485960,"Lilian Brassier","Defender",2022,5,"Ligue 1","84.04","38","38",14,"4000000","Low"
182875,"Jean-Charles Castelletto","Defender",2022,5,"Ligue 1","83.70","39","39",14,"4000000","Low"
206746,"Kenny Tete","Defender",2022,5,"Premier League","83.57","40","40",14,"4000000","Low"
386446,"Alessandro Buongiorno","Defender",2022,5,"Serie A","83.46","41","41",14,"4000000","Low"
438001,"Santiago Bueno","Defender",2022,5,"La Liga","83.38","42","42",3,"2000000","Low"
102423,"Leandro Cabrera","Defender",2022,5,"La Liga","83.25","43","43",14,"4000000","Low"
351843,"Yoann Salmier","Defender",2022,5,"Ligue 1","83.14","44","44",3,"2000000","Low"
435338,"Gabriel Magalhães","Defender",2022,5,"Premier League","82.97","45","45",43,"30000000","High"
192635,"Nico Elvedi","Defender",2022,5,"Bundesliga","82.46","46","46",10,"18000000","Medium"
401530,"Éder Militão","Defender",2022,5,"La Liga","82.39","47","47",55,"60000000","Elite"
120651,"Vincent Le Goff","Defender",2022,5,"Ligue 1","82.16","48","48",13,"1000000","Low"
131225,"Nicolás Tagliafico","Defender",2022,5,"Ligue 1","81.92","49","50",37,"16000000","Medium"
358250,"Joseph Aidoo","Defender",2022,5,"La Liga","81.92","49","49",25,"7000000","Medium"
118850,"Ivan Ordets","Defender",2022,5,"Bundesliga","81.88","51","51",9,"5000000","Medium"
193004,"Waldemar Anton","Defender",2022,5,"Bundesliga","81.86","52","52",6,"6000000","Medium"
162434,"Niklas Stark","Defender",2022,5,"Bundesliga","81.45","53","53",32,"7500000","Medium"
351955,"Federico Baschirotto","Defender",2022,5,"Serie A","81.32","54","54",83,"450000","Low"
410708,"Pascal Struijk","Defender",2022,5,"Premier League","81.32","54","55",16,"15000000","Medium"
298589,"David García","Defender",2022,5,"La Liga","80.90","56","56",16,"15000000","Medium"
303254,"Fikayo Tomori","Defender",2022,5,"Serie A","80.85","57","57",8,"50000000","High"
564545,"Edmond Tapsoba","Defender",2022,5,"Bundesliga","80.62","58","58",22,"35000000","High"
126557,"Jonathan Gradit","Defender",2022,5,"Ligue 1","80.58","59","59",52,"4500000","Low"
571604,"Giorgio Scalvini","Defender",2022,5,"Serie A","80.13","60","60",9,"5000000","Medium"
203348,"Chancel Mbemba","Defender",2022,5,"Ligue 1","80.11","61","61",45,"17000000","Medium"
276896,"Samuel Gigot","Defender",2022,5,"Ligue 1","79.85","62","62",41,"10000000","Medium"
340853,"Javi Sánchez","Defender",2022,5,"La Liga","79.72","63","63",28,"2500000","Low"
404842,"Vitaliy Mykolenko","Defender",2022,5,"Premier League","79.36","64","64",10,"18000000","Medium"
386047,"Axel Disasi","Defender",2022,5,"Ligue 1","79.25","65","65",16,"15000000","Medium"
547985,"Fabiano Parisi","Defender",2022,5,"Serie A","79.04","66","66",52,"4500000","Low"
278531,"Sebastiano Luperto","Defender",2022,5,"Serie A","78.91","67","67",23,"3000000","Low"
563963,"Mohammed Salisu","Defender",2022,5,"Premier League","78.89","68","68",16,"15000000","Medium"
448628,"Javi Galán","Defender",2022,5,"La Liga","78.85","69","69",21,"9000000","Medium"
139279,"Nicolas Pallois","Defender",2022,5,"Ligue 1","78.85","70","70",17,"1500000","Low"
557939,"Neto Borges","Defender",2022,5,"Ligue 1","78.78","71","71",30,"800000","Low"
388198,"Nico Schlotterbeck","Defender",2022,5,"Bundesliga","78.23","72","72",49,"28000000","High"
413565,"Jhon Lucumí","Defender",2022,5,"Serie A","77.78","73","73",5,"12000000","Medium"
61812,"Yuri Berchiche","Defender",2022,5,"La Liga","77.67","74","74",23,"3000000","Low"
730893,"Tyrick Mitchell","Defender",2022,5,"Premier League","77.54","75","75",45,"17000000","Medium"
618472,"Castello Lukeba","Defender",2022,5,"Ligue 1","77.29","76","76",16,"15000000","Medium"
361093,"Sven Botman","Defender",2022,5,"Premier League","77.18","77","77",43,"30000000","High"
418543,"Perr Schuurs","Defender",2022,5,"Serie A","77.12","78","78",20,"8000000","Medium"
371851,"Jaka Bijol","Defender",2022,5,"Serie A","77.12","79","79",33,"3500000","Low"
585982,"Carlos Augusto","Defender",2022,5,"Serie A","76.84","80","80",52,"4500000","Low"
263236,"Kevin Danso","Defender",2022,5,"Ligue 1","76.69","81","81",25,"7000000","Medium"
249730,"Guillermo Maripán","Defender",2022,5,"Ligue 1","76.56","82","82",16,"15000000","Medium"
480987,"Chris Mepham","Defender",2022,5,"Premier League","76.41","83","83",14,"4000000","Low"
294817,"Thiago Silva","Defender",2022,5,"Premier League","76.35","84","84",28,"2500000","Low"
415970,"Joe Worrall","Defender",2022,5,"Premier League","76.30","85","85",14,"4000000","Low"
659813,"Piero Hincapié","Defender",2022,5,"Bundesliga","76.28","86","86",45,"17000000","Medium"
334221,"Amos Pieper","Defender",2022,5,"Bundesliga","76.13","87","87",9,"5000000","Medium"
251876,"Pablo Maffeo","Defender",2022,5,"La Liga","75.88","88","88",9,"5000000","Medium"
255488,"Yeray Álvarez","Defender",2022,5,"La Liga","75.51","89","89",47,"13000000","Medium"
260827,"Joachim Andersen","Defender",2022,5,"Premier League","75.34","90","90",26,"25000000","High"
197747,"Alessio Romagnoli","Defender",2022,5,"Serie A","75.17","91","91",45,"17000000","Medium"
480762,"Lisandro Martínez","Defender",2022,5,"Premier League","75.11","92","92",50,"32000000","High"
127032,"Serge Aurier","Defender",2022,5,"Premier League","75.02","93","93",41,"10000000","Medium"
160241,"Kevin Akpoguma","Defender",2022,5,"Bundesliga","75.02","94","94",6,"6000000","Medium"
221150,"Djené","Defender",2022,5,"La Liga","75.00","95","95",41,"10000000","Medium"
585949,"Pierre Kalulu","Defender",2022,5,"Serie A","74.72","96","96",45,"17000000","Medium"
789082,"Vanderson","Defender",2022,5,"Ligue 1","74.40","97","97",39,"11000000","Medium"
183288,"Luke Shaw","Defender",2022,5,"Premier League","74.17","98","98",93,"38000000","High"
344695,"Dayot Upamecano","Defender",2022,5,"Bundesliga","74.12","99","99",65,"45000000","High"
74294,"Nemanja Gudelj","Defender",2022,5,"La Liga","74.10","100","100",14,"4000000","Low"
183031,"Koffi Djidji","Defender",2022,5,"Serie A","73.91","101","101",23,"3000000","Low"
532937,"Johan Vásquez","Defender",2022,5,"Serie A","73.87","102","103",14,"4000000","Low"
532937,"Johan Vásquez","Defender",2022,5,"Serie A","73.87","102","102",14,"4000000","Low"
532937,"Johan Vásquez","Defender",2022,5,"Serie A","73.87","102","102",14,"4000000","Low"
532937,"Johan Vásquez","Defender",2022,5,"Serie A","73.87","102","103",14,"4000000","Low"
131075,"Francesco Acerbi","Defender",2022,5,"Serie A","73.82","104","104",9,"5000000","Medium"
103427,"Chris Smalling","Defender",2022,5,"Serie A","73.57","105","105",20,"8000000","Medium"
256448,"Gianluca Mancini","Defender",2022,5,"Serie A","73.38","106","106",26,"25000000","High"
284732,"Ramy Bensebaini","Defender",2022,5,"Bundesliga","73.23","107","107",45,"17000000","Medium"
176140,"Rodrigo Ely","Defender",2022,5,"La Liga","73.03","108","108",3,"2000000","Low"
357147,"Diogo Dalot","Defender",2022,5,"Premier League","73.03","109","109",10,"18000000","Medium"
247555,"Edimilson Fernandes","Defender",2022,5,"Bundesliga","72.84","110","110",3,"2000000","Low"
175722,"Eric Dier","Defender",2022,5,"Premier League","72.82","111","111",49,"28000000","High"
193784,"Carlos Clerc","Defender",2022,5,"La Liga","72.76","112","112",3,"2000000","Low"
353892,"Hiroki Ito","Defender",2022,5,"Bundesliga","72.63","113","113",52,"4500000","Low"
210178,"Pablo Marí","Defender",2022,5,"Serie A","72.24","114","114",9,"5000000","Medium"
435228,"Ardian Ismajli","Defender",2022,5,"Serie A","72.18","115","115",40,"1800000","Low"
798404,"Alidu Seidu","Defender",2022,5,"Ligue 1","72.01","116","116",17,"1500000","Low"
92572,"Joel Ward","Defender",2022,5,"Premier League","71.97","117","117",3,"2000000","Low"
169880,"Giovanni Di Lorenzo","Defender",2022,5,"Serie A","71.88","118","118",26,"25000000","High"
258883,"Jonjoe Kenny","Defender",2022,5,"Bundesliga","71.88","119","119",14,"4000000","Low"
221611,"Paulo Otávio","Defender",2022,5,"Bundesliga","71.79","120","120",6,"6000000","Medium"
145466,"Tim Ream","Defender",2022,5,"Premier League","71.65","121","121",2,"500000","Low"
250845,"José María Giménez","Defender",2022,5,"La Liga","71.05","122","122",8,"50000000","High"
139208,"Virgil van Dijk","Defender",2022,5,"Premier League","71.00","123","123",54,"55000000","High"
297070,"Hamari Traoré","Defender",2022,5,"Ligue 1","70.92","124","124",41,"10000000","Medium"
453016,"Anthony Caci","Defender",2022,5,"Bundesliga","70.71","125","125",6,"6000000","Medium"
387047,"Danilho Doekhi","Defender",2022,5,"Bundesliga","70.49","126","126",23,"3000000","Low"
111196,"Stefan de Vrij","Defender",2022,5,"Serie A","70.38","127","127",22,"35000000","High"
397171,"Gideon Mensah","Defender",2022,5,"Ligue 1","70.34","128","128",28,"2500000","Low"
349599,"Pervis Estupiñán","Defender",2022,5,"Premier League","70.34","129","129",11,"20000000","High"
370683,"Andreas Hanche-Olsen","Defender",2022,5,"Bundesliga","70.32","130","130",23,"3000000","Low"
253677,"Tyrone Mings","Defender",2022,5,"Premier League","70.24","131","131",43,"30000000","High"
67420,"Luke Ayling","Defender",2022,5,"Premier League","70.21","132","132",14,"4000000","Low"
25557,"Sergio Ramos","Defender",2022,5,"Ligue 1","69.74","133","133",6,"6000000","Medium"
225657,"Philipp Lienhart","Defender",2022,5,"Bundesliga","69.68","134","134",10,"18000000","Medium"
257376,"Domingos Duarte","Defender",2022,5,"La Liga","69.64","135","135",20,"8000000","Medium"
202591,"Benjamin Henrichs","Defender",2022,5,"Bundesliga","69.64","136","136",5,"12000000","Medium"
196357,"Jonathan Tah","Defender",2022,5,"Bundesliga","69.44","137","137",26,"25000000","High"
203043,"Pedro Bigas","Defender",2022,5,"La Liga","69.04","138","138",13,"1000000","Low"
228948,"Thilo Kehrer","Defender",2022,5,"Premier League","68.80","139","139",42,"22000000","High"
368891,"Arthur Theate","Defender",2022,5,"Ligue 1","68.74","140","140",16,"15000000","Medium"
368891,"Arthur Theate","Defender",2022,5,"Ligue 1","68.74","140","141",16,"15000000","Medium"
368891,"Arthur Theate","Defender",2022,5,"Ligue 1","68.74","140","140",16,"15000000","Medium"
368891,"Arthur Theate","Defender",2022,5,"Ligue 1","68.74","140","141",16,"15000000","Medium"
62945,"Luis Hernández","Defender",2022,5,"La Liga","68.38","142","142",30,"800000","Low"
314353,"Trent Alexander-Arnold","Defender",2022,5,"Premier League","68.27","143","143",15,"80000000","Elite"
148153,"Lewis Dunk","Defender",2022,5,"Premier League","68.08","144","144",11,"20000000","High"
480763,"Juan Foyth","Defender",2022,5,"La Liga","67.78","145","145",26,"25000000","High"
75067,"Liam Cooper","Defender",2022,5,"Premier League","67.48","146","146",25,"7000000","Medium"
344072,"Kelvin Amian","Defender",2022,5,"Serie A","67.41","147","147",33,"3500000","Low"
335721,"Ben White","Defender",2022,5,"Premier League","67.39","148","148",7,"40000000","High"
258878,"Tosin Adarabioyo","Defender",2022,5,"Premier League","67.37","149","149",16,"15000000","Medium"
160968,"Benno Schmitz","Defender",2022,5,"Bundesliga","67.16","150","150",23,"3000000","Low"
503680,"Neco Williams","Defender",2022,5,"Premier League","66.97","151","151",20,"8000000","Medium"
353032,"Omar Alderete","Defender",2022,5,"La Liga","66.54","152","153",41,"10000000","Medium"
353032,"Omar Alderete","Defender",2022,5,"La Liga","66.54","152","152",41,"10000000","Medium"
353032,"Omar Alderete","Defender",2022,5,"La Liga","66.54","152","153",41,"10000000","Medium"
353032,"Omar Alderete","Defender",2022,5,"La Liga","66.54","152","152",41,"10000000","Medium"
340707,"Leonardo Sernicola","Defender",2022,5,"Serie A","66.37","154","154",17,"1500000","Low"
248732,"Paweł Dawidowicz","Defender",2022,5,"Serie A","66.26","155","155",52,"4500000","Low"
93128,"Kalidou Koulibaly","Defender",2022,5,"Premier League","66.13","156","156",22,"35000000","High"
85295,"Iván Balliu","Defender",2022,5,"La Liga","65.53","157","157",3,"2000000","Low"
163532,"Adam Smith","Defender",2022,5,"Premier League","65.43","158","158",17,"1500000","Low"
345189,"Luka Lochoshvili","Defender",2022,5,"Serie A","64.96","159","159",17,"1500000","Low"
654539,"Adrien Truffert","Defender",2022,5,"Ligue 1","64.64","160","160",5,"12000000","Medium"
399776,"Pau Torres","Defender",2022,5,"La Liga","64.47","161","161",8,"50000000","High"
364857,"Falaye Sacko","Defender",2022,5,"Ligue 1","64.25","162","162",23,"3000000","Low"
298583,"Eray Cömert","Defender",2022,5,"La Liga","64.02","163","163",40,"1800000","Low"
355628,"Igor Zubeldia","Defender",2022,5,"La Liga","63.70","164","164",16,"15000000","Medium"
338629,"Sebastiaan Bornauw","Defender",2022,5,"Bundesliga","63.65","165","165",41,"10000000","Medium"
544106,"Óscar Gil","Defender",2022,5,"La Liga","63.38","166","166",44,"300000","Low"
573907,"Luiz Felipe","Defender",2022,5,"La Liga","62.97","167","167",37,"16000000","Medium"
786436,"Ismaël Doukouré","Defender",2022,5,"Ligue 1","62.78","168","168",17,"1500000","Low"
556385,"Destiny Udogie","Defender",2022,5,"Serie A","62.50","169","172",21,"9000000","Medium"
556385,"Destiny Udogie","Defender",2022,5,"Serie A","62.50","169","171",21,"9000000","Medium"
556385,"Destiny Udogie","Defender",2022,5,"Serie A","62.50","169","170",21,"9000000","Medium"
556385,"Destiny Udogie","Defender",2022,5,"Serie A","62.50","169","172",21,"9000000","Medium"
556385,"Destiny Udogie","Defender",2022,5,"Serie A","62.50","169","169",21,"9000000","Medium"
556385,"Destiny Udogie","Defender",2022,5,"Serie A","62.50","169","172",21,"9000000","Medium"
556385,"Destiny Udogie","Defender",2022,5,"Serie A","62.50","169","169",21,"9000000","Medium"
556385,"Destiny Udogie","Defender",2022,5,"Serie A","62.50","169","170",21,"9000000","Medium"
556385,"Destiny Udogie","Defender",2022,5,"Serie A","62.50","169","171",21,"9000000","Medium"
556385,"Destiny Udogie","Defender",2022,5,"Serie A","62.50","169","171",21,"9000000","Medium"
556385,"Destiny Udogie","Defender",2022,5,"Serie A","62.50","169","172",21,"9000000","Medium"
556385,"Destiny Udogie","Defender",2022,5,"Serie A","62.50","169","169",21,"9000000","Medium"
556385,"Destiny Udogie","Defender",2022,5,"Serie A","62.50","169","170",21,"9000000","Medium"
556385,"Destiny Udogie","Defender",2022,5,"Serie A","62.50","169","169",21,"9000000","Medium"
556385,"Destiny Udogie","Defender",2022,5,"Serie A","62.50","169","171",21,"9000000","Medium"
556385,"Destiny Udogie","Defender",2022,5,"Serie A","62.50","169","170",21,"9000000","Medium"
889683,"Rogério","Defender",2022,5,"Serie A","62.18","173","173",6,"6000000","Medium"
341051,"Kyle Walker-Peters","Defender",2022,5,"Premier League","62.01","174","174",42,"22000000","High"
58995,"Anthony Jung","Defender",2022,5,"Bundesliga","61.94","175","175",13,"1000000","Low"
357119,"Ibrahima Konaté","Defender",2022,5,"Premier League","61.86","176","176",7,"40000000","High"
355816,"Ko Itakura","Defender",2022,5,"Bundesliga","61.54","177","177",9,"5000000","Medium"
272622,"Issa Diop","Defender",2022,5,"Premier League","61.50","178","178",41,"10000000","Medium"
141050,"Danilo Pereira","Defender",2022,5,"Ligue 1","61.22","179","179",24,"14000000","Medium"
463605,"Bafodé Diakité","Defender",2022,5,"Ligue 1","61.18","180","180",23,"3000000","Low"
181778,"Emerson","Defender",2022,5,"Premier League","60.83","181","181",24,"14000000","Medium"
424042,"Nahuel Molina","Defender",2022,5,"La Liga","60.38","182","182",11,"20000000","High"
235412,"Jawad El Yamiq","Defender",2022,5,"La Liga","60.11","183","183",74,"1200000","Low"
346289,"Mouctar Diakhaby","Defender",2022,5,"La Liga","59.81","184","184",25,"7000000","Medium"
111195,"Joël Veltman","Defender",2022,5,"Premier League","59.32","185","185",41,"10000000","Medium"
495666,"William Saliba","Defender",2022,5,"Premier League","58.95","186","186",43,"30000000","High"
389837,"Nicolò Casale","Defender",2022,5,"Serie A","58.70","187","187",6,"6000000","Medium"
65318,"Jaume Costa","Defender",2022,5,"La Liga","58.14","188","188",74,"1200000","Low"
569388,"Clément Vidal","Defender",2022,5,"Ligue 1","57.84","189","189",27,"600000","Low"
315853,"Alessandro Bastoni","Defender",2022,5,"Serie A","57.82","190","190",55,"60000000","Elite"
166677,"Brian Oliván","Defender",2022,5,"La Liga","57.31","191","191",28,"2500000","Low"
203853,"Oleksandr Zinchenko","Defender",2022,5,"Premier League","57.07","192","192",26,"25000000","High"
262523,"Davide Calabria","Defender",2022,5,"Serie A","57.03","193","193",26,"25000000","High"
474800,"Facundo Medina","Defender",2022,5,"Ligue 1","56.73","194","194",39,"11000000","Medium"
157509,"Kurt Zouma","Defender",2022,5,"Premier League","56.45","195","195",43,"30000000","High"
127108,"Florian Lejeune","Defender",2022,5,"La Liga","56.39","196","197",3,"2000000","Low"
127108,"Florian Lejeune","Defender",2022,5,"La Liga","56.39","196","196",3,"2000000","Low"
127108,"Florian Lejeune","Defender",2022,5,"La Liga","56.39","196","196",3,"2000000","Low"
127108,"Florian Lejeune","Defender",2022,5,"La Liga","56.39","196","197",3,"2000000","Low"
392516,"Antonino Gallo","Defender",2022,5,"Serie A","56.37","198","198",13,"1000000","Low"
182904,"Clément Lenglet","Defender",2022,5,"Premier League","56.03","199","200",5,"12000000","Medium"
182904,"Clément Lenglet","Defender",2022,5,"Premier League","56.03","199","199",5,"12000000","Medium"
182904,"Clément Lenglet","Defender",2022,5,"Premier League","56.03","199","200",5,"12000000","Medium"
182904,"Clément Lenglet","Defender",2022,5,"Premier League","56.03","199","199",5,"12000000","Medium"
93604,"Lukas Kübler","Defender",2022,5,"Bundesliga","55.98","201","201",147,"2300000","Low"
268178,"Arkadiusz Reca","Defender",2022,5,"Serie A","55.68","202","202",23,"3000000","Low"
411975,"Jules Koundé","Defender",2022,5,"La Liga","55.60","203","203",55,"60000000","Elite"
257097,"Ben Davies","Defender",2022,5,"Premier League","55.34","204","204",11,"20000000","High"
14086,"Ashley Young","Defender",2022,5,"Premier League","55.19","205","205",13,"1000000","Low"
310458,"Giangiacomo Magnani","Defender",2022,5,"Serie A","54.62","206","206",142,"3600000","Low"
277179,"Angeliño","Defender",2022,5,"Bundesliga","54.49","207","207",43,"30000000","High"
277179,"Angeliño","Defender",2022,5,"Bundesliga","54.49","207","207",43,"30000000","High"
277179,"Angeliño","Defender",2022,5,"Bundesliga","54.49","207","208",43,"30000000","High"
277179,"Angeliño","Defender",2022,5,"Bundesliga","54.49","207","208",43,"30000000","High"
339808,"Theo Hernández","Defender",2022,5,"Serie A","54.49","209","209",54,"55000000","High"
277167,"Gian Marco Ferrari","Defender",2022,5,"Serie A","54.44","210","210",25,"7000000","Medium"
175639,"Jonathan Clauss","Defender",2022,5,"Ligue 1","54.29","211","211",5,"12000000","Medium"
82503,"Aridane Hernández","Defender",2022,5,"La Liga","54.04","212","212",17,"1500000","Low"
124028,"Ismaily","Defender",2022,5,"Ligue 1","53.91","213","213",33,"3500000","Low"
374139,"Junior Firpo","Defender",2022,5,"Premier League","53.91","214","214",5,"12000000","Medium"
57500,"César Azpilicueta","Defender",2022,5,"Premier League","53.87","215","215",21,"9000000","Medium"
445126,"Emanuele Valeri","Defender",2022,5,"Serie A","53.78","216","216",40,"1800000","Low"
256178,"Joe Gomez","Defender",2022,5,"Premier League","52.84","217","217",42,"22000000","High"
378139,"Aitor Ruibal","Defender",2022,5,"La Liga","52.67","218","218",23,"3000000","Low"
318523,"Romain Perraud","Defender",2022,5,"Premier League","52.65","219","219",20,"8000000","Medium"
186862,"Enzo Roco","Defender",2022,5,"La Liga","52.61","220","220",3,"2000000","Low"
88680,"Luca Caldirola","Defender",2022,5,"Serie A","52.54","221","221",13,"1000000","Low"
346314,"Trevoh Chalobah","Defender",2022,5,"Premier League","52.54","222","222",11,"20000000","High"
450417,"Dylan Bronn","Defender",2022,5,"Serie A","52.46","223","223",14,"4000000","Low"
124555,"Cristiano Biraghi","Defender",2022,5,"Serie A","52.01","224","224",41,"10000000","Medium"
357884,"Fernando Calero","Defender",2022,5,"La Liga","51.92","225","225",40,"1800000","Low"
93935,"Sergio Escudero","Defender",2022,5,"La Liga","51.35","226","226",40,"1800000","Low"
459658,"Andrea Cambiaso","Defender",2022,5,"Serie A","51.22","227","227",9,"5000000","Medium"
459658,"Andrea Cambiaso","Defender",2022,5,"Serie A","51.22","227","227",9,"5000000","Medium"
459658,"Andrea Cambiaso","Defender",2022,5,"Serie A","51.22","227","229",9,"5000000","Medium"
459658,"Andrea Cambiaso","Defender",2022,5,"Serie A","51.22","227","227",9,"5000000","Medium"
459658,"Andrea Cambiaso","Defender",2022,5,"Serie A","51.22","227","229",9,"5000000","Medium"
459658,"Andrea Cambiaso","Defender",2022,5,"Serie A","51.22","227","228",9,"5000000","Medium"
459658,"Andrea Cambiaso","Defender",2022,5,"Serie A","51.22","227","228",9,"5000000","Medium"
459658,"Andrea Cambiaso","Defender",2022,5,"Serie A","51.22","227","229",9,"5000000","Medium"
459658,"Andrea Cambiaso","Defender",2022,5,"Serie A","51.22","227","228",9,"5000000","Medium"
401529,"Dodô","Defender",2022,5,"Serie A","51.11","230","230",17,"1500000","Low"
285845,"Ainsley Maitland-Niles","Defender",2022,5,"Premier League","51.07","231","232",41,"10000000","Medium"
285845,"Ainsley Maitland-Niles","Defender",2022,5,"Premier League","51.07","231","231",41,"10000000","Medium"
285845,"Ainsley Maitland-Niles","Defender",2022,5,"Premier League","51.07","231","231",41,"10000000","Medium"
285845,"Ainsley Maitland-Niles","Defender",2022,5,"Premier League","51.07","231","232",41,"10000000","Medium"
220878,"Issiaga Sylla","Defender",2022,5,"Ligue 1","50.68","233","233",40,"1800000","Low"
461833,"Caleb Okoli","Defender",2022,5,"Serie A","50.43","234","234",33,"3500000","Low"
211389,"Helibelton Palacios","Defender",2022,5,"La Liga","50.41","235","235",74,"1200000","Low"
68390,"Séamus Coleman","Defender",2022,5,"Premier League","50.28","236","236",23,"3000000","Low"
91970,"Juan Cuadrado","Defender",2022,5,"Serie A","50.26","237","237",20,"8000000","Medium"
200056,"Elseid Hysaj","Defender",2022,5,"Serie A","49.85","238","238",25,"7000000","Medium"
75921,"Christopher Trimmel","Defender",2022,5,"Bundesliga","49.72","239","239",59,"900000","Low"
212847,"Adam Webster","Defender",2022,5,"Premier League","49.10","240","240",45,"17000000","Medium"
344598,"Dan-Axel Zagadou","Defender",2022,5,"Bundesliga","48.97","241","241",21,"9000000","Medium"
361914,"Nayef Aguerd","Defender",2022,5,"Premier League","48.65","242","242",5,"12000000","Medium"
386057,"Julien Laporte","Defender",2022,5,"Ligue 1","48.57","243","243",23,"3000000","Low"
45314,"Federico Fazio","Defender",2022,5,"Serie A","48.38","244","244",27,"600000","Low"
51118,"Adil Rami","Defender",2022,5,"Ligue 1","48.06","245","245",2,"500000","Low"
535955,"Nuno Tavares","Defender",2022,5,"Ligue 1","47.95","246","246",16,"15000000","Medium"
535955,"Nuno Tavares","Defender",2022,5,"Ligue 1","47.95","246","247",16,"15000000","Medium"
535955,"Nuno Tavares","Defender",2022,5,"Ligue 1","47.95","246","246",16,"15000000","Medium"
535955,"Nuno Tavares","Defender",2022,5,"Ligue 1","47.95","246","247",16,"15000000","Medium"
234803,"Andrew Robertson","Defender",2022,5,"Premier League","47.74","248","248",66,"65000000","Elite"
484547,"Jeremie Frimpong","Defender",2022,5,"Bundesliga","47.35","249","249",11,"20000000","High"
249513,"Diego Rico","Defender",2022,5,"La Liga","47.22","250","250",23,"3000000","Low"
477758,"Aaron Wan-Bissaka","Defender",2022,5,"Premier League","46.90","251","251",43,"30000000","High"
550108,"Nicola Zalewski","Defender",2022,5,"Serie A","46.79","252","252",28,"2500000","Low"
177476,"Nathan Aké","Defender",2022,5,"Premier League","46.56","253","253",26,"25000000","High"
332560,"Deiver Machado","Defender",2022,5,"Ligue 1","46.54","254","254",40,"1800000","Low"
197122,"Unai García","Defender",2022,5,"La Liga","46.47","255","255",17,"1500000","Low"
93704,"Josuha Guilavogui","Defender",2022,5,"Bundesliga","46.39","256","256",33,"3500000","Low"
135492,"Youssouf Sabaly","Defender",2022,5,"La Liga","45.45","257","257",23,"3000000","Low"
86202,"Antonio Rüdiger","Defender",2022,5,"La Liga","45.38","258","258",7,"40000000","High"
379807,"Lyanco","Defender",2022,5,"Premier League","45.34","259","259",9,"5000000","Medium"
947431,"David López","Defender",2022,5,"La Liga","45.09","260","260",40,"1800000","Low"
424015,"Nathan Patterson","Defender",2022,5,"Premier League","45.04","261","261",20,"8000000","Medium"
566823,"Achraf Dari","Defender",2022,5,"Ligue 1","44.94","262","262",40,"1800000","Low"
76746,"Damián Suárez","Defender",2022,5,"La Liga","44.87","263","264",17,"1500000","Low"
258004,"Rúben Dias","Defender",2022,5,"Premier League","44.87","263","263",18,"75000000","Elite"
196948,"Andreas Christensen","Defender",2022,5,"La Liga","44.74","265","265",22,"35000000","High"
577486,"Gastón Álvarez","Defender",2022,5,"La Liga","44.68","266","266",2,"500000","Low"
554251,"Yasser Larouci","Defender",2022,5,"Ligue 1","44.42","267","267",28,"2500000","Low"
126664,"Lucas Digne","Defender",2022,5,"Premier League","43.89","268","268",26,"25000000","High"
126673,"Adama Soumaoro","Defender",2022,5,"Serie A","43.78","269","269",14,"4000000","Low"
646733,"Jim Allevinah","Defender",2022,5,"Ligue 1","43.78","270","270",3,"2000000","Low"
168989,"Silvan Widmer","Defender",2022,5,"Bundesliga","43.68","271","271",9,"5000000","Medium"
424204,"Alphonso Davies","Defender",2022,5,"Bundesliga","43.65","272","272",31,"70000000","Elite"
314940,"Dimitri Liénard","Defender",2022,5,"Ligue 1","43.53","273","273",71,"700000","Low"
341227,"Juan Miranda","Defender",2022,5,"La Liga","43.27","274","274",9,"5000000","Medium"
615350,"Cenk Özkacar","Defender",2022,5,"La Liga","42.95","275","275",87,"1700000","Low"
615350,"Cenk Özkacar","Defender",2022,5,"La Liga","42.95","275","275",87,"1700000","Low"
615350,"Cenk Özkacar","Defender",2022,5,"La Liga","42.95","275","276",87,"1700000","Low"
615350,"Cenk Özkacar","Defender",2022,5,"La Liga","42.95","275","276",87,"1700000","Low"
557613,"Quentin Merlin","Defender",2022,5,"Ligue 1","42.54","277","277",23,"3000000","Low"
166601,"Niklas Süle","Defender",2022,5,"Bundesliga","42.52","278","278",22,"35000000","High"
289255,"Andoni Gorosabel","Defender",2022,5,"La Liga","41.82","279","279",41,"10000000","Medium"
666234,"Mohamed Simakan","Defender",2022,5,"Bundesliga","41.79","280","280",42,"22000000","High"
44421,"Cédric Avinel","Defender",2022,5,"Ligue 1","41.69","281","281",44,"300000","Low"
284595,"Tommaso Augello","Defender",2022,5,"Serie A","41.67","282","282",33,"3500000","Low"
321528,"Denzel Dumfries","Defender",2022,5,"Serie A","41.32","283","283",11,"20000000","High"
509022,"Federico Gatti","Defender",2022,5,"Serie A","41.09","284","284",14,"4000000","Low"
121686,"Cristian Gamboa","Defender",2022,5,"Bundesliga","41.00","285","285",71,"700000","Low"
398073,"Achraf Hakimi","Defender",2022,5,"Ligue 1","40.96","286","286",66,"65000000","Elite"
496745,"Emil Holm","Defender",2022,5,"Serie A","40.90","287","287",30,"800000","Low"
216870,"Nacho Vidal","Defender",2022,5,"La Liga","40.90","288","288",9,"5000000","Medium"
125020,"José Luis Palomino","Defender",2022,5,"Serie A","40.79","289","289",32,"7500000","Medium"
648779,"Wilfried Singo","Defender",2022,5,"Serie A","40.34","290","290",16,"15000000","Medium"
80293,"Aïssa Mandi","Defender",2022,5,"La Liga","40.32","291","291",6,"6000000","Medium"
807165,"Bamo Meïté","Defender",2022,5,"Ligue 1","40.28","292","292",1,"100000","Low"
591949,"Aaron Hickey","Defender",2022,5,"Premier League","40.21","293","293",16,"15000000","Medium"
318204,"David Raum","Defender",2022,5,"Bundesliga","39.83","294","294",45,"17000000","Medium"
711996,"Warmed Omari","Defender",2022,5,"Ligue 1","39.70","295","295",20,"8000000","Medium"
174196,"Kenny Lala","Defender",2022,5,"Ligue 1","39.51","296","296",23,"3000000","Low"
251075,"Zeki Çelik","Defender",2022,5,"Serie A","39.34","297","297",10,"18000000","Medium"
159844,"Christopher Lenz","Defender",2022,5,"Bundesliga","39.08","298","298",14,"4000000","Low"
255755,"Alex Telles","Defender",2022,5,"La Liga","39.00","299","299",10,"18000000","Medium"
284248,"Paul Jaeckel","Defender",2022,5,"Bundesliga","38.85","300","300",33,"3500000","Low"
616341,"Nuno Mendes","Defender",2022,5,"Ligue 1","38.72","301","301",7,"40000000","High"
466794,"Eric García","Defender",2022,5,"La Liga","38.42","302","302",10,"18000000","Medium"
356197,"Alfonso Pedraza","Defender",2022,5,"La Liga","38.23","303","303",10,"18000000","Medium"
128901,"Conor Coady","Defender",2022,5,"Premier League","37.86","304","304",26,"25000000","High"
128901,"Conor Coady","Defender",2022,5,"Premier League","37.86","304","304",26,"25000000","High"
128901,"Conor Coady","Defender",2022,5,"Premier League","37.86","304","305",26,"25000000","High"
128901,"Conor Coady","Defender",2022,5,"Premier League","37.86","304","305",26,"25000000","High"
15956,"Jesús Navas","Defender",2022,5,"La Liga","37.78","306","306",23,"3000000","Low"
183841,"Petar Stojanović","Defender",2022,5,"Serie A","37.71","307","307",23,"3000000","Low"
293194,"Borna Sosa","Defender",2022,5,"Bundesliga","37.48","308","308",64,"23000000","High"
538996,"Tanguy Nianzou","Defender",2022,5,"La Liga","37.39","309","309",21,"9000000","Medium"
309944,"Tyronne Ebuehi","Defender",2022,5,"Serie A","37.35","310","310",62,"1400000","Low"
517842,"Aihen Muñoz","Defender",2022,5,"La Liga","37.35","311","311",6,"6000000","Medium"
73926,"Davide Faraoni","Defender",2022,5,"Serie A","37.33","312","312",9,"5000000","Medium"
238868,"Rubén Peña","Defender",2022,5,"La Liga","37.01","313","313",28,"2500000","Low"
636688,"Alejandro Balde","Defender",2022,5,"La Liga","36.92","314","314",14,"4000000","Low"
182712,"João Cancelo","Defender",2022,5,"Premier League","36.54","315","316",66,"65000000","Elite"
182712,"João Cancelo","Defender",2022,5,"Premier League","36.54","315","316",66,"65000000","Elite"
182712,"João Cancelo","Defender",2022,5,"Premier League","36.54","315","315",66,"65000000","Elite"
182712,"João Cancelo","Defender",2022,5,"Premier League","36.54","315","315",66,"65000000","Elite"
64598,"Bernardo Espinosa","Defender",2022,5,"La Liga","36.43","317","317",17,"1500000","Low"
504153,"Joe Scally","Defender",2022,5,"Bundesliga","36.30","318","318",20,"8000000","Medium"
402733,"Gonzalo Montiel","Defender",2022,5,"La Liga","36.09","319","319",24,"14000000","Medium"
333361,"Chumi","Defender",2022,5,"La Liga","36.07","320","320",3,"2000000","Low"
93707,"Christian Günter","Defender",2022,5,"Bundesliga","36.00","321","321",5,"12000000","Medium"
251878,"Aarón Martín","Defender",2022,5,"Bundesliga","34.96","322","322",9,"5000000","Medium"
461019,"Samuele Birindelli","Defender",2022,5,"Serie A","34.55","323","323",28,"2500000","Low"
429874,"Ansgar Knauff","Defender",2022,5,"Bundesliga","34.27","324","324",9,"5000000","Medium"
568149,"Alberto Moreno","Defender",2022,5,"La Liga","34.23","325","325",9,"5000000","Medium"
316125,"Ben Chilwell","Defender",2022,5,"Premier League","33.68","326","327",93,"38000000","High"
258039,"Aurélio Buta","Defender",2022,5,"Bundesliga","33.68","326","326",23,"3000000","Low"
298091,"Harry Souttar","Defender",2022,5,"Premier League","33.63","328","328",9,"5000000","Medium"
463603,"Benoît Badiashile","Defender",2022,5,"Premier League","33.50","329","329",43,"30000000","High"
355627,"Sergio Akieme","Defender",2022,5,"La Liga","33.44","330","330",14,"4000000","Low"
370846,"Timothy Weah","Defender",2022,5,"Ligue 1","33.44","331","331",47,"13000000","Medium"
87884,"Mário Rui","Defender",2022,5,"Serie A","33.35","332","332",20,"8000000","Medium"
348026,"Nordi Mukiele","Defender",2022,5,"Ligue 1","32.99","333","333",11,"20000000","High"
384553,"Luca Kilian","Defender",2022,5,"Bundesliga","32.93","334","334",14,"4000000","Low"
186590,"John Stones","Defender",2022,5,"Premier League","32.26","335","335",49,"28000000","High"
297212,"Joe Rodon","Defender",2022,5,"Ligue 1","31.79","336","337",20,"8000000","Medium"
297212,"Joe Rodon","Defender",2022,5,"Ligue 1","31.79","336","336",20,"8000000","Medium"
297212,"Joe Rodon","Defender",2022,5,"Ligue 1","31.79","336","337",20,"8000000","Medium"
297212,"Joe Rodon","Defender",2022,5,"Ligue 1","31.79","336","336",20,"8000000","Medium"
536482,"Junior Dina Ebimbe","Defender",2022,5,"Bundesliga","31.37","338","338",9,"5000000","Medium"
536482,"Junior Dina Ebimbe","Defender",2022,5,"Bundesliga","31.37","338","339",9,"5000000","Medium"
536482,"Junior Dina Ebimbe","Defender",2022,5,"Bundesliga","31.37","338","338",9,"5000000","Medium"
536482,"Junior Dina Ebimbe","Defender",2022,5,"Bundesliga","31.37","338","339",9,"5000000","Medium"
250153,"Pasquale Mazzocchi","Defender",2022,5,"Serie A","31.37","340","340",17,"1500000","Low"
115333,"Juanpe","Defender",2022,5,"La Liga","30.85","341","341",17,"1500000","Low"
198116,"Federico Dimarco","Defender",2022,5,"Serie A","30.64","342","342",10,"18000000","Medium"
255501,"Iñigo Lekue","Defender",2022,5,"La Liga","30.43","343","343",23,"3000000","Low"
460245,"Moritz Jenz","Defender",2022,5,"Bundesliga","29.47","344","345",28,"2500000","Low"
460245,"Moritz Jenz","Defender",2022,5,"Bundesliga","29.47","344","344",28,"2500000","Low"
460245,"Moritz Jenz","Defender",2022,5,"Bundesliga","29.47","344","345",28,"2500000","Low"
460245,"Moritz Jenz","Defender",2022,5,"Bundesliga","29.47","344","346",28,"2500000","Low"
460245,"Moritz Jenz","Defender",2022,5,"Bundesliga","29.47","344","344",28,"2500000","Low"
460245,"Moritz Jenz","Defender",2022,5,"Bundesliga","29.47","344","345",28,"2500000","Low"
460245,"Moritz Jenz","Defender",2022,5,"Bundesliga","29.47","344","344",28,"2500000","Low"
460245,"Moritz Jenz","Defender",2022,5,"Bundesliga","29.47","344","346",28,"2500000","Low"
460245,"Moritz Jenz","Defender",2022,5,"Bundesliga","29.47","344","346",28,"2500000","Low"
340456,"Noussair Mazraoui","Defender",2022,5,"Bundesliga","28.78","347","347",11,"20000000","High"
448258,"Josha Vagnoman","Defender",2022,5,"Bundesliga","28.40","348","348",23,"3000000","Low"
275303,"Hans Hateboer","Defender",2022,5,"Serie A","28.01","349","349",47,"13000000","Medium"
95424,"Kyle Walker","Defender",2022,5,"Premier League","27.99","350","350",10,"18000000","Medium"
203746,"Ruben Aguilar","Defender",2022,5,"Ligue 1","27.95","351","351",41,"10000000","Medium"
140776,"Yannick Carrasco","Defender",2022,5,"La Liga","27.74","352","352",7,"40000000","High"
170961,"Thomas Delaine","Defender",2022,5,"Ligue 1","27.56","353","353",3,"2000000","Low"
432281,"Márton Dárdai","Defender",2022,5,"Bundesliga","27.48","354","354",9,"5000000","Medium"
66736,"Lisandro Magallán","Defender",2022,5,"La Liga","27.16","355","355",28,"2500000","Low"
255838,"Patrick Ciurria","Defender",2022,5,"Serie A","26.88","356","356",82,"1600000","Low"
842338,"Enzo Tchato","Defender",2022,5,"Ligue 1","26.45","357","357",34,"200000","Low"
649452,"Issa Kaboré","Defender",2022,5,"Ligue 1","26.00","358","358",14,"4000000","Low"
649452,"Issa Kaboré","Defender",2022,5,"Ligue 1","26.00","358","359",14,"4000000","Low"
649452,"Issa Kaboré","Defender",2022,5,"Ligue 1","26.00","358","358",14,"4000000","Low"
649452,"Issa Kaboré","Defender",2022,5,"Ligue 1","26.00","358","359",14,"4000000","Low"
142310,"Willy Boly","Defender",2022,5,"Premier League","25.36","360","360",6,"6000000","Medium"
215599,"Lukas Klostermann","Defender",2022,5,"Bundesliga","25.24","361","361",10,"18000000","Medium"
423443,"Álex Centelles","Defender",2022,5,"La Liga","25.06","362","362",17,"1500000","Low"
72792,"Niko Gießelmann","Defender",2022,5,"Bundesliga","25.04","363","363",147,"2300000","Low"
126729,"Patric","Defender",2022,5,"Serie A","24.83","364","364",67,"5500000","Medium"
59016,"David Alaba","Defender",2022,5,"La Liga","24.81","365","365",54,"55000000","High"
94529,"Stephan El Shaarawy","Defender",2022,5,"Serie A","24.68","366","366",6,"6000000","Medium"
110036,"Dominique Heintz","Defender",2022,5,"Bundesliga","24.64","367","367",28,"2500000","Low"
110036,"Dominique Heintz","Defender",2022,5,"Bundesliga","24.64","367","367",28,"2500000","Low"
110036,"Dominique Heintz","Defender",2022,5,"Bundesliga","24.64","367","368",28,"2500000","Low"
110036,"Dominique Heintz","Defender",2022,5,"Bundesliga","24.64","367","368",28,"2500000","Low"
126719,"Juan Bernat","Defender",2022,5,"Ligue 1","24.36","369","369",5,"12000000","Medium"
495625,"Víctor Chust","Defender",2022,5,"La Liga","23.93","370","370",28,"2500000","Low"
370789,"Julian Ryerson","Defender",2022,5,"Bundesliga","23.57","371","371",14,"4000000","Low"
85791,"Stefan Lainer","Defender",2022,5,"Bundesliga","23.33","372","372",6,"6000000","Medium"
336125,"Mërgim Vojvoda","Defender",2022,5,"Serie A","23.31","373","373",67,"5500000","Medium"
553875,"Pedro Porro","Defender",2022,5,"Premier League","23.23","374","375",26,"25000000","High"
553875,"Pedro Porro","Defender",2022,5,"Premier League","23.23","374","376",26,"25000000","High"
553875,"Pedro Porro","Defender",2022,5,"Premier League","23.23","374","374",26,"25000000","High"
553875,"Pedro Porro","Defender",2022,5,"Premier League","23.23","374","376",26,"25000000","High"
553875,"Pedro Porro","Defender",2022,5,"Premier League","23.23","374","375",26,"25000000","High"
553875,"Pedro Porro","Defender",2022,5,"Premier League","23.23","374","374",26,"25000000","High"
553875,"Pedro Porro","Defender",2022,5,"Premier League","23.23","374","376",26,"25000000","High"
553875,"Pedro Porro","Defender",2022,5,"Premier League","23.23","374","375",26,"25000000","High"
553875,"Pedro Porro","Defender",2022,5,"Premier League","23.23","374","374",26,"25000000","High"
85906,"Danny da Costa","Defender",2022,5,"Bundesliga","23.12","377","377",147,"2300000","Low"
591916,"Aitor Paredes","Defender",2022,5,"La Liga","22.99","378","378",34,"200000","Low"
286949,"Adam Masina","Defender",2022,5,"Serie A","22.91","379","379",23,"3000000","Low"
750903,"Jaouen Hadjam","Defender",2022,5,"Ligue 1","22.74","380","380",13,"1000000","Low"
468002,"Ben Johnson","Defender",2022,5,"Premier League","22.65","381","381",21,"9000000","Medium"
69751,"Jordi Alba","Defender",2022,5,"La Liga","22.61","382","382",21,"9000000","Medium"
337798,"Abdu Conté","Defender",2022,5,"Ligue 1","22.56","383","383",28,"2500000","Low"
193098,"Álex Moreno","Defender",2022,5,"Premier League","22.31","384","384",5,"12000000","Medium"
173859,"Davide Zappacosta","Defender",2022,5,"Serie A","22.22","385","385",21,"9000000","Medium"
198516,"Harry Toffolo","Defender",2022,5,"Premier League","22.01","386","386",28,"2500000","Low"
125314,"Pontus Jansson","Defender",2022,5,"Premier League","21.56","387","387",25,"7000000","Medium"
102744,"Sébastien Corchia","Defender",2022,5,"Ligue 1","21.54","388","388",40,"1800000","Low"
422466,"Javi Hernández","Defender",2022,5,"La Liga","21.50","389","389",28,"2500000","Low"
111038,"Dennis Appiah","Defender",2022,5,"Ligue 1","21.50","390","390",3,"2000000","Low"
567129,"Josh Doig","Defender",2022,5,"Serie A","21.11","391","391",23,"3000000","Low"
73943,"Alessandro Tuia","Defender",2022,5,"Serie A","21.09","392","392",59,"900000","Low"
182579,"Karim Rekik","Defender",2022,5,"La Liga","20.90","393","393",9,"5000000","Medium"
236490,"Ola Aina","Defender",2022,5,"Serie A","20.77","394","394",14,"4000000","Low"
55769,"Danilo D'Ambrosio","Defender",2022,5,"Serie A","20.60","395","395",23,"3000000","Low"
541231,"Sepp van den Berg","Defender",2022,5,"Bundesliga","20.47","396","396",9,"5000000","Medium"
631007,"Filippo Terracciano","Defender",2022,5,"Serie A","20.30","397","397",46,"250000","Low"
221316,"Lucas Vázquez","Defender",2022,5,"La Liga","20.13","398","398",5,"12000000","Medium"
524285,"Luca Netz","Defender",2022,5,"Bundesliga","19.87","399","399",38,"6500000","Medium"
289446,"Yerry Mina","Defender",2022,5,"Premier League","19.81","400","400",11,"20000000","High"
300716,"Kieran Tierney","Defender",2022,5,"Premier League","19.70","401","401",50,"32000000","High"
85370,"Sergi Roberto","Defender",2022,5,"La Liga","19.38","402","402",25,"7000000","Medium"
362108,"Gabriel Gudmundsson","Defender",2022,5,"Ligue 1","19.23","403","403",67,"5500000","Medium"
451801,"Abdul Mumin","Defender",2022,5,"La Liga","18.97","404","404",23,"3000000","Low"
176553,"Aymeric Laporte","Defender",2022,5,"Premier League","18.76","405","405",65,"45000000","High"
532539,"Lee Buchanan","Defender",2022,5,"Bundesliga","17.46","406","406",33,"3500000","Low"
118689,"Leonardo Spinazzola","Defender",2022,5,"Serie A","16.43","407","407",11,"20000000","High"
277533,"Josan","Defender",2022,5,"La Liga","16.32","408","408",13,"1000000","Low"
469211,"Liberato Cacace","Defender",2022,5,"Serie A","15.98","409","409",13,"1000000","Low"
121477,"Craig Dawson","Defender",2022,5,"Premier League","15.13","410","410",23,"3000000","Low"
216181,"Almamy Touré","Defender",2022,5,"Bundesliga","15.09","411","411",28,"2500000","Low"
335147,"Junior Sambia","Defender",2022,5,"Serie A","14.89","412","412",52,"4500000","Low"
320271,"Toni Lato","Defender",2022,5,"La Liga","14.36","413","413",17,"1500000","Low"
240219,"Lorenzo Venuti","Defender",2022,5,"Serie A","14.25","414","414",23,"3000000","Low"
186368,"Valentino Lazaro","Defender",2022,5,"Serie A","14.15","415","415",6,"6000000","Medium"
186368,"Valentino Lazaro","Defender",2022,5,"Serie A","14.15","415","416",6,"6000000","Medium"
186368,"Valentino Lazaro","Defender",2022,5,"Serie A","14.15","415","415",6,"6000000","Medium"
186368,"Valentino Lazaro","Defender",2022,5,"Serie A","14.15","415","416",6,"6000000","Medium"
646402,"Abner","Defender",2022,5,"La Liga","14.04","417","417",32,"7500000","Medium"
392775,"Ryan Sessegnon","Defender",2022,5,"Premier League","13.68","418","418",10,"18000000","Medium"
544149,"David Zima","Defender",2022,5,"Serie A","13.33","419","419",25,"7000000","Medium"
891998,"Antoine Mendy","Defender",2022,5,"Ligue 1","13.29","420","420",58,"150000","Low"
627228,"Yan Couto","Defender",2022,5,"La Liga","12.95","421","421",9,"5000000","Medium"
537127,"Théo Sainte-Luce","Defender",2022,5,"Ligue 1","12.52","422","422",74,"1200000","Low"
425400,"Farid El Melali","Defender",2022,5,"Ligue 1","12.33","423","423",13,"1000000","Low"
410185,"Ronaël Pierre-Gabriel","Defender",2022,5,"La Liga","12.26","424","425",9,"5000000","Medium"
410185,"Ronaël Pierre-Gabriel","Defender",2022,5,"La Liga","12.26","424","424",9,"5000000","Medium"
410185,"Ronaël Pierre-Gabriel","Defender",2022,5,"La Liga","12.26","424","426",9,"5000000","Medium"
410185,"Ronaël Pierre-Gabriel","Defender",2022,5,"La Liga","12.26","424","426",9,"5000000","Medium"
410185,"Ronaël Pierre-Gabriel","Defender",2022,5,"La Liga","12.26","424","425",9,"5000000","Medium"
410185,"Ronaël Pierre-Gabriel","Defender",2022,5,"La Liga","12.26","424","424",9,"5000000","Medium"
410185,"Ronaël Pierre-Gabriel","Defender",2022,5,"La Liga","12.26","424","424",9,"5000000","Medium"
410185,"Ronaël Pierre-Gabriel","Defender",2022,5,"La Liga","12.26","424","425",9,"5000000","Medium"
410185,"Ronaël Pierre-Gabriel","Defender",2022,5,"La Liga","12.26","424","426",9,"5000000","Medium"
229005,"Abdou Diallo","Defender",2022,5,"Bundesliga","12.07","427","427",42,"22000000","High"
345458,"Sebastian Walukiewicz","Defender",2022,5,"Serie A","11.54","428","429",9,"5000000","Medium"
345458,"Sebastian Walukiewicz","Defender",2022,5,"Serie A","11.54","428","428",9,"5000000","Medium"
345458,"Sebastian Walukiewicz","Defender",2022,5,"Serie A","11.54","428","428",9,"5000000","Medium"
345458,"Sebastian Walukiewicz","Defender",2022,5,"Serie A","11.54","428","429",9,"5000000","Medium"
298975,"Pol Lirola","Defender",2022,5,"La Liga","11.24","430","431",20,"8000000","Medium"
298975,"Pol Lirola","Defender",2022,5,"La Liga","11.24","430","431",20,"8000000","Medium"
298975,"Pol Lirola","Defender",2022,5,"La Liga","11.24","430","430",20,"8000000","Medium"
298975,"Pol Lirola","Defender",2022,5,"La Liga","11.24","430","430",20,"8000000","Medium"
290593,"Sada Thioub","Defender",2022,5,"Ligue 1","11.03","432","432",3,"2000000","Low"
206912,"Jimmy Cabot","Defender",2022,5,"Ligue 1","11.03","433","433",52,"4500000","Low"
153661,"Tobias Mohr","Defender",2022,5,"Bundesliga","10.83","434","434",79,"1100000","Low"
458777,"Giacomo Quagliata","Defender",2022,5,"Serie A","10.26","435","435",71,"700000","Low"
313477,"Paolo Ghiglione","Defender",2022,5,"Serie A","10.09","436","436",3,"2000000","Low"
296422,"Fodé Ballo-Touré","Defender",2022,5,"Serie A","9.51","437","437",33,"3500000","Low"
33571,"Lorenzo De Silvestri","Defender",2022,5,"Serie A","9.42","438","438",17,"1500000","Low"
568702,"Papa Ndiaga Yade","Defender",2022,5,"Ligue 1","8.78","439","439",3,"2000000","Low"
341092,"Federico Chiesa","Defender",2022,5,"Serie A","8.42","440","440",66,"65000000","Elite"
324223,"James Bree","Defender",2022,5,"Premier League","7.59","441","441",28,"2500000","Low"
717118,"Darlin Yongwa","Defender",2022,5,"Ligue 1","7.52","442","443",74,"1200000","Low"
425918,"Jakub Kiwior","Defender",2022,5,"Premier League","7.52","442","442",40,"1800000","Low"
61592,"James Tomkins","Defender",2022,5,"Premier League","7.26","444","444",17,"1500000","Low"
635346,"Diego Moreno","Defender",2022,5,"La Liga","7.18","445","445",34,"200000","Low"
435796,"Kilian Fischer","Defender",2022,5,"Bundesliga","7.14","446","446",3,"2000000","Low"
484988,"Logan Costa","Defender",2022,5,"Ligue 1","6.88","447","447",29,"400000","Low"
475411,"Wesley Fofana","Defender",2022,5,"Premier League","6.75","448","448",7,"40000000","High"
831161,"Lautaro Blanco","Defender",2022,5,"La Liga","6.60","449","449",17,"1500000","Low"
520947,"Santiago Arzamendia","Defender",2022,5,"La Liga","6.56","450","450",3,"2000000","Low"
170966,"Jérémie Bela","Defender",2022,5,"Ligue 1","6.41","451","451",3,"2000000","Low"
794349,"Julien Le Cardinal","Defender",2022,5,"Ligue 1","5.06","452","452",71,"700000","Low"
794349,"Julien Le Cardinal","Defender",2022,5,"Ligue 1","5.06","452","453",71,"700000","Low"
794349,"Julien Le Cardinal","Defender",2022,5,"Ligue 1","5.06","452","453",71,"700000","Low"
794349,"Julien Le Cardinal","Defender",2022,5,"Ligue 1","5.06","452","452",71,"700000","Low"
711969,"Lorenz Assignon","Defender",2022,5,"Ligue 1","4.85","454","454",23,"3000000","Low"
282429,"Sergio Reguilón","Defender",2022,5,"La Liga","4.81","455","455",26,"25000000","High"
282429,"Sergio Reguilón","Defender",2022,5,"La Liga","4.81","455","456",26,"25000000","High"
282429,"Sergio Reguilón","Defender",2022,5,"La Liga","4.81","455","455",26,"25000000","High"
282429,"Sergio Reguilón","Defender",2022,5,"La Liga","4.81","455","456",26,"25000000","High"
38410,"Daniel Caligiuri","Defender",2022,5,"Bundesliga","4.53","457","457",30,"800000","Low"
392966,"Nadir Zortea","Defender",2022,5,"Serie A","4.47","458","458",62,"1400000","Low"
392966,"Nadir Zortea","Defender",2022,5,"Serie A","4.47","458","459",62,"1400000","Low"
392966,"Nadir Zortea","Defender",2022,5,"Serie A","4.47","458","458",62,"1400000","Low"
392966,"Nadir Zortea","Defender",2022,5,"Serie A","4.47","458","459",62,"1400000","Low"
88684,"Giulio Donati","Defender",2022,5,"Serie A","4.32","460","460",27,"600000","Low"
61891,"Fábio","Defender",2022,5,"Ligue 1","3.80","461","461",40,"1800000","Low"
668276,"Hugo Novoa","Defender",2022,5,"Bundesliga","2.67","462","462",23,"3000000","Low"
668276,"Hugo Novoa","Defender",2022,5,"Bundesliga","2.67","462","463",23,"3000000","Low"
668276,"Hugo Novoa","Defender",2022,5,"Bundesliga","2.67","462","462",23,"3000000","Low"
668276,"Hugo Novoa","Defender",2022,5,"Bundesliga","2.67","462","463",23,"3000000","Low"
130365,"Alessandro Florenzi","Defender",2022,5,"Serie A","2.61","464","464",67,"5500000","Medium"
581672,"Samuel Iling-Junior","Defender",2022,5,"Serie A","2.50","465","465",71,"700000","Low"
315131,"Timothy Fosu-Mensah","Defender",2022,5,"Bundesliga","1.86","466","466",14,"4000000","Low"
770895,"Ismaël Boura","Defender",2022,5,"Ligue 1","1.56","467","467",17,"1500000","Low"
481834,"Andrea Carboni","Defender",2022,5,"Serie A","1.26","468","468",9,"5000000","Medium"
481834,"Andrea Carboni","Defender",2022,5,"Serie A","1.26","468","469",9,"5000000","Medium"
481834,"Andrea Carboni","Defender",2022,5,"Serie A","1.26","468","468",9,"5000000","Medium"
481834,"Andrea Carboni","Defender",2022,5,"Serie A","1.26","468","469",9,"5000000","Medium"
342229,"Kylian Mbappé","Forward",2022,5,"Ligue 1","99.41","1","1",159,"160000000","Elite"
132098,"Harry Kane","Forward",2022,5,"Premier League","98.84","2","2",51,"90000000","Elite"
93720,"Alexandre Lacazette","Forward",2022,5,"Ligue 1","98.57","3","3",16,"15000000","Medium"
533738,"Jonathan David","Forward",2022,5,"Ligue 1","98.33","4","4",65,"45000000","High"
148455,"Mohamed Salah","Forward",2022,5,"Premier League","97.61","5","5",51,"90000000","Elite"
418560,"Erling Haaland","Forward",2022,5,"Premier League","97.06","6","6",96,"150000000","Elite"
28003,"Lionel Messi","Forward",2022,5,"Ligue 1","96.68","7","7",8,"50000000","High"
406625,"Lautaro Martínez","Forward",2022,5,"Serie A","96.44","8","8",31,"70000000","Elite"
18922,"Karim Benzema","Forward",2022,5,"La Liga","95.88","9","9",43,"30000000","High"
503770,"Folarin Balogun","Forward",2022,5,"Ligue 1","95.72","10","10",14,"4000000","Low"
503770,"Folarin Balogun","Forward",2022,5,"Ligue 1","95.72","10","11",14,"4000000","Low"
503770,"Folarin Balogun","Forward",2022,5,"Ligue 1","95.72","10","10",14,"4000000","Low"
503770,"Folarin Balogun","Forward",2022,5,"Ligue 1","95.72","10","11",14,"4000000","Low"
125781,"Antoine Griezmann","Forward",2022,5,"La Liga","95.21","12","12",22,"35000000","High"
368887,"Loïs Openda","Forward",2022,5,"Ligue 1","94.69","13","13",14,"4000000","Low"
251664,"Ivan Toney","Forward",2022,5,"Premier League","94.37","14","14",22,"35000000","High"
487969,"Randal Kolo Muani","Forward",2022,5,"Bundesliga","94.30","15","15",16,"15000000","Medium"
433177,"Bukayo Saka","Forward",2022,5,"Premier League","93.81","16","16",66,"65000000","Elite"
344381,"Christopher Nkunku","Forward",2022,5,"Bundesliga","93.76","17","17",66,"65000000","Elite"
357164,"Rafael Leão","Forward",2022,5,"Serie A","93.28","18","18",8,"50000000","High"
344888,"Habib Diallo","Forward",2022,5,"Ligue 1","93.13","19","19",5,"12000000","Medium"
324358,"Ollie Watkins","Forward",2022,5,"Premier League","92.47","20","20",22,"35000000","High"
40433,"Alexis Sánchez","Forward",2022,5,"Ligue 1","92.44","21","21",33,"3500000","Low"
75489,"Niclas Füllkrug","Forward",2022,5,"Bundesliga","92.29","22","22",28,"2500000","Low"
146854,"Wissam Ben Yedder","Forward",2022,5,"Ligue 1","92.29","23","23",26,"25000000","High"
655488,"Gabriel Martinelli","Forward",2022,5,"Premier League","91.93","24","24",93,"38000000","High"
81999,"Joselu","Forward",2022,5,"La Liga","91.58","25","25",9,"5000000","Medium"
159471,"Serge Gnabry","Forward",2022,5,"Bundesliga","91.16","26","26",66,"65000000","Elite"
659542,"Elye Wahi","Forward",2022,5,"Ligue 1","90.82","27","27",20,"8000000","Medium"
177843,"Domenico Berardi","Forward",2022,5,"Serie A","90.79","28","28",22,"35000000","High"
72047,"Iago Aspas","Forward",2022,5,"La Liga","90.30","29","29",25,"7000000","Medium"
450826,"Callum Wilson","Forward",2022,5,"Premier League","90.26","30","30",10,"18000000","Medium"
363205,"Gabriel Jesus","Forward",2022,5,"Premier League","89.66","31","31",8,"50000000","High"
251106,"Enes Ünal","Forward",2022,5,"La Liga","89.62","32","32",10,"18000000","Medium"
181378,"Gaëtan Laborde","Forward",2022,5,"Ligue 1","89.52","33","33",10,"18000000","Medium"
406040,"Ademola Lookman","Forward",2022,5,"Serie A","89.48","34","34",41,"10000000","Medium"
412363,"Rodrygo","Forward",2022,5,"La Liga","89.40","35","35",55,"60000000","Elite"
502670,"Khvicha Kvaratskhelia","Forward",2022,5,"Serie A","89.36","36","36",16,"15000000","Medium"
626913,"Boulaye Dia","Forward",2022,5,"Serie A","89.20","37","37",5,"12000000","Medium"
626913,"Boulaye Dia","Forward",2022,5,"Serie A","89.20","37","38",5,"12000000","Medium"
626913,"Boulaye Dia","Forward",2022,5,"Serie A","89.20","37","37",5,"12000000","Medium"
626913,"Boulaye Dia","Forward",2022,5,"Serie A","89.20","37","38",5,"12000000","Medium"
51152,"Aleksandar Mitrović","Forward",2022,5,"Premier League","88.09","39","39",11,"20000000","High"
395516,"Moussa Diaby","Forward",2022,5,"Bundesliga","87.98","40","40",54,"55000000","High"
227085,"Jonas Hofmann","Forward",2022,5,"Bundesliga","87.95","41","41",47,"13000000","Medium"
82442,"Olivier Giroud","Forward",2022,5,"Serie A","87.59","42","42",33,"3500000","Low"
278359,"Borja Iglesias","Forward",2022,5,"La Liga","87.42","43","43",5,"12000000","Medium"
393238,"Zakaria Aboukhlal","Forward",2022,5,"Ligue 1","87.19","44","44",3,"2000000","Low"
413039,"Bryan Mbeumo","Forward",2022,5,"Premier League","86.76","45","45",42,"22000000","High"
255508,"Iñaki Williams","Forward",2022,5,"La Liga","86.46","46","46",26,"25000000","High"
398065,"Harvey Barnes","Forward",2022,5,"Premier League","85.87","47","47",50,"32000000","High"
96341,"Romelu Lukaku","Forward",2022,5,"Serie A","85.50","48","48",19,"85000000","Elite"
96341,"Romelu Lukaku","Forward",2022,5,"Serie A","85.50","48","49",19,"85000000","Elite"
96341,"Romelu Lukaku","Forward",2022,5,"Serie A","85.50","48","49",19,"85000000","Elite"
96341,"Romelu Lukaku","Forward",2022,5,"Serie A","85.50","48","48",19,"85000000","Elite"
234523,"Antonio Sanabria","Forward",2022,5,"Serie A","84.74","50","50",32,"7500000","Medium"
326029,"Donyell Malen","Forward",2022,5,"Bundesliga","84.70","51","51",102,"27000000","High"
237662,"Breel Embolo","Forward",2022,5,"Ligue 1","84.69","52","52",24,"14000000","Medium"
188888,"Sheraldo Becker","Forward",2022,5,"Bundesliga","84.52","53","53",14,"4000000","Low"
119234,"Karim Onisiwo","Forward",2022,5,"Bundesliga","83.72","54","54",33,"3500000","Low"
406635,"Phil Foden","Forward",2022,5,"Premier League","83.61","55","55",51,"90000000","Elite"
538964,"Thijs Dallinga","Forward",2022,5,"Ligue 1","83.08","56","56",13,"1000000","Low"
546543,"Darwin Núñez","Forward",2022,5,"Premier League","82.47","57","57",7,"40000000","High"
776890,"Nicolas Jackson","Forward",2022,5,"La Liga","81.91","58","58",2,"500000","Low"
209212,"Solly March","Forward",2022,5,"Premier League","81.71","59","59",21,"9000000","Medium"
357498,"Dušan Vlahović","Forward",2022,5,"Serie A","81.60","60","60",19,"85000000","Elite"
595809,"Beto","Forward",2022,5,"Serie A","81.47","61","61",41,"10000000","Medium"
58358,"Thomas Müller","Forward",2022,5,"Bundesliga","81.33","62","62",42,"22000000","High"
331726,"Tammy Abraham","Forward",2022,5,"Serie A","81.31","63","63",65,"45000000","High"
170527,"Timo Werner","Forward",2022,5,"Bundesliga","81.03","64","64",104,"42000000","High"
405398,"Takefusa Kubo","Forward",2022,5,"La Liga","80.35","65","65",21,"9000000","Medium"
504849,"Kaoru Mitoma","Forward",2022,5,"Premier League","80.23","66","66",28,"2500000","Low"
27389,"Kévin Gameiro","Forward",2022,5,"Ligue 1","79.50","67","67",3,"2000000","Low"
159372,"Felipe Anderson","Forward",2022,5,"Serie A","79.11","68","68",47,"13000000","Medium"
457673,"Gabriel Strefezza","Forward",2022,5,"Serie A","78.89","69","69",38,"6500000","Medium"
324811,"Arnaud Nordin","Forward",2022,5,"Ligue 1","78.47","70","70",14,"4000000","Low"
200512,"Sadio Mané","Forward",2022,5,"Bundesliga","78.08","71","71",31,"70000000","Elite"
470607,"Brennan Johnson","Forward",2022,5,"Premier League","77.89","72","72",16,"15000000","Medium"
119037,"Philipp Hofmann","Forward",2022,5,"Bundesliga","77.66","73","73",3,"2000000","Low"
292818,"Jonathan Bamba","Forward",2022,5,"Ligue 1","77.25","74","74",11,"20000000","High"
309400,"Kai Havertz","Forward",2022,5,"Premier League","76.90","75","75",31,"70000000","Elite"
48298,"Lars Stindl","Forward",2022,5,"Bundesliga","76.90","76","77",28,"2500000","Low"
266807,"Ángel Correa","Forward",2022,5,"La Liga","76.90","76","76",65,"45000000","High"
314875,"Jarrod Bowen","Forward",2022,5,"Premier League","76.61","78","78",104,"42000000","High"
298976,"Borja Mayoral","Forward",2022,5,"La Liga","76.41","79","79",21,"9000000","Medium"
334222,"Lucas Boyé","Forward",2022,5,"La Liga","76.09","80","80",16,"15000000","Medium"
243714,"Kingsley Coman","Forward",2022,5,"Bundesliga","75.70","81","81",55,"60000000","Elite"
258889,"Dominic Solanke","Forward",2022,5,"Premier League","75.40","82","82",37,"16000000","Medium"
466810,"Ansu Fati","Forward",2022,5,"La Liga","75.20","83","83",55,"60000000","Elite"
177467,"Gerard Moreno","Forward",2022,5,"La Liga","74.67","84","84",7,"40000000","High"
401922,"Samuel Chukwueze","Forward",2022,5,"La Liga","73.39","85","85",11,"20000000","High"
295313,"Taiwo Awoniyi","Forward",2022,5,"Premier League","73.32","86","86",11,"20000000","High"
67063,"Danny Welbeck","Forward",2022,5,"Premier League","73.20","87","87",14,"4000000","Low"
408471,"Javi Puado","Forward",2022,5,"La Liga","73.20","87","88",20,"8000000","Medium"
343463,"Cyle Larin","Forward",2022,5,"La Liga","73.09","89","90",39,"11000000","Medium"
343463,"Cyle Larin","Forward",2022,5,"La Liga","73.09","89","91",39,"11000000","Medium"
343463,"Cyle Larin","Forward",2022,5,"La Liga","73.09","89","89",39,"11000000","Medium"
343463,"Cyle Larin","Forward",2022,5,"La Liga","73.09","89","90",39,"11000000","Medium"
343463,"Cyle Larin","Forward",2022,5,"La Liga","73.09","89","91",39,"11000000","Medium"
343463,"Cyle Larin","Forward",2022,5,"La Liga","73.09","89","89",39,"11000000","Medium"
343463,"Cyle Larin","Forward",2022,5,"La Liga","73.09","89","90",39,"11000000","Medium"
343463,"Cyle Larin","Forward",2022,5,"La Liga","73.09","89","91",39,"11000000","Medium"
343463,"Cyle Larin","Forward",2022,5,"La Liga","73.09","89","89",39,"11000000","Medium"
348791,"Junya Ito","Forward",2022,5,"Ligue 1","72.70","92","92",32,"7500000","Medium"
59323,"Cristhian Stuani","Forward",2022,5,"La Liga","72.44","93","93",17,"1500000","Low"
462348,"Mostafa Mohamed","Forward",2022,5,"Ligue 1","72.32","94","95",67,"5500000","Medium"
462348,"Mostafa Mohamed","Forward",2022,5,"Ligue 1","72.32","94","94",67,"5500000","Medium"
462348,"Mostafa Mohamed","Forward",2022,5,"Ligue 1","72.32","94","95",67,"5500000","Medium"
462348,"Mostafa Mohamed","Forward",2022,5,"Ligue 1","72.32","94","94",67,"5500000","Medium"
462348,"Mostafa Mohamed","Forward",2022,5,"Ligue 1","72.32","94","95",67,"5500000","Medium"
462348,"Mostafa Mohamed","Forward",2022,5,"Ligue 1","72.32","94","96",67,"5500000","Medium"
462348,"Mostafa Mohamed","Forward",2022,5,"Ligue 1","72.32","94","94",67,"5500000","Medium"
462348,"Mostafa Mohamed","Forward",2022,5,"Ligue 1","72.32","94","96",67,"5500000","Medium"
462348,"Mostafa Mohamed","Forward",2022,5,"Ligue 1","72.32","94","96",67,"5500000","Medium"
505674,"Sergio Camello","Forward",2022,5,"La Liga","71.27","97","98",28,"2500000","Low"
505674,"Sergio Camello","Forward",2022,5,"La Liga","71.27","97","97",28,"2500000","Low"
505674,"Sergio Camello","Forward",2022,5,"La Liga","71.27","97","98",28,"2500000","Low"
505674,"Sergio Camello","Forward",2022,5,"La Liga","71.27","97","97",28,"2500000","Low"
290532,"Saïd Benrahma","Forward",2022,5,"Premier League","71.22","99","99",26,"25000000","High"
46413,"Ante Budimir","Forward",2022,5,"La Liga","71.16","100","100",6,"6000000","Medium"
585959,"Arnaud Kalimuendo","Forward",2022,5,"Ligue 1","70.77","101","101",10,"18000000","Medium"
229006,"Franck Honorat","Forward",2022,5,"Ligue 1","70.75","102","102",41,"10000000","Medium"
694928,"Samuel Lino","Forward",2022,5,"La Liga","70.68","103","103",25,"7000000","Medium"
694928,"Samuel Lino","Forward",2022,5,"La Liga","70.68","103","105",25,"7000000","Medium"
694928,"Samuel Lino","Forward",2022,5,"La Liga","70.68","103","103",25,"7000000","Medium"
694928,"Samuel Lino","Forward",2022,5,"La Liga","70.68","103","104",25,"7000000","Medium"
694928,"Samuel Lino","Forward",2022,5,"La Liga","70.68","103","104",25,"7000000","Medium"
694928,"Samuel Lino","Forward",2022,5,"La Liga","70.68","103","103",25,"7000000","Medium"
694928,"Samuel Lino","Forward",2022,5,"La Liga","70.68","103","104",25,"7000000","Medium"
694928,"Samuel Lino","Forward",2022,5,"La Liga","70.68","103","105",25,"7000000","Medium"
694928,"Samuel Lino","Forward",2022,5,"La Liga","70.68","103","105",25,"7000000","Medium"
584769,"Dwight McNeil","Forward",2022,5,"Premier League","70.28","106","106",10,"18000000","Medium"
340950,"Diogo Jota","Forward",2022,5,"Premier League","69.84","107","107",55,"60000000","Elite"
538874,"Terem Moffi","Forward",2022,5,"Ligue 1","69.77","108","108",21,"9000000","Medium"
538874,"Terem Moffi","Forward",2022,5,"Ligue 1","69.77","108","109",21,"9000000","Medium"
538874,"Terem Moffi","Forward",2022,5,"Ligue 1","69.77","108","108",21,"9000000","Medium"
538874,"Terem Moffi","Forward",2022,5,"Ligue 1","69.77","108","109",21,"9000000","Medium"
434675,"Cody Gakpo","Forward",2022,5,"Premier League","69.75","110","110",42,"22000000","High"
709187,"Nico Williams","Forward",2022,5,"La Liga","69.38","111","111",5,"12000000","Medium"
117432,"Kevin Behrens","Forward",2022,5,"Bundesliga","69.11","112","112",59,"900000","Low"
257462,"Luka Jović","Forward",2022,5,"Serie A","68.59","113","113",10,"18000000","Medium"
134425,"Raheem Sterling","Forward",2022,5,"Premier League","68.59","114","114",31,"70000000","Elite"
417346,"Jack Harrison","Forward",2022,5,"Premier League","68.40","115","115",10,"18000000","Medium"
467720,"Youssoufa Moukoko","Forward",2022,5,"Bundesliga","68.28","116","116",16,"15000000","Medium"
388165,"Yoane Wissa","Forward",2022,5,"Premier League","68.18","117","117",5,"12000000","Medium"
203460,"Jack Grealish","Forward",2022,5,"Premier League","67.54","118","118",31,"70000000","Elite"
496094,"Karim Adeyemi","Forward",2022,5,"Bundesliga","67.42","119","119",22,"35000000","High"
490223,"Ibrahima Koné","Forward",2022,5,"Ligue 1","66.66","120","120",40,"1800000","Low"
401173,"Jadon Sancho","Forward",2022,5,"Premier League","66.23","121","121",15,"80000000","Elite"
343052,"Nicolas Pépé","Forward",2022,5,"Ligue 1","66.23","122","122",26,"25000000","High"
343052,"Nicolas Pépé","Forward",2022,5,"Ligue 1","66.23","122","123",26,"25000000","High"
343052,"Nicolas Pépé","Forward",2022,5,"Ligue 1","66.23","122","122",26,"25000000","High"
343052,"Nicolas Pépé","Forward",2022,5,"Ligue 1","66.23","122","123",26,"25000000","High"
29605,"Daniel Ciofani","Forward",2022,5,"Serie A","65.95","124","124",34,"200000","Low"
252677,"José Luis Morales","Forward",2022,5,"La Liga","65.48","125","125",14,"4000000","Low"
288230,"Ousmane Dembélé","Forward",2022,5,"La Liga","65.33","126","126",43,"30000000","High"
330659,"Justin Kluivert","Forward",2022,5,"La Liga","65.06","127","127",16,"15000000","Medium"
330659,"Justin Kluivert","Forward",2022,5,"La Liga","65.06","127","127",16,"15000000","Medium"
330659,"Justin Kluivert","Forward",2022,5,"La Liga","65.06","127","128",16,"15000000","Medium"
330659,"Justin Kluivert","Forward",2022,5,"La Liga","65.06","127","128",16,"15000000","Medium"
295330,"Kelechi Iheanacho","Forward",2022,5,"Premier League","64.67","129","129",11,"20000000","High"
237164,"Ihlas Bebou","Forward",2022,5,"Bundesliga","64.40","130","130",37,"16000000","Medium"
274862,"Moses Simon","Forward",2022,5,"Ligue 1","63.74","131","131",41,"10000000","Medium"
700646,"André Silva","Forward",2022,5,"Bundesliga","63.42","132","132",50,"32000000","High"
1064403,"Álvaro García","Forward",2022,5,"La Liga","63.20","133","133",9,"5000000","Medium"
55338,"Willian","Forward",2022,5,"Premier League","62.79","134","134",67,"5500000","Medium"
289802,"Rafael Ratão","Forward",2022,5,"Ligue 1","62.68","135","135",17,"1500000","Low"
340205,"Gorka Guruzeta","Forward",2022,5,"La Liga","62.58","136","136",27,"600000","Low"
238639,"Steve Mounié","Forward",2022,5,"Ligue 1","62.47","137","137",25,"7000000","Medium"
225593,"Pere Milla","Forward",2022,5,"La Liga","62.11","138","138",23,"3000000","Low"
532776,"Amine Adli","Forward",2022,5,"Bundesliga","61.36","139","139",5,"12000000","Medium"
533295,"Patrick Wimmer","Forward",2022,5,"Bundesliga","61.13","140","140",20,"8000000","Medium"
364135,"Moise Kean","Forward",2022,5,"Serie A","60.41","141","141",49,"28000000","High"
337725,"Christian Kouamé","Forward",2022,5,"Serie A","60.40","142","142",20,"8000000","Medium"
487843,"Lorenzo Colombo","Forward",2022,5,"Serie A","60.29","143","144",33,"3500000","Low"
487843,"Lorenzo Colombo","Forward",2022,5,"Serie A","60.29","143","143",33,"3500000","Low"
487843,"Lorenzo Colombo","Forward",2022,5,"Serie A","60.29","143","143",33,"3500000","Low"
487843,"Lorenzo Colombo","Forward",2022,5,"Serie A","60.29","143","144",33,"3500000","Low"
315865,"Andrea Pinamonti","Forward",2022,5,"Serie A","60.03","145","146",11,"20000000","High"
315865,"Andrea Pinamonti","Forward",2022,5,"Serie A","60.03","145","145",11,"20000000","High"
315865,"Andrea Pinamonti","Forward",2022,5,"Serie A","60.03","145","146",11,"20000000","High"
315865,"Andrea Pinamonti","Forward",2022,5,"Serie A","60.03","145","145",11,"20000000","High"
296879,"Steffen Tigges","Forward",2022,5,"Bundesliga","59.90","147","147",17,"1500000","Low"
36284,"Simon Terodde","Forward",2022,5,"Bundesliga","59.75","148","148",13,"1000000","Low"
391004,"Jonas Wind","Forward",2022,5,"Bundesliga","59.46","149","149",41,"10000000","Medium"
272278,"Chris Führich","Forward",2022,5,"Bundesliga","59.40","150","150",14,"4000000","Low"
708265,"Bradley Barcola","Forward",2022,5,"Ligue 1","59.40","151","151",2,"500000","Low"
648046,"Evan Ferguson","Forward",2022,5,"Premier League","59.38","152","152",27,"600000","Low"
388382,"Assan Ceesay","Forward",2022,5,"Serie A","59.21","153","153",17,"1500000","Low"
798687,"Antony","Forward",2022,5,"Premier League","59.15","154","154",22,"35000000","High"
361254,"Rafa Mir","Forward",2022,5,"La Liga","59.05","155","155",37,"16000000","Medium"
347253,"Dany Mota","Forward",2022,5,"Serie A","58.98","156","156",6,"6000000","Medium"
459151,"Nicolò Cambiaghi","Forward",2022,5,"Serie A","58.83","157","157",3,"2000000","Low"
445939,"Omar Marmoush","Forward",2022,5,"Bundesliga","58.71","158","158",6,"6000000","Medium"
387626,"Leon Bailey","Forward",2022,5,"Premier League","58.67","159","159",43,"30000000","High"
357072,"Faitout Maouassa","Forward",2022,5,"Ligue 1","58.66","160","161",9,"5000000","Medium"
357072,"Faitout Maouassa","Forward",2022,5,"Ligue 1","58.66","160","160",9,"5000000","Medium"
357072,"Faitout Maouassa","Forward",2022,5,"Ligue 1","58.66","160","160",9,"5000000","Medium"
357072,"Faitout Maouassa","Forward",2022,5,"Ligue 1","58.66","160","161",9,"5000000","Medium"
66106,"Sergio Canales","Forward",2022,5,"La Liga","58.28","162","162",11,"20000000","High"
292417,"Demarai Gray","Forward",2022,5,"Premier League","58.17","163","163",42,"22000000","High"
122797,"Andy Delort","Forward",2022,5,"Ligue 1","57.96","164","164",47,"13000000","Medium"
122797,"Andy Delort","Forward",2022,5,"Ligue 1","57.96","164","165",47,"13000000","Medium"
122797,"Andy Delort","Forward",2022,5,"Ligue 1","57.96","164","164",47,"13000000","Medium"
122797,"Andy Delort","Forward",2022,5,"Ligue 1","57.96","164","165",47,"13000000","Medium"
199258,"Andrea Petagna","Forward",2022,5,"Serie A","56.93","166","167",5,"12000000","Medium"
199258,"Andrea Petagna","Forward",2022,5,"Serie A","56.93","166","166",5,"12000000","Medium"
199258,"Andrea Petagna","Forward",2022,5,"Serie A","56.93","166","167",5,"12000000","Medium"
199258,"Andrea Petagna","Forward",2022,5,"Serie A","56.93","166","166",5,"12000000","Medium"
48280,"Edinson Cavani","Forward",2022,5,"La Liga","56.65","168","168",14,"4000000","Low"
335103,"Linton Maina","Forward",2022,5,"Bundesliga","56.46","169","169",40,"1800000","Low"
145769,"Sergio León","Forward",2022,5,"La Liga","56.24","170","170",74,"1200000","Low"
183334,"Patrick Bamford","Forward",2022,5,"Premier League","55.49","171","171",37,"16000000","Medium"
776798,"Abdallah Sima","Forward",2022,5,"Ligue 1","54.99","172","173",20,"8000000","Medium"
776798,"Abdallah Sima","Forward",2022,5,"Ligue 1","54.99","172","173",20,"8000000","Medium"
776798,"Abdallah Sima","Forward",2022,5,"Ligue 1","54.99","172","172",20,"8000000","Medium"
776798,"Abdallah Sima","Forward",2022,5,"Ligue 1","54.99","172","172",20,"8000000","Medium"
338425,"Álex Berenguer","Forward",2022,5,"La Liga","54.76","174","174",5,"12000000","Medium"
429983,"Jørgen Strand Larsen","Forward",2022,5,"La Liga","54.54","175","175",23,"3000000","Low"
340324,"Eddie Nketiah","Forward",2022,5,"Premier League","54.21","176","176",37,"16000000","Medium"
316889,"Hirving Lozano","Forward",2022,5,"Serie A","53.68","177","177",22,"35000000","High"
248999,"Lucas Höler","Forward",2022,5,"Bundesliga","53.49","178","178",38,"6500000","Medium"
167329,"Alassane Pléa","Forward",2022,5,"Bundesliga","53.35","179","179",16,"15000000","Medium"
108354,"Jordan Ayew","Forward",2022,5,"Premier League","53.34","180","180",6,"6000000","Medium"
486624,"Musa Barrow","Forward",2022,5,"Serie A","53.07","181","181",10,"18000000","Medium"
197838,"Jamie Vardy","Forward",2022,5,"Premier League","52.79","182","182",9,"5000000","Medium"
245744,"Takuma Asano","Forward",2022,5,"Bundesliga","52.34","183","183",23,"3000000","Low"
129476,"Gerard Deulofeu","Forward",2022,5,"Serie A","52.31","184","184",16,"15000000","Medium"
496857,"Edon Zhegrova","Forward",2022,5,"Ligue 1","52.09","185","185",3,"2000000","Low"
1004741,"Pedro","Forward",2022,5,"Serie A","51.60","186","186",41,"10000000","Medium"
449151,"Junior Messias","Forward",2022,5,"Serie A","51.48","187","187",6,"6000000","Medium"
512385,"Luis Sinisterra","Forward",2022,5,"Premier League","51.38","188","188",37,"16000000","Medium"
340328,"Stephy Mavididi","Forward",2022,5,"Ligue 1","51.28","189","189",41,"10000000","Medium"
660867,"Julio Enciso","Forward",2022,5,"Premier League","50.79","190","190",39,"11000000","Medium"
339314,"Deniz Undav","Forward",2022,5,"Premier League","50.45","191","191",9,"5000000","Medium"
365172,"Patson Daka","Forward",2022,5,"Premier League","50.04","192","192",11,"20000000","High"
289182,"Christopher Antwi-Adjei","Forward",2022,5,"Bundesliga","49.40","193","193",13,"1000000","Low"
103565,"Wahbi Khazri","Forward",2022,5,"Ligue 1","49.22","194","194",14,"4000000","Low"
199527,"Jacob Murphy","Forward",2022,5,"Premier League","48.98","195","195",9,"5000000","Medium"
525287,"Carlos Vinícius","Forward",2022,5,"Premier League","48.67","196","196",5,"12000000","Medium"
525287,"Carlos Vinícius","Forward",2022,5,"Premier League","48.67","196","197",5,"12000000","Medium"
525287,"Carlos Vinícius","Forward",2022,5,"Premier League","48.67","196","196",5,"12000000","Medium"
525287,"Carlos Vinícius","Forward",2022,5,"Premier League","48.67","196","197",5,"12000000","Medium"
724520,"Abde Ezzalzouli","Forward",2022,5,"La Liga","48.39","198","199",20,"8000000","Medium"
724520,"Abde Ezzalzouli","Forward",2022,5,"La Liga","48.39","198","198",20,"8000000","Medium"
724520,"Abde Ezzalzouli","Forward",2022,5,"La Liga","48.39","198","199",20,"8000000","Medium"
724520,"Abde Ezzalzouli","Forward",2022,5,"La Liga","48.39","198","198",20,"8000000","Medium"
462250,"João Félix","Forward",2022,5,"Premier League","47.80","200","200",31,"70000000","Elite"
474701,"Crysencio Summerville","Forward",2022,5,"Premier League","47.60","201","201",3,"2000000","Low"
182916,"Wesley Saïd","Forward",2022,5,"Ligue 1","47.60","201","202",28,"2500000","Low"
189441,"Lucas Ocampos","Forward",2022,5,"La Liga","46.78","203","204",26,"25000000","High"
189441,"Lucas Ocampos","Forward",2022,5,"La Liga","46.78","203","203",26,"25000000","High"
189441,"Lucas Ocampos","Forward",2022,5,"La Liga","46.78","203","204",26,"25000000","High"
189441,"Lucas Ocampos","Forward",2022,5,"La Liga","46.78","203","203",26,"25000000","High"
195171,"Samu Castillejo","Forward",2022,5,"La Liga","46.66","205","205",52,"4500000","Low"
119228,"Luis Muriel","Forward",2022,5,"Serie A","46.60","206","206",11,"20000000","High"
180337,"Sardar Azmoun","Forward",2022,5,"Bundesliga","46.53","207","207",42,"22000000","High"
480692,"Luis Díaz","Forward",2022,5,"Premier League","45.36","208","208",65,"45000000","High"
518644,"Largie Ramazani","Forward",2022,5,"La Liga","44.90","209","209",14,"4000000","Low"
82048,"Nicola Sansone","Forward",2022,5,"Serie A","44.64","210","210",3,"2000000","Low"
187587,"Ante Rebić","Forward",2022,5,"Serie A","43.74","211","211",42,"22000000","High"
242086,"Patrik Schick","Forward",2022,5,"Bundesliga","43.51","212","213",8,"50000000","High"
275590,"Kieffer Moore","Forward",2022,5,"Premier League","43.51","212","212",9,"5000000","Medium"
448177,"Jessic Ngankam","Forward",2022,5,"Bundesliga","43.10","214","214",3,"2000000","Low"
448177,"Jessic Ngankam","Forward",2022,5,"Bundesliga","43.10","214","214",3,"2000000","Low"
448177,"Jessic Ngankam","Forward",2022,5,"Bundesliga","43.10","214","215",3,"2000000","Low"
448177,"Jessic Ngankam","Forward",2022,5,"Bundesliga","43.10","214","215",3,"2000000","Low"
616344,"Tiago Tomás","Forward",2022,5,"Bundesliga","42.93","216","216",25,"7000000","Medium"
126737,"Juanmi","Forward",2022,5,"La Liga","42.78","217","217",16,"15000000","Medium"
315110,"Karl Toko Ekambi","Forward",2022,5,"Ligue 1","42.54","218","218",16,"15000000","Medium"
227081,"Joaquín Correa","Forward",2022,5,"Serie A","42.07","219","219",72,"26000000","High"
79967,"Simon Zoller","Forward",2022,5,"Bundesliga","41.95","220","220",79,"1100000","Low"
314288,"Lukas Nmecha","Forward",2022,5,"Bundesliga","41.82","221","221",10,"18000000","Medium"
357885,"Pablo Fornals","Forward",2022,5,"Premier League","41.03","222","222",42,"22000000","High"
810895,"Eliesse Ben Seghir","Forward",2022,5,"Ligue 1","40.70","223","223",34,"200000","Low"
592735,"Gonzalo Plata","Forward",2022,5,"La Liga","40.67","224","224",6,"6000000","Medium"
73794,"Duván Zapata","Forward",2022,5,"Serie A","40.23","225","225",43,"30000000","High"
152963,"Florian Niederlechner","Forward",2022,5,"Bundesliga","40.23","226","226",73,"2200000","Low"
196095,"Luca Waldschmidt","Forward",2022,5,"Bundesliga","40.08","227","227",25,"7000000","Medium"
256361,"Daniele Verde","Forward",2022,5,"Serie A","39.94","228","228",33,"3500000","Low"
295331,"Isaac Success","Forward",2022,5,"Serie A","39.70","229","229",23,"3000000","Low"
500689,"Evann Guessand","Forward",2022,5,"Ligue 1","39.47","230","230",23,"3000000","Low"
500689,"Evann Guessand","Forward",2022,5,"Ligue 1","39.47","230","231",23,"3000000","Low"
500689,"Evann Guessand","Forward",2022,5,"Ligue 1","39.47","230","230",23,"3000000","Low"
500689,"Evann Guessand","Forward",2022,5,"Ligue 1","39.47","230","231",23,"3000000","Low"
381950,"Alexis Saelemaekers","Forward",2022,5,"Serie A","39.41","232","232",45,"17000000","Medium"
616369,"Ander Barrenetxea","Forward",2022,5,"La Liga","39.11","233","233",5,"12000000","Medium"
811779,"Alejandro Garnacho","Forward",2022,5,"Premier League","39.01","234","234",3,"2000000","Low"
306024,"Dominic Calvert-Lewin","Forward",2022,5,"Premier League","38.92","235","235",104,"42000000","High"
980576,"Amine Salama","Forward",2022,5,"Ligue 1","38.81","236","236",44,"300000","Low"
38607,"Federico Di Francesco","Forward",2022,5,"Serie A","38.38","237","237",3,"2000000","Low"
241076,"Emmanuel Gyasi","Forward",2022,5,"Serie A","38.05","238","238",28,"2500000","Low"
229004,"Moussa Dembélé","Forward",2022,5,"Ligue 1","37.64","239","239",11,"20000000","High"
627626,"Wilfried Gnonto","Forward",2022,5,"Premier League","36.80","240","240",23,"3000000","Low"
618425,"Tanguy Coulibaly","Forward",2022,5,"Bundesliga","36.72","241","241",28,"2500000","Low"
98349,"Romain Hamouma","Forward",2022,5,"Ligue 1","36.34","242","242",13,"1000000","Low"
435648,"Joshua Zirkzee","Forward",2022,5,"Serie A","36.14","243","243",20,"8000000","Medium"
545538,"Lameck Banda","Forward",2022,5,"Serie A","35.72","244","245",44,"300000","Low"
545538,"Lameck Banda","Forward",2022,5,"Serie A","35.72","244","245",44,"300000","Low"
545538,"Lameck Banda","Forward",2022,5,"Serie A","35.72","244","244",44,"300000","Low"
545538,"Lameck Banda","Forward",2022,5,"Serie A","35.72","244","244",44,"300000","Low"
670882,"Jamie Gittens","Forward",2022,5,"Bundesliga","35.54","246","246",14,"4000000","Low"
315867,"Gianluca Scamacca","Forward",2022,5,"Premier League","35.29","247","247",43,"30000000","High"
392545,"Frank Tsadjout","Forward",2022,5,"Serie A","34.75","248","248",59,"900000","Low"
282388,"Giovanni Simeone","Forward",2022,5,"Serie A","34.46","249","250",45,"17000000","Medium"
282388,"Giovanni Simeone","Forward",2022,5,"Serie A","34.46","249","249",45,"17000000","Medium"
282388,"Giovanni Simeone","Forward",2022,5,"Serie A","34.46","249","251",45,"17000000","Medium"
282388,"Giovanni Simeone","Forward",2022,5,"Serie A","34.46","249","250",45,"17000000","Medium"
282388,"Giovanni Simeone","Forward",2022,5,"Serie A","34.46","249","249",45,"17000000","Medium"
282388,"Giovanni Simeone","Forward",2022,5,"Serie A","34.46","249","250",45,"17000000","Medium"
282388,"Giovanni Simeone","Forward",2022,5,"Serie A","34.46","249","251",45,"17000000","Medium"
282388,"Giovanni Simeone","Forward",2022,5,"Serie A","34.46","249","249",45,"17000000","Medium"
282388,"Giovanni Simeone","Forward",2022,5,"Serie A","34.46","249","251",45,"17000000","Medium"
361238,"Rubén García","Forward",2022,5,"La Liga","34.38","252","252",20,"8000000","Medium"
279455,"Harry Wilson","Forward",2022,5,"Premier League","33.92","253","253",45,"17000000","Medium"
82009,"Kevin Volland","Forward",2022,5,"Ligue 1","33.82","254","254",42,"22000000","High"
144028,"Leandro Trossard","Forward",2022,5,"Premier League","33.32","255","255",11,"20000000","High"
50512,"Anthony Modeste","Forward",2022,5,"Bundesliga","33.17","256","256",23,"3000000","Low"
163222,"Grégoire Defrel","Forward",2022,5,"Serie A","32.32","257","257",23,"3000000","Low"
33713,"Theo Walcott","Forward",2022,5,"Premier League","32.12","258","258",40,"1800000","Low"
412932,"Myron Boadu","Forward",2022,5,"Ligue 1","31.76","259","259",24,"14000000","Medium"
186988,"Sven Michel","Forward",2022,5,"Bundesliga","31.51","260","260",74,"1200000","Low"
241527,"Federico Bonazzoli","Forward",2022,5,"Serie A","30.92","261","261",9,"5000000","Medium"
490417,"Ibrahima Niane","Forward",2022,5,"Ligue 1","30.73","262","263",6,"6000000","Medium"
490417,"Ibrahima Niane","Forward",2022,5,"Ligue 1","30.73","262","262",6,"6000000","Medium"
490417,"Ibrahima Niane","Forward",2022,5,"Ligue 1","30.73","262","263",6,"6000000","Medium"
490417,"Ibrahima Niane","Forward",2022,5,"Ligue 1","30.73","262","262",6,"6000000","Medium"
746695,"Kamaldeen Sulemana","Forward",2022,5,"Premier League","30.73","264","264",10,"18000000","Medium"
134294,"Danny Ings","Forward",2022,5,"Premier League","30.65","265","265",11,"20000000","High"
586853,"Vitinha","Forward",2022,5,"Ligue 1","30.59","266","266",75,"24000000","High"
448854,"Emmanuel Dennis","Forward",2022,5,"Premier League","30.54","267","267",24,"14000000","Medium"
364405,"Adama Traoré","Forward",2022,5,"Premier League","30.39","268","268",23,"3000000","Low"
60957,"Sebastian Polter","Forward",2022,5,"Bundesliga","30.30","269","269",73,"2200000","Low"
428954,"Stéphane Diarra","Forward",2022,5,"Ligue 1","30.21","270","270",17,"1500000","Low"
598577,"Florian Wirtz","Forward",2022,5,"Bundesliga","30.20","271","271",31,"70000000","Elite"
148368,"Divock Origi","Forward",2022,5,"Serie A","29.56","272","273",5,"12000000","Medium"
250426,"Adam Armstrong","Forward",2022,5,"Premier League","29.56","272","272",37,"16000000","Medium"
298575,"Kike Barja","Forward",2022,5,"La Liga","29.17","274","274",23,"3000000","Low"
122155,"Willian José","Forward",2022,5,"La Liga","28.96","275","275",5,"12000000","Medium"
420002,"Jean-Philippe Mateta","Forward",2022,5,"Premier League","28.28","276","276",20,"8000000","Medium"
221309,"Óscar Plano","Forward",2022,5,"La Liga","27.91","277","277",28,"2500000","Low"
472249,"Jan Thielmann","Forward",2022,5,"Bundesliga","27.83","278","278",32,"7500000","Medium"
249157,"Fredrik Jensen","Forward",2022,5,"Bundesliga","27.25","279","279",17,"1500000","Low"
573775,"Hugo Duro","Forward",2022,5,"La Liga","27.20","280","280",41,"10000000","Medium"
39152,"Radamel Falcao","Forward",2022,5,"La Liga","26.76","281","281",3,"2000000","Low"
125614,"Sargis Adamyan","Forward",2022,5,"Bundesliga","26.61","282","282",33,"3500000","Low"
60540,"Valère Germain","Forward",2022,5,"Ligue 1","26.60","283","283",28,"2500000","Low"
308133,"Ado Onaiwu","Forward",2022,5,"Ligue 1","26.49","284","284",17,"1500000","Low"
427161,"Lebo Mothiba","Forward",2022,5,"Ligue 1","25.94","285","285",3,"2000000","Low"
181547,"Gonçalo Paciência","Forward",2022,5,"La Liga","25.43","286","286",33,"3500000","Low"
412513,"Thomas Henry","Forward",2022,5,"Serie A","25.40","287","287",9,"5000000","Medium"
217115,"Neal Maupay","Forward",2022,5,"Premier League","24.47","288","288",10,"18000000","Medium"
157635,"Yussuf Poulsen","Forward",2022,5,"Bundesliga","24.15","289","289",24,"14000000","Medium"
54581,"Ilija Nestorovski","Forward",2022,5,"Serie A","23.71","290","290",71,"700000","Low"
539134,"Daniel Maldini","Forward",2022,5,"Serie A","23.45","291","292",3,"2000000","Low"
539134,"Daniel Maldini","Forward",2022,5,"Serie A","23.45","291","291",3,"2000000","Low"
539134,"Daniel Maldini","Forward",2022,5,"Serie A","23.45","291","292",3,"2000000","Low"
539134,"Daniel Maldini","Forward",2022,5,"Serie A","23.45","291","291",3,"2000000","Low"
74230,"Pablo Sarabia","Forward",2022,5,"Premier League","23.24","293","293",26,"25000000","High"
22328,"Fabio Quagliarella","Forward",2022,5,"Serie A","22.71","294","294",13,"1000000","Low"
20005,"Papu Gómez","Forward",2022,5,"La Liga","22.32","295","295",6,"6000000","Medium"
108725,"Chris Wood","Forward",2022,5,"Premier League","22.04","296","297",41,"10000000","Medium"
108725,"Chris Wood","Forward",2022,5,"Premier League","22.04","296","296",41,"10000000","Medium"
108725,"Chris Wood","Forward",2022,5,"Premier League","22.04","296","297",41,"10000000","Medium"
108725,"Chris Wood","Forward",2022,5,"Premier League","22.04","296","296",41,"10000000","Medium"
364133,"Pietro Pellegri","Forward",2022,5,"Serie A","21.93","298","298",52,"4500000","Low"
546212,"Diego Costa","Forward",2022,5,"Premier League","21.78","299","299",14,"4000000","Low"
707242,"Badredine Bouanani","Forward",2022,5,"Ligue 1","21.62","300","300",58,"150000","Low"
283994,"Ludovic Ajorque","Forward",2022,5,"Ligue 1","21.56","301","301",37,"16000000","Medium"
358166,"Eldor Shomurodov","Forward",2022,5,"Serie A","21.55","302","303",41,"10000000","Medium"
358166,"Eldor Shomurodov","Forward",2022,5,"Serie A","21.55","302","303",41,"10000000","Medium"
358166,"Eldor Shomurodov","Forward",2022,5,"Serie A","21.55","302","302",41,"10000000","Medium"
358166,"Eldor Shomurodov","Forward",2022,5,"Serie A","21.55","302","302",41,"10000000","Medium"
190289,"Gerrit Holtmann","Forward",2022,5,"Bundesliga","21.42","304","304",52,"4500000","Low"
18644,"Álvaro Negredo","Forward",2022,5,"La Liga","21.12","305","305",17,"1500000","Low"
406973,"Moritz Broschinski","Forward",2022,5,"Bundesliga","20.78","306","306",88,"125000","Low"
315779,"Christian Pulisic","Forward",2022,5,"Premier League","19.57","307","307",104,"42000000","High"
500067,"Chidera Ejuke","Forward",2022,5,"Bundesliga","19.08","308","309",32,"7500000","Medium"
500067,"Chidera Ejuke","Forward",2022,5,"Bundesliga","19.08","308","309",32,"7500000","Medium"
500067,"Chidera Ejuke","Forward",2022,5,"Bundesliga","19.08","308","308",32,"7500000","Medium"
500067,"Chidera Ejuke","Forward",2022,5,"Bundesliga","19.08","308","308",32,"7500000","Medium"
538810,"Chris Ramos","Forward",2022,5,"La Liga","18.54","310","310",27,"600000","Low"
225122,"Gonçalo Guedes","Forward",2022,5,"Premier League","18.38","311","312",7,"40000000","High"
225122,"Gonçalo Guedes","Forward",2022,5,"Premier League","18.38","311","311",7,"40000000","High"
225122,"Gonçalo Guedes","Forward",2022,5,"Premier League","18.38","311","313",7,"40000000","High"
225122,"Gonçalo Guedes","Forward",2022,5,"Premier League","18.38","311","312",7,"40000000","High"
225122,"Gonçalo Guedes","Forward",2022,5,"Premier League","18.38","311","313",7,"40000000","High"
225122,"Gonçalo Guedes","Forward",2022,5,"Premier League","18.38","311","311",7,"40000000","High"
225122,"Gonçalo Guedes","Forward",2022,5,"Premier League","18.38","311","313",7,"40000000","High"
225122,"Gonçalo Guedes","Forward",2022,5,"Premier League","18.38","311","312",7,"40000000","High"
225122,"Gonçalo Guedes","Forward",2022,5,"Premier League","18.38","311","311",7,"40000000","High"
654415,"Alan Virginius","Forward",2022,5,"Ligue 1","18.15","314","314",17,"1500000","Low"
84765,"Francesco Caputo","Forward",2022,5,"Serie A","17.83","315","316",28,"2500000","Low"
84765,"Francesco Caputo","Forward",2022,5,"Serie A","17.83","315","315",28,"2500000","Low"
84765,"Francesco Caputo","Forward",2022,5,"Serie A","17.83","315","316",28,"2500000","Low"
84765,"Francesco Caputo","Forward",2022,5,"Serie A","17.83","315","315",28,"2500000","Low"
711517,"Kevin Paredes","Forward",2022,5,"Bundesliga","17.64","317","317",9,"5000000","Medium"
216464,"Carlos Fernández","Forward",2022,5,"La Liga","17.58","318","318",9,"5000000","Medium"
227961,"Jaime Mata","Forward",2022,5,"La Liga","17.56","319","319",23,"3000000","Low"
42783,"André Hahn","Forward",2022,5,"Bundesliga","16.71","320","320",3,"2000000","Low"
983989,"Facundo Buonanotte","Forward",2022,5,"Premier League","16.33","321","321",103,"50000","Low"
589737,"Kelvin Yeboah","Forward",2022,5,"Bundesliga","16.33","321","322",67,"5500000","Medium"
321070,"Hannes Wolf","Forward",2022,5,"Bundesliga","16.11","323","323",9,"5000000","Medium"
51510,"Ángel Rodríguez","Forward",2022,5,"La Liga","15.93","324","324",3,"2000000","Low"
364525,"Bevic Moussiti-Oko","Forward",2022,5,"Ligue 1","15.87","325","325",27,"600000","Low"
283871,"Florian Dietz","Forward",2022,5,"Bundesliga","15.64","326","326",58,"150000","Low"
503733,"Anthony Gordon","Forward",2022,5,"Premier League","15.13","327","327",37,"16000000","Medium"
8198,"Cristiano Ronaldo","Forward",2022,5,"Premier League","15.00","328","328",43,"30000000","High"
473050,"Kevin Schade","Forward",2022,5,"Premier League","14.74","329","329",25,"7000000","Medium"
473050,"Kevin Schade","Forward",2022,5,"Premier League","14.74","329","330",25,"7000000","Medium"
473050,"Kevin Schade","Forward",2022,5,"Premier League","14.74","329","330",25,"7000000","Medium"
473050,"Kevin Schade","Forward",2022,5,"Premier League","14.74","329","329",25,"7000000","Medium"
748382,"Amin Sarr","Forward",2022,5,"Ligue 1","14.50","331","331",3,"2000000","Low"
247652,"Shon Weissman","Forward",2022,5,"La Liga","14.46","332","333",20,"8000000","Medium"
247652,"Shon Weissman","Forward",2022,5,"La Liga","14.46","332","332",20,"8000000","Medium"
247652,"Shon Weissman","Forward",2022,5,"La Liga","14.46","332","333",20,"8000000","Medium"
247652,"Shon Weissman","Forward",2022,5,"La Liga","14.46","332","332",20,"8000000","Medium"
178459,"Davie Selke","Forward",2022,5,"Bundesliga","14.12","334","334",40,"1800000","Low"
503987,"Noni Madueke","Forward",2022,5,"Premier League","14.06","335","335",10,"18000000","Medium"
384060,"Tino Kadewere","Forward",2022,5,"La Liga","14.02","336","336",6,"6000000","Medium"
384060,"Tino Kadewere","Forward",2022,5,"La Liga","14.02","336","337",6,"6000000","Medium"
384060,"Tino Kadewere","Forward",2022,5,"La Liga","14.02","336","336",6,"6000000","Medium"
384060,"Tino Kadewere","Forward",2022,5,"La Liga","14.02","336","337",6,"6000000","Medium"
518505,"Jamie Leweling","Forward",2022,5,"Bundesliga","13.17","338","338",52,"4500000","Low"
884072,"Jeffinho","Forward",2022,5,"Ligue 1","13.08","339","341",1,"100000","Low"
884072,"Jeffinho","Forward",2022,5,"Ligue 1","13.08","339","341",1,"100000","Low"
884072,"Jeffinho","Forward",2022,5,"Ligue 1","13.08","339","340",1,"100000","Low"
884072,"Jeffinho","Forward",2022,5,"Ligue 1","13.08","339","339",1,"100000","Low"
884072,"Jeffinho","Forward",2022,5,"Ligue 1","13.08","339","341",1,"100000","Low"
884072,"Jeffinho","Forward",2022,5,"Ligue 1","13.08","339","340",1,"100000","Low"
884072,"Jeffinho","Forward",2022,5,"Ligue 1","13.08","339","339",1,"100000","Low"
884072,"Jeffinho","Forward",2022,5,"Ligue 1","13.08","339","339",1,"100000","Low"
884072,"Jeffinho","Forward",2022,5,"Ligue 1","13.08","339","340",1,"100000","Low"
293281,"Jacob Bruun Larsen","Forward",2022,5,"Bundesliga","12.95","342","342",6,"6000000","Medium"
398402,"Sam Surridge","Forward",2022,5,"Premier League","12.70","343","343",3,"2000000","Low"
111422,"Neeskens Kebano","Forward",2022,5,"Premier League","12.63","344","344",23,"3000000","Low"
193782,"Lucas Alario","Forward",2022,5,"Bundesliga","12.37","345","346",20,"8000000","Medium"
822458,"Bamba Dieng","Forward",2022,5,"Ligue 1","12.37","345","345",41,"10000000","Medium"
623521,"Juanmi Latasa","Forward",2022,5,"La Liga","11.76","347","347",13,"1000000","Low"
405393,"Soichiro Kozuki","Forward",2022,5,"Bundesliga","11.42","348","348",1,"100000","Low"
487465,"Pedro Neto","Forward",2022,5,"Premier League","11.24","349","349",50,"32000000","High"
134936,"Jesé","Forward",2022,5,"Serie A","10.95","350","350",23,"3000000","Low"
42936,"Nils Petersen","Forward",2022,5,"Bundesliga","10.65","351","351",17,"1500000","Low"
232463,"Luca Pfeiffer","Forward",2022,5,"Bundesliga","10.57","352","352",3,"2000000","Low"
93678,"Gaëtan Charbonnier","Forward",2022,5,"Ligue 1","10.18","353","353",63,"1300000","Low"
872380,"Felix Afena-Gyan","Forward",2022,5,"Serie A","9.92","354","354",6,"6000000","Medium"
769063,"Luka Romero","Forward",2022,5,"Serie A","9.31","355","355",13,"1000000","Low"
571743,"Armando Broja","Forward",2022,5,"Premier League","9.12","356","356",10,"18000000","Medium"
32711,"Patrick Herrmann","Forward",2022,5,"Bundesliga","8.73","357","357",147,"2300000","Low"
211251,"Darwin Machís","Forward",2022,5,"La Liga","8.66","358","358",6,"6000000","Medium"
211251,"Darwin Machís","Forward",2022,5,"La Liga","8.66","358","359",6,"6000000","Medium"
211251,"Darwin Machís","Forward",2022,5,"La Liga","8.66","358","358",6,"6000000","Medium"
211251,"Darwin Machís","Forward",2022,5,"La Liga","8.66","358","359",6,"6000000","Medium"
125165,"Jesús Corona","Forward",2022,5,"La Liga","8.52","360","360",10,"18000000","Medium"
141660,"Jesse Lingard","Forward",2022,5,"Premier League","8.47","361","361",10,"18000000","Medium"
583255,"Antoine Semenyo","Forward",2022,5,"Premier League","8.39","362","362",28,"2500000","Low"
585700,"Juan Cruz","Forward",2022,5,"La Liga","7.84","363","363",3,"2000000","Low"
184892,"Florian Thauvin","Forward",2022,5,"Serie A","7.49","364","364",5,"12000000","Medium"
392768,"Callum Hudson-Odoi","Forward",2022,5,"Bundesliga","7.42","365","365",43,"30000000","High"
392768,"Callum Hudson-Odoi","Forward",2022,5,"Bundesliga","7.42","365","366",43,"30000000","High"
392768,"Callum Hudson-Odoi","Forward",2022,5,"Bundesliga","7.42","365","365",43,"30000000","High"
392768,"Callum Hudson-Odoi","Forward",2022,5,"Bundesliga","7.42","365","366",43,"30000000","High"
583189,"Anthony Elanga","Forward",2022,5,"Premier League","7.27","367","367",16,"15000000","Medium"
503980,"Joe Gelhardt","Forward",2022,5,"Premier League","6.96","368","368",9,"5000000","Medium"
538974,"Janis Antiste","Forward",2022,5,"Serie A","6.38","369","369",14,"4000000","Low"
212391,"Roger Martí","Forward",2022,5,"La Liga","6.24","370","371",9,"5000000","Medium"
212391,"Roger Martí","Forward",2022,5,"La Liga","6.24","370","370",9,"5000000","Medium"
212391,"Roger Martí","Forward",2022,5,"La Liga","6.24","370","370",9,"5000000","Medium"
212391,"Roger Martí","Forward",2022,5,"La Liga","6.24","370","371",9,"5000000","Medium"
272855,"Paul Onuachu","Forward",2022,5,"Premier League","5.65","372","372",11,"20000000","High"
725242,"Luca D'Andrea","Forward",2022,5,"Serie A","5.63","373","373",27,"600000","Low"
256429,"Sergi Guardiola","Forward",2022,5,"La Liga","4.55","374","374",23,"3000000","Low"
256429,"Sergi Guardiola","Forward",2022,5,"La Liga","4.55","374","375",23,"3000000","Low"
256429,"Sergi Guardiola","Forward",2022,5,"La Liga","4.55","374","375",23,"3000000","Low"
256429,"Sergi Guardiola","Forward",2022,5,"La Liga","4.55","374","374",23,"3000000","Low"
281404,"Kenedy","Forward",2022,5,"La Liga","4.13","376","376",25,"7000000","Medium"
928323,"Ibrahim Salah","Forward",2022,5,"Ligue 1","3.43","377","377",34,"200000","Low"
418659,"Amine Gouiri","Forward",2022,5,"Ligue 1","3.33","378","378",8,"50000000","High"
490307,"Enock Mwepu","Forward",2022,5,"Premier League","2.98","379","379",10,"18000000","Medium"
45403,"André Ayew","Forward",2022,5,"Premier League","2.96","380","380",28,"2500000","Low"
678441,"Daniele Montevago","Forward",2022,5,"Serie A","2.95","381","381",58,"150000","Low"
649317,"Jhon Durán","Forward",2022,5,"Premier League","2.76","382","382",40,"1800000","Low"
429014,"Morgan Gibbs-White","Forward",2022,5,"Premier League","2.74","383","383",39,"11000000","Medium"
531277,"Andrés Martín","Forward",2022,5,"La Liga","2.73","384","384",74,"1200000","Low"
146795,"Ryan Fraser","Forward",2022,5,"Premier League","2.60","385","385",41,"10000000","Medium"
277033,"David Brooks","Forward",2022,5,"Premier League","2.60","385","386",37,"16000000","Medium"
436585,"Delano Burgzorg","Forward",2022,5,"Bundesliga","2.41","387","387",61,"750000","Low"
174304,"Rémy Dugimont","Forward",2022,5,"Ligue 1","2.22","388","388",44,"300000","Low"
466602,"Karamoko Dembélé","Forward",2022,5,"Ligue 1","1.91","389","389",46,"250000","Low"
319301,"Daniel James","Forward",2022,5,"Premier League","1.36","390","390",10,"18000000","Medium"
855056,"Taïryk Arconte","Forward",2022,5,"Ligue 1","1.02","391","391",29,"400000","Low"
488656,"Siriki Dembélé","Forward",2022,5,"Premier League","1.01","392","392",80,"2800000","Low"
433584,"Alessio Zerbin","Forward",2022,5,"Serie A","0.98","393","393",3,"2000000","Low"
795431,"Tio Cipot","Forward",2022,5,"Serie A","0.41","394","394",58,"150000","Low"
924800,"Axel Camblan","Forward",2022,5,"Ligue 1","0.33","395","395",1,"100000","Low"
924800,"Axel Camblan","Forward",2022,5,"Ligue 1","0.33","395","395",1,"100000","Low"
924800,"Axel Camblan","Forward",2022,5,"Ligue 1","0.33","395","397",1,"100000","Low"
342226,"Irvin Cardona","Forward",2022,5,"Ligue 1","0.33","395","396",9,"5000000","Medium"
924800,"Axel Camblan","Forward",2022,5,"Ligue 1","0.33","395","397",1,"100000","Low"
560725,"Abdoul Kader Bamba","Forward",2022,5,"Ligue 1","0.14","398","399",63,"1300000","Low"
560725,"Abdoul Kader Bamba","Forward",2022,5,"Ligue 1","0.14","398","398",63,"1300000","Low"
560725,"Abdoul Kader Bamba","Forward",2022,5,"Ligue 1","0.14","398","398",63,"1300000","Low"
560725,"Abdoul Kader Bamba","Forward",2022,5,"Ligue 1","0.14","398","399",63,"1300000","Low"
88755,"Kevin De Bruyne","Midfielder",2022,5,"Premier League","98.80","1","1",19,"85000000","Elite"
113707,"Rémy Cabella","Midfielder",2022,5,"Ligue 1","98.54","2","2",38,"6500000","Medium"
240306,"Bruno Fernandes","Midfielder",2022,5,"Premier League","98.16","3","3",19,"85000000","Elite"
82873,"Pascal Groß","Midfielder",2022,5,"Premier League","96.04","4","4",6,"6000000","Medium"
128220,"Luis Alberto","Midfielder",2022,5,"Serie A","95.63","5","5",49,"28000000","High"
633992,"Enzo Le Fée","Midfielder",2022,5,"Ligue 1","95.26","6","6",6,"6000000","Medium"
242631,"Alex Iwobi","Midfielder",2022,5,"Premier League","94.97","7","7",10,"18000000","Medium"
266359,"Benjamin Bourigeaud","Midfielder",2022,5,"Ligue 1","93.65","8","8",10,"18000000","Medium"
255942,"Nicolò Barella","Midfielder",2022,5,"Serie A","92.93","9","10",31,"70000000","Elite"
142021,"Sergi Darder","Midfielder",2022,5,"La Liga","92.93","9","9",21,"9000000","Medium"
294057,"James Maddison","Midfielder",2022,5,"Premier League","92.74","11","11",8,"50000000","High"
161056,"Joshua Kimmich","Midfielder",2022,5,"Bundesliga","92.49","12","12",15,"80000000","Elite"
451276,"Dominik Szoboszlai","Midfielder",2022,5,"Bundesliga","92.39","13","13",49,"28000000","High"
106270,"Florian Kainz","Midfielder",2022,5,"Bundesliga","92.29","14","14",33,"3500000","Low"
354726,"Florian Sotoca","Midfielder",2022,5,"Ligue 1","92.25","15","15",28,"2500000","Low"
326330,"Frenkie de Jong","Midfielder",2022,5,"La Liga","92.08","16","16",55,"60000000","Elite"
450050,"Jean-Ricner Bellegarde","Midfielder",2022,5,"Ligue 1","91.71","17","17",20,"8000000","Medium"
68290,"Neymar","Midfielder",2022,5,"Ligue 1","91.55","18","18",18,"75000000","Elite"
397033,"Sandro Tonali","Midfielder",2022,5,"Serie A","90.70","19","19",7,"40000000","High"
31909,"Toni Kroos","Midfielder",2022,5,"La Liga","90.06","20","20",11,"20000000","High"
126414,"Hakan Çalhanoğlu","Midfielder",2022,5,"Serie A","89.86","21","21",22,"35000000","High"
581678,"Jude Bellingham","Midfielder",2022,5,"Bundesliga","89.79","22","22",15,"80000000","Elite"
288225,"Ludovic Blas","Midfielder",2022,5,"Ligue 1","89.57","23","23",37,"16000000","Medium"
360518,"Teun Koopmeiners","Midfielder",2022,5,"Serie A","89.38","24","24",26,"25000000","High"
263918,"Aleksandr Golovin","Midfielder",2022,5,"Ligue 1","89.36","25","25",26,"25000000","High"
181136,"Piotr Zieliński","Midfielder",2022,5,"Serie A","88.99","26","26",7,"40000000","High"
111455,"Granit Xhaka","Midfielder",2022,5,"Premier League","88.76","27","27",11,"20000000","High"
182893,"Seko Fofana","Midfielder",2022,5,"Ligue 1","88.72","28","28",11,"20000000","High"
580195,"Jamal Musiala","Midfielder",2022,5,"Bundesliga","88.52","29","29",66,"65000000","Elite"
127156,"Téji Savanier","Midfielder",2022,5,"Ligue 1","88.23","30","30",5,"12000000","Medium"
187492,"Julian Brandt","Midfielder",2022,5,"Bundesliga","88.06","31","31",26,"25000000","High"
266302,"Sergej Milinković-Savić","Midfielder",2022,5,"Serie A","87.90","32","32",31,"70000000","Elite"
457221,"Lucas Robertone","Midfielder",2022,5,"La Liga","87.88","33","33",14,"4000000","Low"
106872,"Kevin Stöger","Midfielder",2022,5,"Bundesliga","87.03","34","34",82,"1600000","Low"
520624,"Bruno Guimarães","Midfielder",2022,5,"Premier League","86.97","35","35",7,"40000000","High"
86759,"David Silva","Midfielder",2022,5,"La Liga","86.70","36","36",14,"4000000","Low"
261504,"Aleix García","Midfielder",2022,5,"La Liga","86.54","37","37",28,"2500000","Low"
293200,"Nikola Vlašić","Midfielder",2022,5,"Serie A","86.37","38","39",26,"25000000","High"
293200,"Nikola Vlašić","Midfielder",2022,5,"Serie A","86.37","38","38",26,"25000000","High"
293200,"Nikola Vlašić","Midfielder",2022,5,"Serie A","86.37","38","39",26,"25000000","High"
293200,"Nikola Vlašić","Midfielder",2022,5,"Serie A","86.37","38","38",26,"25000000","High"
164771,"Jordan Veretout","Midfielder",2022,5,"Ligue 1","86.14","40","40",42,"22000000","High"
369081,"Federico Valverde","Midfielder",2022,5,"La Liga","86.10","41","41",31,"70000000","Elite"
25488,"Antonio Candreva","Midfielder",2022,5,"Serie A","86.00","42","42",28,"2500000","Low"
25488,"Antonio Candreva","Midfielder",2022,5,"Serie A","86.00","42","43",28,"2500000","Low"
25488,"Antonio Candreva","Midfielder",2022,5,"Serie A","86.00","42","42",28,"2500000","Low"
25488,"Antonio Candreva","Midfielder",2022,5,"Serie A","86.00","42","43",28,"2500000","Low"
447661,"Douglas Luiz","Midfielder",2022,5,"Premier League","85.94","44","44",93,"38000000","High"
192565,"Leroy Sané","Midfielder",2022,5,"Bundesliga","85.69","45","45",55,"60000000","Elite"
314678,"Brahim Díaz","Midfielder",2022,5,"Serie A","85.51","46","46",42,"22000000","High"
340329,"Joe Willock","Midfielder",2022,5,"Premier League","85.46","47","47",42,"22000000","High"
185077,"Vincenzo Grifo","Midfielder",2022,5,"Bundesliga","85.34","48","48",5,"12000000","Medium"
479999,"Eberechi Eze","Midfielder",2022,5,"Premier League","85.07","49","49",42,"22000000","High"
203394,"Andreas Pereira","Midfielder",2022,5,"Premier League","84.78","50","50",32,"7500000","Medium"
319745,"Dani Ceballos","Midfielder",2022,5,"La Liga","84.74","51","51",16,"15000000","Medium"
356141,"Daichi Kamada","Midfielder",2022,5,"Bundesliga","84.37","52","52",42,"22000000","High"
286297,"Lorenzo Pellegrini","Midfielder",2022,5,"Serie A","84.14","53","53",65,"45000000","High"
387106,"Lovro Majer","Midfielder",2022,5,"Ligue 1","83.63","54","54",10,"18000000","Medium"
503749,"Jacob Ramsey","Midfielder",2022,5,"Premier League","83.57","55","55",42,"22000000","High"
245537,"Nabil Bentaleb","Midfielder",2022,5,"Ligue 1","83.42","56","56",23,"3000000","Low"
392770,"Angel Gomes","Midfielder",2022,5,"Ligue 1","83.32","57","57",25,"7000000","Medium"
534033,"Alexis Mac Allister","Midfielder",2022,5,"Premier League","83.30","58","59",37,"16000000","Medium"
54235,"Iker Muniain","Midfielder",2022,5,"La Liga","83.30","58","58",16,"15000000","Medium"
463618,"Khéphren Thuram","Midfielder",2022,5,"Ligue 1","83.24","60","60",24,"14000000","Medium"
569598,"Youssouf Fofana","Midfielder",2022,5,"Ligue 1","83.03","61","61",24,"14000000","Medium"
571020,"Oihan Sancet","Midfielder",2022,5,"La Liga","82.97","62","62",16,"15000000","Medium"
241641,"Bernardo Silva","Midfielder",2022,5,"Premier League","82.91","63","63",15,"80000000","Elite"
146310,"Wataru Endo","Midfielder",2022,5,"Bundesliga","82.45","64","64",20,"8000000","Medium"
309110,"Brais Méndez","Midfielder",2022,5,"La Liga","81.86","65","65",10,"18000000","Medium"
181579,"James Ward-Prowse","Midfielder",2022,5,"Premier League","81.77","66","66",50,"32000000","High"
646740,"Gavi","Midfielder",2022,5,"La Liga","81.24","67","67",55,"60000000","Elite"
332889,"Valentin Rongier","Midfielder",2022,5,"Ligue 1","81.01","68","68",5,"12000000","Medium"
182913,"Adrien Rabiot","Midfielder",2022,5,"Serie A","81.01","68","69",10,"18000000","Medium"
69633,"Christian Eriksen","Midfielder",2022,5,"Premier League","80.74","70","70",11,"20000000","High"
268429,"Sandi Lovrić","Midfielder",2022,5,"Serie A","80.12","71","71",17,"1500000","Low"
268670,"Gerard Gumbau","Midfielder",2022,5,"La Liga","80.02","72","72",3,"2000000","Low"
357662,"Declan Rice","Midfielder",2022,5,"Premier League","79.94","73","73",15,"80000000","Elite"
175449,"Moi Gómez","Midfielder",2022,5,"La Liga","79.90","74","74",20,"8000000","Medium"
70411,"Darko Lazović","Midfielder",2022,5,"Serie A","79.20","75","75",14,"4000000","Low"
431755,"Dejan Kulusevski","Midfielder",2022,5,"Premier League","78.93","76","76",22,"35000000","High"
295183,"Răzvan Marin","Midfielder",2022,5,"Serie A","78.78","77","77",5,"12000000","Medium"
592979,"Himad Abdelli","Midfielder",2022,5,"Ligue 1","78.49","78","78",17,"1500000","Low"
206050,"Paulo Dybala","Midfielder",2022,5,"Serie A","78.19","79","79",7,"40000000","High"
475188,"Kiernan Dewsbury-Hall","Midfielder",2022,5,"Premier League","77.84","80","80",9,"5000000","Medium"
683840,"Pedri","Midfielder",2022,5,"La Liga","77.63","81","81",15,"80000000","Elite"
65230,"Sergio Busquets","Midfielder",2022,5,"La Liga","77.36","82","82",21,"9000000","Medium"
380598,"Santi Comesaña","Midfielder",2022,5,"La Liga","76.72","83","83",14,"4000000","Low"
118284,"Jordan Ferri","Midfielder",2022,5,"Ligue 1","76.43","84","84",9,"5000000","Medium"
552425,"Jon Moncayola","Midfielder",2022,5,"La Liga","76.41","85","85",41,"10000000","Medium"
190393,"Corentin Tolisso","Midfielder",2022,5,"Ligue 1","76.23","86","86",16,"15000000","Medium"
497291,"Nicolás Domínguez","Midfielder",2022,5,"Serie A","75.30","87","87",47,"13000000","Medium"
263951,"Hamza Sakhi","Midfielder",2022,5,"Ligue 1","75.24","88","88",3,"2000000","Low"
249565,"Youri Tielemans","Midfielder",2022,5,"Premier League","75.09","89","89",54,"55000000","High"
687626,"Moisés Caicedo","Midfielder",2022,5,"Premier League","75.05","90","90",52,"4500000","Low"
527698,"Kike Pérez","Midfielder",2022,5,"La Liga","74.95","91","91",17,"1500000","Low"
353399,"Romain Del Castillo","Midfielder",2022,5,"Ligue 1","74.66","92","92",23,"3000000","Low"
413112,"Aurélien Tchouaméni","Midfielder",2022,5,"La Liga","74.37","93","93",55,"60000000","Elite"
444523,"Lucas Paquetá","Midfielder",2022,5,"Premier League","74.04","94","94",22,"35000000","High"
149231,"Fidel","Midfielder",2022,5,"La Liga","73.98","95","95",3,"2000000","Low"
393323,"Brenden Aaronson","Midfielder",2022,5,"Premier League","73.92","96","96",11,"20000000","High"
344069,"Anton Stach","Midfielder",2022,5,"Bundesliga","73.88","97","97",20,"8000000","Medium"
565822,"Harvey Elliott","Midfielder",2022,5,"Premier League","73.22","98","98",42,"22000000","High"
569390,"Julien Ponceau","Midfielder",2022,5,"Ligue 1","73.15","99","99",63,"1300000","Low"
634131,"Aimar Oroz","Midfielder",2022,5,"La Liga","73.15","100","100",46,"250000","Low"
324278,"Christoph Baumgartner","Midfielder",2022,5,"Bundesliga","72.89","101","101",42,"22000000","High"
308279,"Rolando Mandragora","Midfielder",2022,5,"Serie A","72.54","102","102",41,"10000000","Medium"
226973,"Harrison Reed","Midfielder",2022,5,"Premier League","72.49","103","103",41,"10000000","Medium"
351816,"Ismaël Bennacer","Midfielder",2022,5,"Serie A","72.27","104","104",95,"33000000","High"
146752,"Gianluca Caprari","Midfielder",2022,5,"Serie A","71.77","105","106",41,"10000000","Medium"
146752,"Gianluca Caprari","Midfielder",2022,5,"Serie A","71.77","105","105",41,"10000000","Medium"
146752,"Gianluca Caprari","Midfielder",2022,5,"Serie A","71.77","105","107",41,"10000000","Medium"
146752,"Gianluca Caprari","Midfielder",2022,5,"Serie A","71.77","105","105",41,"10000000","Medium"
146752,"Gianluca Caprari","Midfielder",2022,5,"Serie A","71.77","105","106",41,"10000000","Medium"
146752,"Gianluca Caprari","Midfielder",2022,5,"Serie A","71.77","105","105",41,"10000000","Medium"
146752,"Gianluca Caprari","Midfielder",2022,5,"Serie A","71.77","105","106",41,"10000000","Medium"
146752,"Gianluca Caprari","Midfielder",2022,5,"Serie A","71.77","105","107",41,"10000000","Medium"
146752,"Gianluca Caprari","Midfielder",2022,5,"Serie A","71.77","105","107",41,"10000000","Medium"
377393,"Pierre Lees-Melou","Midfielder",2022,5,"Ligue 1","71.51","108","108",6,"6000000","Medium"
449496,"Álvaro Aguado","Midfielder",2022,5,"La Liga","71.38","109","109",40,"1800000","Low"
640428,"Eduardo Camavinga","Midfielder",2022,5,"La Liga","70.93","110","110",54,"55000000","High"
72121,"Johan Gastien","Midfielder",2022,5,"Ligue 1","70.87","111","111",30,"800000","Low"
74229,"Koke","Midfielder",2022,5,"La Liga","70.45","112","112",22,"35000000","High"
834470,"Dani Rodríguez","Midfielder",2022,5,"La Liga","70.33","113","113",74,"1200000","Low"
293385,"Dani Olmo","Midfielder",2022,5,"Bundesliga","70.33","113","114",65,"45000000","High"
282810,"Carles Pérez","Midfielder",2022,5,"La Liga","70.31","115","115",6,"6000000","Medium"
282810,"Carles Pérez","Midfielder",2022,5,"La Liga","70.31","115","115",6,"6000000","Medium"
282810,"Carles Pérez","Midfielder",2022,5,"La Liga","70.31","115","116",6,"6000000","Medium"
282810,"Carles Pérez","Midfielder",2022,5,"La Liga","70.31","115","116",6,"6000000","Medium"
386552,"Lassana Coulibaly","Midfielder",2022,5,"Serie A","70.23","117","117",23,"3000000","Low"
225161,"Rúben Neves","Midfielder",2022,5,"Premier League","69.98","118","118",7,"40000000","High"
348795,"Giovani Lo Celso","Midfielder",2022,5,"La Liga","69.88","119","119",42,"22000000","High"
348795,"Giovani Lo Celso","Midfielder",2022,5,"La Liga","69.88","119","120",42,"22000000","High"
348795,"Giovani Lo Celso","Midfielder",2022,5,"La Liga","69.88","119","119",42,"22000000","High"
348795,"Giovani Lo Celso","Midfielder",2022,5,"La Liga","69.88","119","120",42,"22000000","High"
277635,"Rominigue Kouamé","Midfielder",2022,5,"Ligue 1","69.71","121","121",33,"3500000","Low"
290587,"Ellyes Skhiri","Midfielder",2022,5,"Bundesliga","69.53","122","122",47,"13000000","Medium"
214775,"Óliver Torres","Midfielder",2022,5,"La Liga","69.24","123","123",20,"8000000","Medium"
84301,"Benjamin André","Midfielder",2022,5,"Ligue 1","69.01","124","124",5,"12000000","Medium"
490426,"Krépin Diatta","Midfielder",2022,5,"Ligue 1","68.97","125","125",47,"13000000","Medium"
100131,"William Carvalho","Midfielder",2022,5,"La Liga","68.91","126","126",37,"16000000","Medium"
587458,"Kevin Agudelo","Midfielder",2022,5,"Serie A","68.25","127","127",33,"3500000","Low"
193116,"John McGinn","Midfielder",2022,5,"Premier League","67.94","128","128",50,"32000000","High"
57280,"Giacomo Bonaventura","Midfielder",2022,5,"Serie A","67.69","129","129",23,"3000000","Low"
341110,"Franco Cervi","Midfielder",2022,5,"La Liga","67.57","130","130",9,"5000000","Medium"
251309,"Dennis Geiger","Midfielder",2022,5,"Bundesliga","67.51","131","131",21,"9000000","Medium"
543387,"Cheick Doucouré","Midfielder",2022,5,"Premier League","67.46","132","132",41,"10000000","Medium"
333241,"Joelinton","Midfielder",2022,5,"Premier League","67.44","133","133",10,"18000000","Medium"
55735,"Henrikh Mkhitaryan","Midfielder",2022,5,"Serie A","67.34","134","134",20,"8000000","Medium"
111961,"Suso","Midfielder",2022,5,"La Liga","67.03","135","135",41,"10000000","Medium"
374040,"Vincent Marchetti","Midfielder",2022,5,"Ligue 1","66.54","136","136",27,"600000","Low"
423444,"Fran Beltrán","Midfielder",2022,5,"La Liga","66.49","137","137",24,"14000000","Medium"
346707,"Sean Longstaff","Midfielder",2022,5,"Premier League","66.27","138","138",47,"13000000","Medium"
205562,"Thomas Lemar","Midfielder",2022,5,"La Liga","65.86","139","139",7,"40000000","High"
560593,"Hicham Boudaoui","Midfielder",2022,5,"Ligue 1","65.84","140","140",38,"6500000","Medium"
153084,"Leon Goretzka","Midfielder",2022,5,"Bundesliga","65.67","141","141",66,"65000000","Elite"
270411,"Saîf-Eddine Khaoui","Midfielder",2022,5,"Ligue 1","65.15","142","142",17,"1500000","Low"
648195,"Enzo Fernández","Midfielder",2022,5,"Premier League","65.03","143","144",38,"6500000","Medium"
648195,"Enzo Fernández","Midfielder",2022,5,"Premier League","65.03","143","143",38,"6500000","Medium"
648195,"Enzo Fernández","Midfielder",2022,5,"Premier League","65.03","143","143",38,"6500000","Medium"
648195,"Enzo Fernández","Midfielder",2022,5,"Premier League","65.03","143","144",38,"6500000","Medium"
192735,"Stanislav Lobotka","Midfielder",2022,5,"Serie A","64.60","145","145",16,"15000000","Medium"
394300,"Davide Frattesi","Midfielder",2022,5,"Serie A","63.98","146","146",11,"20000000","High"
323954,"Walace","Midfielder",2022,5,"Serie A","63.92","147","147",9,"5000000","Medium"
316934,"Nikola Moro","Midfielder",2022,5,"Serie A","63.86","148","148",21,"9000000","Medium"
316934,"Nikola Moro","Midfielder",2022,5,"Serie A","63.86","148","149",21,"9000000","Medium"
316934,"Nikola Moro","Midfielder",2022,5,"Serie A","63.86","148","148",21,"9000000","Medium"
316934,"Nikola Moro","Midfielder",2022,5,"Serie A","63.86","148","149",21,"9000000","Medium"
281989,"Luis Milla","Midfielder",2022,5,"La Liga","63.65","150","150",6,"6000000","Medium"
624037,"Joris Chotard","Midfielder",2022,5,"Ligue 1","62.95","151","151",41,"10000000","Medium"
230784,"Thomas Partey","Midfielder",2022,5,"Premier League","62.93","152","152",93,"38000000","High"
75942,"Tomás Rincón","Midfielder",2022,5,"Serie A","62.66","153","153",13,"1000000","Low"
162056,"Gonzalo Melero","Midfielder",2022,5,"La Liga","62.60","154","154",14,"4000000","Low"
555076,"Romain Faivre","Midfielder",2022,5,"Ligue 1","62.45","155","155",16,"15000000","Medium"
406640,"Felix Nmecha","Midfielder",2022,5,"Bundesliga","62.41","156","156",13,"1000000","Low"
346853,"Romano Schmid","Midfielder",2022,5,"Bundesliga","62.37","157","157",33,"3500000","Low"
37647,"Dimitri Payet","Midfielder",2022,5,"Ligue 1","62.35","158","158",9,"5000000","Medium"
569140,"Lassine Sinayoko","Midfielder",2022,5,"Ligue 1","62.33","159","159",63,"1300000","Low"
646658,"Aaron Ramsey","Midfielder",2022,5,"Ligue 1","62.16","160","164",23,"3000000","Low"
646658,"Aaron Ramsey","Midfielder",2022,5,"Ligue 1","62.16","160","161",23,"3000000","Low"
646658,"Aaron Ramsey","Midfielder",2022,5,"Ligue 1","62.16","160","163",23,"3000000","Low"
646658,"Aaron Ramsey","Midfielder",2022,5,"Ligue 1","62.16","160","164",23,"3000000","Low"
646658,"Aaron Ramsey","Midfielder",2022,5,"Ligue 1","62.16","160","161",23,"3000000","Low"
646658,"Aaron Ramsey","Midfielder",2022,5,"Ligue 1","62.16","160","163",23,"3000000","Low"
646658,"Aaron Ramsey","Midfielder",2022,5,"Ligue 1","62.16","160","164",23,"3000000","Low"
646658,"Aaron Ramsey","Midfielder",2022,5,"Ligue 1","62.16","160","161",23,"3000000","Low"
646658,"Aaron Ramsey","Midfielder",2022,5,"Ligue 1","62.16","160","163",23,"3000000","Low"
216179,"Stefano Sensi","Midfielder",2022,5,"Serie A","62.16","160","160",25,"7000000","Medium"
216179,"Stefano Sensi","Midfielder",2022,5,"Serie A","62.16","160","162",25,"7000000","Medium"
216179,"Stefano Sensi","Midfielder",2022,5,"Serie A","62.16","160","160",25,"7000000","Medium"
216179,"Stefano Sensi","Midfielder",2022,5,"Serie A","62.16","160","162",25,"7000000","Medium"
179635,"Philipp Förster","Midfielder",2022,5,"Bundesliga","62.02","165","165",28,"2500000","Low"
503991,"Yunus Musah","Midfielder",2022,5,"La Liga","61.67","166","166",16,"15000000","Medium"
876631,"Habib Diarra","Midfielder",2022,5,"Ligue 1","61.38","167","167",44,"300000","Low"
495629,"Hugo Guillamón","Midfielder",2022,5,"La Liga","60.72","168","168",11,"20000000","High"
688707,"Salis Abdul Samed","Midfielder",2022,5,"Ligue 1","60.29","169","169",28,"2500000","Low"
670710,"André Gomes","Midfielder",2022,5,"Ligue 1","60.00","170","170",10,"18000000","Medium"
99353,"Portu","Midfielder",2022,5,"La Liga","59.59","171","172",5,"12000000","Medium"
99353,"Portu","Midfielder",2022,5,"La Liga","59.59","171","171",5,"12000000","Medium"
99353,"Portu","Midfielder",2022,5,"La Liga","59.59","171","172",5,"12000000","Medium"
99353,"Portu","Midfielder",2022,5,"La Liga","59.59","171","171",5,"12000000","Medium"
353948,"Lucas Tousart","Midfielder",2022,5,"Bundesliga","59.42","173","173",21,"9000000","Medium"
743498,"Wilson Odobert","Midfielder",2022,5,"Ligue 1","59.38","174","174",33,"3500000","Low"
488362,"Conor Gallagher","Midfielder",2022,5,"Premier League","59.15","175","175",26,"25000000","High"
697714,"Fabinho","Midfielder",2022,5,"Premier League","58.72","176","176",55,"60000000","Elite"
188077,"Ryan Christie","Midfielder",2022,5,"Premier League","58.16","177","177",21,"9000000","Medium"
353404,"Gaëtan Perrin","Midfielder",2022,5,"Ligue 1","58.08","178","178",63,"1300000","Low"
485706,"Amadou Onana","Midfielder",2022,5,"Premier League","57.77","179","179",41,"10000000","Medium"
175014,"Youcef Belaïli","Midfielder",2022,5,"Ligue 1","57.59","180","180",3,"2000000","Low"
320411,"Philip Billing","Midfielder",2022,5,"Premier League","57.32","181","181",10,"18000000","Medium"
240934,"Filippo Bandinelli","Midfielder",2022,5,"Serie A","57.03","182","182",23,"3000000","Low"
85383,"Rubén Sobrino","Midfielder",2022,5,"La Liga","56.76","183","183",3,"2000000","Low"
131978,"Ross Barkley","Midfielder",2022,5,"Ligue 1","56.74","184","184",5,"12000000","Medium"
607854,"Éderson","Midfielder",2022,5,"Serie A","56.58","185","185",47,"13000000","Medium"
222859,"Florent Mollet","Midfielder",2022,5,"Ligue 1","56.56","186","186",6,"6000000","Medium"
222859,"Florent Mollet","Midfielder",2022,5,"Ligue 1","56.56","186","187",6,"6000000","Medium"
222859,"Florent Mollet","Midfielder",2022,5,"Ligue 1","56.56","186","186",6,"6000000","Medium"
222859,"Florent Mollet","Midfielder",2022,5,"Ligue 1","56.56","186","187",6,"6000000","Medium"
118278,"Xavier Chavalerin","Midfielder",2022,5,"Ligue 1","56.54","188","188",33,"3500000","Low"
468066,"Jens Cajuste","Midfielder",2022,5,"Ligue 1","56.35","189","189",9,"5000000","Medium"
671594,"Kamory Doumbia","Midfielder",2022,5,"Ligue 1","56.29","190","190",44,"300000","Low"
212723,"Djibril Sow","Midfielder",2022,5,"Bundesliga","56.27","191","191",42,"22000000","High"
261905,"Suat Serdar","Midfielder",2022,5,"Bundesliga","56.21","192","192",21,"9000000","Medium"
344892,"Gauthier Hein","Midfielder",2022,5,"Ligue 1","56.14","193","193",3,"2000000","Low"
142031,"Omar Mascarell","Midfielder",2022,5,"La Liga","55.98","194","194",14,"4000000","Low"
93844,"Leonardo Bittencourt","Midfielder",2022,5,"Bundesliga","55.81","195","195",33,"3500000","Low"
192009,"Unai López","Midfielder",2022,5,"La Liga","55.69","196","196",9,"5000000","Medium"
245078,"Nemanja Radonjić","Midfielder",2022,5,"Serie A","55.67","197","197",9,"5000000","Medium"
119296,"Emre Can","Midfielder",2022,5,"Bundesliga","55.59","198","198",37,"16000000","Medium"
119277,"Yannick Gerhardt","Midfielder",2022,5,"Bundesliga","55.46","199","199",67,"5500000","Medium"
130765,"Stuart Armstrong","Midfielder",2022,5,"Premier League","55.42","200","200",6,"6000000","Medium"
202984,"Roque Mesa","Midfielder",2022,5,"La Liga","55.18","201","201",28,"2500000","Low"
111078,"Emil Forsberg","Midfielder",2022,5,"Bundesliga","55.15","202","202",39,"11000000","Medium"
467992,"Samuele Ricci","Midfielder",2022,5,"Serie A","55.07","203","203",5,"12000000","Medium"
315145,"Azor Matusiwa","Midfielder",2022,5,"Ligue 1","54.99","204","204",6,"6000000","Medium"
126751,"Iñigo Ruiz de Galarreta","Midfielder",2022,5,"La Liga","54.80","205","205",3,"2000000","Low"
287188,"Dejan Ljubicic","Midfielder",2022,5,"Bundesliga","54.78","206","206",32,"7500000","Medium"
202886,"Ruben Loftus-Cheek","Midfielder",2022,5,"Premier League","54.70","207","207",11,"20000000","High"
203496,"Nabil Fekir","Midfielder",2022,5,"La Liga","54.54","208","208",22,"35000000","High"
341278,"Iván Martín","Midfielder",2022,5,"La Liga","53.88","209","209",30,"800000","Low"
506248,"Edu Expósito","Midfielder",2022,5,"La Liga","53.53","210","210",14,"4000000","Low"
513245,"Jesper Lindstrøm","Midfielder",2022,5,"Bundesliga","52.35","211","211",24,"14000000","Medium"
267147,"Cyrille Bayala","Midfielder",2022,5,"Ligue 1","52.33","212","212",30,"800000","Low"
284854,"Carles Aleñá","Midfielder",2022,5,"La Liga","52.21","213","213",21,"9000000","Medium"
315762,"Luca de la Torre","Midfielder",2022,5,"La Liga","52.14","214","214",59,"900000","Low"
370791,"Pablo Rosario","Midfielder",2022,5,"Ligue 1","51.96","215","215",20,"8000000","Medium"
221311,"Iván Sánchez","Midfielder",2022,5,"La Liga","51.65","216","216",30,"800000","Low"
340321,"Josh Dasilva","Midfielder",2022,5,"Premier League","51.55","217","217",41,"10000000","Medium"
435772,"Charles De Ketelaere","Midfielder",2022,5,"Serie A","51.44","218","218",102,"27000000","High"
177779,"Janik Haberer","Midfielder",2022,5,"Bundesliga","51.01","219","219",33,"3500000","Low"
641537,"Tommaso Baldanzi","Midfielder",2022,5,"Serie A","50.99","220","220",30,"800000","Low"
53400,"Dominick Drexler","Midfielder",2022,5,"Bundesliga","50.91","221","221",13,"1000000","Low"
199248,"Bryan Cristante","Midfielder",2022,5,"Serie A","50.91","221","222",11,"20000000","High"
432090,"Nicolò Fagioli","Midfielder",2022,5,"Serie A","50.82","223","223",14,"4000000","Low"
296397,"Arne Maier","Midfielder",2022,5,"Bundesliga","50.56","224","224",67,"5500000","Medium"
585973,"Johann Lepenant","Midfielder",2022,5,"Ligue 1","50.35","225","225",23,"3000000","Low"
571607,"Fabio Miretti","Midfielder",2022,5,"Serie A","50.27","226","226",9,"5000000","Medium"
262980,"Jefferson Lerma","Midfielder",2022,5,"Premier League","50.23","227","227",16,"15000000","Medium"
737781,"Jérémy Le Douaron","Midfielder",2022,5,"Ligue 1","49.86","228","228",23,"3000000","Low"
247250,"Rubén Alcaraz","Midfielder",2022,5,"La Liga","49.73","229","229",28,"2500000","Low"
766412,"Théo Le Bris","Midfielder",2022,5,"Ligue 1","49.69","230","230",29,"400000","Low"
289835,"Jens Stage","Midfielder",2022,5,"Bundesliga","49.55","231","231",33,"3500000","Low"
517753,"Óscar Valentín","Midfielder",2022,5,"La Liga","49.44","232","232",28,"2500000","Low"
823231,"Dango Ouattara","Midfielder",2022,5,"Premier League","49.30","233","233",59,"900000","Low"
401578,"Exequiel Palacios","Midfielder",2022,5,"Bundesliga","49.05","234","234",16,"15000000","Medium"
223967,"Konrad Laimer","Midfielder",2022,5,"Bundesliga","48.43","235","235",49,"28000000","High"
474662,"Hugo Magnetti","Midfielder",2022,5,"Ligue 1","48.39","236","236",17,"1500000","Low"
203507,"Adrien Hunou","Midfielder",2022,5,"Ligue 1","48.23","237","237",33,"3500000","Low"
238626,"Laurent Abergel","Midfielder",2022,5,"Ligue 1","48.06","238","238",23,"3000000","Low"
46001,"Moussa Sissoko","Midfielder",2022,5,"Ligue 1","48.02","239","239",9,"5000000","Medium"
127187,"Abdoulaye Doucouré","Midfielder",2022,5,"Premier League","47.98","240","240",42,"22000000","High"
53418,"Kevin Kampl","Midfielder",2022,5,"Bundesliga","47.67","241","241",6,"6000000","Medium"
257751,"Simone Bastoni","Midfielder",2022,5,"Serie A","47.36","242","242",32,"7500000","Medium"
111266,"Anthony Losilla","Midfielder",2022,5,"Bundesliga","46.76","243","243",2,"500000","Low"
44466,"Sebastian Rode","Midfielder",2022,5,"Bundesliga","46.31","244","244",28,"2500000","Low"
214532,"Pierrick Capelle","Midfielder",2022,5,"Ligue 1","46.06","245","245",2,"500000","Low"
118847,"Dominik Kohr","Midfielder",2022,5,"Bundesliga","46.02","246","246",9,"5000000","Medium"
594997,"Yohann Magnin","Midfielder",2022,5,"Ligue 1","46.00","247","247",3,"2000000","Low"
250013,"Angelo Fulgini","Midfielder",2022,5,"Ligue 1","45.71","248","248",5,"12000000","Medium"
250013,"Angelo Fulgini","Midfielder",2022,5,"Ligue 1","45.71","248","249",5,"12000000","Medium"
250013,"Angelo Fulgini","Midfielder",2022,5,"Ligue 1","45.71","248","248",5,"12000000","Medium"
250013,"Angelo Fulgini","Midfielder",2022,5,"Ligue 1","45.71","248","249",5,"12000000","Medium"
649033,"Dion Lopy","Midfielder",2022,5,"Ligue 1","45.55","250","250",3,"2000000","Low"
914562,"Désiré Doué","Midfielder",2022,5,"Ligue 1","45.48","251","251",29,"400000","Low"
243879,"Charles Pickel","Midfielder",2022,5,"Serie A","45.26","252","252",28,"2500000","Low"
135617,"Thiago Mendes","Midfielder",2022,5,"Ligue 1","45.13","253","253",41,"10000000","Medium"
392959,"Andrea Colpani","Midfielder",2022,5,"Serie A","45.05","254","254",28,"2500000","Low"
433188,"Curtis Jones","Midfielder",2022,5,"Premier League","44.68","255","255",49,"28000000","High"
53536,"Tolgay Arslan","Midfielder",2022,5,"Serie A","44.37","256","256",147,"2300000","Low"
339816,"Tete Morente","Midfielder",2022,5,"La Liga","44.35","257","257",23,"3000000","Low"
7663,"Joaquín","Midfielder",2022,5,"La Liga","44.27","258","258",17,"1500000","Low"
225873,"Karol Linetty","Midfielder",2022,5,"Serie A","43.96","259","259",14,"4000000","Low"
428563,"Lewis Ferguson","Midfielder",2022,5,"Serie A","43.92","260","260",3,"2000000","Low"
281755,"Iván Alejo","Midfielder",2022,5,"La Liga","43.46","261","261",74,"1200000","Low"
628451,"Roméo Lavia","Midfielder",2022,5,"Premier League","43.18","262","262",3,"2000000","Low"
232454,"Nadiem Amiri","Midfielder",2022,5,"Bundesliga","42.95","263","263",21,"9000000","Medium"
337333,"Alex Král","Midfielder",2022,5,"Bundesliga","42.89","264","264",25,"7000000","Medium"
270171,"Vitaly Janelt","Midfielder",2022,5,"Premier League","42.56","265","265",5,"12000000","Medium"
63494,"Étienne Capoue","Midfielder",2022,5,"La Liga","42.52","266","266",23,"3000000","Low"
49275,"Albin Ekdal","Midfielder",2022,5,"Serie A","42.14","267","267",13,"1000000","Low"
60444,"Thiago Alcántara","Midfielder",2022,5,"Premier League","42.04","268","268",11,"20000000","High"
207877,"Ruslan Malinovskyi","Midfielder",2022,5,"Serie A","41.84","269","270",49,"28000000","High"
207877,"Ruslan Malinovskyi","Midfielder",2022,5,"Serie A","41.84","269","269",49,"28000000","High"
207877,"Ruslan Malinovskyi","Midfielder",2022,5,"Serie A","41.84","269","269",49,"28000000","High"
207877,"Ruslan Malinovskyi","Midfielder",2022,5,"Serie A","41.84","269","270",49,"28000000","High"
617074,"Ilaix Moriba","Midfielder",2022,5,"La Liga","41.81","271","272",41,"10000000","Medium"
617074,"Ilaix Moriba","Midfielder",2022,5,"La Liga","41.81","271","271",41,"10000000","Medium"
617074,"Ilaix Moriba","Midfielder",2022,5,"La Liga","41.81","271","272",41,"10000000","Medium"
617074,"Ilaix Moriba","Midfielder",2022,5,"La Liga","41.81","271","271",41,"10000000","Medium"
372712,"Ibrahima Sissoko","Midfielder",2022,5,"Ligue 1","41.69","273","274",20,"8000000","Medium"
285323,"Baptiste Santamaria","Midfielder",2022,5,"Ligue 1","41.69","273","273",24,"14000000","Medium"
323831,"Rafael Borré","Midfielder",2022,5,"Bundesliga","41.63","275","275",11,"20000000","High"
215977,"Adrien Thomasson","Midfielder",2022,5,"Ligue 1","41.46","276","276",21,"9000000","Medium"
148367,"Christian Nørgaard","Midfielder",2022,5,"Premier League","41.28","277","277",41,"10000000","Medium"
3333,"James Milner","Midfielder",2022,5,"Premier League","41.11","278","278",3,"2000000","Low"
123275,"Tom Cairney","Midfielder",2022,5,"Premier League","41.09","279","279",9,"5000000","Medium"
212804,"Florian Tardieu","Midfielder",2022,5,"Ligue 1","41.05","280","280",23,"3000000","Low"
282722,"Álex Collado","Midfielder",2022,5,"La Liga","40.82","281","281",14,"4000000","Low"
278332,"Florian Neuhaus","Midfielder",2022,5,"Bundesliga","40.80","282","282",11,"20000000","High"
298635,"Grigoris Kastanos","Midfielder",2022,5,"Serie A","40.70","283","283",17,"1500000","Low"
85288,"Isco","Midfielder",2022,5,"La Liga","40.52","284","284",32,"7500000","Medium"
130360,"Simone Verdi","Midfielder",2022,5,"Serie A","40.41","285","285",9,"5000000","Medium"
130360,"Simone Verdi","Midfielder",2022,5,"Serie A","40.41","285","285",9,"5000000","Medium"
130360,"Simone Verdi","Midfielder",2022,5,"Serie A","40.41","285","286",9,"5000000","Medium"
130360,"Simone Verdi","Midfielder",2022,5,"Serie A","40.41","285","286",9,"5000000","Medium"
82097,"Christoph Kramer","Midfielder",2022,5,"Bundesliga","40.06","287","287",28,"2500000","Low"
199733,"Danilo Cataldi","Midfielder",2022,5,"Serie A","39.96","288","288",9,"5000000","Medium"
332697,"Weston McKennie","Midfielder",2022,5,"Premier League","39.90","289","290",26,"25000000","High"
332697,"Weston McKennie","Midfielder",2022,5,"Premier League","39.90","289","289",26,"25000000","High"
332697,"Weston McKennie","Midfielder",2022,5,"Premier League","39.90","289","290",26,"25000000","High"
332697,"Weston McKennie","Midfielder",2022,5,"Premier League","39.90","289","289",26,"25000000","High"
405687,"Tom Krauß","Midfielder",2022,5,"Bundesliga","39.81","291","292",14,"4000000","Low"
405687,"Tom Krauß","Midfielder",2022,5,"Bundesliga","39.81","291","291",14,"4000000","Low"
405687,"Tom Krauß","Midfielder",2022,5,"Bundesliga","39.81","291","291",14,"4000000","Low"
405687,"Tom Krauß","Midfielder",2022,5,"Bundesliga","39.81","291","292",14,"4000000","Low"
138803,"Francisco Portillo","Midfielder",2022,5,"La Liga","39.40","293","293",3,"2000000","Low"
138055,"Haris Belkebla","Midfielder",2022,5,"Ligue 1","39.22","294","294",14,"4000000","Low"
564785,"Kristian Thorstvedt","Midfielder",2022,5,"Serie A","39.18","295","295",6,"6000000","Medium"
684210,"Jaidon Anthony","Midfielder",2022,5,"Premier League","39.11","296","296",6,"6000000","Medium"
183780,"Paul Seguin","Midfielder",2022,5,"Bundesliga","38.95","297","297",73,"2200000","Low"
485963,"Pape Gueye","Midfielder",2022,5,"La Liga","38.87","298","298",5,"12000000","Medium"
165793,"Takumi Minamino","Midfielder",2022,5,"Ligue 1","38.76","299","299",5,"12000000","Medium"
223979,"Xaver Schlager","Midfielder",2022,5,"Bundesliga","38.52","300","300",102,"27000000","High"
88490,"Aleix Vidal","Midfielder",2022,5,"La Liga","38.45","301","301",3,"2000000","Low"
598765,"Brian Ocampo","Midfielder",2022,5,"La Liga","38.12","302","302",23,"3000000","Low"
263727,"Joan Jordán","Midfielder",2022,5,"La Liga","38.02","303","303",42,"22000000","High"
275249,"Niklas Schmidt","Midfielder",2022,5,"Bundesliga","37.96","304","304",30,"800000","Low"
89733,"Álex Fernández","Midfielder",2022,5,"La Liga","37.79","305","305",6,"6000000","Medium"
378293,"Yangel Herrera","Midfielder",2022,5,"La Liga","37.73","306","307",24,"14000000","Medium"
378293,"Yangel Herrera","Midfielder",2022,5,"La Liga","37.73","306","306",24,"14000000","Medium"
378293,"Yangel Herrera","Midfielder",2022,5,"La Liga","37.73","306","306",24,"14000000","Medium"
378293,"Yangel Herrera","Midfielder",2022,5,"La Liga","37.73","306","307",24,"14000000","Medium"
236041,"Alexis Blin","Midfielder",2022,5,"Serie A","37.59","308","308",73,"2200000","Low"
402008,"Amadou Haidara","Midfielder",2022,5,"Bundesliga","37.34","309","309",75,"24000000","High"
20506,"Andrés Guardado","Midfielder",2022,5,"La Liga","36.99","310","310",17,"1500000","Low"
187384,"Cristian Buonaiuto","Midfielder",2022,5,"Serie A","36.54","311","311",30,"800000","Low"
394327,"Boubacar Kamara","Midfielder",2022,5,"Premier League","35.69","312","312",26,"25000000","High"
178313,"Jean-Eudes Aholou","Midfielder",2022,5,"Ligue 1","35.65","313","313",23,"3000000","Low"
470794,"Ivan Ilić","Midfielder",2022,5,"Serie A","35.57","314","314",24,"14000000","Medium"
470794,"Ivan Ilić","Midfielder",2022,5,"Serie A","35.57","314","315",24,"14000000","Medium"
470794,"Ivan Ilić","Midfielder",2022,5,"Serie A","35.57","314","314",24,"14000000","Medium"
470794,"Ivan Ilić","Midfielder",2022,5,"Serie A","35.57","314","315",24,"14000000","Medium"
342385,"Guido Rodríguez","Midfielder",2022,5,"La Liga","35.36","316","316",26,"25000000","High"
55099,"Nicolas Höfler","Midfielder",2022,5,"Bundesliga","35.26","317","317",28,"2500000","Low"
184894,"Alfred Duncan","Midfielder",2022,5,"Serie A","34.43","318","318",41,"10000000","Medium"
597000,"Eric Martel","Midfielder",2022,5,"Bundesliga","34.04","319","319",23,"3000000","Low"
165007,"Denis Suárez","Midfielder",2022,5,"La Liga","33.94","320","320",41,"10000000","Medium"
785353,"Pablo Ibáñez","Midfielder",2022,5,"La Liga","33.79","321","321",29,"400000","Low"
623040,"Yayah Kallon","Midfielder",2022,5,"Serie A","33.69","322","322",17,"1500000","Low"
193867,"Liam Henderson","Midfielder",2022,5,"Serie A","33.28","323","323",80,"2800000","Low"
58396,"Christian Groß","Midfielder",2022,5,"Bundesliga","32.99","324","324",2,"500000","Low"
244940,"Salih Özcan","Midfielder",2022,5,"Bundesliga","32.80","325","325",25,"7000000","Medium"
223725,"Munir El Haddadi","Midfielder",2022,5,"La Liga","32.47","326","326",20,"8000000","Medium"
225083,"N'Golo Kanté","Midfielder",2022,5,"Premier League","32.31","327","327",7,"40000000","High"
569366,"Enzo Millot","Midfielder",2022,5,"Bundesliga","31.53","328","328",3,"2000000","Low"
213670,"Lucas Torró","Midfielder",2022,5,"La Liga","31.40","329","329",9,"5000000","Medium"
229853,"Birama Touré","Midfielder",2022,5,"Ligue 1","31.26","330","330",17,"1500000","Low"
808509,"Danilo","Midfielder",2022,5,"Premier League","30.99","331","331",42,"22000000","High"
425902,"Ryan Yates","Midfielder",2022,5,"Premier League","30.49","332","332",14,"4000000","Low"
381753,"Ilia Gruev","Midfielder",2022,5,"Bundesliga","30.10","333","333",13,"1000000","Low"
418559,"Erik Botheim","Midfielder",2022,5,"Serie A","30.10","333","334",14,"4000000","Low"
79377,"Genki Haraguchi","Midfielder",2022,5,"Bundesliga","29.88","335","335",28,"2500000","Low"
57051,"Sebastian Rudy","Midfielder",2022,5,"Bundesliga","29.61","336","336",17,"1500000","Low"
372711,"Amine Harit","Midfielder",2022,5,"Ligue 1","28.95","337","337",41,"10000000","Medium"
372711,"Amine Harit","Midfielder",2022,5,"Ligue 1","28.95","337","337",41,"10000000","Medium"
372711,"Amine Harit","Midfielder",2022,5,"Ligue 1","28.95","337","338",41,"10000000","Medium"
372711,"Amine Harit","Midfielder",2022,5,"Ligue 1","28.95","337","338",41,"10000000","Medium"
234029,"Grischa Prömel","Midfielder",2022,5,"Bundesliga","28.78","339","339",67,"5500000","Medium"
536508,"Han-Noah Massengo","Midfielder",2022,5,"Ligue 1","28.66","340","340",14,"4000000","Low"
536508,"Han-Noah Massengo","Midfielder",2022,5,"Ligue 1","28.66","340","341",14,"4000000","Low"
536508,"Han-Noah Massengo","Midfielder",2022,5,"Ligue 1","28.66","340","340",14,"4000000","Low"
536508,"Han-Noah Massengo","Midfielder",2022,5,"Ligue 1","28.66","340","341",14,"4000000","Low"
782630,"Khalil Fayad","Midfielder",2022,5,"Ligue 1","28.56","342","342",2,"500000","Low"
748319,"Carlos Alcaraz","Midfielder",2022,5,"Premier League","28.45","343","343",20,"8000000","Medium"
43530,"Adam Lallana","Midfielder",2022,5,"Premier League","28.31","344","344",3,"2000000","Low"
315332,"Aymen Barkok","Midfielder",2022,5,"Bundesliga","28.29","345","345",40,"1800000","Low"
567576,"Elliot Anderson","Midfielder",2022,5,"Premier League","28.19","346","346",17,"1500000","Low"
257455,"João Palhinha","Midfielder",2022,5,"Premier League","28.06","347","347",26,"25000000","High"
162961,"Valerio Verre","Midfielder",2022,5,"Serie A","27.69","348","348",28,"2500000","Low"
167472,"Youssouf M'Changama","Midfielder",2022,5,"Ligue 1","27.03","349","349",17,"1500000","Low"
532178,"Sam Greenwood","Midfielder",2022,5,"Premier League","26.89","350","350",28,"2500000","Low"
775605,"Pablo Barrios","Midfielder",2022,5,"La Liga","26.78","351","351",1,"100000","Low"
99343,"Ander Herrera","Midfielder",2022,5,"La Liga","26.54","352","352",41,"10000000","Medium"
99343,"Ander Herrera","Midfielder",2022,5,"La Liga","26.54","352","353",41,"10000000","Medium"
99343,"Ander Herrera","Midfielder",2022,5,"La Liga","26.54","352","352",41,"10000000","Medium"
99343,"Ander Herrera","Midfielder",2022,5,"La Liga","26.54","352","353",41,"10000000","Medium"
407265,"Luca Zanimacchia","Midfielder",2022,5,"Serie A","26.41","354","354",3,"2000000","Low"
294808,"Franck Kessié","Midfielder",2022,5,"La Liga","26.35","355","355",65,"45000000","High"
406638,"Oliver Skipp","Midfielder",2022,5,"Premier League","26.27","356","356",10,"18000000","Medium"
246968,"Ayoze Pérez","Midfielder",2022,5,"Premier League","25.63","357","357",5,"12000000","Medium"
421637,"Frank Onyeka","Midfielder",2022,5,"Premier League","25.46","358","358",21,"9000000","Medium"
182574,"Jean-Paul Boëtius","Midfielder",2022,5,"Bundesliga","25.32","359","359",14,"4000000","Low"
533916,"Shandon Baptiste","Midfielder",2022,5,"Premier League","25.30","360","360",23,"3000000","Low"
340394,"Abdelhamid Sabiri","Midfielder",2022,5,"Serie A","25.20","361","362",23,"3000000","Low"
340394,"Abdelhamid Sabiri","Midfielder",2022,5,"Serie A","25.20","361","361",23,"3000000","Low"
340394,"Abdelhamid Sabiri","Midfielder",2022,5,"Serie A","25.20","361","362",23,"3000000","Low"
340394,"Abdelhamid Sabiri","Midfielder",2022,5,"Serie A","25.20","361","363",23,"3000000","Low"
340394,"Abdelhamid Sabiri","Midfielder",2022,5,"Serie A","25.20","361","364",23,"3000000","Low"
340394,"Abdelhamid Sabiri","Midfielder",2022,5,"Serie A","25.20","361","361",23,"3000000","Low"
340394,"Abdelhamid Sabiri","Midfielder",2022,5,"Serie A","25.20","361","363",23,"3000000","Low"
340394,"Abdelhamid Sabiri","Midfielder",2022,5,"Serie A","25.20","361","364",23,"3000000","Low"
340394,"Abdelhamid Sabiri","Midfielder",2022,5,"Serie A","25.20","361","361",23,"3000000","Low"
340394,"Abdelhamid Sabiri","Midfielder",2022,5,"Serie A","25.20","361","362",23,"3000000","Low"
340394,"Abdelhamid Sabiri","Midfielder",2022,5,"Serie A","25.20","361","363",23,"3000000","Low"
340394,"Abdelhamid Sabiri","Midfielder",2022,5,"Serie A","25.20","361","364",23,"3000000","Low"
340394,"Abdelhamid Sabiri","Midfielder",2022,5,"Serie A","25.20","361","361",23,"3000000","Low"
340394,"Abdelhamid Sabiri","Midfielder",2022,5,"Serie A","25.20","361","362",23,"3000000","Low"
340394,"Abdelhamid Sabiri","Midfielder",2022,5,"Serie A","25.20","361","363",23,"3000000","Low"
340394,"Abdelhamid Sabiri","Midfielder",2022,5,"Serie A","25.20","361","364",23,"3000000","Low"
192638,"Nicolas Haas","Midfielder",2022,5,"Serie A","25.03","365","365",23,"3000000","Low"
80444,"Philippe Coutinho","Midfielder",2022,5,"Premier League","24.60","366","366",11,"20000000","High"
358032,"Cyril Ngonge","Midfielder",2022,5,"Serie A","24.31","367","367",62,"1400000","Low"
468198,"Joe Aribo","Midfielder",2022,5,"Premier League","24.00","368","368",41,"10000000","Medium"
431811,"Ola Solbakken","Midfielder",2022,5,"Serie A","23.92","369","369",3,"2000000","Low"
183293,"Joe Rothwell","Midfielder",2022,5,"Premier League","23.69","370","370",33,"3500000","Low"
711999,"Lesley Ugochukwu","Midfielder",2022,5,"Ligue 1","23.20","371","371",23,"3000000","Low"
390160,"Salvatore Esposito","Midfielder",2022,5,"Serie A","23.09","372","372",80,"2800000","Low"
342039,"Yannik Keitel","Midfielder",2022,5,"Bundesliga","23.07","373","373",14,"4000000","Low"
395693,"Houssem Aouar","Midfielder",2022,5,"Ligue 1","23.01","374","374",43,"30000000","High"
289592,"Orel Mangala","Midfielder",2022,5,"Premier League","22.70","375","375",16,"15000000","Medium"
568177,"Cole Palmer","Midfielder",2022,5,"Premier League","22.70","376","376",6,"6000000","Medium"
59344,"Asier Illarramendi","Midfielder",2022,5,"La Liga","22.60","377","377",23,"3000000","Low"
524010,"Oier Zarraga","Midfielder",2022,5,"La Liga","22.56","378","378",33,"3500000","Low"
207014,"Will Hughes","Midfielder",2022,5,"Premier League","22.52","379","379",6,"6000000","Medium"
371554,"Kevin Spadanuda","Midfielder",2022,5,"Ligue 1","22.41","380","380",83,"450000","Low"
392085,"Nicolò Zaniolo","Midfielder",2022,5,"Serie A","22.35","381","381",95,"33000000","High"
333647,"Jonathan Burkardt","Midfielder",2022,5,"Bundesliga","22.25","382","382",45,"17000000","Medium"
280387,"Vincent Sierro","Midfielder",2022,5,"Ligue 1","22.16","383","383",17,"1500000","Low"
525578,"Pathé Ciss","Midfielder",2022,5,"La Liga","21.86","384","384",3,"2000000","Low"
315969,"Scott McTominay","Midfielder",2022,5,"Premier League","21.63","385","385",50,"32000000","High"
324804,"Yann Karamoh","Midfielder",2022,5,"Serie A","21.57","386","386",154,"4200000","Low"
416386,"Abdou Harroui","Midfielder",2022,5,"Serie A","21.18","387","387",23,"3000000","Low"
678479,"Denis Huseinbasic","Midfielder",2022,5,"Bundesliga","21.15","388","388",46,"250000","Low"
148928,"Saúl Ñíguez","Midfielder",2022,5,"La Liga","21.15","388","389",49,"28000000","High"
505219,"James Garner","Midfielder",2022,5,"Premier League","21.09","390","390",25,"7000000","Medium"
513031,"Antonio Sánchez","Midfielder",2022,5,"La Liga","21.03","391","391",17,"1500000","Low"
307519,"Fede San Emeterio","Midfielder",2022,5,"La Liga","20.74","392","392",17,"1500000","Low"
860056,"Aïman Maurer","Midfielder",2022,5,"Ligue 1","20.64","393","393",1,"100000","Low"
810092,"Warren Zaïre-Emery","Midfielder",2022,5,"Ligue 1","20.62","394","394",9,"5000000","Medium"
478573,"Ryan Gravenberch","Midfielder",2022,5,"Bundesliga","20.45","395","395",22,"35000000","High"
392163,"Noah Weißhaupt","Midfielder",2022,5,"Bundesliga","20.23","396","396",63,"1300000","Low"
659459,"Carney Chukwuemeka","Midfielder",2022,5,"Premier League","19.94","397","397",6,"6000000","Medium"
72479,"Clément Grenier","Midfielder",2022,5,"La Liga","19.94","397","398",3,"2000000","Low"
232418,"Ondrej Duda","Midfielder",2022,5,"Serie A","19.36","399","399",9,"5000000","Medium"
232418,"Ondrej Duda","Midfielder",2022,5,"Serie A","19.36","399","400",9,"5000000","Medium"
232418,"Ondrej Duda","Midfielder",2022,5,"Serie A","19.36","399","400",9,"5000000","Medium"
232418,"Ondrej Duda","Midfielder",2022,5,"Serie A","19.36","399","399",9,"5000000","Medium"
536030,"Arnau Puigmal","Midfielder",2022,5,"La Liga","19.34","401","401",13,"1000000","Low"
303116,"Gaetano Castrovilli","Midfielder",2022,5,"Serie A","19.24","402","402",5,"12000000","Medium"
470618,"Denis Genreau","Midfielder",2022,5,"Ligue 1","19.15","403","403",13,"1000000","Low"
39025,"Danny Latza","Midfielder",2022,5,"Bundesliga","19.11","404","404",27,"600000","Low"
551752,"Demba Seck","Midfielder",2022,5,"Serie A","18.85","405","405",23,"3000000","Low"
197473,"Alberto Grassi","Midfielder",2022,5,"Serie A","17.77","406","407",28,"2500000","Low"
197473,"Alberto Grassi","Midfielder",2022,5,"Serie A","17.77","406","406",28,"2500000","Low"
197473,"Alberto Grassi","Midfielder",2022,5,"Serie A","17.77","406","407",28,"2500000","Low"
197473,"Alberto Grassi","Midfielder",2022,5,"Serie A","17.77","406","406",28,"2500000","Low"
274839,"Wilfred Ndidi","Midfielder",2022,5,"Premier League","17.55","408","408",55,"60000000","Elite"
392765,"Emile Smith Rowe","Midfielder",2022,5,"Premier League","17.01","409","409",7,"40000000","High"
638589,"Ángel Algobia","Midfielder",2022,5,"La Liga","16.47","410","410",2,"500000","Low"
334835,"Toma Bašić","Midfielder",2022,5,"Serie A","16.12","411","411",20,"8000000","Medium"
49499,"Georginio Wijnaldum","Midfielder",2022,5,"Serie A","15.94","412","412",42,"22000000","High"
489611,"Filippo Ranocchia","Midfielder",2022,5,"Serie A","15.81","413","413",40,"1800000","Low"
423744,"Billy Gilmour","Midfielder",2022,5,"Premier League","15.81","413","414",5,"12000000","Medium"
423436,"Santiago Ascacíbar","Midfielder",2022,5,"Serie A","15.77","415","415",38,"6500000","Medium"
443710,"Angelo Stiller","Midfielder",2022,5,"Bundesliga","15.69","416","416",6,"6000000","Medium"
562049,"Edoardo Bove","Midfielder",2022,5,"Serie A","15.61","417","417",30,"800000","Low"
691482,"Jacopo Fazzini","Midfielder",2022,5,"Serie A","15.51","418","418",46,"250000","Low"
226261,"César de la Hoz","Midfielder",2022,5,"La Liga","15.15","419","419",13,"1000000","Low"
535834,"Eliot Matazo","Midfielder",2022,5,"Ligue 1","15.11","420","420",20,"8000000","Medium"
295622,"Keidi Bare","Midfielder",2022,5,"La Liga","14.99","421","421",14,"4000000","Low"
266795,"Gonzalo Escalante","Midfielder",2022,5,"Serie A","14.99","422","423",28,"2500000","Low"
266795,"Gonzalo Escalante","Midfielder",2022,5,"Serie A","14.99","422","423",28,"2500000","Low"
266795,"Gonzalo Escalante","Midfielder",2022,5,"Serie A","14.99","422","422",28,"2500000","Low"
266795,"Gonzalo Escalante","Midfielder",2022,5,"Serie A","14.99","422","422",28,"2500000","Low"
656441,"Jean Onana","Midfielder",2022,5,"Ligue 1","14.82","424","424",9,"5000000","Medium"
233782,"Aïssa Laïdouni","Midfielder",2022,5,"Bundesliga","14.80","425","425",23,"3000000","Low"
442805,"Iddrisu Baba","Midfielder",2022,5,"La Liga","14.66","426","426",33,"3500000","Low"
74869,"Francis Coquelin","Midfielder",2022,5,"La Liga","14.33","427","427",9,"5000000","Medium"
226524,"Morten Thorsby","Midfielder",2022,5,"Bundesliga","14.19","428","428",25,"7000000","Medium"
746891,"Cristian Volpato","Midfielder",2022,5,"Serie A","14.16","429","429",59,"900000","Low"
574495,"Kristoffer Askildsen","Midfielder",2022,5,"Serie A","14.12","430","430",40,"1800000","Low"
67808,"Borja García","Midfielder",2022,5,"La Liga","13.88","431","431",17,"1500000","Low"
392538,"Tommaso Pobega","Midfielder",2022,5,"Serie A","13.84","432","432",37,"16000000","Medium"
973085,"Carlos Baleba","Midfielder",2022,5,"Ligue 1","13.59","433","433",58,"150000","Low"
377219,"Selim Amallah","Midfielder",2022,5,"La Liga","12.93","434","434",9,"5000000","Medium"
454863,"András Schäfer","Midfielder",2022,5,"Bundesliga","12.56","435","435",3,"2000000","Low"
543382,"Mohamed Camara","Midfielder",2022,5,"Serie A","12.47","436","436",102,"27000000","High"
539065,"Alexis Beka Beka","Midfielder",2022,5,"Ligue 1","11.55","437","437",23,"3000000","Low"
560694,"Lewis O'Brien","Midfielder",2022,5,"Premier League","11.18","438","439",33,"3500000","Low"
560694,"Lewis O'Brien","Midfielder",2022,5,"Premier League","11.18","438","438",33,"3500000","Low"
560694,"Lewis O'Brien","Midfielder",2022,5,"Premier League","11.18","438","439",33,"3500000","Low"
560694,"Lewis O'Brien","Midfielder",2022,5,"Premier League","11.18","438","438",33,"3500000","Low"
569385,"Adil Aouchiche","Midfielder",2022,5,"Ligue 1","11.11","440","440",6,"6000000","Medium"
66934,"Cheikhou Kouyaté","Midfielder",2022,5,"Premier League","11.09","441","441",14,"4000000","Low"
864799,"Stefan Bajcetic","Midfielder",2022,5,"Premier League","10.78","442","442",13,"1000000","Low"
907813,"Pablo Marín","Midfielder",2022,5,"La Liga","10.29","443","443",34,"200000","Low"
568005,"Jeremy Sarmiento","Midfielder",2022,5,"Premier League","9.69","444","444",23,"3000000","Low"
203842,"Viktor Kovalenko","Midfielder",2022,5,"Serie A","9.67","445","446",23,"3000000","Low"
203842,"Viktor Kovalenko","Midfielder",2022,5,"Serie A","9.67","445","445",23,"3000000","Low"
203842,"Viktor Kovalenko","Midfielder",2022,5,"Serie A","9.67","445","445",23,"3000000","Low"
203842,"Viktor Kovalenko","Midfielder",2022,5,"Serie A","9.67","445","446",23,"3000000","Low"
341705,"Gerson","Midfielder",2022,5,"Ligue 1","9.36","447","447",42,"22000000","High"
822959,"Tom Bischof","Midfielder",2022,5,"Bundesliga","8.89","448","448",13,"1000000","Low"
225462,"José Mari","Midfielder",2022,5,"La Liga","8.80","449","450",29,"400000","Low"
735570,"João Gomes","Midfielder",2022,5,"Premier League","8.80","449","449",21,"9000000","Medium"
89701,"Charles Aránguiz","Midfielder",2022,5,"Bundesliga","8.60","451","451",33,"3500000","Low"
537382,"Bryan Gil","Midfielder",2022,5,"Premier League","8.21","452","452",26,"25000000","High"
537382,"Bryan Gil","Midfielder",2022,5,"Premier League","8.21","452","452",26,"25000000","High"
537382,"Bryan Gil","Midfielder",2022,5,"Premier League","8.21","452","453",26,"25000000","High"
537382,"Bryan Gil","Midfielder",2022,5,"Premier League","8.21","452","453",26,"25000000","High"
674612,"Youssouf Ndayishimiye","Midfielder",2022,5,"Ligue 1","8.19","454","454",33,"3500000","Low"
982267,"Ibrahim Sulemana","Midfielder",2022,5,"Serie A","7.51","455","455",1,"100000","Low"
325993,"Oliver Abildgaard","Midfielder",2022,5,"Serie A","7.40","456","456",25,"7000000","Medium"
854853,"Tom Davies","Midfielder",2022,5,"Premier League","6.78","457","457",10,"18000000","Medium"
578872,"Jean Lucas","Midfielder",2022,5,"Ligue 1","6.76","458","458",20,"8000000","Medium"
111051,"Nampalys Mendy","Midfielder",2022,5,"Premier League","6.29","459","459",14,"4000000","Low"
412671,"Quentin Boisgard","Midfielder",2022,5,"Ligue 1","6.02","460","460",40,"1800000","Low"
412671,"Quentin Boisgard","Midfielder",2022,5,"Ligue 1","6.02","460","460",40,"1800000","Low"
412671,"Quentin Boisgard","Midfielder",2022,5,"Ligue 1","6.02","460","461",40,"1800000","Low"
412671,"Quentin Boisgard","Midfielder",2022,5,"Ligue 1","6.02","460","461",40,"1800000","Low"
506189,"Flynn Downes","Midfielder",2022,5,"Premier League","5.32","462","462",3,"2000000","Low"
77100,"Lucas Moura","Midfielder",2022,5,"Premier League","5.28","463","463",11,"20000000","High"
221151,"Jodel Dossou","Midfielder",2022,5,"Ligue 1","5.11","464","464",40,"1800000","Low"
372246,"Carlos Soler","Midfielder",2022,5,"La Liga","4.95","465","465",8,"50000000","High"
430280,"Hans Nicolussi Caviglia","Midfielder",2022,5,"Serie A","4.78","466","468",59,"900000","Low"
430280,"Hans Nicolussi Caviglia","Midfielder",2022,5,"Serie A","4.78","466","468",59,"900000","Low"
430280,"Hans Nicolussi Caviglia","Midfielder",2022,5,"Serie A","4.78","466","467",59,"900000","Low"
430280,"Hans Nicolussi Caviglia","Midfielder",2022,5,"Serie A","4.78","466","467",59,"900000","Low"
430280,"Hans Nicolussi Caviglia","Midfielder",2022,5,"Serie A","4.78","466","466",59,"900000","Low"
430280,"Hans Nicolussi Caviglia","Midfielder",2022,5,"Serie A","4.78","466","467",59,"900000","Low"
430280,"Hans Nicolussi Caviglia","Midfielder",2022,5,"Serie A","4.78","466","468",59,"900000","Low"
430280,"Hans Nicolussi Caviglia","Midfielder",2022,5,"Serie A","4.78","466","466",59,"900000","Low"
430280,"Hans Nicolussi Caviglia","Midfielder",2022,5,"Serie A","4.78","466","466",59,"900000","Low"
281319,"Alberth Elis","Midfielder",2022,5,"Ligue 1","4.62","469","469",38,"6500000","Medium"
245056,"Saša Lukić","Midfielder",2022,5,"Premier League","4.37","470","470",5,"12000000","Medium"
395236,"Yacine Adli","Midfielder",2022,5,"Serie A","3.98","471","471",21,"9000000","Medium"
204294,"Saman Ghoddos","Midfielder",2022,5,"Premier League","3.53","472","472",28,"2500000","Low"
126683,"Tristan Dingomé","Midfielder",2022,5,"Ligue 1","3.34","473","473",17,"1500000","Low"
122153,"Paul Pogba","Midfielder",2022,5,"Serie A","2.56","474","474",113,"48000000","High"
801754,"Yanis Cimignani","Midfielder",2022,5,"Ligue 1","2.47","475","475",17,"1500000","Low"
602124,"Alessandro Bianco","Midfielder",2022,5,"Serie A","2.31","476","476",35,"350000","Low"
596881,"Florian Flick","Midfielder",2022,5,"Bundesliga","2.21","477","477",13,"1000000","Low"
255729,"Awer Mabil","Midfielder",2022,5,"La Liga","2.19","478","478",3,"2000000","Low"
418662,"Florian Chabrolle","Midfielder",2022,5,"Ligue 1","2.04","479","479",44,"300000","Low"
830265,"Lohann Doucet","Midfielder",2022,5,"Ligue 1","1.65","480","480",1,"100000","Low"
710677,"Iker Muñoz","Midfielder",2022,5,"La Liga","1.42","481","481",1,"100000","Low"
283528,"Ignacio Pussetto","Midfielder",2022,5,"Serie A","1.22","482","482",23,"3000000","Low"
429901,"Paul Akouokou","Midfielder",2022,5,"La Liga","1.18","483","483",9,"5000000","Medium"
698110,"Lorenzo Malagrida","Midfielder",2022,5,"Serie A","0.99","484","484",46,"250000","Low"
183302,"Ben Pearson","Midfielder",2022,5,"Premier League","0.78","485","485",28,"2500000","Low"
650104,"Zinédine Ould Khaled","Midfielder",2022,5,"Ligue 1","0.37","486","486",46,"250000","Low"
133731,"Patrick Mainka","Defender",2023,6,"Bundesliga","97.91","1","1",3,"2000000","Low"
236981,"Timo Hübers","Defender",2023,6,"Bundesliga","97.73","2","2",57,"8500000","Medium"
719646,"Bernardo","Defender",2023,6,"Bundesliga","97.55","3","3",28,"2500000","Low"
661053,"Jarrad Branthwaite","Defender",2023,6,"Premier League","96.63","4","4",25,"7000000","Medium"
386446,"Alessandro Buongiorno","Defender",2023,6,"Serie A","96.53","5","5",20,"8000000","Medium"
173504,"James Tarkowski","Defender",2023,6,"Premier League","96.43","6","6",10,"18000000","Medium"
385394,"Alberto Dossena","Defender",2023,6,"Serie A","93.96","7","7",87,"1700000","Low"
250779,"Brendan Chardonnet","Defender",2023,6,"Ligue 1","93.94","8","8",9,"5000000","Medium"
355915,"Cristian Romero","Defender",2023,6,"Premier League","93.01","9","9",55,"60000000","Elite"
260827,"Joachim Andersen","Defender",2023,6,"Premier League","92.95","10","10",43,"30000000","High"
349701,"Antonee Robinson","Defender",2023,6,"Premier League","92.47","11","11",5,"12000000","Medium"
338285,"Unai Núñez","Defender",2023,6,"La Liga","92.45","12","12",6,"6000000","Medium"
661171,"Willian Pacho","Defender",2023,6,"Bundesliga","91.85","13","13",21,"9000000","Medium"
134270,"Dan Burn","Defender",2023,6,"Premier League","91.63","14","14",41,"10000000","Medium"
678406,"Sergi Cardona","Defender",2023,6,"La Liga","91.51","15","15",74,"1200000","Low"
548470,"Teden Mengi","Defender",2023,6,"Premier League","91.45","16","16",3,"2000000","Low"
357156,"Diogo Leite","Defender",2023,6,"Bundesliga","91.39","17","17",5,"12000000","Medium"
388198,"Nico Schlotterbeck","Defender",2023,6,"Bundesliga","91.35","18","18",7,"40000000","High"
575998,"Leonardo Balerdi","Defender",2023,6,"Ligue 1","91.27","19","19",41,"10000000","Medium"
683895,"Emmanuel Agbadou","Defender",2023,6,"Ligue 1","90.92","20","20",6,"6000000","Medium"
199704,"Yunis Abdelhamid","Defender",2023,6,"Ligue 1","89.98","21","21",71,"700000","Low"
532937,"Johan Vásquez","Defender",2023,6,"Serie A","89.54","22","22",142,"3600000","Low"
25557,"Sergio Ramos","Defender",2023,6,"La Liga","88.47","23","23",52,"4500000","Low"
361260,"Ozan Kabak","Defender",2023,6,"Bundesliga","87.67","24","24",41,"10000000","Medium"
646750,"Cristhian Mosquera","Defender",2023,6,"La Liga","87.63","25","25",13,"1000000","Low"
571604,"Giorgio Scalvini","Defender",2023,6,"Serie A","87.13","26","26",43,"30000000","High"
70245,"Ignasi Miquel","Defender",2023,6,"La Liga","87.11","27","27",62,"1400000","Low"
768380,"Arouna Sangante","Defender",2023,6,"Ligue 1","86.73","28","28",14,"4000000","Low"
461833,"Caleb Okoli","Defender",2023,6,"Serie A","86.63","29","29",41,"10000000","Medium"
461833,"Caleb Okoli","Defender",2023,6,"Serie A","86.63","29","30",41,"10000000","Medium"
461833,"Caleb Okoli","Defender",2023,6,"Serie A","86.63","29","29",41,"10000000","Medium"
461833,"Caleb Okoli","Defender",2023,6,"Serie A","86.63","29","30",41,"10000000","Medium"
541231,"Sepp van den Berg","Defender",2023,6,"Bundesliga","86.43","31","32",9,"5000000","Medium"
541231,"Sepp van den Berg","Defender",2023,6,"Bundesliga","86.43","31","32",9,"5000000","Medium"
541231,"Sepp van den Berg","Defender",2023,6,"Bundesliga","86.43","31","31",9,"5000000","Medium"
541231,"Sepp van den Berg","Defender",2023,6,"Bundesliga","86.43","31","31",9,"5000000","Medium"
139208,"Virgil van Dijk","Defender",2023,6,"Premier League","86.31","33","33",65,"45000000","High"
249636,"Gautier Lloris","Defender",2023,6,"Ligue 1","86.24","34","34",13,"1000000","Low"
546213,"Tuta","Defender",2023,6,"Bundesliga","86.14","35","35",16,"15000000","Medium"
357147,"Diogo Dalot","Defender",2023,6,"Premier League","86.12","36","36",22,"35000000","High"
157672,"Vladimír Coufal","Defender",2023,6,"Premier League","86.00","37","37",21,"9000000","Medium"
193004,"Waldemar Anton","Defender",2023,6,"Bundesliga","85.04","38","38",52,"4500000","Low"
577486,"Gastón Álvarez","Defender",2023,6,"La Liga","85.02","39","39",9,"5000000","Medium"
465717,"Jayden Bogle","Defender",2023,6,"Premier League","84.70","40","41",77,"3800000","Low"
469050,"Nathan Collins","Defender",2023,6,"Premier League","84.70","40","40",42,"22000000","High"
1005649,"Murillo","Defender",2023,6,"Premier League","84.66","42","43",2,"500000","Low"
442248,"Ethan Pinnock","Defender",2023,6,"Premier League","84.66","42","42",24,"14000000","Medium"
401320,"Dara O'Shea","Defender",2023,6,"Premier League","84.58","44","44",9,"5000000","Medium"
569387,"Valentin Gendrey","Defender",2023,6,"Serie A","84.38","45","45",14,"4000000","Low"
16136,"Dante","Defender",2023,6,"Ligue 1","84.26","46","46",27,"600000","Low"
135343,"Fabian Schär","Defender",2023,6,"Premier League","84.08","47","47",41,"10000000","Medium"
605184,"Jean-Clair Todibo","Defender",2023,6,"Ligue 1","83.86","48","48",43,"30000000","High"
128909,"Jack Robinson","Defender",2023,6,"Premier League","83.51","49","49",71,"700000","Low"
195736,"Florian Grillitsch","Defender",2023,6,"Bundesliga","83.05","50","50",20,"8000000","Medium"
435338,"Gabriel Magalhães","Defender",2023,6,"Premier League","82.83","51","51",8,"50000000","High"
413843,"Keven Schlotterbeck","Defender",2023,6,"Bundesliga","82.51","52","52",23,"3000000","Low"
413843,"Keven Schlotterbeck","Defender",2023,6,"Bundesliga","82.51","52","53",23,"3000000","Low"
413843,"Keven Schlotterbeck","Defender",2023,6,"Bundesliga","82.51","52","52",23,"3000000","Low"
413843,"Keven Schlotterbeck","Defender",2023,6,"Bundesliga","82.51","52","53",23,"3000000","Low"
404842,"Vitaliy Mykolenko","Defender",2023,6,"Premier League","82.45","54","54",26,"25000000","High"
805908,"Bradley Locko","Defender",2023,6,"Ligue 1","82.07","55","55",23,"3000000","Low"
557939,"Neto Borges","Defender",2023,6,"Ligue 1","81.97","56","56",3,"2000000","Low"
118847,"Dominik Kohr","Defender",2023,6,"Bundesliga","81.93","57","57",33,"3500000","Low"
124028,"Ismaily","Defender",2023,6,"Ligue 1","81.85","58","58",28,"2500000","Low"
373373,"Lucas Martínez Quarta","Defender",2023,6,"Serie A","81.55","59","59",41,"10000000","Medium"
258987,"Carl Starfelt","Defender",2023,6,"La Liga","81.37","60","60",38,"6500000","Medium"
192635,"Nico Elvedi","Defender",2023,6,"Bundesliga","80.92","61","61",10,"18000000","Medium"
278531,"Sebastiano Luperto","Defender",2023,6,"Serie A","80.88","62","62",23,"3000000","Low"
248732,"Paweł Dawidowicz","Defender",2023,6,"Serie A","80.50","63","63",23,"3000000","Low"
249513,"Diego Rico","Defender",2023,6,"La Liga","80.18","64","64",23,"3000000","Low"
249513,"Diego Rico","Defender",2023,6,"La Liga","80.18","64","65",23,"3000000","Low"
249513,"Diego Rico","Defender",2023,6,"La Liga","80.18","64","65",23,"3000000","Low"
249513,"Diego Rico","Defender",2023,6,"La Liga","80.18","64","64",23,"3000000","Low"
453376,"Joseph Okumu","Defender",2023,6,"Ligue 1","79.66","66","66",14,"4000000","Low"
231572,"Nélson Semedo","Defender",2023,6,"Premier League","79.54","67","67",16,"15000000","Medium"
578539,"Chris Richards","Defender",2023,6,"Premier League","79.38","68","68",41,"10000000","Medium"
210178,"Pablo Marí","Defender",2023,6,"Serie A","79.30","69","69",9,"5000000","Medium"
556385,"Destiny Udogie","Defender",2023,6,"Premier League","78.76","70","70",26,"25000000","High"
553875,"Pedro Porro","Defender",2023,6,"Premier League","78.39","71","71",22,"35000000","High"
113133,"Germán Pezzella","Defender",2023,6,"La Liga","78.19","72","72",9,"5000000","Medium"
576314,"Jan Paul van Hecke","Defender",2023,6,"Premier League","78.07","73","73",14,"4000000","Low"
648779,"Wilfried Singo","Defender",2023,6,"Ligue 1","77.89","74","74",5,"12000000","Medium"
413507,"Nikola Milenković","Defender",2023,6,"Serie A","77.67","75","75",10,"18000000","Medium"
262226,"Timothy Castagne","Defender",2023,6,"Premier League","77.47","76","76",26,"25000000","High"
310458,"Giangiacomo Magnani","Defender",2023,6,"Serie A","77.31","77","77",23,"3000000","Low"
387047,"Danilho Doekhi","Defender",2023,6,"Bundesliga","77.17","78","78",5,"12000000","Medium"
496706,"Montassar Talbi","Defender",2023,6,"Ligue 1","76.95","79","79",9,"5000000","Medium"
666234,"Mohamed Simakan","Defender",2023,6,"Bundesliga","76.87","80","80",26,"25000000","High"
127108,"Florian Lejeune","Defender",2023,6,"La Liga","76.65","81","81",14,"4000000","Low"
730893,"Tyrick Mitchell","Defender",2023,6,"Premier League","76.45","82","82",42,"22000000","High"
106405,"Jeffrey Gouweleeuw","Defender",2023,6,"Bundesliga","76.37","83","83",23,"3000000","Low"
495666,"William Saliba","Defender",2023,6,"Premier League","76.29","84","84",54,"55000000","High"
494236,"Andy Pelmard","Defender",2023,6,"Ligue 1","75.90","85","85",23,"3000000","Low"
142310,"Willy Boly","Defender",2023,6,"Premier League","75.46","86","86",28,"2500000","Low"
662261,"Rafa Marín","Defender",2023,6,"La Liga","75.38","87","87",2,"500000","Low"
662261,"Rafa Marín","Defender",2023,6,"La Liga","75.38","87","88",2,"500000","Low"
662261,"Rafa Marín","Defender",2023,6,"La Liga","75.38","87","87",2,"500000","Low"
662261,"Rafa Marín","Defender",2023,6,"La Liga","75.38","87","88",2,"500000","Low"
335721,"Ben White","Defender",2023,6,"Premier League","75.16","89","89",8,"50000000","High"
698259,"Thomas Kristensen","Defender",2023,6,"Serie A","75.12","90","90",71,"700000","Low"
484988,"Logan Costa","Defender",2023,6,"Ligue 1","75.10","91","91",74,"1200000","Low"
766583,"Kike Salas","Defender",2023,6,"La Liga","75.06","92","92",17,"1500000","Low"
923831,"Leny Yoro","Defender",2023,6,"Ligue 1","75.02","93","93",20,"8000000","Medium"
93604,"Lukas Kübler","Defender",2023,6,"Bundesliga","74.98","94","94",23,"3000000","Low"
485960,"Lilian Brassier","Defender",2023,6,"Ligue 1","74.82","95","95",9,"5000000","Medium"
252667,"Fali","Defender",2023,6,"La Liga","74.30","96","96",28,"2500000","Low"
318204,"David Raum","Defender",2023,6,"Bundesliga","73.96","97","97",11,"20000000","High"
660860,"Diego Coppola","Defender",2023,6,"Serie A","73.88","98","98",14,"4000000","Low"
494880,"Jorge Cuenca","Defender",2023,6,"La Liga","73.43","99","99",9,"5000000","Medium"
364409,"Gabriel Osho","Defender",2023,6,"Premier League","73.41","100","100",27,"600000","Low"
461883,"Calvin Bassey","Defender",2023,6,"Premier League","73.39","101","101",16,"15000000","Medium"
311044,"Alfonso Espino","Defender",2023,6,"La Liga","73.29","102","102",33,"3500000","Low"
413403,"Ezri Konsa","Defender",2023,6,"Premier League","72.95","103","103",26,"25000000","High"
289255,"Andoni Gorosabel","Defender",2023,6,"La Liga","72.47","104","104",21,"9000000","Medium"
258004,"Rúben Dias","Defender",2023,6,"Premier League","72.43","105","105",15,"80000000","Elite"
474800,"Facundo Medina","Defender",2023,6,"Ligue 1","72.13","106","106",37,"16000000","Medium"
614258,"Levi Colwill","Defender",2023,6,"Premier League","71.91","107","107",37,"16000000","Medium"
411975,"Jules Koundé","Defender",2023,6,"La Liga","71.87","108","108",55,"60000000","Elite"
12282,"Daley Blind","Defender",2023,6,"La Liga","71.67","109","109",23,"3000000","Low"
182875,"Jean-Charles Castelletto","Defender",2023,6,"Ligue 1","71.33","110","110",33,"3500000","Low"
328658,"Kristoffer Ajer","Defender",2023,6,"Premier League","71.31","111","111",37,"16000000","Medium"
182712,"João Cancelo","Defender",2023,6,"La Liga","71.24","112","113",55,"60000000","Elite"
182712,"João Cancelo","Defender",2023,6,"La Liga","71.24","112","112",55,"60000000","Elite"
182712,"João Cancelo","Defender",2023,6,"La Liga","71.24","112","113",55,"60000000","Elite"
182712,"João Cancelo","Defender",2023,6,"La Liga","71.24","112","112",55,"60000000","Elite"
126664,"Lucas Digne","Defender",2023,6,"Premier League","71.16","114","114",45,"17000000","Medium"
388294,"Omar Traoré","Defender",2023,6,"Bundesliga","71.16","115","115",107,"325000","Low"
367466,"Thierry Correia","Defender",2023,6,"La Liga","70.80","116","116",5,"12000000","Medium"
490384,"Koni De Winter","Defender",2023,6,"Serie A","70.58","117","117",14,"4000000","Low"
490384,"Koni De Winter","Defender",2023,6,"Serie A","70.58","117","118",14,"4000000","Low"
490384,"Koni De Winter","Defender",2023,6,"Serie A","70.58","117","117",14,"4000000","Low"
490384,"Koni De Winter","Defender",2023,6,"Serie A","70.58","117","118",14,"4000000","Low"
256448,"Gianluca Mancini","Defender",2023,6,"Serie A","70.58","119","119",10,"18000000","Medium"
477758,"Aaron Wan-Bissaka","Defender",2023,6,"Premier League","70.32","120","120",42,"22000000","High"
453016,"Anthony Caci","Defender",2023,6,"Bundesliga","70.22","121","121",57,"8500000","Medium"
223974,"Stefan Posch","Defender",2023,6,"Serie A","70.02","122","122",41,"10000000","Medium"
126557,"Jonathan Gradit","Defender",2023,6,"Ligue 1","69.84","123","123",9,"5000000","Medium"
58995,"Anthony Jung","Defender",2023,6,"Bundesliga","69.78","124","124",17,"1500000","Low"
202591,"Benjamin Henrichs","Defender",2023,6,"Bundesliga","69.76","125","125",16,"15000000","Medium"
711996,"Warmed Omari","Defender",2023,6,"Ligue 1","69.72","126","126",21,"9000000","Medium"
197747,"Alessio Romagnoli","Defender",2023,6,"Serie A","69.58","127","127",10,"18000000","Medium"
503680,"Neco Williams","Defender",2023,6,"Premier League","69.52","128","128",11,"20000000","High"
507344,"Becir Omeragic","Defender",2023,6,"Ligue 1","69.46","129","129",52,"4500000","Low"
294817,"Thiago Silva","Defender",2023,6,"Premier League","69.44","130","130",3,"2000000","Low"
95810,"Kieran Trippier","Defender",2023,6,"Premier League","69.24","131","131",39,"11000000","Medium"
85295,"Iván Balliu","Defender",2023,6,"La Liga","68.98","132","132",14,"4000000","Low"
157509,"Kurt Zouma","Defender",2023,6,"Premier League","68.90","133","133",49,"28000000","High"
608175,"Alfie Doughty","Defender",2023,6,"Premier League","68.45","134","134",74,"1200000","Low"
118850,"Ivan Ordets","Defender",2023,6,"Bundesliga","68.39","135","135",23,"3000000","Low"
148153,"Lewis Dunk","Defender",2023,6,"Premier League","68.11","136","136",37,"16000000","Medium"
121985,"Juan Jesus","Defender",2023,6,"Serie A","68.07","137","137",33,"3500000","Low"
559979,"Abdel Abqar","Defender",2023,6,"La Liga","67.59","138","138",74,"1200000","Low"
174196,"Kenny Lala","Defender",2023,6,"Ligue 1","67.41","139","139",17,"1500000","Low"
368891,"Arthur Theate","Defender",2023,6,"Ligue 1","67.41","140","140",42,"22000000","High"
276896,"Samuel Gigot","Defender",2023,6,"Ligue 1","67.09","141","141",41,"10000000","Medium"
298583,"Eray Cömert","Defender",2023,6,"Ligue 1","66.77","142","143",33,"3500000","Low"
298583,"Eray Cömert","Defender",2023,6,"Ligue 1","66.77","142","142",33,"3500000","Low"
298583,"Eray Cömert","Defender",2023,6,"Ligue 1","66.77","142","143",33,"3500000","Low"
298583,"Eray Cömert","Defender",2023,6,"Ligue 1","66.77","142","142",33,"3500000","Low"
303254,"Fikayo Tomori","Defender",2023,6,"Serie A","66.71","144","144",65,"45000000","High"
588426,"Saúl Coco","Defender",2023,6,"La Liga","66.69","145","145",30,"800000","Low"
124732,"John Brooks","Defender",2023,6,"Bundesliga","66.65","146","146",23,"3000000","Low"
139279,"Nicolas Pallois","Defender",2023,6,"Ligue 1","66.31","147","147",59,"900000","Low"
591916,"Aitor Paredes","Defender",2023,6,"La Liga","66.06","148","148",13,"1000000","Low"
346849,"Christoph Klarer","Defender",2023,6,"Bundesliga","65.96","149","149",3,"2000000","Low"
169880,"Giovanni Di Lorenzo","Defender",2023,6,"Serie A","65.78","150","150",26,"25000000","High"
520530,"Fali Candé","Defender",2023,6,"Ligue 1","65.38","151","151",3,"2000000","Low"
386047,"Axel Disasi","Defender",2023,6,"Premier League","65.04","152","152",43,"30000000","High"
131075,"Francesco Acerbi","Defender",2023,6,"Serie A","64.94","153","153",14,"4000000","Low"
227084,"Benedikt Gimber","Defender",2023,6,"Bundesliga","64.88","154","154",17,"1500000","Low"
298589,"David García","Defender",2023,6,"La Liga","64.80","155","155",11,"20000000","High"
249730,"Guillermo Maripán","Defender",2023,6,"Ligue 1","64.66","156","156",41,"10000000","Medium"
203746,"Ruben Aguilar","Defender",2023,6,"Ligue 1","64.54","157","157",25,"7000000","Medium"
548348,"Kiliann Sildillia","Defender",2023,6,"Bundesliga","64.52","158","158",5,"12000000","Medium"
392516,"Antonino Gallo","Defender",2023,6,"Serie A","64.52","158","159",28,"2500000","Low"
278166,"Amari'i Bell","Defender",2023,6,"Premier League","64.46","160","160",3,"2000000","Low"
789082,"Vanderson","Defender",2023,6,"Ligue 1","64.44","161","161",11,"20000000","High"
35047,"Axel Witsel","Defender",2023,6,"La Liga","64.28","162","162",9,"5000000","Medium"
131225,"Nicolás Tagliafico","Defender",2023,6,"Ligue 1","64.28","162","163",21,"9000000","Medium"
315853,"Alessandro Bastoni","Defender",2023,6,"Serie A","64.20","164","165",55,"60000000","Elite"
297070,"Hamari Traoré","Defender",2023,6,"La Liga","64.20","164","164",41,"10000000","Medium"
524285,"Luca Netz","Defender",2023,6,"Bundesliga","64.08","166","166",38,"6500000","Medium"
345458,"Sebastian Walukiewicz","Defender",2023,6,"Serie A","63.41","167","167",23,"3000000","Low"
177907,"Harry Maguire","Defender",2023,6,"Premier League","63.27","168","168",26,"25000000","High"
263236,"Kevin Danso","Defender",2023,6,"Ligue 1","63.09","169","169",37,"16000000","Medium"
392569,"Gabriele Zappa","Defender",2023,6,"Serie A","62.99","170","170",3,"2000000","Low"
281963,"Lucas Hernández","Defender",2023,6,"Ligue 1","62.93","171","171",65,"45000000","High"
262523,"Davide Calabria","Defender",2023,6,"Serie A","62.77","172","172",11,"20000000","High"
175639,"Jonathan Clauss","Defender",2023,6,"Ligue 1","62.75","173","173",24,"14000000","Medium"
422466,"Javi Hernández","Defender",2023,6,"La Liga","62.71","174","174",28,"2500000","Low"
290017,"Hassane Kamara","Defender",2023,6,"Serie A","62.65","175","175",20,"8000000","Medium"
357119,"Ibrahima Konaté","Defender",2023,6,"Premier League","62.59","176","176",93,"38000000","High"
509022,"Federico Gatti","Defender",2023,6,"Serie A","62.27","177","177",5,"12000000","Medium"
385105,"Gabriel Suazo","Defender",2023,6,"Ligue 1","62.25","178","178",28,"2500000","Low"
121477,"Craig Dawson","Defender",2023,6,"Premier League","62.21","179","179",3,"2000000","Low"
353366,"Benjamin Pavard","Defender",2023,6,"Serie A","62.13","180","180",7,"40000000","High"
710131,"Diego Llorente","Defender",2023,6,"Serie A","62.07","181","181",5,"12000000","Medium"
710131,"Diego Llorente","Defender",2023,6,"Serie A","62.07","181","182",5,"12000000","Medium"
710131,"Diego Llorente","Defender",2023,6,"Serie A","62.07","181","181",5,"12000000","Medium"
710131,"Diego Llorente","Defender",2023,6,"Serie A","62.07","181","182",5,"12000000","Medium"
177046,"Rubén Duarte","Defender",2023,6,"La Liga","62.07","183","183",28,"2500000","Low"
221150,"Djené","Defender",2023,6,"La Liga","61.73","184","184",9,"5000000","Medium"
111195,"Joël Veltman","Defender",2023,6,"Premier League","61.69","185","185",41,"10000000","Medium"
74294,"Nemanja Gudelj","Defender",2023,6,"La Liga","61.29","186","186",14,"4000000","Low"
195633,"Charlie Taylor","Defender",2023,6,"Premier League","61.10","187","187",33,"3500000","Low"
14086,"Ashley Young","Defender",2023,6,"Premier League","60.78","188","188",27,"600000","Low"
415912,"Konstantinos Mavropanos","Defender",2023,6,"Premier League","60.70","189","189",16,"15000000","Medium"
256178,"Joe Gomez","Defender",2023,6,"Premier League","60.38","190","190",42,"22000000","High"
413565,"Jhon Lucumí","Defender",2023,6,"Serie A","60.12","191","191",5,"12000000","Medium"
564545,"Edmond Tapsoba","Defender",2023,6,"Bundesliga","60.10","192","192",43,"30000000","High"
355816,"Ko Itakura","Defender",2023,6,"Bundesliga","59.82","193","193",5,"12000000","Medium"
238868,"Rubén Peña","Defender",2023,6,"La Liga","59.76","194","194",28,"2500000","Low"
745181,"Soungoutou Magassa","Defender",2023,6,"Ligue 1","59.44","195","195",30,"800000","Low"
258878,"Tosin Adarabioyo","Defender",2023,6,"Premier League","59.42","196","196",16,"15000000","Medium"
141050,"Danilo Pereira","Defender",2023,6,"Ligue 1","59.32","197","197",41,"10000000","Medium"
424204,"Alphonso Davies","Defender",2023,6,"Bundesliga","59.08","198","198",31,"70000000","Elite"
488626,"Jesús Areso","Defender",2023,6,"La Liga","58.98","199","199",74,"1200000","Low"
196357,"Jonathan Tah","Defender",2023,6,"Bundesliga","58.84","200","200",11,"20000000","High"
57598,"Klaus Gjasula","Defender",2023,6,"Bundesliga","58.37","201","201",2,"500000","Low"
357796,"Domagoj Bradarić","Defender",2023,6,"Serie A","58.35","202","202",25,"7000000","Medium"
504153,"Joe Scally","Defender",2023,6,"Bundesliga","58.09","203","203",5,"12000000","Medium"
95424,"Kyle Walker","Defender",2023,6,"Premier League","57.91","204","204",47,"13000000","Medium"
649023,"Formose Mendy","Defender",2023,6,"Ligue 1","57.75","205","205",23,"3000000","Low"
331505,"Óscar Mingueza","Defender",2023,6,"La Liga","56.87","206","206",28,"2500000","Low"
144143,"Bartosz Bereszyński","Defender",2023,6,"Serie A","56.85","207","208",3,"2000000","Low"
144143,"Bartosz Bereszyński","Defender",2023,6,"Serie A","56.85","207","207",3,"2000000","Low"
144143,"Bartosz Bereszyński","Defender",2023,6,"Serie A","56.85","207","208",3,"2000000","Low"
144143,"Bartosz Bereszyński","Defender",2023,6,"Serie A","56.85","207","207",3,"2000000","Low"
344695,"Dayot Upamecano","Defender",2023,6,"Bundesliga","56.77","209","209",55,"60000000","Elite"
341227,"Juan Miranda","Defender",2023,6,"La Liga","56.49","210","210",25,"7000000","Medium"
277167,"Gian Marco Ferrari","Defender",2023,6,"Serie A","56.33","211","211",3,"2000000","Low"
77812,"Christoph Zimmermann","Defender",2023,6,"Bundesliga","56.24","212","212",63,"1300000","Low"
167491,"Stefano Sabelli","Defender",2023,6,"Serie A","56.24","213","213",74,"1200000","Low"
61812,"Yuri Berchiche","Defender",2023,6,"La Liga","56.22","214","214",3,"2000000","Low"
947431,"David López","Defender",2023,6,"La Liga","56.18","215","215",3,"2000000","Low"
947431,"David López","Defender",2023,6,"La Liga","56.18","215","216",3,"2000000","Low"
947431,"David López","Defender",2023,6,"La Liga","56.18","215","215",3,"2000000","Low"
947431,"David López","Defender",2023,6,"La Liga","56.18","215","216",3,"2000000","Low"
353032,"Omar Alderete","Defender",2023,6,"La Liga","56.06","217","217",14,"4000000","Low"
353892,"Hiroki Ito","Defender",2023,6,"Bundesliga","55.88","218","218",32,"7500000","Medium"
552912,"Bruno Méndez","Defender",2023,6,"La Liga","55.84","219","219",9,"5000000","Medium"
344598,"Dan-Axel Zagadou","Defender",2023,6,"Bundesliga","55.66","220","220",33,"3500000","Low"
361914,"Nayef Aguerd","Defender",2023,6,"Premier League","55.44","221","221",50,"32000000","High"
314353,"Trent Alexander-Arnold","Defender",2023,6,"Premier League","55.20","222","222",66,"65000000","Elite"
203348,"Chancel Mbemba","Defender",2023,6,"Ligue 1","55.16","223","223",11,"20000000","High"
88680,"Luca Caldirola","Defender",2023,6,"Serie A","55.16","224","224",17,"1500000","Low"
433984,"Sam Beukema","Defender",2023,6,"Serie A","55.08","225","225",52,"4500000","Low"
203853,"Oleksandr Zinchenko","Defender",2023,6,"Premier League","55.00","226","226",7,"40000000","High"
649452,"Issa Kaboré","Defender",2023,6,"Premier League","54.92","227","228",25,"7000000","Medium"
649452,"Issa Kaboré","Defender",2023,6,"Premier League","54.92","227","227",25,"7000000","Medium"
649452,"Issa Kaboré","Defender",2023,6,"Premier League","54.92","227","228",25,"7000000","Medium"
649452,"Issa Kaboré","Defender",2023,6,"Premier League","54.92","227","227",25,"7000000","Medium"
207742,"Tom Lockyer","Defender",2023,6,"Premier League","54.26","229","229",23,"3000000","Low"
236490,"Ola Aina","Defender",2023,6,"Premier League","54.20","230","230",33,"3500000","Low"
57216,"Ismaël Traoré","Defender",2023,6,"Ligue 1","53.98","231","231",44,"300000","Low"
55769,"Danilo D'Ambrosio","Defender",2023,6,"Serie A","53.53","232","232",17,"1500000","Low"
469211,"Liberato Cacace","Defender",2023,6,"Serie A","53.35","233","233",3,"2000000","Low"
451801,"Abdul Mumin","Defender",2023,6,"La Liga","53.03","234","234",17,"1500000","Low"
585982,"Carlos Augusto","Defender",2023,6,"Serie A","52.99","235","235",20,"8000000","Medium"
585982,"Carlos Augusto","Defender",2023,6,"Serie A","52.99","235","236",20,"8000000","Medium"
585982,"Carlos Augusto","Defender",2023,6,"Serie A","52.99","235","235",20,"8000000","Medium"
585982,"Carlos Augusto","Defender",2023,6,"Serie A","52.99","235","236",20,"8000000","Medium"
834898,"Vitinho","Defender",2023,6,"Premier League","52.87","237","238",14,"4000000","Low"
834898,"Vitinho","Defender",2023,6,"Premier League","52.87","237","238",14,"4000000","Low"
834898,"Vitinho","Defender",2023,6,"Premier League","52.87","237","237",14,"4000000","Low"
834898,"Vitinho","Defender",2023,6,"Premier League","52.87","237","237",14,"4000000","Low"
284595,"Tommaso Augello","Defender",2023,6,"Serie A","52.75","239","239",3,"2000000","Low"
615350,"Cenk Özkacar","Defender",2023,6,"La Liga","52.75","240","240",9,"5000000","Medium"
644771,"Odilon Kossounou","Defender",2023,6,"Bundesliga","52.67","241","241",10,"18000000","Medium"
346561,"Luca Ranieri","Defender",2023,6,"Serie A","52.25","242","242",28,"2500000","Low"
463605,"Bafodé Diakité","Defender",2023,6,"Ligue 1","52.11","243","243",20,"8000000","Medium"
654539,"Adrien Truffert","Defender",2023,6,"Ligue 1","52.09","244","244",10,"18000000","Medium"
272622,"Issa Diop","Defender",2023,6,"Premier League","51.81","245","245",10,"18000000","Medium"
563963,"Mohammed Salisu","Defender",2023,6,"Ligue 1","51.79","246","246",10,"18000000","Medium"
339808,"Theo Hernández","Defender",2023,6,"Serie A","51.75","247","247",55,"60000000","Elite"
481834,"Andrea Carboni","Defender",2023,6,"Serie A","51.59","248","248",14,"4000000","Low"
338629,"Sebastiaan Bornauw","Defender",2023,6,"Bundesliga","51.43","249","249",57,"8500000","Medium"
96718,"Óscar de Marcos","Defender",2023,6,"La Liga","51.24","250","250",40,"1800000","Low"
45314,"Federico Fazio","Defender",2023,6,"Serie A","50.96","251","251",29,"400000","Low"
816580,"Tiago Santos","Defender",2023,6,"Ligue 1","50.76","252","252",13,"1000000","Low"
32113,"Armando Izzo","Defender",2023,6,"Serie A","50.72","253","253",23,"3000000","Low"
196948,"Andreas Christensen","Defender",2023,6,"La Liga","50.70","254","254",7,"40000000","High"
591193,"Niels Nkounkou","Defender",2023,6,"Bundesliga","50.24","255","255",23,"3000000","Low"
591193,"Niels Nkounkou","Defender",2023,6,"Bundesliga","50.24","255","256",23,"3000000","Low"
591193,"Niels Nkounkou","Defender",2023,6,"Bundesliga","50.24","255","256",23,"3000000","Low"
591193,"Niels Nkounkou","Defender",2023,6,"Bundesliga","50.24","255","255",23,"3000000","Low"
181778,"Emerson","Defender",2023,6,"Premier League","50.06","257","257",5,"12000000","Medium"
111196,"Stefan de Vrij","Defender",2023,6,"Serie A","50.04","258","258",41,"10000000","Medium"
86202,"Antonio Rüdiger","Defender",2023,6,"La Liga","49.78","259","259",50,"32000000","High"
258039,"Aurélio Buta","Defender",2023,6,"Bundesliga","49.50","260","260",6,"6000000","Medium"
170961,"Thomas Delaine","Defender",2023,6,"Ligue 1","49.34","261","261",74,"1200000","Low"
15956,"Jesús Navas","Defender",2023,6,"La Liga","49.30","262","262",23,"3000000","Low"
220878,"Issiaga Sylla","Defender",2023,6,"Ligue 1","49.30","263","263",28,"2500000","Low"
162434,"Niklas Stark","Defender",2023,6,"Bundesliga","49.22","264","264",67,"5500000","Medium"
520468,"Iago","Defender",2023,6,"Bundesliga","48.80","265","265",67,"5500000","Medium"
286596,"Emir Karic","Defender",2023,6,"Bundesliga","48.73","266","266",71,"700000","Low"
524925,"Modibo Sagnan","Defender",2023,6,"Ligue 1","48.69","267","268",23,"3000000","Low"
524925,"Modibo Sagnan","Defender",2023,6,"Ligue 1","48.69","267","267",23,"3000000","Low"
524925,"Modibo Sagnan","Defender",2023,6,"Ligue 1","48.69","267","268",23,"3000000","Low"
386057,"Julien Laporte","Defender",2023,6,"Ligue 1","48.69","267","269",28,"2500000","Low"
524925,"Modibo Sagnan","Defender",2023,6,"Ligue 1","48.69","267","267",23,"3000000","Low"
145466,"Tim Ream","Defender",2023,6,"Premier League","48.43","270","270",13,"1000000","Low"
501418,"Adrià Pedrosa","Defender",2023,6,"La Liga","48.39","271","271",9,"5000000","Medium"
711544,"Jake O'Brien","Defender",2023,6,"Ligue 1","48.23","272","272",71,"700000","Low"
659813,"Piero Hincapié","Defender",2023,6,"Bundesliga","48.13","273","273",22,"35000000","High"
716276,"Yerson Mosquera","Defender",2023,6,"La Liga","48.09","274","275",23,"3000000","Low"
716276,"Yerson Mosquera","Defender",2023,6,"La Liga","48.09","274","274",23,"3000000","Low"
716276,"Yerson Mosquera","Defender",2023,6,"La Liga","48.09","274","275",23,"3000000","Low"
716276,"Yerson Mosquera","Defender",2023,6,"La Liga","48.09","274","274",23,"3000000","Low"
694509,"Moussa Diarra","Defender",2023,6,"Ligue 1","48.01","276","276",30,"800000","Low"
351843,"Yoann Salmier","Defender",2023,6,"Ligue 1","47.81","277","277",3,"2000000","Low"
177476,"Nathan Aké","Defender",2023,6,"Premier League","47.73","278","278",22,"35000000","High"
343475,"Ben Godfrey","Defender",2023,6,"Premier League","46.91","279","279",16,"15000000","Medium"
926952,"Patrick Dorgu","Defender",2023,6,"Serie A","46.81","280","280",29,"400000","Low"
676042,"Juanlu Sánchez","Defender",2023,6,"La Liga","46.73","281","281",30,"800000","Low"
632349,"Jarell Quansah","Defender",2023,6,"Premier League","46.57","282","282",29,"400000","Low"
399776,"Pau Torres","Defender",2023,6,"Premier League","46.57","283","283",65,"45000000","High"
127573,"Phillipp Mwene","Defender",2023,6,"Bundesliga","46.41","284","284",23,"3000000","Low"
223967,"Konrad Laimer","Defender",2023,6,"Bundesliga","46.39","285","285",49,"28000000","High"
711969,"Lorenz Assignon","Defender",2023,6,"Premier League","45.96","286","286",9,"5000000","Medium"
74810,"Ben Mee","Defender",2023,6,"Premier League","45.68","287","287",3,"2000000","Low"
463603,"Benoît Badiashile","Defender",2023,6,"Premier League","45.60","288","288",7,"40000000","High"
166601,"Niklas Süle","Defender",2023,6,"Bundesliga","45.42","289","289",22,"35000000","High"
694928,"Samuel Lino","Defender",2023,6,"La Liga","45.24","290","290",37,"16000000","Medium"
170472,"Dimitri Foulquier","Defender",2023,6,"La Liga","44.94","291","291",28,"2500000","Low"
262939,"Johan Mojica","Defender",2023,6,"La Liga","44.86","292","292",23,"3000000","Low"
262939,"Johan Mojica","Defender",2023,6,"La Liga","44.86","292","293",23,"3000000","Low"
262939,"Johan Mojica","Defender",2023,6,"La Liga","44.86","292","292",23,"3000000","Low"
262939,"Johan Mojica","Defender",2023,6,"La Liga","44.86","292","293",23,"3000000","Low"
201737,"Christopher Jullien","Defender",2023,6,"Ligue 1","44.84","294","294",33,"3500000","Low"
124555,"Cristiano Biraghi","Defender",2023,6,"Serie A","44.64","295","295",9,"5000000","Medium"
580560,"Jon Pacheco","Defender",2023,6,"La Liga","44.42","296","296",6,"6000000","Medium"
568149,"Alberto Moreno","Defender",2023,6,"La Liga","43.92","297","297",23,"3000000","Low"
130365,"Alessandro Florenzi","Defender",2023,6,"Serie A","43.61","298","298",3,"2000000","Low"
340456,"Noussair Mazraoui","Defender",2023,6,"Bundesliga","43.47","299","299",49,"28000000","High"
480116,"Lloyd Kelly","Defender",2023,6,"Premier League","43.03","300","300",10,"18000000","Medium"
618472,"Castello Lukeba","Defender",2023,6,"Bundesliga","42.89","301","301",26,"25000000","High"
298975,"Pol Lirola","Defender",2023,6,"Serie A","42.81","302","303",28,"2500000","Low"
298975,"Pol Lirola","Defender",2023,6,"Serie A","42.81","302","303",28,"2500000","Low"
298975,"Pol Lirola","Defender",2023,6,"Serie A","42.81","302","302",28,"2500000","Low"
298975,"Pol Lirola","Defender",2023,6,"Serie A","42.81","302","302",28,"2500000","Low"
65318,"Jaume Costa","Defender",2023,6,"La Liga","42.75","304","304",74,"1200000","Low"
572326,"Christopher Wooh","Defender",2023,6,"Ligue 1","42.61","305","305",6,"6000000","Medium"
533568,"Nahuel Tenaglia","Defender",2023,6,"La Liga","42.57","306","306",23,"3000000","Low"
285845,"Ainsley Maitland-Niles","Defender",2023,6,"Ligue 1","42.43","307","307",20,"8000000","Medium"
1005240,"Christian Mawissa","Defender",2023,6,"Ligue 1","42.35","308","308",46,"250000","Low"
198516,"Harry Toffolo","Defender",2023,6,"Premier League","41.06","309","309",33,"3500000","Low"
547985,"Fabiano Parisi","Defender",2023,6,"Serie A","40.76","310","310",41,"10000000","Medium"
568158,"Javi López","Defender",2023,6,"La Liga","40.76","310","311",34,"200000","Low"
378139,"Aitor Ruibal","Defender",2023,6,"La Liga","40.40","312","312",9,"5000000","Medium"
320271,"Toni Lato","Defender",2023,6,"La Liga","40.34","313","313",28,"2500000","Low"
550116,"Ilario Monterisi","Defender",2023,6,"Serie A","40.28","314","314",44,"300000","Low"
57500,"César Azpilicueta","Defender",2023,6,"La Liga","40.22","315","315",9,"5000000","Medium"
225657,"Philipp Lienhart","Defender",2023,6,"Bundesliga","40.16","316","316",11,"20000000","High"
75921,"Christopher Trimmel","Defender",2023,6,"Bundesliga","40.14","317","317",30,"800000","Low"
250845,"José María Giménez","Defender",2023,6,"La Liga","40.10","318","318",22,"35000000","High"
234803,"Andrew Robertson","Defender",2023,6,"Premier League","40.02","319","319",113,"48000000","High"
251876,"Pablo Maffeo","Defender",2023,6,"La Liga","39.80","320","320",20,"8000000","Medium"
459658,"Andrea Cambiaso","Defender",2023,6,"Serie A","39.70","321","321",20,"8000000","Medium"
461019,"Samuele Birindelli","Defender",2023,6,"Serie A","38.76","322","322",147,"2300000","Low"
517842,"Aihen Muñoz","Defender",2023,6,"La Liga","38.39","323","323",6,"6000000","Medium"
480763,"Juan Foyth","Defender",2023,6,"La Liga","38.19","324","324",26,"25000000","High"
331560,"Takehiro Tomiyasu","Defender",2023,6,"Premier League","36.91","325","325",26,"25000000","High"
361093,"Sven Botman","Defender",2023,6,"Premier League","36.87","326","326",65,"45000000","High"
168989,"Silvan Widmer","Defender",2023,6,"Bundesliga","36.61","327","327",33,"3500000","Low"
717118,"Darlin Yongwa","Defender",2023,6,"Ligue 1","36.39","328","328",74,"1200000","Low"
370789,"Julian Ryerson","Defender",2023,6,"Bundesliga","36.18","329","329",41,"10000000","Medium"
321528,"Denzel Dumfries","Defender",2023,6,"Serie A","36.02","330","330",49,"28000000","High"
349433,"Fabian Nürnberger","Defender",2023,6,"Bundesliga","35.72","331","331",74,"1200000","Low"
627228,"Yan Couto","Defender",2023,6,"La Liga","35.62","332","332",14,"4000000","Low"
766412,"Théo Le Bris","Defender",2023,6,"Ligue 1","35.58","333","333",23,"3000000","Low"
568333,"Adam Obert","Defender",2023,6,"Serie A","35.28","334","334",40,"1800000","Low"
349599,"Pervis Estupiñán","Defender",2023,6,"Premier League","35.24","335","335",50,"32000000","High"
122840,"Loïc Nego","Defender",2023,6,"Ligue 1","35.04","336","336",17,"1500000","Low"
804812,"Anthony Oyono","Defender",2023,6,"Serie A","35.00","337","337",29,"400000","Low"
198116,"Federico Dimarco","Defender",2023,6,"Serie A","34.80","338","338",22,"35000000","High"
200056,"Elseid Hysaj","Defender",2023,6,"Serie A","34.72","339","339",9,"5000000","Medium"
872171,"Lucas Beraldo","Defender",2023,6,"Ligue 1","34.62","340","340",28,"2500000","Low"
346289,"Mouctar Diakhaby","Defender",2023,6,"La Liga","34.46","341","341",6,"6000000","Medium"
221316,"Lucas Vázquez","Defender",2023,6,"La Liga","34.26","342","342",20,"8000000","Medium"
257097,"Ben Davies","Defender",2023,6,"Premier League","34.18","343","343",16,"15000000","Medium"
255488,"Yeray Álvarez","Defender",2023,6,"La Liga","33.78","344","344",16,"15000000","Medium"
424042,"Nahuel Molina","Defender",2023,6,"La Liga","33.39","345","345",75,"24000000","High"
76746,"Damián Suárez","Defender",2023,6,"La Liga","33.07","346","346",13,"1000000","Low"
389837,"Nicolò Casale","Defender",2023,6,"Serie A","32.69","347","347",45,"17000000","Medium"
342039,"Yannik Keitel","Defender",2023,6,"Bundesliga","32.59","348","348",14,"4000000","Low"
215599,"Lukas Klostermann","Defender",2023,6,"Bundesliga","32.35","349","349",5,"12000000","Medium"
121686,"Cristian Gamboa","Defender",2023,6,"Bundesliga","32.35","350","350",27,"600000","Low"
34322,"Sokratis Papastathopoulos","Defender",2023,6,"La Liga","32.33","351","351",13,"1000000","Low"
206746,"Kenny Tete","Defender",2023,6,"Premier League","31.99","352","352",5,"12000000","Medium"
158863,"Iñigo Martínez","Defender",2023,6,"La Liga","31.81","353","353",41,"10000000","Medium"
81512,"Christian Kabasele","Defender",2023,6,"Serie A","31.06","354","354",13,"1000000","Low"
127032,"Serge Aurier","Defender",2023,6,"Premier League","30.84","355","355",20,"8000000","Medium"
496745,"Emil Holm","Defender",2023,6,"Serie A","30.82","356","356",9,"5000000","Medium"
496745,"Emil Holm","Defender",2023,6,"Serie A","30.82","356","357",9,"5000000","Medium"
496745,"Emil Holm","Defender",2023,6,"Serie A","30.82","356","357",9,"5000000","Medium"
496745,"Emil Holm","Defender",2023,6,"Serie A","30.82","356","356",9,"5000000","Medium"
241076,"Emmanuel Gyasi","Defender",2023,6,"Serie A","29.88","358","358",3,"2000000","Low"
229006,"Franck Honorat","Defender",2023,6,"Bundesliga","29.58","359","359",41,"10000000","Medium"
277179,"Angeliño","Defender",2023,6,"Serie A","29.44","360","361",24,"14000000","Medium"
277179,"Angeliño","Defender",2023,6,"Serie A","29.44","360","361",24,"14000000","Medium"
277179,"Angeliño","Defender",2023,6,"Serie A","29.44","360","360",24,"14000000","Medium"
277179,"Angeliño","Defender",2023,6,"Serie A","29.44","360","360",24,"14000000","Medium"
398073,"Achraf Hakimi","Defender",2023,6,"Ligue 1","29.16","362","362",66,"65000000","Elite"
87884,"Mário Rui","Defender",2023,6,"Serie A","29.06","363","363",20,"8000000","Medium"
183318,"Jamaal Lascelles","Defender",2023,6,"Premier League","28.98","364","364",52,"4500000","Low"
481513,"Koffi Kouao","Defender",2023,6,"Ligue 1","28.88","365","365",17,"1500000","Low"
58396,"Christian Groß","Defender",2023,6,"Bundesliga","28.78","366","366",2,"500000","Low"
348026,"Nordi Mukiele","Defender",2023,6,"Ligue 1","28.43","367","368",10,"18000000","Medium"
355627,"Sergio Akieme","Defender",2023,6,"La Liga","28.43","367","367",21,"9000000","Medium"
237499,"Aleksandar Sedlar","Defender",2023,6,"La Liga","28.03","369","369",2,"500000","Low"
624258,"Conor Bradley","Defender",2023,6,"Premier League","27.91","370","370",17,"1500000","Low"
423443,"Álex Centelles","Defender",2023,6,"La Liga","27.87","371","371",17,"1500000","Low"
129674,"Jeremy Toljan","Defender",2023,6,"Serie A","27.49","372","372",52,"4500000","Low"
670858,"Lewis Hall","Defender",2023,6,"Premier League","27.45","373","374",9,"5000000","Medium"
670858,"Lewis Hall","Defender",2023,6,"Premier League","27.45","373","373",9,"5000000","Medium"
670858,"Lewis Hall","Defender",2023,6,"Premier League","27.45","373","374",9,"5000000","Medium"
670858,"Lewis Hall","Defender",2023,6,"Premier League","27.45","373","373",9,"5000000","Medium"
91473,"Florent Ogier","Defender",2023,6,"Ligue 1","27.29","375","375",83,"450000","Low"
503075,"Isak Hien","Defender",2023,6,"Serie A","27.27","376","376",6,"6000000","Medium"
310527,"Paulo Azzi","Defender",2023,6,"Serie A","26.97","377","377",82,"1600000","Low"
184573,"Victor Lindelöf","Defender",2023,6,"Premier League","26.75","378","378",10,"18000000","Medium"
346314,"Trevoh Chalobah","Defender",2023,6,"Premier League","26.73","379","379",10,"18000000","Medium"
160968,"Benno Schmitz","Defender",2023,6,"Bundesliga","26.59","380","380",23,"3000000","Low"
362108,"Gabriel Gudmundsson","Defender",2023,6,"Ligue 1","26.57","381","381",52,"4500000","Low"
255838,"Patrick Ciurria","Defender",2023,6,"Serie A","26.39","382","382",33,"3500000","Low"
534084,"Niccolò Pierozzi","Defender",2023,6,"Serie A","26.04","383","383",82,"1600000","Low"
534084,"Niccolò Pierozzi","Defender",2023,6,"Serie A","26.04","383","383",82,"1600000","Low"
534084,"Niccolò Pierozzi","Defender",2023,6,"Serie A","26.04","383","384",82,"1600000","Low"
534084,"Niccolò Pierozzi","Defender",2023,6,"Serie A","26.04","383","384",82,"1600000","Low"
982393,"Lucas Mincarelli","Defender",2023,6,"Ligue 1","25.82","385","385",58,"150000","Low"
842338,"Enzo Tchato","Defender",2023,6,"Ligue 1","25.76","386","386",23,"3000000","Low"
633530,"Jordan Zemura","Defender",2023,6,"Serie A","25.12","387","387",6,"6000000","Medium"
690799,"Anthony Rouault","Defender",2023,6,"Bundesliga","24.98","388","389",20,"8000000","Medium"
690799,"Anthony Rouault","Defender",2023,6,"Bundesliga","24.98","388","388",20,"8000000","Medium"
690799,"Anthony Rouault","Defender",2023,6,"Bundesliga","24.98","388","388",20,"8000000","Medium"
690799,"Anthony Rouault","Defender",2023,6,"Bundesliga","24.98","388","389",20,"8000000","Medium"
763079,"Abdukodir Khusanov","Defender",2023,6,"Ligue 1","24.80","390","390",29,"400000","Low"
272812,"Kingsley Ehizibue","Defender",2023,6,"Serie A","24.70","391","391",147,"2300000","Low"
85906,"Danny da Costa","Defender",2023,6,"Bundesliga","24.58","392","392",40,"1800000","Low"
692070,"Clemens Riedel","Defender",2023,6,"Bundesliga","24.40","393","393",59,"900000","Low"
620598,"Ameen Al-Dakhil","Defender",2023,6,"Premier League","23.92","394","394",6,"6000000","Medium"
335147,"Junior Sambia","Defender",2023,6,"Serie A","23.86","395","395",33,"3500000","Low"
356197,"Alfonso Pedraza","Defender",2023,6,"La Liga","23.80","396","396",16,"15000000","Medium"
735568,"Natan","Defender",2023,6,"Serie A","23.47","397","397",67,"5500000","Medium"
195246,"Pascal Stenzel","Defender",2023,6,"Bundesliga","23.45","398","398",17,"1500000","Low"
461617,"Rodrigo Riquelme","Defender",2023,6,"La Liga","23.33","399","399",41,"10000000","Medium"
947360,"Kassoum Ouattara","Defender",2023,6,"Ligue 1","23.31","400","400",29,"400000","Low"
596122,"Pep Chavarría","Defender",2023,6,"La Liga","22.81","401","401",17,"1500000","Low"
193098,"Álex Moreno","Defender",2023,6,"Premier League","22.73","402","402",16,"15000000","Medium"
336960,"Giuseppe Pezzella","Defender",2023,6,"Serie A","22.63","403","403",28,"2500000","Low"
425918,"Jakub Kiwior","Defender",2023,6,"Premier League","22.39","404","404",11,"20000000","High"
79960,"Alex Sandro","Defender",2023,6,"Serie A","22.27","405","405",23,"3000000","Low"
182904,"Clément Lenglet","Defender",2023,6,"Premier League","22.09","406","406",41,"10000000","Medium"
816308,"Panos Katseris","Defender",2023,6,"Ligue 1","22.01","407","407",1,"100000","Low"
418543,"Perr Schuurs","Defender",2023,6,"Serie A","21.97","408","408",11,"20000000","High"
484547,"Jeremie Frimpong","Defender",2023,6,"Bundesliga","21.97","408","409",22,"35000000","High"
830108,"Julián Malatini","Defender",2023,6,"Bundesliga","21.53","410","411",56,"550000","Low"
830108,"Julián Malatini","Defender",2023,6,"Bundesliga","21.53","410","412",56,"550000","Low"
830108,"Julián Malatini","Defender",2023,6,"Bundesliga","21.53","410","410",56,"550000","Low"
830108,"Julián Malatini","Defender",2023,6,"Bundesliga","21.53","410","410",56,"550000","Low"
830108,"Julián Malatini","Defender",2023,6,"Bundesliga","21.53","410","411",56,"550000","Low"
830108,"Julián Malatini","Defender",2023,6,"Bundesliga","21.53","410","411",56,"550000","Low"
830108,"Julián Malatini","Defender",2023,6,"Bundesliga","21.53","410","410",56,"550000","Low"
830108,"Julián Malatini","Defender",2023,6,"Bundesliga","21.53","410","412",56,"550000","Low"
830108,"Julián Malatini","Defender",2023,6,"Bundesliga","21.53","410","412",56,"550000","Low"
505194,"Luke Thomas","Defender",2023,6,"Premier League","21.43","413","415",5,"12000000","Medium"
505194,"Luke Thomas","Defender",2023,6,"Premier League","21.43","413","414",5,"12000000","Medium"
505194,"Luke Thomas","Defender",2023,6,"Premier League","21.43","413","413",5,"12000000","Medium"
505194,"Luke Thomas","Defender",2023,6,"Premier League","21.43","413","414",5,"12000000","Medium"
505194,"Luke Thomas","Defender",2023,6,"Premier League","21.43","413","413",5,"12000000","Medium"
505194,"Luke Thomas","Defender",2023,6,"Premier League","21.43","413","415",5,"12000000","Medium"
505194,"Luke Thomas","Defender",2023,6,"Premier League","21.43","413","414",5,"12000000","Medium"
505194,"Luke Thomas","Defender",2023,6,"Premier League","21.43","413","413",5,"12000000","Medium"
505194,"Luke Thomas","Defender",2023,6,"Premier League","21.43","413","415",5,"12000000","Medium"
173859,"Davide Zappacosta","Defender",2023,6,"Serie A","21.18","416","416",25,"7000000","Medium"
229804,"Aritz Elustondo","Defender",2023,6,"La Liga","20.94","417","417",24,"14000000","Medium"
186368,"Valentino Lazaro","Defender",2023,6,"Serie A","20.62","418","418",9,"5000000","Medium"
336125,"Mërgim Vojvoda","Defender",2023,6,"Serie A","20.30","419","419",14,"4000000","Low"
192616,"Ulisses Garcia","Defender",2023,6,"Ligue 1","19.96","420","420",3,"2000000","Low"
250153,"Pasquale Mazzocchi","Defender",2023,6,"Serie A","19.96","421","421",106,"4800000","Low"
82350,"Stefan Bell","Defender",2023,6,"Bundesliga","19.72","422","422",3,"2000000","Low"
370846,"Timothy Weah","Defender",2023,6,"Serie A","19.28","423","424",24,"14000000","Medium"
332560,"Deiver Machado","Defender",2023,6,"Ligue 1","19.28","423","423",14,"4000000","Low"
291417,"Ferland Mendy","Defender",2023,6,"La Liga","18.90","425","425",22,"35000000","High"
274461,"Felix Passlack","Defender",2023,6,"Bundesliga","18.88","426","426",17,"1500000","Low"
392966,"Nadir Zortea","Defender",2023,6,"Serie A","18.84","427","428",3,"2000000","Low"
392966,"Nadir Zortea","Defender",2023,6,"Serie A","18.84","427","428",3,"2000000","Low"
392966,"Nadir Zortea","Defender",2023,6,"Serie A","18.84","427","427",3,"2000000","Low"
392966,"Nadir Zortea","Defender",2023,6,"Serie A","18.84","427","427",3,"2000000","Low"
346567,"Luca Pellegrini","Defender",2023,6,"Serie A","18.43","429","429",25,"7000000","Medium"
867688,"Jack Hinshelwood","Defender",2023,6,"Premier League","18.23","430","430",13,"1000000","Low"
251075,"Zeki Çelik","Defender",2023,6,"Serie A","18.15","431","431",41,"10000000","Medium"
445126,"Emanuele Valeri","Defender",2023,6,"Serie A","17.89","432","432",33,"3500000","Low"
550108,"Nicola Zalewski","Defender",2023,6,"Serie A","17.87","433","433",11,"20000000","High"
644676,"Bruno Amione","Defender",2023,6,"Serie A","17.67","434","434",134,"2700000","Low"
581672,"Samuel Iling-Junior","Defender",2023,6,"Serie A","17.63","435","435",21,"9000000","Medium"
448258,"Josha Vagnoman","Defender",2023,6,"Bundesliga","17.35","436","436",9,"5000000","Medium"
204294,"Saman Ghoddos","Defender",2023,6,"Premier League","16.77","437","437",3,"2000000","Low"
636688,"Alejandro Balde","Defender",2023,6,"La Liga","16.37","438","438",43,"30000000","High"
186590,"John Stones","Defender",2023,6,"Premier League","15.32","439","439",7,"40000000","High"
3333,"James Milner","Defender",2023,6,"Premier League","14.80","440","440",17,"1500000","Low"
286779,"Jorge Meré","Defender",2023,6,"La Liga","14.58","441","442",74,"1200000","Low"
286779,"Jorge Meré","Defender",2023,6,"La Liga","14.58","441","442",74,"1200000","Low"
286779,"Jorge Meré","Defender",2023,6,"La Liga","14.58","441","441",74,"1200000","Low"
286779,"Jorge Meré","Defender",2023,6,"La Liga","14.58","441","441",74,"1200000","Low"
275303,"Hans Hateboer","Defender",2023,6,"Serie A","14.48","443","443",6,"6000000","Medium"
338635,"Hannes Delcroix","Defender",2023,6,"Premier League","13.86","444","444",73,"2200000","Low"
127076,"Jérôme Roussillon","Defender",2023,6,"Bundesliga","13.39","445","445",23,"3000000","Low"
309944,"Tyronne Ebuehi","Defender",2023,6,"Serie A","13.35","446","446",3,"2000000","Low"
221315,"Kevin Vázquez","Defender",2023,6,"La Liga","13.17","447","447",13,"1000000","Low"
316125,"Ben Chilwell","Defender",2023,6,"Premier League","12.25","448","448",22,"35000000","High"
103427,"Chris Smalling","Defender",2023,6,"Serie A","11.75","449","449",20,"8000000","Medium"
73926,"Davide Faraoni","Defender",2023,6,"Serie A","11.69","450","451",23,"3000000","Low"
73926,"Davide Faraoni","Defender",2023,6,"Serie A","11.69","450","451",23,"3000000","Low"
73926,"Davide Faraoni","Defender",2023,6,"Serie A","11.69","450","450",23,"3000000","Low"
73926,"Davide Faraoni","Defender",2023,6,"Serie A","11.69","450","450",23,"3000000","Low"
743589,"Kaiky","Defender",2023,6,"La Liga","11.49","452","452",9,"5000000","Medium"
743589,"Kaiky","Defender",2023,6,"La Liga","11.49","452","453",9,"5000000","Medium"
743589,"Kaiky","Defender",2023,6,"La Liga","11.49","452","452",9,"5000000","Medium"
743589,"Kaiky","Defender",2023,6,"La Liga","11.49","452","453",9,"5000000","Medium"
554251,"Yasser Larouci","Defender",2023,6,"Premier League","10.92","454","455",33,"3500000","Low"
554251,"Yasser Larouci","Defender",2023,6,"Premier League","10.92","454","454",33,"3500000","Low"
554251,"Yasser Larouci","Defender",2023,6,"Premier League","10.92","454","454",33,"3500000","Low"
554251,"Yasser Larouci","Defender",2023,6,"Premier League","10.92","454","455",33,"3500000","Low"
889683,"Rogério","Defender",2023,6,"Bundesliga","10.90","456","456",67,"5500000","Medium"
93707,"Christian Günter","Defender",2023,6,"Bundesliga","10.44","457","457",32,"7500000","Medium"
197122,"Unai García","Defender",2023,6,"La Liga","10.06","458","458",28,"2500000","Low"
891998,"Antoine Mendy","Defender",2023,6,"Ligue 1","9.72","459","459",13,"1000000","Low"
401530,"Éder Militão","Defender",2023,6,"La Liga","9.36","460","460",31,"70000000","Elite"
567129,"Josh Doig","Defender",2023,6,"Serie A","9.22","461","461",41,"10000000","Medium"
500054,"David Jurásek","Defender",2023,6,"Bundesliga","8.49","462","462",9,"5000000","Medium"
500054,"David Jurásek","Defender",2023,6,"Bundesliga","8.49","462","463",9,"5000000","Medium"
500054,"David Jurásek","Defender",2023,6,"Bundesliga","8.49","462","462",9,"5000000","Medium"
500054,"David Jurásek","Defender",2023,6,"Bundesliga","8.49","462","463",9,"5000000","Medium"
392163,"Noah Weißhaupt","Defender",2023,6,"Bundesliga","8.15","464","464",14,"4000000","Low"
507345,"Leonidas Stergiou","Defender",2023,6,"Bundesliga","8.11","465","465",33,"3500000","Low"
507345,"Leonidas Stergiou","Defender",2023,6,"Bundesliga","8.11","465","466",33,"3500000","Low"
507345,"Leonidas Stergiou","Defender",2023,6,"Bundesliga","8.11","465","465",33,"3500000","Low"
507345,"Leonidas Stergiou","Defender",2023,6,"Bundesliga","8.11","465","466",33,"3500000","Low"
118689,"Leonardo Spinazzola","Defender",2023,6,"Serie A","7.87","467","467",41,"10000000","Medium"
468002,"Ben Johnson","Defender",2023,6,"Premier League","7.81","468","468",41,"10000000","Medium"
557613,"Quentin Merlin","Defender",2023,6,"Ligue 1","7.71","469","469",25,"7000000","Medium"
537127,"Théo Sainte-Luce","Defender",2023,6,"Ligue 1","7.63","470","470",3,"2000000","Low"
157495,"Benjamin Mendy","Defender",2023,6,"Ligue 1","7.57","471","471",23,"3000000","Low"
100986,"Thomas Meunier","Defender",2023,6,"Bundesliga","7.41","472","472",9,"5000000","Medium"
433584,"Alessio Zerbin","Defender",2023,6,"Serie A","6.61","473","474",14,"4000000","Low"
433584,"Alessio Zerbin","Defender",2023,6,"Serie A","6.61","473","473",14,"4000000","Low"
433584,"Alessio Zerbin","Defender",2023,6,"Serie A","6.61","473","474",14,"4000000","Low"
433584,"Alessio Zerbin","Defender",2023,6,"Serie A","6.61","473","473",14,"4000000","Low"
283127,"Oualid El Hajjam","Defender",2023,6,"Ligue 1","6.22","475","475",74,"1200000","Low"
591949,"Aaron Hickey","Defender",2023,6,"Premier League","5.96","476","476",26,"25000000","High"
305274,"Fred Onyedinma","Defender",2023,6,"Premier League","5.84","477","477",2,"500000","Low"
340322,"Nathan Tella","Defender",2023,6,"Bundesliga","5.74","478","478",5,"12000000","Medium"
535955,"Nuno Tavares","Defender",2023,6,"Premier League","5.68","479","480",10,"18000000","Medium"
535955,"Nuno Tavares","Defender",2023,6,"Premier League","5.68","479","479",10,"18000000","Medium"
535955,"Nuno Tavares","Defender",2023,6,"Premier League","5.68","479","479",10,"18000000","Medium"
535955,"Nuno Tavares","Defender",2023,6,"Premier League","5.68","479","480",10,"18000000","Medium"
576121,"Josh Wilson-Esbrand","Defender",2023,6,"Ligue 1","5.24","481","483",17,"1500000","Low"
576121,"Josh Wilson-Esbrand","Defender",2023,6,"Ligue 1","5.24","481","481",17,"1500000","Low"
576121,"Josh Wilson-Esbrand","Defender",2023,6,"Ligue 1","5.24","481","483",17,"1500000","Low"
576121,"Josh Wilson-Esbrand","Defender",2023,6,"Ligue 1","5.24","481","482",17,"1500000","Low"
576121,"Josh Wilson-Esbrand","Defender",2023,6,"Ligue 1","5.24","481","482",17,"1500000","Low"
576121,"Josh Wilson-Esbrand","Defender",2023,6,"Ligue 1","5.24","481","483",17,"1500000","Low"
576121,"Josh Wilson-Esbrand","Defender",2023,6,"Ligue 1","5.24","481","481",17,"1500000","Low"
576121,"Josh Wilson-Esbrand","Defender",2023,6,"Ligue 1","5.24","481","481",17,"1500000","Low"
576121,"Josh Wilson-Esbrand","Defender",2023,6,"Ligue 1","5.24","481","482",17,"1500000","Low"
650993,"Filippo Missori","Defender",2023,6,"Serie A","5.22","484","484",30,"800000","Low"
240219,"Lorenzo Venuti","Defender",2023,6,"Serie A","5.06","485","485",3,"2000000","Low"
401529,"Dodô","Defender",2023,6,"Serie A","4.72","486","486",30,"800000","Low"
616341,"Nuno Mendes","Defender",2023,6,"Ligue 1","4.12","487","487",66,"65000000","Elite"
849410,"Valentín Barco","Defender",2023,6,"Premier League","3.92","488","488",33,"3500000","Low"
709372,"Carlos Romero","Defender",2023,6,"La Liga","3.31","489","489",1,"100000","Low"
120651,"Vincent Le Goff","Defender",2023,6,"Ligue 1","2.55","490","490",13,"1000000","Low"
790992,"Alfie Gilchrist","Defender",2023,6,"Premier League","2.49","491","491",34,"200000","Low"
216870,"Nacho Vidal","Defender",2023,6,"La Liga","1.33","492","493",9,"5000000","Medium"
216870,"Nacho Vidal","Defender",2023,6,"La Liga","1.33","492","492",9,"5000000","Medium"
216870,"Nacho Vidal","Defender",2023,6,"La Liga","1.33","492","493",9,"5000000","Medium"
216870,"Nacho Vidal","Defender",2023,6,"La Liga","1.33","492","492",9,"5000000","Medium"
977464,"Arthur","Defender",2023,6,"Bundesliga","1.27","494","494",9,"5000000","Medium"
140776,"Yannick Carrasco","Defender",2023,6,"La Liga","1.04","495","495",26,"25000000","High"
241229,"Jordan Amavi","Defender",2023,6,"Ligue 1","0.90","496","497",3,"2000000","Low"
241229,"Jordan Amavi","Defender",2023,6,"Ligue 1","0.90","496","496",3,"2000000","Low"
241229,"Jordan Amavi","Defender",2023,6,"Ligue 1","0.90","496","496",3,"2000000","Low"
241229,"Jordan Amavi","Defender",2023,6,"Ligue 1","0.90","496","497",3,"2000000","Low"
190685,"Bouna Sarr","Defender",2023,6,"Bundesliga","0.32","498","498",3,"2000000","Low"
638793,"Tajon Buchanan","Defender",2023,6,"Serie A","0.20","499","499",41,"10000000","Medium"
342229,"Kylian Mbappé","Forward",2023,6,"Ligue 1","98.22","1","1",12,"180000000","Elite"
132098,"Harry Kane","Forward",2023,6,"Bundesliga","98.10","2","2",51,"90000000","Elite"
270541,"Serhou Guirassy","Forward",2023,6,"Bundesliga","97.65","3","3",24,"14000000","Medium"
148455,"Mohamed Salah","Forward",2023,6,"Premier League","97.51","4","4",31,"70000000","Elite"
406625,"Lautaro Martínez","Forward",2023,6,"Serie A","97.31","5","5",15,"80000000","Elite"
368887,"Loïs Openda","Forward",2023,6,"Bundesliga","97.11","6","6",11,"20000000","High"
324358,"Ollie Watkins","Forward",2023,6,"Premier League","96.77","7","7",7,"40000000","High"
433177,"Bukayo Saka","Forward",2023,6,"Premier League","96.15","8","8",53,"110000000","Elite"
339314,"Deniz Undav","Forward",2023,6,"Bundesliga","96.03","9","9",41,"10000000","Medium"
339314,"Deniz Undav","Forward",2023,6,"Bundesliga","96.03","9","10",41,"10000000","Medium"
339314,"Deniz Undav","Forward",2023,6,"Bundesliga","96.03","9","10",41,"10000000","Medium"
339314,"Deniz Undav","Forward",2023,6,"Bundesliga","96.03","9","9",41,"10000000","Medium"
258889,"Dominic Solanke","Forward",2023,6,"Premier League","95.04","11","11",11,"20000000","High"
349066,"Alexander Isak","Forward",2023,6,"Premier League","94.88","12","13",31,"70000000","Elite"
533738,"Jonathan David","Forward",2023,6,"Ligue 1","94.88","12","12",55,"60000000","Elite"
418560,"Erling Haaland","Forward",2023,6,"Premier League","94.82","14","14",12,"180000000","Elite"
406635,"Phil Foden","Forward",2023,6,"Premier League","94.64","15","15",53,"110000000","Elite"
58864,"Pierre-Emerick Aubameyang","Forward",2023,6,"Ligue 1","94.57","16","16",25,"7000000","Medium"
343537,"Artem Dovbyk","Forward",2023,6,"La Liga","94.24","17","17",39,"11000000","Medium"
125781,"Antoine Griezmann","Forward",2023,6,"La Liga","94.18","18","18",26,"25000000","High"
238407,"Alexander Sørloth","Forward",2023,6,"La Liga","93.84","19","19",5,"12000000","Medium"
776890,"Nicolas Jackson","Forward",2023,6,"Premier League","93.69","20","20",43,"30000000","High"
357498,"Dušan Vlahović","Forward",2023,6,"Serie A","92.66","21","21",18,"75000000","Elite"
314875,"Jarrod Bowen","Forward",2023,6,"Premier League","92.21","22","22",93,"38000000","High"
146854,"Wissam Ben Yedder","Forward",2023,6,"Ligue 1","91.43","23","23",16,"15000000","Medium"
206050,"Paulo Dybala","Forward",2023,6,"Serie A","90.60","24","24",43,"30000000","High"
656681,"Victor Boniface","Forward",2023,6,"Bundesliga","90.16","25","25",6,"6000000","Medium"
93720,"Alexandre Lacazette","Forward",2023,6,"Ligue 1","89.84","26","26",24,"14000000","Medium"
546543,"Darwin Núñez","Forward",2023,6,"Premier League","89.75","27","27",66,"65000000","Elite"
82442,"Olivier Giroud","Forward",2023,6,"Serie A","89.66","28","28",14,"4000000","Low"
420002,"Jean-Philippe Mateta","Forward",2023,6,"Premier League","89.66","29","29",25,"7000000","Medium"
503733,"Anthony Gordon","Forward",2023,6,"Premier League","89.48","30","30",22,"35000000","High"
502670,"Khvicha Kvaratskhelia","Forward",2023,6,"Serie A","89.35","31","31",19,"85000000","Elite"
46413,"Ante Budimir","Forward",2023,6,"La Liga","88.53","32","32",6,"6000000","Medium"
445939,"Omar Marmoush","Forward",2023,6,"Bundesliga","88.43","33","33",6,"6000000","Medium"
429983,"Jørgen Strand Larsen","Forward",2023,6,"La Liga","88.10","34","34",39,"11000000","Medium"
340205,"Gorka Guruzeta","Forward",2023,6,"La Liga","88.00","35","35",3,"2000000","Low"
72047,"Iago Aspas","Forward",2023,6,"La Liga","87.95","36","36",6,"6000000","Medium"
193033,"Tim Kleindienst","Forward",2023,6,"Bundesliga","87.66","37","37",23,"3000000","Low"
298976,"Borja Mayoral","Forward",2023,6,"La Liga","87.55","38","38",21,"9000000","Medium"
412363,"Rodrygo","Forward",2023,6,"La Liga","87.35","39","39",36,"100000000","Elite"
255508,"Iñaki Williams","Forward",2023,6,"La Liga","87.31","40","40",26,"25000000","High"
538964,"Thijs Dallinga","Forward",2023,6,"Ligue 1","87.25","41","41",25,"7000000","Medium"
73794,"Duván Zapata","Forward",2023,6,"Serie A","87.17","42","42",41,"10000000","Medium"
406040,"Ademola Lookman","Forward",2023,6,"Serie A","87.15","43","43",43,"30000000","High"
315779,"Christian Pulisic","Forward",2023,6,"Serie A","87.09","44","44",50,"32000000","High"
96341,"Romelu Lukaku","Forward",2023,6,"Serie A","86.40","45","45",7,"40000000","High"
96341,"Romelu Lukaku","Forward",2023,6,"Serie A","86.40","45","46",7,"40000000","High"
96341,"Romelu Lukaku","Forward",2023,6,"Serie A","86.40","45","45",7,"40000000","High"
96341,"Romelu Lukaku","Forward",2023,6,"Serie A","86.40","45","46",7,"40000000","High"
357164,"Rafael Leão","Forward",2023,6,"Serie A","86.22","47","47",15,"80000000","Elite"
326029,"Donyell Malen","Forward",2023,6,"Bundesliga","86.01","48","48",37,"16000000","Medium"
177467,"Gerard Moreno","Forward",2023,6,"La Liga","85.83","49","49",43,"30000000","High"
391004,"Jonas Wind","Forward",2023,6,"Bundesliga","85.75","50","50",24,"14000000","Medium"
246963,"Carlton Morris","Forward",2023,6,"Premier League","85.25","51","52",6,"6000000","Medium"
435648,"Joshua Zirkzee","Forward",2023,6,"Serie A","85.25","51","51",21,"9000000","Medium"
729814,"Georges Mikautadze","Forward",2023,6,"Ligue 1","85.23","53","54",6,"6000000","Medium"
729814,"Georges Mikautadze","Forward",2023,6,"Ligue 1","85.23","53","53",6,"6000000","Medium"
729814,"Georges Mikautadze","Forward",2023,6,"Ligue 1","85.23","53","53",6,"6000000","Medium"
729814,"Georges Mikautadze","Forward",2023,6,"Ligue 1","85.23","53","55",6,"6000000","Medium"
729814,"Georges Mikautadze","Forward",2023,6,"Ligue 1","85.23","53","53",6,"6000000","Medium"
729814,"Georges Mikautadze","Forward",2023,6,"Ligue 1","85.23","53","55",6,"6000000","Medium"
729814,"Georges Mikautadze","Forward",2023,6,"Ligue 1","85.23","53","54",6,"6000000","Medium"
729814,"Georges Mikautadze","Forward",2023,6,"Ligue 1","85.23","53","54",6,"6000000","Medium"
729814,"Georges Mikautadze","Forward",2023,6,"Ligue 1","85.23","53","55",6,"6000000","Medium"
192565,"Leroy Sané","Forward",2023,6,"Bundesliga","85.23","53","56",66,"65000000","Elite"
108725,"Chris Wood","Forward",2023,6,"Premier League","85.20","57","57",20,"8000000","Medium"
388165,"Yoane Wissa","Forward",2023,6,"Premier League","85.02","58","58",10,"18000000","Medium"
573775,"Hugo Duro","Forward",2023,6,"La Liga","84.57","59","59",9,"5000000","Medium"
480692,"Luis Díaz","Forward",2023,6,"Premier League","84.37","60","60",18,"75000000","Elite"
876440,"João Pedro","Forward",2023,6,"Premier League","84.13","61","62",75,"24000000","High"
876440,"João Pedro","Forward",2023,6,"Premier League","84.13","61","61",75,"24000000","High"
876440,"João Pedro","Forward",2023,6,"Premier League","84.13","61","62",75,"24000000","High"
876440,"João Pedro","Forward",2023,6,"Premier League","84.13","61","61",75,"24000000","High"
435772,"Charles De Ketelaere","Forward",2023,6,"Serie A","83.76","63","63",102,"27000000","High"
435772,"Charles De Ketelaere","Forward",2023,6,"Serie A","83.76","63","64",102,"27000000","High"
435772,"Charles De Ketelaere","Forward",2023,6,"Serie A","83.76","63","63",102,"27000000","High"
435772,"Charles De Ketelaere","Forward",2023,6,"Serie A","83.76","63","64",102,"27000000","High"
413039,"Bryan Mbeumo","Forward",2023,6,"Premier League","83.24","65","65",22,"35000000","High"
315867,"Gianluca Scamacca","Forward",2023,6,"Serie A","82.56","66","66",102,"27000000","High"
144028,"Leandro Trossard","Forward",2023,6,"Premier League","82.38","67","67",22,"35000000","High"
538874,"Terem Moffi","Forward",2023,6,"Ligue 1","80.83","68","68",11,"20000000","High"
315865,"Andrea Pinamonti","Forward",2023,6,"Serie A","80.38","69","69",45,"17000000","Medium"
585959,"Arnaud Kalimuendo","Forward",2023,6,"Ligue 1","80.15","70","70",42,"22000000","High"
272278,"Chris Führich","Forward",2023,6,"Bundesliga","80.11","71","71",14,"4000000","Low"
315289,"Myrto Uzuni","Forward",2023,6,"La Liga","80.01","72","72",20,"8000000","Medium"
341092,"Federico Chiesa","Forward",2023,6,"Serie A","79.75","73","73",8,"50000000","High"
246968,"Ayoze Pérez","Forward",2023,6,"La Liga","78.72","74","74",6,"6000000","Medium"
434675,"Cody Gakpo","Forward",2023,6,"Premier League","78.72","74","75",54,"55000000","High"
353399,"Romain Del Castillo","Forward",2023,6,"Ligue 1","78.62","76","76",23,"3000000","Low"
550550,"Gonçalo Ramos","Forward",2023,6,"Ligue 1","78.53","77","78",7,"40000000","High"
550550,"Gonçalo Ramos","Forward",2023,6,"Ligue 1","78.53","77","78",7,"40000000","High"
550550,"Gonçalo Ramos","Forward",2023,6,"Ligue 1","78.53","77","77",7,"40000000","High"
550550,"Gonçalo Ramos","Forward",2023,6,"Ligue 1","78.53","77","77",7,"40000000","High"
266807,"Ángel Correa","Forward",2023,6,"La Liga","78.08","79","79",22,"35000000","High"
81999,"Joselu","Forward",2023,6,"La Liga","77.56","80","80",6,"6000000","Medium"
81999,"Joselu","Forward",2023,6,"La Liga","77.56","80","80",6,"6000000","Medium"
81999,"Joselu","Forward",2023,6,"La Liga","77.56","80","81",6,"6000000","Medium"
81999,"Joselu","Forward",2023,6,"La Liga","77.56","80","81",6,"6000000","Medium"
645774,"Eren Dinkçi","Forward",2023,6,"Bundesliga","77.49","82","83",13,"1000000","Low"
645774,"Eren Dinkçi","Forward",2023,6,"Bundesliga","77.49","82","82",13,"1000000","Low"
645774,"Eren Dinkçi","Forward",2023,6,"Bundesliga","77.49","82","83",13,"1000000","Low"
645774,"Eren Dinkçi","Forward",2023,6,"Bundesliga","77.49","82","82",13,"1000000","Low"
811779,"Alejandro Garnacho","Forward",2023,6,"Premier League","77.41","84","84",26,"25000000","High"
134425,"Raheem Sterling","Forward",2023,6,"Premier League","77.15","85","85",55,"60000000","Elite"
177843,"Domenico Berardi","Forward",2023,6,"Serie A","76.97","86","86",10,"18000000","Medium"
543499,"Mohammed Kudus","Forward",2023,6,"Premier League","76.61","87","87",43,"30000000","High"
503770,"Folarin Balogun","Forward",2023,6,"Ligue 1","76.60","88","88",26,"25000000","High"
434433,"Nikola Krstović","Forward",2023,6,"Serie A","76.08","89","89",73,"2200000","Low"
314678,"Brahim Díaz","Forward",2023,6,"La Liga","75.99","90","90",11,"20000000","High"
607034,"Akor Adams","Forward",2023,6,"Ligue 1","75.45","91","91",14,"4000000","Low"
288340,"Phillip Tietz","Forward",2023,6,"Bundesliga","75.06","92","92",134,"2700000","Low"
122155,"Willian José","Forward",2023,6,"La Liga","75.06","93","93",25,"7000000","Medium"
306024,"Dominic Calvert-Lewin","Forward",2023,6,"Premier League","75.02","94","94",26,"25000000","High"
431755,"Dejan Kulusevski","Forward",2023,6,"Premier League","74.99","95","95",54,"55000000","High"
340950,"Diogo Jota","Forward",2023,6,"Premier League","74.78","96","96",8,"50000000","High"
395516,"Moussa Diaby","Forward",2023,6,"Premier League","74.72","97","97",8,"50000000","High"
418659,"Amine Gouiri","Forward",2023,6,"Ligue 1","74.66","98","98",22,"35000000","High"
167329,"Alassane Pléa","Forward",2023,6,"Bundesliga","74.54","99","99",41,"10000000","Medium"
496857,"Edon Zhegrova","Forward",2023,6,"Ligue 1","74.48","100","100",25,"7000000","Medium"
735571,"Rodrigo Muniz","Forward",2023,6,"Premier League","73.63","101","101",9,"5000000","Medium"
572265,"Lorenzo Lucca","Forward",2023,6,"Serie A","73.45","102","102",9,"5000000","Medium"
572265,"Lorenzo Lucca","Forward",2023,6,"Serie A","73.45","102","102",9,"5000000","Medium"
572265,"Lorenzo Lucca","Forward",2023,6,"Serie A","73.45","102","103",9,"5000000","Medium"
572265,"Lorenzo Lucca","Forward",2023,6,"Serie A","73.45","102","103",9,"5000000","Medium"
709187,"Nico Williams","Forward",2023,6,"La Liga","73.29","104","104",43,"30000000","High"
462250,"João Félix","Forward",2023,6,"La Liga","73.05","105","105",8,"50000000","High"
462250,"João Félix","Forward",2023,6,"La Liga","73.05","105","106",8,"50000000","High"
462250,"João Félix","Forward",2023,6,"La Liga","73.05","105","105",8,"50000000","High"
462250,"João Félix","Forward",2023,6,"La Liga","73.05","105","106",8,"50000000","High"
655488,"Gabriel Martinelli","Forward",2023,6,"Premier League","72.95","107","107",31,"70000000","Elite"
248999,"Lucas Höler","Forward",2023,6,"Bundesliga","72.71","108","108",9,"5000000","Medium"
462348,"Mostafa Mohamed","Forward",2023,6,"Ligue 1","72.38","109","109",6,"6000000","Medium"
127187,"Abdoulaye Doucouré","Forward",2023,6,"Premier League","72.19","110","110",5,"12000000","Medium"
59323,"Cristhian Stuani","Forward",2023,6,"La Liga","71.64","111","111",3,"2000000","Low"
583255,"Antoine Semenyo","Forward",2023,6,"Premier League","71.16","112","112",21,"9000000","Medium"
559328,"Emanuel Emegha","Forward",2023,6,"Ligue 1","71.07","113","113",20,"8000000","Medium"
319900,"Elijah Adebayo","Forward",2023,6,"Premier League","70.85","114","114",9,"5000000","Medium"
334222,"Lucas Boyé","Forward",2023,6,"La Liga","70.81","115","115",6,"6000000","Medium"
450826,"Callum Wilson","Forward",2023,6,"Premier League","70.67","116","116",37,"16000000","Medium"
583189,"Anthony Elanga","Forward",2023,6,"Premier League","70.65","117","117",10,"18000000","Medium"
1178475,"Mohamed Bamba","Forward",2023,6,"Ligue 1","69.75","118","118",44,"300000","Low"
333647,"Jonathan Burkardt","Forward",2023,6,"Bundesliga","69.74","119","119",5,"12000000","Medium"
405398,"Takefusa Kubo","Forward",2023,6,"La Liga","69.69","120","120",16,"15000000","Medium"
338425,"Álex Berenguer","Forward",2023,6,"La Liga","69.07","121","121",16,"15000000","Medium"
1064403,"Álvaro García","Forward",2023,6,"La Liga","68.72","122","122",6,"6000000","Medium"
245744,"Takuma Asano","Forward",2023,6,"Bundesliga","68.63","123","123",14,"4000000","Low"
937958,"Lamine Yamal","Forward",2023,6,"La Liga","68.59","124","124",26,"25000000","High"
237164,"Ihlas Bebou","Forward",2023,6,"Bundesliga","68.36","125","125",25,"7000000","Medium"
521407,"Walid Cheddira","Forward",2023,6,"Serie A","68.24","126","127",20,"8000000","Medium"
521407,"Walid Cheddira","Forward",2023,6,"Serie A","68.24","126","126",20,"8000000","Medium"
521407,"Walid Cheddira","Forward",2023,6,"Serie A","68.24","126","127",20,"8000000","Medium"
521407,"Walid Cheddira","Forward",2023,6,"Serie A","68.24","126","128",20,"8000000","Medium"
521407,"Walid Cheddira","Forward",2023,6,"Serie A","68.24","126","127",20,"8000000","Medium"
521407,"Walid Cheddira","Forward",2023,6,"Serie A","68.24","126","126",20,"8000000","Medium"
521407,"Walid Cheddira","Forward",2023,6,"Serie A","68.24","126","128",20,"8000000","Medium"
521407,"Walid Cheddira","Forward",2023,6,"Serie A","68.24","126","128",20,"8000000","Medium"
521407,"Walid Cheddira","Forward",2023,6,"Serie A","68.24","126","126",20,"8000000","Medium"
278837,"Luis Rioja","Forward",2023,6,"La Liga","68.16","129","129",23,"3000000","Low"
287920,"Tim Skarke","Forward",2023,6,"Bundesliga","67.18","130","130",74,"1200000","Low"
287920,"Tim Skarke","Forward",2023,6,"Bundesliga","67.18","130","131",74,"1200000","Low"
287920,"Tim Skarke","Forward",2023,6,"Bundesliga","67.18","130","130",74,"1200000","Low"
287920,"Tim Skarke","Forward",2023,6,"Bundesliga","67.18","130","131",74,"1200000","Low"
392768,"Callum Hudson-Odoi","Forward",2023,6,"Premier League","66.91","132","132",45,"17000000","Medium"
159372,"Felipe Anderson","Forward",2023,6,"Serie A","66.89","133","133",16,"15000000","Medium"
405885,"Giacomo Raspadori","Forward",2023,6,"Serie A","65.94","134","134",22,"35000000","High"
238639,"Steve Mounié","Forward",2023,6,"Ligue 1","65.59","135","135",9,"5000000","Medium"
500689,"Evann Guessand","Forward",2023,6,"Ligue 1","65.50","136","136",52,"4500000","Low"
182916,"Wesley Saïd","Forward",2023,6,"Ligue 1","64.95","137","137",3,"2000000","Low"
658536,"Simon Adingra","Forward",2023,6,"Premier League","64.81","138","138",41,"10000000","Medium"
444523,"Lucas Paquetá","Forward",2023,6,"Premier League","64.74","139","139",65,"45000000","High"
181378,"Gaëtan Laborde","Forward",2023,6,"Ligue 1","63.93","140","140",37,"16000000","Medium"
358032,"Cyril Ngonge","Forward",2023,6,"Serie A","63.59","141","141",3,"2000000","Low"
538810,"Chris Ramos","Forward",2023,6,"La Liga","63.45","142","142",17,"1500000","Low"
184892,"Florian Thauvin","Forward",2023,6,"Serie A","63.40","143","143",32,"7500000","Medium"
242086,"Patrik Schick","Forward",2023,6,"Bundesliga","62.99","144","144",43,"30000000","High"
67063,"Danny Welbeck","Forward",2023,6,"Premier League","62.55","145","145",25,"7000000","Medium"
363205,"Gabriel Jesus","Forward",2023,6,"Premier League","62.27","146","146",18,"75000000","Elite"
628366,"Lucas Beltrán","Forward",2023,6,"Serie A","62.24","147","147",6,"6000000","Medium"
189441,"Lucas Ocampos","Forward",2023,6,"La Liga","62.19","148","148",5,"12000000","Medium"
252677,"José Luis Morales","Forward",2023,6,"La Liga","61.35","149","149",23,"3000000","Low"
295313,"Taiwo Awoniyi","Forward",2023,6,"Premier League","61.29","150","150",26,"25000000","High"
596153,"Justin Njinmah","Forward",2023,6,"Bundesliga","61.19","151","151",71,"700000","Low"
55338,"Willian","Forward",2023,6,"Premier League","61.02","152","152",23,"3000000","Low"
847279,"Oumar Diakité","Forward",2023,6,"Ligue 1","60.89","153","153",17,"1500000","Low"
518505,"Jamie Leweling","Forward",2023,6,"Bundesliga","60.83","154","155",33,"3500000","Low"
518505,"Jamie Leweling","Forward",2023,6,"Bundesliga","60.83","154","154",33,"3500000","Low"
518505,"Jamie Leweling","Forward",2023,6,"Bundesliga","60.83","154","155",33,"3500000","Low"
518505,"Jamie Leweling","Forward",2023,6,"Bundesliga","60.83","154","154",33,"3500000","Low"
234523,"Antonio Sanabria","Forward",2023,6,"Serie A","60.60","156","156",41,"10000000","Medium"
108354,"Jordan Ayew","Forward",2023,6,"Premier League","60.48","157","157",9,"5000000","Medium"
457736,"Tijjani Noslin","Forward",2023,6,"Serie A","59.94","158","158",61,"750000","Low"
157635,"Yussuf Poulsen","Forward",2023,6,"Bundesliga","59.51","159","159",25,"7000000","Medium"
523318,"Anastasios Douvikas","Forward",2023,6,"La Liga","59.48","160","160",6,"6000000","Medium"
227961,"Jaime Mata","Forward",2023,6,"La Liga","59.35","161","161",17,"1500000","Low"
324811,"Arnaud Nordin","Forward",2023,6,"Ligue 1","58.91","162","162",9,"5000000","Medium"
666547,"Zito Luvumbo","Forward",2023,6,"Serie A","58.65","163","163",3,"2000000","Low"
467623,"Lyle Foster","Forward",2023,6,"Premier League","58.64","164","164",25,"7000000","Medium"
348791,"Junya Ito","Forward",2023,6,"Ligue 1","58.47","165","165",41,"10000000","Medium"
178459,"Davie Selke","Forward",2023,6,"Bundesliga","58.02","166","166",28,"2500000","Low"
257462,"Luka Jović","Forward",2023,6,"Serie A","57.63","167","167",41,"10000000","Medium"
279455,"Harry Wilson","Forward",2023,6,"Premier League","57.34","168","168",47,"13000000","Medium"
687609,"Isaac Romero","Forward",2023,6,"La Liga","57.25","169","169",58,"150000","Low"
354666,"Shamar Nicholson","Forward",2023,6,"Ligue 1","57.18","170","171",38,"6500000","Medium"
354666,"Shamar Nicholson","Forward",2023,6,"Ligue 1","57.18","170","170",38,"6500000","Medium"
354666,"Shamar Nicholson","Forward",2023,6,"Ligue 1","57.18","170","170",38,"6500000","Medium"
354666,"Shamar Nicholson","Forward",2023,6,"Ligue 1","57.18","170","171",38,"6500000","Medium"
381187,"Emmanuel Sabbi","Forward",2023,6,"Ligue 1","56.61","172","172",27,"600000","Low"
648046,"Evan Ferguson","Forward",2023,6,"Premier League","56.31","173","173",41,"10000000","Medium"
347253,"Dany Mota","Forward",2023,6,"Serie A","55.96","174","174",6,"6000000","Medium"
251664,"Ivan Toney","Forward",2023,6,"Premier League","55.59","175","175",8,"50000000","High"
346890,"Noah Okafor","Forward",2023,6,"Serie A","55.55","176","176",42,"22000000","High"
119037,"Philipp Hofmann","Forward",2023,6,"Bundesliga","55.43","177","177",80,"2800000","Low"
340324,"Eddie Nketiah","Forward",2023,6,"Premier League","55.26","178","178",26,"25000000","High"
398065,"Harvey Barnes","Forward",2023,6,"Premier League","54.61","179","179",22,"35000000","High"
540664,"Dilane Bakwa","Forward",2023,6,"Ligue 1","54.41","180","180",23,"3000000","Low"
177452,"Abdón Prats","Forward",2023,6,"La Liga","54.04","181","181",74,"1200000","Low"
503987,"Noni Madueke","Forward",2023,6,"Premier League","53.49","182","182",49,"28000000","High"
381950,"Alexis Saelemaekers","Forward",2023,6,"Serie A","53.37","183","184",16,"15000000","Medium"
381950,"Alexis Saelemaekers","Forward",2023,6,"Serie A","53.37","183","183",16,"15000000","Medium"
381950,"Alexis Saelemaekers","Forward",2023,6,"Serie A","53.37","183","183",16,"15000000","Medium"
381950,"Alexis Saelemaekers","Forward",2023,6,"Serie A","53.37","183","184",16,"15000000","Medium"
518644,"Largie Ramazani","Forward",2023,6,"La Liga","53.05","185","185",6,"6000000","Medium"
807689,"Frank Magri","Forward",2023,6,"Ligue 1","52.99","186","186",13,"1000000","Low"
274862,"Moses Simon","Forward",2023,6,"Ligue 1","52.73","187","187",20,"8000000","Medium"
288225,"Ludovic Blas","Forward",2023,6,"Ligue 1","52.59","188","188",10,"18000000","Medium"
955357,"Eli Junior Kroupi","Forward",2023,6,"Ligue 1","52.35","189","189",29,"400000","Low"
453870,"Benedict Hollerbach","Forward",2023,6,"Bundesliga","52.09","190","190",86,"650000","Low"
191891,"Arkadiusz Milik","Forward",2023,6,"Serie A","51.89","191","191",20,"8000000","Medium"
82009,"Kevin Volland","Forward",2023,6,"Bundesliga","51.84","192","192",41,"10000000","Medium"
27389,"Kévin Gameiro","Forward",2023,6,"Ligue 1","51.80","193","193",74,"1200000","Low"
737781,"Jérémy Le Douaron","Forward",2023,6,"Ligue 1","51.42","194","194",52,"4500000","Low"
607226,"Loum Tchaouna","Forward",2023,6,"Serie A","51.12","195","195",40,"1800000","Low"
623570,"Iliman Ndiaye","Forward",2023,6,"Ligue 1","50.72","196","196",16,"15000000","Medium"
487465,"Pedro Neto","Forward",2023,6,"Premier League","50.13","197","197",49,"28000000","High"
504849,"Kaoru Mitoma","Forward",2023,6,"Premier League","49.53","198","198",42,"22000000","High"
955070,"Ernest Nuamah","Forward",2023,6,"Ligue 1","49.46","199","200",6,"6000000","Medium"
955070,"Ernest Nuamah","Forward",2023,6,"Ligue 1","49.46","199","199",6,"6000000","Medium"
955070,"Ernest Nuamah","Forward",2023,6,"Ligue 1","49.46","199","200",6,"6000000","Medium"
955070,"Ernest Nuamah","Forward",2023,6,"Ligue 1","49.46","199","201",6,"6000000","Medium"
955070,"Ernest Nuamah","Forward",2023,6,"Ligue 1","49.46","199","199",6,"6000000","Medium"
955070,"Ernest Nuamah","Forward",2023,6,"Ligue 1","49.46","199","200",6,"6000000","Medium"
955070,"Ernest Nuamah","Forward",2023,6,"Ligue 1","49.46","199","201",6,"6000000","Medium"
955070,"Ernest Nuamah","Forward",2023,6,"Ligue 1","49.46","199","201",6,"6000000","Medium"
955070,"Ernest Nuamah","Forward",2023,6,"Ligue 1","49.46","199","199",6,"6000000","Medium"
343463,"Cyle Larin","Forward",2023,6,"La Liga","48.98","202","202",20,"8000000","Medium"
343463,"Cyle Larin","Forward",2023,6,"La Liga","48.98","202","203",20,"8000000","Medium"
343463,"Cyle Larin","Forward",2023,6,"La Liga","48.98","202","203",20,"8000000","Medium"
343463,"Cyle Larin","Forward",2023,6,"La Liga","48.98","202","202",20,"8000000","Medium"
45403,"André Ayew","Forward",2023,6,"Ligue 1","48.93","204","204",40,"1800000","Low"
223725,"Munir El Haddadi","Forward",2023,6,"La Liga","48.72","205","205",33,"3500000","Low"
616369,"Ander Barrenetxea","Forward",2023,6,"La Liga","48.69","206","206",6,"6000000","Medium"
673071,"Oscar Vilhelmsson","Forward",2023,6,"Bundesliga","48.47","207","207",17,"1500000","Low"
467720,"Youssoufa Moukoko","Forward",2023,6,"Bundesliga","48.31","208","208",43,"30000000","High"
405397,"Keito Nakamura","Forward",2023,6,"Ligue 1","47.25","209","209",9,"5000000","Medium"
243714,"Kingsley Coman","Forward",2023,6,"Bundesliga","47.09","210","210",66,"65000000","Elite"
644401,"Keane Lewis-Potter","Forward",2023,6,"Premier League","46.85","211","211",16,"15000000","Medium"
487843,"Lorenzo Colombo","Forward",2023,6,"Serie A","46.76","212","213",9,"5000000","Medium"
487843,"Lorenzo Colombo","Forward",2023,6,"Serie A","46.76","212","213",9,"5000000","Medium"
487843,"Lorenzo Colombo","Forward",2023,6,"Serie A","46.76","212","212",9,"5000000","Medium"
487843,"Lorenzo Colombo","Forward",2023,6,"Serie A","46.76","212","212",9,"5000000","Medium"
787232,"David Datro Fofana","Forward",2023,6,"Premier League","46.49","214","215",41,"10000000","Medium"
787232,"David Datro Fofana","Forward",2023,6,"Premier League","46.49","214","215",41,"10000000","Medium"
787232,"David Datro Fofana","Forward",2023,6,"Premier League","46.49","214","216",41,"10000000","Medium"
787232,"David Datro Fofana","Forward",2023,6,"Premier League","46.49","214","214",41,"10000000","Medium"
787232,"David Datro Fofana","Forward",2023,6,"Premier League","46.49","214","214",41,"10000000","Medium"
787232,"David Datro Fofana","Forward",2023,6,"Premier League","46.49","214","216",41,"10000000","Medium"
787232,"David Datro Fofana","Forward",2023,6,"Premier League","46.49","214","216",41,"10000000","Medium"
787232,"David Datro Fofana","Forward",2023,6,"Premier League","46.49","214","215",41,"10000000","Medium"
787232,"David Datro Fofana","Forward",2023,6,"Premier League","46.49","214","214",41,"10000000","Medium"
199953,"Caleb Ekuban","Forward",2023,6,"Serie A","46.37","217","217",63,"1300000","Low"
113707,"Rémy Cabella","Forward",2023,6,"Ligue 1","46.36","218","218",9,"5000000","Medium"
199527,"Jacob Murphy","Forward",2023,6,"Premier League","46.26","219","219",16,"15000000","Medium"
626913,"Boulaye Dia","Forward",2023,6,"Serie A","45.45","220","220",24,"14000000","Medium"
505674,"Sergio Camello","Forward",2023,6,"La Liga","45.22","221","221",41,"10000000","Medium"
94529,"Stephan El Shaarawy","Forward",2023,6,"Serie A","45.04","222","222",9,"5000000","Medium"
456492,"Faride Alidou","Forward",2023,6,"Bundesliga","44.78","223","223",28,"2500000","Low"
70411,"Darko Lazović","Forward",2023,6,"Serie A","44.68","224","224",28,"2500000","Low"
545538,"Lameck Banda","Forward",2023,6,"Serie A","44.51","225","225",14,"4000000","Low"
130394,"Gianluca Lapadula","Forward",2023,6,"Serie A","44.44","226","226",134,"2700000","Low"
733576,"Alberto Moleiro","Forward",2023,6,"La Liga","44.03","227","227",9,"5000000","Medium"
822458,"Bamba Dieng","Forward",2023,6,"Ligue 1","43.66","228","228",20,"8000000","Medium"
928323,"Ibrahim Salah","Forward",2023,6,"Ligue 1","42.96","229","229",23,"3000000","Low"
361238,"Rubén García","Forward",2023,6,"La Liga","42.61","230","230",6,"6000000","Medium"
358166,"Eldor Shomurodov","Forward",2023,6,"Serie A","42.56","231","231",6,"6000000","Medium"
358166,"Eldor Shomurodov","Forward",2023,6,"Serie A","42.56","231","232",6,"6000000","Medium"
358166,"Eldor Shomurodov","Forward",2023,6,"Serie A","42.56","231","231",6,"6000000","Medium"
358166,"Eldor Shomurodov","Forward",2023,6,"Serie A","42.56","231","232",6,"6000000","Medium"
764859,"Williot Swedberg","Forward",2023,6,"La Liga","42.11","233","233",14,"4000000","Low"
620477,"Kaio Jorge","Forward",2023,6,"Serie A","41.48","234","234",23,"3000000","Low"
620477,"Kaio Jorge","Forward",2023,6,"Serie A","41.48","234","235",23,"3000000","Low"
620477,"Kaio Jorge","Forward",2023,6,"Serie A","41.48","234","235",23,"3000000","Low"
620477,"Kaio Jorge","Forward",2023,6,"Serie A","41.48","234","234",23,"3000000","Low"
649317,"Jhon Durán","Forward",2023,6,"Premier League","41.48","236","236",5,"12000000","Medium"
40433,"Alexis Sánchez","Forward",2023,6,"Serie A","40.46","237","237",14,"4000000","Low"
711517,"Kevin Paredes","Forward",2023,6,"Bundesliga","40.15","238","238",9,"5000000","Medium"
358008,"Gianluca Gaetano","Forward",2023,6,"Serie A","39.96","239","240",52,"4500000","Low"
358008,"Gianluca Gaetano","Forward",2023,6,"Serie A","39.96","239","239",52,"4500000","Low"
358008,"Gianluca Gaetano","Forward",2023,6,"Serie A","39.96","239","239",52,"4500000","Low"
358008,"Gianluca Gaetano","Forward",2023,6,"Serie A","39.96","239","240",52,"4500000","Low"
323831,"Rafael Borré","Forward",2023,6,"Bundesliga","39.78","241","241",5,"12000000","Medium"
323831,"Rafael Borré","Forward",2023,6,"Bundesliga","39.78","241","243",5,"12000000","Medium"
323831,"Rafael Borré","Forward",2023,6,"Bundesliga","39.78","241","242",5,"12000000","Medium"
323831,"Rafael Borré","Forward",2023,6,"Bundesliga","39.78","241","242",5,"12000000","Medium"
323831,"Rafael Borré","Forward",2023,6,"Bundesliga","39.78","241","243",5,"12000000","Medium"
323831,"Rafael Borré","Forward",2023,6,"Bundesliga","39.78","241","241",5,"12000000","Medium"
323831,"Rafael Borré","Forward",2023,6,"Bundesliga","39.78","241","243",5,"12000000","Medium"
323831,"Rafael Borré","Forward",2023,6,"Bundesliga","39.78","241","242",5,"12000000","Medium"
323831,"Rafael Borré","Forward",2023,6,"Bundesliga","39.78","241","241",5,"12000000","Medium"
337715,"Umar Sadiq","Forward",2023,6,"La Liga","39.40","244","244",10,"18000000","Medium"
496094,"Karim Adeyemi","Forward",2023,6,"Bundesliga","39.14","245","245",7,"40000000","High"
225122,"Gonçalo Guedes","Forward",2023,6,"La Liga","39.08","246","247",49,"28000000","High"
225122,"Gonçalo Guedes","Forward",2023,6,"La Liga","39.08","246","246",49,"28000000","High"
225122,"Gonçalo Guedes","Forward",2023,6,"La Liga","39.08","246","248",49,"28000000","High"
225122,"Gonçalo Guedes","Forward",2023,6,"La Liga","39.08","246","247",49,"28000000","High"
225122,"Gonçalo Guedes","Forward",2023,6,"La Liga","39.08","246","246",49,"28000000","High"
225122,"Gonçalo Guedes","Forward",2023,6,"La Liga","39.08","246","248",49,"28000000","High"
225122,"Gonçalo Guedes","Forward",2023,6,"La Liga","39.08","246","247",49,"28000000","High"
225122,"Gonçalo Guedes","Forward",2023,6,"La Liga","39.08","246","246",49,"28000000","High"
225122,"Gonçalo Guedes","Forward",2023,6,"La Liga","39.08","246","248",49,"28000000","High"
181547,"Gonçalo Paciência","Forward",2023,6,"Bundesliga","38.92","249","250",28,"2500000","Low"
181547,"Gonçalo Paciência","Forward",2023,6,"Bundesliga","38.92","249","249",28,"2500000","Low"
181547,"Gonçalo Paciência","Forward",2023,6,"Bundesliga","38.92","249","250",28,"2500000","Low"
181547,"Gonçalo Paciência","Forward",2023,6,"Bundesliga","38.92","249","249",28,"2500000","Low"
203460,"Jack Grealish","Forward",2023,6,"Premier League","38.81","251","251",18,"75000000","Elite"
199369,"Sandro Ramírez","Forward",2023,6,"La Liga","37.86","252","252",3,"2000000","Low"
983989,"Facundo Buonanotte","Forward",2023,6,"Premier League","37.72","253","253",5,"12000000","Medium"
241527,"Federico Bonazzoli","Forward",2023,6,"Serie A","37.71","254","255",52,"4500000","Low"
241527,"Federico Bonazzoli","Forward",2023,6,"Serie A","37.71","254","254",52,"4500000","Low"
241527,"Federico Bonazzoli","Forward",2023,6,"Serie A","37.71","254","254",52,"4500000","Low"
241527,"Federico Bonazzoli","Forward",2023,6,"Serie A","37.71","254","255",52,"4500000","Low"
232463,"Luca Pfeiffer","Forward",2023,6,"Bundesliga","37.65","256","257",3,"2000000","Low"
232463,"Luca Pfeiffer","Forward",2023,6,"Bundesliga","37.65","256","256",3,"2000000","Low"
232463,"Luca Pfeiffer","Forward",2023,6,"Bundesliga","37.65","256","256",3,"2000000","Low"
232463,"Luca Pfeiffer","Forward",2023,6,"Bundesliga","37.65","256","257",3,"2000000","Low"
540536,"Carlos Vicente","Forward",2023,6,"La Liga","37.62","258","258",29,"400000","Low"
427161,"Lebo Mothiba","Forward",2023,6,"Ligue 1","37.59","259","259",74,"1200000","Low"
409517,"Yorbe Vertessen","Forward",2023,6,"Bundesliga","37.45","260","260",77,"3800000","Low"
283994,"Ludovic Ajorque","Forward",2023,6,"Bundesliga","37.37","261","261",21,"9000000","Medium"
84765,"Francesco Caputo","Forward",2023,6,"Serie A","37.28","262","262",17,"1500000","Low"
82048,"Nicola Sansone","Forward",2023,6,"Serie A","36.38","263","263",17,"1500000","Low"
212391,"Roger Martí","Forward",2023,6,"La Liga","35.92","264","264",3,"2000000","Low"
462823,"Gustav Isaksen","Forward",2023,6,"Serie A","35.49","265","265",32,"7500000","Medium"
459151,"Nicolò Cambiaghi","Forward",2023,6,"Serie A","35.19","266","266",23,"3000000","Low"
126737,"Juanmi","Forward",2023,6,"La Liga","34.89","267","267",5,"12000000","Medium"
126737,"Juanmi","Forward",2023,6,"La Liga","34.89","267","269",5,"12000000","Medium"
126737,"Juanmi","Forward",2023,6,"La Liga","34.89","267","268",5,"12000000","Medium"
126737,"Juanmi","Forward",2023,6,"La Liga","34.89","267","267",5,"12000000","Medium"
126737,"Juanmi","Forward",2023,6,"La Liga","34.89","267","269",5,"12000000","Medium"
126737,"Juanmi","Forward",2023,6,"La Liga","34.89","267","268",5,"12000000","Medium"
126737,"Juanmi","Forward",2023,6,"La Liga","34.89","267","267",5,"12000000","Medium"
126737,"Juanmi","Forward",2023,6,"La Liga","34.89","267","269",5,"12000000","Medium"
126737,"Juanmi","Forward",2023,6,"La Liga","34.89","267","268",5,"12000000","Medium"
300532,"Pontus Almqvist","Forward",2023,6,"Serie A","34.73","270","271",3,"2000000","Low"
300532,"Pontus Almqvist","Forward",2023,6,"Serie A","34.73","270","271",3,"2000000","Low"
300532,"Pontus Almqvist","Forward",2023,6,"Serie A","34.73","270","270",3,"2000000","Low"
300532,"Pontus Almqvist","Forward",2023,6,"Serie A","34.73","270","270",3,"2000000","Low"
365108,"Dan Ndoye","Forward",2023,6,"Serie A","34.72","272","272",33,"3500000","Low"
512385,"Luis Sinisterra","Forward",2023,6,"Premier League","34.61","273","273",42,"22000000","High"
512385,"Luis Sinisterra","Forward",2023,6,"Premier League","34.61","273","274",42,"22000000","High"
512385,"Luis Sinisterra","Forward",2023,6,"Premier League","34.61","273","273",42,"22000000","High"
512385,"Luis Sinisterra","Forward",2023,6,"Premier League","34.61","273","274",42,"22000000","High"
180337,"Sardar Azmoun","Forward",2023,6,"Serie A","34.51","275","275",5,"12000000","Medium"
180337,"Sardar Azmoun","Forward",2023,6,"Serie A","34.51","275","275",5,"12000000","Medium"
180337,"Sardar Azmoun","Forward",2023,6,"Serie A","34.51","275","276",5,"12000000","Medium"
180337,"Sardar Azmoun","Forward",2023,6,"Serie A","34.51","275","276",5,"12000000","Medium"
406973,"Moritz Broschinski","Forward",2023,6,"Bundesliga","34.30","277","277",2,"500000","Low"
159471,"Serge Gnabry","Forward",2023,6,"Bundesliga","33.99","278","278",54,"55000000","High"
289182,"Christopher Antwi-Adjei","Forward",2023,6,"Bundesliga","33.80","279","279",40,"1800000","Low"
296879,"Steffen Tigges","Forward",2023,6,"Bundesliga","33.67","280","280",33,"3500000","Low"
700646,"André Silva","Forward",2023,6,"La Liga","33.57","281","281",11,"20000000","High"
209212,"Solly March","Forward",2023,6,"Premier League","33.39","282","282",10,"18000000","Medium"
623521,"Juanmi Latasa","Forward",2023,6,"La Liga","33.03","283","283",23,"3000000","Low"
455181,"Jorge de Frutos","Forward",2023,6,"La Liga","32.58","284","284",20,"8000000","Medium"
455661,"Nick Woltemade","Forward",2023,6,"Bundesliga","31.63","285","285",30,"800000","Low"
782630,"Khalil Fayad","Forward",2023,6,"Ligue 1","30.80","286","286",28,"2500000","Low"
344381,"Christopher Nkunku","Forward",2023,6,"Premier League","30.58","287","287",15,"80000000","Elite"
125614,"Sargis Adamyan","Forward",2023,6,"Bundesliga","30.55","288","288",3,"2000000","Low"
560725,"Abdoul Kader Bamba","Forward",2023,6,"Ligue 1","30.22","289","289",59,"900000","Low"
613393,"Gaetano Oristanio","Forward",2023,6,"Serie A","29.88","290","291",13,"1000000","Low"
613393,"Gaetano Oristanio","Forward",2023,6,"Serie A","29.88","290","290",13,"1000000","Low"
613393,"Gaetano Oristanio","Forward",2023,6,"Serie A","29.88","290","291",13,"1000000","Low"
613393,"Gaetano Oristanio","Forward",2023,6,"Serie A","29.88","290","290",13,"1000000","Low"
337725,"Christian Kouamé","Forward",2023,6,"Serie A","29.81","292","292",5,"12000000","Medium"
798687,"Antony","Forward",2023,6,"Premier League","29.78","293","293",31,"70000000","Elite"
670882,"Jamie Gittens","Forward",2023,6,"Bundesliga","29.57","294","294",24,"14000000","Medium"
1099726,"Papa Amadou Diallo","Forward",2023,6,"Ligue 1","29.48","295","295",58,"150000","Low"
392085,"Nicolò Zaniolo","Forward",2023,6,"Premier League","29.20","296","296",49,"28000000","High"
392085,"Nicolò Zaniolo","Forward",2023,6,"Premier League","29.20","296","296",49,"28000000","High"
392085,"Nicolò Zaniolo","Forward",2023,6,"Premier League","29.20","296","297",49,"28000000","High"
392085,"Nicolò Zaniolo","Forward",2023,6,"Premier League","29.20","296","297",49,"28000000","High"
335103,"Linton Maina","Forward",2023,6,"Bundesliga","28.90","298","298",52,"4500000","Low"
119234,"Karim Onisiwo","Forward",2023,6,"Bundesliga","28.81","299","299",33,"3500000","Low"
823231,"Dango Ouattara","Forward",2023,6,"Premier League","28.53","300","300",11,"20000000","High"
1061282,"Assane Diao","Forward",2023,6,"La Liga","27.39","301","301",34,"200000","Low"
186988,"Sven Michel","Forward",2023,6,"Bundesliga","27.23","302","302",59,"900000","Low"
364405,"Adama Traoré","Forward",2023,6,"Premier League","27.07","303","303",9,"5000000","Medium"
401922,"Samuel Chukwueze","Forward",2023,6,"Serie A","27.05","304","304",26,"25000000","High"
119228,"Luis Muriel","Forward",2023,6,"Serie A","26.94","305","305",20,"8000000","Medium"
845654,"Kenan Yıldız","Forward",2023,6,"Serie A","26.87","306","306",13,"1000000","Low"
188888,"Sheraldo Becker","Forward",2023,6,"La Liga","26.02","307","307",45,"17000000","Medium"
251897,"Asier Villalibre","Forward",2023,6,"La Liga","25.12","308","308",28,"2500000","Low"
763182,"Josué Casimir","Forward",2023,6,"Ligue 1","24.62","309","309",17,"1500000","Low"
691786,"Morgan Guilavogui","Forward",2023,6,"Ligue 1","24.61","310","310",40,"1800000","Low"
616344,"Tiago Tomás","Forward",2023,6,"Bundesliga","24.15","311","311",25,"7000000","Medium"
282388,"Giovanni Simeone","Forward",2023,6,"Serie A","24.01","312","312",16,"15000000","Medium"
295331,"Isaac Success","Forward",2023,6,"Serie A","23.98","313","313",14,"4000000","Low"
652275,"Hákon Arnar Haraldsson","Forward",2023,6,"Ligue 1","23.76","314","314",6,"6000000","Medium"
457673,"Gabriel Strefezza","Forward",2023,6,"Serie A","23.53","315","315",41,"10000000","Medium"
457673,"Gabriel Strefezza","Forward",2023,6,"Serie A","23.53","315","316",41,"10000000","Medium"
457673,"Gabriel Strefezza","Forward",2023,6,"Serie A","23.53","315","316",41,"10000000","Medium"
457673,"Gabriel Strefezza","Forward",2023,6,"Serie A","23.53","315","315",41,"10000000","Medium"
103565,"Wahbi Khazri","Forward",2023,6,"Ligue 1","23.40","317","317",28,"2500000","Low"
943837,"Vitor Roque","Forward",2023,6,"La Liga","23.17","318","318",24,"14000000","Medium"
742201,"Giuliano Simeone","Forward",2023,6,"La Liga","23.11","319","320",3,"2000000","Low"
742201,"Giuliano Simeone","Forward",2023,6,"La Liga","23.11","319","319",3,"2000000","Low"
742201,"Giuliano Simeone","Forward",2023,6,"La Liga","23.11","319","320",3,"2000000","Low"
742201,"Giuliano Simeone","Forward",2023,6,"La Liga","23.11","319","319",3,"2000000","Low"
472249,"Jan Thielmann","Forward",2023,6,"Bundesliga","22.70","321","321",32,"7500000","Medium"
375391,"Joel Asoro","Forward",2023,6,"Ligue 1","22.59","322","322",17,"1500000","Low"
473050,"Kevin Schade","Forward",2023,6,"Premier League","22.35","323","323",11,"20000000","High"
534379,"Pejiño","Forward",2023,6,"La Liga","21.87","324","324",40,"1800000","Low"
216464,"Carlos Fernández","Forward",2023,6,"La Liga","21.58","325","325",23,"3000000","Low"
533295,"Patrick Wimmer","Forward",2023,6,"Bundesliga","21.51","326","326",5,"12000000","Medium"
503749,"Jacob Ramsey","Forward",2023,6,"Premier League","21.16","327","327",50,"32000000","High"
361254,"Rafa Mir","Forward",2023,6,"La Liga","21.06","328","328",41,"10000000","Medium"
525287,"Carlos Vinícius","Forward",2023,6,"Premier League","20.70","329","330",6,"6000000","Medium"
525287,"Carlos Vinícius","Forward",2023,6,"Premier League","20.70","329","329",6,"6000000","Medium"
525287,"Carlos Vinícius","Forward",2023,6,"Premier League","20.70","329","330",6,"6000000","Medium"
525287,"Carlos Vinícius","Forward",2023,6,"Premier League","20.70","329","329",6,"6000000","Medium"
618425,"Tanguy Coulibaly","Forward",2023,6,"Ligue 1","20.23","331","331",28,"2500000","Low"
345590,"Jens Odgaard","Forward",2023,6,"Serie A","20.00","332","332",6,"6000000","Medium"
345590,"Jens Odgaard","Forward",2023,6,"Serie A","20.00","332","333",6,"6000000","Medium"
345590,"Jens Odgaard","Forward",2023,6,"Serie A","20.00","332","333",6,"6000000","Medium"
345590,"Jens Odgaard","Forward",2023,6,"Serie A","20.00","332","332",6,"6000000","Medium"
649016,"El Bilal Touré","Forward",2023,6,"Serie A","19.74","334","334",5,"12000000","Medium"
199258,"Andrea Petagna","Forward",2023,6,"Serie A","19.58","335","335",41,"10000000","Medium"
199258,"Andrea Petagna","Forward",2023,6,"Serie A","19.58","335","336",41,"10000000","Medium"
199258,"Andrea Petagna","Forward",2023,6,"Serie A","19.58","335","336",41,"10000000","Medium"
199258,"Andrea Petagna","Forward",2023,6,"Serie A","19.58","335","335",41,"10000000","Medium"
199258,"Andrea Petagna","Forward",2023,6,"Serie A","19.58","335","337",41,"10000000","Medium"
199258,"Andrea Petagna","Forward",2023,6,"Serie A","19.58","335","335",41,"10000000","Medium"
199258,"Andrea Petagna","Forward",2023,6,"Serie A","19.58","335","336",41,"10000000","Medium"
199258,"Andrea Petagna","Forward",2023,6,"Serie A","19.58","335","337",41,"10000000","Medium"
199258,"Andrea Petagna","Forward",2023,6,"Serie A","19.58","335","337",41,"10000000","Medium"
277033,"David Brooks","Forward",2023,6,"Premier League","19.37","338","338",5,"12000000","Medium"
277033,"David Brooks","Forward",2023,6,"Premier League","19.37","338","338",5,"12000000","Medium"
277033,"David Brooks","Forward",2023,6,"Premier League","19.37","338","339",5,"12000000","Medium"
277033,"David Brooks","Forward",2023,6,"Premier League","19.37","338","339",5,"12000000","Medium"
560483,"Randy Nteka","Forward",2023,6,"La Liga","19.34","340","340",3,"2000000","Low"
39152,"Radamel Falcao","Forward",2023,6,"La Liga","19.34","341","341",3,"2000000","Low"
586853,"Vitinha","Forward",2023,6,"Serie A","18.77","342","342",104,"42000000","High"
586853,"Vitinha","Forward",2023,6,"Serie A","18.77","342","343",104,"42000000","High"
586853,"Vitinha","Forward",2023,6,"Serie A","18.77","342","343",104,"42000000","High"
586853,"Vitinha","Forward",2023,6,"Serie A","18.77","342","342",104,"42000000","High"
1004741,"Pedro","Forward",2023,6,"Serie A","18.63","344","344",42,"22000000","High"
820241,"Damion Downs","Forward",2023,6,"Bundesliga","17.59","345","345",46,"250000","Low"
802747,"Siriné Doucouré","Forward",2023,6,"Ligue 1","17.52","346","346",2,"500000","Low"
802747,"Siriné Doucouré","Forward",2023,6,"Ligue 1","17.52","346","347",2,"500000","Low"
802747,"Siriné Doucouré","Forward",2023,6,"Ligue 1","17.52","346","346",2,"500000","Low"
802747,"Siriné Doucouré","Forward",2023,6,"Ligue 1","17.52","346","347",2,"500000","Low"
661207,"Oscar Bobb","Forward",2023,6,"Premier League","17.39","348","348",41,"10000000","Medium"
163222,"Grégoire Defrel","Forward",2023,6,"Serie A","17.31","349","349",17,"1500000","Low"
256429,"Sergi Guardiola","Forward",2023,6,"La Liga","17.28","350","350",3,"2000000","Low"
117432,"Kevin Behrens","Forward",2023,6,"Bundesliga","17.01","351","351",17,"1500000","Low"
743598,"Ângelo","Forward",2023,6,"Ligue 1","16.19","352","352",47,"13000000","Medium"
743598,"Ângelo","Forward",2023,6,"Ligue 1","16.19","352","353",47,"13000000","Medium"
743598,"Ângelo","Forward",2023,6,"Ligue 1","16.19","352","354",47,"13000000","Medium"
743598,"Ângelo","Forward",2023,6,"Ligue 1","16.19","352","353",47,"13000000","Medium"
743598,"Ângelo","Forward",2023,6,"Ligue 1","16.19","352","354",47,"13000000","Medium"
743598,"Ângelo","Forward",2023,6,"Ligue 1","16.19","352","352",47,"13000000","Medium"
743598,"Ângelo","Forward",2023,6,"Ligue 1","16.19","352","354",47,"13000000","Medium"
743598,"Ângelo","Forward",2023,6,"Ligue 1","16.19","352","352",47,"13000000","Medium"
743598,"Ângelo","Forward",2023,6,"Ligue 1","16.19","352","353",47,"13000000","Medium"
169801,"Cauley Woodrow","Forward",2023,6,"Premier League","16.06","355","355",74,"1200000","Low"
149716,"Ivan Cavaleiro","Forward",2023,6,"Ligue 1","15.95","356","356",147,"2300000","Low"
634105,"Alberto Marí","Forward",2023,6,"La Liga","15.48","357","357",30,"800000","Low"
476836,"Aron Dønnum","Forward",2023,6,"Ligue 1","14.58","358","358",28,"2500000","Low"
884072,"Jeffinho","Forward",2023,6,"Ligue 1","14.53","359","359",6,"6000000","Medium"
400485,"Adam Ounas","Forward",2023,6,"Ligue 1","14.51","360","360",25,"7000000","Medium"
134294,"Danny Ings","Forward",2023,6,"Premier League","14.34","361","361",5,"12000000","Medium"
536835,"Amad Diallo","Forward",2023,6,"Premier League","13.97","362","362",47,"13000000","Medium"
575693,"Ibrahim Cissoko","Forward",2023,6,"Ligue 1","13.93","363","363",2,"500000","Low"
364133,"Pietro Pellegri","Forward",2023,6,"Serie A","13.58","364","364",14,"4000000","Low"
1028162,"Antoine Joujou","Forward",2023,6,"Ligue 1","13.31","365","365",2,"500000","Low"
290532,"Saïd Benrahma","Forward",2023,6,"Premier League","12.99","366","366",26,"25000000","High"
290532,"Saïd Benrahma","Forward",2023,6,"Premier League","12.99","366","367",26,"25000000","High"
290532,"Saïd Benrahma","Forward",2023,6,"Premier League","12.99","366","366",26,"25000000","High"
290532,"Saïd Benrahma","Forward",2023,6,"Premier League","12.99","366","367",26,"25000000","High"
303116,"Gaetano Castrovilli","Forward",2023,6,"Serie A","12.90","368","368",41,"10000000","Medium"
197751,"Alberto Cerri","Forward",2023,6,"Serie A","12.01","369","370",3,"2000000","Low"
197751,"Alberto Cerri","Forward",2023,6,"Serie A","12.01","369","370",3,"2000000","Low"
197751,"Alberto Cerri","Forward",2023,6,"Serie A","12.01","369","369",3,"2000000","Low"
197751,"Alberto Cerri","Forward",2023,6,"Serie A","12.01","369","369",3,"2000000","Low"
1018259,"Gift Orban","Forward",2023,6,"Ligue 1","11.77","371","371",21,"9000000","Medium"
238654,"Jaime Báez","Forward",2023,6,"Serie A","11.58","372","372",74,"1200000","Low"
849520,"Santiago Castro","Forward",2023,6,"Serie A","11.54","373","373",13,"1000000","Low"
237662,"Breel Embolo","Forward",2023,6,"Ligue 1","11.22","374","374",42,"22000000","High"
237617,"Cristian Herrera","Forward",2023,6,"La Liga","10.56","375","375",27,"600000","Low"
916920,"Shavy Babicka","Forward",2023,6,"Ligue 1","10.42","376","376",27,"600000","Low"
282672,"Benito Ramírez","Forward",2023,6,"La Liga","10.38","377","377",27,"600000","Low"
364135,"Moise Kean","Forward",2023,6,"Serie A","9.55","378","378",10,"18000000","Medium"
672803,"Bertuğ Yıldırım","Forward",2023,6,"Ligue 1","9.20","379","379",3,"2000000","Low"
1081219,"Othmane Maamma","Forward",2023,6,"Ligue 1","8.37","380","380",58,"150000","Low"
412932,"Myron Boadu","Forward",2023,6,"Ligue 1","8.10","381","381",20,"8000000","Medium"
412932,"Myron Boadu","Forward",2023,6,"Ligue 1","8.10","381","383",20,"8000000","Medium"
412932,"Myron Boadu","Forward",2023,6,"Ligue 1","8.10","381","381",20,"8000000","Medium"
412932,"Myron Boadu","Forward",2023,6,"Ligue 1","8.10","381","383",20,"8000000","Medium"
316575,"Moritz-Broni Kwarteng","Forward",2023,6,"Bundesliga","8.10","381","382",59,"900000","Low"
609556,"William Osula","Forward",2023,6,"Premier League","7.50","384","384",58,"150000","Low"
208167,"Dawid Kownacki","Forward",2023,6,"Bundesliga","7.39","385","385",23,"3000000","Low"
892973,"Lovro Zvonarek","Forward",2023,6,"Bundesliga","7.23","386","386",17,"1500000","Low"
457422,"Samuele Mulattieri","Forward",2023,6,"Serie A","7.15","387","387",52,"4500000","Low"
569389,"Sofiane Diop","Forward",2023,6,"Ligue 1","7.10","388","388",16,"15000000","Medium"
60957,"Sebastian Polter","Forward",2023,6,"Bundesliga","6.80","389","390",30,"800000","Low"
60957,"Sebastian Polter","Forward",2023,6,"Bundesliga","6.80","389","389",30,"800000","Low"
60957,"Sebastian Polter","Forward",2023,6,"Bundesliga","6.80","389","390",30,"800000","Low"
60957,"Sebastian Polter","Forward",2023,6,"Bundesliga","6.80","389","389",30,"800000","Low"
195171,"Samu Castillejo","Forward",2023,6,"Serie A","5.86","391","391",6,"6000000","Medium"
195171,"Samu Castillejo","Forward",2023,6,"Serie A","5.86","391","392",6,"6000000","Medium"
195171,"Samu Castillejo","Forward",2023,6,"Serie A","5.86","391","391",6,"6000000","Medium"
195171,"Samu Castillejo","Forward",2023,6,"Serie A","5.86","391","392",6,"6000000","Medium"
377219,"Selim Amallah","Forward",2023,6,"La Liga","5.56","393","394",14,"4000000","Low"
377219,"Selim Amallah","Forward",2023,6,"La Liga","5.56","393","393",14,"4000000","Low"
377219,"Selim Amallah","Forward",2023,6,"La Liga","5.56","393","394",14,"4000000","Low"
377219,"Selim Amallah","Forward",2023,6,"La Liga","5.56","393","393",14,"4000000","Low"
505653,"Fábio Silva","Forward",2023,6,"Premier League","4.53","395","396",47,"13000000","Medium"
505653,"Fábio Silva","Forward",2023,6,"Premier League","4.53","395","396",47,"13000000","Medium"
505653,"Fábio Silva","Forward",2023,6,"Premier League","4.53","395","395",47,"13000000","Medium"
505653,"Fábio Silva","Forward",2023,6,"Premier League","4.53","395","395",47,"13000000","Medium"
227081,"Joaquín Correa","Forward",2023,6,"Ligue 1","4.21","397","397",24,"14000000","Medium"
227081,"Joaquín Correa","Forward",2023,6,"Ligue 1","4.21","397","398",24,"14000000","Medium"
227081,"Joaquín Correa","Forward",2023,6,"Ligue 1","4.21","397","398",24,"14000000","Medium"
227081,"Joaquín Correa","Forward",2023,6,"Ligue 1","4.21","397","397",24,"14000000","Medium"
537382,"Bryan Gil","Forward",2023,6,"Premier League","4.18","399","399",16,"15000000","Medium"
384060,"Tino Kadewere","Forward",2023,6,"Ligue 1","3.88","400","400",14,"4000000","Low"
388160,"Fraser Hornby","Forward",2023,6,"Bundesliga","3.53","401","401",74,"1200000","Low"
589737,"Kelvin Yeboah","Forward",2023,6,"Ligue 1","3.12","402","402",33,"3500000","Low"
589737,"Kelvin Yeboah","Forward",2023,6,"Ligue 1","3.12","402","404",33,"3500000","Low"
589737,"Kelvin Yeboah","Forward",2023,6,"Ligue 1","3.12","402","403",33,"3500000","Low"
589737,"Kelvin Yeboah","Forward",2023,6,"Ligue 1","3.12","402","404",33,"3500000","Low"
589737,"Kelvin Yeboah","Forward",2023,6,"Ligue 1","3.12","402","402",33,"3500000","Low"
589737,"Kelvin Yeboah","Forward",2023,6,"Ligue 1","3.12","402","403",33,"3500000","Low"
589737,"Kelvin Yeboah","Forward",2023,6,"Ligue 1","3.12","402","404",33,"3500000","Low"
589737,"Kelvin Yeboah","Forward",2023,6,"Ligue 1","3.12","402","402",33,"3500000","Low"
589737,"Kelvin Yeboah","Forward",2023,6,"Ligue 1","3.12","402","403",33,"3500000","Low"
367992,"Jesper Karlsson","Forward",2023,6,"Serie A","3.09","405","405",10,"18000000","Medium"
655006,"Diego Moreira","Forward",2023,6,"Ligue 1","3.00","406","406",3,"2000000","Low"
655006,"Diego Moreira","Forward",2023,6,"Ligue 1","3.00","406","407",3,"2000000","Low"
655006,"Diego Moreira","Forward",2023,6,"Ligue 1","3.00","406","406",3,"2000000","Low"
655006,"Diego Moreira","Forward",2023,6,"Ligue 1","3.00","406","407",3,"2000000","Low"
1064871,"Joaquín Panichelli","Forward",2023,6,"La Liga","2.77","408","408",89,"25000","Low"
177847,"Adnan Januzaj","Forward",2023,6,"La Liga","2.77","408","409",25,"7000000","Medium"
398030,"Giuseppe Caso","Forward",2023,6,"Serie A","2.69","410","410",80,"2800000","Low"
75489,"Niclas Füllkrug","Forward",2023,6,"Bundesliga","2.59","411","411",47,"13000000","Medium"
298575,"Kike Barja","Forward",2023,6,"La Liga","2.28","412","412",14,"4000000","Low"
707242,"Badredine Bouanani","Forward",2023,6,"Ligue 1","1.92","413","414",28,"2500000","Low"
707242,"Badredine Bouanani","Forward",2023,6,"Ligue 1","1.92","413","413",28,"2500000","Low"
707242,"Badredine Bouanani","Forward",2023,6,"Ligue 1","1.92","413","414",28,"2500000","Low"
707242,"Badredine Bouanani","Forward",2023,6,"Ligue 1","1.92","413","413",28,"2500000","Low"
568698,"Issa Soumaré","Forward",2023,6,"Ligue 1","1.89","415","416",59,"900000","Low"
568698,"Issa Soumaré","Forward",2023,6,"Ligue 1","1.89","415","417",59,"900000","Low"
568698,"Issa Soumaré","Forward",2023,6,"Ligue 1","1.89","415","416",59,"900000","Low"
568698,"Issa Soumaré","Forward",2023,6,"Ligue 1","1.89","415","417",59,"900000","Low"
568698,"Issa Soumaré","Forward",2023,6,"Ligue 1","1.89","415","416",59,"900000","Low"
568698,"Issa Soumaré","Forward",2023,6,"Ligue 1","1.89","415","415",59,"900000","Low"
568698,"Issa Soumaré","Forward",2023,6,"Ligue 1","1.89","415","415",59,"900000","Low"
568698,"Issa Soumaré","Forward",2023,6,"Ligue 1","1.89","415","417",59,"900000","Low"
568698,"Issa Soumaré","Forward",2023,6,"Ligue 1","1.89","415","415",59,"900000","Low"
852024,"Bénie Traoré","Forward",2023,6,"Premier League","1.24","418","420",33,"3500000","Low"
306382,"Benjamin Tetteh","Forward",2023,6,"Ligue 1","1.24","418","418",17,"1500000","Low"
852024,"Bénie Traoré","Forward",2023,6,"Premier League","1.24","418","420",33,"3500000","Low"
852024,"Bénie Traoré","Forward",2023,6,"Premier League","1.24","418","419",33,"3500000","Low"
852024,"Bénie Traoré","Forward",2023,6,"Premier League","1.24","418","419",33,"3500000","Low"
99353,"Portu","Forward",2023,6,"La Liga","0.34","421","423",52,"4500000","Low"
724520,"Abde Ezzalzouli","Forward",2023,6,"La Liga","0.34","421","421",16,"15000000","Medium"
491296,"Anass Zaroury","Forward",2023,6,"Premier League","0.34","421","422",25,"7000000","Medium"
99353,"Portu","Forward",2023,6,"La Liga","0.34","421","423",52,"4500000","Low"
99353,"Portu","Forward",2023,6,"La Liga","0.34","421","424",52,"4500000","Low"
99353,"Portu","Forward",2023,6,"La Liga","0.34","421","424",52,"4500000","Low"
684210,"Jaidon Anthony","Forward",2023,6,"Premier League","0.28","425","426",21,"9000000","Medium"
684210,"Jaidon Anthony","Forward",2023,6,"Premier League","0.28","425","425",21,"9000000","Medium"
684210,"Jaidon Anthony","Forward",2023,6,"Premier League","0.28","425","425",21,"9000000","Medium"
684210,"Jaidon Anthony","Forward",2023,6,"Premier League","0.28","425","426",21,"9000000","Medium"
452477,"Junior Adamu","Forward",2023,6,"Bundesliga","0.11","427","427",20,"8000000","Medium"
82873,"Pascal Groß","Midfielder",2023,6,"Premier League","98.60","1","1",20,"8000000","Medium"
240306,"Bruno Fernandes","Midfielder",2023,6,"Premier League","98.33","2","2",18,"75000000","Elite"
106872,"Kevin Stöger","Midfielder",2023,6,"Bundesliga","98.33","2","3",23,"3000000","Low"
598577,"Florian Wirtz","Midfielder",2023,6,"Bundesliga","98.07","4","4",19,"85000000","Elite"
566931,"Xavi Simons","Midfielder",2023,6,"Bundesliga","97.15","5","6",43,"30000000","High"
566931,"Xavi Simons","Midfielder",2023,6,"Bundesliga","97.15","5","5",43,"30000000","High"
566931,"Xavi Simons","Midfielder",2023,6,"Bundesliga","97.15","5","6",43,"30000000","High"
566931,"Xavi Simons","Midfielder",2023,6,"Bundesliga","97.15","5","5",43,"30000000","High"
241641,"Bernardo Silva","Midfielder",2023,6,"Premier League","95.91","7","7",15,"80000000","Elite"
85288,"Isco","Midfielder",2023,6,"La Liga","95.61","8","8",9,"5000000","Medium"
520624,"Bruno Guimarães","Midfielder",2023,6,"Premier League","95.59","9","9",31,"70000000","Elite"
128220,"Luis Alberto","Midfielder",2023,6,"Serie A","95.49","10","10",10,"18000000","Medium"
429014,"Morgan Gibbs-White","Midfielder",2023,6,"Premier League","95.30","11","11",43,"30000000","High"
369081,"Federico Valverde","Midfielder",2023,6,"La Liga","95.18","12","12",36,"100000000","Elite"
294057,"James Maddison","Midfielder",2023,6,"Premier League","94.86","13","13",55,"60000000","Elite"
357662,"Declan Rice","Midfielder",2023,6,"Premier League","94.21","14","14",51,"90000000","Elite"
261504,"Aleix García","Midfielder",2023,6,"La Liga","93.66","15","15",41,"10000000","Medium"
161056,"Joshua Kimmich","Midfielder",2023,6,"Bundesliga","93.46","16","16",18,"75000000","Elite"
581678,"Jude Bellingham","Midfielder",2023,6,"La Liga","92.85","17","17",4,"120000000","Elite"
55735,"Henrikh Mkhitaryan","Midfielder",2023,6,"Serie A","92.22","18","18",6,"6000000","Medium"
288230,"Ousmane Dembélé","Midfielder",2023,6,"Ligue 1","92.17","19","19",55,"60000000","Elite"
360518,"Teun Koopmeiners","Midfielder",2023,6,"Serie A","92.17","20","20",43,"30000000","High"
127156,"Téji Savanier","Midfielder",2023,6,"Ligue 1","92.05","21","21",41,"10000000","Medium"
488362,"Conor Gallagher","Midfielder",2023,6,"Premier League","91.65","22","22",50,"32000000","High"
31909,"Toni Kroos","Midfielder",2023,6,"La Liga","91.22","23","23",10,"18000000","Medium"
25488,"Antonio Candreva","Midfielder",2023,6,"Serie A","90.94","24","24",17,"1500000","Low"
392770,"Angel Gomes","Midfielder",2023,6,"Ligue 1","90.91","25","25",37,"16000000","Medium"
203394,"Andreas Pereira","Midfielder",2023,6,"Premier League","90.53","26","26",37,"16000000","Medium"
187492,"Julian Brandt","Midfielder",2023,6,"Bundesliga","90.49","27","27",7,"40000000","High"
188077,"Ryan Christie","Midfielder",2023,6,"Premier League","90.00","28","28",41,"10000000","Medium"
460939,"Tijjani Reijnders","Midfielder",2023,6,"Serie A","89.96","29","29",20,"8000000","Medium"
346853,"Romano Schmid","Midfielder",2023,6,"Bundesliga","89.90","30","30",52,"4500000","Low"
447661,"Douglas Luiz","Midfielder",2023,6,"Premier League","89.88","31","31",7,"40000000","High"
354726,"Florian Sotoca","Midfielder",2023,6,"Ligue 1","89.21","32","32",14,"4000000","Low"
263918,"Aleksandr Golovin","Midfielder",2023,6,"Ligue 1","89.17","33","33",26,"25000000","High"
227085,"Jonas Hofmann","Midfielder",2023,6,"Bundesliga","88.98","34","34",58,"150000","Low"
534033,"Alexis Mac Allister","Midfielder",2023,6,"Premier League","88.60","35","35",66,"65000000","Elite"
584769,"Dwight McNeil","Midfielder",2023,6,"Premier League","88.50","36","36",11,"20000000","High"
193116,"John McGinn","Midfielder",2023,6,"Premier League","88.48","37","37",102,"27000000","High"
255942,"Nicolò Barella","Midfielder",2023,6,"Serie A","88.46","38","38",18,"75000000","Elite"
153084,"Leon Goretzka","Midfielder",2023,6,"Bundesliga","88.15","39","39",65,"45000000","High"
569598,"Youssouf Fofana","Midfielder",2023,6,"Ligue 1","87.85","40","40",26,"25000000","High"
223979,"Xaver Schlager","Midfielder",2023,6,"Bundesliga","87.34","41","41",42,"22000000","High"
392959,"Andrea Colpani","Midfielder",2023,6,"Serie A","87.13","42","42",14,"4000000","Low"
266359,"Benjamin Bourigeaud","Midfielder",2023,6,"Ligue 1","86.67","43","43",10,"18000000","Medium"
185077,"Vincenzo Grifo","Midfielder",2023,6,"Bundesliga","86.52","44","44",5,"12000000","Medium"
322985,"Gustavo Hamer","Midfielder",2023,6,"Premier League","86.42","45","45",52,"4500000","Low"
142021,"Sergi Darder","Midfielder",2023,6,"La Liga","86.12","46","46",37,"16000000","Medium"
88755,"Kevin De Bruyne","Midfielder",2023,6,"Premier League","86.08","47","47",31,"70000000","Elite"
126414,"Hakan Çalhanoğlu","Midfielder",2023,6,"Serie A","85.98","48","48",7,"40000000","High"
131978,"Ross Barkley","Midfielder",2023,6,"Premier League","85.75","49","49",21,"9000000","Medium"
571020,"Oihan Sancet","Midfielder",2023,6,"La Liga","85.31","50","50",43,"30000000","High"
199248,"Bryan Cristante","Midfielder",2023,6,"Serie A","84.86","51","51",11,"20000000","High"
387626,"Leon Bailey","Midfielder",2023,6,"Premier League","84.61","52","52",49,"28000000","High"
451276,"Dominik Szoboszlai","Midfielder",2023,6,"Premier League","84.19","53","53",7,"40000000","High"
341278,"Iván Martín","Midfielder",2023,6,"La Liga","83.94","54","54",23,"3000000","Low"
580195,"Jamal Musiala","Midfielder",2023,6,"Bundesliga","83.70","55","55",53,"110000000","Elite"
74230,"Pablo Sarabia","Midfielder",2023,6,"Premier League","83.29","56","56",37,"16000000","Medium"
309110,"Brais Méndez","Midfielder",2023,6,"La Liga","83.27","57","57",26,"25000000","High"
106270,"Florian Kainz","Midfielder",2023,6,"Bundesliga","83.17","58","58",9,"5000000","Medium"
57280,"Giacomo Bonaventura","Midfielder",2023,6,"Serie A","83.05","59","59",28,"2500000","Low"
164771,"Jordan Veretout","Midfielder",2023,6,"Ligue 1","83.01","60","60",37,"16000000","Medium"
834470,"Dani Rodríguez","Midfielder",2023,6,"La Liga","82.99","61","61",74,"1200000","Low"
309400,"Kai Havertz","Midfielder",2023,6,"Premier League","82.87","62","62",55,"60000000","Elite"
166237,"Leandro Paredes","Midfielder",2023,6,"Serie A","82.68","63","63",5,"12000000","Medium"
565822,"Harvey Elliott","Midfielder",2023,6,"Premier League","82.66","64","64",22,"35000000","High"
479999,"Eberechi Eze","Midfielder",2023,6,"Premier League","82.28","65","65",7,"40000000","High"
914562,"Désiré Doué","Midfielder",2023,6,"Ligue 1","81.83","66","66",16,"15000000","Medium"
569390,"Julien Ponceau","Midfielder",2023,6,"Ligue 1","81.75","67","67",28,"2500000","Low"
566574,"Kirian Rodríguez","Midfielder",2023,6,"La Liga","81.71","68","68",30,"800000","Low"
332697,"Weston McKennie","Midfielder",2023,6,"Serie A","81.54","69","69",10,"18000000","Medium"
181579,"James Ward-Prowse","Midfielder",2023,6,"Premier League","81.06","70","70",93,"38000000","High"
232418,"Ondrej Duda","Midfielder",2023,6,"Serie A","80.79","71","71",160,"3400000","Low"
428563,"Lewis Ferguson","Midfielder",2023,6,"Serie A","80.67","72","72",21,"9000000","Medium"
569366,"Enzo Millot","Midfielder",2023,6,"Bundesliga","80.06","73","73",25,"7000000","Medium"
293200,"Nikola Vlašić","Midfielder",2023,6,"Serie A","79.98","74","74",45,"17000000","Medium"
648195,"Enzo Fernández","Midfielder",2023,6,"Premier League","79.82","75","75",19,"85000000","Elite"
409153,"Teddy Teuma","Midfielder",2023,6,"Ligue 1","79.80","76","76",9,"5000000","Medium"
58358,"Thomas Müller","Midfielder",2023,6,"Bundesliga","79.72","77","77",5,"12000000","Medium"
111961,"Suso","Midfielder",2023,6,"La Liga","79.45","78","78",6,"6000000","Medium"
372711,"Amine Harit","Midfielder",2023,6,"Ligue 1","79.33","79","79",5,"12000000","Medium"
470794,"Ivan Ilić","Midfielder",2023,6,"Serie A","79.29","80","80",16,"15000000","Medium"
457221,"Lucas Robertone","Midfielder",2023,6,"La Liga","78.98","81","81",25,"7000000","Medium"
333014,"Sander Berge","Midfielder",2023,6,"Premier League","78.70","82","82",10,"18000000","Medium"
165793,"Takumi Minamino","Midfielder",2023,6,"Ligue 1","78.58","83","83",20,"8000000","Medium"
74229,"Koke","Midfielder",2023,6,"La Liga","78.07","84","84",37,"16000000","Medium"
891091,"Diego López","Midfielder",2023,6,"La Liga","77.80","85","85",44,"300000","Low"
182913,"Adrien Rabiot","Midfielder",2023,6,"Serie A","77.70","86","86",43,"30000000","High"
123275,"Tom Cairney","Midfielder",2023,6,"Premier League","77.58","87","87",3,"2000000","Low"
181136,"Piotr Zieliński","Midfielder",2023,6,"Serie A","77.36","88","88",22,"35000000","High"
537762,"Sergio Arribas","Midfielder",2023,6,"La Liga","76.77","89","89",9,"5000000","Medium"
184894,"Alfred Duncan","Midfielder",2023,6,"Serie A","76.69","90","90",9,"5000000","Medium"
249089,"Lewis Cook","Midfielder",2023,6,"Premier League","76.28","91","91",41,"10000000","Medium"
683840,"Pedri","Midfielder",2023,6,"La Liga","76.26","92","92",36,"100000000","Elite"
700106,"Brajan Gruda","Midfielder",2023,6,"Bundesliga","75.67","93","93",2,"500000","Low"
401578,"Exequiel Palacios","Midfielder",2023,6,"Bundesliga","75.65","94","94",42,"22000000","High"
289257,"Jon Guridi","Midfielder",2023,6,"La Liga","75.59","95","95",82,"1600000","Low"
232320,"Atakan Karazor","Midfielder",2023,6,"Bundesliga","75.06","96","96",14,"4000000","Low"
315063,"Nahitan Nández","Midfielder",2023,6,"Serie A","74.65","97","97",9,"5000000","Medium"
286297,"Lorenzo Pellegrini","Midfielder",2023,6,"Serie A","74.65","97","98",22,"35000000","High"
268429,"Sandi Lovrić","Midfielder",2023,6,"Serie A","74.61","99","99",25,"7000000","Medium"
568693,"Pape Matar Sarr","Midfielder",2023,6,"Premier League","74.47","100","100",16,"15000000","Medium"
174094,"Morgan Sanson","Midfielder",2023,6,"Ligue 1","74.41","101","102",6,"6000000","Medium"
174094,"Morgan Sanson","Midfielder",2023,6,"Ligue 1","74.41","101","101",6,"6000000","Medium"
174094,"Morgan Sanson","Midfielder",2023,6,"Ligue 1","74.41","101","101",6,"6000000","Medium"
174094,"Morgan Sanson","Midfielder",2023,6,"Ligue 1","74.41","101","102",6,"6000000","Medium"
344069,"Anton Stach","Midfielder",2023,6,"Bundesliga","74.19","103","103",16,"15000000","Medium"
270171,"Vitaly Janelt","Midfielder",2023,6,"Premier League","74.19","104","104",11,"20000000","High"
687626,"Moisés Caicedo","Midfielder",2023,6,"Premier League","74.15","105","105",54,"55000000","High"
268670,"Gerard Gumbau","Midfielder",2023,6,"La Liga","73.52","106","106",33,"3500000","Low"
292818,"Jonathan Bamba","Midfielder",2023,6,"La Liga","73.29","107","107",11,"20000000","High"
222859,"Florent Mollet","Midfielder",2023,6,"Ligue 1","73.23","108","108",3,"2000000","Low"
238626,"Laurent Abergel","Midfielder",2023,6,"Ligue 1","73.17","109","110",23,"3000000","Low"
293385,"Dani Olmo","Midfielder",2023,6,"Bundesliga","73.17","109","109",7,"40000000","High"
111455,"Granit Xhaka","Midfielder",2023,6,"Bundesliga","73.07","111","111",11,"20000000","High"
810092,"Warren Zaïre-Emery","Midfielder",2023,6,"Ligue 1","72.70","112","112",10,"18000000","Medium"
505219,"James Garner","Midfielder",2023,6,"Premier League","72.62","113","113",24,"14000000","Medium"
362842,"Arthur Melo","Midfielder",2023,6,"Serie A","72.36","114","114",16,"15000000","Medium"
918969,"Lamine Camara","Midfielder",2023,6,"Ligue 1","72.30","115","115",34,"200000","Low"
467992,"Samuele Ricci","Midfielder",2023,6,"Serie A","71.87","116","116",16,"15000000","Medium"
118284,"Jordan Ferri","Midfielder",2023,6,"Ligue 1","71.26","117","117",9,"5000000","Medium"
192009,"Unai López","Midfielder",2023,6,"La Liga","70.45","118","118",14,"4000000","Low"
234029,"Grischa Prömel","Midfielder",2023,6,"Bundesliga","70.16","119","119",25,"7000000","Medium"
423744,"Billy Gilmour","Midfielder",2023,6,"Premier League","69.80","120","120",21,"9000000","Medium"
315762,"Luca de la Torre","Midfielder",2023,6,"La Liga","69.70","121","121",23,"3000000","Low"
463618,"Khéphren Thuram","Midfielder",2023,6,"Ligue 1","69.41","122","122",50,"32000000","High"
249565,"Youri Tielemans","Midfielder",2023,6,"Premier League","69.39","123","123",43,"30000000","High"
242606,"Josh Cullen","Midfielder",2023,6,"Premier League","69.19","124","124",41,"10000000","Medium"
93844,"Leonardo Bittencourt","Midfielder",2023,6,"Bundesliga","68.68","125","125",80,"2800000","Low"
417346,"Jack Harrison","Midfielder",2023,6,"Premier League","68.66","126","126",42,"22000000","High"
564785,"Kristian Thorstvedt","Midfielder",2023,6,"Serie A","68.62","127","127",32,"7500000","Medium"
192735,"Stanislav Lobotka","Midfielder",2023,6,"Serie A","67.66","128","128",93,"38000000","High"
395236,"Yacine Adli","Midfielder",2023,6,"Serie A","67.50","129","129",20,"8000000","Medium"
667967,"Yassine Kechta","Midfielder",2023,6,"Ligue 1","67.46","130","130",23,"3000000","Low"
190393,"Corentin Tolisso","Midfielder",2023,6,"Ligue 1","67.38","131","131",24,"14000000","Medium"
536482,"Junior Dina Ebimbe","Midfielder",2023,6,"Bundesliga","67.09","132","132",41,"10000000","Medium"
287188,"Dejan Ljubicic","Midfielder",2023,6,"Bundesliga","67.05","133","133",41,"10000000","Medium"
279570,"Daler Kuzyaev","Midfielder",2023,6,"Ligue 1","66.93","134","134",41,"10000000","Medium"
640428,"Eduardo Camavinga","Midfielder",2023,6,"La Liga","66.89","135","135",55,"60000000","Elite"
743498,"Wilson Odobert","Midfielder",2023,6,"Premier League","66.89","136","136",6,"6000000","Medium"
280387,"Vincent Sierro","Midfielder",2023,6,"Ligue 1","66.75","137","137",17,"1500000","Low"
356141,"Daichi Kamada","Midfielder",2023,6,"Serie A","66.69","138","138",102,"27000000","High"
377393,"Pierre Lees-Melou","Midfielder",2023,6,"Ligue 1","66.59","139","139",14,"4000000","Low"
607854,"Éderson","Midfielder",2023,6,"Serie A","66.38","140","140",11,"20000000","High"
250013,"Angelo Fulgini","Midfielder",2023,6,"Ligue 1","66.18","141","141",21,"9000000","Medium"
298635,"Grigoris Kastanos","Midfielder",2023,6,"Serie A","66.14","142","142",40,"1800000","Low"
281989,"Luis Milla","Midfielder",2023,6,"La Liga","66.02","143","143",14,"4000000","Low"
503871,"Morten Frendrup","Midfielder",2023,6,"Serie A","65.85","144","144",154,"4200000","Low"
634131,"Aimar Oroz","Midfielder",2023,6,"La Liga","65.65","145","145",16,"15000000","Medium"
346707,"Sean Longstaff","Midfielder",2023,6,"Premier League","65.55","146","146",26,"25000000","High"
126751,"Iñigo Ruiz de Galarreta","Midfielder",2023,6,"La Liga","65.49","147","147",23,"3000000","Low"
119296,"Emre Can","Midfielder",2023,6,"Bundesliga","65.12","148","148",24,"14000000","Medium"
247250,"Rubén Alcaraz","Midfielder",2023,6,"La Liga","65.02","149","149",3,"2000000","Low"
876631,"Habib Diarra","Midfielder",2023,6,"Ligue 1","64.57","150","150",14,"4000000","Low"
326330,"Frenkie de Jong","Midfielder",2023,6,"La Liga","64.25","151","151",55,"60000000","Elite"
394694,"Sergio Ruiz","Midfielder",2023,6,"La Liga","64.07","152","152",13,"1000000","Low"
678479,"Denis Huseinbasic","Midfielder",2023,6,"Bundesliga","63.56","153","153",9,"5000000","Medium"
465967,"Ander Guevara","Midfielder",2023,6,"La Liga","63.21","154","154",28,"2500000","Low"
295183,"Răzvan Marin","Midfielder",2023,6,"Serie A","63.09","155","155",20,"8000000","Medium"
293569,"Josh Brownhill","Midfielder",2023,6,"Premier League","62.44","156","156",16,"15000000","Medium"
203496,"Nabil Fekir","Midfielder",2023,6,"La Liga","62.30","157","157",43,"30000000","High"
202886,"Ruben Loftus-Cheek","Midfielder",2023,6,"Serie A","62.28","158","158",26,"25000000","High"
196792,"Julian Weigl","Midfielder",2023,6,"Bundesliga","61.91","159","159",41,"10000000","Medium"
214775,"Óliver Torres","Midfielder",2023,6,"La Liga","61.56","160","160",21,"9000000","Medium"
324377,"Youssef Maleh","Midfielder",2023,6,"Serie A","60.85","161","161",52,"4500000","Low"
324377,"Youssef Maleh","Midfielder",2023,6,"Serie A","60.85","161","162",52,"4500000","Low"
324377,"Youssef Maleh","Midfielder",2023,6,"Serie A","60.85","161","162",52,"4500000","Low"
324377,"Youssef Maleh","Midfielder",2023,6,"Serie A","60.85","161","161",52,"4500000","Low"
148367,"Christian Nørgaard","Midfielder",2023,6,"Premier League","60.16","163","163",37,"16000000","Medium"
296397,"Arne Maier","Midfielder",2023,6,"Bundesliga","59.78","164","164",38,"6500000","Medium"
429874,"Ansgar Knauff","Midfielder",2023,6,"Bundesliga","59.70","165","165",20,"8000000","Medium"
552425,"Jon Moncayola","Midfielder",2023,6,"La Liga","59.67","166","166",5,"12000000","Medium"
72121,"Johan Gastien","Midfielder",2023,6,"Ligue 1","59.49","167","167",71,"700000","Low"
249157,"Fredrik Jensen","Midfielder",2023,6,"Bundesliga","59.41","168","168",28,"2500000","Low"
392591,"Chiedozie Ogbene","Midfielder",2023,6,"Premier League","59.27","169","169",3,"2000000","Low"
532776,"Amine Adli","Midfielder",2023,6,"Bundesliga","59.21","170","170",16,"15000000","Medium"
275249,"Niklas Schmidt","Midfielder",2023,6,"Ligue 1","58.96","171","171",28,"2500000","Low"
175449,"Moi Gómez","Midfielder",2023,6,"La Liga","58.48","172","172",41,"10000000","Medium"
713644,"Bryan Zaragoza","Midfielder",2023,6,"La Liga","58.39","173","173",13,"1000000","Low"
735570,"João Gomes","Midfielder",2023,6,"Premier League","58.01","174","174",10,"18000000","Medium"
709969,"Ilias Akhomach","Midfielder",2023,6,"La Liga","57.89","175","175",23,"3000000","Low"
278332,"Florian Neuhaus","Midfielder",2023,6,"Bundesliga","57.87","176","176",16,"15000000","Medium"
495621,"Antonio Blanco","Midfielder",2023,6,"La Liga","57.83","177","177",28,"2500000","Low"
393323,"Brenden Aaronson","Midfielder",2023,6,"Bundesliga","57.62","178","179",26,"25000000","High"
393323,"Brenden Aaronson","Midfielder",2023,6,"Bundesliga","57.62","178","178",26,"25000000","High"
393323,"Brenden Aaronson","Midfielder",2023,6,"Bundesliga","57.62","178","178",26,"25000000","High"
393323,"Brenden Aaronson","Midfielder",2023,6,"Bundesliga","57.62","178","179",26,"25000000","High"
671915,"Enzo Barrenechea","Midfielder",2023,6,"Serie A","57.48","180","181",59,"900000","Low"
671915,"Enzo Barrenechea","Midfielder",2023,6,"Serie A","57.48","180","180",59,"900000","Low"
671915,"Enzo Barrenechea","Midfielder",2023,6,"Serie A","57.48","180","180",59,"900000","Low"
671915,"Enzo Barrenechea","Midfielder",2023,6,"Serie A","57.48","180","181",59,"900000","Low"
775605,"Pablo Barrios","Midfielder",2023,6,"La Liga","57.44","182","182",9,"5000000","Medium"
245537,"Nabil Bentaleb","Midfielder",2023,6,"Ligue 1","57.38","183","183",25,"7000000","Medium"
215977,"Adrien Thomasson","Midfielder",2023,6,"Ligue 1","57.30","184","184",14,"4000000","Low"
85393,"Nicolas Viola","Midfielder",2023,6,"Serie A","57.22","185","185",27,"600000","Low"
323954,"Walace","Midfielder",2023,6,"Serie A","57.19","186","186",25,"7000000","Medium"
463613,"Yann Gboho","Midfielder",2023,6,"Ligue 1","56.99","187","187",40,"1800000","Low"
808509,"Danilo","Midfielder",2023,6,"Premier League","56.75","188","188",16,"15000000","Medium"
289835,"Jens Stage","Midfielder",2023,6,"Bundesliga","56.63","189","189",9,"5000000","Medium"
581781,"Enzo Loiodice","Midfielder",2023,6,"La Liga","56.52","190","190",3,"2000000","Low"
398163,"Gonzalo Villar","Midfielder",2023,6,"La Liga","56.32","191","191",80,"2800000","Low"
69633,"Christian Eriksen","Midfielder",2023,6,"Premier League","56.24","192","192",42,"22000000","High"
744149,"Adam Wharton","Midfielder",2023,6,"Premier League","56.24","193","193",33,"3500000","Low"
454863,"András Schäfer","Midfielder",2023,6,"Bundesliga","55.96","194","194",9,"5000000","Medium"
646733,"Jim Allevinah","Midfielder",2023,6,"Ligue 1","55.81","195","195",3,"2000000","Low"
474662,"Hugo Magnetti","Midfielder",2023,6,"Ligue 1","55.59","196","196",3,"2000000","Low"
624037,"Joris Chotard","Midfielder",2023,6,"Ligue 1","55.02","197","197",21,"9000000","Medium"
555143,"Arsen Zakharyan","Midfielder",2023,6,"La Liga","55.00","198","198",16,"15000000","Medium"
330659,"Justin Kluivert","Midfielder",2023,6,"Premier League","54.74","199","199",5,"12000000","Medium"
127142,"Jonas Martin","Midfielder",2023,6,"Ligue 1","54.70","200","200",17,"1500000","Low"
503991,"Yunus Musah","Midfielder",2023,6,"Serie A","54.69","201","201",42,"22000000","High"
562049,"Edoardo Bove","Midfielder",2023,6,"Serie A","54.43","202","202",23,"3000000","Low"
416386,"Abdou Harroui","Midfielder",2023,6,"Serie A","54.21","203","203",134,"2700000","Low"
262980,"Jefferson Lerma","Midfielder",2023,6,"Premier League","54.19","204","204",11,"20000000","High"
290587,"Ellyes Skhiri","Midfielder",2023,6,"Bundesliga","54.11","205","205",47,"13000000","Medium"
348795,"Giovani Lo Celso","Midfielder",2023,6,"Premier League","54.07","206","206",10,"18000000","Medium"
423444,"Fran Beltrán","Midfielder",2023,6,"La Liga","54.04","207","207",16,"15000000","Medium"
711976,"Andy Diouf","Midfielder",2023,6,"Ligue 1","53.88","208","208",62,"1400000","Low"
711976,"Andy Diouf","Midfielder",2023,6,"Ligue 1","53.88","208","209",62,"1400000","Low"
711976,"Andy Diouf","Midfielder",2023,6,"Ligue 1","53.88","208","209",62,"1400000","Low"
711976,"Andy Diouf","Midfielder",2023,6,"Ligue 1","53.88","208","208",62,"1400000","Low"
84301,"Benjamin André","Midfielder",2023,6,"Ligue 1","53.56","210","210",21,"9000000","Medium"
460651,"Antoine Makoumbou","Midfielder",2023,6,"Serie A","53.52","211","211",23,"3000000","Low"
111266,"Anthony Losilla","Midfielder",2023,6,"Bundesliga","53.44","212","212",2,"500000","Low"
467632,"Cristian Cásseres Jr.","Midfielder",2023,6,"Ligue 1","53.41","213","213",33,"3500000","Low"
16306,"Casemiro","Midfielder",2023,6,"Premier League","53.33","214","214",7,"40000000","High"
442703,"Ylber Ramadani","Midfielder",2023,6,"Serie A","52.93","215","215",30,"800000","Low"
567576,"Elliot Anderson","Midfielder",2023,6,"Premier League","52.89","216","216",20,"8000000","Medium"
351816,"Ismaël Bennacer","Midfielder",2023,6,"Serie A","52.85","217","217",7,"40000000","High"
320411,"Philip Billing","Midfielder",2023,6,"Premier League","52.56","218","218",11,"20000000","High"
410425,"Yves Bissouma","Midfielder",2023,6,"Premier League","52.15","219","219",26,"25000000","High"
333241,"Joelinton","Midfielder",2023,6,"Premier League","51.71","220","220",93,"38000000","High"
372246,"Carlos Soler","Midfielder",2023,6,"Ligue 1","51.59","221","221",43,"30000000","High"
394327,"Boubacar Kamara","Midfielder",2023,6,"Premier League","50.93","222","222",43,"30000000","High"
261905,"Suat Serdar","Midfielder",2023,6,"Serie A","50.81","223","224",38,"6500000","Medium"
261905,"Suat Serdar","Midfielder",2023,6,"Serie A","50.81","223","224",38,"6500000","Medium"
261905,"Suat Serdar","Midfielder",2023,6,"Serie A","50.81","223","223",38,"6500000","Medium"
261905,"Suat Serdar","Midfielder",2023,6,"Serie A","50.81","223","223",38,"6500000","Medium"
901019,"Neil El Aynaoui","Midfielder",2023,6,"Ligue 1","50.77","225","225",71,"700000","Low"
413112,"Aurélien Tchouaméni","Midfielder",2023,6,"La Liga","50.51","226","226",19,"85000000","Elite"
381967,"Albert Sambi Lokonga","Midfielder",2023,6,"Premier League","50.16","227","227",16,"15000000","Medium"
54846,"Fabian Holland","Midfielder",2023,6,"Bundesliga","50.14","228","228",27,"600000","Low"
99343,"Ander Herrera","Midfielder",2023,6,"La Liga","49.88","229","229",23,"3000000","Low"
337811,"Francesco Gelli","Midfielder",2023,6,"Serie A","49.80","230","230",29,"400000","Low"
281755,"Iván Alejo","Midfielder",2023,6,"La Liga","49.67","231","231",74,"1200000","Low"
378293,"Yangel Herrera","Midfielder",2023,6,"La Liga","49.65","232","232",9,"5000000","Medium"
285323,"Baptiste Santamaria","Midfielder",2023,6,"Ligue 1","49.51","233","233",16,"15000000","Medium"
308279,"Rolando Mandragora","Midfielder",2023,6,"Serie A","49.35","234","234",41,"10000000","Medium"
671594,"Kamory Doumbia","Midfielder",2023,6,"Ligue 1","49.21","235","236",28,"2500000","Low"
671594,"Kamory Doumbia","Midfielder",2023,6,"Ligue 1","49.21","235","235",28,"2500000","Low"
671594,"Kamory Doumbia","Midfielder",2023,6,"Ligue 1","49.21","235","235",28,"2500000","Low"
671594,"Kamory Doumbia","Midfielder",2023,6,"Ligue 1","49.21","235","236",28,"2500000","Low"
42072,"Tobias Kempe","Midfielder",2023,6,"Bundesliga","49.17","237","237",2,"500000","Low"
153238,"Jonathan Viera","Midfielder",2023,6,"La Liga","48.90","238","238",17,"1500000","Low"
233782,"Aïssa Laïdouni","Midfielder",2023,6,"Bundesliga","48.88","239","239",25,"7000000","Medium"
785353,"Pablo Ibáñez","Midfielder",2023,6,"La Liga","48.66","240","240",13,"1000000","Low"
212723,"Djibril Sow","Midfielder",2023,6,"La Liga","48.17","241","241",42,"22000000","High"
855256,"Alex Scott","Midfielder",2023,6,"Premier League","48.07","242","242",24,"14000000","Medium"
691482,"Jacopo Fazzini","Midfielder",2023,6,"Serie A","47.95","243","243",13,"1000000","Low"
560593,"Hicham Boudaoui","Midfielder",2023,6,"Ligue 1","47.83","244","244",25,"7000000","Medium"
207014,"Will Hughes","Midfielder",2023,6,"Premier League","47.81","245","245",9,"5000000","Medium"
251845,"Sergi Canós","Midfielder",2023,6,"La Liga","47.78","246","246",21,"9000000","Medium"
386552,"Lassana Coulibaly","Midfielder",2023,6,"Serie A","47.70","247","247",9,"5000000","Medium"
485706,"Amadou Onana","Midfielder",2023,6,"Premier League","47.68","248","248",104,"42000000","High"
226025,"Luca Mazzitelli","Midfielder",2023,6,"Serie A","47.56","249","249",23,"3000000","Low"
792380,"Aleksandar Pavlovic","Midfielder",2023,6,"Bundesliga","47.34","250","250",34,"200000","Low"
441515,"Daniel Boloca","Midfielder",2023,6,"Serie A","47.28","251","251",33,"3500000","Low"
543382,"Mohamed Camara","Midfielder",2023,6,"Ligue 1","47.17","252","252",49,"28000000","High"
293281,"Jacob Bruun Larsen","Midfielder",2023,6,"Premier League","47.05","253","253",23,"3000000","Low"
293281,"Jacob Bruun Larsen","Midfielder",2023,6,"Premier League","47.05","253","254",23,"3000000","Low"
293281,"Jacob Bruun Larsen","Midfielder",2023,6,"Premier League","47.05","253","253",23,"3000000","Low"
293281,"Jacob Bruun Larsen","Midfielder",2023,6,"Premier League","47.05","253","254",23,"3000000","Low"
338668,"Senne Lynen","Midfielder",2023,6,"Bundesliga","47.01","255","255",33,"3500000","Low"
530902,"Abdoulaye Touré","Midfielder",2023,6,"Ligue 1","46.99","256","256",63,"1300000","Low"
148928,"Saúl Ñíguez","Midfielder",2023,6,"La Liga","46.93","257","257",41,"10000000","Medium"
324278,"Christoph Baumgartner","Midfielder",2023,6,"Bundesliga","46.81","258","258",75,"24000000","High"
892929,"Hugo Álvarez","Midfielder",2023,6,"La Liga","46.52","259","259",1,"100000","Low"
225873,"Karol Linetty","Midfielder",2023,6,"Serie A","46.40","260","260",33,"3500000","Low"
581357,"Jan Schöppner","Midfielder",2023,6,"Bundesliga","46.28","261","261",17,"1500000","Low"
820374,"Kobbie Mainoo","Midfielder",2023,6,"Premier League","46.16","262","262",30,"800000","Low"
402008,"Amadou Haidara","Midfielder",2023,6,"Bundesliga","46.08","263","263",45,"17000000","Medium"
85383,"Rubén Sobrino","Midfielder",2023,6,"La Liga","45.94","264","264",3,"2000000","Low"
401356,"Edson Álvarez","Midfielder",2023,6,"Premier League","45.91","265","266",22,"35000000","High"
893675,"Amir Richardson","Midfielder",2023,6,"Ligue 1","45.91","265","265",23,"3000000","Low"
720038,"Pablo Torre","Midfielder",2023,6,"La Liga","45.87","267","267",23,"3000000","Low"
571607,"Fabio Miretti","Midfielder",2023,6,"Serie A","45.83","268","268",16,"15000000","Medium"
433188,"Curtis Jones","Midfielder",2023,6,"Premier League","45.59","269","269",45,"17000000","Medium"
53418,"Kevin Kampl","Midfielder",2023,6,"Bundesliga","45.53","270","270",33,"3500000","Low"
443331,"Patrick Osterhage","Midfielder",2023,6,"Bundesliga","44.82","271","271",3,"2000000","Low"
513031,"Antonio Sánchez","Midfielder",2023,6,"La Liga","44.80","272","272",28,"2500000","Low"
207877,"Ruslan Malinovskyi","Midfielder",2023,6,"Serie A","44.65","273","273",16,"15000000","Medium"
207877,"Ruslan Malinovskyi","Midfielder",2023,6,"Serie A","44.65","273","274",16,"15000000","Medium"
207877,"Ruslan Malinovskyi","Midfielder",2023,6,"Serie A","44.65","273","273",16,"15000000","Medium"
207877,"Ruslan Malinovskyi","Midfielder",2023,6,"Serie A","44.65","273","276",16,"15000000","Medium"
207877,"Ruslan Malinovskyi","Midfielder",2023,6,"Serie A","44.65","273","273",16,"15000000","Medium"
207877,"Ruslan Malinovskyi","Midfielder",2023,6,"Serie A","44.65","273","274",16,"15000000","Medium"
207877,"Ruslan Malinovskyi","Midfielder",2023,6,"Serie A","44.65","273","275",16,"15000000","Medium"
207877,"Ruslan Malinovskyi","Midfielder",2023,6,"Serie A","44.65","273","276",16,"15000000","Medium"
207877,"Ruslan Malinovskyi","Midfielder",2023,6,"Serie A","44.65","273","276",16,"15000000","Medium"
207877,"Ruslan Malinovskyi","Midfielder",2023,6,"Serie A","44.65","273","275",16,"15000000","Medium"
207877,"Ruslan Malinovskyi","Midfielder",2023,6,"Serie A","44.65","273","274",16,"15000000","Medium"
207877,"Ruslan Malinovskyi","Midfielder",2023,6,"Serie A","44.65","273","273",16,"15000000","Medium"
207877,"Ruslan Malinovskyi","Midfielder",2023,6,"Serie A","44.65","273","276",16,"15000000","Medium"
207877,"Ruslan Malinovskyi","Midfielder",2023,6,"Serie A","44.65","273","275",16,"15000000","Medium"
207877,"Ruslan Malinovskyi","Midfielder",2023,6,"Serie A","44.65","273","275",16,"15000000","Medium"
207877,"Ruslan Malinovskyi","Midfielder",2023,6,"Serie A","44.65","273","274",16,"15000000","Medium"
370791,"Pablo Rosario","Midfielder",2023,6,"Ligue 1","44.35","277","277",6,"6000000","Medium"
366045,"Ablie Jallow","Midfielder",2023,6,"Ligue 1","44.33","278","278",17,"1500000","Low"
517753,"Óscar Valentín","Midfielder",2023,6,"La Liga","44.27","279","279",9,"5000000","Medium"
1011200,"Junior Mwanga","Midfielder",2023,6,"Ligue 1","44.02","280","280",28,"2500000","Low"
597000,"Eric Martel","Midfielder",2023,6,"Bundesliga","43.74","281","281",38,"6500000","Medium"
922769,"Lewis Miley","Midfielder",2023,6,"Premier League","43.54","282","282",28,"2500000","Low"
372712,"Ibrahima Sissoko","Midfielder",2023,6,"Ligue 1","43.39","283","283",6,"6000000","Medium"
394300,"Davide Frattesi","Midfielder",2023,6,"Serie A","43.27","284","284",26,"25000000","High"
394300,"Davide Frattesi","Midfielder",2023,6,"Serie A","43.27","284","285",26,"25000000","High"
394300,"Davide Frattesi","Midfielder",2023,6,"Serie A","43.27","284","284",26,"25000000","High"
394300,"Davide Frattesi","Midfielder",2023,6,"Serie A","43.27","284","285",26,"25000000","High"
334526,"Denis Zakaria","Midfielder",2023,6,"Ligue 1","42.80","286","286",10,"18000000","Medium"
46001,"Moussa Sissoko","Midfielder",2023,6,"Ligue 1","42.74","287","287",28,"2500000","Low"
315969,"Scott McTominay","Midfielder",2023,6,"Premier League","42.62","288","288",26,"25000000","High"
406640,"Felix Nmecha","Midfielder",2023,6,"Bundesliga","42.60","289","289",20,"8000000","Medium"
257455,"João Palhinha","Midfielder",2023,6,"Premier League","42.42","290","290",22,"35000000","High"
649033,"Dion Lopy","Midfielder",2023,6,"La Liga","41.99","291","291",14,"4000000","Low"
468066,"Jens Cajuste","Midfielder",2023,6,"Serie A","41.95","292","292",6,"6000000","Medium"
63494,"Étienne Capoue","Midfielder",2023,6,"La Liga","41.93","293","293",23,"3000000","Low"
931838,"Hugo Larsson","Midfielder",2023,6,"Bundesliga","41.46","294","294",21,"9000000","Medium"
111051,"Nampalys Mendy","Midfielder",2023,6,"Ligue 1","41.44","295","295",28,"2500000","Low"
344830,"Tahith Chong","Midfielder",2023,6,"Premier League","40.98","296","296",23,"3000000","Low"
746891,"Cristian Volpato","Midfielder",2023,6,"Serie A","40.96","297","297",23,"3000000","Low"
525704,"Nicolò Rovella","Midfielder",2023,6,"Serie A","40.85","298","298",10,"18000000","Medium"
380598,"Santi Comesaña","Midfielder",2023,6,"La Liga","40.81","299","299",9,"5000000","Medium"
100131,"William Carvalho","Midfielder",2023,6,"La Liga","40.61","300","300",24,"14000000","Medium"
448028,"Kevin Sessa","Midfielder",2023,6,"Bundesliga","40.47","301","301",17,"1500000","Low"
226973,"Harrison Reed","Midfielder",2023,6,"Premier League","40.41","302","302",10,"18000000","Medium"
699442,"Kacper Urbanski","Midfielder",2023,6,"Serie A","40.37","303","303",27,"600000","Low"
892221,"Hugo Sotelo","Midfielder",2023,6,"La Liga","40.26","304","304",58,"150000","Low"
855308,"Arthur Atta","Midfielder",2023,6,"Ligue 1","40.20","305","305",2,"500000","Low"
450050,"Jean-Ricner Bellegarde","Midfielder",2023,6,"Premier League","39.98","306","306",41,"10000000","Medium"
146310,"Wataru Endo","Midfielder",2023,6,"Premier League","39.69","307","307",38,"6500000","Medium"
55099,"Nicolas Höfler","Midfielder",2023,6,"Bundesliga","39.49","308","308",28,"2500000","Low"
119277,"Yannick Gerhardt","Midfielder",2023,6,"Bundesliga","38.76","309","309",25,"7000000","Medium"
184129,"Jordan Clark","Midfielder",2023,6,"Premier League","38.60","310","310",59,"900000","Low"
196095,"Luca Waldschmidt","Midfielder",2023,6,"Bundesliga","38.31","311","311",23,"3000000","Low"
196095,"Luca Waldschmidt","Midfielder",2023,6,"Bundesliga","38.31","311","312",23,"3000000","Low"
196095,"Luca Waldschmidt","Midfielder",2023,6,"Bundesliga","38.31","311","311",23,"3000000","Low"
196095,"Luca Waldschmidt","Midfielder",2023,6,"Bundesliga","38.31","311","312",23,"3000000","Low"
432772,"Samuel Grandsir","Midfielder",2023,6,"Ligue 1","38.03","313","313",3,"2000000","Low"
319745,"Dani Ceballos","Midfielder",2023,6,"La Liga","37.72","314","314",5,"12000000","Medium"
421637,"Frank Onyeka","Midfielder",2023,6,"Premier League","37.58","315","315",20,"8000000","Medium"
810093,"Ayman Kari","Midfielder",2023,6,"Ligue 1","37.38","316","316",13,"1000000","Low"
162056,"Gonzalo Melero","Midfielder",2023,6,"La Liga","37.28","317","317",14,"4000000","Low"
625047,"Beñat Prados","Midfielder",2023,6,"La Liga","37.20","318","318",27,"600000","Low"
634431,"Beñat Turrientes","Midfielder",2023,6,"La Liga","36.91","319","319",3,"2000000","Low"
353796,"Giulio Maggiore","Midfielder",2023,6,"Serie A","36.87","320","320",67,"5500000","Medium"
745461,"Luca Koleosho","Midfielder",2023,6,"Premier League","36.54","321","321",13,"1000000","Low"
646740,"Gavi","Midfielder",2023,6,"La Liga","36.38","322","322",51,"90000000","Elite"
569031,"Umut Tohumcu","Midfielder",2023,6,"Bundesliga","36.24","323","323",13,"1000000","Low"
425902,"Ryan Yates","Midfielder",2023,6,"Premier League","36.24","323","324",39,"11000000","Medium"
674612,"Youssouf Ndayishimiye","Midfielder",2023,6,"Ligue 1","36.22","325","325",5,"12000000","Medium"
405687,"Tom Krauß","Midfielder",2023,6,"Bundesliga","36.20","326","326",25,"7000000","Medium"
266795,"Gonzalo Escalante","Midfielder",2023,6,"La Liga","36.10","327","327",3,"2000000","Low"
31599,"Norman Theuerkauf","Midfielder",2023,6,"Bundesliga","35.83","328","328",44,"300000","Low"
315145,"Azor Matusiwa","Midfielder",2023,6,"Ligue 1","35.83","329","329",32,"7500000","Medium"
342209,"Kévin N'Doram","Midfielder",2023,6,"Ligue 1","35.08","330","330",17,"1500000","Low"
89733,"Álex Fernández","Midfielder",2023,6,"La Liga","35.08","330","332",14,"4000000","Low"
659516,"Warren Bondo","Midfielder",2023,6,"Serie A","35.08","330","331",71,"700000","Low"
449151,"Junior Messias","Midfielder",2023,6,"Serie A","35.04","333","333",52,"4500000","Low"
449151,"Junior Messias","Midfielder",2023,6,"Serie A","35.04","333","334",52,"4500000","Low"
449151,"Junior Messias","Midfielder",2023,6,"Serie A","35.04","333","335",52,"4500000","Low"
449151,"Junior Messias","Midfielder",2023,6,"Serie A","35.04","333","333",52,"4500000","Low"
449151,"Junior Messias","Midfielder",2023,6,"Serie A","35.04","333","335",52,"4500000","Low"
449151,"Junior Messias","Midfielder",2023,6,"Serie A","35.04","333","334",52,"4500000","Low"
449151,"Junior Messias","Midfielder",2023,6,"Serie A","35.04","333","333",52,"4500000","Low"
449151,"Junior Messias","Midfielder",2023,6,"Serie A","35.04","333","335",52,"4500000","Low"
449151,"Junior Messias","Midfielder",2023,6,"Serie A","35.04","333","334",52,"4500000","Low"
660867,"Julio Enciso","Midfielder",2023,6,"Premier League","35.04","336","336",42,"22000000","High"
85370,"Sergi Roberto","Midfielder",2023,6,"La Liga","34.80","337","337",9,"5000000","Medium"
633668,"Giovanni Fabbian","Midfielder",2023,6,"Serie A","33.66","338","338",6,"6000000","Medium"
61253,"José Callejón","Midfielder",2023,6,"La Liga","33.56","339","339",74,"1200000","Low"
284854,"Carles Aleñá","Midfielder",2023,6,"La Liga","33.43","340","340",21,"9000000","Medium"
433183,"Tommy Doyle","Midfielder",2023,6,"Premier League","33.39","341","342",9,"5000000","Medium"
433183,"Tommy Doyle","Midfielder",2023,6,"Premier League","33.39","341","341",9,"5000000","Medium"
433183,"Tommy Doyle","Midfielder",2023,6,"Premier League","33.39","341","341",9,"5000000","Medium"
433183,"Tommy Doyle","Midfielder",2023,6,"Premier League","33.39","341","342",9,"5000000","Medium"
525578,"Pathé Ciss","Midfielder",2023,6,"La Liga","33.27","343","343",23,"3000000","Low"
197473,"Alberto Grassi","Midfielder",2023,6,"Serie A","33.15","344","344",3,"2000000","Low"
73547,"Oliver Norwood","Midfielder",2023,6,"Premier League","33.01","345","345",3,"2000000","Low"
43530,"Adam Lallana","Midfielder",2023,6,"Premier League","32.99","346","346",74,"1200000","Low"
236041,"Alexis Blin","Midfielder",2023,6,"Serie A","32.54","347","347",28,"2500000","Low"
282810,"Carles Pérez","Midfielder",2023,6,"La Liga","32.48","348","348",9,"5000000","Medium"
66100,"Oriol Romeu","Midfielder",2023,6,"La Liga","32.42","349","349",9,"5000000","Medium"
262365,"Antonio Puertas","Midfielder",2023,6,"La Liga","32.34","350","350",14,"4000000","Low"
911328,"Mohamed Kaba","Midfielder",2023,6,"Serie A","31.56","351","351",28,"2500000","Low"
316934,"Nikola Moro","Midfielder",2023,6,"Serie A","31.26","352","352",38,"6500000","Medium"
332889,"Valentin Rongier","Midfielder",2023,6,"Ligue 1","31.18","353","353",10,"18000000","Medium"
127189,"Geoffrey Kondogbia","Midfielder",2023,6,"Ligue 1","31.16","354","354",10,"18000000","Medium"
334835,"Toma Bašić","Midfielder",2023,6,"Serie A","31.04","355","355",6,"6000000","Medium"
334835,"Toma Bašić","Midfielder",2023,6,"Serie A","31.04","355","356",6,"6000000","Medium"
334835,"Toma Bašić","Midfielder",2023,6,"Serie A","31.04","355","356",6,"6000000","Medium"
334835,"Toma Bašić","Midfielder",2023,6,"Serie A","31.04","355","355",6,"6000000","Medium"
689505,"Johnny Cardoso","Midfielder",2023,6,"La Liga","30.91","357","357",33,"3500000","Low"
418571,"Hamza Rafia","Midfielder",2023,6,"Serie A","30.67","358","358",27,"600000","Low"
273669,"Adrian Beck","Midfielder",2023,6,"Bundesliga","30.08","359","359",86,"650000","Low"
54235,"Iker Muniain","Midfielder",2023,6,"La Liga","29.72","360","360",41,"10000000","Medium"
503743,"Morgan Rogers","Midfielder",2023,6,"Premier League","29.65","361","362",40,"1800000","Low"
503743,"Morgan Rogers","Midfielder",2023,6,"Premier League","29.65","361","362",40,"1800000","Low"
503743,"Morgan Rogers","Midfielder",2023,6,"Premier League","29.65","361","361",40,"1800000","Low"
503743,"Morgan Rogers","Midfielder",2023,6,"Premier League","29.65","361","361",40,"1800000","Low"
177779,"Janik Haberer","Midfielder",2023,6,"Bundesliga","28.96","363","363",25,"7000000","Medium"
244940,"Salih Özcan","Midfielder",2023,6,"Bundesliga","28.84","364","364",47,"13000000","Medium"
668547,"Máximo Perrone","Midfielder",2023,6,"La Liga","28.68","365","365",41,"10000000","Medium"
668547,"Máximo Perrone","Midfielder",2023,6,"La Liga","28.68","365","365",41,"10000000","Medium"
668547,"Máximo Perrone","Midfielder",2023,6,"La Liga","28.68","365","366",41,"10000000","Medium"
668547,"Máximo Perrone","Midfielder",2023,6,"La Liga","28.68","365","366",41,"10000000","Medium"
710677,"Iker Muñoz","Midfielder",2023,6,"La Liga","28.29","367","367",46,"250000","Low"
641537,"Tommaso Baldanzi","Midfielder",2023,6,"Serie A","28.23","368","368",41,"10000000","Medium"
594997,"Yohann Magnin","Midfielder",2023,6,"Ligue 1","28.19","369","369",28,"2500000","Low"
432090,"Nicolò Fagioli","Midfielder",2023,6,"Serie A","28.19","370","370",11,"20000000","High"
392710,"Lennard Maloney","Midfielder",2023,6,"Bundesliga","27.89","371","371",74,"1200000","Low"
199733,"Danilo Cataldi","Midfielder",2023,6,"Serie A","27.60","372","372",41,"10000000","Medium"
341110,"Franco Cervi","Midfielder",2023,6,"La Liga","27.50","373","373",23,"3000000","Low"
448344,"Óscar Melendo","Midfielder",2023,6,"La Liga","26.89","374","374",3,"2000000","Low"
543771,"Kristjan Asllani","Midfielder",2023,6,"Serie A","26.65","375","375",5,"12000000","Medium"
230784,"Thomas Partey","Midfielder",2023,6,"Premier League","26.42","376","376",22,"35000000","High"
810895,"Eliesse Ben Seghir","Midfielder",2023,6,"Ligue 1","26.28","377","377",10,"18000000","Medium"
226524,"Morten Thorsby","Midfielder",2023,6,"Serie A","26.18","378","378",67,"5500000","Medium"
226524,"Morten Thorsby","Midfielder",2023,6,"Serie A","26.18","378","379",67,"5500000","Medium"
226524,"Morten Thorsby","Midfielder",2023,6,"Serie A","26.18","378","378",67,"5500000","Medium"
226524,"Morten Thorsby","Midfielder",2023,6,"Serie A","26.18","378","379",67,"5500000","Medium"
319160,"Jakub Jankto","Midfielder",2023,6,"Serie A","25.98","380","380",13,"1000000","Low"
834752,"Unai Gómez","Midfielder",2023,6,"La Liga","25.87","381","381",1,"100000","Low"
235931,"Alessandro Deiola","Midfielder",2023,6,"Serie A","25.24","382","382",40,"1800000","Low"
539134,"Daniel Maldini","Midfielder",2023,6,"Serie A","24.37","383","384",23,"3000000","Low"
539134,"Daniel Maldini","Midfielder",2023,6,"Serie A","24.37","383","383",23,"3000000","Low"
539134,"Daniel Maldini","Midfielder",2023,6,"Serie A","24.37","383","384",23,"3000000","Low"
539134,"Daniel Maldini","Midfielder",2023,6,"Serie A","24.37","383","383",23,"3000000","Low"
874066,"Oliver Arblaster","Midfielder",2023,6,"Premier League","23.62","385","386",83,"450000","Low"
874066,"Oliver Arblaster","Midfielder",2023,6,"Premier League","23.62","385","385",83,"450000","Low"
874066,"Oliver Arblaster","Midfielder",2023,6,"Premier League","23.62","385","385",83,"450000","Low"
874066,"Oliver Arblaster","Midfielder",2023,6,"Premier League","23.62","385","386",83,"450000","Low"
353948,"Lucas Tousart","Midfielder",2023,6,"Bundesliga","23.46","387","387",21,"9000000","Medium"
527698,"Kike Pérez","Midfielder",2023,6,"La Liga","23.39","388","389",52,"4500000","Low"
527698,"Kike Pérez","Midfielder",2023,6,"La Liga","23.39","388","388",52,"4500000","Low"
527698,"Kike Pérez","Midfielder",2023,6,"La Liga","23.39","388","389",52,"4500000","Low"
527698,"Kike Pérez","Midfielder",2023,6,"La Liga","23.39","388","388",52,"4500000","Low"
495629,"Hugo Guillamón","Midfielder",2023,6,"La Liga","23.21","390","390",42,"22000000","High"
257751,"Simone Bastoni","Midfielder",2023,6,"Serie A","22.95","391","393",38,"6500000","Medium"
257751,"Simone Bastoni","Midfielder",2023,6,"Serie A","22.95","391","392",38,"6500000","Medium"
245056,"Saša Lukić","Midfielder",2023,6,"Premier League","22.95","391","391",5,"12000000","Medium"
257751,"Simone Bastoni","Midfielder",2023,6,"Serie A","22.95","391","392",38,"6500000","Medium"
257751,"Simone Bastoni","Midfielder",2023,6,"Serie A","22.95","391","393",38,"6500000","Medium"
120189,"Nikola Dovedan","Midfielder",2023,6,"Bundesliga","22.85","394","394",27,"600000","Low"
543387,"Cheick Doucouré","Midfielder",2023,6,"Premier League","22.46","395","395",22,"35000000","High"
334213,"Lukas Daschner","Midfielder",2023,6,"Bundesliga","22.38","396","396",13,"1000000","Low"
617074,"Ilaix Moriba","Midfielder",2023,6,"La Liga","21.75","397","397",6,"6000000","Medium"
469958,"Jacob Brown","Midfielder",2023,6,"Premier League","21.63","398","398",6,"6000000","Medium"
395693,"Houssem Aouar","Midfielder",2023,6,"Serie A","21.38","399","399",16,"15000000","Medium"
213670,"Lucas Torró","Midfielder",2023,6,"La Liga","21.26","400","400",20,"8000000","Medium"
289167,"Kamil Jóźwiak","Midfielder",2023,6,"La Liga","21.12","401","401",28,"2500000","Low"
191359,"Florian Pick","Midfielder",2023,6,"Bundesliga","20.85","402","402",27,"600000","Low"
531065,"Oussama El Azzouzi","Midfielder",2023,6,"Serie A","20.81","403","403",30,"800000","Low"
211251,"Darwin Machís","Midfielder",2023,6,"La Liga","20.61","404","404",23,"3000000","Low"
211251,"Darwin Machís","Midfielder",2023,6,"La Liga","20.61","404","405",23,"3000000","Low"
211251,"Darwin Machís","Midfielder",2023,6,"La Liga","20.61","404","405",23,"3000000","Low"
211251,"Darwin Machís","Midfielder",2023,6,"La Liga","20.61","404","404",23,"3000000","Low"
289592,"Orel Mangala","Midfielder",2023,6,"Premier League","19.49","406","407",37,"16000000","Medium"
289592,"Orel Mangala","Midfielder",2023,6,"Premier League","19.49","406","406",37,"16000000","Medium"
289592,"Orel Mangala","Midfielder",2023,6,"Premier League","19.49","406","406",37,"16000000","Medium"
289592,"Orel Mangala","Midfielder",2023,6,"Premier League","19.49","406","407",37,"16000000","Medium"
337333,"Alex Král","Midfielder",2023,6,"Bundesliga","19.45","408","409",67,"5500000","Medium"
337333,"Alex Král","Midfielder",2023,6,"Bundesliga","19.45","408","409",67,"5500000","Medium"
337333,"Alex Král","Midfielder",2023,6,"Bundesliga","19.45","408","408",67,"5500000","Medium"
337333,"Alex Král","Midfielder",2023,6,"Bundesliga","19.45","408","408",67,"5500000","Medium"
342385,"Guido Rodríguez","Midfielder",2023,6,"La Liga","19.37","410","410",49,"28000000","High"
111078,"Emil Forsberg","Midfielder",2023,6,"Bundesliga","18.92","411","411",25,"7000000","Medium"
822959,"Tom Bischof","Midfielder",2023,6,"Bundesliga","18.84","412","412",33,"3500000","Low"
203842,"Viktor Kovalenko","Midfielder",2023,6,"Serie A","18.68","413","413",17,"1500000","Low"
485963,"Pape Gueye","Midfielder",2023,6,"Ligue 1","18.66","414","414",41,"10000000","Medium"
392765,"Emile Smith Rowe","Midfielder",2023,6,"Premier League","18.43","415","415",22,"35000000","High"
442805,"Iddrisu Baba","Midfielder",2023,6,"La Liga","18.07","416","416",23,"3000000","Low"
442805,"Iddrisu Baba","Midfielder",2023,6,"La Liga","18.07","416","417",23,"3000000","Low"
442805,"Iddrisu Baba","Midfielder",2023,6,"La Liga","18.07","416","416",23,"3000000","Low"
442805,"Iddrisu Baba","Midfielder",2023,6,"La Liga","18.07","416","417",23,"3000000","Low"
393238,"Zakaria Aboukhlal","Midfielder",2023,6,"Ligue 1","17.83","418","418",25,"7000000","Medium"
750904,"Tom Louchet","Midfielder",2023,6,"Ligue 1","17.74","419","419",1,"100000","Low"
466810,"Ansu Fati","Midfielder",2023,6,"Premier League","17.56","420","421",22,"35000000","High"
466810,"Ansu Fati","Midfielder",2023,6,"Premier League","17.56","420","420",22,"35000000","High"
466810,"Ansu Fati","Midfielder",2023,6,"Premier League","17.56","420","420",22,"35000000","High"
466810,"Ansu Fati","Midfielder",2023,6,"Premier League","17.56","420","421",22,"35000000","High"
355861,"Arnaut Danjuma","Midfielder",2023,6,"Premier League","16.93","422","423",102,"27000000","High"
355861,"Arnaut Danjuma","Midfielder",2023,6,"Premier League","16.93","422","422",102,"27000000","High"
355861,"Arnaut Danjuma","Midfielder",2023,6,"Premier League","16.93","422","423",102,"27000000","High"
355861,"Arnaut Danjuma","Midfielder",2023,6,"Premier League","16.93","422","422",102,"27000000","High"
710004,"Peter Federico","Midfielder",2023,6,"La Liga","16.89","424","424",13,"1000000","Low"
710004,"Peter Federico","Midfielder",2023,6,"La Liga","16.89","424","425",13,"1000000","Low"
710004,"Peter Federico","Midfielder",2023,6,"La Liga","16.89","424","424",13,"1000000","Low"
710004,"Peter Federico","Midfielder",2023,6,"La Liga","16.89","424","425",13,"1000000","Low"
406638,"Oliver Skipp","Midfielder",2023,6,"Premier League","16.59","426","426",16,"15000000","Medium"
384593,"Alexis Claude-Maurice","Midfielder",2023,6,"Ligue 1","16.44","427","427",52,"4500000","Low"
732507,"Agustín Martegani","Midfielder",2023,6,"Serie A","16.26","428","428",3,"2000000","Low"
732507,"Agustín Martegani","Midfielder",2023,6,"Serie A","16.26","428","429",3,"2000000","Low"
732507,"Agustín Martegani","Midfielder",2023,6,"Serie A","16.26","428","428",3,"2000000","Low"
732507,"Agustín Martegani","Midfielder",2023,6,"Serie A","16.26","428","429",3,"2000000","Low"
340329,"Joe Willock","Midfielder",2023,6,"Premier League","15.91","430","430",93,"38000000","High"
244338,"Pelly Ruddock Mpanzu","Midfielder",2023,6,"Premier League","15.83","431","431",13,"1000000","Low"
748319,"Carlos Alcaraz","Midfielder",2023,6,"Serie A","15.20","432","432",5,"12000000","Medium"
798929,"Gvidas Gineitis","Midfielder",2023,6,"Serie A","15.20","433","433",2,"500000","Low"
503881,"Aster Vranckx","Midfielder",2023,6,"Bundesliga","15.18","434","434",57,"8500000","Medium"
507341,"Fabian Rieder","Midfielder",2023,6,"Ligue 1","15.00","435","435",5,"12000000","Medium"
982267,"Ibrahim Sulemana","Midfielder",2023,6,"Serie A","14.67","436","436",17,"1500000","Low"
331496,"Valery Fernández","Midfielder",2023,6,"La Liga","14.41","437","437",17,"1500000","Low"
649020,"Boubacar Traoré","Midfielder",2023,6,"Premier League","14.31","438","438",9,"5000000","Medium"
179635,"Philipp Förster","Midfielder",2023,6,"Bundesliga","13.98","439","439",28,"2500000","Low"
387234,"Szymon Żurkowski","Midfielder",2023,6,"Serie A","13.94","440","440",52,"4500000","Low"
387234,"Szymon Żurkowski","Midfielder",2023,6,"Serie A","13.94","440","441",52,"4500000","Low"
387234,"Szymon Żurkowski","Midfielder",2023,6,"Serie A","13.94","440","440",52,"4500000","Low"
387234,"Szymon Żurkowski","Midfielder",2023,6,"Serie A","13.94","440","441",52,"4500000","Low"
538971,"Naouirou Ahamada","Midfielder",2023,6,"Premier League","13.88","442","442",41,"10000000","Medium"
674806,"Santiago Pierotti","Midfielder",2023,6,"Serie A","13.72","443","443",28,"2500000","Low"
397033,"Sandro Tonali","Midfielder",2023,6,"Premier League","13.50","444","444",8,"50000000","High"
670710,"André Gomes","Midfielder",2023,6,"Premier League","13.29","445","445",37,"16000000","Medium"
551752,"Demba Seck","Midfielder",2023,6,"Serie A","13.29","446","446",134,"2700000","Low"
466801,"Sergi Altimira","Midfielder",2023,6,"La Liga","13.05","447","447",44,"300000","Low"
466801,"Sergi Altimira","Midfielder",2023,6,"La Liga","13.05","447","448",44,"300000","Low"
466801,"Sergi Altimira","Midfielder",2023,6,"La Liga","13.05","447","447",44,"300000","Low"
466801,"Sergi Altimira","Midfielder",2023,6,"La Liga","13.05","447","448",44,"300000","Low"
659459,"Carney Chukwuemeka","Midfielder",2023,6,"Premier League","12.83","449","449",16,"15000000","Medium"
315332,"Aymen Barkok","Midfielder",2023,6,"Bundesliga","12.24","450","450",3,"2000000","Low"
315332,"Aymen Barkok","Midfielder",2023,6,"Bundesliga","12.24","450","451",3,"2000000","Low"
315332,"Aymen Barkok","Midfielder",2023,6,"Bundesliga","12.24","450","450",3,"2000000","Low"
315332,"Aymen Barkok","Midfielder",2023,6,"Bundesliga","12.24","450","451",3,"2000000","Low"
190289,"Gerrit Holtmann","Midfielder",2023,6,"Bundesliga","12.22","452","453",33,"3500000","Low"
190289,"Gerrit Holtmann","Midfielder",2023,6,"Bundesliga","12.22","452","452",33,"3500000","Low"
190289,"Gerrit Holtmann","Midfielder",2023,6,"Bundesliga","12.22","452","454",33,"3500000","Low"
190289,"Gerrit Holtmann","Midfielder",2023,6,"Bundesliga","12.22","452","452",33,"3500000","Low"
190289,"Gerrit Holtmann","Midfielder",2023,6,"Bundesliga","12.22","452","452",33,"3500000","Low"
190289,"Gerrit Holtmann","Midfielder",2023,6,"Bundesliga","12.22","452","454",33,"3500000","Low"
190289,"Gerrit Holtmann","Midfielder",2023,6,"Bundesliga","12.22","452","454",33,"3500000","Low"
190289,"Gerrit Holtmann","Midfielder",2023,6,"Bundesliga","12.22","452","453",33,"3500000","Low"
190289,"Gerrit Holtmann","Midfielder",2023,6,"Bundesliga","12.22","452","453",33,"3500000","Low"
357885,"Pablo Fornals","Midfielder",2023,6,"Premier League","11.46","455","455",42,"22000000","High"
656441,"Jean Onana","Midfielder",2023,6,"Ligue 1","11.30","456","457",14,"4000000","Low"
656441,"Jean Onana","Midfielder",2023,6,"Ligue 1","11.30","456","458",14,"4000000","Low"
656441,"Jean Onana","Midfielder",2023,6,"Ligue 1","11.30","456","458",14,"4000000","Low"
656441,"Jean Onana","Midfielder",2023,6,"Ligue 1","11.30","456","456",14,"4000000","Low"
656441,"Jean Onana","Midfielder",2023,6,"Ligue 1","11.30","456","457",14,"4000000","Low"
656441,"Jean Onana","Midfielder",2023,6,"Ligue 1","11.30","456","458",14,"4000000","Low"
656441,"Jean Onana","Midfielder",2023,6,"Ligue 1","11.30","456","457",14,"4000000","Low"
656441,"Jean Onana","Midfielder",2023,6,"Ligue 1","11.30","456","456",14,"4000000","Low"
656441,"Jean Onana","Midfielder",2023,6,"Ligue 1","11.30","456","456",14,"4000000","Low"
533916,"Shandon Baptiste","Midfielder",2023,6,"Premier League","10.71","459","459",23,"3000000","Low"
598765,"Brian Ocampo","Midfielder",2023,6,"La Liga","10.47","460","460",3,"2000000","Low"
650966,"Samuele Vignato","Midfielder",2023,6,"Serie A","10.33","461","461",27,"600000","Low"
153427,"Bebé","Midfielder",2023,6,"La Liga","10.33","461","462",30,"800000","Low"
535834,"Eliot Matazo","Midfielder",2023,6,"Ligue 1","10.22","463","463",25,"7000000","Medium"
535834,"Eliot Matazo","Midfielder",2023,6,"Ligue 1","10.22","463","464",25,"7000000","Medium"
535834,"Eliot Matazo","Midfielder",2023,6,"Ligue 1","10.22","463","463",25,"7000000","Medium"
535834,"Eliot Matazo","Midfielder",2023,6,"Ligue 1","10.22","463","464",25,"7000000","Medium"
746739,"Andre Brooks","Midfielder",2023,6,"Premier League","9.96","465","465",28,"2500000","Low"
322305,"Jean-Victor Makengo","Midfielder",2023,6,"Ligue 1","9.67","466","466",41,"10000000","Medium"
170966,"Jérémie Bela","Midfielder",2023,6,"Ligue 1","9.59","467","467",17,"1500000","Low"
205677,"Luca Garritano","Midfielder",2023,6,"Serie A","9.45","468","468",87,"1700000","Low"
125685,"Luke Berry","Midfielder",2023,6,"Premier League","9.29","469","469",29,"400000","Low"
470618,"Denis Genreau","Midfielder",2023,6,"Ligue 1","9.15","470","470",17,"1500000","Low"
337036,"Florent Muslija","Midfielder",2023,6,"Bundesliga","8.98","471","471",17,"1500000","Low"
585973,"Johann Lepenant","Midfielder",2023,6,"Ligue 1","8.80","472","472",41,"10000000","Medium"
1178474,"Amadou Koné","Midfielder",2023,6,"Ligue 1","8.66","473","473",103,"50000","Low"
539232,"Jessy Deminguet","Midfielder",2023,6,"Ligue 1","8.60","474","474",3,"2000000","Low"
263727,"Joan Jordán","Midfielder",2023,6,"La Liga","8.39","475","475",5,"12000000","Medium"
489611,"Filippo Ranocchia","Midfielder",2023,6,"Serie A","8.33","476","477",40,"1800000","Low"
489611,"Filippo Ranocchia","Midfielder",2023,6,"Serie A","8.33","476","476",40,"1800000","Low"
489611,"Filippo Ranocchia","Midfielder",2023,6,"Serie A","8.33","476","477",40,"1800000","Low"
489611,"Filippo Ranocchia","Midfielder",2023,6,"Serie A","8.33","476","478",40,"1800000","Low"
489611,"Filippo Ranocchia","Midfielder",2023,6,"Serie A","8.33","476","476",40,"1800000","Low"
489611,"Filippo Ranocchia","Midfielder",2023,6,"Serie A","8.33","476","478",40,"1800000","Low"
489611,"Filippo Ranocchia","Midfielder",2023,6,"Serie A","8.33","476","476",40,"1800000","Low"
489611,"Filippo Ranocchia","Midfielder",2023,6,"Serie A","8.33","476","477",40,"1800000","Low"
489611,"Filippo Ranocchia","Midfielder",2023,6,"Serie A","8.33","476","478",40,"1800000","Low"
913495,"Emran Soglo","Midfielder",2023,6,"Ligue 1","8.17","479","479",13,"1000000","Low"
724106,"Luca Lipani","Midfielder",2023,6,"Serie A","7.85","480","480",46,"250000","Low"
919620,"Joseph Nduquidi","Midfielder",2023,6,"Ligue 1","7.50","481","481",46,"250000","Low"
245078,"Nemanja Radonjić","Midfielder",2023,6,"Serie A","7.01","482","483",14,"4000000","Low"
245078,"Nemanja Radonjić","Midfielder",2023,6,"Serie A","7.01","482","484",14,"4000000","Low"
245078,"Nemanja Radonjić","Midfielder",2023,6,"Serie A","7.01","482","483",14,"4000000","Low"
245078,"Nemanja Radonjić","Midfielder",2023,6,"Serie A","7.01","482","482",14,"4000000","Low"
245078,"Nemanja Radonjić","Midfielder",2023,6,"Serie A","7.01","482","482",14,"4000000","Low"
245078,"Nemanja Radonjić","Midfielder",2023,6,"Serie A","7.01","482","484",14,"4000000","Low"
245078,"Nemanja Radonjić","Midfielder",2023,6,"Serie A","7.01","482","483",14,"4000000","Low"
245078,"Nemanja Radonjić","Midfielder",2023,6,"Serie A","7.01","482","484",14,"4000000","Low"
245078,"Nemanja Radonjić","Midfielder",2023,6,"Serie A","7.01","482","482",14,"4000000","Low"
855134,"Skelly Alvero","Midfielder",2023,6,"Ligue 1","6.79","485","486",13,"1000000","Low"
855134,"Skelly Alvero","Midfielder",2023,6,"Ligue 1","6.79","485","485",13,"1000000","Low"
855134,"Skelly Alvero","Midfielder",2023,6,"Ligue 1","6.79","485","485",13,"1000000","Low"
855134,"Skelly Alvero","Midfielder",2023,6,"Ligue 1","6.79","485","486",13,"1000000","Low"
567309,"Naatan Skyttä","Midfielder",2023,6,"Ligue 1","6.14","487","487",2,"500000","Low"
94148,"Fabian Schnellhardt","Midfielder",2023,6,"Bundesliga","5.43","488","488",61,"750000","Low"
872184,"Tadeo Allende","Midfielder",2023,6,"La Liga","4.92","489","489",28,"2500000","Low"
627248,"Lewis Dobbin","Midfielder",2023,6,"Premier League","4.61","490","490",59,"900000","Low"
392538,"Tommaso Pobega","Midfielder",2023,6,"Serie A","4.19","491","491",16,"15000000","Medium"
646658,"Aaron Ramsey","Midfielder",2023,6,"Premier League","4.19","491","492",9,"5000000","Medium"
973703,"Brenner","Midfielder",2023,6,"Serie A","4.02","493","493",20,"8000000","Medium"
973703,"Brenner","Midfielder",2023,6,"Serie A","4.02","493","494",20,"8000000","Medium"
973703,"Brenner","Midfielder",2023,6,"Serie A","4.02","493","493",20,"8000000","Medium"
973703,"Brenner","Midfielder",2023,6,"Serie A","4.02","493","494",20,"8000000","Medium"
524010,"Oier Zarraga","Midfielder",2023,6,"Serie A","3.66","495","495",23,"3000000","Low"
438315,"Andreas Müller","Midfielder",2023,6,"Bundesliga","3.60","496","496",13,"1000000","Low"
1111776,"Ibou Sané","Midfielder",2023,6,"Ligue 1","3.01","497","497",58,"150000","Low"
854853,"Tom Davies","Midfielder",2023,6,"Premier League","2.42","498","498",21,"9000000","Medium"
842425,"Sacha Delaye","Midfielder",2023,6,"Ligue 1","1.87","499","499",29,"400000","Low"
568535,"Theo Corbeanu","Midfielder",2023,6,"La Liga","1.65","500","500",74,"1200000","Low"
568535,"Theo Corbeanu","Midfielder",2023,6,"La Liga","1.65","500","501",74,"1200000","Low"
568535,"Theo Corbeanu","Midfielder",2023,6,"La Liga","1.65","500","500",74,"1200000","Low"
568535,"Theo Corbeanu","Midfielder",2023,6,"La Liga","1.65","500","502",74,"1200000","Low"
568535,"Theo Corbeanu","Midfielder",2023,6,"La Liga","1.65","500","500",74,"1200000","Low"
568535,"Theo Corbeanu","Midfielder",2023,6,"La Liga","1.65","500","501",74,"1200000","Low"
568535,"Theo Corbeanu","Midfielder",2023,6,"La Liga","1.65","500","502",74,"1200000","Low"
568535,"Theo Corbeanu","Midfielder",2023,6,"La Liga","1.65","500","501",74,"1200000","Low"
568535,"Theo Corbeanu","Midfielder",2023,6,"La Liga","1.65","500","502",74,"1200000","Low"
724783,"Tawanda Chirewa","Midfielder",2023,6,"Premier League","1.48","503","503",1,"100000","Low"
66934,"Cheikhou Kouyaté","Midfielder",2023,6,"Premier League","0.83","504","504",3,"2000000","Low"
307519,"Fede San Emeterio","Midfielder",2023,6,"La Liga","0.71","505","505",3,"2000000","Low"
810411,"Pablo Pagis","Midfielder",2023,6,"Ligue 1","0.47","506","506",17,"1500000","Low"
810411,"Pablo Pagis","Midfielder",2023,6,"Ligue 1","0.47","506","507",17,"1500000","Low"
810411,"Pablo Pagis","Midfielder",2023,6,"Ligue 1","0.47","506","506",17,"1500000","Low"
810411,"Pablo Pagis","Midfielder",2023,6,"Ligue 1","0.47","506","507",17,"1500000","Low"
860056,"Aïman Maurer","Midfielder",2023,6,"Ligue 1","0.12","508","509",2,"500000","Low"
860056,"Aïman Maurer","Midfielder",2023,6,"Ligue 1","0.12","508","508",2,"500000","Low"
860056,"Aïman Maurer","Midfielder",2023,6,"Ligue 1","0.12","508","508",2,"500000","Low"
860056,"Aïman Maurer","Midfielder",2023,6,"Ligue 1","0.12","508","509",2,"500000","Low"
133731,"Patrick Mainka","Defender",2024,7,"Bundesliga","94.97","1","1",28,"2500000","Low"
357156,"Diogo Leite","Defender",2024,7,"Bundesliga","93.26","2","2",16,"15000000","Medium"
413220,"James Justin","Defender",2024,7,"Premier League","92.35","3","3",16,"15000000","Medium"
442248,"Ethan Pinnock","Defender",2024,7,"Premier League","90.06","4","4",5,"12000000","Medium"
173504,"James Tarkowski","Defender",2024,7,"Premier League","89.32","5","5",47,"13000000","Medium"
353032,"Omar Alderete","Defender",2024,7,"La Liga","89.06","6","6",9,"5000000","Medium"
349701,"Antonee Robinson","Defender",2024,7,"Premier League","87.85","7","7",26,"25000000","High"
344069,"Anton Stach","Defender",2024,7,"Bundesliga","87.56","8","8",16,"15000000","Medium"
660860,"Diego Coppola","Defender",2024,7,"Serie A","86.97","9","9",6,"6000000","Medium"
118847,"Dominik Kohr","Defender",2024,7,"Bundesliga","86.26","10","10",23,"3000000","Low"
678406,"Sergi Cardona","Defender",2024,7,"La Liga","86.00","11","11",6,"6000000","Medium"
278531,"Sebastiano Luperto","Defender",2024,7,"Serie A","85.68","12","12",33,"3500000","Low"
165513,"Berat Djimsiti","Defender",2024,7,"Serie A","85.38","13","13",41,"10000000","Medium"
493003,"Daniel Muñoz","Defender",2024,7,"Premier League","84.79","14","14",16,"15000000","Medium"
388198,"Nico Schlotterbeck","Defender",2024,7,"Bundesliga","84.53","15","15",43,"30000000","High"
710131,"Diego Llorente","Defender",2024,7,"La Liga","83.85","16","16",25,"7000000","Medium"
286949,"Adam Masina","Defender",2024,7,"Serie A","83.53","17","17",17,"1500000","Low"
289446,"Yerry Mina","Defender",2024,7,"Serie A","83.00","18","18",23,"3000000","Low"
469050,"Nathan Collins","Defender",2024,7,"Premier League","82.91","19","19",26,"25000000","High"
401320,"Dara O'Shea","Defender",2024,7,"Premier League","82.76","20","20",25,"7000000","Medium"
559979,"Abdel Abqar","Defender",2024,7,"La Liga","82.62","21","21",32,"7500000","Medium"
546213,"Tuta","Defender",2024,7,"Bundesliga","82.41","22","22",5,"12000000","Medium"
661145,"Jon Aramburu","Defender",2024,7,"La Liga","81.82","23","23",3,"2000000","Low"
169880,"Giovanni Di Lorenzo","Defender",2024,7,"Serie A","81.65","24","24",10,"18000000","Medium"
228948,"Thilo Kehrer","Defender",2024,7,"Ligue 1","81.03","25","25",41,"10000000","Medium"
127108,"Florian Lejeune","Defender",2024,7,"La Liga","80.74","26","26",23,"3000000","Low"
206746,"Kenny Tete","Defender",2024,7,"Premier League","80.59","27","27",16,"15000000","Medium"
139208,"Virgil van Dijk","Defender",2024,7,"Premier League","80.35","28","28",43,"30000000","High"
441170,"Valentin Rosier","Defender",2024,7,"La Liga","80.18","29","29",14,"4000000","Low"
386446,"Alessandro Buongiorno","Defender",2024,7,"Serie A","79.79","30","30",43,"30000000","High"
357147,"Diogo Dalot","Defender",2024,7,"Premier League","79.74","31","31",22,"35000000","High"
340456,"Noussair Mazraoui","Defender",2024,7,"Premier League","79.00","32","32",43,"30000000","High"
683895,"Emmanuel Agbadou","Defender",2024,7,"Ligue 1","78.65","33","33",21,"9000000","Medium"
648779,"Wilfried Singo","Defender",2024,7,"Ligue 1","78.44","34","34",11,"20000000","High"
355628,"Igor Zubeldia","Defender",2024,7,"La Liga","77.76","35","35",42,"22000000","High"
102423,"Leandro Cabrera","Defender",2024,7,"La Liga","77.71","36","36",17,"1500000","Low"
477758,"Aaron Wan-Bissaka","Defender",2024,7,"Premier League","77.68","37","37",11,"20000000","High"
532937,"Johan Vásquez","Defender",2024,7,"Serie A","77.26","38","38",41,"10000000","Medium"
588426,"Saúl Coco","Defender",2024,7,"Serie A","77.12","39","39",14,"4000000","Low"
415912,"Konstantinos Mavropanos","Defender",2024,7,"Premier League","76.79","40","40",10,"18000000","Medium"
351955,"Federico Baschirotto","Defender",2024,7,"Serie A","76.74","41","41",6,"6000000","Medium"
93604,"Lukas Kübler","Defender",2024,7,"Bundesliga","76.38","42","42",3,"2000000","Low"
126664,"Lucas Digne","Defender",2024,7,"Premier League","76.21","43","43",5,"12000000","Medium"
524925,"Modibo Sagnan","Defender",2024,7,"Ligue 1","75.91","44","44",23,"3000000","Low"
480762,"Lisandro Martínez","Defender",2024,7,"Premier League","75.76","45","45",65,"45000000","High"
344695,"Dayot Upamecano","Defender",2024,7,"Bundesliga","75.68","46","46",8,"50000000","High"
387047,"Danilho Doekhi","Defender",2024,7,"Bundesliga","75.65","47","47",45,"17000000","Medium"
32113,"Armando Izzo","Defender",2024,7,"Serie A","75.62","48","48",28,"2500000","Low"
1076815,"Javi Rodríguez","Defender",2024,7,"La Liga","75.35","49","49",46,"250000","Low"
289432,"Dylan Batubinsika","Defender",2024,7,"Ligue 1","75.26","50","50",3,"2000000","Low"
533568,"Nahuel Tenaglia","Defender",2024,7,"La Liga","74.82","51","51",3,"2000000","Low"
181778,"Emerson","Defender",2024,7,"Serie A","74.47","52","52",5,"12000000","Medium"
236490,"Ola Aina","Defender",2024,7,"Premier League","74.32","53","53",41,"10000000","Medium"
249513,"Diego Rico","Defender",2024,7,"La Liga","74.29","54","54",23,"3000000","Low"
355816,"Ko Itakura","Defender",2024,7,"Bundesliga","74.26","55","55",5,"12000000","Medium"
451801,"Abdul Mumin","Defender",2024,7,"La Liga","73.94","56","56",28,"2500000","Low"
358115,"Luis Pérez","Defender",2024,7,"La Liga","73.53","57","57",82,"1600000","Low"
249636,"Gautier Lloris","Defender",2024,7,"Ligue 1","73.38","58","58",23,"3000000","Low"
564545,"Edmond Tapsoba","Defender",2024,7,"Bundesliga","73.26","59","59",65,"45000000","High"
243760,"Álex Muñoz","Defender",2024,7,"La Liga","73.26","59","60",74,"1200000","Low"
368891,"Arthur Theate","Defender",2024,7,"Bundesliga","73.09","61","62",11,"20000000","High"
368891,"Arthur Theate","Defender",2024,7,"Bundesliga","73.09","61","61",11,"20000000","High"
368891,"Arthur Theate","Defender",2024,7,"Bundesliga","73.09","61","62",11,"20000000","High"
368891,"Arthur Theate","Defender",2024,7,"Bundesliga","73.09","61","61",11,"20000000","High"
763079,"Abdukodir Khusanov","Defender",2024,7,"Ligue 1","73.00","63","63",3,"2000000","Low"
149928,"Jubal","Defender",2024,7,"Ligue 1","73.00","63","64",3,"2000000","Low"
503075,"Isak Hien","Defender",2024,7,"Serie A","72.62","65","65",11,"20000000","High"
495666,"William Saliba","Defender",2024,7,"Premier League","72.62","65","66",15,"80000000","Elite"
806793,"Clément Akpa","Defender",2024,7,"Ligue 1","72.12","67","67",27,"600000","Low"
413507,"Nikola Milenković","Defender",2024,7,"Premier League","71.82","68","68",16,"15000000","Medium"
789082,"Vanderson","Defender",2024,7,"Ligue 1","71.74","69","69",11,"20000000","High"
474800,"Facundo Medina","Defender",2024,7,"Ligue 1","71.18","70","70",26,"25000000","High"
263236,"Kevin Danso","Defender",2024,7,"Ligue 1","71.03","71","71",26,"25000000","High"
1005649,"Murillo","Defender",2024,7,"Premier League","70.68","72","72",26,"25000000","High"
14086,"Ashley Young","Defender",2024,7,"Premier League","70.47","73","73",2,"500000","Low"
364827,"Cédric Kipré","Defender",2024,7,"Ligue 1","70.18","74","74",28,"2500000","Low"
659813,"Piero Hincapié","Defender",2024,7,"Bundesliga","70.15","75","75",7,"40000000","High"
349599,"Pervis Estupiñán","Defender",2024,7,"Premier League","69.97","76","76",43,"30000000","High"
292808,"Wout Faes","Defender",2024,7,"Premier League","69.88","77","77",11,"20000000","High"
310458,"Giangiacomo Magnani","Defender",2024,7,"Serie A","69.88","78","78",23,"3000000","Low"
355915,"Cristian Romero","Defender",2024,7,"Premier League","69.88","78","79",55,"60000000","Elite"
541231,"Sepp van den Berg","Defender",2024,7,"Premier League","69.06","80","80",25,"7000000","Medium"
250845,"José María Giménez","Defender",2024,7,"La Liga","68.94","81","81",26,"25000000","High"
597659,"Charlie Cresswell","Defender",2024,7,"Ligue 1","68.91","82","82",14,"4000000","Low"
669380,"Konstantinos Koulierakis","Defender",2024,7,"Bundesliga","68.76","83","83",6,"6000000","Medium"
385394,"Alberto Dossena","Defender",2024,7,"Serie A","68.62","84","84",9,"5000000","Medium"
556385,"Destiny Udogie","Defender",2024,7,"Premier League","68.59","85","85",65,"45000000","High"
553875,"Pedro Porro","Defender",2024,7,"Premier League","68.35","86","86",65,"45000000","High"
82350,"Stefan Bell","Defender",2024,7,"Bundesliga","67.97","87","87",30,"800000","Low"
272812,"Kingsley Ehizibue","Defender",2024,7,"Serie A","67.85","88","88",73,"2200000","Low"
596446,"Leif Davis","Defender",2024,7,"Premier League","67.82","89","89",6,"6000000","Medium"
318523,"Romain Perraud","Defender",2024,7,"La Liga","67.71","90","90",6,"6000000","Medium"
546926,"Jay Idzes","Defender",2024,7,"Serie A","67.41","91","91",62,"1400000","Low"
131225,"Nicolás Tagliafico","Defender",2024,7,"Ligue 1","67.00","92","92",20,"8000000","Medium"
277179,"Angeliño","Defender",2024,7,"Serie A","66.32","93","93",20,"8000000","Medium"
231572,"Nélson Semedo","Defender",2024,7,"Premier League","66.18","94","94",5,"12000000","Medium"
411975,"Jules Koundé","Defender",2024,7,"La Liga","66.09","95","95",8,"50000000","High"
134270,"Dan Burn","Defender",2024,7,"Premier League","65.82","96","96",20,"8000000","Medium"
202591,"Benjamin Henrichs","Defender",2024,7,"Bundesliga","65.79","97","97",11,"20000000","High"
646750,"Cristhian Mosquera","Defender",2024,7,"La Liga","65.76","98","98",16,"15000000","Medium"
346314,"Trevoh Chalobah","Defender",2024,7,"Premier League","65.65","99","99",47,"13000000","Medium"
463605,"Bafodé Diakité","Defender",2024,7,"Ligue 1","65.15","100","100",10,"18000000","Medium"
139279,"Nicolas Pallois","Defender",2024,7,"Ligue 1","64.97","101","101",27,"600000","Low"
135343,"Fabian Schär","Defender",2024,7,"Premier League","64.79","102","102",41,"10000000","Medium"
572326,"Christopher Wooh","Defender",2024,7,"Ligue 1","64.35","103","103",6,"6000000","Medium"
175639,"Jonathan Clauss","Defender",2024,7,"Ligue 1","64.12","104","104",5,"12000000","Medium"
422466,"Javi Hernández","Defender",2024,7,"La Liga","63.35","105","105",28,"2500000","Low"
154147,"Hauke Wahl","Defender",2024,7,"Bundesliga","63.29","106","106",17,"1500000","Low"
614258,"Levi Colwill","Defender",2024,7,"Premier League","63.21","107","107",8,"50000000","High"
503977,"Taylor Harwood-Bellis","Defender",2024,7,"Premier League","62.94","108","108",42,"22000000","High"
292534,"Eric Smith","Defender",2024,7,"Bundesliga","62.65","109","109",33,"3500000","Low"
576314,"Jan Paul van Hecke","Defender",2024,7,"Premier League","62.41","110","110",10,"18000000","Medium"
225657,"Philipp Lienhart","Defender",2024,7,"Bundesliga","62.12","111","111",16,"15000000","Medium"
340339,"Jorge Sáenz","Defender",2024,7,"La Liga","61.88","112","112",74,"1200000","Low"
453016,"Anthony Caci","Defender",2024,7,"Bundesliga","61.74","113","113",25,"7000000","Medium"
256448,"Gianluca Mancini","Defender",2024,7,"Serie A","61.65","114","114",26,"25000000","High"
794349,"Julien Le Cardinal","Defender",2024,7,"Ligue 1","61.32","115","115",17,"1500000","Low"
947431,"David López","Defender",2024,7,"La Liga","61.15","116","117",1,"100000","Low"
947431,"David López","Defender",2024,7,"La Liga","61.15","116","117",1,"100000","Low"
947431,"David López","Defender",2024,7,"La Liga","61.15","116","116",1,"100000","Low"
947431,"David López","Defender",2024,7,"La Liga","61.15","116","116",1,"100000","Low"
284732,"Ramy Bensebaini","Defender",2024,7,"Bundesliga","61.00","118","118",21,"9000000","Medium"
285845,"Ainsley Maitland-Niles","Defender",2024,7,"Ligue 1","60.74","119","120",25,"7000000","Medium"
127573,"Phillipp Mwene","Defender",2024,7,"Bundesliga","60.74","119","119",40,"1800000","Low"
241307,"Finn Porath","Defender",2024,7,"Bundesliga","60.38","121","121",13,"1000000","Low"
361914,"Nayef Aguerd","Defender",2024,7,"La Liga","60.29","122","123",22,"35000000","High"
361914,"Nayef Aguerd","Defender",2024,7,"La Liga","60.29","122","122",22,"35000000","High"
361914,"Nayef Aguerd","Defender",2024,7,"La Liga","60.29","122","122",22,"35000000","High"
361914,"Nayef Aguerd","Defender",2024,7,"La Liga","60.29","122","123",22,"35000000","High"
12282,"Daley Blind","Defender",2024,7,"La Liga","60.12","124","124",23,"3000000","Low"
707274,"César Tárrega","Defender",2024,7,"La Liga","60.00","125","125",13,"1000000","Low"
192169,"Jonas Föhrenbach","Defender",2024,7,"Bundesliga","60.00","126","126",3,"2000000","Low"
199704,"Yunis Abdelhamid","Defender",2024,7,"Ligue 1","59.62","127","127",27,"600000","Low"
392569,"Gabriele Zappa","Defender",2024,7,"Serie A","59.53","128","129",28,"2500000","Low"
398073,"Achraf Hakimi","Defender",2024,7,"Ligue 1","59.53","128","128",55,"60000000","Elite"
735568,"Natan","Defender",2024,7,"La Liga","59.47","130","130",5,"12000000","Medium"
735568,"Natan","Defender",2024,7,"La Liga","59.47","130","131",5,"12000000","Medium"
735568,"Natan","Defender",2024,7,"La Liga","59.47","130","130",5,"12000000","Medium"
735568,"Natan","Defender",2024,7,"La Liga","59.47","130","131",5,"12000000","Medium"
162434,"Niklas Stark","Defender",2024,7,"Bundesliga","59.44","132","132",67,"5500000","Medium"
655006,"Diego Moreira","Defender",2024,7,"Ligue 1","59.03","133","133",23,"3000000","Low"
401530,"Éder Militão","Defender",2024,7,"La Liga","58.47","134","134",55,"60000000","Elite"
730893,"Tyrick Mitchell","Defender",2024,7,"Premier League","58.44","135","135",26,"25000000","High"
251876,"Pablo Maffeo","Defender",2024,7,"La Liga","57.91","136","136",6,"6000000","Medium"
591916,"Aitor Paredes","Defender",2024,7,"La Liga","57.79","137","137",16,"15000000","Medium"
693095,"Jacob Greaves","Defender",2024,7,"Premier League","56.97","138","138",16,"15000000","Medium"
1089202,"Moïse Bombito","Defender",2024,7,"Ligue 1","56.85","139","139",40,"1800000","Low"
126557,"Jonathan Gradit","Defender",2024,7,"Ligue 1","56.53","140","140",52,"4500000","Low"
251075,"Zeki Çelik","Defender",2024,7,"Serie A","56.41","141","141",6,"6000000","Medium"
196357,"Jonathan Tah","Defender",2024,7,"Bundesliga","56.38","142","142",43,"30000000","High"
848509,"Jackson Tchatchoua","Defender",2024,7,"Serie A","56.12","143","143",23,"3000000","Low"
798043,"Tom Rothe","Defender",2024,7,"Bundesliga","55.97","144","144",20,"8000000","Medium"
563963,"Mohammed Salisu","Defender",2024,7,"Ligue 1","55.85","145","145",16,"15000000","Medium"
460245,"Moritz Jenz","Defender",2024,7,"Bundesliga","55.76","146","146",32,"7500000","Medium"
460245,"Moritz Jenz","Defender",2024,7,"Bundesliga","55.76","146","147",32,"7500000","Medium"
460245,"Moritz Jenz","Defender",2024,7,"Bundesliga","55.76","146","146",32,"7500000","Medium"
460245,"Moritz Jenz","Defender",2024,7,"Bundesliga","55.76","146","147",32,"7500000","Medium"
842338,"Enzo Tchato","Defender",2024,7,"Ligue 1","55.71","148","148",28,"2500000","Low"
241076,"Emmanuel Gyasi","Defender",2024,7,"Serie A","55.68","149","149",40,"1800000","Low"
392516,"Antonino Gallo","Defender",2024,7,"Serie A","55.38","150","150",23,"3000000","Low"
315853,"Alessandro Bastoni","Defender",2024,7,"Serie A","54.94","151","151",31,"70000000","Elite"
485965,"Nicolas Cozza","Defender",2024,7,"Ligue 1","54.91","152","152",33,"3500000","Low"
596122,"Pep Chavarría","Defender",2024,7,"La Liga","54.74","153","153",3,"2000000","Low"
485583,"Ki-Jana Hoever","Defender",2024,7,"Ligue 1","54.65","154","154",52,"4500000","Low"
420210,"Lutsharel Geertruida","Defender",2024,7,"Bundesliga","54.56","155","155",50,"32000000","High"
262939,"Johan Mojica","Defender",2024,7,"La Liga","54.41","156","156",73,"2200000","Low"
413843,"Keven Schlotterbeck","Defender",2024,7,"Bundesliga","54.12","157","157",9,"5000000","Medium"
61812,"Yuri Berchiche","Defender",2024,7,"La Liga","53.68","158","158",40,"1800000","Low"
501418,"Adrià Pedrosa","Defender",2024,7,"La Liga","53.47","159","159",25,"7000000","Medium"
711969,"Lorenz Assignon","Defender",2024,7,"Ligue 1","53.18","160","160",41,"10000000","Medium"
239962,"Denis Vavro","Defender",2024,7,"Bundesliga","53.00","161","162",14,"4000000","Low"
239962,"Denis Vavro","Defender",2024,7,"Bundesliga","53.00","161","162",14,"4000000","Low"
239962,"Denis Vavro","Defender",2024,7,"Bundesliga","53.00","161","161",14,"4000000","Low"
239962,"Denis Vavro","Defender",2024,7,"Bundesliga","53.00","161","161",14,"4000000","Low"
314353,"Trent Alexander-Arnold","Defender",2024,7,"Premier League","52.94","163","163",31,"70000000","Elite"
413403,"Ezri Konsa","Defender",2024,7,"Premier League","52.85","164","164",22,"35000000","High"
255488,"Yeray Álvarez","Defender",2024,7,"La Liga","52.35","165","165",20,"8000000","Medium"
86202,"Antonio Rüdiger","Defender",2024,7,"La Liga","51.68","166","166",26,"25000000","High"
121477,"Craig Dawson","Defender",2024,7,"Premier League","51.53","167","167",3,"2000000","Low"
709372,"Carlos Romero","Defender",2024,7,"La Liga","51.44","168","169",17,"1500000","Low"
709372,"Carlos Romero","Defender",2024,7,"La Liga","51.44","168","168",17,"1500000","Low"
709372,"Carlos Romero","Defender",2024,7,"La Liga","51.44","168","169",17,"1500000","Low"
709372,"Carlos Romero","Defender",2024,7,"La Liga","51.44","168","168",17,"1500000","Low"
401529,"Dodô","Defender",2024,7,"Serie A","51.29","170","170",45,"17000000","Medium"
445126,"Emanuele Valeri","Defender",2024,7,"Serie A","50.65","171","171",147,"2300000","Low"
242940,"Edoardo Goldaniga","Defender",2024,7,"Serie A","50.41","172","172",74,"1200000","Low"
174196,"Kenny Lala","Defender",2024,7,"Ligue 1","50.35","173","173",23,"3000000","Low"
461883,"Calvin Bassey","Defender",2024,7,"Premier League","49.91","174","174",37,"16000000","Medium"
466807,"Adrià Altimira","Defender",2024,7,"La Liga","49.76","175","175",3,"2000000","Low"
466807,"Adrià Altimira","Defender",2024,7,"La Liga","49.76","175","176",3,"2000000","Low"
466807,"Adrià Altimira","Defender",2024,7,"La Liga","49.76","175","175",3,"2000000","Low"
466807,"Adrià Altimira","Defender",2024,7,"La Liga","49.76","175","176",3,"2000000","Low"
890290,"Dean Huijsen","Defender",2024,7,"Premier League","49.41","177","177",41,"10000000","Medium"
654539,"Adrien Truffert","Defender",2024,7,"Ligue 1","49.38","178","178",10,"18000000","Medium"
806168,"Paul Joly","Defender",2024,7,"Ligue 1","49.32","179","179",40,"1800000","Low"
341227,"Juan Miranda","Defender",2024,7,"Serie A","49.29","180","180",32,"7500000","Medium"
341051,"Kyle Walker-Peters","Defender",2024,7,"Premier League","49.03","181","181",11,"20000000","High"
274461,"Felix Passlack","Defender",2024,7,"Bundesliga","48.97","182","182",40,"1800000","Low"
385105,"Gabriel Suazo","Defender",2024,7,"Ligue 1","48.91","183","183",33,"3500000","Low"
435338,"Gabriel Magalhães","Defender",2024,7,"Premier League","48.47","184","184",66,"65000000","Elite"
503680,"Neco Williams","Defender",2024,7,"Premier League","48.26","185","185",45,"17000000","Medium"
388294,"Omar Traoré","Defender",2024,7,"Bundesliga","48.00","186","186",3,"2000000","Low"
131075,"Francesco Acerbi","Defender",2024,7,"Serie A","47.85","187","187",33,"3500000","Low"
364409,"Gabriel Osho","Defender",2024,7,"Ligue 1","46.88","188","188",23,"3000000","Low"
336960,"Giuseppe Pezzella","Defender",2024,7,"Serie A","46.74","189","189",73,"2200000","Low"
633530,"Jordan Zemura","Defender",2024,7,"Serie A","46.41","190","190",9,"5000000","Medium"
122840,"Loïc Nego","Defender",2024,7,"Ligue 1","46.09","191","191",59,"900000","Low"
490384,"Koni De Winter","Defender",2024,7,"Serie A","45.82","192","192",41,"10000000","Medium"
241229,"Jordan Amavi","Defender",2024,7,"Ligue 1","45.62","193","193",74,"1200000","Low"
568559,"Radu Drăgușin","Defender",2024,7,"Premier League","45.62","193","194",26,"25000000","High"
258039,"Aurélio Buta","Defender",2024,7,"Ligue 1","45.50","195","195",6,"6000000","Medium"
535955,"Nuno Tavares","Defender",2024,7,"Serie A","45.44","196","196",16,"15000000","Medium"
535955,"Nuno Tavares","Defender",2024,7,"Serie A","45.44","196","197",16,"15000000","Medium"
535955,"Nuno Tavares","Defender",2024,7,"Serie A","45.44","196","196",16,"15000000","Medium"
535955,"Nuno Tavares","Defender",2024,7,"Serie A","45.44","196","197",16,"15000000","Medium"
339808,"Theo Hernández","Defender",2024,7,"Serie A","45.24","198","198",55,"60000000","Elite"
509022,"Federico Gatti","Defender",2024,7,"Serie A","44.91","199","199",10,"18000000","Medium"
282349,"Timo Becker","Defender",2024,7,"Bundesliga","44.68","200","200",17,"1500000","Low"
357119,"Ibrahima Konaté","Defender",2024,7,"Premier League","44.44","201","201",65,"45000000","High"
182904,"Clément Lenglet","Defender",2024,7,"La Liga","44.26","202","203",41,"10000000","Medium"
182904,"Clément Lenglet","Defender",2024,7,"La Liga","44.26","202","202",41,"10000000","Medium"
182904,"Clément Lenglet","Defender",2024,7,"La Liga","44.26","202","203",41,"10000000","Medium"
182904,"Clément Lenglet","Defender",2024,7,"La Liga","44.26","202","202",41,"10000000","Medium"
453376,"Joseph Okumu","Defender",2024,7,"Ligue 1","44.18","204","204",21,"9000000","Medium"
148153,"Lewis Dunk","Defender",2024,7,"Premier League","43.71","205","205",5,"12000000","Medium"
258004,"Rúben Dias","Defender",2024,7,"Premier League","43.68","206","206",15,"80000000","Elite"
100986,"Thomas Meunier","Defender",2024,7,"Ligue 1","43.47","207","207",28,"2500000","Low"
81512,"Christian Kabasele","Defender",2024,7,"Serie A","42.71","208","208",13,"1000000","Low"
399776,"Pau Torres","Defender",2024,7,"Premier League","41.97","209","209",65,"45000000","High"
75921,"Christopher Trimmel","Defender",2024,7,"Bundesliga","41.79","210","210",27,"600000","Low"
311044,"Alfonso Espino","Defender",2024,7,"La Liga","41.62","211","211",28,"2500000","Low"
314965,"Pedro Pereira","Defender",2024,7,"Serie A","41.53","212","212",17,"1500000","Low"
644401,"Keane Lewis-Potter","Defender",2024,7,"Premier League","41.35","213","213",16,"15000000","Medium"
953901,"Santiago Mouriño","Defender",2024,7,"La Liga","41.32","214","214",13,"1000000","Low"
568149,"Alberto Moreno","Defender",2024,7,"Serie A","41.26","215","215",40,"1800000","Low"
355627,"Sergio Akieme","Defender",2024,7,"Ligue 1","41.12","216","216",25,"7000000","Medium"
220878,"Issiaga Sylla","Defender",2024,7,"Ligue 1","40.97","217","217",28,"2500000","Low"
701819,"Daniele Ghilardi","Defender",2024,7,"Serie A","40.18","218","218",82,"1600000","Low"
768380,"Arouna Sangante","Defender",2024,7,"Ligue 1","40.06","219","219",41,"10000000","Medium"
354909,"Giorgio Altare","Defender",2024,7,"Serie A","39.94","220","220",3,"2000000","Low"
468002,"Ben Johnson","Defender",2024,7,"Premier League","39.74","221","221",20,"8000000","Medium"
397225,"Alessandro Zanoli","Defender",2024,7,"Serie A","38.97","222","222",9,"5000000","Medium"
397225,"Alessandro Zanoli","Defender",2024,7,"Serie A","38.97","222","222",9,"5000000","Medium"
397225,"Alessandro Zanoli","Defender",2024,7,"Serie A","38.97","222","223",9,"5000000","Medium"
397225,"Alessandro Zanoli","Defender",2024,7,"Serie A","38.97","222","223",9,"5000000","Medium"
459658,"Andrea Cambiaso","Defender",2024,7,"Serie A","38.44","224","224",26,"25000000","High"
170472,"Dimitri Foulquier","Defender",2024,7,"La Liga","38.18","225","225",28,"2500000","Low"
424204,"Alphonso Davies","Defender",2024,7,"Bundesliga","38.15","226","226",55,"60000000","Elite"
362108,"Gabriel Gudmundsson","Defender",2024,7,"Ligue 1","38.15","226","227",9,"5000000","Medium"
338629,"Sebastiaan Bornauw","Defender",2024,7,"Bundesliga","38.12","228","228",25,"7000000","Medium"
216872,"Francesco Zampano","Defender",2024,7,"Serie A","37.88","229","229",59,"900000","Low"
597432,"Leopold Querfeld","Defender",2024,7,"Bundesliga","37.79","230","230",9,"5000000","Medium"
330208,"Alessandro Vogliacco","Defender",2024,7,"Serie A","37.59","231","231",3,"2000000","Low"
674612,"Youssouf Ndayishimiye","Defender",2024,7,"Ligue 1","37.53","232","232",16,"15000000","Medium"
344072,"Kelvin Amian","Defender",2024,7,"Ligue 1","37.41","233","233",28,"2500000","Low"
448258,"Josha Vagnoman","Defender",2024,7,"Bundesliga","37.21","234","234",41,"10000000","Medium"
1071956,"Emmanuel Biumla","Defender",2024,7,"Ligue 1","37.06","235","235",29,"400000","Low"
367466,"Thierry Correia","Defender",2024,7,"La Liga","35.97","236","236",6,"6000000","Medium"
568333,"Adam Obert","Defender",2024,7,"Serie A","35.88","237","237",33,"3500000","Low"
574671,"Strahinja Pavlović","Defender",2024,7,"Serie A","35.76","238","238",26,"25000000","High"
335721,"Ben White","Defender",2024,7,"Premier League","35.15","239","239",54,"55000000","High"
405385,"Yukinari Sugawara","Defender",2024,7,"Premier League","34.97","240","240",5,"12000000","Medium"
424042,"Nahuel Molina","Defender",2024,7,"La Liga","34.91","241","241",22,"35000000","High"
111196,"Stefan de Vrij","Defender",2024,7,"Serie A","34.88","242","242",25,"7000000","Medium"
861981,"Alan Matturro","Defender",2024,7,"Serie A","34.71","243","243",14,"4000000","Low"
322655,"Flavius Daniliuc","Defender",2024,7,"Serie A","34.65","244","244",6,"6000000","Medium"
322655,"Flavius Daniliuc","Defender",2024,7,"Serie A","34.65","244","245",6,"6000000","Medium"
322655,"Flavius Daniliuc","Defender",2024,7,"Serie A","34.65","244","244",6,"6000000","Medium"
322655,"Flavius Daniliuc","Defender",2024,7,"Serie A","34.65","244","245",6,"6000000","Medium"
438001,"Santiago Bueno","Defender",2024,7,"Premier League","34.09","246","246",20,"8000000","Medium"
917375,"Antoine Hainaut","Defender",2024,7,"Serie A","33.88","247","247",35,"350000","Low"
234803,"Andrew Robertson","Defender",2024,7,"Premier League","33.59","248","248",43,"30000000","High"
370789,"Julian Ryerson","Defender",2024,7,"Bundesliga","33.38","249","249",11,"20000000","High"
272622,"Issa Diop","Defender",2024,7,"Premier League","33.32","250","250",11,"20000000","High"
513031,"Antonio Sánchez","Defender",2024,7,"La Liga","32.91","251","251",28,"2500000","Low"
221316,"Lucas Vázquez","Defender",2024,7,"La Liga","32.68","252","252",14,"4000000","Low"
750904,"Tom Louchet","Defender",2024,7,"Ligue 1","31.18","253","253",28,"2500000","Low"
512352,"Lasse Rosenboom","Defender",2024,7,"Bundesliga","30.91","254","254",2,"500000","Low"
290017,"Hassane Kamara","Defender",2024,7,"Serie A","30.59","255","255",52,"4500000","Low"
507344,"Becir Omeragic","Defender",2024,7,"Ligue 1","30.41","256","256",6,"6000000","Medium"
393512,"Felix Agu","Defender",2024,7,"Bundesliga","30.03","257","257",28,"2500000","Low"
80293,"Aïssa Mandi","Defender",2024,7,"Ligue 1","29.38","258","258",40,"1800000","Low"
373373,"Lucas Martínez Quarta","Defender",2024,7,"Serie A","27.74","259","259",16,"15000000","Medium"
328658,"Kristoffer Ajer","Defender",2024,7,"Premier League","27.68","260","260",16,"15000000","Medium"
646402,"Abner","Defender",2024,7,"Ligue 1","27.59","261","261",25,"7000000","Medium"
186368,"Valentino Lazaro","Defender",2024,7,"Serie A","26.74","262","262",33,"3500000","Low"
644771,"Odilon Kossounou","Defender",2024,7,"Serie A","26.32","263","263",22,"35000000","High"
644771,"Odilon Kossounou","Defender",2024,7,"Serie A","26.32","263","264",22,"35000000","High"
644771,"Odilon Kossounou","Defender",2024,7,"Serie A","26.32","263","263",22,"35000000","High"
644771,"Odilon Kossounou","Defender",2024,7,"Serie A","26.32","263","264",22,"35000000","High"
93707,"Christian Günter","Defender",2024,7,"Bundesliga","25.94","265","265",9,"5000000","Medium"
95424,"Kyle Walker","Defender",2024,7,"Premier League","25.85","266","266",47,"13000000","Medium"
95424,"Kyle Walker","Defender",2024,7,"Premier League","25.85","266","267",47,"13000000","Medium"
95424,"Kyle Walker","Defender",2024,7,"Premier League","25.85","266","266",47,"13000000","Medium"
95424,"Kyle Walker","Defender",2024,7,"Premier League","25.85","266","267",47,"13000000","Medium"
211474,"Ali Abdi","Defender",2024,7,"Ligue 1","25.74","268","268",17,"1500000","Low"
485960,"Lilian Brassier","Defender",2024,7,"Ligue 1","24.91","269","270",41,"10000000","Medium"
485960,"Lilian Brassier","Defender",2024,7,"Ligue 1","24.91","269","269",41,"10000000","Medium"
485960,"Lilian Brassier","Defender",2024,7,"Ligue 1","24.91","269","269",41,"10000000","Medium"
485960,"Lilian Brassier","Defender",2024,7,"Ligue 1","24.91","269","270",41,"10000000","Medium"
293194,"Borna Sosa","Defender",2024,7,"Serie A","24.65","271","272",32,"7500000","Medium"
293194,"Borna Sosa","Defender",2024,7,"Serie A","24.65","271","272",32,"7500000","Medium"
293194,"Borna Sosa","Defender",2024,7,"Serie A","24.65","271","271",32,"7500000","Medium"
293194,"Borna Sosa","Defender",2024,7,"Serie A","24.65","271","271",32,"7500000","Medium"
830108,"Julián Malatini","Defender",2024,7,"Bundesliga","24.62","273","273",28,"2500000","Low"
484547,"Jeremie Frimpong","Defender",2024,7,"Bundesliga","24.59","274","274",8,"50000000","High"
282700,"Enric Franquesa","Defender",2024,7,"La Liga","24.53","275","275",17,"1500000","Low"
191217,"Héctor Bellerín","Defender",2024,7,"La Liga","24.26","276","276",9,"5000000","Medium"
708072,"Nicolò Savona","Defender",2024,7,"Serie A","22.50","277","277",34,"200000","Low"
166677,"Brian Oliván","Defender",2024,7,"La Liga","22.29","278","278",23,"3000000","Low"
392966,"Nadir Zortea","Defender",2024,7,"Serie A","22.26","279","279",23,"3000000","Low"
198116,"Federico Dimarco","Defender",2024,7,"Serie A","21.85","280","280",8,"50000000","High"
321528,"Denzel Dumfries","Defender",2024,7,"Serie A","21.12","281","281",102,"27000000","High"
616341,"Nuno Mendes","Defender",2024,7,"Ligue 1","20.91","282","282",54,"55000000","High"
332560,"Deiver Machado","Defender",2024,7,"Ligue 1","20.09","283","283",14,"4000000","Low"
787151,"Lukas Ullrich","Defender",2024,7,"Bundesliga","20.09","283","284",61,"750000","Low"
713787,"Jhoanner Chávez","Defender",2024,7,"Ligue 1","19.91","285","285",3,"2000000","Low"
636688,"Alejandro Balde","Defender",2024,7,"La Liga","19.91","285","286",7,"40000000","High"
691892,"Nathaniel Brown","Defender",2024,7,"Bundesliga","19.71","287","287",23,"3000000","Low"
310527,"Paulo Azzi","Defender",2024,7,"Serie A","19.35","288","288",13,"1000000","Low"
469211,"Liberato Cacace","Defender",2024,7,"Serie A","19.00","289","289",3,"2000000","Low"
357796,"Domagoj Bradarić","Defender",2024,7,"Serie A","17.65","290","290",9,"5000000","Medium"
357796,"Domagoj Bradarić","Defender",2024,7,"Serie A","17.65","290","290",9,"5000000","Medium"
357796,"Domagoj Bradarić","Defender",2024,7,"Serie A","17.65","290","291",9,"5000000","Medium"
357796,"Domagoj Bradarić","Defender",2024,7,"Serie A","17.65","290","291",9,"5000000","Medium"
490426,"Krépin Diatta","Defender",2024,7,"Ligue 1","17.56","292","292",5,"12000000","Medium"
262226,"Timothy Castagne","Defender",2024,7,"Premier League","17.24","293","293",45,"17000000","Medium"
223967,"Konrad Laimer","Defender",2024,7,"Bundesliga","16.62","294","294",43,"30000000","High"
166601,"Niklas Süle","Defender",2024,7,"Bundesliga","16.32","295","295",16,"15000000","Medium"
391780,"Derrick Köhn","Defender",2024,7,"Bundesliga","16.00","296","296",106,"4800000","Low"
585982,"Carlos Augusto","Defender",2024,7,"Serie A","15.56","297","297",11,"20000000","High"
289255,"Andoni Gorosabel","Defender",2024,7,"La Liga","15.35","298","298",9,"5000000","Medium"
192616,"Ulisses Garcia","Defender",2024,7,"Ligue 1","14.47","299","299",14,"4000000","Low"
111508,"Allan Nyom","Defender",2024,7,"La Liga","14.44","300","300",2,"500000","Low"
816580,"Tiago Santos","Defender",2024,7,"Ligue 1","14.41","301","301",16,"15000000","Medium"
318204,"David Raum","Defender",2024,7,"Bundesliga","14.29","302","302",11,"20000000","High"
88680,"Luca Caldirola","Defender",2024,7,"Serie A","13.68","303","303",63,"1300000","Low"
485585,"Ian Maatsen","Defender",2024,7,"Premier League","13.62","304","304",43,"30000000","High"
190289,"Gerrit Holtmann","Defender",2024,7,"Bundesliga","13.56","305","305",17,"1500000","Low"
557613,"Quentin Merlin","Defender",2024,7,"Ligue 1","13.09","306","306",41,"10000000","Medium"
667121,"Rodrigo Gomes","Defender",2024,7,"Premier League","12.88","307","307",5,"12000000","Medium"
627228,"Yan Couto","Defender",2024,7,"Bundesliga","12.88","308","309",16,"15000000","Medium"
627228,"Yan Couto","Defender",2024,7,"Bundesliga","12.88","308","309",16,"15000000","Medium"
627228,"Yan Couto","Defender",2024,7,"Bundesliga","12.88","308","308",16,"15000000","Medium"
627228,"Yan Couto","Defender",2024,7,"Bundesliga","12.88","308","308",16,"15000000","Medium"
631007,"Filippo Terracciano","Defender",2024,7,"Serie A","12.79","310","310",52,"4500000","Low"
787912,"El Chadaille Bitshiabu","Defender",2024,7,"Bundesliga","12.56","311","311",5,"12000000","Medium"
125020,"José Luis Palomino","Defender",2024,7,"Serie A","12.35","312","312",71,"700000","Low"
346567,"Luca Pellegrini","Defender",2024,7,"Serie A","11.68","313","313",33,"3500000","Low"
94529,"Stephan El Shaarawy","Defender",2024,7,"Serie A","11.41","314","314",9,"5000000","Medium"
364245,"Jordan Teze","Defender",2024,7,"Ligue 1","11.15","315","315",37,"16000000","Medium"
177779,"Janik Haberer","Defender",2024,7,"Bundesliga","9.97","316","316",14,"4000000","Low"
922693,"Archie Gray","Defender",2024,7,"Premier League","9.68","317","317",37,"16000000","Medium"
461019,"Samuele Birindelli","Defender",2024,7,"Serie A","9.09","318","318",33,"3500000","Low"
55769,"Danilo D'Ambrosio","Defender",2024,7,"Serie A","8.35","319","319",13,"1000000","Low"
126719,"Juan Bernat","Defender",2024,7,"La Liga","8.24","320","321",9,"5000000","Medium"
126719,"Juan Bernat","Defender",2024,7,"La Liga","8.24","320","320",9,"5000000","Medium"
126719,"Juan Bernat","Defender",2024,7,"La Liga","8.24","320","320",9,"5000000","Medium"
126719,"Juan Bernat","Defender",2024,7,"La Liga","8.24","320","321",9,"5000000","Medium"
947360,"Kassoum Ouattara","Defender",2024,7,"Ligue 1","8.09","322","322",6,"6000000","Medium"
250153,"Pasquale Mazzocchi","Defender",2024,7,"Serie A","7.76","323","323",23,"3000000","Low"
504148,"Tariq Lamptey","Defender",2024,7,"Premier League","7.29","324","324",5,"12000000","Medium"
547985,"Fabiano Parisi","Defender",2024,7,"Serie A","6.44","325","325",78,"9500000","Medium"
386047,"Axel Disasi","Defender",2024,7,"Premier League","6.03","326","327",7,"40000000","High"
386047,"Axel Disasi","Defender",2024,7,"Premier League","6.03","326","326",7,"40000000","High"
386047,"Axel Disasi","Defender",2024,7,"Premier League","6.03","326","326",7,"40000000","High"
386047,"Axel Disasi","Defender",2024,7,"Premier League","6.03","326","327",7,"40000000","High"
624258,"Conor Bradley","Defender",2024,7,"Premier League","5.44","328","328",16,"15000000","Medium"
173859,"Davide Zappacosta","Defender",2024,7,"Serie A","5.38","329","329",6,"6000000","Medium"
461617,"Rodrigo Riquelme","Defender",2024,7,"La Liga","5.38","330","330",26,"25000000","High"
298975,"Pol Lirola","Defender",2024,7,"Ligue 1","4.59","331","331",40,"1800000","Low"
633454,"Alexander Bernhardsson","Defender",2024,7,"Bundesliga","4.35","332","333",17,"1500000","Low"
982393,"Lucas Mincarelli","Defender",2024,7,"Ligue 1","4.35","332","332",27,"600000","Low"
91970,"Juan Cuadrado","Defender",2024,7,"Serie A","3.15","334","334",17,"1500000","Low"
276896,"Samuel Gigot","Defender",2024,7,"Serie A","2.97","335","335",21,"9000000","Medium"
276896,"Samuel Gigot","Defender",2024,7,"Serie A","2.97","335","336",21,"9000000","Medium"
276896,"Samuel Gigot","Defender",2024,7,"Serie A","2.97","335","335",21,"9000000","Medium"
276896,"Samuel Gigot","Defender",2024,7,"Serie A","2.97","335","336",21,"9000000","Medium"
1047097,"Yoram Zague","Defender",2024,7,"Ligue 1","2.65","337","337",2,"500000","Low"
814446,"Luca Marianucci","Defender",2024,7,"Serie A","1.26","338","338",101,"175000","Low"
728733,"Brooke Norton-Cuffy","Defender",2024,7,"Serie A","1.03","339","339",52,"4500000","Low"
68390,"Séamus Coleman","Defender",2024,7,"Premier League","0.35","340","340",2,"500000","Low"
121686,"Cristian Gamboa","Defender",2024,7,"Bundesliga","0.29","341","341",2,"500000","Low"
148455,"Mohamed Salah","Forward",2024,7,"Premier League","99.67","1","1",54,"55000000","High"
445939,"Omar Marmoush","Forward",2024,7,"Bundesliga","98.65","2","2",42,"22000000","High"
132098,"Harry Kane","Forward",2024,7,"Bundesliga","98.20","3","3",36,"100000000","Elite"
349066,"Alexander Isak","Forward",2024,7,"Premier League","96.32","4","4",18,"75000000","Elite"
708265,"Bradley Barcola","Forward",2024,7,"Ligue 1","95.85","5","5",7,"40000000","High"
418560,"Erling Haaland","Forward",2024,7,"Premier League","95.50","6","6",12,"180000000","Elite"
193033,"Tim Kleindienst","Forward",2024,7,"Bundesliga","95.11","7","7",6,"6000000","Medium"
776890,"Nicolas Jackson","Forward",2024,7,"Premier League","95.01","8","8",22,"35000000","High"
406040,"Ademola Lookman","Forward",2024,7,"Serie A","94.82","9","9",7,"40000000","High"
288230,"Ousmane Dembélé","Forward",2024,7,"Ligue 1","94.41","10","10",55,"60000000","Elite"
413039,"Bryan Mbeumo","Forward",2024,7,"Premier League","93.98","11","11",7,"40000000","High"
364135,"Moise Kean","Forward",2024,7,"Serie A","93.65","12","12",24,"14000000","Medium"
533738,"Jonathan David","Forward",2024,7,"Ligue 1","91.95","13","13",8,"50000000","High"
333647,"Jonathan Burkardt","Forward",2024,7,"Bundesliga","90.93","14","14",5,"12000000","Medium"
324358,"Ollie Watkins","Forward",2024,7,"Premier League","90.82","15","15",66,"65000000","Elite"
46413,"Ante Budimir","Forward",2024,7,"La Liga","90.62","16","16",9,"5000000","Medium"
480692,"Luis Díaz","Forward",2024,7,"Premier League","90.50","17","17",18,"75000000","Elite"
388165,"Yoane Wissa","Forward",2024,7,"Premier League","89.43","18","18",49,"28000000","High"
500689,"Evann Guessand","Forward",2024,7,"Ligue 1","88.97","19","19",20,"8000000","Medium"
357498,"Dušan Vlahović","Forward",2024,7,"Serie A","88.94","20","20",66,"65000000","Elite"
125781,"Antoine Griezmann","Forward",2024,7,"La Liga","88.90","21","21",26,"25000000","High"
937941,"Thierno Barry","Forward",2024,7,"La Liga","88.78","22","22",28,"2500000","Low"
72047,"Iago Aspas","Forward",2024,7,"La Liga","88.58","23","23",23,"3000000","Low"
368887,"Loïs Openda","Forward",2024,7,"Bundesliga","87.89","24","24",55,"60000000","Elite"
309400,"Kai Havertz","Forward",2024,7,"Premier League","87.78","25","25",55,"60000000","Elite"
238407,"Alexander Sørloth","Forward",2024,7,"La Liga","87.66","26","27",16,"15000000","Medium"
937958,"Lamine Yamal","Forward",2024,7,"La Liga","87.66","26","26",18,"75000000","Elite"
433177,"Bukayo Saka","Forward",2024,7,"Premier League","86.71","28","28",97,"130000000","Elite"
258889,"Dominic Solanke","Forward",2024,7,"Premier League","86.26","29","29",22,"35000000","High"
108725,"Chris Wood","Forward",2024,7,"Premier League","85.86","30","30",25,"7000000","Medium"
470607,"Brennan Johnson","Forward",2024,7,"Premier League","85.07","31","31",113,"48000000","High"
67063,"Danny Welbeck","Forward",2024,7,"Premier League","84.83","32","32",9,"5000000","Medium"
96341,"Romelu Lukaku","Forward",2024,7,"Serie A","84.62","33","33",43,"30000000","High"
656681,"Victor Boniface","Forward",2024,7,"Bundesliga","84.04","34","34",7,"40000000","High"
503987,"Noni Madueke","Forward",2024,7,"Premier League","83.64","35","35",49,"28000000","High"
197838,"Jamie Vardy","Forward",2024,7,"Premier League","83.36","36","36",13,"1000000","Low"
583255,"Antoine Semenyo","Forward",2024,7,"Premier League","83.03","37","37",41,"10000000","Medium"
93720,"Alexandre Lacazette","Forward",2024,7,"Ligue 1","82.54","38","38",21,"9000000","Medium"
502670,"Khvicha Kvaratskhelia","Forward",2024,7,"Serie A","82.28","39","39",15,"80000000","Elite"
610849,"Liam Delap","Forward",2024,7,"Premier League","82.22","40","40",20,"8000000","Medium"
408471,"Javi Puado","Forward",2024,7,"La Liga","82.10","41","41",20,"8000000","Medium"
246968,"Ayoze Pérez","Forward",2024,7,"La Liga","81.84","42","42",25,"7000000","Medium"
746910,"Mohamed Amoura","Forward",2024,7,"Bundesliga","81.42","43","44",37,"16000000","Medium"
746910,"Mohamed Amoura","Forward",2024,7,"Bundesliga","81.42","43","43",37,"16000000","Medium"
746910,"Mohamed Amoura","Forward",2024,7,"Bundesliga","81.42","43","44",37,"16000000","Medium"
746910,"Mohamed Amoura","Forward",2024,7,"Bundesliga","81.42","43","43",37,"16000000","Medium"
184892,"Florian Thauvin","Forward",2024,7,"Serie A","81.40","45","45",23,"3000000","Low"
185077,"Vincenzo Grifo","Forward",2024,7,"Bundesliga","80.21","46","46",21,"9000000","Medium"
405397,"Keito Nakamura","Forward",2024,7,"Ligue 1","80.07","47","47",21,"9000000","Medium"
270541,"Serhou Guirassy","Forward",2024,7,"Bundesliga","79.70","48","48",7,"40000000","High"
315865,"Andrea Pinamonti","Forward",2024,7,"Serie A","79.43","49","49",16,"15000000","Medium"
315865,"Andrea Pinamonti","Forward",2024,7,"Serie A","79.43","49","50",16,"15000000","Medium"
315865,"Andrea Pinamonti","Forward",2024,7,"Serie A","79.43","49","50",16,"15000000","Medium"
315865,"Andrea Pinamonti","Forward",2024,7,"Serie A","79.43","49","49",16,"15000000","Medium"
649317,"Jhon Durán","Forward",2024,7,"Premier League","79.42","51","51",11,"20000000","High"
406625,"Lautaro Martínez","Forward",2024,7,"Serie A","79.36","52","52",53,"110000000","Elite"
429983,"Jørgen Strand Larsen","Forward",2024,7,"Premier League","79.11","53","53",11,"20000000","High"
429983,"Jørgen Strand Larsen","Forward",2024,7,"Premier League","79.11","53","54",11,"20000000","High"
429983,"Jørgen Strand Larsen","Forward",2024,7,"Premier League","79.11","53","53",11,"20000000","High"
429983,"Jørgen Strand Larsen","Forward",2024,7,"Premier League","79.11","53","54",11,"20000000","High"
242631,"Alex Iwobi","Forward",2024,7,"Premier League","78.33","55","55",26,"25000000","High"
343537,"Artem Dovbyk","Forward",2024,7,"Serie A","78.12","56","56",43,"30000000","High"
314875,"Jarrod Bowen","Forward",2024,7,"Premier League","78.10","57","57",8,"50000000","High"
255508,"Iñaki Williams","Forward",2024,7,"La Liga","78.00","58","58",26,"25000000","High"
199369,"Sandro Ramírez","Forward",2024,7,"La Liga","76.95","59","59",17,"1500000","Low"
434433,"Nikola Krstović","Forward",2024,7,"Serie A","76.84","60","60",6,"6000000","Medium"
338425,"Álex Berenguer","Forward",2024,7,"La Liga","76.69","61","61",5,"12000000","Medium"
274862,"Moses Simon","Forward",2024,7,"Ligue 1","75.51","62","62",5,"12000000","Medium"
503733,"Anthony Gordon","Forward",2024,7,"Premier League","75.50","63","63",55,"60000000","Elite"
353399,"Romain Del Castillo","Forward",2024,7,"Ligue 1","75.42","64","64",21,"9000000","Medium"
206050,"Paulo Dybala","Forward",2024,7,"Serie A","75.27","65","65",11,"20000000","High"
550580,"Shuto Machino","Forward",2024,7,"Bundesliga","74.94","66","66",3,"2000000","Low"
357164,"Rafael Leão","Forward",2024,7,"Serie A","74.84","67","67",51,"90000000","Elite"
827734,"Ange-Yoan Bonny","Forward",2024,7,"Serie A","74.75","68","68",20,"8000000","Medium"
397486,"Dennis Man","Forward",2024,7,"Serie A","74.67","69","69",38,"6500000","Medium"
579928,"Sebastian Nanasi","Forward",2024,7,"Ligue 1","74.49","70","70",20,"8000000","Medium"
585959,"Arnaud Kalimuendo","Forward",2024,7,"Ligue 1","74.46","71","71",11,"20000000","High"
412363,"Rodrygo","Forward",2024,7,"La Liga","73.77","72","72",53,"110000000","Elite"
288340,"Phillip Tietz","Forward",2024,7,"Bundesliga","73.54","73","73",9,"5000000","Medium"
670882,"Jamie Gittens","Forward",2024,7,"Bundesliga","73.50","74","74",49,"28000000","High"
343463,"Cyle Larin","Forward",2024,7,"La Liga","73.46","75","75",14,"4000000","Low"
711337,"Evanilson","Forward",2024,7,"Premier League","73.27","76","76",43,"30000000","High"
616344,"Tiago Tomás","Forward",2024,7,"Bundesliga","72.86","77","77",6,"6000000","Medium"
505653,"Fábio Silva","Forward",2024,7,"La Liga","72.82","78","78",39,"11000000","Medium"
505653,"Fábio Silva","Forward",2024,7,"La Liga","72.82","78","79",39,"11000000","Medium"
505653,"Fábio Silva","Forward",2024,7,"La Liga","72.82","78","78",39,"11000000","Medium"
505653,"Fábio Silva","Forward",2024,7,"La Liga","72.82","78","79",39,"11000000","Medium"
849520,"Santiago Castro","Forward",2024,7,"Serie A","72.49","80","80",5,"12000000","Medium"
420002,"Jean-Philippe Mateta","Forward",2024,7,"Premier League","72.34","81","81",41,"10000000","Medium"
339314,"Deniz Undav","Forward",2024,7,"Bundesliga","72.27","82","82",42,"22000000","High"
398065,"Harvey Barnes","Forward",2024,7,"Premier League","72.17","83","83",22,"35000000","High"
847279,"Oumar Diakité","Forward",2024,7,"Ligue 1","70.88","84","84",6,"6000000","Medium"
265078,"Patrick Cutrone","Forward",2024,7,"Serie A","70.58","85","85",23,"3000000","Low"
943837,"Vitor Roque","Forward",2024,7,"La Liga","70.03","86","86",43,"30000000","High"
504849,"Kaoru Mitoma","Forward",2024,7,"Premier League","69.83","87","87",65,"45000000","High"
729814,"Georges Mikautadze","Forward",2024,7,"Ligue 1","69.62","88","88",21,"9000000","Medium"
729814,"Georges Mikautadze","Forward",2024,7,"Ligue 1","69.62","88","89",21,"9000000","Medium"
729814,"Georges Mikautadze","Forward",2024,7,"Ligue 1","69.62","88","88",21,"9000000","Medium"
729814,"Georges Mikautadze","Forward",2024,7,"Ligue 1","69.62","88","89",21,"9000000","Medium"
733576,"Alberto Moleiro","Forward",2024,7,"La Liga","69.33","90","90",16,"15000000","Medium"
464598,"Casper Tengstedt","Forward",2024,7,"Serie A","69.29","91","91",9,"5000000","Medium"
464598,"Casper Tengstedt","Forward",2024,7,"Serie A","69.29","91","92",9,"5000000","Medium"
464598,"Casper Tengstedt","Forward",2024,7,"Serie A","69.29","91","91",9,"5000000","Medium"
464598,"Casper Tengstedt","Forward",2024,7,"Serie A","69.29","91","92",9,"5000000","Medium"
572265,"Lorenzo Lucca","Forward",2024,7,"Serie A","68.40","93","93",20,"8000000","Medium"
655488,"Gabriel Martinelli","Forward",2024,7,"Premier League","68.29","94","94",15,"80000000","Elite"
487843,"Lorenzo Colombo","Forward",2024,7,"Serie A","68.02","95","95",6,"6000000","Medium"
340205,"Gorka Guruzeta","Forward",2024,7,"La Liga","67.65","96","96",16,"15000000","Medium"
348791,"Junya Ito","Forward",2024,7,"Ligue 1","67.45","97","97",20,"8000000","Medium"
324811,"Arnaud Nordin","Forward",2024,7,"Ligue 1","67.38","98","98",20,"8000000","Medium"
237662,"Breel Embolo","Forward",2024,7,"Ligue 1","66.63","99","99",5,"12000000","Medium"
538918,"Sebastiano Esposito","Forward",2024,7,"Serie A","66.30","100","100",9,"5000000","Medium"
538918,"Sebastiano Esposito","Forward",2024,7,"Serie A","66.30","100","101",9,"5000000","Medium"
538918,"Sebastiano Esposito","Forward",2024,7,"Serie A","66.30","100","100",9,"5000000","Medium"
538918,"Sebastiano Esposito","Forward",2024,7,"Serie A","66.30","100","101",9,"5000000","Medium"
496857,"Edon Zhegrova","Forward",2024,7,"Ligue 1","66.15","102","102",16,"15000000","Medium"
365108,"Dan Ndoye","Forward",2024,7,"Serie A","65.31","103","103",24,"14000000","Medium"
473050,"Kevin Schade","Forward",2024,7,"Premier League","65.11","104","104",42,"22000000","High"
455661,"Nick Woltemade","Forward",2024,7,"Bundesliga","65.10","105","105",14,"4000000","Low"
811779,"Alejandro Garnacho","Forward",2024,7,"Premier League","64.96","106","106",7,"40000000","High"
283994,"Ludovic Ajorque","Forward",2024,7,"Ligue 1","63.81","107","107",14,"4000000","Low"
283994,"Ludovic Ajorque","Forward",2024,7,"Ligue 1","63.81","107","108",14,"4000000","Low"
283994,"Ludovic Ajorque","Forward",2024,7,"Ligue 1","63.81","107","107",14,"4000000","Low"
283994,"Ludovic Ajorque","Forward",2024,7,"Ligue 1","63.81","107","108",14,"4000000","Low"
59323,"Cristhian Stuani","Forward",2024,7,"La Liga","62.25","109","109",40,"1800000","Low"
651569,"Daniel Mosquera","Forward",2024,7,"Serie A","62.05","110","110",71,"700000","Low"
199527,"Jacob Murphy","Forward",2024,7,"Premier League","62.03","111","111",16,"15000000","Medium"
607034,"Akor Adams","Forward",2024,7,"Ligue 1","61.71","112","112",41,"10000000","Medium"
144028,"Leandro Trossard","Forward",2024,7,"Premier League","61.56","113","113",22,"35000000","High"
484888,"Ibrahim Sissoko","Forward",2024,7,"Ligue 1","61.44","114","114",28,"2500000","Low"
192565,"Leroy Sané","Forward",2024,7,"Bundesliga","61.43","115","115",31,"70000000","Elite"
573775,"Hugo Duro","Forward",2024,7,"La Liga","61.12","116","116",37,"16000000","Medium"
278359,"Borja Iglesias","Forward",2024,7,"La Liga","61.12","117","118",6,"6000000","Medium"
278359,"Borja Iglesias","Forward",2024,7,"La Liga","61.12","117","117",6,"6000000","Medium"
278359,"Borja Iglesias","Forward",2024,7,"La Liga","61.12","117","117",6,"6000000","Medium"
278359,"Borja Iglesias","Forward",2024,7,"La Liga","61.12","117","118",6,"6000000","Medium"
434675,"Cody Gakpo","Forward",2024,7,"Premier League","60.71","119","119",8,"50000000","High"
229006,"Franck Honorat","Forward",2024,7,"Bundesliga","60.33","120","120",5,"12000000","Medium"
926952,"Patrick Dorgu","Forward",2024,7,"Serie A","59.77","121","121",5,"12000000","Medium"
845654,"Kenan Yıldız","Forward",2024,7,"Serie A","59.70","122","122",43,"30000000","High"
540664,"Dilane Bakwa","Forward",2024,7,"Ligue 1","59.35","123","123",25,"7000000","Medium"
536835,"Amad Diallo","Forward",2024,7,"Premier League","59.18","124","124",10,"18000000","Medium"
559328,"Emanuel Emegha","Forward",2024,7,"Ligue 1","58.90","125","125",5,"12000000","Medium"
370846,"Timothy Weah","Forward",2024,7,"Serie A","58.50","126","126",5,"12000000","Medium"
340950,"Diogo Jota","Forward",2024,7,"Premier League","58.14","127","127",8,"50000000","High"
540536,"Carlos Vicente","Forward",2024,7,"La Liga","57.58","128","128",3,"2000000","Low"
569140,"Lassine Sinayoko","Forward",2024,7,"Ligue 1","57.54","129","129",3,"2000000","Low"
523318,"Anastasios Douvikas","Forward",2024,7,"La Liga","57.49","130","130",6,"6000000","Medium"
585700,"Juan Cruz","Forward",2024,7,"La Liga","57.38","131","131",73,"2200000","Low"
435648,"Joshua Zirkzee","Forward",2024,7,"Premier League","56.76","132","132",7,"40000000","High"
243714,"Kingsley Coman","Forward",2024,7,"Bundesliga","56.39","133","133",8,"50000000","High"
73794,"Duván Zapata","Forward",2024,7,"Serie A","55.58","134","134",20,"8000000","Medium"
503770,"Folarin Balogun","Forward",2024,7,"Ligue 1","55.48","135","135",43,"30000000","High"
181378,"Gaëtan Laborde","Forward",2024,7,"Ligue 1","53.91","136","136",41,"10000000","Medium"
823231,"Dango Ouattara","Forward",2024,7,"Premier League","53.73","137","137",11,"20000000","High"
251303,"Johannes Eggestein","Forward",2024,7,"Bundesliga","53.56","138","138",3,"2000000","Low"
538977,"Georginio Rutter","Forward",2024,7,"Premier League","52.22","139","139",10,"18000000","Medium"
537382,"Bryan Gil","Forward",2024,7,"La Liga","51.12","140","141",24,"14000000","Medium"
537382,"Bryan Gil","Forward",2024,7,"La Liga","51.12","140","140",24,"14000000","Medium"
537382,"Bryan Gil","Forward",2024,7,"La Liga","51.12","140","141",24,"14000000","Medium"
537382,"Bryan Gil","Forward",2024,7,"La Liga","51.12","140","140",24,"14000000","Medium"
606119,"Phil Harres","Forward",2024,7,"Bundesliga","50.59","142","142",44,"300000","Low"
384593,"Alexis Claude-Maurice","Forward",2024,7,"Bundesliga","50.50","143","143",33,"3500000","Low"
764859,"Williot Swedberg","Forward",2024,7,"La Liga","50.45","144","144",9,"5000000","Medium"
687609,"Isaac Romero","Forward",2024,7,"La Liga","50.03","145","145",16,"15000000","Medium"
505674,"Sergio Camello","Forward",2024,7,"La Liga","50.01","146","146",23,"3000000","Low"
326029,"Donyell Malen","Forward",2024,7,"Bundesliga","49.86","147","147",7,"40000000","High"
292139,"Sammie Szmodics","Forward",2024,7,"Premier League","49.86","147","148",25,"7000000","Medium"
659542,"Elye Wahi","Forward",2024,7,"Ligue 1","49.48","149","149",22,"35000000","High"
659542,"Elye Wahi","Forward",2024,7,"Ligue 1","49.48","149","150",22,"35000000","High"
659542,"Elye Wahi","Forward",2024,7,"Ligue 1","49.48","149","150",22,"35000000","High"
659542,"Elye Wahi","Forward",2024,7,"Ligue 1","49.48","149","149",22,"35000000","High"
306024,"Dominic Calvert-Lewin","Forward",2024,7,"Premier League","48.81","151","151",42,"22000000","High"
452477,"Junior Adamu","Forward",2024,7,"Bundesliga","48.67","152","152",9,"5000000","Medium"
457673,"Gabriel Strefezza","Forward",2024,7,"Serie A","48.63","153","153",6,"6000000","Medium"
217115,"Neal Maupay","Forward",2024,7,"Ligue 1","48.57","154","155",5,"12000000","Medium"
217115,"Neal Maupay","Forward",2024,7,"Ligue 1","48.57","154","155",5,"12000000","Medium"
217115,"Neal Maupay","Forward",2024,7,"Ligue 1","48.57","154","154",5,"12000000","Medium"
217115,"Neal Maupay","Forward",2024,7,"Ligue 1","48.57","154","154",5,"12000000","Medium"
776798,"Abdallah Sima","Forward",2024,7,"Ligue 1","48.00","156","156",32,"7500000","Medium"
776798,"Abdallah Sima","Forward",2024,7,"Ligue 1","48.00","156","157",32,"7500000","Medium"
776798,"Abdallah Sima","Forward",2024,7,"Ligue 1","48.00","156","157",32,"7500000","Medium"
776798,"Abdallah Sima","Forward",2024,7,"Ligue 1","48.00","156","156",32,"7500000","Medium"
462823,"Gustav Isaksen","Forward",2024,7,"Serie A","47.95","158","158",5,"12000000","Medium"
724520,"Abde Ezzalzouli","Forward",2024,7,"La Liga","47.92","159","159",5,"12000000","Medium"
340376,"Abel Ruiz","Forward",2024,7,"La Liga","47.82","160","160",5,"12000000","Medium"
1064403,"Álvaro García","Forward",2024,7,"La Liga","47.72","161","161",14,"4000000","Low"
487969,"Randal Kolo Muani","Forward",2024,7,"Ligue 1","47.32","162","162",55,"60000000","Elite"
159471,"Serge Gnabry","Forward",2024,7,"Bundesliga","47.22","163","163",7,"40000000","High"
691786,"Morgan Guilavogui","Forward",2024,7,"Bundesliga","46.76","164","165",23,"3000000","Low"
691786,"Morgan Guilavogui","Forward",2024,7,"Bundesliga","46.76","164","164",23,"3000000","Low"
691786,"Morgan Guilavogui","Forward",2024,7,"Bundesliga","46.76","164","165",23,"3000000","Low"
691786,"Morgan Guilavogui","Forward",2024,7,"Bundesliga","46.76","164","164",23,"3000000","Low"
1004741,"Pedro","Forward",2024,7,"Serie A","46.63","166","166",13,"1000000","Low"
302371,"Toni Martínez","Forward",2024,7,"La Liga","45.85","167","167",9,"5000000","Medium"
293281,"Jacob Bruun Larsen","Forward",2024,7,"Bundesliga","45.69","168","168",20,"8000000","Medium"
392768,"Callum Hudson-Odoi","Forward",2024,7,"Premier League","45.34","169","169",16,"15000000","Medium"
487850,"Oladapo Afolayan","Forward",2024,7,"Bundesliga","45.30","170","170",3,"2000000","Low"
392959,"Andrea Colpani","Forward",2024,7,"Serie A","45.18","171","171",10,"18000000","Medium"
392959,"Andrea Colpani","Forward",2024,7,"Serie A","45.18","171","171",10,"18000000","Medium"
392959,"Andrea Colpani","Forward",2024,7,"Serie A","45.18","171","172",10,"18000000","Medium"
392959,"Andrea Colpani","Forward",2024,7,"Serie A","45.18","171","172",10,"18000000","Medium"
364405,"Adama Traoré","Forward",2024,7,"Premier League","45.10","173","173",21,"9000000","Medium"
709187,"Nico Williams","Forward",2024,7,"La Liga","45.03","174","174",55,"60000000","Elite"
177467,"Gerard Moreno","Forward",2024,7,"La Liga","44.87","175","175",24,"14000000","Medium"
546543,"Darwin Núñez","Forward",2024,7,"Premier League","44.70","176","176",31,"70000000","Elite"
713644,"Bryan Zaragoza","Forward",2024,7,"La Liga","44.43","177","178",5,"12000000","Medium"
713644,"Bryan Zaragoza","Forward",2024,7,"La Liga","44.43","177","178",5,"12000000","Medium"
713644,"Bryan Zaragoza","Forward",2024,7,"La Liga","44.43","177","177",5,"12000000","Medium"
713644,"Bryan Zaragoza","Forward",2024,7,"La Liga","44.43","177","177",5,"12000000","Medium"
344381,"Christopher Nkunku","Forward",2024,7,"Premier League","44.21","179","179",31,"70000000","Elite"
266807,"Ángel Correa","Forward",2024,7,"La Liga","43.81","180","180",10,"18000000","Medium"
583189,"Anthony Elanga","Forward",2024,7,"Premier League","43.68","181","181",42,"22000000","High"
314678,"Brahim Díaz","Forward",2024,7,"La Liga","43.64","182","182",22,"35000000","High"
361238,"Rubén García","Forward",2024,7,"La Liga","43.63","183","183",28,"2500000","Low"
279455,"Harry Wilson","Forward",2024,7,"Premier League","43.51","184","184",45,"17000000","Medium"
401173,"Jadon Sancho","Forward",2024,7,"Premier League","43.44","185","185",43,"30000000","High"
533662,"Cameron Archer","Forward",2024,7,"Premier League","42.68","186","187",16,"15000000","Medium"
533662,"Cameron Archer","Forward",2024,7,"Premier League","42.68","186","186",16,"15000000","Medium"
533662,"Cameron Archer","Forward",2024,7,"Premier League","42.68","186","186",16,"15000000","Medium"
533662,"Cameron Archer","Forward",2024,7,"Premier League","42.68","186","187",16,"15000000","Medium"
555076,"Romain Faivre","Forward",2024,7,"Ligue 1","40.72","188","188",16,"15000000","Medium"
555076,"Romain Faivre","Forward",2024,7,"Ligue 1","40.72","188","188",16,"15000000","Medium"
555076,"Romain Faivre","Forward",2024,7,"Ligue 1","40.72","188","189",16,"15000000","Medium"
555076,"Romain Faivre","Forward",2024,7,"Ligue 1","40.72","188","189",16,"15000000","Medium"
412660,"Keinan Davis","Forward",2024,7,"Serie A","40.18","190","190",23,"3000000","Low"
623570,"Iliman Ndiaye","Forward",2024,7,"Premier League","39.97","191","191",16,"15000000","Medium"
490417,"Ibrahima Niane","Forward",2024,7,"Ligue 1","39.31","192","192",74,"1200000","Low"
234523,"Antonio Sanabria","Forward",2024,7,"Serie A","39.31","193","193",25,"7000000","Medium"
476219,"Bojan Miovski","Forward",2024,7,"La Liga","38.26","194","194",28,"2500000","Low"
496094,"Karim Adeyemi","Forward",2024,7,"Bundesliga","38.23","195","195",49,"28000000","High"
469822,"David Neres","Forward",2024,7,"Serie A","37.92","196","196",26,"25000000","High"
526466,"Elias Saad","Forward",2024,7,"Bundesliga","37.62","197","197",23,"3000000","Low"
413262,"Dani Raba","Forward",2024,7,"La Liga","37.39","198","198",73,"2200000","Low"
251106,"Enes Ünal","Forward",2024,7,"Premier League","37.07","199","199",11,"20000000","High"
364133,"Pietro Pellegri","Forward",2024,7,"Serie A","36.88","200","200",23,"3000000","Low"
364133,"Pietro Pellegri","Forward",2024,7,"Serie A","36.88","200","201",23,"3000000","Low"
364133,"Pietro Pellegri","Forward",2024,7,"Serie A","36.88","200","200",23,"3000000","Low"
364133,"Pietro Pellegri","Forward",2024,7,"Serie A","36.88","200","201",23,"3000000","Low"
1012534,"Yankuba Minteh","Forward",2024,7,"Premier League","36.73","202","202",5,"12000000","Medium"
340328,"Stephy Mavididi","Forward",2024,7,"Premier League","36.67","203","203",39,"11000000","Medium"
569033,"Armindo Sieb","Forward",2024,7,"Bundesliga","36.49","204","206",33,"3500000","Low"
618813,"Carlos Martín","Forward",2024,7,"La Liga","36.49","204","204",33,"3500000","Low"
618813,"Carlos Martín","Forward",2024,7,"La Liga","36.49","204","204",33,"3500000","Low"
618813,"Carlos Martín","Forward",2024,7,"La Liga","36.49","204","207",33,"3500000","Low"
618813,"Carlos Martín","Forward",2024,7,"La Liga","36.49","204","207",33,"3500000","Low"
569033,"Armindo Sieb","Forward",2024,7,"Bundesliga","36.49","204","205",33,"3500000","Low"
569033,"Armindo Sieb","Forward",2024,7,"Bundesliga","36.49","204","206",33,"3500000","Low"
569033,"Armindo Sieb","Forward",2024,7,"Bundesliga","36.49","204","205",33,"3500000","Low"
735571,"Rodrigo Muniz","Forward",2024,7,"Premier League","36.39","208","208",41,"10000000","Medium"
467720,"Youssoufa Moukoko","Forward",2024,7,"Ligue 1","36.20","209","210",26,"25000000","High"
467720,"Youssoufa Moukoko","Forward",2024,7,"Ligue 1","36.20","209","210",26,"25000000","High"
467720,"Youssoufa Moukoko","Forward",2024,7,"Ligue 1","36.20","209","209",26,"25000000","High"
467720,"Youssoufa Moukoko","Forward",2024,7,"Ligue 1","36.20","209","209",26,"25000000","High"
225122,"Gonçalo Guedes","Forward",2024,7,"Premier League","36.15","211","211",16,"15000000","Medium"
457736,"Tijjani Noslin","Forward",2024,7,"Serie A","36.01","212","212",28,"2500000","Low"
70411,"Darko Lazović","Forward",2024,7,"Serie A","35.34","213","213",17,"1500000","Low"
119037,"Philipp Hofmann","Forward",2024,7,"Bundesliga","34.96","214","214",40,"1800000","Low"
914562,"Désiré Doué","Forward",2024,7,"Ligue 1","34.62","215","215",11,"20000000","High"
425400,"Farid El Melali","Forward",2024,7,"Ligue 1","34.62","215","216",17,"1500000","Low"
363205,"Gabriel Jesus","Forward",2024,7,"Premier League","34.52","217","217",66,"65000000","Elite"
649016,"El Bilal Touré","Forward",2024,7,"Bundesliga","34.48","218","219",11,"20000000","High"
649016,"El Bilal Touré","Forward",2024,7,"Bundesliga","34.48","218","218",11,"20000000","High"
649016,"El Bilal Touré","Forward",2024,7,"Bundesliga","34.48","218","219",11,"20000000","High"
649016,"El Bilal Touré","Forward",2024,7,"Bundesliga","34.48","218","218",11,"20000000","High"
392085,"Nicolò Zaniolo","Forward",2024,7,"Serie A","33.36","220","220",11,"20000000","High"
392085,"Nicolò Zaniolo","Forward",2024,7,"Serie A","33.36","220","220",11,"20000000","High"
392085,"Nicolò Zaniolo","Forward",2024,7,"Serie A","33.36","220","221",11,"20000000","High"
392085,"Nicolò Zaniolo","Forward",2024,7,"Serie A","33.36","220","222",11,"20000000","High"
392085,"Nicolò Zaniolo","Forward",2024,7,"Serie A","33.36","220","221",11,"20000000","High"
392085,"Nicolò Zaniolo","Forward",2024,7,"Serie A","33.36","220","222",11,"20000000","High"
392085,"Nicolò Zaniolo","Forward",2024,7,"Serie A","33.36","220","222",11,"20000000","High"
392085,"Nicolò Zaniolo","Forward",2024,7,"Serie A","33.36","220","221",11,"20000000","High"
392085,"Nicolò Zaniolo","Forward",2024,7,"Serie A","33.36","220","220",11,"20000000","High"
1004834,"George Ilenikhena","Forward",2024,7,"Ligue 1","33.24","223","223",41,"10000000","Medium"
339816,"Tete Morente","Forward",2024,7,"Serie A","33.17","224","224",28,"2500000","Low"
331362,"Benedikt Pichler","Forward",2024,7,"Bundesliga","32.85","225","225",17,"1500000","Low"
749552,"Alieu Fadera","Forward",2024,7,"Serie A","32.78","226","226",28,"2500000","Low"
343052,"Nicolas Pépé","Forward",2024,7,"La Liga","32.58","227","227",41,"10000000","Medium"
487474,"Francisco Conceição","Forward",2024,7,"Serie A","32.44","228","230",16,"15000000","Medium"
487474,"Francisco Conceição","Forward",2024,7,"Serie A","32.44","228","230",16,"15000000","Medium"
487474,"Francisco Conceição","Forward",2024,7,"Serie A","32.44","228","229",16,"15000000","Medium"
487474,"Francisco Conceição","Forward",2024,7,"Serie A","32.44","228","228",16,"15000000","Medium"
487474,"Francisco Conceição","Forward",2024,7,"Serie A","32.44","228","229",16,"15000000","Medium"
487474,"Francisco Conceição","Forward",2024,7,"Serie A","32.44","228","228",16,"15000000","Medium"
487474,"Francisco Conceição","Forward",2024,7,"Serie A","32.44","228","230",16,"15000000","Medium"
487474,"Francisco Conceição","Forward",2024,7,"Serie A","32.44","228","229",16,"15000000","Medium"
487474,"Francisco Conceição","Forward",2024,7,"Serie A","32.44","228","228",16,"15000000","Medium"
905997,"Pablo Durán","Forward",2024,7,"La Liga","31.71","231","231",44,"300000","Low"
406973,"Moritz Broschinski","Forward",2024,7,"Bundesliga","31.08","232","232",3,"2000000","Low"
193116,"John McGinn","Forward",2024,7,"Premier League","30.72","233","233",43,"30000000","High"
654991,"Samuel Mbangula","Forward",2024,7,"Serie A","29.79","234","234",46,"250000","Low"
474701,"Crysencio Summerville","Forward",2024,7,"Premier League","28.88","235","235",11,"20000000","High"
401922,"Samuel Chukwueze","Forward",2024,7,"Serie A","27.28","236","236",11,"20000000","High"
487465,"Pedro Neto","Forward",2024,7,"Premier League","27.08","237","237",54,"55000000","High"
103565,"Wahbi Khazri","Forward",2024,7,"Ligue 1","26.87","238","238",3,"2000000","Low"
1018259,"Gift Orban","Forward",2024,7,"Ligue 1","26.86","239","239",16,"15000000","Medium"
655012,"Lucas Stassin","Forward",2024,7,"Ligue 1","26.78","240","240",23,"3000000","Low"
272278,"Chris Führich","Forward",2024,7,"Bundesliga","26.63","241","241",26,"25000000","High"
475416,"Sorba Thomas","Forward",2024,7,"Ligue 1","26.57","242","242",154,"4200000","Low"
475416,"Sorba Thomas","Forward",2024,7,"Ligue 1","26.57","242","242",154,"4200000","Low"
475416,"Sorba Thomas","Forward",2024,7,"Ligue 1","26.57","242","243",154,"4200000","Low"
475416,"Sorba Thomas","Forward",2024,7,"Ligue 1","26.57","242","243",154,"4200000","Low"
866655,"Tyler Dibling","Forward",2024,7,"Premier League","26.32","244","244",9,"5000000","Medium"
666547,"Zito Luvumbo","Forward",2024,7,"Serie A","26.23","245","245",32,"7500000","Medium"
327126,"Anuar","Forward",2024,7,"La Liga","26.22","246","246",59,"900000","Low"
672803,"Bertuğ Yıldırım","Forward",2024,7,"La Liga","25.96","247","247",14,"4000000","Low"
672803,"Bertuğ Yıldırım","Forward",2024,7,"La Liga","25.96","247","248",14,"4000000","Low"
672803,"Bertuğ Yıldırım","Forward",2024,7,"La Liga","25.96","247","247",14,"4000000","Low"
672803,"Bertuğ Yıldırım","Forward",2024,7,"La Liga","25.96","247","248",14,"4000000","Low"
134294,"Danny Ings","Forward",2024,7,"Premier League","25.72","249","249",20,"8000000","Medium"
674806,"Santiago Pierotti","Forward",2024,7,"Serie A","25.61","250","250",28,"2500000","Low"
187587,"Ante Rebić","Forward",2024,7,"Serie A","25.10","251","251",108,"3200000","Low"
462250,"João Félix","Forward",2024,7,"Premier League","25.01","252","254",43,"30000000","High"
462250,"João Félix","Forward",2024,7,"Premier League","25.01","252","254",43,"30000000","High"
462250,"João Félix","Forward",2024,7,"Premier League","25.01","252","253",43,"30000000","High"
462250,"João Félix","Forward",2024,7,"Premier League","25.01","252","252",43,"30000000","High"
462250,"João Félix","Forward",2024,7,"Premier League","25.01","252","254",43,"30000000","High"
462250,"João Félix","Forward",2024,7,"Premier League","25.01","252","253",43,"30000000","High"
462250,"João Félix","Forward",2024,7,"Premier League","25.01","252","252",43,"30000000","High"
462250,"João Félix","Forward",2024,7,"Premier League","25.01","252","253",43,"30000000","High"
462250,"João Félix","Forward",2024,7,"Premier League","25.01","252","252",43,"30000000","High"
182916,"Wesley Saïd","Forward",2024,7,"Ligue 1","24.83","255","255",14,"4000000","Low"
342226,"Irvin Cardona","Forward",2024,7,"La Liga","24.36","256","257",40,"1800000","Low"
342226,"Irvin Cardona","Forward",2024,7,"La Liga","24.36","256","257",40,"1800000","Low"
342226,"Irvin Cardona","Forward",2024,7,"La Liga","24.36","256","256",40,"1800000","Low"
342226,"Irvin Cardona","Forward",2024,7,"La Liga","24.36","256","256",40,"1800000","Low"
660342,"Gabriel Charpentier","Forward",2024,7,"Serie A","24.32","258","258",82,"1600000","Low"
607226,"Loum Tchaouna","Forward",2024,7,"Serie A","24.02","259","259",9,"5000000","Medium"
355861,"Arnaut Danjuma","Forward",2024,7,"La Liga","23.95","260","261",47,"13000000","Medium"
355861,"Arnaut Danjuma","Forward",2024,7,"La Liga","23.95","260","261",47,"13000000","Medium"
355861,"Arnaut Danjuma","Forward",2024,7,"La Liga","23.95","260","260",47,"13000000","Medium"
355861,"Arnaut Danjuma","Forward",2024,7,"La Liga","23.95","260","260",47,"13000000","Medium"
203123,"Haris Tabakovic","Forward",2024,7,"Bundesliga","23.34","262","262",28,"2500000","Low"
763182,"Josué Casimir","Forward",2024,7,"Ligue 1","23.14","263","263",28,"2500000","Low"
948275,"Álvaro Rodríguez","Forward",2024,7,"La Liga","23.10","264","265",33,"3500000","Low"
948275,"Álvaro Rodríguez","Forward",2024,7,"La Liga","23.10","264","264",33,"3500000","Low"
948275,"Álvaro Rodríguez","Forward",2024,7,"La Liga","23.10","264","264",33,"3500000","Low"
948275,"Álvaro Rodríguez","Forward",2024,7,"La Liga","23.10","264","265",33,"3500000","Low"
282388,"Giovanni Simeone","Forward",2024,7,"Serie A","22.75","266","266",41,"10000000","Medium"
300532,"Pontus Almqvist","Forward",2024,7,"Serie A","22.07","267","267",23,"3000000","Low"
580657,"Osame Sahraoui","Forward",2024,7,"Ligue 1","21.98","268","268",20,"8000000","Medium"
500067,"Chidera Ejuke","Forward",2024,7,"La Liga","21.95","269","269",6,"6000000","Medium"
646733,"Jim Allevinah","Forward",2024,7,"Ligue 1","21.70","270","270",3,"2000000","Low"
748382,"Amin Sarr","Forward",2024,7,"Serie A","21.64","271","271",14,"4000000","Low"
188888,"Sheraldo Becker","Forward",2024,7,"La Liga","21.26","272","272",41,"10000000","Medium"
512385,"Luis Sinisterra","Forward",2024,7,"Premier League","21.01","273","273",45,"17000000","Medium"
354726,"Florian Sotoca","Forward",2024,7,"Ligue 1","20.85","274","274",23,"3000000","Low"
346890,"Noah Okafor","Forward",2024,7,"Serie A","19.96","275","275",11,"20000000","High"
462348,"Mostafa Mohamed","Forward",2024,7,"Ligue 1","19.36","276","276",41,"10000000","Medium"
1061282,"Assane Diao","Forward",2024,7,"La Liga","19.18","277","277",5,"12000000","Medium"
273669,"Adrian Beck","Forward",2024,7,"Bundesliga","18.74","278","278",17,"1500000","Low"
538964,"Thijs Dallinga","Forward",2024,7,"Serie A","18.58","279","279",10,"18000000","Medium"
401571,"Tomás Conechny","Forward",2024,7,"La Liga","18.40","280","280",52,"4500000","Low"
417346,"Jack Harrison","Forward",2024,7,"Premier League","18.22","281","281",10,"18000000","Medium"
170527,"Timo Werner","Forward",2024,7,"Premier League","17.97","282","282",45,"17000000","Medium"
595809,"Beto","Forward",2024,7,"Premier League","17.90","283","283",11,"20000000","High"
503749,"Jacob Ramsey","Forward",2024,7,"Premier League","17.88","284","284",22,"35000000","High"
203460,"Jack Grealish","Forward",2024,7,"Premier League","17.79","285","285",66,"65000000","Elite"
513245,"Jesper Lindstrøm","Forward",2024,7,"Premier League","17.31","286","287",42,"22000000","High"
513245,"Jesper Lindstrøm","Forward",2024,7,"Premier League","17.31","286","286",42,"22000000","High"
513245,"Jesper Lindstrøm","Forward",2024,7,"Premier League","17.31","286","287",42,"22000000","High"
513245,"Jesper Lindstrøm","Forward",2024,7,"Premier League","17.31","286","286",42,"22000000","High"
518505,"Jamie Leweling","Forward",2024,7,"Bundesliga","17.15","288","288",6,"6000000","Medium"
93827,"Steven Skrzybski","Forward",2024,7,"Bundesliga","16.87","289","289",63,"1300000","Low"
658536,"Simon Adingra","Forward",2024,7,"Premier League","16.44","290","290",43,"30000000","High"
605268,"Igor Matanovic","Forward",2024,7,"Bundesliga","16.29","291","291",14,"4000000","Low"
117432,"Kevin Behrens","Forward",2024,7,"Bundesliga","16.15","292","292",23,"3000000","Low"
491296,"Anass Zaroury","Forward",2024,7,"Ligue 1","16.08","293","293",21,"9000000","Medium"
928323,"Ibrahim Salah","Forward",2024,7,"Ligue 1","16.02","294","294",14,"4000000","Low"
337725,"Christian Kouamé","Forward",2024,7,"Serie A","16.01","295","296",32,"7500000","Medium"
337725,"Christian Kouamé","Forward",2024,7,"Serie A","16.01","295","295",32,"7500000","Medium"
337725,"Christian Kouamé","Forward",2024,7,"Serie A","16.01","295","296",32,"7500000","Medium"
337725,"Christian Kouamé","Forward",2024,7,"Serie A","16.01","295","295",32,"7500000","Medium"
618425,"Tanguy Coulibaly","Forward",2024,7,"Ligue 1","15.34","297","297",3,"2000000","Low"
358166,"Eldor Shomurodov","Forward",2024,7,"Serie A","14.99","298","298",9,"5000000","Medium"
559794,"Jack Clarke","Forward",2024,7,"Premier League","14.75","299","299",16,"15000000","Medium"
15956,"Jesús Navas","Forward",2024,7,"La Liga","14.56","300","300",28,"2500000","Low"
378139,"Aitor Ruibal","Forward",2024,7,"La Liga","14.52","301","301",33,"3500000","Low"
745191,"Ramón Sosa","Forward",2024,7,"Premier League","14.43","302","302",47,"13000000","Medium"
741292,"Iker Bravo","Forward",2024,7,"Serie A","14.39","303","303",17,"1500000","Low"
560483,"Randy Nteka","Forward",2024,7,"La Liga","14.11","304","304",17,"1500000","Low"
341317,"Oliver Burke","Forward",2024,7,"Bundesliga","14.02","305","305",3,"2000000","Low"
387626,"Leon Bailey","Forward",2024,7,"Premier League","13.77","306","306",22,"35000000","High"
586853,"Vitinha","Forward",2024,7,"Serie A","13.75","307","307",8,"50000000","High"
367992,"Jesper Karlsson","Forward",2024,7,"Serie A","13.58","308","308",41,"10000000","Medium"
367992,"Jesper Karlsson","Forward",2024,7,"Serie A","13.58","308","309",41,"10000000","Medium"
367992,"Jesper Karlsson","Forward",2024,7,"Serie A","13.58","308","309",41,"10000000","Medium"
367992,"Jesper Karlsson","Forward",2024,7,"Serie A","13.58","308","308",41,"10000000","Medium"
287920,"Tim Skarke","Forward",2024,7,"Bundesliga","13.40","310","310",23,"3000000","Low"
292818,"Jonathan Bamba","Forward",2024,7,"La Liga","13.06","311","311",41,"10000000","Medium"
277033,"David Brooks","Forward",2024,7,"Premier League","12.95","312","312",20,"8000000","Medium"
227961,"Jaime Mata","Forward",2024,7,"La Liga","12.75","313","313",59,"900000","Low"
75489,"Niclas Füllkrug","Forward",2024,7,"Premier League","12.66","314","314",16,"15000000","Medium"
663244,"Jota Silva","Forward",2024,7,"Premier League","11.80","315","315",9,"5000000","Medium"
971570,"Endrick","Forward",2024,7,"La Liga","11.76","316","316",54,"55000000","High"
545538,"Lameck Banda","Forward",2024,7,"Serie A","11.76","317","317",6,"6000000","Medium"
955070,"Ernest Nuamah","Forward",2024,7,"Ligue 1","11.42","318","318",10,"18000000","Medium"
232895,"Zinedine Ferhat","Forward",2024,7,"Ligue 1","10.48","319","319",40,"1800000","Low"
88647,"Andreas Albers","Forward",2024,7,"Bundesliga","10.37","320","321",44,"300000","Low"
743387,"Stanis Idumbo","Forward",2024,7,"La Liga","10.37","320","320",30,"800000","Low"
648046,"Evan Ferguson","Forward",2024,7,"Premier League","9.97","322","322",55,"60000000","Elite"
648046,"Evan Ferguson","Forward",2024,7,"Premier League","9.97","322","323",55,"60000000","Elite"
648046,"Evan Ferguson","Forward",2024,7,"Premier League","9.97","322","323",55,"60000000","Elite"
648046,"Evan Ferguson","Forward",2024,7,"Premier League","9.97","322","322",55,"60000000","Elite"
581672,"Samuel Iling-Junior","Forward",2024,7,"Serie A","9.65","324","324",5,"12000000","Medium"
568698,"Issa Soumaré","Forward",2024,7,"Ligue 1","9.48","325","325",30,"800000","Low"
623521,"Juanmi Latasa","Forward",2024,7,"La Liga","9.12","326","326",80,"2800000","Low"
238639,"Steve Mounié","Forward",2024,7,"Bundesliga","8.02","327","327",6,"6000000","Medium"
807689,"Frank Magri","Forward",2024,7,"Ligue 1","7.63","328","328",23,"3000000","Low"
45403,"André Ayew","Forward",2024,7,"Ligue 1","7.38","329","329",13,"1000000","Low"
405885,"Giacomo Raspadori","Forward",2024,7,"Serie A","7.28","330","330",49,"28000000","High"
255731,"Wes Burns","Forward",2024,7,"Premier League","6.71","331","331",17,"1500000","Low"
245744,"Takuma Asano","Forward",2024,7,"La Liga","6.61","332","332",14,"4000000","Low"
307183,"Sirlord Conteh","Forward",2024,7,"Bundesliga","6.40","333","333",71,"700000","Low"
394033,"Stefan Schimmer","Forward",2024,7,"Bundesliga","6.37","334","334",2,"500000","Low"
621193,"Kasey McAteer","Forward",2024,7,"Premier League","5.99","335","335",59,"900000","Low"
346499,"Danel Sinani","Forward",2024,7,"Bundesliga","4.70","336","336",27,"600000","Low"
358032,"Cyril Ngonge","Forward",2024,7,"Serie A","4.59","337","337",5,"12000000","Medium"
238868,"Rubén Peña","Forward",2024,7,"La Liga","4.18","338","338",73,"2200000","Low"
111961,"Suso","Forward",2024,7,"La Liga","4.12","339","339",14,"4000000","Low"
324804,"Yann Karamoh","Forward",2024,7,"Serie A","4.09","340","340",28,"2500000","Low"
189441,"Lucas Ocampos","Forward",2024,7,"La Liga","3.60","341","341",21,"9000000","Medium"
126737,"Juanmi","Forward",2024,7,"La Liga","2.82","342","342",6,"6000000","Medium"
126737,"Juanmi","Forward",2024,7,"La Liga","2.82","342","343",6,"6000000","Medium"
126737,"Juanmi","Forward",2024,7,"La Liga","2.82","342","343",6,"6000000","Medium"
126737,"Juanmi","Forward",2024,7,"La Liga","2.82","342","342",6,"6000000","Medium"
980576,"Amine Salama","Forward",2024,7,"Ligue 1","2.22","344","344",28,"2500000","Low"
337036,"Florent Muslija","Forward",2024,7,"Bundesliga","2.21","345","345",28,"2500000","Low"
1033005,"Coba da Costa","Forward",2024,7,"La Liga","1.78","346","346",103,"50000","Low"
157635,"Yussuf Poulsen","Forward",2024,7,"Bundesliga","1.54","347","348",6,"6000000","Medium"
295313,"Taiwo Awoniyi","Forward",2024,7,"Premier League","1.54","347","347",49,"28000000","High"
372713,"Florian Ayé","Forward",2024,7,"Ligue 1","1.03","349","349",40,"1800000","Low"
146795,"Ryan Fraser","Forward",2024,7,"Premier League","0.93","350","350",23,"3000000","Low"
1185888,"Ibrahim Mbaye","Forward",2024,7,"Ligue 1","0.68","351","351",3,"2000000","Low"
1058368,"Francesco Camarda","Forward",2024,7,"Serie A","0.25","352","352",41,"10000000","Medium"
737781,"Jérémy Le Douaron","Forward",2024,7,"Ligue 1","0.21","353","353",9,"5000000","Medium"
344009,"Nathan Broadhead","Forward",2024,7,"Premier League","0.17","354","354",14,"4000000","Low"
568177,"Cole Palmer","Midfielder",2024,7,"Premier League","98.68","1","1",54,"55000000","High"
598577,"Florian Wirtz","Midfielder",2024,7,"Bundesliga","97.97","2","2",53,"110000000","Elite"
240306,"Bruno Fernandes","Midfielder",2024,7,"Premier League","97.65","3","3",31,"70000000","Elite"
161056,"Joshua Kimmich","Midfielder",2024,7,"Bundesliga","95.60","4","4",55,"60000000","Elite"
435772,"Charles De Ketelaere","Midfielder",2024,7,"Serie A","94.84","5","5",43,"30000000","High"
241641,"Bernardo Silva","Midfielder",2024,7,"Premier League","94.21","6","6",31,"70000000","Elite"
431755,"Dejan Kulusevski","Midfielder",2024,7,"Premier League","93.42","7","7",54,"55000000","High"
249565,"Youri Tielemans","Midfielder",2024,7,"Premier League","92.81","8","8",26,"25000000","High"
357662,"Declan Rice","Midfielder",2024,7,"Premier League","92.37","9","9",4,"120000000","Elite"
683840,"Pedri","Midfielder",2024,7,"La Liga","92.25","10","10",15,"80000000","Elite"
294057,"James Maddison","Midfielder",2024,7,"Premier League","92.15","11","11",31,"70000000","Elite"
331505,"Óscar Mingueza","Midfielder",2024,7,"La Liga","92.03","12","12",20,"8000000","Medium"
187492,"Julian Brandt","Midfielder",2024,7,"Bundesliga","91.59","13","13",7,"40000000","High"
288225,"Ludovic Blas","Midfielder",2024,7,"Ligue 1","91.52","14","14",10,"18000000","Medium"
111455,"Granit Xhaka","Midfielder",2024,7,"Bundesliga","90.95","15","15",11,"20000000","High"
346853,"Romano Schmid","Midfielder",2024,7,"Bundesliga","90.81","16","16",41,"10000000","Medium"
670681,"João Neves","Midfielder",2024,7,"Ligue 1","90.81","17","17",54,"55000000","High"
503743,"Morgan Rogers","Midfielder",2024,7,"Premier League","89.49","18","18",20,"8000000","Medium"
443710,"Angelo Stiller","Midfielder",2024,7,"Bundesliga","89.05","19","19",10,"18000000","Medium"
520624,"Bruno Guimarães","Midfielder",2024,7,"Premier League","88.92","20","21",19,"85000000","Elite"
584769,"Dwight McNeil","Midfielder",2024,7,"Premier League","88.92","20","20",42,"22000000","High"
281989,"Luis Milla","Midfielder",2024,7,"La Liga","88.66","22","22",33,"3500000","Low"
810895,"Eliesse Ben Seghir","Midfielder",2024,7,"Ligue 1","88.51","23","23",16,"15000000","Medium"
581678,"Jude Bellingham","Midfielder",2024,7,"La Liga","88.14","24","24",12,"180000000","Elite"
315779,"Christian Pulisic","Midfielder",2024,7,"Serie A","87.95","25","25",7,"40000000","High"
369081,"Federico Valverde","Midfielder",2024,7,"La Liga","87.70","26","26",4,"120000000","Elite"
460939,"Tijjani Reijnders","Midfielder",2024,7,"Serie A","87.51","27","27",43,"30000000","High"
366930,"Sergio Gómez","Midfielder",2024,7,"La Liga","87.26","28","28",41,"10000000","Medium"
232454,"Nadiem Amiri","Midfielder",2024,7,"Bundesliga","86.82","29","29",25,"7000000","Medium"
580195,"Jamal Musiala","Midfielder",2024,7,"Bundesliga","86.06","30","30",4,"120000000","Elite"
55735,"Henrikh Mkhitaryan","Midfielder",2024,7,"Serie A","85.33","31","31",6,"6000000","Medium"
249089,"Lewis Cook","Midfielder",2024,7,"Premier League","85.31","32","32",5,"12000000","Medium"
648195,"Enzo Fernández","Midfielder",2024,7,"Premier League","84.74","33","33",18,"75000000","Elite"
567576,"Elliot Anderson","Midfielder",2024,7,"Premier League","84.69","34","34",16,"15000000","Medium"
592979,"Himad Abdelli","Midfielder",2024,7,"Ligue 1","84.40","35","35",14,"4000000","Low"
566574,"Kirian Rodríguez","Midfielder",2024,7,"La Liga","84.16","36","36",5,"12000000","Medium"
88755,"Kevin De Bruyne","Midfielder",2024,7,"Premier League","83.67","37","37",8,"50000000","High"
451276,"Dominik Szoboszlai","Midfielder",2024,7,"Premier League","83.64","38","38",18,"75000000","Elite"
392765,"Emile Smith Rowe","Midfielder",2024,7,"Premier League","83.50","39","39",42,"22000000","High"
479999,"Eberechi Eze","Midfielder",2024,7,"Premier League","83.25","40","40",54,"55000000","High"
127156,"Téji Savanier","Midfielder",2024,7,"Ligue 1","82.59","41","41",21,"9000000","Medium"
353404,"Gaëtan Perrin","Midfielder",2024,7,"Ligue 1","82.49","42","42",23,"3000000","Low"
106872,"Kevin Stöger","Midfielder",2024,7,"Bundesliga","82.00","43","43",14,"4000000","Low"
429014,"Morgan Gibbs-White","Midfielder",2024,7,"Premier League","81.47","44","44",7,"40000000","High"
255942,"Nicolò Barella","Midfielder",2024,7,"Serie A","81.00","45","45",15,"80000000","Elite"
613393,"Gaetano Oristanio","Midfielder",2024,7,"Serie A","80.32","46","46",14,"4000000","Low"
380598,"Santi Comesaña","Midfielder",2024,7,"La Liga","80.17","47","47",6,"6000000","Medium"
192557,"Jackson Irvine","Midfielder",2024,7,"Bundesliga","79.34","48","48",3,"2000000","Low"
687626,"Moisés Caicedo","Midfielder",2024,7,"Premier League","78.73","49","49",15,"80000000","Elite"
822959,"Tom Bischof","Midfielder",2024,7,"Bundesliga","78.53","50","50",33,"3500000","Low"
126414,"Hakan Çalhanoğlu","Midfielder",2024,7,"Serie A","77.75","51","51",65,"45000000","High"
360518,"Teun Koopmeiners","Midfielder",2024,7,"Serie A","77.29","52","52",8,"50000000","High"
188077,"Ryan Christie","Midfielder",2024,7,"Premier League","76.85","53","53",5,"12000000","Medium"
569366,"Enzo Millot","Midfielder",2024,7,"Bundesliga","76.43","54","54",43,"30000000","High"
894914,"Antonio Nusa","Midfielder",2024,7,"Bundesliga","75.92","55","55",16,"15000000","Medium"
463613,"Yann Gboho","Midfielder",2024,7,"Ligue 1","75.26","56","56",33,"3500000","Low"
142021,"Sergi Darder","Midfielder",2024,7,"La Liga","75.23","57","57",6,"6000000","Medium"
427572,"Zuriko Davitashvili","Midfielder",2024,7,"Ligue 1","75.06","58","58",23,"3000000","Low"
263918,"Aleksandr Golovin","Midfielder",2024,7,"Ligue 1","73.74","59","59",43,"30000000","High"
167329,"Alassane Pléa","Midfielder",2024,7,"Bundesliga","73.69","60","60",25,"7000000","Medium"
348795,"Giovani Lo Celso","Midfielder",2024,7,"La Liga","73.69","60","61",37,"16000000","Medium"
330659,"Justin Kluivert","Midfielder",2024,7,"Premier League","73.20","62","62",24,"14000000","Medium"
607854,"Éderson","Midfielder",2024,7,"Serie A","73.13","63","63",43,"30000000","High"
207014,"Will Hughes","Midfielder",2024,7,"Premier League","72.30","64","64",21,"9000000","Medium"
891091,"Diego López","Midfielder",2024,7,"La Liga","72.27","65","65",5,"12000000","Medium"
268429,"Sandi Lovrić","Midfielder",2024,7,"Serie A","72.05","66","66",20,"8000000","Medium"
569598,"Youssouf Fofana","Midfielder",2024,7,"Serie A","72.00","67","67",43,"30000000","High"
775605,"Pablo Barrios","Midfielder",2024,7,"La Liga","71.88","68","68",26,"25000000","High"
249126,"Harry Winks","Midfielder",2024,7,"Premier League","71.15","69","69",5,"12000000","Medium"
876631,"Habib Diarra","Midfielder",2024,7,"Ligue 1","71.12","70","70",10,"18000000","Medium"
918969,"Lamine Camara","Midfielder",2024,7,"Ligue 1","70.95","71","71",20,"8000000","Medium"
395236,"Yacine Adli","Midfielder",2024,7,"Serie A","70.78","72","72",16,"15000000","Medium"
215977,"Adrien Thomasson","Midfielder",2024,7,"Ligue 1","70.78","73","73",9,"5000000","Medium"
983989,"Facundo Buonanotte","Midfielder",2024,7,"Premier League","70.56","74","74",10,"18000000","Medium"
983989,"Facundo Buonanotte","Midfielder",2024,7,"Premier League","70.56","74","75",10,"18000000","Medium"
983989,"Facundo Buonanotte","Midfielder",2024,7,"Premier League","70.56","74","75",10,"18000000","Medium"
983989,"Facundo Buonanotte","Midfielder",2024,7,"Premier League","70.56","74","74",10,"18000000","Medium"
478573,"Ryan Gravenberch","Midfielder",2024,7,"Premier League","70.05","76","76",22,"35000000","High"
834470,"Dani Rodríguez","Midfielder",2024,7,"La Liga","69.76","77","77",13,"1000000","Low"
405398,"Takefusa Kubo","Midfielder",2024,7,"La Liga","69.71","78","78",8,"50000000","High"
634131,"Aimar Oroz","Midfielder",2024,7,"La Liga","69.63","79","79",16,"15000000","Medium"
571020,"Oihan Sancet","Midfielder",2024,7,"La Liga","69.61","80","80",22,"35000000","High"
309110,"Brais Méndez","Midfielder",2024,7,"La Liga","69.29","81","81",7,"40000000","High"
711976,"Andy Diouf","Midfielder",2024,7,"Ligue 1","69.14","82","82",21,"9000000","Medium"
876440,"João Pedro","Midfielder",2024,7,"Premier League","69.12","83","83",65,"45000000","High"
861410,"Arda Güler","Midfielder",2024,7,"La Liga","68.85","84","84",43,"30000000","High"
341278,"Iván Martín","Midfielder",2024,7,"La Liga","68.53","85","85",16,"15000000","Medium"
290273,"Álvaro Tejero","Midfielder",2024,7,"La Liga","68.22","86","86",3,"2000000","Low"
455181,"Jorge de Frutos","Midfielder",2024,7,"La Liga","68.00","87","87",14,"4000000","Low"
406635,"Phil Foden","Midfielder",2024,7,"Premier League","67.87","88","88",97,"130000000","Elite"
463618,"Khéphren Thuram","Midfielder",2024,7,"Serie A","67.31","89","89",22,"35000000","High"
165793,"Takumi Minamino","Midfielder",2024,7,"Ligue 1","67.24","90","90",16,"15000000","Medium"
735570,"João Gomes","Midfielder",2024,7,"Premier League","67.21","91","91",49,"28000000","High"
741238,"Omari Hutchinson","Midfielder",2024,7,"Premier League","67.14","92","92",52,"4500000","Low"
973085,"Carlos Baleba","Midfielder",2024,7,"Premier League","66.48","93","93",42,"22000000","High"
357885,"Pablo Fornals","Midfielder",2024,7,"La Liga","66.28","94","94",24,"14000000","Medium"
190393,"Corentin Tolisso","Midfielder",2024,7,"Ligue 1","66.21","95","95",9,"5000000","Medium"
617074,"Ilaix Moriba","Midfielder",2024,7,"La Liga","65.72","96","96",23,"3000000","Low"
617074,"Ilaix Moriba","Midfielder",2024,7,"La Liga","65.72","96","96",23,"3000000","Low"
617074,"Ilaix Moriba","Midfielder",2024,7,"La Liga","65.72","96","97",23,"3000000","Low"
617074,"Ilaix Moriba","Midfielder",2024,7,"La Liga","65.72","96","97",23,"3000000","Low"
810092,"Warren Zaïre-Emery","Midfielder",2024,7,"Ligue 1","65.40","98","98",55,"60000000","Elite"
372712,"Ibrahima Sissoko","Midfielder",2024,7,"Bundesliga","65.31","99","99",6,"6000000","Medium"
566931,"Xavi Simons","Midfielder",2024,7,"Bundesliga","65.23","100","101",15,"80000000","Elite"
566931,"Xavi Simons","Midfielder",2024,7,"Bundesliga","65.23","100","100",15,"80000000","Elite"
566931,"Xavi Simons","Midfielder",2024,7,"Bundesliga","65.23","100","101",15,"80000000","Elite"
566931,"Xavi Simons","Midfielder",2024,7,"Bundesliga","65.23","100","100",15,"80000000","Elite"
694928,"Samuel Lino","Midfielder",2024,7,"La Liga","64.82","102","102",43,"30000000","High"
372711,"Amine Harit","Midfielder",2024,7,"Ligue 1","64.45","103","103",16,"15000000","Medium"
230784,"Thomas Partey","Midfielder",2024,7,"Premier League","64.43","104","104",11,"20000000","High"
429874,"Ansgar Knauff","Midfielder",2024,7,"Bundesliga","64.35","105","105",41,"10000000","Medium"
333241,"Joelinton","Midfielder",2024,7,"Premier League","64.06","106","106",7,"40000000","High"
892929,"Hugo Álvarez","Midfielder",2024,7,"La Liga","63.67","107","107",29,"400000","Low"
543499,"Mohammed Kudus","Midfielder",2024,7,"Premier League","63.42","108","108",8,"50000000","High"
146752,"Gianluca Caprari","Midfielder",2024,7,"Serie A","63.06","109","109",14,"4000000","Low"
628366,"Lucas Beltrán","Midfielder",2024,7,"Serie A","62.76","110","110",37,"16000000","Medium"
295183,"Răzvan Marin","Midfielder",2024,7,"Serie A","62.49","111","111",134,"2700000","Low"
430280,"Hans Nicolussi Caviglia","Midfielder",2024,7,"Serie A","61.93","112","113",23,"3000000","Low"
430280,"Hans Nicolussi Caviglia","Midfielder",2024,7,"Serie A","61.93","112","112",23,"3000000","Low"
430280,"Hans Nicolussi Caviglia","Midfielder",2024,7,"Serie A","61.93","112","113",23,"3000000","Low"
430280,"Hans Nicolussi Caviglia","Midfielder",2024,7,"Serie A","61.93","112","112",23,"3000000","Low"
84301,"Benjamin André","Midfielder",2024,7,"Ligue 1","61.81","114","114",20,"8000000","Medium"
568693,"Pape Matar Sarr","Midfielder",2024,7,"Premier League","61.74","115","115",7,"40000000","High"
560593,"Hicham Boudaoui","Midfielder",2024,7,"Ligue 1","61.37","116","116",21,"9000000","Medium"
270171,"Vitaly Janelt","Midfielder",2024,7,"Premier League","61.32","117","117",42,"22000000","High"
203394,"Andreas Pereira","Midfielder",2024,7,"Premier League","61.10","118","118",11,"20000000","High"
123551,"Sam Morsy","Midfielder",2024,7,"Premier League","61.08","119","119",59,"900000","Low"
504209,"Gianluca Busio","Midfielder",2024,7,"Serie A","60.90","120","120",38,"6500000","Medium"
466801,"Sergi Altimira","Midfielder",2024,7,"La Liga","60.88","121","121",23,"3000000","Low"
503866,"Albert Grønbaek","Midfielder",2024,7,"Ligue 1","60.68","122","124",5,"12000000","Medium"
503866,"Albert Grønbaek","Midfielder",2024,7,"Ligue 1","60.68","122","122",5,"12000000","Medium"
503866,"Albert Grønbaek","Midfielder",2024,7,"Ligue 1","60.68","122","123",5,"12000000","Medium"
503866,"Albert Grønbaek","Midfielder",2024,7,"Ligue 1","60.68","122","122",5,"12000000","Medium"
503866,"Albert Grønbaek","Midfielder",2024,7,"Ligue 1","60.68","122","123",5,"12000000","Medium"
503866,"Albert Grønbaek","Midfielder",2024,7,"Ligue 1","60.68","122","124",5,"12000000","Medium"
503866,"Albert Grønbaek","Midfielder",2024,7,"Ligue 1","60.68","122","122",5,"12000000","Medium"
503866,"Albert Grønbaek","Midfielder",2024,7,"Ligue 1","60.68","122","123",5,"12000000","Medium"
503866,"Albert Grønbaek","Midfielder",2024,7,"Ligue 1","60.68","122","124",5,"12000000","Medium"
534033,"Alexis Mac Allister","Midfielder",2024,7,"Premier League","60.10","125","125",31,"70000000","Elite"
453870,"Benedict Hollerbach","Midfielder",2024,7,"Bundesliga","59.71","126","126",33,"3500000","Low"
113707,"Rémy Cabella","Midfielder",2024,7,"Ligue 1","59.36","127","127",33,"3500000","Low"
743600,"Andrey Santos","Midfielder",2024,7,"Ligue 1","59.24","128","128",16,"15000000","Medium"
581357,"Jan Schöppner","Midfielder",2024,7,"Bundesliga","59.02","129","129",28,"2500000","Low"
645774,"Eren Dinkçi","Midfielder",2024,7,"Bundesliga","58.63","130","130",41,"10000000","Medium"
232418,"Ondrej Duda","Midfielder",2024,7,"Serie A","58.24","131","131",14,"4000000","Low"
616369,"Ander Barrenetxea","Midfielder",2024,7,"La Liga","58.14","132","133",11,"20000000","High"
444523,"Lucas Paquetá","Midfielder",2024,7,"Premier League","58.14","132","132",66,"65000000","Elite"
181768,"Hernani","Midfielder",2024,7,"Serie A","57.87","134","134",3,"2000000","Low"
370791,"Pablo Rosario","Midfielder",2024,7,"Ligue 1","57.85","135","135",20,"8000000","Medium"
316934,"Nikola Moro","Midfielder",2024,7,"Serie A","57.78","136","136",9,"5000000","Medium"
148367,"Christian Nørgaard","Midfielder",2024,7,"Premier League","57.29","137","137",10,"18000000","Medium"
381967,"Albert Sambi Lokonga","Midfielder",2024,7,"La Liga","56.89","138","139",16,"15000000","Medium"
381967,"Albert Sambi Lokonga","Midfielder",2024,7,"La Liga","56.89","138","138",16,"15000000","Medium"
381967,"Albert Sambi Lokonga","Midfielder",2024,7,"La Liga","56.89","138","139",16,"15000000","Medium"
381967,"Albert Sambi Lokonga","Midfielder",2024,7,"La Liga","56.89","138","138",16,"15000000","Medium"
221311,"Iván Sánchez","Midfielder",2024,7,"La Liga","56.80","140","140",13,"1000000","Low"
274839,"Wilfred Ndidi","Midfielder",2024,7,"Premier League","56.60","141","141",37,"16000000","Medium"
562049,"Edoardo Bove","Midfielder",2024,7,"Serie A","56.41","142","142",10,"18000000","Medium"
562049,"Edoardo Bove","Midfielder",2024,7,"Serie A","56.41","142","143",10,"18000000","Medium"
562049,"Edoardo Bove","Midfielder",2024,7,"Serie A","56.41","142","142",10,"18000000","Medium"
562049,"Edoardo Bove","Midfielder",2024,7,"Serie A","56.41","142","143",10,"18000000","Medium"
485963,"Pape Gueye","Midfielder",2024,7,"La Liga","55.89","144","144",6,"6000000","Medium"
182913,"Adrien Rabiot","Midfielder",2024,7,"Ligue 1","55.55","145","145",22,"35000000","High"
250013,"Angelo Fulgini","Midfielder",2024,7,"Ligue 1","55.53","146","146",25,"7000000","Medium"
164771,"Jordan Veretout","Midfielder",2024,7,"Ligue 1","55.53","147","147",16,"15000000","Medium"
263727,"Joan Jordán","Midfielder",2024,7,"La Liga","55.26","148","148",14,"4000000","Low"
263727,"Joan Jordán","Midfielder",2024,7,"La Liga","55.26","148","148",14,"4000000","Low"
263727,"Joan Jordán","Midfielder",2024,7,"La Liga","55.26","148","149",14,"4000000","Low"
263727,"Joan Jordán","Midfielder",2024,7,"La Liga","55.26","148","149",14,"4000000","Low"
401578,"Exequiel Palacios","Midfielder",2024,7,"Bundesliga","55.23","150","150",65,"45000000","High"
507341,"Fabian Rieder","Midfielder",2024,7,"Bundesliga","55.18","151","152",41,"10000000","Medium"
507341,"Fabian Rieder","Midfielder",2024,7,"Bundesliga","55.18","151","151",41,"10000000","Medium"
507341,"Fabian Rieder","Midfielder",2024,7,"Bundesliga","55.18","151","151",41,"10000000","Medium"
507341,"Fabian Rieder","Midfielder",2024,7,"Bundesliga","55.18","151","152",41,"10000000","Medium"
232320,"Atakan Karazor","Midfielder",2024,7,"Bundesliga","55.16","153","153",41,"10000000","Medium"
153084,"Leon Goretzka","Midfielder",2024,7,"Bundesliga","55.11","154","154",43,"30000000","High"
525704,"Nicolò Rovella","Midfielder",2024,7,"Serie A","55.09","155","155",10,"18000000","Medium"
552425,"Jon Moncayola","Midfielder",2024,7,"La Liga","54.91","156","156",25,"7000000","Medium"
58358,"Thomas Müller","Midfielder",2024,7,"Bundesliga","54.87","157","157",20,"8000000","Medium"
392770,"Angel Gomes","Midfielder",2024,7,"Ligue 1","54.77","158","158",42,"22000000","High"
506189,"Flynn Downes","Midfielder",2024,7,"Premier League","54.13","159","159",25,"7000000","Medium"
226524,"Morten Thorsby","Midfielder",2024,7,"Serie A","54.06","160","160",23,"3000000","Low"
654982,"Bilal El Khannouss","Midfielder",2024,7,"Premier League","53.67","161","161",26,"25000000","High"
467992,"Samuele Ricci","Midfielder",2024,7,"Serie A","53.57","162","162",42,"22000000","High"
495667,"Lucas Da Cunha","Midfielder",2024,7,"Serie A","53.50","163","163",80,"2800000","Low"
74229,"Koke","Midfielder",2024,7,"La Liga","53.47","164","164",5,"12000000","Medium"
742201,"Giuliano Simeone","Midfielder",2024,7,"La Liga","53.33","165","165",17,"1500000","Low"
286297,"Lorenzo Pellegrini","Midfielder",2024,7,"Serie A","53.33","165","166",26,"25000000","High"
900909,"Paul Wanner","Midfielder",2024,7,"Bundesliga","53.11","167","168",9,"5000000","Medium"
900909,"Paul Wanner","Midfielder",2024,7,"Bundesliga","53.11","167","167",9,"5000000","Medium"
900909,"Paul Wanner","Midfielder",2024,7,"Bundesliga","53.11","167","168",9,"5000000","Medium"
900909,"Paul Wanner","Midfielder",2024,7,"Bundesliga","53.11","167","167",9,"5000000","Medium"
569389,"Sofiane Diop","Midfielder",2024,7,"Ligue 1","52.84","169","169",5,"12000000","Medium"
533295,"Patrick Wimmer","Midfielder",2024,7,"Bundesliga","52.37","170","170",16,"15000000","Medium"
467632,"Cristian Cásseres Jr.","Midfielder",2024,7,"Ligue 1","51.91","171","171",14,"4000000","Low"
85370,"Sergi Roberto","Midfielder",2024,7,"Serie A","51.64","172","172",28,"2500000","Low"
356141,"Daichi Kamada","Midfielder",2024,7,"Premier League","51.44","173","173",16,"15000000","Medium"
120095,"José Campaña","Midfielder",2024,7,"La Liga","51.15","174","174",3,"2000000","Low"
527698,"Kike Pérez","Midfielder",2024,7,"La Liga","50.73","175","175",23,"3000000","Low"
442703,"Ylber Ramadani","Midfielder",2024,7,"Serie A","50.59","176","176",14,"4000000","Low"
418571,"Hamza Rafia","Midfielder",2024,7,"Serie A","50.22","177","177",87,"1700000","Low"
393238,"Zakaria Aboukhlal","Midfielder",2024,7,"Ligue 1","49.93","178","178",41,"10000000","Medium"
202886,"Ruben Loftus-Cheek","Midfielder",2024,7,"Serie A","49.61","179","179",26,"25000000","High"
53418,"Kevin Kampl","Midfielder",2024,7,"Bundesliga","49.58","180","180",33,"3500000","Low"
450050,"Jean-Ricner Bellegarde","Midfielder",2024,7,"Premier League","49.44","181","181",16,"15000000","Medium"
503160,"Paul Nebel","Midfielder",2024,7,"Bundesliga","48.97","182","182",33,"3500000","Low"
118284,"Jordan Ferri","Midfielder",2024,7,"Ligue 1","48.83","183","183",52,"4500000","Low"
378293,"Yangel Herrera","Midfielder",2024,7,"La Liga","48.61","184","184",26,"25000000","High"
337333,"Alex Král","Midfielder",2024,7,"La Liga","48.39","185","185",9,"5000000","Medium"
337333,"Alex Král","Midfielder",2024,7,"La Liga","48.39","185","185",9,"5000000","Medium"
337333,"Alex Král","Midfielder",2024,7,"La Liga","48.39","185","186",9,"5000000","Medium"
337333,"Alex Král","Midfielder",2024,7,"La Liga","48.39","185","186",9,"5000000","Medium"
667287,"Yasin Ayari","Midfielder",2024,7,"Premier League","48.36","187","187",52,"4500000","Low"
423444,"Fran Beltrán","Midfielder",2024,7,"La Liga","48.09","188","188",6,"6000000","Medium"
289257,"Jon Guridi","Midfielder",2024,7,"La Liga","48.07","189","189",14,"4000000","Low"
199248,"Bryan Cristante","Midfielder",2024,7,"Serie A","48.04","190","190",11,"20000000","High"
340329,"Joe Willock","Midfielder",2024,7,"Premier League","47.68","191","191",43,"30000000","High"
324278,"Christoph Baumgartner","Midfielder",2024,7,"Bundesliga","47.65","192","192",11,"20000000","High"
525578,"Pathé Ciss","Midfielder",2024,7,"La Liga","47.14","193","193",28,"2500000","Low"
507486,"Simon Sohm","Midfielder",2024,7,"Serie A","47.11","194","194",134,"2700000","Low"
127187,"Abdoulaye Doucouré","Midfielder",2024,7,"Premier League","47.07","195","195",41,"10000000","Medium"
667967,"Yassine Kechta","Midfielder",2024,7,"Ligue 1","46.97","196","196",14,"4000000","Low"
288255,"Donny van de Beek","Midfielder",2024,7,"La Liga","46.58","197","197",25,"7000000","Medium"
813137,"Niccolò Pisilli","Midfielder",2024,7,"Serie A","46.11","198","198",33,"3500000","Low"
418659,"Amine Gouiri","Midfielder",2024,7,"Ligue 1","45.77","199","199",26,"25000000","High"
340324,"Eddie Nketiah","Midfielder",2024,7,"Premier League","45.53","200","200",43,"30000000","High"
289835,"Jens Stage","Midfielder",2024,7,"Bundesliga","45.23","201","201",32,"7500000","Medium"
248999,"Lucas Höler","Midfielder",2024,7,"Bundesliga","44.62","202","202",14,"4000000","Low"
293385,"Dani Olmo","Midfielder",2024,7,"La Liga","44.28","203","203",8,"50000000","High"
676042,"Juanlu Sánchez","Midfielder",2024,7,"La Liga","44.23","204","204",16,"15000000","Medium"
391004,"Jonas Wind","Midfielder",2024,7,"Bundesliga","43.84","205","205",11,"20000000","High"
585973,"Johann Lepenant","Midfielder",2024,7,"Ligue 1","43.81","206","206",25,"7000000","Medium"
585973,"Johann Lepenant","Midfielder",2024,7,"Ligue 1","43.81","206","207",25,"7000000","Medium"
585973,"Johann Lepenant","Midfielder",2024,7,"Ligue 1","43.81","206","206",25,"7000000","Medium"
585973,"Johann Lepenant","Midfielder",2024,7,"Ligue 1","43.81","206","207",25,"7000000","Medium"
406640,"Felix Nmecha","Midfielder",2024,7,"Bundesliga","43.06","208","208",11,"20000000","High"
539134,"Daniel Maldini","Midfielder",2024,7,"Serie A","43.01","209","210",52,"4500000","Low"
539134,"Daniel Maldini","Midfielder",2024,7,"Serie A","43.01","209","209",52,"4500000","Low"
539134,"Daniel Maldini","Midfielder",2024,7,"Serie A","43.01","209","210",52,"4500000","Low"
539134,"Daniel Maldini","Midfielder",2024,7,"Serie A","43.01","209","209",52,"4500000","Low"
425902,"Ryan Yates","Midfielder",2024,7,"Premier League","42.96","211","211",5,"12000000","Medium"
148928,"Saúl Ñíguez","Midfielder",2024,7,"La Liga","42.96","212","213",32,"7500000","Medium"
148928,"Saúl Ñíguez","Midfielder",2024,7,"La Liga","42.96","212","212",32,"7500000","Medium"
148928,"Saúl Ñíguez","Midfielder",2024,7,"La Liga","42.96","212","212",32,"7500000","Medium"
148928,"Saúl Ñíguez","Midfielder",2024,7,"La Liga","42.96","212","213",32,"7500000","Medium"
495621,"Antonio Blanco","Midfielder",2024,7,"La Liga","42.74","214","214",32,"7500000","Medium"
433188,"Curtis Jones","Midfielder",2024,7,"Premier League","42.59","215","215",22,"35000000","High"
744149,"Adam Wharton","Midfielder",2024,7,"Premier League","42.37","216","216",11,"20000000","High"
199733,"Danilo Cataldi","Midfielder",2024,7,"Serie A","42.25","217","217",67,"5500000","Medium"
199733,"Danilo Cataldi","Midfielder",2024,7,"Serie A","42.25","217","218",67,"5500000","Medium"
199733,"Danilo Cataldi","Midfielder",2024,7,"Serie A","42.25","217","217",67,"5500000","Medium"
199733,"Danilo Cataldi","Midfielder",2024,7,"Serie A","42.25","217","218",67,"5500000","Medium"
416386,"Abdou Harroui","Midfielder",2024,7,"Serie A","42.10","219","219",134,"2700000","Low"
626913,"Boulaye Dia","Midfielder",2024,7,"Serie A","41.83","220","220",47,"13000000","Medium"
74294,"Nemanja Gudelj","Midfielder",2024,7,"La Liga","41.64","221","221",33,"3500000","Low"
282810,"Carles Pérez","Midfielder",2024,7,"La Liga","41.42","222","222",23,"3000000","Low"
212723,"Djibril Sow","Midfielder",2024,7,"La Liga","41.22","223","223",5,"12000000","Medium"
16306,"Casemiro","Midfielder",2024,7,"Premier League","40.54","224","224",11,"20000000","High"
324377,"Youssef Maleh","Midfielder",2024,7,"Serie A","40.37","225","225",52,"4500000","Low"
454863,"András Schäfer","Midfielder",2024,7,"Bundesliga","40.32","226","226",9,"5000000","Medium"
820374,"Kobbie Mainoo","Midfielder",2024,7,"Premier League","40.17","227","227",22,"35000000","High"
643574,"Kaishu Sano","Midfielder",2024,7,"Bundesliga","40.02","228","228",13,"1000000","Low"
468198,"Joe Aribo","Midfielder",2024,7,"Premier League","39.93","229","229",9,"5000000","Medium"
413112,"Aurélien Tchouaméni","Midfielder",2024,7,"La Liga","39.83","230","230",36,"100000000","Elite"
543537,"Seydouba Cissé","Midfielder",2024,7,"La Liga","39.58","231","231",74,"1200000","Low"
85393,"Nicolas Viola","Midfielder",2024,7,"Serie A","39.44","232","232",30,"800000","Low"
469669,"Yvan Neyou","Midfielder",2024,7,"La Liga","39.36","233","233",82,"1600000","Low"
592534,"Nicolai Remberg","Midfielder",2024,7,"Bundesliga","39.32","234","234",74,"1200000","Low"
530902,"Abdoulaye Touré","Midfielder",2024,7,"Ligue 1","39.00","235","235",28,"2500000","Low"
372246,"Carlos Soler","Midfielder",2024,7,"Premier League","38.78","236","236",11,"20000000","High"
347253,"Dany Mota","Midfielder",2024,7,"Serie A","38.12","237","237",9,"5000000","Medium"
131978,"Ross Barkley","Midfielder",2024,7,"Premier League","37.92","238","238",20,"8000000","Medium"
358008,"Gianluca Gaetano","Midfielder",2024,7,"Serie A","37.82","239","240",9,"5000000","Medium"
358008,"Gianluca Gaetano","Midfielder",2024,7,"Serie A","37.82","239","240",9,"5000000","Medium"
358008,"Gianluca Gaetano","Midfielder",2024,7,"Serie A","37.82","239","239",9,"5000000","Medium"
358008,"Gianluca Gaetano","Midfielder",2024,7,"Serie A","37.82","239","239",9,"5000000","Medium"
409517,"Yorbe Vertessen","Midfielder",2024,7,"Bundesliga","37.73","241","241",9,"5000000","Medium"
931838,"Hugo Larsson","Midfielder",2024,7,"Bundesliga","37.60","242","242",49,"28000000","High"
293200,"Nikola Vlašić","Midfielder",2024,7,"Serie A","37.56","243","243",41,"10000000","Medium"
340322,"Nathan Tella","Midfielder",2024,7,"Bundesliga","37.56","244","244",64,"23000000","High"
177847,"Adnan Januzaj","Midfielder",2024,7,"La Liga","37.46","245","246",3,"2000000","Low"
177847,"Adnan Januzaj","Midfielder",2024,7,"La Liga","37.46","245","245",3,"2000000","Low"
177847,"Adnan Januzaj","Midfielder",2024,7,"La Liga","37.46","245","246",3,"2000000","Low"
177847,"Adnan Januzaj","Midfielder",2024,7,"La Liga","37.46","245","245",3,"2000000","Low"
296397,"Arne Maier","Midfielder",2024,7,"Bundesliga","37.19","247","247",9,"5000000","Medium"
334526,"Denis Zakaria","Midfielder",2024,7,"Ligue 1","37.07","248","248",26,"25000000","High"
395695,"Elisha Owusu","Midfielder",2024,7,"Ligue 1","37.04","249","249",28,"2500000","Low"
410425,"Yves Bissouma","Midfielder",2024,7,"Premier League","36.87","250","251",22,"35000000","High"
412045,"Pol Lozano","Midfielder",2024,7,"La Liga","36.87","250","250",3,"2000000","Low"
192009,"Unai López","Midfielder",2024,7,"La Liga","36.87","252","252",23,"3000000","Low"
707242,"Badredine Bouanani","Midfielder",2024,7,"Ligue 1","36.55","253","253",9,"5000000","Medium"
798929,"Gvidas Gineitis","Midfielder",2024,7,"Serie A","36.55","254","254",3,"2000000","Low"
709969,"Ilias Akhomach","Midfielder",2024,7,"La Liga","36.45","255","255",5,"12000000","Medium"
377219,"Selim Amallah","Midfielder",2024,7,"La Liga","36.38","256","257",3,"2000000","Low"
181136,"Piotr Zieliński","Midfielder",2024,7,"Serie A","36.38","256","256",26,"25000000","High"
432090,"Nicolò Fagioli","Midfielder",2024,7,"Serie A","36.06","258","261",16,"15000000","Medium"
184894,"Alfred Duncan","Midfielder",2024,7,"Serie A","36.06","258","259",14,"4000000","Low"
517753,"Óscar Valentín","Midfielder",2024,7,"La Liga","36.06","258","258",14,"4000000","Low"
432090,"Nicolò Fagioli","Midfielder",2024,7,"Serie A","36.06","258","261",16,"15000000","Medium"
432090,"Nicolò Fagioli","Midfielder",2024,7,"Serie A","36.06","258","260",16,"15000000","Medium"
432090,"Nicolò Fagioli","Midfielder",2024,7,"Serie A","36.06","258","260",16,"15000000","Medium"
332697,"Weston McKennie","Midfielder",2024,7,"Serie A","35.28","262","262",26,"25000000","High"
361068,"Jurgen Ekkelenkamp","Midfielder",2024,7,"Serie A","35.26","263","263",52,"4500000","Low"
349503,"Conor Chaplin","Midfielder",2024,7,"Premier League","35.18","264","264",25,"7000000","Medium"
659516,"Warren Bondo","Midfielder",2024,7,"Serie A","34.96","265","265",28,"2500000","Low"
384060,"Tino Kadewere","Midfielder",2024,7,"Ligue 1","34.87","266","266",28,"2500000","Low"
401356,"Edson Álvarez","Midfielder",2024,7,"Premier League","34.82","267","267",22,"35000000","High"
196792,"Julian Weigl","Midfielder",2024,7,"Bundesliga","34.40","268","268",6,"6000000","Medium"
571607,"Fabio Miretti","Midfielder",2024,7,"Serie A","34.38","269","269",16,"15000000","Medium"
571607,"Fabio Miretti","Midfielder",2024,7,"Serie A","34.38","269","270",16,"15000000","Medium"
571607,"Fabio Miretti","Midfielder",2024,7,"Serie A","34.38","269","269",16,"15000000","Medium"
571607,"Fabio Miretti","Midfielder",2024,7,"Serie A","34.38","269","270",16,"15000000","Medium"
671915,"Enzo Barrenechea","Midfielder",2024,7,"La Liga","34.35","271","271",32,"7500000","Medium"
671915,"Enzo Barrenechea","Midfielder",2024,7,"La Liga","34.35","271","272",32,"7500000","Medium"
671915,"Enzo Barrenechea","Midfielder",2024,7,"La Liga","34.35","271","271",32,"7500000","Medium"
671915,"Enzo Barrenechea","Midfielder",2024,7,"La Liga","34.35","271","272",32,"7500000","Medium"
178313,"Jean-Eudes Aholou","Midfielder",2024,7,"Ligue 1","33.96","273","273",13,"1000000","Low"
166237,"Leandro Paredes","Midfielder",2024,7,"Serie A","33.86","274","274",20,"8000000","Medium"
470794,"Ivan Ilić","Midfielder",2024,7,"Serie A","33.52","275","275",10,"18000000","Medium"
466794,"Eric García","Midfielder",2024,7,"La Liga","32.54","276","276",11,"20000000","High"
503871,"Morten Frendrup","Midfielder",2024,7,"Serie A","32.10","277","277",16,"15000000","Medium"
867688,"Jack Hinshelwood","Midfielder",2024,7,"Premier League","31.88","278","278",37,"16000000","Medium"
397033,"Sandro Tonali","Midfielder",2024,7,"Premier League","31.78","279","279",93,"38000000","High"
268670,"Gerard Gumbau","Midfielder",2024,7,"La Liga","31.74","280","280",23,"3000000","Low"
268670,"Gerard Gumbau","Midfielder",2024,7,"La Liga","31.74","280","280",23,"3000000","Low"
268670,"Gerard Gumbau","Midfielder",2024,7,"La Liga","31.74","280","281",23,"3000000","Low"
268670,"Gerard Gumbau","Midfielder",2024,7,"La Liga","31.74","280","281",23,"3000000","Low"
433183,"Tommy Doyle","Midfielder",2024,7,"Premier League","31.61","282","282",41,"10000000","Medium"
671594,"Kamory Doumbia","Midfielder",2024,7,"Ligue 1","31.30","283","283",23,"3000000","Low"
641537,"Tommaso Baldanzi","Midfielder",2024,7,"Serie A","30.46","284","284",16,"15000000","Medium"
652275,"Hákon Arnar Haraldsson","Midfielder",2024,7,"Ligue 1","30.37","285","285",21,"9000000","Medium"
225873,"Karol Linetty","Midfielder",2024,7,"Serie A","30.20","286","286",33,"3500000","Low"
345590,"Jens Odgaard","Midfielder",2024,7,"Serie A","29.58","287","287",52,"4500000","Low"
651269,"Armin Gigovic","Midfielder",2024,7,"Bundesliga","29.54","288","288",3,"2000000","Low"
338668,"Senne Lynen","Midfielder",2024,7,"Bundesliga","29.46","289","289",9,"5000000","Medium"
447661,"Douglas Luiz","Midfielder",2024,7,"Serie A","29.17","290","290",31,"70000000","Elite"
226025,"Luca Mazzitelli","Midfielder",2024,7,"Serie A","28.66","291","291",14,"4000000","Low"
195736,"Florian Grillitsch","Midfielder",2024,7,"Bundesliga","28.02","292","293",38,"6500000","Medium"
195736,"Florian Grillitsch","Midfielder",2024,7,"Bundesliga","28.02","292","292",38,"6500000","Medium"
195736,"Florian Grillitsch","Midfielder",2024,7,"Bundesliga","28.02","292","292",38,"6500000","Medium"
195736,"Florian Grillitsch","Midfielder",2024,7,"Bundesliga","28.02","292","293",38,"6500000","Medium"
596153,"Justin Njinmah","Midfielder",2024,7,"Bundesliga","27.97","294","294",21,"9000000","Medium"
203496,"Nabil Fekir","Midfielder",2024,7,"La Liga","27.92","295","295",41,"10000000","Medium"
262980,"Jefferson Lerma","Midfielder",2024,7,"Premier League","27.75","296","296",11,"20000000","High"
406638,"Oliver Skipp","Midfielder",2024,7,"Premier League","27.56","297","297",16,"15000000","Medium"
123275,"Tom Cairney","Midfielder",2024,7,"Premier League","27.38","298","298",3,"2000000","Low"
386552,"Lassana Coulibaly","Midfielder",2024,7,"Serie A","27.33","299","299",33,"3500000","Low"
431811,"Ola Solbakken","Midfielder",2024,7,"Serie A","26.97","300","300",28,"2500000","Low"
625047,"Beñat Prados","Midfielder",2024,7,"La Liga","26.82","301","301",20,"8000000","Medium"
394300,"Davide Frattesi","Midfielder",2024,7,"Serie A","26.45","302","302",22,"35000000","High"
973703,"Brenner","Midfielder",2024,7,"Serie A","26.38","303","303",25,"7000000","Medium"
904662,"Louis Mouton","Midfielder",2024,7,"Ligue 1","26.33","304","304",27,"600000","Low"
624037,"Joris Chotard","Midfielder",2024,7,"Ligue 1","26.31","305","305",41,"10000000","Medium"
326330,"Frenkie de Jong","Midfielder",2024,7,"La Liga","26.21","306","306",31,"70000000","Elite"
334213,"Lukas Daschner","Midfielder",2024,7,"Bundesliga","26.16","307","307",74,"1200000","Low"
213670,"Lucas Torró","Midfielder",2024,7,"La Liga","25.89","308","308",6,"6000000","Medium"
783094,"Benjamin Bouchouari","Midfielder",2024,7,"Ligue 1","25.75","309","309",23,"3000000","Low"
692737,"Aljoscha Kemlein","Midfielder",2024,7,"Bundesliga","25.60","310","310",3,"2000000","Low"
633992,"Enzo Le Fée","Midfielder",2024,7,"Serie A","25.23","311","311",10,"18000000","Medium"
285323,"Baptiste Santamaria","Midfielder",2024,7,"Ligue 1","24.99","312","312",41,"10000000","Medium"
275249,"Niklas Schmidt","Midfielder",2024,7,"Ligue 1","24.69","313","313",23,"3000000","Low"
298635,"Grigoris Kastanos","Midfielder",2024,7,"Serie A","24.69","314","314",40,"1800000","Low"
579263,"Augustine Boakye","Midfielder",2024,7,"Ligue 1","24.57","315","315",28,"2500000","Low"
789252,"Bence Dárdai","Midfielder",2024,7,"Bundesliga","24.40","316","316",3,"2000000","Low"
474662,"Hugo Magnetti","Midfielder",2024,7,"Ligue 1","24.16","317","317",6,"6000000","Medium"
377393,"Pierre Lees-Melou","Midfielder",2024,7,"Ligue 1","23.99","318","318",41,"10000000","Medium"
165007,"Denis Suárez","Midfielder",2024,7,"La Liga","23.91","319","319",17,"1500000","Low"
458178,"Jack Taylor","Midfielder",2024,7,"Premier League","23.62","320","320",40,"1800000","Low"
439914,"John Yeboah","Midfielder",2024,7,"Serie A","23.55","321","321",17,"1500000","Low"
720038,"Pablo Torre","Midfielder",2024,7,"La Liga","23.42","322","322",23,"3000000","Low"
699442,"Kacper Urbanski","Midfielder",2024,7,"Serie A","23.35","323","323",14,"4000000","Low"
1097139,"Ayyoub Bouaddi","Midfielder",2024,7,"Ligue 1","23.28","324","324",6,"6000000","Medium"
405670,"Yannik Engelhardt","Midfielder",2024,7,"Serie A","23.15","325","325",80,"2800000","Low"
855256,"Alex Scott","Midfielder",2024,7,"Premier League","23.13","326","326",11,"20000000","High"
346707,"Sean Longstaff","Midfielder",2024,7,"Premier League","22.44","327","327",26,"25000000","High"
916920,"Shavy Babicka","Midfielder",2024,7,"Ligue 1","22.42","328","328",3,"2000000","Low"
1178474,"Amadou Koné","Midfielder",2024,7,"Ligue 1","22.30","329","329",29,"400000","Low"
332889,"Valentin Rongier","Midfielder",2024,7,"Ligue 1","22.20","330","330",16,"15000000","Medium"
816585,"Can Uzun","Midfielder",2024,7,"Bundesliga","22.00","331","331",5,"12000000","Medium"
1068110,"Rabby Nzingoula","Midfielder",2024,7,"Ligue 1","21.91","332","333",34,"200000","Low"
1068110,"Rabby Nzingoula","Midfielder",2024,7,"Ligue 1","21.91","332","332",34,"200000","Low"
1068110,"Rabby Nzingoula","Midfielder",2024,7,"Ligue 1","21.91","332","333",34,"200000","Low"
1068110,"Rabby Nzingoula","Midfielder",2024,7,"Ligue 1","21.91","332","332",34,"200000","Low"
834752,"Unai Gómez","Midfielder",2024,7,"La Liga","21.86","334","334",6,"6000000","Medium"
634431,"Beñat Turrientes","Midfielder",2024,7,"La Liga","21.54","335","335",5,"12000000","Medium"
785353,"Pablo Ibáñez","Midfielder",2024,7,"La Liga","21.39","336","336",28,"2500000","Low"
119277,"Yannick Gerhardt","Midfielder",2024,7,"Bundesliga","21.39","336","337",14,"4000000","Low"
497291,"Nicolás Domínguez","Midfielder",2024,7,"Premier League","21.05","338","338",45,"17000000","Medium"
632741,"Iker Losada","Midfielder",2024,7,"La Liga","20.66","339","339",17,"1500000","Low"
632741,"Iker Losada","Midfielder",2024,7,"La Liga","20.66","339","340",17,"1500000","Low"
632741,"Iker Losada","Midfielder",2024,7,"La Liga","20.66","339","340",17,"1500000","Low"
632741,"Iker Losada","Midfielder",2024,7,"La Liga","20.66","339","339",17,"1500000","Low"
745181,"Soungoutou Magassa","Midfielder",2024,7,"Ligue 1","20.54","341","341",20,"8000000","Medium"
800176,"André","Midfielder",2024,7,"Premier League","20.12","342","342",26,"25000000","High"
142031,"Omar Mascarell","Midfielder",2024,7,"La Liga","19.93","343","343",13,"1000000","Low"
308133,"Ado Onaiwu","Midfielder",2024,7,"Ligue 1","19.85","344","344",40,"1800000","Low"
1028162,"Antoine Joujou","Midfielder",2024,7,"Ligue 1","18.48","345","346",74,"1200000","Low"
1028162,"Antoine Joujou","Midfielder",2024,7,"Ligue 1","18.48","345","347",74,"1200000","Low"
1028162,"Antoine Joujou","Midfielder",2024,7,"Ligue 1","18.48","345","346",74,"1200000","Low"
1028162,"Antoine Joujou","Midfielder",2024,7,"Ligue 1","18.48","345","345",74,"1200000","Low"
1028162,"Antoine Joujou","Midfielder",2024,7,"Ligue 1","18.48","345","347",74,"1200000","Low"
1028162,"Antoine Joujou","Midfielder",2024,7,"Ligue 1","18.48","345","346",74,"1200000","Low"
1028162,"Antoine Joujou","Midfielder",2024,7,"Ligue 1","18.48","345","345",74,"1200000","Low"
1028162,"Antoine Joujou","Midfielder",2024,7,"Ligue 1","18.48","345","345",74,"1200000","Low"
1028162,"Antoine Joujou","Midfielder",2024,7,"Ligue 1","18.48","345","347",74,"1200000","Low"
691482,"Jacopo Fazzini","Midfielder",2024,7,"Serie A","18.46","348","348",6,"6000000","Medium"
488362,"Conor Gallagher","Midfielder",2024,7,"La Liga","18.39","349","349",113,"48000000","High"
485706,"Amadou Onana","Midfielder",2024,7,"Premier League","18.39","349","350",8,"50000000","High"
329373,"Carlo Boukhalfa","Midfielder",2024,7,"Bundesliga","18.09","351","351",29,"400000","Low"
93844,"Leonardo Bittencourt","Midfielder",2024,7,"Bundesliga","17.07","352","352",28,"2500000","Low"
308279,"Rolando Mandragora","Midfielder",2024,7,"Serie A","16.58","353","353",57,"8500000","Medium"
660867,"Julio Enciso","Midfielder",2024,7,"Premier League","16.41","354","354",42,"22000000","High"
449151,"Junior Messias","Midfielder",2024,7,"Serie A","15.62","355","355",28,"2500000","Low"
279570,"Daler Kuzyaev","Midfielder",2024,7,"Ligue 1","15.33","356","356",21,"9000000","Medium"
261905,"Suat Serdar","Midfielder",2024,7,"Serie A","15.31","357","357",9,"5000000","Medium"
127142,"Jonas Martin","Midfielder",2024,7,"Ligue 1","14.96","358","358",13,"1000000","Low"
388409,"Philipp Sander","Midfielder",2024,7,"Bundesliga","14.96","358","359",3,"2000000","Low"
409153,"Teddy Teuma","Midfielder",2024,7,"Ligue 1","14.74","360","360",25,"7000000","Medium"
617021,"Ben Old","Midfielder",2024,7,"Ligue 1","13.91","361","361",46,"250000","Low"
893675,"Amir Richardson","Midfielder",2024,7,"Serie A","13.69","362","362",6,"6000000","Medium"
351749,"Kalvin Phillips","Midfielder",2024,7,"Premier League","13.50","363","363",26,"25000000","High"
351749,"Kalvin Phillips","Midfielder",2024,7,"Premier League","13.50","363","363",26,"25000000","High"
351749,"Kalvin Phillips","Midfielder",2024,7,"Premier League","13.50","363","364",26,"25000000","High"
351749,"Kalvin Phillips","Midfielder",2024,7,"Premier League","13.50","363","364",26,"25000000","High"
807688,"Yassin Belkhdim","Midfielder",2024,7,"Ligue 1","13.18","365","365",1,"100000","Low"
197473,"Alberto Grassi","Midfielder",2024,7,"Serie A","13.11","366","366",40,"1800000","Low"
667517,"Jordan James","Midfielder",2024,7,"Ligue 1","12.67","367","367",52,"4500000","Low"
782630,"Khalil Fayad","Midfielder",2024,7,"Ligue 1","12.52","368","368",9,"5000000","Medium"
295060,"Koji Miyoshi","Midfielder",2024,7,"Bundesliga","12.44","369","369",3,"2000000","Low"
342385,"Guido Rodríguez","Midfielder",2024,7,"Premier League","12.22","370","370",11,"20000000","High"
222859,"Florent Mollet","Midfielder",2024,7,"Ligue 1","12.08","371","371",40,"1800000","Low"
846310,"Oscar Højlund","Midfielder",2024,7,"Bundesliga","11.56","372","372",71,"700000","Low"
332705,"Tyler Adams","Midfielder",2024,7,"Premier League","11.34","373","373",16,"15000000","Medium"
392538,"Tommaso Pobega","Midfielder",2024,7,"Serie A","11.10","374","374",41,"10000000","Medium"
1063553,"Pau Cabanes","Midfielder",2024,7,"La Liga","10.68","375","375",44,"300000","Low"
1063553,"Pau Cabanes","Midfielder",2024,7,"La Liga","10.68","375","376",44,"300000","Low"
1063553,"Pau Cabanes","Midfielder",2024,7,"La Liga","10.68","375","376",44,"300000","Low"
1063553,"Pau Cabanes","Midfielder",2024,7,"La Liga","10.68","375","375",44,"300000","Low"
747009,"Justin Devenny","Midfielder",2024,7,"Premier League","9.95","377","377",58,"150000","Low"
251845,"Sergi Canós","Midfielder",2024,7,"La Liga","9.88","378","378",28,"2500000","Low"
316575,"Moritz-Broni Kwarteng","Midfielder",2024,7,"Bundesliga","9.68","379","379",74,"1200000","Low"
340459,"Dani de Wit","Midfielder",2024,7,"Bundesliga","9.58","380","380",9,"5000000","Medium"
381187,"Emmanuel Sabbi","Midfielder",2024,7,"Ligue 1","9.44","381","381",74,"1200000","Low"
903693,"Senny Mayulu","Midfielder",2024,7,"Ligue 1","9.17","382","382",13,"1000000","Low"
207877,"Ruslan Malinovskyi","Midfielder",2024,7,"Serie A","9.00","383","383",20,"8000000","Medium"
74230,"Pablo Sarabia","Midfielder",2024,7,"Premier League","7.78","384","384",41,"10000000","Medium"
901019,"Neil El Aynaoui","Midfielder",2024,7,"Ligue 1","7.75","385","385",20,"8000000","Medium"
257455,"João Palhinha","Midfielder",2024,7,"Bundesliga","7.53","386","386",54,"55000000","High"
227085,"Jonas Hofmann","Midfielder",2024,7,"Bundesliga","7.46","387","387",41,"10000000","Medium"
100131,"William Carvalho","Midfielder",2024,7,"La Liga","7.31","388","388",9,"5000000","Medium"
633668,"Giovanni Fabbian","Midfielder",2024,7,"Serie A","7.24","389","389",5,"12000000","Medium"
99343,"Ander Herrera","Midfielder",2024,7,"La Liga","6.87","390","390",3,"2000000","Low"
718312,"Hamzat Ojediran","Midfielder",2024,7,"Ligue 1","6.21","391","391",29,"400000","Low"
1255616,"Alberto Risco","Midfielder",2024,7,"La Liga","6.14","392","392",34,"200000","Low"
522223,"Connor Metcalfe","Midfielder",2024,7,"Bundesliga","5.60","393","393",28,"2500000","Low"
223725,"Munir El Haddadi","Midfielder",2024,7,"La Liga","5.13","394","394",28,"2500000","Low"
614742,"Drissa Camara","Midfielder",2024,7,"Serie A","4.79","395","395",74,"1200000","Low"
247555,"Edimilson Fernandes","Midfielder",2024,7,"Ligue 1","4.30","396","396",52,"4500000","Low"
251309,"Dennis Geiger","Midfielder",2024,7,"Bundesliga","4.18","397","397",23,"3000000","Low"
710004,"Peter Federico","Midfielder",2024,7,"La Liga","4.16","398","398",23,"3000000","Low"
495629,"Hugo Guillamón","Midfielder",2024,7,"La Liga","4.11","399","399",20,"8000000","Medium"
428563,"Lewis Ferguson","Midfielder",2024,7,"Serie A","3.52","400","400",75,"24000000","High"
225593,"Pere Milla","Midfielder",2024,7,"La Liga","3.30","401","401",112,"2400000","Low"
284854,"Carles Aleñá","Midfielder",2024,7,"La Liga","3.06","402","402",23,"3000000","Low"
342039,"Yannik Keitel","Midfielder",2024,7,"Bundesliga","2.62","403","403",9,"5000000","Medium"
809498,"Luca Kerber","Midfielder",2024,7,"Bundesliga","1.44","404","404",30,"800000","Low"
387106,"Lovro Majer","Midfielder",2024,7,"Bundesliga","1.15","405","405",11,"20000000","High"
353948,"Lucas Tousart","Midfielder",2024,7,"Bundesliga","1.03","406","406",25,"7000000","Medium"
331496,"Valery Fernández","Midfielder",2024,7,"La Liga","0.78","407","407",28,"2500000","Low"
903666,"Ethan Mbappé","Midfielder",2024,7,"Ligue 1","0.56","408","408",17,"1500000","Low"
266359,"Benjamin Bourigeaud","Midfielder",2024,7,"Ligue 1","0.37","409","409",10,"18000000","Medium"
944570,"Vasilije Adžić","Midfielder",2024,7,"Serie A","0.00","410","410",27,"600000","Low"
